project_id,undirected_degree,undirected_strength,local_clustering,betweenness_brokerage,community_id
60246359,359,1086.0,0.0023653537915687,0.1096373169591043,4
17165658,310,2234.0,0.0039252531579496,0.0886340077644546,1
16563587,272,4257.0,0.0032287822878228,0.0842274793286782,8
453068084,317,2037.0,0.0029948488599608,0.0804659114150379,0
334274271,307,43595.0,0.0016393093610951,0.0777487501116901,7
138754790,219,635.0,0.0033932386577855,0.0705281343008402,5
11225014,233,1734.0,0.0031078881160278,0.0659636248892833,2
358917318,181,1449.0,0.0100675260896255,0.0650177047118388,0
166515022,186,1640.0,0.0097646033129904,0.0512257738026529,1
197814629,34,692.0,0.0338680926916221,0.050823504894052,3
6838921,188,1708.0,0.0066560473318921,0.0486127266213579,2
507775,157,2068.0,0.0067777233382328,0.0482324221730542,6
6934395,66,775.0,0.02004662004662,0.0414961549295338,1
156018,110,390.0,0.0035029190992493,0.0395378525622872,5
41986369,145,1354.0,0.0081417624521072,0.0385568171682258,2
190416463,24,96.0,0.0507246376811594,0.0355564775399719,8
388946490,121,4748.0,0.0111570247933884,0.0339414590601386,1
268163609,179,5015.0,0.0043939489046513,0.0339220192406769,0
351806852,138,1802.0,0.0009520787051729,0.0327402862246761,9
302827809,127,418.0,0.0104986876640419,0.0318314658044021,0
422821402,100,983.0,0.0024242424242424,0.0312805612545208,2
114619105,131,652.0,0.0098649442160892,0.0305668826741803,1
150954997,119,627.0,0.0116792479703745,0.030118762910946,2
619008516,42,49.0,0.0348432055749128,0.0282046011449365,4
480217156,114,372.0,0.0125756870051234,0.0272601873117532,0
52855516,21,45.0,0.0714285714285714,0.0266391542391037,19
49876476,118,240.0,0.0,0.0257410600469908,11
208728772,117,437.0,0.0042735042735042,0.0254942984992202,17
130688011,115,4192.0,0.005949656750572,0.0251532815450725,16
19961085,125,314.0,0.0074838709677419,0.0250462029523717,3
385634291,123,3721.0,0.0070638411302145,0.0246743295487295,2
3786237,142,5017.0,0.0033962641094795,0.0235364961608042,3
23096959,32,440.0,0.0826612903225806,0.02337067228861,8
51905353,28,201.0,0.1269841269841269,0.0233092107347572,8
11695619,91,1136.0,0.0,0.0224867469907278,3
5349565,71,1047.0,0.0229376257545271,0.0217568166803389,1
6358188,118,392.0,0.0040562074460379,0.021696269456499,3
11008207,95,2380.0,0.0035834266517357,0.0215403960420516,13
20587599,90,322.0,0.0157303370786516,0.0214308195902986,1
23357588,21,550.0,0.0761904761904762,0.0209088633460668,3
927442,21,2200.0,0.0904761904761904,0.0204450762899317,10
7437073,78,486.0,0.0,0.0200640183460862,3
546206616,86,767.0,0.0027359781121751,0.019922383921345,12
911980,79,660.0,0.0,0.0196054645144635,4
20300177,32,244.0,0.0725806451612903,0.0196028733770714,3
75425073,69,839.0,0.000852514919011,0.0194895312549156,1
105944401,95,268.0,0.012094064949608,0.01872940184456,10
9342529,62,889.0,0.0195663670015864,0.0173947657586309,6
724712,25,125.0,0.1233333333333333,0.0173863785217707,9
30449481,80,1850.0,0.0085443037974683,0.0173595073693043,14
198683574,57,344.0,0.0081453634085213,0.0172517853573193,2
660776503,83,135.0,0.0044078754040552,0.0154605173653554,9
7691631,14,23.0,0.1098901098901098,0.0154514123686522,13
33745913,34,74.0,0.0089126559714795,0.0152984333626373,3
357707809,116,2076.0,0.0091454272863568,0.0152172771981481,0
206417,47,165.0,0.0,0.014753394837734,15
341631350,95,680.0,0.0087346024636058,0.0147411271835247,6
13124802,68,166.0,0.0127304653204565,0.0136585498169445,0
86868560,43,355.0,0.0,0.0135927326728531,18
206444,57,211.0,0.037593984962406,0.0135029447943131,1
95614931,58,1676.0,0.0,0.013480014556427,21
510607652,54,103.0,0.0013976240391334,0.0133916369055736,5
1050944,46,97.0,0.0019323671497584,0.0133399633899867,3
44781140,51,210.0,0.0047058823529411,0.0131726412944349,10
99919302,71,182.0,0.0221327967806841,0.013139013465235,8
49412556,52,266.0,0.0158371040723981,0.0130385414470359,0
48833910,71,585.0,0.0185110663983903,0.0127525018363901,2
496817075,101,2029.0,0.0085148514851485,0.0123875561403248,0
1362490,15,154.0,0.0476190476190476,0.0121397292508842,15
18260583,18,85.0,0.0326797385620915,0.0120847090194897,1
77385607,88,2978.0,0.0065308254963427,0.0120466848011482,3
84240850,33,676.0,0.0075757575757575,0.0120145540186485,10
125824259,41,100.0,0.0048780487804878,0.0118919663598689,5
339993112,47,194.0,0.0046253469010175,0.0118797405023852,22
90541149,32,40.0,0.0604838709677419,0.0116973263541499,4
79317191,49,88.0,0.0017006802721088,0.0113693982997633,20
2649214,43,180.0,0.0,0.0113586020269156,1
184286875,11,44.0,0.109090909090909,0.0112370337626675,16
270858421,11,15.0,0.0,0.0108424762838487,12
298763623,40,111.0,0.0064102564102564,0.0107953750763569,5
27522271,27,639.0,0.0626780626780626,0.0107636073824187,13
94593596,39,288.0,0.0377867746288798,0.010541367038801,2
359952601,14,37.0,0.0989010989010989,0.0103619295842419,10
31315021,37,1858.0,0.0,0.0102109295891096,15
192625955,16,81.0,0.0333333333333333,0.0102064273763061,2
187269923,2,5.0,0.0,0.0100097280496133,30
396856161,66,414.0,0.0065268065268065,0.0099731952159836,2
4463453,19,312.0,0.0175438596491228,0.0096134386550365,0
34533675,60,128.0,0.0073446327683615,0.0094588470926353,1
95817032,42,178.0,0.0,0.0091908426754374,23
6650539,31,48.0,0.0021505376344086,0.0091597131782682,5
182849188,39,241.0,0.0472334682860998,0.0089860465335647,1
542714,50,141.0,0.0040816326530612,0.0087787827564095,14
189476904,10,271.0,0.0444444444444444,0.0087212492873865,16
160999,28,64.0,0.0238095238095238,0.008712145642995,3
41349039,39,1360.0,0.0161943319838056,0.0085667582242334,13
29759715,16,38.0,0.0916666666666666,0.0083023221551846,4
206424,33,61.0,0.0075757575757575,0.0082273697870632,25
60377070,59,1589.0,0.0011689070718877,0.0082231528650115,19
1064563,25,869.0,0.07,0.0079255042965443,3
305513242,13,117.0,0.0,0.0078688212037874,30
31792824,10,21.0,0.1111111111111111,0.007618772023737,6
75821432,19,51.0,0.1695906432748538,0.0076147049959566,4
613723,15,28.0,0.0095238095238095,0.0075021978289603,27
81598961,15,28.0,0.1142857142857142,0.0070656205067784,5
543276238,26,39.0,0.0,0.00705437639303,5
3678731,10,409.0,0.0222222222222222,0.006879965575512,1
146459443,23,61.0,0.0,0.0068485293061164,12
20580498,11,58.0,0.1272727272727272,0.0064601237700556,2
198466472,23,106.0,0.0,0.0064195353499512,0
346976717,40,1980.0,0.0102564102564102,0.0063145301125292,21
2410676,13,192.0,0.0256410256410256,0.0063137305453473,0
5844474,23,160.0,0.0,0.0062958948191417,0
24494032,21,65.0,0.0476190476190476,0.0062377182062525,11
2524488,39,192.0,0.0094466936572199,0.0061637666208027,3
2045207,23,392.0,0.0395256916996047,0.0061066828440129,3
192625525,12,461.0,0.0909090909090909,0.0060917807861588,0
60075331,8,34.0,0.0,0.0060776964952104,1
551374215,16,24.0,0.0583333333333333,0.0057834677714069,4
80087836,21,122.0,0.0333333333333333,0.0056815190216069,13
49670957,19,31.0,0.0,0.0056645716411145,6
19816070,30,76.0,0.0,0.005635235331257,11
520096046,15,30.0,0.0,0.0055797915325411,6
349627612,12,14.0,0.0151515151515151,0.0055634706189975,9
27729880,11,29.0,0.1636363636363636,0.0055132970897091,2
48617634,23,37.0,0.0,0.0054454728215729,29
168712350,13,29.0,0.0512820512820512,0.005286874581929,5
141376301,26,88.0,0.0246153846153846,0.0052813582566086,15
31006158,8,13.0,0.0,0.005277391639715,6
27729907,18,520.0,0.065359477124183,0.0052758512182585,2
20089857,25,280.0,0.0333333333333333,0.0052177694782077,9
449924556,12,487.0,0.0151515151515151,0.0051508789831334,20
24560307,16,90.0,0.0416666666666666,0.0051241558448436,0
150013328,22,41.0,0.0129870129870129,0.0050556456787909,4
19257422,41,463.0,0.0134146341463414,0.0049766009256412,19
456549280,24,42.0,0.0543478260869565,0.0049465963606493,4
23247808,30,66.0,0.0022988505747126,0.0048990292793507,13
148087762,21,1933.0,0.0,0.0048770695348038,28
114187903,37,147.0,0.045045045045045,0.0048667908529863,9
27522241,19,210.0,0.0467836257309941,0.0047519427359984,2
372536760,38,48.0,0.0597439544807965,0.0047161136951778,4
607441698,25,86.0,0.0033333333333333,0.0046884080309144,12
5695907,20,237.0,0.0526315789473684,0.00458086444378,3
7083240,8,16.0,0.1785714285714285,0.0045013032244977,14
664452562,12,29.0,0.0151515151515151,0.0044513455359838,8
12499251,11,69.0,0.1272727272727272,0.0043045494388577,0
420965027,23,45.0,0.0553359683794466,0.0043026873837196,0
196353673,20,46.0,0.0,0.0042872496368298,3
276293034,28,76.0,0.0052910052910052,0.0042510704972348,5
50874442,26,2119.0,0.0,0.0042212442776903,10
210716005,7,111.0,0.0,0.0042147378042945,14
574694308,16,48.0,0.0,0.0041893367223057,26
16189524,39,317.0,0.0,0.004165345489123,3
158975124,42,307.0,0.0,0.0040323969237982,3
396867188,54,727.0,0.0090845562543675,0.0040020594791086,3
196057608,14,55.0,0.0769230769230769,0.0039633335047665,14
65600975,5,8.0,0.1,0.0039348923355769,6
3370128,9,157.0,0.0555555555555555,0.0038519819966786,3
93163073,8,34.0,0.0714285714285714,0.0037936624405602,13
13310527,11,76.0,0.1636363636363636,0.0037180684123031,8
510375115,40,572.0,0.0423076923076923,0.0037165742302201,0
200437066,5,24.0,0.1,0.0037076543137812,7
606433492,38,79.0,0.0625889046941678,0.003567020170127,4
3788366,11,18.0,0.0,0.0035662951328005,6
56128733,17,34.0,0.0441176470588235,0.0035563644973193,1
20929025,4,36.0,0.0,0.0034987396542343,8
220186120,45,542.0,0.0,0.0034680974939102,2
176278485,8,15.0,0.0357142857142857,0.0034337630098336,18
791522,11,30.0,0.0181818181818181,0.0034096969920694,27
287743349,10,435.0,0.0444444444444444,0.0033527167623739,3
23405758,11,13.0,0.0545454545454545,0.0033415675208924,6
215566462,9,66.0,0.0833333333333333,0.0033340497806139,2
644742603,10,38.0,0.0222222222222222,0.0032530988513384,10
133442384,2,3.0,0.0,0.0032509020838332,33
462329984,13,559.0,0.0641025641025641,0.00323195070145,1
25780780,27,240.0,0.0,0.0032073739190832,24
20675635,11,46.0,0.3272727272727272,0.003201229022997,1
6452529,10,16.0,0.0,0.0031330544688538,19
4604367,13,188.0,0.0,0.0031045265449621,3
266444815,8,11.0,0.0,0.0030965007106074,33
310611,10,53.0,0.2,0.0030942525320514,3
23641816,6,13.0,0.0666666666666666,0.003082382437468,4
13078968,11,42.0,0.0363636363636363,0.0030707853311368,3
52300938,7,12.0,0.0952380952380952,0.0030192355828628,5
507829396,11,31.0,0.0363636363636363,0.0029908167466845,2
714074,18,51.0,0.0,0.0029436073783134,24
28233924,6,35.0,0.1333333333333333,0.0029092453959519,2
44662669,7,19.0,0.238095238095238,0.0028376111960165,5
46234189,4,43.0,0.1666666666666666,0.0027946900784728,31
184463891,7,11.0,0.0476190476190476,0.0027818138102456,1
68312233,3,51.0,0.0,0.0027801856369403,18
63809205,7,17.0,0.0,0.0027787411454841,6
1917262,22,140.0,0.0043290043290043,0.0027624238099815,18
149121954,11,43.0,0.2545454545454545,0.0027611941192051,6
11061773,6,229.0,0.0,0.0026938432601501,14
67836789,14,680.0,0.1318681318681318,0.0026268135533476,0
511030127,5,13.0,0.0,0.0026267062884143,1
36439741,6,6.0,0.0,0.002568560200031,12
79901405,5,11.0,0.0,0.0025346290425033,6
9120526,7,102.0,0.0952380952380952,0.0024977818795915,8
316690542,4,6.0,0.0,0.0024701081476832,4
432844875,4,8.0,0.0,0.0024701081476832,9
23088740,8,159.0,0.0357142857142857,0.0024604182496714,1
3037907,10,49.0,0.0888888888888888,0.0024269375274358,3
679889516,17,79.0,0.0,0.0024028801682625,12
27729926,11,340.0,0.1272727272727272,0.002386985239252,3
14173176,4,26.0,0.0,0.0023423724299611,1
204033634,5,15.0,0.1,0.0023414242573726,8
441299511,6,8.0,0.0,0.0023145476590765,0
91593042,3,4.0,0.0,0.0023135100069522,31
81227005,7,7.0,0.0476190476190476,0.0022746879563948,12
295544240,10,60.0,0.0888888888888888,0.0022621524570134,0
27576132,10,1026.0,0.1555555555555555,0.0022455073410868,2
200299178,7,95.0,0.1428571428571428,0.0022418414182603,2
257485422,7,154.0,0.0,0.002203436443996,13
288487894,10,380.0,0.0666666666666666,0.00220289813938,16
54005538,15,25.0,0.019047619047619,0.0021795506421535,4
186332888,8,26.0,0.0,0.0021764034219181,2
52034309,6,98.0,0.0666666666666666,0.0021431230312301,2
259445878,9,307.0,0.1111111111111111,0.0020836556077953,2
581145740,22,242.0,0.0303030303030303,0.0020812815915983,4
288485773,9,305.0,0.1111111111111111,0.0020710244318014,16
678214856,30,137.0,0.0436781609195402,0.0020393853961454,4
4524181,7,604.0,0.0952380952380952,0.0020229934724607,1
184981,16,28.0,0.0,0.0019707322482321,2
574588439,18,50.0,0.065359477124183,0.0019480656440663,4
84458512,14,79.0,0.0329670329670329,0.0019453353846861,3
23315232,14,19.0,0.0,0.0018856533088371,20
27522295,13,179.0,0.0641025641025641,0.0018775545612201,14
7823926,15,204.0,0.1142857142857142,0.0018439354240745,2
1357199,12,64.0,0.0454545454545454,0.0018379517523038,0
518164214,9,9.0,0.2222222222222222,0.0018282521241206,4
260749683,6,11.0,0.0666666666666666,0.0018185108905876,0
574877,8,74.0,0.2142857142857142,0.0018139111480057,3
639434928,13,95.0,0.0,0.0017938209641459,14
6247705,10,119.0,0.1777777777777777,0.0017849464147234,14
501687,9,58.0,0.2222222222222222,0.0017568529087055,6
27522282,13,117.0,0.0641025641025641,0.0017431000696541,2
39468142,7,91.0,0.1904761904761904,0.0017222578831554,19
4407129,10,33.0,0.0666666666666666,0.001714788707514,4
35440404,6,48.0,0.1333333333333333,0.0016775013021133,1
192626254,7,32.0,0.0476190476190476,0.0016679760331096,0
205262760,5,13.0,0.1,0.0016439278790278,2
196414933,6,157.0,0.3333333333333333,0.0016284288543303,2
2211243,6,12.0,0.0666666666666666,0.0016268613724686,4
13655949,5,17.0,0.0,0.0016251353297858,4
21193524,9,63.0,0.1111111111111111,0.0015904005941448,1
209881172,2,11.0,0.0,0.0015491917928706,6
35144191,7,41.0,0.5238095238095238,0.0015033106736371,1
358917250,11,726.0,0.2181818181818181,0.0014929553698969,0
158256479,9,182.0,0.4444444444444444,0.0014617961534042,1
17381605,3,5.0,0.0,0.0014522679382575,27
50647838,13,21.0,0.0128205128205128,0.0014407401001116,4
2325298,8,10.0,0.2142857142857142,0.0014365898900326,4
23086893,7,20.0,0.0952380952380952,0.0013710459969808,4
13404515,6,9.0,0.1333333333333333,0.00136898395908,3
33440467,2,5.0,0.0,0.001366840008307,1
187943341,4,23.0,0.1666666666666666,0.0013332100020113,8
197176365,5,44.0,0.0,0.0013330759865165,0
192624594,10,160.0,0.1111111111111111,0.0013239121411419,2
661663226,12,294.0,0.0303030303030303,0.0013128272650642,26
241092383,7,425.0,0.1904761904761904,0.0012877656278671,16
96431386,5,17.0,0.1,0.0012832963145019,12
92329433,10,16.0,0.0,0.0012786271006285,18
997338,8,161.0,0.0357142857142857,0.001268263800792,15
1374129,12,24.0,0.0,0.0012675352997125,3
7502247,11,16.0,0.0,0.0012646470434628,11
528766495,12,29.0,0.0151515151515151,0.0012630602032614,15
258933250,8,85.0,0.4285714285714285,0.0012524684793282,0
55072677,10,28.0,0.0222222222222222,0.001249312214804,13
45721011,5,27.0,0.3,0.0012345550007209,0
2604249,11,51.0,0.2909090909090909,0.0012331596619186,6
283325,10,99.0,0.0,0.0012317437076625,3
605020435,3,6.0,0.0,0.001231090720005,4
95247959,5,34.0,0.2,0.0012293840066349,3
195895847,9,13.0,0.0,0.0011995739607674,6
20675636,7,35.0,0.3333333333333333,0.001188165709673,1
47973088,15,48.0,0.0666666666666666,0.0011847546459301,3
302322,4,19.0,0.5,0.0011841341966315,6
34685800,7,86.0,0.0952380952380952,0.0011777018990872,3
252650176,7,26.0,0.1904761904761904,0.0011762218257476,8
569041,4,57.0,0.1666666666666666,0.0011751939218008,4
195619075,12,2493.0,0.0,0.0011612273313244,31
2755696,5,17.0,0.1,0.0011401006587413,12
56894212,5,5.0,0.2,0.0011368464433623,5
344711168,11,733.0,0.0,0.0011235240593754,2
263727855,3,9.0,0.3333333333333333,0.001122345627241,0
15500883,8,163.0,0.0357142857142857,0.0011210350938252,0
7083242,4,12.0,0.0,0.0011080107053633,2
137869753,9,20.0,0.0,0.0011017112374018,0
534354967,9,65.0,0.1388888888888889,0.0010906365598818,0
159271175,5,107.0,0.0,0.0010867515694896,15
4950187,11,153.0,0.0181818181818181,0.0010757514036914,3
1148753,9,38.0,0.0277777777777777,0.001058905461161,3
442441933,12,186.0,0.0303030303030303,0.0010460476056522,0
23418517,10,42.0,0.3777777777777777,0.0010321147616684,1
2606873,7,44.0,0.0,0.0010221588295687,0
363150,4,79.0,0.0,0.0010054586077437,3
206459,6,11.0,0.2666666666666666,0.0009747675177905,0
35700771,6,131.0,0.0666666666666666,0.0009626385282703,1
2544305,7,60.0,0.0476190476190476,0.0009595576722143,7
177210627,4,24.0,0.0,0.0009589785051196,16
50140860,4,37.0,0.0,0.0009488037149304,3
299510783,4,8.0,0.1666666666666666,0.0009466883460094,0
22475123,8,8.0,0.0,0.0009431263964594,5
32741886,5,31.0,0.0,0.0009394313105093,13
63749548,3,3.0,0.0,0.0009195423183041,11
84517704,8,133.0,0.1428571428571428,0.0009125836188134,16
32538871,9,124.0,0.1111111111111111,0.0008991255597975,3
305438763,3,7.0,0.0,0.0008949925279562,5
242202166,8,194.0,0.1071428571428571,0.0008849114672089,2
302670797,5,11.0,0.0,0.0008532300941204,8
473235285,12,36.0,0.0454545454545454,0.0008468362973386,14
55185530,3,3.0,0.0,0.0008462178237608,4
32873313,4,6.0,0.1666666666666666,0.0008388116604527,5
393235957,7,8.0,0.1428571428571428,0.0008319966159652,0
108110,7,21.0,0.0,0.0008304539100661,9
354090893,3,2043.0,0.3333333333333333,0.0008233092978768,7
832680,11,444.0,0.0545454545454545,0.0008187643966468,3
513542067,8,12.0,0.1071428571428571,0.0008079357482183,9
2883574,3,5.0,0.0,0.0008029393271523,0
15045751,6,6.0,0.0666666666666666,0.0007977824992645,17
177139928,6,34.0,0.1333333333333333,0.0007908123716639,0
39464018,4,8.0,0.3333333333333333,0.0007881859762501,1
4254338,7,28.0,0.0,0.0007847736341041,6
151619717,3,3.0,0.0,0.000784642286762,12
18351848,6,6.0,0.0,0.0007845598233017,1
87414843,6,7.0,0.0,0.0007845598233017,4
501159254,2,2.0,0.0,0.0007845598233017,32
10637896,8,129.0,0.1428571428571428,0.0007770954479616,3
180687624,3,3.0,0.0,0.0007738296203098,5
3038937,6,23.0,0.3333333333333333,0.0007613123894737,1
146327667,6,7.0,0.2,0.0007511617169627,0
27954927,7,61.0,0.0476190476190476,0.000742732161358,3
22684655,4,24.0,0.0,0.0007352521446729,21
106310,6,49.0,0.2,0.0007318882629871,0
205564111,5,610.0,0.0,0.0007309105235502,28
57912964,3,13.0,0.0,0.0007281231928838,2
10746583,6,58.0,0.2666666666666666,0.0007250286937817,1
2888818,10,94.0,0.1777777777777777,0.0007122447289902,1
552661142,5,27.0,0.0,0.0007097361676867,12
29102367,8,188.0,0.0714285714285714,0.000708257291597,3
58707550,5,36.0,0.3,0.0006906947888278,9
96004375,4,53.0,0.0,0.0006859067050598,2
22711503,9,10.0,0.1111111111111111,0.0006810916776017,4
1303538,2,3.0,0.0,0.0006700248504811,5
206371,7,134.0,0.0952380952380952,0.0006665969450571,3
5683653,10,23.0,0.0888888888888888,0.0006654402735808,3
17224514,6,16.0,0.0,0.000653681158557,11
192958794,2,2.0,0.0,0.0006515345327149,15
91715647,6,24.0,0.0,0.0006431478856342,15
49401416,7,23.0,0.0,0.0006427895438353,0
283187,8,41.0,0.1428571428571428,0.0006425232750382,3
607289185,3,3.0,0.0,0.0006378578136355,20
18765044,5,52.0,0.3,0.0006356112345706,2
680247452,4,24.0,0.1666666666666666,0.0006304476318084,10
9074548,6,9.0,0.0,0.0006282579496193,3
276042304,7,18.0,0.0,0.0006279407937914,0
30618733,3,4.0,0.0,0.0006276921524735,1
496505424,5,7.0,0.0,0.0006276478586414,32
132145189,7,98.0,0.3333333333333333,0.0006245372192588,2
478288303,12,86.0,0.0,0.0006177982629506,0
11939484,6,145.0,0.0,0.0006166373657078,9
37326770,8,128.0,0.1785714285714285,0.0006144736077834,2
26850443,6,18.0,0.3333333333333333,0.0006089855552667,16
6207167,12,1110.0,0.0303030303030303,0.0006011352145987,3
192925833,4,13.0,0.1666666666666666,0.0005919886474502,8
95098170,3,13.0,0.3333333333333333,0.0005812446704264,2
18210201,5,161.0,0.2,0.0005771601629969,0
113678112,9,47.0,0.0,0.0005754936963669,3
28710753,4,26.0,0.5,0.0005672652636911,15
35698342,6,34.0,0.1333333333333333,0.0005672122883692,3
1625986,3,4.0,0.3333333333333333,0.0005654867737082,3
165536154,3,19.0,0.0,0.0005651391975996,14
172750723,4,17.0,0.1666666666666666,0.0005650940774334,7
6296790,7,40.0,0.0,0.0005628926963019,3
113678408,11,235.0,0.0181818181818181,0.0005625847843245,3
307213173,4,15.0,0.0,0.0005567188884725,12
87859908,5,40.0,0.0,0.0005544520672444,3
105088940,3,1054.0,0.3333333333333333,0.0005515746900836,6
61153677,12,44.0,0.0757575757575757,0.0005465185698744,13
22938893,3,30.0,0.0,0.0005412184327877,8
29261473,4,10.0,0.1666666666666666,0.0005403873204371,4
39840932,5,74.0,0.2,0.0005377002095629,17
4542716,4,5.0,0.0,0.0005375252947173,0
163883279,3,3.0,0.0,0.0005365871477674,9
3060959,8,398.0,0.0357142857142857,0.0005334296114511,13
125266328,3,190.0,0.0,0.0005287536165026,15
560704231,4,4.0,0.0,0.0005280912967812,12
25777459,4,100.0,0.0,0.0005240317040928,0
30072532,3,10.0,0.0,0.0005159612856652,3
186765948,5,20.0,0.1,0.000510516834912,3
27096595,7,402.0,0.3809523809523809,0.0005081463779953,2
28366058,6,623.0,0.1333333333333333,0.0005052016747831,13
1725199,3,4.0,0.0,0.0005030323341516,23
7634677,6,10.0,0.1333333333333333,0.0005017783785475,4
528342545,5,64.0,0.3,0.0004978652107444,16
33816473,6,323.0,0.0666666666666666,0.0004975038971619,3
3698588,5,50.0,0.2,0.0004936150991874,8
198350484,2,2.0,0.0,0.0004859442293476,6
537800,8,482.0,0.1071428571428571,0.0004843263344843,19
21985130,5,34.0,0.0,0.0004823126579115,1
11171548,2,2.0,0.0,0.0004784388443906,18
6731432,4,11.0,0.0,0.0004767895108099,31
78870047,4,17.0,0.0,0.000472985458892,4
36502,3,18.0,0.0,0.0004726337829242,10
259542436,6,245.0,0.0,0.0004725543347788,17
201403923,5,8.0,0.0,0.0004721097040964,21
865412,5,5.0,0.0,0.0004717733497681,4
453191009,5,10.0,0.1,0.000470735893981,13
266515876,4,5.0,0.0,0.000470735893981,4
291675222,4,23.0,0.0,0.000470735893981,32
323389945,4,5.0,0.0,0.000470735893981,4
187086161,6,402.0,0.2666666666666666,0.0004613484427486,2
30753733,8,71.0,0.1428571428571428,0.0004594020600037,11
10320116,7,17.0,0.238095238095238,0.0004573325033997,2
177727591,6,35.0,0.1333333333333333,0.0004551034780463,2
41473746,4,40.0,0.1666666666666666,0.0004527047494237,16
27146054,6,74.0,0.1333333333333333,0.0004517366223613,2
30676648,4,145.0,0.1666666666666666,0.0004510858955439,3
206483,5,203.0,0.3,0.000451059186099,3
574428026,4,6.0,0.0,0.0004506270044469,4
22266795,4,27.0,0.0,0.0004500725130732,3
15111821,6,45.0,0.2,0.0004307261955333,2
2744972,2,48.0,0.0,0.0004300135106385,14
606125384,7,38.0,0.0,0.0004275110738843,3
27890669,8,102.0,0.3571428571428571,0.0004268253801107,0
185861173,4,158.0,0.5,0.0004236978320068,2
94911145,3,12.0,0.0,0.0004236542242344,3
11599760,5,36.0,0.1,0.0004208427170013,9
45732002,16,236.0,0.0,0.0004203952755368,3
70676032,3,5.0,0.0,0.0004202703157877,0
125234630,7,16.0,0.0952380952380952,0.0004187256205265,14
435375021,5,39.0,0.7,0.0004176263778658,1
40736127,3,3.0,0.3333333333333333,0.0004149920594828,9
7056202,3,8.0,0.0,0.0004103530522787,1
858127,4,56.0,0.3333333333333333,0.0004078493375663,1
104231541,3,8.0,0.0,0.0004071016303709,1
18369373,5,26.0,0.2,0.0004051792476123,2
27051771,6,15.0,0.0666666666666666,0.0004007990427093,2
73235061,12,150.0,0.0,0.0003998407146174,3
301573344,3,7.0,0.0,0.0003984271796925,3
88674404,3,5.0,0.3333333333333333,0.000398324408444,2
20473418,9,18.0,0.1666666666666666,0.0003976073417209,1
22234992,2,2.0,0.0,0.0003901109086808,2
18128548,5,77.0,0.1,0.0003899399748839,3
32193707,3,15.0,0.0,0.0003834303143971,9
111860063,2,7.0,0.0,0.0003828252700305,18
233147271,2,39.0,0.0,0.0003828252700305,18
2944302,9,19.0,0.0,0.0003815150968884,9
19641638,3,5.0,0.3333333333333333,0.0003770609458464,3
627720881,2,2.0,0.0,0.000376663575154,3
22844864,2,2.0,0.0,0.0003763209283089,10
51620247,5,130.0,0.0,0.0003728961435567,14
6093316,4,120.0,0.0,0.0003720262202911,14
22360263,8,104.0,0.25,0.0003676817324191,0
141339868,4,604.0,0.1666666666666666,0.0003675352665356,8
908607,3,11.0,0.3333333333333333,0.000363025138663,1
113678874,9,42.0,0.0,0.0003610738386424,3
17170044,2,113.0,0.0,0.0003537084074035,3
14367737,7,297.0,0.1428571428571428,0.0003532943165135,0
113678857,8,386.0,0.0714285714285714,0.0003530763565401,3
19608522,6,129.0,0.3333333333333333,0.0003524425200607,2
523043277,3,3.0,0.3333333333333333,0.0003513912011557,12
512901698,6,30.0,0.2,0.0003501943876364,0
220391287,4,160.0,0.0,0.0003478297065942,3
18192493,2,3.0,0.0,0.0003398967468035,7
5099453,2,5.0,0.0,0.0003398967468035,7
2928948,5,196.0,0.4,0.0003384807369098,7
93290292,6,26.0,0.2,0.0003370997549658,1
186899882,3,11.0,0.3333333333333333,0.0003323771840815,5
204020546,2,25.0,0.0,0.0003321412725422,1
36891867,2,3.0,0.0,0.0003321412725422,13
286108332,4,7.0,0.0,0.0003295919892311,2
57160728,4,6.0,0.0,0.0003243463095029,0
207663235,5,6.0,0.1,0.0003241206914905,5
11380094,5,12.0,0.0,0.0003240006121221,28
628503457,4,5.0,0.0,0.0003161568388631,12
385356389,3,5.0,0.0,0.0003138239293207,4
64404140,3,8.0,0.0,0.0003138239293207,2
7357595,3,5.0,0.0,0.0003138239293207,5
7561862,3,3.0,0.0,0.0003138239293207,2
459025965,6,55.0,0.2666666666666666,0.0003134326792476,0
20537104,3,4.0,0.0,0.000313196281462,8
78234185,5,12.0,0.0,0.0003126233559681,2
348845699,2,3.0,0.0,0.0003090786239109,1
14509169,3,5.0,0.3333333333333333,0.0003059852078997,6
15510677,2,5.0,0.0,0.0003056877298582,0
28352089,6,75.0,0.2666666666666666,0.0003038324935096,2
113100288,3,4.0,0.0,0.0002974438538101,21
33832372,6,227.0,0.1333333333333333,0.0002962565438642,0
12574344,5,46.0,0.1,0.0002950713242895,19
71133469,4,2335.0,0.0,0.0002906939405505,31
8507859,3,107.0,0.0,0.0002878367628002,8
82552640,2,3.0,0.0,0.0002872566933779,0
19953044,3,5.0,0.0,0.0002870081182116,13
70107786,3,10.0,0.0,0.0002827860305347,9
554411496,2,7.0,0.0,0.0002819273305295,4
27193779,2,3.0,0.0,0.0002808295481064,1
3407114,3,13.0,0.0,0.0002805572946818,3
210997817,9,19.0,0.0,0.0002805144890898,0
95143992,3,4.0,0.0,0.0002792155459523,10
96237042,5,21.0,0.4,0.0002788789360788,2
5870069,5,33.0,0.3,0.0002770163886664,4
3320710,6,89.0,0.3333333333333333,0.0002758554082175,0
167499157,3,87.0,0.3333333333333333,0.0002717951960502,2
374927,2,15.0,0.0,0.000271521800415,15
50565430,2,22.0,0.0,0.0002715116915706,8
36817457,3,3.0,0.0,0.0002707008697392,20
53548867,3,3.0,0.3333333333333333,0.0002660433638085,1
174204333,2,2.0,0.0,0.0002632259619061,5
584946477,2,2.0,0.0,0.0002632259619061,5
45226685,5,69.0,0.3,0.0002620269219099,2
11125589,2,2.0,0.0,0.0002619852409102,3
206686299,17,216.0,0.0,0.0002615268626112,3
56729247,6,35.0,0.0666666666666666,0.000260484401357,3
5174103,5,16.0,0.3,0.0002586841618883,1
14812739,3,6.0,0.0,0.0002577834988371,4
335342,4,54.0,0.5,0.0002551943781774,7
365244061,4,12.0,0.3333333333333333,0.0002529751188495,6
7730829,3,40.0,0.0,0.0002518747348101,15
165289175,5,17.0,0.1,0.0002490024086391,0
187523334,4,4.0,0.1666666666666666,0.0002476603066139,4
40395126,2,2.0,0.0,0.0002463280147642,23
24130045,4,4.0,0.1666666666666666,0.0002433261946915,0
29326047,3,105.0,0.0,0.0002406905949674,0
206341,6,71.0,0.0,0.0002405557765893,3
31197250,5,8.0,0.1,0.0002362456583391,20
204671232,2,7.0,0.0,0.0002335855892944,18
124802455,4,65.0,0.1666666666666666,0.0002326095066283,0
52507351,6,9.0,0.0666666666666666,0.0002309484539294,3
6148317,3,6.0,0.6666666666666666,0.0002278563373475,2
91074692,3,4.0,0.3333333333333333,0.0002265336925307,8
62117812,5,6.0,0.0,0.0002261974902989,3
113678133,6,51.0,0.0,0.0002225055770338,3
16916235,2,4.0,0.0,0.0002186892300986,4
19330466,3,5.0,0.0,0.0002185169736228,1
10416648,4,6.0,0.1666666666666666,0.0002182103395969,3
715605,4,28.0,0.1666666666666666,0.0002180860106291,3
31180321,3,3.0,0.3333333333333333,0.0002172717270283,8
596892,5,18.0,0.0,0.0002168987904336,13
159005377,2,3.0,0.0,0.000214922806651,2
50594316,3,4.0,0.0,0.000212884357398,9
23206290,6,193.0,0.2666666666666666,0.0002111338028035,3
17359057,5,16.0,0.1,0.0002105544252529,3
54980593,3,30.0,0.0,0.0002097780127869,9
252745692,2,2.0,0.0,0.0002088586968227,2
35697461,5,26.0,0.1,0.0002082337056531,3
212936374,5,137.0,0.1,0.0002075621603746,0
2651432,4,8.0,0.6666666666666666,0.0002072278375064,4
85504501,4,4.0,0.0,0.0002069285059734,11
49401134,3,3.0,0.6666666666666666,0.0002068347382281,5
38829639,5,54.0,0.3,0.000206429338951,1
37346186,2,2.0,0.0,0.0002047066698341,5
55626935,2,2.0,0.0,0.0002047066698341,5
1680733,5,40.0,0.0,0.0002027163082793,3
27549019,3,3.0,0.0,0.0002022321725976,1
624131986,2,3.0,0.0,0.000200885580461,4
8039659,5,6.0,0.0,0.00020046246672,3
449091292,3,15.0,0.3333333333333333,0.0001970581919086,0
380971085,2,2.0,0.0,0.0001949495355809,3
745749,4,37.0,0.1666666666666666,0.000193320026479,21
17527989,3,3.0,0.0,0.0001932388298963,9
120538653,7,227.0,0.3333333333333333,0.0001906852217086,0
434708679,2,234.0,0.0,0.0001900696262065,26
393499763,2,2.0,0.0,0.0001896928291357,13
94702898,5,144.0,0.3,0.0001883625234231,0
50904245,4,7.0,0.3333333333333333,0.0001879385165041,6
511691380,3,63.0,0.0,0.000186622064054,12
438112499,2,5.0,0.0,0.0001848619045136,2
298328,3,12.0,0.0,0.0001844363203275,3
113677984,7,86.0,0.0,0.0001817012983869,3
6818061,5,245.0,0.0,0.0001815251452185,3
92969352,3,8.0,0.0,0.0001813191517599,16
323231688,4,292.0,0.1666666666666666,0.0001806476393499,0
48714685,2,2.0,0.0,0.0001804088921541,2
60111626,5,102.0,0.2,0.0001793215767167,3
221058575,4,68.0,0.5,0.0001769040081684,0
17372733,2,2.0,0.0,0.0001760367090278,17
1756350,5,19.0,0.1,0.0001752312807798,3
71823870,4,7.0,0.3333333333333333,0.0001744231769576,17
20188259,4,40.0,0.1666666666666666,0.0001742274475017,0
108979839,2,11.0,0.0,0.000171811108825,2
31976266,5,7.0,0.0,0.0001715292121198,3
454981666,7,75.0,0.0,0.0001710225428426,2
412132838,2,9.0,0.0,0.0001701900287004,9
2328181,3,3.0,0.0,0.000169846308004,9
94262864,6,116.0,0.3333333333333333,0.0001671090159812,0
91151442,5,37.0,0.2,0.0001666349979539,0
25890500,2,3.0,0.0,0.0001660536467726,5
27483832,4,6.0,0.5,0.0001654860638501,2
11654790,3,5.0,0.0,0.0001651746836669,14
421101922,3,53.0,0.0,0.000164984962433,2
6503675,3,49.0,0.3333333333333333,0.0001617139807174,2
139969620,2,2.0,0.0,0.0001610001556688,3
67006105,3,3.0,0.0,0.000159481164301,0
30405191,3,14.0,0.3333333333333333,0.0001593756782453,5
8514,3,4.0,0.6666666666666666,0.0001581943813799,2
222887140,2,5.0,0.0,0.0001569119646603,2
34839383,2,2.0,0.0,0.0001569119646603,1
41058054,2,2.0,0.0,0.0001569119646603,8
49244766,2,3.0,0.0,0.0001569119646603,3
52420005,2,4.0,0.0,0.0001569119646603,4
57401138,2,2.0,0.0,0.0001569119646603,4
664816265,2,2.0,0.0,0.0001569119646603,2
722854801,2,2.0,0.0,0.0001569119646603,0
37285717,2,6.0,0.0,0.000156598140731,1
5761553,2,10.0,0.0,0.000156598140731,18
67904342,2,3.0,0.0,0.000156598140731,5
30828052,2,2.0,0.0,0.0001565066721315,5
18106269,4,9.0,0.1666666666666666,0.0001559566977885,4
518574859,2,2.0,0.0,0.0001549430831482,9
65214191,2,2.0,0.0,0.000153938347873,4
317940258,2,9.0,0.0,0.0001524211861688,10
9524057,3,7.0,0.3333333333333333,0.0001505296477962,10
5909706,2,5.0,0.0,0.0001505249570758,5
411979983,7,41.0,0.0,0.000150493596195,20
13855476,2,2.0,0.0,0.0001500534927799,22
11481074,2,6.0,0.0,0.0001497466636578,8
172104891,2,3.0,0.0,0.0001497466636578,0
618492,2,3.0,0.0,0.0001497466636578,0
16907502,3,22.0,0.0,0.0001497338456941,19
201517171,6,209.0,0.3333333333333333,0.0001492731980798,0
63421322,4,31.0,0.8333333333333334,0.0001491186886555,4
182466444,2,3.0,0.0,0.0001490870362465,2
20275545,5,20.0,0.0,0.0001485220682728,19
20773773,2,6.0,0.0,0.0001482888409906,2
290227969,3,3430.0,0.0,0.0001482330748904,21
49662222,4,30.0,0.0,0.0001477832571185,11
96382888,5,35.0,0.1,0.0001464473822781,0
5663857,4,130.0,0.0,0.0001464199704679,3
26002040,2,3.0,0.0,0.0001462378749917,7
49442815,2,60.0,0.0,0.0001462378749917,7
412240914,4,101.0,0.1666666666666666,0.0001459124460163,0
31288958,4,52.0,0.3333333333333333,0.0001429510075512,2
501776658,4,20.0,0.1666666666666666,0.0001418933108078,0
198616978,2,2.0,0.0,0.00014164470554,20
35894511,5,260.0,0.1,0.0001400406482706,0
206402,4,7.0,0.3333333333333333,0.0001395913028275,19
100758341,4,16.0,0.1666666666666666,0.000138577707511,0
13624859,2,17.0,0.0,0.000137543272597,14
9433979,2,2.0,0.0,0.0001370728723055,14
113678275,8,28.0,0.0,0.0001367738476903,3
17812502,4,37.0,0.0,0.0001361291718417,7
253290187,4,35.0,0.1666666666666666,0.0001359492390023,0
52115335,4,11.0,0.5,0.0001344226121497,0
33258973,4,9.0,0.1666666666666666,0.000132364035096,19
26658897,4,10.0,0.0,0.0001315369023916,14
113678153,4,39.0,0.0,0.0001309448968179,3
20078379,2,2.0,0.0,0.0001307925751714,4
14696091,3,184.0,0.0,0.0001306159308695,3
521438915,2,2.0,0.0,0.0001298198305478,1
113678093,3,22.0,0.0,0.0001290329468345,3
178576091,4,5.0,0.5,0.0001283688516369,8
26983101,2,9.0,0.0,0.0001279934415962,11
53311716,3,126.0,0.3333333333333333,0.0001264112766792,2
232539879,4,43.0,0.5,0.0001260511809926,2
38307428,2,8.0,0.0,0.000125142614789,0
7613257,2,68.0,0.0,0.0001240577173263,15
468576060,2,6.0,0.0,0.0001236186147712,12
46089560,4,10.0,0.0,0.0001234859631579,13
75744278,2,18.0,0.0,0.0001227748892687,2
367429065,5,8.0,0.3,0.000121355330077,2
12488647,3,40.0,0.0,0.0001202612292853,3
19873619,2,6.0,0.0,0.0001195295457257,5
118668940,2,2.0,0.0,0.0001184051294103,5
22531552,3,127.0,0.3333333333333333,0.000118185164608,16
162869571,2,2.0,0.0,0.0001178568481772,4
26255337,2,18.0,0.0,0.0001174192911006,17
184128064,2,2.0,0.0,0.000114135075194,9
38744670,2,4.0,0.0,0.0001137393262504,10
34139230,3,6.0,0.6666666666666666,0.0001127166784687,5
658518,2,6.0,0.0,0.0001119181119889,21
26039547,2,19.0,0.0,0.0001113816115982,5
28330263,2,2.0,0.0,0.0001113816115982,5
15122806,2,2.0,0.0,0.0001102755477225,5
88962042,3,15.0,0.0,0.0001102388616094,3
376951839,2,2.0,0.0,0.0001097048469238,2
38505249,2,3.0,0.0,0.0001090817492022,26
143436277,3,4.0,0.0,0.0001085737129955,1
31339163,4,64.0,0.1666666666666666,0.0001081053211462,1
357284448,3,51.0,0.0,0.0001071843169748,0
55077261,4,113.0,0.1666666666666666,0.0001046867841649,0
230595891,3,4.0,0.0,0.0001044401871476,19
17391973,3,36.0,0.0,0.0001022884793098,17
609056915,2,2.0,0.0,0.0001022460086383,5
221862,3,20.0,0.0,0.0001021938931181,3
29197565,2,3.0,0.0,9.99408844109006e-05,0
54412018,2,3.0,0.0,9.982189118245496e-05,5
26731785,3,43.0,0.6666666666666666,9.956141722910412e-05,0
46291330,2,2.0,0.0,9.942229585504487e-05,1
216797458,2,19.0,0.0,9.902660573696876e-05,0
490359003,2,3.0,0.0,9.902660573696876e-05,0
47371310,5,33.0,0.2,9.870405735681063e-05,0
22478116,2,2.0,0.0,9.838655265278594e-05,22
32238354,2,4.0,0.0,9.824029939026886e-05,24
60977924,4,8.0,0.1666666666666666,9.769897247954096e-05,3
21251069,2,2.0,0.0,9.595593246851814e-05,12
68465360,2,119.0,0.0,9.58139906349846e-05,15
4164482,3,7.0,0.0,9.47191688838672e-05,8
11208890,3,4.0,0.3333333333333333,9.460003409852628e-05,2
5682770,3,3.0,0.3333333333333333,9.33831493420058e-05,9
206403,5,8.0,0.0,9.333333337340356e-05,3
3432266,2,110.0,0.0,9.096526585967346e-05,3
34007506,2,11.0,0.0,8.885286399569673e-05,3
407242578,2,408.0,0.0,8.790314373874752e-05,0
14125254,3,19.0,0.3333333333333333,8.767295086840849e-05,2
569267,2,2.0,0.0,8.735646916185079e-05,22
206317,2,2.0,0.0,8.668281757114953e-05,11
17286587,3,6.0,0.0,8.524142746394817e-05,3
47671127,2,5.0,0.0,8.472195482335928e-05,4
67372977,2,2.0,0.0,8.414168161872401e-05,10
638739649,2,4.0,0.0,8.408626911389213e-05,17
29923817,2,4.0,0.0,8.402062640908726e-05,3
442405131,2,2.0,0.0,8.237370228483488e-05,1
126412363,3,10.0,0.3333333333333333,8.213324348917816e-05,1
931135,2,2.0,0.0,8.191012823325226e-05,1
10610797,3,90.0,0.0,8.14098619457123e-05,3
68964263,3,12.0,0.3333333333333333,8.135285700201034e-05,2
156939672,2,9.0,0.0,8.033016314753847e-05,12
27522247,2,2.0,0.0,7.910450423593215e-05,2
12682522,3,5.0,0.3333333333333333,7.829068959940175e-05,6
3211618,2,2.0,0.0,7.807686679767666e-05,5
2560988,3,22.0,0.0,7.796072137277448e-05,3
5152285,2,13.0,0.0,7.699949164615212e-05,7
22446506,5,204.0,0.2,7.597151494651343e-05,0
31315121,5,853.0,0.2,7.597151494651343e-05,0
529504107,2,2.0,0.0,7.569575845640356e-05,5
66737655,3,6.0,0.0,7.486245388916302e-05,2
433273516,6,135.0,0.6,7.4515288532936e-05,0
186022916,3,24.0,0.0,7.318176584707474e-05,2
32097112,2,3.0,0.0,7.313682604542934e-05,7
72889410,3,16.0,0.0,7.22135442150946e-05,6
111431261,3,3.0,0.6666666666666666,7.099557409589245e-05,0
30667298,3,27.0,0.0,6.999911075751334e-05,0
3168225,3,29.0,0.0,6.881969132322502e-05,2
119439276,3,15.0,0.0,6.830325408005067e-05,3
81355383,2,23.0,0.0,6.784050019766905e-05,2
170366344,3,8.0,0.3333333333333333,6.755722976904651e-05,13
57920736,4,136.0,0.1666666666666666,6.665117459061267e-05,0
8804093,3,6.0,0.3333333333333333,6.663818633094568e-05,1
308027791,2,31.0,0.0,6.650523540153553e-05,0
372172254,2,38.0,0.0,6.650523540153553e-05,0
440338104,2,20.0,0.0,6.650523540153553e-05,0
91860126,2,23.0,0.0,6.650523540153553e-05,9
139914932,2,3.0,0.0,6.650087969885047e-05,3
509092193,2,10.0,0.0,6.650087969885047e-05,11
102343794,4,14.0,0.0,6.617226765247377e-05,8
22525984,4,14.0,0.0,6.601940695432642e-05,3
23500865,5,11.0,0.3,6.462528137233865e-05,2
204009988,2,5.0,0.0,6.447201518937819e-05,10
67793333,3,12.0,0.3333333333333333,6.441573612890329e-05,2
286973214,2,13.0,0.0,6.394181040384458e-05,9
295810364,2,38.0,0.0,6.394181040384458e-05,9
567634,2,13.0,0.0,6.337195699095587e-05,3
69940348,3,12.0,0.0,6.312273515141741e-05,3
31830551,3,7.0,0.3333333333333333,6.298710276832304e-05,0
79874569,4,41.0,0.1666666666666666,6.296758859406166e-05,0
17451182,2,3.0,0.0,6.293231511237211e-05,2
100060912,7,7.0,0.0952380952380952,6.255448793108938e-05,4
159294525,7,7.0,0.0952380952380952,6.255448793108938e-05,4
1903522,7,7.0,0.0952380952380952,6.255448793108938e-05,4
24420506,7,7.0,0.0952380952380952,6.255448793108938e-05,4
477896448,7,8.0,0.0952380952380952,6.255448793108938e-05,4
49086513,7,7.0,0.0952380952380952,6.255448793108938e-05,4
90821930,2,2.0,0.0,6.231470365729496e-05,0
84088596,2,2.0,0.0,6.2274033949497e-05,3
69857712,3,8.0,0.0,6.216831056370188e-05,0
1187853,6,38.0,0.0,6.184079058819962e-05,3
13628513,3,48.0,0.0,6.155484442061034e-05,2
90796663,2,20.0,0.0,6.128729687929968e-05,14
14076122,2,2.0,0.0,6.0502409984385015e-05,1
11309795,2,7.0,0.0,5.945037965760454e-05,6
198288319,4,176.0,0.1666666666666666,5.943440888910591e-05,0
62350380,4,227.0,0.1666666666666666,5.943440888910591e-05,0
56550961,2,2.0,0.0,5.879245396543102e-05,2
571342238,3,319.0,0.6666666666666666,5.8600376044199165e-05,8
20321688,3,84.0,0.0,5.858589442194922e-05,7
25881432,3,23.0,0.0,5.858589442194922e-05,7
263991304,3,442.0,0.0,5.858589442194922e-05,3
28992330,3,231.0,0.0,5.858589442194922e-05,3
23664475,2,5.0,0.0,5.858265709971816e-05,13
15345331,2,7.0,0.0,5.81048418859442e-05,2
39443258,2,2.0,0.0,5.781765356325047e-05,20
147511063,2,7.0,0.0,5.766634619549016e-05,1
210029529,2,5.0,0.0,5.766634619549016e-05,1
228908078,3,32.0,0.3333333333333333,5.732900444921413e-05,9
471621386,2,2.0,0.0,5.6560566345009776e-05,21
223485832,4,92.0,0.3333333333333333,5.6490603990357535e-05,0
330622921,2,2.0,0.0,5.501330260605303e-05,12
520455244,2,5.0,0.0,5.362180828691112e-05,20
181782286,2,2.0,0.0,5.334827646717044e-05,17
1062572,2,3.0,0.0,5.330999624092586e-05,18
347277349,2,4.0,0.0,5.319682420324376e-05,0
14212940,3,3.0,0.3333333333333333,5.315828675972107e-05,3
298565987,3,893.0,0.3333333333333333,5.304700331565409e-05,16
156108485,2,2.0,0.0,5.265837332397723e-05,17
1287669,3,4.0,0.3333333333333333,5.2518014599678834e-05,1
182926332,2,2.0,0.0,5.242892049539378e-05,17
23845253,2,4.0,0.0,5.242787396526651e-05,2
17420913,5,16.0,0.5,5.185955739217639e-05,0
113678772,4,30.0,0.0,5.170271678631488e-05,3
28061676,2,3.0,0.0,5.1037958289447726e-05,10
200696780,3,3.0,0.3333333333333333,5.098428247426894e-05,13
18004019,2,3.0,0.0,5.06026827645163e-05,0
245704608,2,2.0,0.0,5.06026827645163e-05,9
516821813,2,2.0,0.0,5.06026827645163e-05,9
223490876,3,129.0,0.6666666666666666,4.9319500765918986e-05,1
205417,2,3.0,0.0,4.839317983396384e-05,1
68181694,2,2.0,0.0,4.839317983396384e-05,1
157919688,2,2.0,0.0,4.808406910958759e-05,0
18906266,2,3.0,0.0,4.777393905260019e-05,8
177049645,2,5.0,0.0,4.7464093849086514e-05,0
305468604,2,2.0,0.0,4.7414603756739824e-05,0
1604991,2,2.0,0.0,4.697548790746229e-05,9
326269244,2,2.0,0.0,4.612760042246311e-05,0
39283837,2,29.0,0.0,4.583657944404238e-05,1
31629751,2,10.0,0.0,4.5675110654748526e-05,13
445340244,3,11.0,0.0,4.566078466823678e-05,3
559857046,2,6.0,0.0,4.562314610298102e-05,1
208060770,3,6.0,0.0,4.519016014871724e-05,0
375736511,2,3.0,0.0,4.4386577602332986e-05,1
779570,3,3.0,0.3333333333333333,4.42670874987754e-05,3
16345015,2,3.0,0.0,4.357987089560135e-05,3
286301447,2,2.0,0.0,4.324770183877498e-05,5
90506918,2,2.0,0.0,4.324770183877498e-05,5
137362393,2,8.0,0.0,4.320687784414043e-05,0
1123727,4,65.0,0.1666666666666666,4.310455126858007e-05,3
113678060,3,32.0,0.0,4.305659406357231e-05,3
11225909,3,28.0,0.0,4.2984524837479616e-05,7
63537249,2,4.0,0.0,4.293831282981437e-05,13
50370190,2,2.0,0.0,4.279521876950275e-05,1
147963112,2,11.0,0.0,4.269885474069844e-05,13
309512982,2,2.0,0.0,4.266707201664213e-05,3
1099265,2,2.0,0.0,4.22390235614037e-05,4
113106184,2,2.0,0.0,4.175444844025656e-05,2
22305416,3,12.0,0.3333333333333333,4.1388893544997e-05,1
38279790,3,13.0,0.3333333333333333,4.099656018090766e-05,1
164047061,4,5.0,0.3333333333333333,4.093899387927716e-05,0
2700159,2,2.0,0.0,4.088639242909703e-05,11
65987043,2,2.0,0.0,4.088639242909703e-05,11
343576900,7,8.0,0.3809523809523809,4.075803428678127e-05,10
91218588,3,8.0,0.3333333333333333,4.005098076731702e-05,0
7004897,2,22.0,0.0,4.004062893151728e-05,2
114705611,3,45.0,0.0,3.947342403992986e-05,0
14934771,3,43.0,0.0,3.947342403992986e-05,0
213836768,3,170.0,0.0,3.947342403992986e-05,0
58821882,4,17.0,0.1666666666666666,3.889795854780373e-05,2
13273703,3,4.0,0.3333333333333333,3.861358663483028e-05,1
16211818,2,49.0,0.0,3.859062699028676e-05,1
109480449,3,11.0,0.0,3.852894037363048e-05,1
35697550,3,9.0,0.3333333333333333,3.772211289420688e-05,14
2056549,2,11.0,0.0,3.730988416633365e-05,5
263463271,2,17.0,0.0,3.707916717675158e-05,3
2988730,2,6.0,0.0,3.707916717675158e-05,3
136494223,2,14.0,0.0,3.673685709109066e-05,2
367261349,2,38.0,0.0,3.625782400650134e-05,0
25872841,2,26.0,0.0,3.580758013309522e-05,2
56420035,2,12.0,0.0,3.580758013309522e-05,2
85069480,2,22.0,0.0,3.580758013309522e-05,2
28738447,4,7.0,0.0,3.5684889559926784e-05,3
71948498,2,2.0,0.0,3.504668201440979e-05,9
564623768,2,2.0,0.0,3.5016429017590304e-05,9
146575135,2,6.0,0.0,3.458932263923574e-05,3
525526295,2,2.0,0.0,3.4576268214131415e-05,14
133431470,2,3.0,0.0,3.438308244290018e-05,4
263442622,2,4.0,0.0,3.427464303452442e-05,19
17234665,2,3.0,0.0,3.3865402999205176e-05,1
197015643,2,10.0,0.0,3.372818141351008e-05,23
173055585,2,14.0,0.0,3.2976154279851126e-05,9
21946092,2,45.0,0.0,3.2976154279851126e-05,0
26459635,2,2.0,0.0,3.28680687854621e-05,0
37290678,2,7.0,0.0,3.28680687854621e-05,0
38581626,2,2.0,0.0,3.2714933906041055e-05,9
114735865,3,18.0,0.6666666666666666,3.269496069778156e-05,0
2359378,2,9.0,0.0,3.2677066021442e-05,11
41632796,2,3.0,0.0,3.248189371982197e-05,2
22484898,2,5.0,0.0,3.237884737009743e-05,4
526908111,2,2.0,0.0,3.194507130956495e-05,4
76474200,3,56.0,0.6666666666666666,3.1671659466714e-05,1
45446294,3,8.0,0.6666666666666666,3.1274229328666136e-05,2
46394186,2,22.0,0.0,3.1274229328666136e-05,2
57333709,2,8.0,0.0,3.1274229328666136e-05,2
59526988,2,5.0,0.0,3.1274229328666136e-05,2
208698479,2,6.0,0.0,3.1154331948506545e-05,15
105711679,2,21.0,0.0,3.105407682968822e-05,2
310302823,2,2.0,0.0,3.073362061080264e-05,3
216494674,4,66.0,0.6666666666666666,3.059260444561436e-05,0
280428986,3,9.0,0.3333333333333333,3.059260444561436e-05,0
102216161,2,3.0,0.0,3.035163864430309e-05,1
372630017,2,3.0,0.0,2.9941644879183508e-05,4
191817804,2,16.0,0.0,2.915266598097604e-05,1
333867901,2,9.0,0.0,2.91490578412637e-05,6
442430,2,2.0,0.0,2.91490578412637e-05,6
635979215,2,32.0,0.0,2.8827876754301657e-05,2
2752522,2,4.0,0.0,2.8488340741910323e-05,1
116641240,2,4.0,0.0,2.819286311428033e-05,3
316556151,2,9.0,0.0,2.819286311428033e-05,3
178249461,2,7.0,0.0,2.7882732696939584e-05,13
75104123,2,195.0,0.0,2.746876621593506e-05,14
206339,4,32.0,0.0,2.5794162396675664e-05,3
20653934,2,7.0,0.0,2.576792674835998e-05,2
177428838,3,23.0,0.0,2.5050927657158665e-05,0
23982180,2,3.0,0.0,2.4885253242273742e-05,19
98346885,2,74.0,0.0,2.4786187889320763e-05,15
113677956,2,3.0,0.0,2.4697315543497585e-05,3
33352201,3,40.0,0.0,2.438633181300181e-05,2
35823699,2,3.0,0.0,2.4084817261715447e-05,2
1451352,2,7.0,0.0,2.3975426988287335e-05,24
29849956,2,56.0,0.0,2.3975426988287335e-05,24
5569059,2,7.0,0.0,2.3975426988287335e-05,24
68294628,3,64.0,0.3333333333333333,2.3401006246095253e-05,0
6427744,4,9.0,0.0,2.32475517528668e-05,3
452337765,2,5.0,0.0,2.3114424875249786e-05,7
11486644,2,6.0,0.0,2.2940386598782315e-05,3
411318591,3,5.0,0.6666666666666666,2.2925892271304573e-05,0
74106774,2,2.0,0.0,2.2925892271304573e-05,0
513208282,2,4.0,0.0,2.288927771471177e-05,17
20904437,2,18.0,0.0,2.1876341389670506e-05,17
149824037,2,3.0,0.0,2.166313312732845e-05,1
363245888,3,14.0,0.3333333333333333,2.1204898570497485e-05,0
82580,2,2.0,0.0,2.093111302152281e-05,4
66030306,2,114.0,0.0,2.064959891164842e-05,7
277186121,2,2.0,0.0,2.0524287264591067e-05,0
19308738,2,28.0,0.0,2.024433613676281e-05,3
160919119,2,4.0,0.0,2.023172902379337e-05,12
6765281,4,50.0,0.1666666666666666,1.971196495496623e-05,3
155243481,2,3.0,0.0,1.9694850565080463e-05,18
11233996,2,112.0,0.0,1.9382383928584327e-05,3
201584981,2,140.0,0.0,1.9236929878770223e-05,0
117965972,2,6.0,0.0,1.9200869024238505e-05,0
335164964,2,3.0,0.0,1.9200869024238505e-05,0
300752838,2,5.0,0.0,1.9165542639172915e-05,14
10262364,3,21.0,0.0,1.9112184131145816e-05,3
438419937,2,4.0,0.0,1.8970505200327657e-05,12
598342280,2,11.0,0.0,1.8970505200327657e-05,12
289034413,2,59.0,0.0,1.881428654791821e-05,2
7939844,2,2.0,0.0,1.864677317753979e-05,9
14281190,2,3.0,0.0,1.8433280299972277e-05,3
36960321,3,45.0,0.0,1.8277693837829745e-05,13
121663790,2,5.0,0.0,1.827174807177845e-05,3
782679,2,2.0,0.0,1.827174807177845e-05,1
9283927,3,14.0,0.3333333333333333,1.8229471825117423e-05,1
458058,2,2.0,0.0,1.802773153720187e-05,2
30062547,3,57.0,0.0,1.7916219755772078e-05,0
76978254,2,2.0,0.0,1.776860668718098e-05,0
32363061,3,63.0,0.3333333333333333,1.7724132356409634e-05,0
53757700,3,90.0,0.3333333333333333,1.7724132356409634e-05,0
7170058,2,2.0,0.0,1.771415835889287e-05,4
230795797,2,2.0,0.0,1.7017794326868356e-05,3
32246828,2,7.0,0.0,1.6742381367700508e-05,1
301742,2,3.0,0.0,1.6726873771694906e-05,10
17192780,2,18.0,0.0,1.6716492657839017e-05,2
240846407,2,19.0,0.0,1.6687699082501216e-05,1
16554739,3,16.0,0.6666666666666666,1.658255448529603e-05,6
389256017,3,83.0,0.3333333333333333,1.5875259510432427e-05,0
135060366,2,7.0,0.0,1.5572499011583217e-05,0
31986253,2,125.0,0.0,1.5572499011583217e-05,0
42685794,2,27.0,0.0,1.5572499011583217e-05,0
84983058,2,69.0,0.0,1.5572499011583217e-05,0
89145566,2,44.0,0.0,1.5572499011583217e-05,0
1388495,2,6.0,0.0,1.551397554429847e-05,1
336739753,3,12.0,0.6666666666666666,1.5451613157973513e-05,0
669011066,2,3.0,0.0,1.5451613157973513e-05,0
24063576,2,473.0,0.0,1.5408500144831853e-05,20
158310651,2,3.0,0.0,1.4955392766112372e-05,23
182299236,2,10.0,0.0,1.4755595001786732e-05,10
72700804,2,2.0,0.0,1.3812859829662626e-05,1
178956163,2,15.0,0.0,1.3656827142756871e-05,2
160615620,3,17.0,0.6666666666666666,1.2797660385090695e-05,0
230310173,3,7.0,0.6666666666666666,1.2797660385090695e-05,0
116140523,2,3.0,0.0,1.2797660385090695e-05,0
155652490,2,20.0,0.0,1.2797660385090695e-05,0
21954009,2,2.0,0.0,1.2797660385090695e-05,0
226417174,2,15.0,0.0,1.2797660385090695e-05,0
338640454,2,17.0,0.0,1.2797660385090695e-05,0
39527318,2,5.0,0.0,1.2797660385090695e-05,0
70352157,2,11.0,0.0,1.2797660385090695e-05,0
73561616,2,23.0,0.0,1.2797660385090695e-05,0
87358441,2,2.0,0.0,1.2797660385090695e-05,0
97316835,2,19.0,0.0,1.2797660385090695e-05,0
165758293,2,2.0,0.0,1.2568202698507102e-05,1
21540759,2,2.0,0.0,1.216621614127677e-05,2
95902102,3,28.0,0.3333333333333333,1.210494866639953e-05,0
113678351,2,21.0,0.0,1.1786804276975769e-05,3
197584193,2,5.0,0.0,1.1623553668553449e-05,6
498785517,2,8.0,0.0,1.1493729896759774e-05,0
151233646,2,3.0,0.0,1.1402106665184398e-05,19
324754415,2,23.0,0.0,1.110326464325595e-05,0
116995448,2,6.0,0.0,1.1054894206418472e-05,14
90299507,2,6.0,0.0,1.1054894206418472e-05,14
15785507,2,6.0,0.0,1.0922710477243672e-05,14
488802963,2,13.0,0.0,1.0442095487766209e-05,15
81810486,2,5.0,0.0,1.0442095487766209e-05,15
558374870,2,2.0,0.0,1.0028736496911676e-05,0
56342508,2,2.0,0.0,1.0028736496911676e-05,0
635073227,2,14.0,0.0,1.0028736496911676e-05,0
50229487,4,30.0,0.5,9.79321815054901e-06,6
24182261,2,3.0,0.0,9.705693734327084e-06,4
10230369,2,8.0,0.0,9.481437793791334e-06,3
35697158,2,2.0,0.0,9.481437793791334e-06,3
97753277,2,3.0,0.0,9.481437793791334e-06,3
193784341,2,126.0,0.0,9.351894458959073e-06,2
402945349,3,4.0,0.6666666666666666,9.064785350562245e-06,8
66509131,3,36.0,0.3333333333333333,9.03815339530828e-06,2
129883659,2,34.0,0.0,8.881276982559669e-06,3
1341324,2,8.0,0.0,8.57654293589255e-06,14
961036,2,4.0,0.0,8.388346709818055e-06,3
31261793,2,4.0,0.0,8.04795804313744e-06,25
329445418,2,3.0,0.0,7.999981411518246e-06,0
254351989,2,3.0,0.0,7.869630389034927e-06,0
54503347,2,19.0,0.0,7.856211662344323e-06,16
143220272,2,53.0,0.0,6.620867713153686e-06,0
199684110,2,20.0,0.0,6.472549107485261e-06,0
77338532,2,2.0,0.0,6.472549107485261e-06,0
63625434,2,22.0,0.0,6.403804014903784e-06,2
85795396,2,13.0,0.0,5.670913763212589e-06,3
100649664,2,81.0,0.0,5.63239955891427e-06,0
155240458,2,5.0,0.0,5.63239955891427e-06,0
164668916,2,23.0,0.0,5.63239955891427e-06,0
296977951,2,20.0,0.0,5.63239955891427e-06,0
52425435,2,6.0,0.0,5.63239955891427e-06,0
67305738,2,10.0,0.0,5.63239955891427e-06,0
91837954,2,12.0,0.0,5.490591025734146e-06,3
19684359,4,24.0,0.8333333333333334,5.387334239140704e-06,1
447060287,3,4.0,0.6666666666666666,5.387334239140704e-06,0
38488726,2,133.0,0.0,4.690749661077503e-06,3
126238614,2,20.0,0.0,4.487299413211408e-06,2
150988662,2,33.0,0.0,4.487299413211408e-06,2
140609832,2,3.0,0.0,4.283838785339567e-06,0
438518303,2,2.0,0.0,4.153054809391273e-06,2
39062978,2,3.0,0.0,3.4480175272898305e-06,3
1126087,2,130.0,0.0,3.2169521279069435e-06,9
11403699,2,17.0,0.0,3.2169521279069435e-06,9
549230701,2,2.0,0.0,3.1981887304487645e-06,14
197858776,2,2.0,0.0,3.1886097652077395e-06,2
2700147,2,8.0,0.0,3.031566750295707e-06,10
22700054,3,55.0,0.6666666666666666,2.892023441716108e-06,2
240488592,2,2.0,0.0,2.7699463578317257e-06,4
108050,2,39.0,0.0,2.288586840328774e-06,3
17714713,2,6.0,0.0,2.233258301508954e-06,1
682834027,2,6.0,0.0,1.9391131915613324e-06,6
35699223,2,28.0,0.0,1.0537524421529564e-06,3
265902625,2,2.0,0.0,1.0244895517960945e-06,4
97518356,2,4.0,0.0,7.432510296998392e-07,1
129072319,3,3.0,0.0,1.629702337705907e-07,2
165954705,2,4.0,0.0,8.368638115218894e-08,3
24355992,4,9.0,1.0,0.0,0
32184830,4,12.0,1.0,0.0,6
109162639,3,17.0,1.0,0.0,2
11452538,3,49.0,1.0,0.0,2
224021526,3,35.0,1.0,0.0,2
22855240,3,64.0,1.0,0.0,2
31933589,3,25.0,1.0,0.0,1
38973038,3,44.0,1.0,0.0,6
401850253,3,34.0,1.0,0.0,0
548730031,3,5.0,1.0,0.0,1
65430363,3,5.0,1.0,0.0,0
101767772,2,54.0,1.0,0.0,0
102969245,2,2.0,1.0,0.0,4
105379569,2,63.0,1.0,0.0,0
109330128,2,13.0,1.0,0.0,2
11006053,2,3.0,1.0,0.0,5
112655189,2,3.0,1.0,0.0,2
118105436,2,5.0,1.0,0.0,0
120606279,2,2.0,1.0,0.0,20
121587063,2,6.0,1.0,0.0,0
127420809,2,29.0,1.0,0.0,0
129717717,2,29.0,1.0,0.0,2
129954828,2,41.0,1.0,0.0,1
1357796,2,8.0,1.0,0.0,18
1361792,2,5.0,1.0,0.0,1
136510559,2,5.0,1.0,0.0,0
139314347,2,4.0,1.0,0.0,5
143328315,2,3.0,1.0,0.0,0
143867478,2,8.0,1.0,0.0,2
145156191,2,8.0,1.0,0.0,2
145434487,2,4.0,1.0,0.0,2
148464499,2,2.0,1.0,0.0,3
151832185,2,2.0,1.0,0.0,0
154744163,2,3.0,1.0,0.0,2
155119796,2,7.0,1.0,0.0,0
155368246,2,7.0,1.0,0.0,6
157310998,2,2.0,1.0,0.0,1
158477175,2,13.0,1.0,0.0,4
159109434,2,7.0,1.0,0.0,1
159907380,2,162.0,1.0,0.0,2
161681291,2,5.0,1.0,0.0,0
167949879,2,15.0,1.0,0.0,1
173431969,2,8.0,1.0,0.0,1
199921433,2,6.0,1.0,0.0,4
200663555,2,3.0,1.0,0.0,4
201455508,2,38.0,1.0,0.0,2
202483348,2,4.0,1.0,0.0,1
203461509,2,30.0,1.0,0.0,7
206791328,2,5.0,1.0,0.0,4
21088403,2,3.0,1.0,0.0,6
21099,2,10.0,1.0,0.0,1
213947642,2,3.0,1.0,0.0,1
2174666,2,3.0,1.0,0.0,4
219891102,2,23.0,1.0,0.0,1
221993778,2,4.0,1.0,0.0,9
222791664,2,2.0,1.0,0.0,5
22734848,2,111.0,1.0,0.0,0
229877920,2,8.0,1.0,0.0,0
23061798,2,2.0,1.0,0.0,1
24725038,2,76.0,1.0,0.0,0
24776728,2,189.0,1.0,0.0,1
254450741,2,11.0,1.0,0.0,1
267482252,2,5.0,1.0,0.0,0
269073533,2,19.0,1.0,0.0,2
27790789,2,6.0,1.0,0.0,1
296296855,2,5.0,1.0,0.0,4
2992074,2,3.0,1.0,0.0,0
299220196,2,25.0,1.0,0.0,0
301727732,2,73.0,1.0,0.0,0
304537599,2,22.0,1.0,0.0,2
306769011,2,782.0,1.0,0.0,16
30945132,2,3.0,1.0,0.0,1
315538318,2,10.0,1.0,0.0,2
315885410,2,2.0,1.0,0.0,0
31728565,2,6.0,1.0,0.0,0
323830219,2,2003.0,1.0,0.0,7
330600696,2,4.0,1.0,0.0,0
334164334,2,2.0,1.0,0.0,12
33753632,2,5.0,1.0,0.0,1
33880218,2,17.0,1.0,0.0,1
33880730,2,17.0,1.0,0.0,9
33884891,2,7.0,1.0,0.0,1
341374920,2,16.0,1.0,0.0,6
343853530,2,16.0,1.0,0.0,1
34414315,2,17.0,1.0,0.0,1
35197979,2,125.0,1.0,0.0,1
356069432,2,4.0,1.0,0.0,1
36653430,2,11.0,1.0,0.0,2
37171746,2,9.0,1.0,0.0,2
373315216,2,36.0,1.0,0.0,7
38373338,2,3.0,1.0,0.0,4
391153869,2,4.0,1.0,0.0,1
39176169,2,3.0,1.0,0.0,0
393288578,2,278.0,1.0,0.0,2
394028369,2,12.0,1.0,0.0,8
397996130,2,7.0,1.0,0.0,5
398164186,2,2.0,1.0,0.0,2
39874513,2,2.0,1.0,0.0,2
39907649,2,3.0,1.0,0.0,2
40539602,2,2.0,1.0,0.0,5
410442633,2,2.0,1.0,0.0,4
416231913,2,11.0,1.0,0.0,2
420777439,2,13.0,1.0,0.0,0
423907006,2,7.0,1.0,0.0,2
43441403,2,5.0,1.0,0.0,8
436236826,2,4.0,1.0,0.0,5
436551874,2,8.0,1.0,0.0,17
436912897,2,3.0,1.0,0.0,1
444345682,2,2.0,1.0,0.0,0
450439333,2,32.0,1.0,0.0,19
45423600,2,37.0,1.0,0.0,1
467151498,2,2.0,1.0,0.0,2
467355866,2,3.0,1.0,0.0,0
467580471,2,2.0,1.0,0.0,9
470569742,2,2.0,1.0,0.0,2
473555568,2,37.0,1.0,0.0,2
476372928,2,3.0,1.0,0.0,1
47848761,2,5.0,1.0,0.0,1
480401263,2,2.0,1.0,0.0,2
487009502,2,7.0,1.0,0.0,4
50387722,2,2.0,1.0,0.0,4
5092588,2,2.0,1.0,0.0,0
515881221,2,3.0,1.0,0.0,17
515951203,2,15.0,1.0,0.0,0
527526335,2,7.0,1.0,0.0,5
530754347,2,2.0,1.0,0.0,6
53292445,2,10.0,1.0,0.0,2
53628424,2,42.0,1.0,0.0,2
53954979,2,10.0,1.0,0.0,8
551076626,2,2.0,1.0,0.0,1
559669561,2,7.0,1.0,0.0,1
561964390,2,6.0,1.0,0.0,4
56353740,2,2.0,1.0,0.0,1
571929,2,3.0,1.0,0.0,5
573483804,2,2.0,1.0,0.0,26
5757735,2,2.0,1.0,0.0,3
58132544,2,17.0,1.0,0.0,5
58146669,2,145.0,1.0,0.0,1
5839692,2,2.0,1.0,0.0,3
599173337,2,2.0,1.0,0.0,2
60188025,2,5.0,1.0,0.0,8
605938979,2,2.0,1.0,0.0,8
607721298,2,5.0,1.0,0.0,0
608906465,2,8.0,1.0,0.0,1
61524054,2,18.0,1.0,0.0,2
61567949,2,6.0,1.0,0.0,2
621929252,2,4.0,1.0,0.0,0
627774285,2,2.0,1.0,0.0,2
627846703,2,4.0,1.0,0.0,0
628739599,2,7.0,1.0,0.0,4
63044524,2,21.0,1.0,0.0,1
631805185,2,21.0,1.0,0.0,6
63375710,2,3.0,1.0,0.0,8
639046841,2,3.0,1.0,0.0,4
63995402,2,16.0,1.0,0.0,2
646423,2,24.0,1.0,0.0,9
654024495,2,8.0,1.0,0.0,0
66311167,2,18.0,1.0,0.0,3
668673665,2,7.0,1.0,0.0,3
6742151,2,5.0,1.0,0.0,1
7035651,2,3.0,1.0,0.0,1
714809540,2,8.0,1.0,0.0,6
7276954,2,2.0,1.0,0.0,1
731515911,2,6.0,1.0,0.0,1
76214676,2,96.0,1.0,0.0,0
78678862,2,2.0,1.0,0.0,4
790938,2,9.0,1.0,0.0,27
79188507,2,12.0,1.0,0.0,2
79954708,2,13.0,1.0,0.0,2
80964373,2,9.0,1.0,0.0,0
81384578,2,6.0,1.0,0.0,5
8397993,2,2.0,1.0,0.0,2
86367047,2,2.0,1.0,0.0,0
86870924,2,20.0,1.0,0.0,1
88956492,2,2.0,1.0,0.0,2
89943162,2,158.0,1.0,0.0,1
9155431,2,2.0,1.0,0.0,4
9156682,2,46.0,1.0,0.0,7
92569428,2,2.0,1.0,0.0,2
9290699,2,5.0,1.0,0.0,1
9384267,2,6.0,1.0,0.0,6
9454675,2,46.0,1.0,0.0,11
95084858,2,2.0,1.0,0.0,1
96570421,2,6.0,1.0,0.0,8
9801644,2,2.0,1.0,0.0,0
991475,2,3.0,1.0,0.0,8
100285497,1,1.0,0.0,0.0,2
100470837,1,34.0,0.0,0.0,19
100656827,1,201.0,0.0,0.0,28
100683024,1,3.0,0.0,0.0,3
100728550,1,1.0,0.0,0.0,4
10080335,1,1.0,0.0,0.0,4
100921897,1,1.0,0.0,0.0,7
10095297,1,2.0,0.0,0.0,1
100982449,1,1.0,0.0,0.0,2
101107622,1,31.0,0.0,0.0,8
101325844,1,2.0,0.0,0.0,4
101408117,1,3.0,0.0,0.0,6
10160141,1,2.0,0.0,0.0,4
101664763,1,3.0,0.0,0.0,10
10166531,1,4.0,0.0,0.0,2
10176240,1,1.0,0.0,0.0,15
101769985,1,15.0,0.0,0.0,10
101807531,1,8.0,0.0,0.0,5
101808120,1,2.0,0.0,0.0,6
102025276,1,1.0,0.0,0.0,15
1020639,1,38.0,0.0,0.0,15
102083576,1,1.0,0.0,0.0,6
102180889,1,1.0,0.0,0.0,2
102268227,1,4.0,0.0,0.0,8
1023109,1,1.0,0.0,0.0,27
10232128,1,6.0,0.0,0.0,1
102390943,1,1.0,0.0,0.0,2
10247874,1,2.0,0.0,0.0,4
102534028,1,1.0,0.0,0.0,4
102601749,1,1.0,0.0,0.0,26
102692863,1,2.0,0.0,0.0,19
10270722,1,1.0,0.0,0.0,2
102726009,1,1.0,0.0,0.0,1
102765966,1,1.0,0.0,0.0,1
10277647,1,1.0,0.0,0.0,1
102792138,1,27.0,0.0,0.0,8
1028340,1,1.0,0.0,0.0,1
10302694,1,1.0,0.0,0.0,5
103115020,1,1.0,0.0,0.0,2
103172419,1,1.0,0.0,0.0,5
10319059,1,1.0,0.0,0.0,2
103195470,1,4.0,0.0,0.0,10
10323585,1,1.0,0.0,0.0,14
103275720,1,1.0,0.0,0.0,0
103506984,1,7.0,0.0,0.0,3
103530053,1,1.0,0.0,0.0,2
103603776,1,2.0,0.0,0.0,1
103619486,1,1.0,0.0,0.0,11
10364381,1,3.0,0.0,0.0,24
103706410,1,1.0,0.0,0.0,9
103940483,1,1.0,0.0,0.0,4
10394615,1,3.0,0.0,0.0,7
103980089,1,3.0,0.0,0.0,4
104061241,1,2.0,0.0,0.0,11
104064722,1,2.0,0.0,0.0,11
104110775,1,1.0,0.0,0.0,1
104327447,1,88.0,0.0,0.0,1
104354828,1,1.0,0.0,0.0,29
10437688,1,1.0,0.0,0.0,7
1045976,1,1.0,0.0,0.0,1
105066063,1,1.0,0.0,0.0,6
105069363,1,1.0,0.0,0.0,1
105195750,1,2.0,0.0,0.0,5
10522120,1,1.0,0.0,0.0,1
105262714,1,1.0,0.0,0.0,2
105300706,1,2.0,0.0,0.0,10
105672026,1,1.0,0.0,0.0,3
105712749,1,1.0,0.0,0.0,9
105769029,1,1.0,0.0,0.0,20
1059430,1,1.0,0.0,0.0,3
105963253,1,1.0,0.0,0.0,13
106016020,1,1.0,0.0,0.0,4
106024057,1,2.0,0.0,0.0,5
106060031,1,1.0,0.0,0.0,10
106192858,1,2.0,0.0,0.0,2
106239956,1,1.0,0.0,0.0,2
1062897,1,1.0,0.0,0.0,5
10637893,1,16.0,0.0,0.0,3
106402526,1,1.0,0.0,0.0,4
106481151,1,3.0,0.0,0.0,1
10649374,1,1.0,0.0,0.0,6
106520420,1,2.0,0.0,0.0,4
106698888,1,2.0,0.0,0.0,8
106737290,1,1.0,0.0,0.0,8
106805892,1,3.0,0.0,0.0,3
106898220,1,3.0,0.0,0.0,20
10691398,1,1.0,0.0,0.0,5
10744183,1,1.0,0.0,0.0,9
107505869,1,1.0,0.0,0.0,0
10757154,1,1.0,0.0,0.0,13
107708884,1,1.0,0.0,0.0,2
107775870,1,1.0,0.0,0.0,4
107914493,1,1.0,0.0,0.0,5
10805187,1,1.0,0.0,0.0,3
108110706,1,1.0,0.0,0.0,5
108169607,1,1.0,0.0,0.0,3
108187130,1,18.0,0.0,0.0,18
108306129,1,8.0,0.0,0.0,1
10835647,1,2.0,0.0,0.0,2
10854028,1,8.0,0.0,0.0,6
108761645,1,1.0,0.0,0.0,9
108764455,1,1.0,0.0,0.0,15
10885469,1,2.0,0.0,0.0,21
108883568,1,25.0,0.0,0.0,2
108883966,1,3.0,0.0,0.0,13
108908685,1,3.0,0.0,0.0,1
108920680,1,1.0,0.0,0.0,5
109145553,1,1.0,0.0,0.0,0
109401999,1,2.0,0.0,0.0,5
109404010,1,3.0,0.0,0.0,0
109404123,1,1.0,0.0,0.0,1
109711622,1,3.0,0.0,0.0,5
109803086,1,3.0,0.0,0.0,5
10985948,1,1.0,0.0,0.0,33
109997238,1,2.0,0.0,0.0,10
110020935,1,1.0,0.0,0.0,18
11002815,1,14.0,0.0,0.0,1
110100447,1,1.0,0.0,0.0,7
11031412,1,1.0,0.0,0.0,8
1103607,1,2.0,0.0,0.0,6
110613089,1,1.0,0.0,0.0,17
110772190,1,2.0,0.0,0.0,2
110902512,1,1.0,0.0,0.0,0
11131631,1,287.0,0.0,0.0,1
111364256,1,1.0,0.0,0.0,8
111465030,1,1.0,0.0,0.0,2
111510376,1,1.0,0.0,0.0,1
11162159,1,2.0,0.0,0.0,2
111641659,1,1.0,0.0,0.0,2
11203131,1,1.0,0.0,0.0,3
11206255,1,29.0,0.0,0.0,8
11208105,1,2.0,0.0,0.0,3
112100818,1,1.0,0.0,0.0,9
112219764,1,1.0,0.0,0.0,2
112302758,1,1.0,0.0,0.0,0
11247824,1,1.0,0.0,0.0,1
112504288,1,31.0,0.0,0.0,2
11262602,1,4.0,0.0,0.0,25
112638589,1,2.0,0.0,0.0,2
112736538,1,1.0,0.0,0.0,6
11293703,1,1.0,0.0,0.0,14
113089820,1,2.0,0.0,0.0,2
113111202,1,1.0,0.0,0.0,4
113455762,1,5.0,0.0,0.0,4
113512596,1,1.0,0.0,0.0,2
11362278,1,2.0,0.0,0.0,1
113678303,1,3.0,0.0,0.0,3
113678674,1,29.0,0.0,0.0,3
11369509,1,1.0,0.0,0.0,3
113701924,1,3.0,0.0,0.0,14
11384368,1,1.0,0.0,0.0,3
113912678,1,1.0,0.0,0.0,1
113918130,1,13.0,0.0,0.0,2
11393110,1,8.0,0.0,0.0,2
114023960,1,1.0,0.0,0.0,1
11408729,1,2.0,0.0,0.0,3
114312965,1,2.0,0.0,0.0,1
114363116,1,1.0,0.0,0.0,5
11445479,1,1.0,0.0,0.0,3
11452676,1,3.0,0.0,0.0,4
114577229,1,1.0,0.0,0.0,0
114682244,1,1.0,0.0,0.0,4
114705574,1,29.0,0.0,0.0,0
11482978,1,3.0,0.0,0.0,1
114948816,1,1.0,0.0,0.0,1
115039706,1,1.0,0.0,0.0,0
115191628,1,3.0,0.0,0.0,3
115316912,1,1.0,0.0,0.0,8
115575640,1,1.0,0.0,0.0,24
115740402,1,1.0,0.0,0.0,6
115758461,1,1.0,0.0,0.0,17
115969499,1,1.0,0.0,0.0,20
11597120,1,1.0,0.0,0.0,2
116038660,1,3.0,0.0,0.0,1
11608365,1,2.0,0.0,0.0,11
116165188,1,4.0,0.0,0.0,1
116259506,1,17.0,0.0,0.0,2
11633363,1,2.0,0.0,0.0,11
116585275,1,1.0,0.0,0.0,5
116659368,1,1.0,0.0,0.0,5
11676453,1,3.0,0.0,0.0,2
116867981,1,6.0,0.0,0.0,1
116871310,1,2.0,0.0,0.0,11
116955501,1,1.0,0.0,0.0,1
11696086,1,1.0,0.0,0.0,3
11696117,1,1.0,0.0,0.0,3
11708465,1,4.0,0.0,0.0,3
11726616,1,1.0,0.0,0.0,0
117380983,1,3.0,0.0,0.0,0
11753735,1,1.0,0.0,0.0,3
117701523,1,1.0,0.0,0.0,3
117906003,1,1.0,0.0,0.0,5
118498743,1,3.0,0.0,0.0,21
118517813,1,43.0,0.0,0.0,0
118649335,1,1.0,0.0,0.0,5
118764574,1,1.0,0.0,0.0,4
11892534,1,1.0,0.0,0.0,10
119205516,1,1.0,0.0,0.0,0
119272629,1,1.0,0.0,0.0,21
1194027,1,1.0,0.0,0.0,4
119419195,1,2.0,0.0,0.0,9
119460813,1,1.0,0.0,0.0,0
119590498,1,2.0,0.0,0.0,20
11966919,1,11.0,0.0,0.0,3
11974348,1,1.0,0.0,0.0,6
119818775,1,1.0,0.0,0.0,15
120011481,1,2.0,0.0,0.0,16
120157734,1,3.0,0.0,0.0,20
120325908,1,9.0,0.0,0.0,1
1204125,1,1.0,0.0,0.0,1
120511966,1,1.0,0.0,0.0,0
1207300,1,2.0,0.0,0.0,2
12079212,1,1.0,0.0,0.0,25
12080551,1,1.0,0.0,0.0,15
120894,1,1.0,0.0,0.0,18
120938309,1,1.0,0.0,0.0,11
1210290,1,2.0,0.0,0.0,11
121086193,1,2.0,0.0,0.0,13
121236494,1,3.0,0.0,0.0,6
121337784,1,1.0,0.0,0.0,10
12140830,1,5.0,0.0,0.0,1
121554427,1,4.0,0.0,0.0,3
121676470,1,3.0,0.0,0.0,5
12179494,1,1.0,0.0,0.0,1
121834895,1,1.0,0.0,0.0,10
121870635,1,1.0,0.0,0.0,8
121898717,1,1.0,0.0,0.0,8
12191244,1,99.0,0.0,0.0,14
122193808,1,14.0,0.0,0.0,6
122235145,1,3.0,0.0,0.0,10
122282812,1,1.0,0.0,0.0,3
122505634,1,1.0,0.0,0.0,3
122508361,1,1.0,0.0,0.0,13
122782022,1,10.0,0.0,0.0,4
123020983,1,4.0,0.0,0.0,3
123068215,1,5.0,0.0,0.0,17
123148813,1,1.0,0.0,0.0,13
123303402,1,1.0,0.0,0.0,21
123345344,1,1.0,0.0,0.0,1
123410,1,1.0,0.0,0.0,3
12344532,1,3.0,0.0,0.0,1
123475536,1,2.0,0.0,0.0,18
123518148,1,4.0,0.0,0.0,18
123590537,1,6.0,0.0,0.0,4
123649788,1,1.0,0.0,0.0,17
123684665,1,1.0,0.0,0.0,4
123690489,1,15.0,0.0,0.0,1
12390121,1,1.0,0.0,0.0,14
123986201,1,1.0,0.0,0.0,0
123993596,1,1.0,0.0,0.0,19
124042164,1,2.0,0.0,0.0,10
12421065,1,1.0,0.0,0.0,3
12426527,1,2.0,0.0,0.0,6
124275922,1,1.0,0.0,0.0,5
124290783,1,4.0,0.0,0.0,1
124315604,1,1.0,0.0,0.0,2
12440855,1,1.0,0.0,0.0,2
124409889,1,28.0,0.0,0.0,18
124417205,1,1.0,0.0,0.0,0
124564425,1,1.0,0.0,0.0,1
124602093,1,6.0,0.0,0.0,2
124657854,1,1.0,0.0,0.0,13
124701774,1,1.0,0.0,0.0,1
12488845,1,5.0,0.0,0.0,13
125238132,1,1118.0,0.0,0.0,8
125366028,1,7.0,0.0,0.0,4
12550138,1,52.0,0.0,0.0,15
1257070,1,1.0,0.0,0.0,4
12584841,1,4.0,0.0,0.0,3
125863507,1,4.0,0.0,0.0,14
126215645,1,7.0,0.0,0.0,2
126250425,1,3.0,0.0,0.0,5
126382836,1,1.0,0.0,0.0,10
126465227,1,1.0,0.0,0.0,4
126914245,1,1.0,0.0,0.0,9
127026401,1,1.0,0.0,0.0,14
127101557,1,1.0,0.0,0.0,2
12711522,1,9.0,0.0,0.0,2
12712630,1,2.0,0.0,0.0,22
127201711,1,1.0,0.0,0.0,2
127224346,1,1.0,0.0,0.0,5
127268366,1,1.0,0.0,0.0,2
127425805,1,1.0,0.0,0.0,13
12791642,1,1.0,0.0,0.0,6
128089774,1,1.0,0.0,0.0,0
128096570,1,12.0,0.0,0.0,10
128529416,1,1.0,0.0,0.0,9
128693525,1,1.0,0.0,0.0,9
128778692,1,21.0,0.0,0.0,14
128842710,1,189.0,0.0,0.0,1
128887107,1,3.0,0.0,0.0,2
129137599,1,1.0,0.0,0.0,3
12920091,1,1.0,0.0,0.0,16
129449094,1,1.0,0.0,0.0,3
129549229,1,1.0,0.0,0.0,1
1295612,1,1.0,0.0,0.0,3
129563456,1,2.0,0.0,0.0,0
129640825,1,1.0,0.0,0.0,3
129648001,1,2.0,0.0,0.0,2
12974177,1,1.0,0.0,0.0,3
130013,1,1.0,0.0,0.0,0
130040931,1,11.0,0.0,0.0,7
130084383,1,1.0,0.0,0.0,4
130107902,1,1.0,0.0,0.0,5
130140573,1,5.0,0.0,0.0,14
130237506,1,3.0,0.0,0.0,28
130370449,1,1.0,0.0,0.0,13
130386123,1,1.0,0.0,0.0,1
130546049,1,1.0,0.0,0.0,1
13057937,1,4.0,0.0,0.0,4
130727736,1,6.0,0.0,0.0,5
130865762,1,1.0,0.0,0.0,17
13092745,1,4.0,0.0,0.0,1
131014812,1,1.0,0.0,0.0,27
131339601,1,1.0,0.0,0.0,2
131347954,1,150.0,0.0,0.0,1
131364545,1,1.0,0.0,0.0,11
131389850,1,7.0,0.0,0.0,0
131403312,1,6.0,0.0,0.0,1
13150250,1,1.0,0.0,0.0,4
131584258,1,1.0,0.0,0.0,4
131738270,1,1.0,0.0,0.0,5
13191344,1,1.0,0.0,0.0,1
132057885,1,1.0,0.0,0.0,6
13222351,1,1.0,0.0,0.0,3
132232698,1,1.0,0.0,0.0,2
132313422,1,1.0,0.0,0.0,2
13238459,1,1.0,0.0,0.0,9
132518310,1,2.0,0.0,0.0,2
1325587,1,1.0,0.0,0.0,9
13258039,1,680.0,0.0,0.0,9
132776693,1,1.0,0.0,0.0,19
133067498,1,58.0,0.0,0.0,2
133092972,1,1.0,0.0,0.0,29
133134007,1,3.0,0.0,0.0,12
133238084,1,1.0,0.0,0.0,2
133275023,1,10.0,0.0,0.0,13
133411492,1,237.0,0.0,0.0,8
1334607,1,14.0,0.0,0.0,3
133491254,1,1.0,0.0,0.0,1
13379995,1,1.0,0.0,0.0,5
134018330,1,1.0,0.0,0.0,17
134603838,1,3.0,0.0,0.0,8
134683798,1,10.0,0.0,0.0,6
134862372,1,4.0,0.0,0.0,4
135175513,1,1.0,0.0,0.0,10
135201145,1,1.0,0.0,0.0,0
13524719,1,1.0,0.0,0.0,12
135356868,1,1.0,0.0,0.0,25
13539049,1,1.0,0.0,0.0,2
135618791,1,2.0,0.0,0.0,10
135798749,1,2.0,0.0,0.0,8
135900664,1,3.0,0.0,0.0,1
136060027,1,1.0,0.0,0.0,3
136202695,1,1.0,0.0,0.0,1
1362764,1,1.0,0.0,0.0,1
13655592,1,60.0,0.0,0.0,15
13674972,1,1.0,0.0,0.0,2
136806005,1,2.0,0.0,0.0,15
1368195,1,2.0,0.0,0.0,21
136926865,1,1.0,0.0,0.0,2
137101956,1,1.0,0.0,0.0,10
137137466,1,1.0,0.0,0.0,1
137247827,1,3.0,0.0,0.0,2
137255598,1,1.0,0.0,0.0,4
1372698,1,23.0,0.0,0.0,15
137430744,1,1.0,0.0,0.0,10
137444487,1,254.0,0.0,0.0,28
13745124,1,48.0,0.0,0.0,7
137451403,1,1.0,0.0,0.0,11
137724480,1,1.0,0.0,0.0,13
137814779,1,291.0,0.0,0.0,15
137855319,1,13.0,0.0,0.0,15
13793886,1,1.0,0.0,0.0,1
138105554,1,6.0,0.0,0.0,2
138290517,1,3.0,0.0,0.0,10
138411034,1,1.0,0.0,0.0,8
138596205,1,1.0,0.0,0.0,17
138597372,1,10.0,0.0,0.0,0
13868694,1,3.0,0.0,0.0,4
138707242,1,2.0,0.0,0.0,3
138717670,1,6.0,0.0,0.0,2
138867419,1,1.0,0.0,0.0,0
139076329,1,1.0,0.0,0.0,4
139201883,1,4.0,0.0,0.0,23
139405400,1,3.0,0.0,0.0,5
139499718,1,30.0,0.0,0.0,0
139543029,1,3.0,0.0,0.0,15
139545213,1,1.0,0.0,0.0,15
1397974,1,1.0,0.0,0.0,7
13998001,1,1.0,0.0,0.0,3
140029949,1,59.0,0.0,0.0,28
14003349,1,1.0,0.0,0.0,1
140034345,1,1.0,0.0,0.0,1
140053781,1,1.0,0.0,0.0,9
14008364,1,1.0,0.0,0.0,2
1402936,1,1.0,0.0,0.0,1
140325970,1,1.0,0.0,0.0,4
140482476,1,4.0,0.0,0.0,3
140656334,1,7.0,0.0,0.0,1
14115755,1,1.0,0.0,0.0,4
14128006,1,5.0,0.0,0.0,13
141345580,1,43.0,0.0,0.0,0
14135470,1,1.0,0.0,0.0,1
14143026,1,1.0,0.0,0.0,0
141451032,1,2.0,0.0,0.0,4
141621344,1,1.0,0.0,0.0,13
141846986,1,1.0,0.0,0.0,28
141877580,1,1.0,0.0,0.0,0
142017296,1,18.0,0.0,0.0,1
14210523,1,98.0,0.0,0.0,24
142161875,1,11.0,0.0,0.0,3
142369435,1,1.0,0.0,0.0,1
14243858,1,1.0,0.0,0.0,9
142473200,1,1.0,0.0,0.0,5
1425437,1,1.0,0.0,0.0,25
142720484,1,2.0,0.0,0.0,0
142890794,1,1.0,0.0,0.0,18
143040428,1,69.0,0.0,0.0,5
14313288,1,1.0,0.0,0.0,10
143262333,1,2.0,0.0,0.0,4
143321848,1,2.0,0.0,0.0,23
143344440,1,1.0,0.0,0.0,20
143379187,1,3.0,0.0,0.0,4
143839054,1,1.0,0.0,0.0,0
143840299,1,1.0,0.0,0.0,0
143841882,1,3.0,0.0,0.0,0
14389056,1,10.0,0.0,0.0,4
14401179,1,1.0,0.0,0.0,7
144025618,1,1.0,0.0,0.0,19
144073539,1,1.0,0.0,0.0,15
144092408,1,1.0,0.0,0.0,2
144403787,1,1.0,0.0,0.0,2
144419645,1,3.0,0.0,0.0,1
14447732,1,2.0,0.0,0.0,18
144573225,1,1.0,0.0,0.0,2
1446467,1,1.0,0.0,0.0,15
144708327,1,1.0,0.0,0.0,2
144749268,1,1.0,0.0,0.0,20
144751911,1,11.0,0.0,0.0,0
144752087,1,5.0,0.0,0.0,0
144952955,1,12.0,0.0,0.0,18
144987904,1,1.0,0.0,0.0,3
144999365,1,19.0,0.0,0.0,15
1450115,1,2.0,0.0,0.0,3
145036770,1,1.0,0.0,0.0,0
145076038,1,1.0,0.0,0.0,8
145263040,1,1.0,0.0,0.0,6
145303551,1,3.0,0.0,0.0,3
14532176,1,1.0,0.0,0.0,5
145749701,1,1.0,0.0,0.0,2
145880460,1,2.0,0.0,0.0,20
1458923,1,1.0,0.0,0.0,9
145900295,1,18.0,0.0,0.0,3
14594941,1,3.0,0.0,0.0,1
145976381,1,2.0,0.0,0.0,5
1460385,1,1.0,0.0,0.0,17
146116598,1,2.0,0.0,0.0,2
14624255,1,4.0,0.0,0.0,6
14627445,1,1.0,0.0,0.0,2
146285756,1,1.0,0.0,0.0,29
146285827,1,1.0,0.0,0.0,2
146313205,1,1.0,0.0,0.0,3
146468829,1,2.0,0.0,0.0,14
146510094,1,1.0,0.0,0.0,10
146678664,1,1.0,0.0,0.0,2
146722095,1,1.0,0.0,0.0,5
1468280,1,1.0,0.0,0.0,30
146879533,1,1.0,0.0,0.0,6
147069330,1,4.0,0.0,0.0,14
147069989,1,4.0,0.0,0.0,1
147195610,1,1.0,0.0,0.0,6
147213800,1,1.0,0.0,0.0,3
147342506,1,3.0,0.0,0.0,6
147566119,1,1.0,0.0,0.0,1
147740437,1,1.0,0.0,0.0,8
147767244,1,1.0,0.0,0.0,0
147809547,1,1.0,0.0,0.0,3
147850769,1,1.0,0.0,0.0,3
14812631,1,1.0,0.0,0.0,5
148137989,1,4.0,0.0,0.0,6
148253885,1,6.0,0.0,0.0,7
14829536,1,1.0,0.0,0.0,0
1483979,1,2.0,0.0,0.0,3
148546580,1,1.0,0.0,0.0,1
148666822,1,6.0,0.0,0.0,2
148698815,1,5.0,0.0,0.0,5
148723815,1,1.0,0.0,0.0,3
149026292,1,2.0,0.0,0.0,0
14904540,1,1.0,0.0,0.0,24
149199408,1,1.0,0.0,0.0,2
1493089,1,1.0,0.0,0.0,27
149355527,1,1.0,0.0,0.0,0
149638165,1,8.0,0.0,0.0,14
149782046,1,5.0,0.0,0.0,8
150110305,1,1.0,0.0,0.0,4
150154628,1,112.0,0.0,0.0,1
150225803,1,3.0,0.0,0.0,0
150307921,1,1.0,0.0,0.0,0
150444746,1,1.0,0.0,0.0,4
150468186,1,1.0,0.0,0.0,17
15056182,1,1.0,0.0,0.0,1
15062869,1,26.0,0.0,0.0,8
151068206,1,1.0,0.0,0.0,0
151122650,1,27.0,0.0,0.0,3
151231787,1,1.0,0.0,0.0,10
1512899,1,1.0,0.0,0.0,5
151298737,1,9.0,0.0,0.0,0
151455245,1,1.0,0.0,0.0,8
151717145,1,2.0,0.0,0.0,3
151740965,1,2.0,0.0,0.0,3
151760169,1,1.0,0.0,0.0,2
15176189,1,1.0,0.0,0.0,30
151846403,1,1.0,0.0,0.0,9
151898169,1,1.0,0.0,0.0,6
152034043,1,1.0,0.0,0.0,2
15208514,1,3.0,0.0,0.0,1
15213446,1,1.0,0.0,0.0,4
1523106,1,1.0,0.0,0.0,4
152424770,1,1.0,0.0,0.0,6
153180924,1,1.0,0.0,0.0,1
153279483,1,3.0,0.0,0.0,1
153315627,1,1.0,0.0,0.0,21
153460371,1,1.0,0.0,0.0,4
15357351,1,1.0,0.0,0.0,2
153694833,1,14.0,0.0,0.0,18
1538047,1,1.0,0.0,0.0,6
153882884,1,3.0,0.0,0.0,2
15389347,1,1.0,0.0,0.0,3
153996559,1,2.0,0.0,0.0,4
1539978,1,1.0,0.0,0.0,3
154318300,1,2.0,0.0,0.0,1
15437182,1,2.0,0.0,0.0,9
154422394,1,82.0,0.0,0.0,13
15450627,1,1.0,0.0,0.0,1
15452919,1,1.0,0.0,0.0,0
154606109,1,5.0,0.0,0.0,1
154832451,1,1.0,0.0,0.0,3
154962060,1,1.0,0.0,0.0,4
15502383,1,1.0,0.0,0.0,12
155136567,1,1.0,0.0,0.0,2
155220641,1,1.0,0.0,0.0,12
155286170,1,1.0,0.0,0.0,0
155379486,1,23.0,0.0,0.0,5
155609504,1,2.0,0.0,0.0,0
155740984,1,1.0,0.0,0.0,3
155749886,1,1.0,0.0,0.0,2
155858802,1,1.0,0.0,0.0,2
155941061,1,1.0,0.0,0.0,4
156066420,1,1.0,0.0,0.0,13
156111871,1,2.0,0.0,0.0,9
156204572,1,1.0,0.0,0.0,5
15625834,1,7.0,0.0,0.0,1
156599958,1,1.0,0.0,0.0,1
156606443,1,1.0,0.0,0.0,7
15661465,1,28.0,0.0,0.0,3
156968527,1,4.0,0.0,0.0,2
157008425,1,4.0,0.0,0.0,2
15730865,1,1.0,0.0,0.0,4
157397583,1,1.0,0.0,0.0,3
157422219,1,1.0,0.0,0.0,4
157463841,1,4.0,0.0,0.0,0
157514605,1,1.0,0.0,0.0,2
1575956,1,3.0,0.0,0.0,3
157629873,1,1.0,0.0,0.0,18
157680689,1,2.0,0.0,0.0,2
157821911,1,1.0,0.0,0.0,3
157827731,1,20.0,0.0,0.0,3
157863033,1,1.0,0.0,0.0,5
15807269,1,43.0,0.0,0.0,7
15823460,1,1.0,0.0,0.0,5
158403775,1,17.0,0.0,0.0,8
158437146,1,1.0,0.0,0.0,10
15861701,1,7.0,0.0,0.0,3
158756762,1,2.0,0.0,0.0,2
1588844,1,1.0,0.0,0.0,4
158906962,1,1.0,0.0,0.0,1
159049339,1,1.0,0.0,0.0,4
159351868,1,11.0,0.0,0.0,14
159548561,1,20.0,0.0,0.0,0
159568404,1,2.0,0.0,0.0,1
15992970,1,2.0,0.0,0.0,0
15993599,1,3.0,0.0,0.0,15
15993609,1,1.0,0.0,0.0,15
15993612,1,6.0,0.0,0.0,15
15993613,1,1.0,0.0,0.0,15
15993616,1,1.0,0.0,0.0,15
15993618,1,1.0,0.0,0.0,15
16019737,1,5.0,0.0,0.0,2
160253491,1,1.0,0.0,0.0,2
160367623,1,1.0,0.0,0.0,2
160689777,1,1.0,0.0,0.0,4
160735013,1,9.0,0.0,0.0,0
160784930,1,2.0,0.0,0.0,13
161001,1,1.0,0.0,0.0,6
161155314,1,1.0,0.0,0.0,8
161525880,1,2.0,0.0,0.0,1
161674141,1,1.0,0.0,0.0,2
161689193,1,1.0,0.0,0.0,0
161843366,1,1.0,0.0,0.0,2
161951219,1,1.0,0.0,0.0,5
161979323,1,1.0,0.0,0.0,5
162168274,1,3.0,0.0,0.0,6
162201964,1,1.0,0.0,0.0,4
162484658,1,17.0,0.0,0.0,8
162548942,1,1.0,0.0,0.0,15
162643764,1,1.0,0.0,0.0,0
162725910,1,11.0,0.0,0.0,8
162864176,1,4.0,0.0,0.0,8
16287235,1,17.0,0.0,0.0,7
16296100,1,1.0,0.0,0.0,3
163071182,1,1.0,0.0,0.0,3
16309670,1,1.0,0.0,0.0,4
163185206,1,1.0,0.0,0.0,4
163387337,1,1.0,0.0,0.0,11
163568212,1,1.0,0.0,0.0,4
163653257,1,1.0,0.0,0.0,0
163847389,1,3.0,0.0,0.0,4
163853205,1,1.0,0.0,0.0,9
164008820,1,51.0,0.0,0.0,2
164026325,1,2.0,0.0,0.0,1
164074287,1,1.0,0.0,0.0,1
164267980,1,1.0,0.0,0.0,8
16431132,1,5.0,0.0,0.0,1
164354270,1,1.0,0.0,0.0,9
1644196,1,1.0,0.0,0.0,5
1646466,1,1.0,0.0,0.0,16
164789751,1,1.0,0.0,0.0,9
164896915,1,1.0,0.0,0.0,4
16489874,1,95.0,0.0,0.0,7
164999650,1,1.0,0.0,0.0,5
165021340,1,9.0,0.0,0.0,4
165087274,1,1.0,0.0,0.0,0
165092572,1,1.0,0.0,0.0,2
16514887,1,1.0,0.0,0.0,2
16523712,1,2.0,0.0,0.0,24
165332779,1,1.0,0.0,0.0,0
165478163,1,3.0,0.0,0.0,0
165561258,1,1.0,0.0,0.0,0
16556373,1,2.0,0.0,0.0,6
16587283,1,1.0,0.0,0.0,1
165957180,1,3.0,0.0,0.0,2
16597023,1,1.0,0.0,0.0,4
166244463,1,2.0,0.0,0.0,4
166274005,1,1.0,0.0,0.0,1
166282681,1,836.0,0.0,0.0,1
166314916,1,2.0,0.0,0.0,1
166319643,1,1.0,0.0,0.0,1
166363507,1,1.0,0.0,0.0,12
166397747,1,1.0,0.0,0.0,3
166480286,1,2.0,0.0,0.0,1
166483718,1,1.0,0.0,0.0,28
16652218,1,1.0,0.0,0.0,2
166545969,1,1.0,0.0,0.0,0
166571755,1,1.0,0.0,0.0,16
166575621,1,1.0,0.0,0.0,1
1666245,1,1.0,0.0,0.0,20
166763279,1,10.0,0.0,0.0,1
167017214,1,4.0,0.0,0.0,1
1670832,1,1.0,0.0,0.0,15
167093203,1,1.0,0.0,0.0,1
167317243,1,16.0,0.0,0.0,2
16740838,1,1.0,0.0,0.0,5
167553735,1,3.0,0.0,0.0,0
167596974,1,1.0,0.0,0.0,5
167615437,1,127.0,0.0,0.0,10
167666671,1,3.0,0.0,0.0,8
167756292,1,1.0,0.0,0.0,9
167839176,1,2.0,0.0,0.0,0
167926123,1,1.0,0.0,0.0,2
16795933,1,3.0,0.0,0.0,15
168011367,1,1.0,0.0,0.0,2
168043047,1,2.0,0.0,0.0,1
1680909,1,2.0,0.0,0.0,3
168183392,1,1.0,0.0,0.0,11
168370,1,2.0,0.0,0.0,9
168736310,1,2177.0,0.0,0.0,7
168736372,1,1.0,0.0,0.0,7
168870773,1,2.0,0.0,0.0,3
169087223,1,1.0,0.0,0.0,8
169454043,1,1.0,0.0,0.0,5
169608259,1,2.0,0.0,0.0,6
169656159,1,4.0,0.0,0.0,0
16980777,1,5.0,0.0,0.0,6
16994340,1,1.0,0.0,0.0,9
17002442,1,7.0,0.0,0.0,1
170134290,1,1.0,0.0,0.0,29
170411418,1,19.0,0.0,0.0,2
170439169,1,1.0,0.0,0.0,0
170570699,1,1.0,0.0,0.0,0
1705960,1,2.0,0.0,0.0,3
170681535,1,2.0,0.0,0.0,11
170740248,1,1.0,0.0,0.0,11
17085874,1,1.0,0.0,0.0,1
171396748,1,1.0,0.0,0.0,17
171460321,1,1.0,0.0,0.0,7
171486120,1,2.0,0.0,0.0,30
172000765,1,1.0,0.0,0.0,4
172142138,1,2.0,0.0,0.0,2
172155554,1,1.0,0.0,0.0,7
172281423,1,1.0,0.0,0.0,4
17238321,1,1.0,0.0,0.0,3
172401332,1,3.0,0.0,0.0,0
17241201,1,1.0,0.0,0.0,1
172421430,1,1.0,0.0,0.0,5
172456427,1,21.0,0.0,0.0,4
172491601,1,1.0,0.0,0.0,3
172705585,1,1.0,0.0,0.0,10
172799788,1,1.0,0.0,0.0,12
173009358,1,3.0,0.0,0.0,2
17310686,1,2.0,0.0,0.0,1
1731413,1,8.0,0.0,0.0,17
173228436,1,1.0,0.0,0.0,5
173454206,1,1.0,0.0,0.0,4
173458129,1,5.0,0.0,0.0,1
173709830,1,22.0,0.0,0.0,19
173952378,1,1.0,0.0,0.0,4
173972535,1,1.0,0.0,0.0,5
174265685,1,1.0,0.0,0.0,0
174378326,1,2.0,0.0,0.0,5
174381831,1,1.0,0.0,0.0,0
174417748,1,2.0,0.0,0.0,13
174522026,1,1.0,0.0,0.0,8
174581882,1,1.0,0.0,0.0,7
1746398,1,4.0,0.0,0.0,27
175096978,1,1.0,0.0,0.0,4
175100306,1,1.0,0.0,0.0,13
175129788,1,2.0,0.0,0.0,1
17516793,1,2.0,0.0,0.0,4
175232615,1,1.0,0.0,0.0,0
175296188,1,1.0,0.0,0.0,12
175425051,1,1.0,0.0,0.0,2
175458368,1,2.0,0.0,0.0,2
175592968,1,5.0,0.0,0.0,1
17559913,1,1.0,0.0,0.0,0
1756541,1,4.0,0.0,0.0,3
175910132,1,1.0,0.0,0.0,8
1759835,1,1.0,0.0,0.0,2
176172924,1,1.0,0.0,0.0,8
17620347,1,2.0,0.0,0.0,14
176524785,1,2.0,0.0,0.0,3
176821351,1,1.0,0.0,0.0,4
17720373,1,2.0,0.0,0.0,6
177216640,1,1.0,0.0,0.0,5
17748183,1,2.0,0.0,0.0,5
177659629,1,1.0,0.0,0.0,2
178017670,1,1.0,0.0,0.0,6
1780633,1,4.0,0.0,0.0,17
178199416,1,13.0,0.0,0.0,1
178303050,1,2.0,0.0,0.0,2
178381879,1,1.0,0.0,0.0,2
178394770,1,1.0,0.0,0.0,1
178462204,1,1.0,0.0,0.0,5
178462340,1,2.0,0.0,0.0,3
178486642,1,1.0,0.0,0.0,1
178626720,1,1.0,0.0,0.0,21
178628673,1,5.0,0.0,0.0,2
178710662,1,1.0,0.0,0.0,13
178738123,1,4.0,0.0,0.0,3
17884290,1,16.0,0.0,0.0,14
178964735,1,2.0,0.0,0.0,25
178991158,1,1.0,0.0,0.0,0
179258435,1,1.0,0.0,0.0,25
179344069,1,2.0,0.0,0.0,4
179492861,1,1.0,0.0,0.0,0
179553396,1,2.0,0.0,0.0,6
179603362,1,1.0,0.0,0.0,5
179637219,1,1.0,0.0,0.0,3
179866722,1,3.0,0.0,0.0,4
180155433,1,22.0,0.0,0.0,2
180226750,1,1.0,0.0,0.0,3
18030517,1,1.0,0.0,0.0,4
1804055,1,2.0,0.0,0.0,1
180414458,1,1.0,0.0,0.0,10
180481986,1,1.0,0.0,0.0,2
180508509,1,2.0,0.0,0.0,1
1807659,1,1.0,0.0,0.0,30
180863671,1,4.0,0.0,0.0,23
18097275,1,1.0,0.0,0.0,21
181510702,1,12.0,0.0,0.0,3
181624025,1,1.0,0.0,0.0,10
181715383,1,1.0,0.0,0.0,2
181738376,1,3.0,0.0,0.0,1
18174590,1,4.0,0.0,0.0,0
18193978,1,2.0,0.0,0.0,1
181939935,1,1.0,0.0,0.0,13
182128122,1,2.0,0.0,0.0,0
182145736,1,1.0,0.0,0.0,0
183030217,1,2.0,0.0,0.0,1
183095067,1,2.0,0.0,0.0,0
183126028,1,1.0,0.0,0.0,2
18314451,1,4.0,0.0,0.0,2
18320947,1,1.0,0.0,0.0,21
183247201,1,7.0,0.0,0.0,2
183302822,1,1.0,0.0,0.0,10
183365721,1,1.0,0.0,0.0,2
183477487,1,2.0,0.0,0.0,0
183559023,1,1.0,0.0,0.0,0
183781681,1,9.0,0.0,0.0,8
183929744,1,1.0,0.0,0.0,0
18413405,1,6.0,0.0,0.0,2
184148355,1,13.0,0.0,0.0,0
184149296,1,16.0,0.0,0.0,10
184227406,1,1.0,0.0,0.0,2
184304089,1,1.0,0.0,0.0,22
184312964,1,1.0,0.0,0.0,6
184460,1,1.0,0.0,0.0,5
184484074,1,1.0,0.0,0.0,5
1845223,1,6.0,0.0,0.0,1
184635772,1,6.0,0.0,0.0,2
184636558,1,3.0,0.0,0.0,3
184654298,1,1.0,0.0,0.0,5
18469325,1,6.0,0.0,0.0,24
184734634,1,1.0,0.0,0.0,9
184792968,1,1.0,0.0,0.0,2
18492045,1,1.0,0.0,0.0,1
184955020,1,1.0,0.0,0.0,9
185240903,1,4.0,0.0,0.0,3
185278617,1,2.0,0.0,0.0,17
185478926,1,1.0,0.0,0.0,12
185651869,1,1.0,0.0,0.0,29
186904487,1,1.0,0.0,0.0,22
187042471,1,1.0,0.0,0.0,0
187113923,1,1.0,0.0,0.0,10
18712703,1,1.0,0.0,0.0,6
187231162,1,1.0,0.0,0.0,10
1874483,1,8.0,0.0,0.0,1
187694683,1,1.0,0.0,0.0,8
187811455,1,3.0,0.0,0.0,26
187847963,1,1.0,0.0,0.0,2
18785884,1,2.0,0.0,0.0,5
187879115,1,1.0,0.0,0.0,1
18800032,1,4.0,0.0,0.0,12
188057676,1,2.0,0.0,0.0,29
1885237,1,1.0,0.0,0.0,4
188779637,1,1.0,0.0,0.0,1
188811692,1,1.0,0.0,0.0,33
188828946,1,1.0,0.0,0.0,3
188836864,1,1.0,0.0,0.0,0
18891741,1,13.0,0.0,0.0,15
18893367,1,1.0,0.0,0.0,13
189012294,1,40.0,0.0,0.0,4
189029839,1,2.0,0.0,0.0,3
189044704,1,1.0,0.0,0.0,2
189447606,1,1.0,0.0,0.0,5
189621607,1,14.0,0.0,0.0,2
19000107,1,2.0,0.0,0.0,3
190051296,1,1.0,0.0,0.0,0
190163438,1,4.0,0.0,0.0,0
19016985,1,1.0,0.0,0.0,1
190198180,1,1.0,0.0,0.0,9
19030037,1,1.0,0.0,0.0,6
190478838,1,1.0,0.0,0.0,1
190704068,1,2.0,0.0,0.0,10
1908577,1,5.0,0.0,0.0,3
190994178,1,4.0,0.0,0.0,8
19101720,1,1.0,0.0,0.0,21
191163758,1,13.0,0.0,0.0,7
191249232,1,1.0,0.0,0.0,3
19128505,1,1.0,0.0,0.0,0
191316757,1,3.0,0.0,0.0,6
19138780,1,2.0,0.0,0.0,2
191461487,1,6.0,0.0,0.0,8
1915437,1,9.0,0.0,0.0,15
1916228,1,2.0,0.0,0.0,4
191655189,1,4.0,0.0,0.0,8
191751505,1,56.0,0.0,0.0,17
191779319,1,1.0,0.0,0.0,0
191838304,1,4.0,0.0,0.0,1
191880399,1,1.0,0.0,0.0,10
191937949,1,1.0,0.0,0.0,9
191942768,1,25.0,0.0,0.0,3
191973776,1,1.0,0.0,0.0,2
191988685,1,5.0,0.0,0.0,2
192345200,1,3.0,0.0,0.0,1
192366753,1,1.0,0.0,0.0,8
19244865,1,8.0,0.0,0.0,2
192587835,1,1.0,0.0,0.0,1
192625306,1,11.0,0.0,0.0,14
192631273,1,2.0,0.0,0.0,13
192689401,1,1.0,0.0,0.0,0
192768713,1,1.0,0.0,0.0,2
192805335,1,1.0,0.0,0.0,16
193056466,1,1.0,0.0,0.0,4
1931356,1,1.0,0.0,0.0,4
193156399,1,1.0,0.0,0.0,8
193215554,1,1.0,0.0,0.0,19
19323986,1,2.0,0.0,0.0,1
19330736,1,8.0,0.0,0.0,0
193500153,1,2.0,0.0,0.0,16
193784379,1,17.0,0.0,0.0,2
193929371,1,1.0,0.0,0.0,8
19449303,1,2.0,0.0,0.0,6
194617274,1,1.0,0.0,0.0,20
194645305,1,3.0,0.0,0.0,5
194829679,1,1.0,0.0,0.0,2
19485249,1,2.0,0.0,0.0,4
195088274,1,1.0,0.0,0.0,3
19512853,1,1.0,0.0,0.0,2
195277793,1,2.0,0.0,0.0,0
195747855,1,2.0,0.0,0.0,1
19582982,1,4.0,0.0,0.0,13
195927552,1,3.0,0.0,0.0,12
19618350,1,12.0,0.0,0.0,4
196253599,1,8.0,0.0,0.0,5
196358205,1,1.0,0.0,0.0,10
196555066,1,3.0,0.0,0.0,1
196587809,1,2.0,0.0,0.0,6
196629842,1,1.0,0.0,0.0,0
196639786,1,1.0,0.0,0.0,27
196650278,1,7.0,0.0,0.0,18
196680411,1,7.0,0.0,0.0,3
196758769,1,1.0,0.0,0.0,4
19689699,1,1.0,0.0,0.0,1
197077443,1,2.0,0.0,0.0,10
197139729,1,2.0,0.0,0.0,11
197220033,1,1.0,0.0,0.0,3
197281609,1,1.0,0.0,0.0,3
197299111,1,1.0,0.0,0.0,1
197367072,1,1.0,0.0,0.0,1
19746601,1,1.0,0.0,0.0,0
197658090,1,2.0,0.0,0.0,13
197709259,1,1.0,0.0,0.0,3
197730309,1,1.0,0.0,0.0,1
19794451,1,15.0,0.0,0.0,2
198009353,1,1.0,0.0,0.0,16
1983092,1,1.0,0.0,0.0,5
198484780,1,1.0,0.0,0.0,6
198711527,1,2.0,0.0,0.0,8
198802259,1,1.0,0.0,0.0,3
198966166,1,7.0,0.0,0.0,0
199041238,1,1.0,0.0,0.0,3
199060308,1,1.0,0.0,0.0,2
1993762,1,1.0,0.0,0.0,25
199398069,1,1.0,0.0,0.0,12
199488860,1,1.0,0.0,0.0,6
199703788,1,1.0,0.0,0.0,2
19975250,1,1.0,0.0,0.0,1
199813084,1,1.0,0.0,0.0,18
199863976,1,1.0,0.0,0.0,0
199940050,1,1.0,0.0,0.0,1
199997323,1,1.0,0.0,0.0,1
200030123,1,1.0,0.0,0.0,5
20015974,1,1.0,0.0,0.0,3
200259335,1,1.0,0.0,0.0,14
200271950,1,1.0,0.0,0.0,10
20031333,1,1.0,0.0,0.0,5
200346067,1,1.0,0.0,0.0,2
2003641,1,1.0,0.0,0.0,1
20037550,1,77.0,0.0,0.0,19
200458979,1,1.0,0.0,0.0,3
200511807,1,90.0,0.0,0.0,0
20072342,1,1.0,0.0,0.0,4
20101515,1,1.0,0.0,0.0,4
201103120,1,2.0,0.0,0.0,1
201118306,1,1.0,0.0,0.0,2
201284004,1,1.0,0.0,0.0,4
201284016,1,2.0,0.0,0.0,10
201441751,1,2.0,0.0,0.0,17
201885288,1,2.0,0.0,0.0,3
201975309,1,1.0,0.0,0.0,4
202061775,1,1.0,0.0,0.0,9
202127068,1,41.0,0.0,0.0,6
20236160,1,1.0,0.0,0.0,4
202379383,1,2.0,0.0,0.0,0
20245398,1,1.0,0.0,0.0,1
20248082,1,2.0,0.0,0.0,1
20248084,1,1.0,0.0,0.0,6
202936427,1,1.0,0.0,0.0,1
20312497,1,6.0,0.0,0.0,29
203132746,1,2.0,0.0,0.0,9
203150729,1,1.0,0.0,0.0,5
203259544,1,1.0,0.0,0.0,8
2032665,1,2.0,0.0,0.0,7
203267660,1,1.0,0.0,0.0,9
203410297,1,1.0,0.0,0.0,3
203461790,1,1.0,0.0,0.0,3
203537234,1,5.0,0.0,0.0,1
203553224,1,1.0,0.0,0.0,10
203589409,1,1.0,0.0,0.0,4
20364355,1,2.0,0.0,0.0,3
203668074,1,2.0,0.0,0.0,0
203697873,1,173.0,0.0,0.0,16
203863933,1,1.0,0.0,0.0,10
20388420,1,2.0,0.0,0.0,1
204086862,1,1.0,0.0,0.0,1
20415251,1,1.0,0.0,0.0,1
204253808,1,1.0,0.0,0.0,13
204513717,1,1.0,0.0,0.0,10
204553191,1,1.0,0.0,0.0,0
204593825,1,1.0,0.0,0.0,18
204631624,1,1.0,0.0,0.0,2
204727434,1,10.0,0.0,0.0,4
204788647,1,4.0,0.0,0.0,1
204888772,1,3.0,0.0,0.0,2
20491274,1,68.0,0.0,0.0,2
2049404,1,2.0,0.0,0.0,3
204949228,1,1.0,0.0,0.0,0
204949916,1,1.0,0.0,0.0,4
20543575,1,2.0,0.0,0.0,11
2055965,1,1.0,0.0,0.0,3
20570214,1,1.0,0.0,0.0,1
205870847,1,1.0,0.0,0.0,6
205966957,1,2.0,0.0,0.0,12
206130163,1,2.0,0.0,0.0,8
206228780,1,2.0,0.0,0.0,1
206320,1,6.0,0.0,0.0,3
206337472,1,1.0,0.0,0.0,7
206372614,1,14.0,0.0,0.0,18
206378,1,3.0,0.0,0.0,1
206396,1,4.0,0.0,0.0,1
206398,1,1.0,0.0,0.0,6
206427,1,13.0,0.0,0.0,3
20647396,1,1.0,0.0,0.0,1
206632,1,1.0,0.0,0.0,1
20675634,1,3.0,0.0,0.0,5
206917262,1,1.0,0.0,0.0,6
206917473,1,1.0,0.0,0.0,4
20736043,1,8.0,0.0,0.0,5
207363466,1,1.0,0.0,0.0,10
2074703,1,1.0,0.0,0.0,4
207585477,1,1.0,0.0,0.0,13
207618995,1,3.0,0.0,0.0,8
208047461,1,2.0,0.0,0.0,4
208243336,1,1.0,0.0,0.0,10
20831114,1,1.0,0.0,0.0,2
208509888,1,1.0,0.0,0.0,5
208795891,1,1.0,0.0,0.0,5
209101661,1,1.0,0.0,0.0,23
209217594,1,4.0,0.0,0.0,25
209491653,1,1.0,0.0,0.0,10
209600930,1,1.0,0.0,0.0,2
209642759,1,3.0,0.0,0.0,1
209657662,1,1.0,0.0,0.0,2
21052744,1,1.0,0.0,0.0,3
210583017,1,1.0,0.0,0.0,6
210788647,1,3.0,0.0,0.0,2
210909024,1,3.0,0.0,0.0,8
210933087,1,9.0,0.0,0.0,1
211165922,1,2.0,0.0,0.0,5
21125024,1,17.0,0.0,0.0,24
2112962,1,1.0,0.0,0.0,9
211309920,1,5.0,0.0,0.0,6
211340922,1,1.0,0.0,0.0,5
2113660,1,2.0,0.0,0.0,2
211494818,1,1.0,0.0,0.0,1
212378409,1,1.0,0.0,0.0,16
212382406,1,1.0,0.0,0.0,1
212459447,1,1.0,0.0,0.0,25
212465715,1,31.0,0.0,0.0,1
212709818,1,1.0,0.0,0.0,0
212786426,1,1.0,0.0,0.0,1
212857695,1,20.0,0.0,0.0,16
212984760,1,1.0,0.0,0.0,1
21303988,1,2.0,0.0,0.0,1
21306961,1,11.0,0.0,0.0,2
21338027,1,38.0,0.0,0.0,14
213417638,1,2.0,0.0,0.0,3
2134191,1,1.0,0.0,0.0,6
213449445,1,1.0,0.0,0.0,4
213633271,1,10.0,0.0,0.0,17
213701835,1,1.0,0.0,0.0,23
213717832,1,1.0,0.0,0.0,13
213793403,1,1.0,0.0,0.0,2
213852395,1,1.0,0.0,0.0,2
214215524,1,2.0,0.0,0.0,5
214266955,1,16.0,0.0,0.0,2
214273093,1,1.0,0.0,0.0,1
214350064,1,6.0,0.0,0.0,1
214361893,1,2.0,0.0,0.0,12
21440127,1,94.0,0.0,0.0,8
214487724,1,21.0,0.0,0.0,0
214566843,1,4.0,0.0,0.0,6
21467907,1,2.0,0.0,0.0,1
21488145,1,7.0,0.0,0.0,2
214996328,1,1.0,0.0,0.0,15
215108366,1,205.0,0.0,0.0,16
215231163,1,3.0,0.0,0.0,2
215263010,1,6.0,0.0,0.0,5
215532341,1,1.0,0.0,0.0,2
215570371,1,6.0,0.0,0.0,17
215638242,1,1.0,0.0,0.0,6
215875945,1,1.0,0.0,0.0,4
21591001,1,5.0,0.0,0.0,2
215948042,1,5.0,0.0,0.0,1
216069489,1,4.0,0.0,0.0,18
216143574,1,1.0,0.0,0.0,0
216207542,1,1.0,0.0,0.0,1
216254547,1,4.0,0.0,0.0,3
216283035,1,14.0,0.0,0.0,9
216478215,1,2.0,0.0,0.0,2
216581567,1,3.0,0.0,0.0,1
216847853,1,5.0,0.0,0.0,0
21686666,1,1.0,0.0,0.0,0
21704134,1,1.0,0.0,0.0,2
217067290,1,1.0,0.0,0.0,5
21708091,1,1.0,0.0,0.0,4
21708754,1,1.0,0.0,0.0,2
217354397,1,1.0,0.0,0.0,0
21759652,1,2.0,0.0,0.0,1
217627454,1,1.0,0.0,0.0,1
21772838,1,1.0,0.0,0.0,0
218006898,1,1.0,0.0,0.0,2
218025521,1,2.0,0.0,0.0,5
218158416,1,1.0,0.0,0.0,8
218396611,1,5.0,0.0,0.0,19
218525428,1,2.0,0.0,0.0,19
218559411,1,3.0,0.0,0.0,25
218629347,1,1.0,0.0,0.0,4
218852626,1,1.0,0.0,0.0,6
219035799,1,1.0,0.0,0.0,6
219045178,1,2.0,0.0,0.0,0
219061541,1,8.0,0.0,0.0,13
219505677,1,1.0,0.0,0.0,4
219515346,1,2.0,0.0,0.0,3
219865964,1,4.0,0.0,0.0,0
219915319,1,1.0,0.0,0.0,4
22017842,1,1.0,0.0,0.0,11
220362473,1,8.0,0.0,0.0,1
220602533,1,5.0,0.0,0.0,1
220778874,1,1.0,0.0,0.0,9
220808376,1,2.0,0.0,0.0,4
221177708,1,3.0,0.0,0.0,11
221407234,1,1.0,0.0,0.0,4
221437306,1,3.0,0.0,0.0,4
221574203,1,1.0,0.0,0.0,19
221584272,1,1.0,0.0,0.0,5
221600181,1,1.0,0.0,0.0,6
221654776,1,2.0,0.0,0.0,5
221787679,1,1.0,0.0,0.0,2
221981891,1,59.0,0.0,0.0,1
221989665,1,1.0,0.0,0.0,7
222023566,1,1.0,0.0,0.0,4
222364980,1,5.0,0.0,0.0,12
222501873,1,1.0,0.0,0.0,5
222735791,1,18.0,0.0,0.0,16
222960238,1,7.0,0.0,0.0,8
22321368,1,3.0,0.0,0.0,4
223241444,1,6.0,0.0,0.0,23
223268020,1,1.0,0.0,0.0,4
223420284,1,1.0,0.0,0.0,5
223442049,1,23.0,0.0,0.0,5
223708643,1,10.0,0.0,0.0,7
22374529,1,1.0,0.0,0.0,7
223794069,1,1.0,0.0,0.0,2
224104199,1,2.0,0.0,0.0,10
224225724,1,2.0,0.0,0.0,11
224289715,1,48.0,0.0,0.0,2
22432442,1,37.0,0.0,0.0,0
224374031,1,4.0,0.0,0.0,7
22442659,1,1.0,0.0,0.0,21
224592887,1,162.0,0.0,0.0,1
224674233,1,1.0,0.0,0.0,14
22479136,1,1.0,0.0,0.0,8
225419211,1,3.0,0.0,0.0,5
225497783,1,5.0,0.0,0.0,2
22558387,1,1.0,0.0,0.0,20
225690537,1,803.0,0.0,0.0,13
22571838,1,7.0,0.0,0.0,0
225885766,1,1.0,0.0,0.0,16
22608597,1,1.0,0.0,0.0,3
226151984,1,1.0,0.0,0.0,4
226167176,1,1.0,0.0,0.0,9
226354201,1,2.0,0.0,0.0,2
22660515,1,1.0,0.0,0.0,9
226668025,1,2.0,0.0,0.0,7
226724438,1,1.0,0.0,0.0,5
226992639,1,1.0,0.0,0.0,5
227300707,1,1.0,0.0,0.0,1
227460322,1,1.0,0.0,0.0,8
227465592,1,1.0,0.0,0.0,1
227542815,1,2.0,0.0,0.0,0
227805015,1,2.0,0.0,0.0,2
228117837,1,3.0,0.0,0.0,4
228390865,1,1.0,0.0,0.0,1
22841549,1,2.0,0.0,0.0,0
228435476,1,1.0,0.0,0.0,2
228829544,1,1.0,0.0,0.0,0
22883472,1,2.0,0.0,0.0,6
228868155,1,3.0,0.0,0.0,8
228925870,1,1.0,0.0,0.0,2
229011395,1,1.0,0.0,0.0,5
229030654,1,1.0,0.0,0.0,2
229145432,1,7.0,0.0,0.0,14
229315360,1,1.0,0.0,0.0,4
22959046,1,1.0,0.0,0.0,25
229959677,1,1.0,0.0,0.0,2
230075785,1,5.0,0.0,0.0,17
23013460,1,1.0,0.0,0.0,8
230219297,1,1.0,0.0,0.0,3
23050110,1,39.0,0.0,0.0,3
230737113,1,1.0,0.0,0.0,12
230847070,1,4.0,0.0,0.0,2
230993380,1,1.0,0.0,0.0,2
231150319,1,2.0,0.0,0.0,14
231268,1,3.0,0.0,0.0,15
231798478,1,1.0,0.0,0.0,4
231824392,1,1.0,0.0,0.0,9
232099133,1,1.0,0.0,0.0,2
232160635,1,1.0,0.0,0.0,8
23235250,1,1.0,0.0,0.0,3
23254194,1,1.0,0.0,0.0,31
23277480,1,1.0,0.0,0.0,1
233320086,1,2.0,0.0,0.0,6
23335281,1,1.0,0.0,0.0,28
23351479,1,3.0,0.0,0.0,3
233563057,1,1.0,0.0,0.0,1
23356570,1,2.0,0.0,0.0,25
23362234,1,3.0,0.0,0.0,2
23368445,1,1.0,0.0,0.0,18
233938764,1,1.0,0.0,0.0,1
2339555,1,1.0,0.0,0.0,4
233984636,1,1.0,0.0,0.0,5
234167893,1,1.0,0.0,0.0,1
234270760,1,1.0,0.0,0.0,1
23465977,1,3.0,0.0,0.0,14
234727608,1,1.0,0.0,0.0,9
234798675,1,1.0,0.0,0.0,4
234839116,1,5.0,0.0,0.0,2
234890761,1,1.0,0.0,0.0,4
23496893,1,1.0,0.0,0.0,11
235075339,1,14.0,0.0,0.0,18
235590808,1,1.0,0.0,0.0,0
235638810,1,1.0,0.0,0.0,1
23572616,1,1.0,0.0,0.0,6
2358108,1,1.0,0.0,0.0,3
235819600,1,2.0,0.0,0.0,4
235822784,1,1.0,0.0,0.0,13
235860204,1,1.0,0.0,0.0,1
235866201,1,3.0,0.0,0.0,1
235901813,1,2.0,0.0,0.0,4
236055696,1,6.0,0.0,0.0,2
236106066,1,2.0,0.0,0.0,13
23622727,1,33.0,0.0,0.0,2
2365549,1,1.0,0.0,0.0,6
236570305,1,1.0,0.0,0.0,1
236570369,1,11.0,0.0,0.0,1
23670203,1,1.0,0.0,0.0,6
236824540,1,26.0,0.0,0.0,23
236828515,1,1.0,0.0,0.0,10
236953554,1,19.0,0.0,0.0,0
237159,1,6.0,0.0,0.0,3
23727431,1,14.0,0.0,0.0,8
237360465,1,4.0,0.0,0.0,3
237402828,1,1.0,0.0,0.0,12
237409088,1,1.0,0.0,0.0,1
237459124,1,2.0,0.0,0.0,5
237523442,1,1.0,0.0,0.0,2
237547093,1,3.0,0.0,0.0,15
237617513,1,3.0,0.0,0.0,1
237707489,1,1.0,0.0,0.0,16
237844675,1,2.0,0.0,0.0,0
23797421,1,1.0,0.0,0.0,1
23821422,1,5.0,0.0,0.0,1
238290996,1,2.0,0.0,0.0,0
238372891,1,1.0,0.0,0.0,12
23837751,1,3.0,0.0,0.0,11
2383782,1,1.0,0.0,0.0,1
238683847,1,1.0,0.0,0.0,5
239253118,1,1.0,0.0,0.0,2
23930639,1,3.0,0.0,0.0,3
239381576,1,1.0,0.0,0.0,2
239416281,1,1.0,0.0,0.0,4
2394379,1,10.0,0.0,0.0,3
239469102,1,2.0,0.0,0.0,6
2396600,1,6.0,0.0,0.0,1
239770490,1,1.0,0.0,0.0,1
239781275,1,1.0,0.0,0.0,13
24000265,1,27.0,0.0,0.0,15
2401217,1,1.0,0.0,0.0,27
240147659,1,2.0,0.0,0.0,12
240151150,1,118.0,0.0,0.0,28
240215314,1,1.0,0.0,0.0,7
240317939,1,9.0,0.0,0.0,26
240328897,1,1.0,0.0,0.0,3
240466,1,3.0,0.0,0.0,1
240543078,1,1.0,0.0,0.0,5
240819531,1,3.0,0.0,0.0,20
240912221,1,1.0,0.0,0.0,1
240949621,1,1.0,0.0,0.0,0
240971435,1,1.0,0.0,0.0,5
241163393,1,1.0,0.0,0.0,4
241268229,1,434.0,0.0,0.0,28
241506979,1,1.0,0.0,0.0,0
24167016,1,2.0,0.0,0.0,3
241853427,1,1.0,0.0,0.0,1
241903378,1,2.0,0.0,0.0,2
24195339,1,2.0,0.0,0.0,3
242094505,1,1.0,0.0,0.0,1
2423322,1,3.0,0.0,0.0,1
242479774,1,4.0,0.0,0.0,0
242581770,1,1.0,0.0,0.0,8
242754476,1,2.0,0.0,0.0,9
242765280,1,1.0,0.0,0.0,8
242776849,1,1.0,0.0,0.0,7
242828875,1,2.0,0.0,0.0,0
242856167,1,1.0,0.0,0.0,13
242923033,1,2.0,0.0,0.0,4
242923372,1,17.0,0.0,0.0,2
242970900,1,6.0,0.0,0.0,1
2430537,1,29.0,0.0,0.0,14
243452117,1,3.0,0.0,0.0,1
24349832,1,1.0,0.0,0.0,1
243538828,1,1.0,0.0,0.0,0
243668393,1,1.0,0.0,0.0,5
243808437,1,1.0,0.0,0.0,3
24385451,1,1.0,0.0,0.0,8
244123773,1,52.0,0.0,0.0,3
2441517,1,1.0,0.0,0.0,1
244496643,1,156.0,0.0,0.0,28
244514240,1,1.0,0.0,0.0,4
244554606,1,2.0,0.0,0.0,5
244958571,1,2.0,0.0,0.0,2
244979294,1,4.0,0.0,0.0,1
24499046,1,16.0,0.0,0.0,3
245388716,1,2.0,0.0,0.0,3
246133980,1,1.0,0.0,0.0,8
246338488,1,1.0,0.0,0.0,1
24653868,1,2.0,0.0,0.0,3
24693026,1,1.0,0.0,0.0,25
247111689,1,1.0,0.0,0.0,25
247399816,1,1.0,0.0,0.0,0
247430773,1,1.0,0.0,0.0,2
24747723,1,38.0,0.0,0.0,17
247587757,1,1.0,0.0,0.0,8
247590545,1,1.0,0.0,0.0,2
2476162,1,1.0,0.0,0.0,11
24806180,1,1.0,0.0,0.0,1
2484785,1,1.0,0.0,0.0,5
248537383,1,2.0,0.0,0.0,0
248790367,1,11.0,0.0,0.0,2
248868816,1,6.0,0.0,0.0,8
2489216,1,1.0,0.0,0.0,3
24894902,1,1.0,0.0,0.0,6
249098063,1,26.0,0.0,0.0,3
249152133,1,1.0,0.0,0.0,2
249188235,1,7.0,0.0,0.0,2
249319182,1,2.0,0.0,0.0,9
249466377,1,46.0,0.0,0.0,23
249512698,1,19.0,0.0,0.0,14
24963784,1,20.0,0.0,0.0,1
249722766,1,1.0,0.0,0.0,8
24993138,1,1.0,0.0,0.0,2
249956697,1,4.0,0.0,0.0,21
250110282,1,15.0,0.0,0.0,3
250110372,1,1.0,0.0,0.0,3
250213286,1,1.0,0.0,0.0,17
25026453,1,1.0,0.0,0.0,20
2504175,1,2.0,0.0,0.0,10
250552313,1,1.0,0.0,0.0,18
250652185,1,15.0,0.0,0.0,8
250782700,1,1.0,0.0,0.0,4
251312202,1,1.0,0.0,0.0,18
251420886,1,2.0,0.0,0.0,2
251584398,1,1.0,0.0,0.0,0
2516976,1,1.0,0.0,0.0,0
25174671,1,2.0,0.0,0.0,21
251747948,1,3.0,0.0,0.0,12
25175723,1,1.0,0.0,0.0,19
252325176,1,1.0,0.0,0.0,16
252494861,1,1.0,0.0,0.0,3
252522672,1,2.0,0.0,0.0,4
252523575,1,1.0,0.0,0.0,3
252604066,1,1.0,0.0,0.0,8
252649194,1,1.0,0.0,0.0,0
25287349,1,3.0,0.0,0.0,26
2529486,1,1.0,0.0,0.0,6
25299152,1,1.0,0.0,0.0,13
253103317,1,1.0,0.0,0.0,1
25345759,1,4.0,0.0,0.0,11
253614369,1,2.0,0.0,0.0,0
253650720,1,1.0,0.0,0.0,8
25372501,1,1.0,0.0,0.0,3
254116626,1,2.0,0.0,0.0,2
254149837,1,8.0,0.0,0.0,16
25417964,1,27.0,0.0,0.0,2
254578428,1,1.0,0.0,0.0,10
25459400,1,1.0,0.0,0.0,7
254623350,1,2.0,0.0,0.0,4
254774075,1,83.0,0.0,0.0,0
254865575,1,14.0,0.0,0.0,7
254894997,1,1.0,0.0,0.0,2
25494583,1,1.0,0.0,0.0,2
255043026,1,14.0,0.0,0.0,0
255071936,1,1.0,0.0,0.0,5
255086434,1,1.0,0.0,0.0,1
25516648,1,1.0,0.0,0.0,0
255262523,1,3.0,0.0,0.0,4
255546948,1,3.0,0.0,0.0,25
255592249,1,1.0,0.0,0.0,5
255983152,1,1.0,0.0,0.0,0
256061008,1,3.0,0.0,0.0,6
256133315,1,1.0,0.0,0.0,2
256256737,1,1.0,0.0,0.0,3
256328151,1,1.0,0.0,0.0,5
2564522,1,1.0,0.0,0.0,3
256534527,1,1.0,0.0,0.0,16
256736474,1,1.0,0.0,0.0,4
256942539,1,1.0,0.0,0.0,5
257044091,1,26.0,0.0,0.0,3
257130655,1,1.0,0.0,0.0,5
257145326,1,2.0,0.0,0.0,12
25719147,1,3.0,0.0,0.0,2
25720744,1,1.0,0.0,0.0,3
257240218,1,2.0,0.0,0.0,1
257240581,1,11.0,0.0,0.0,1
257313499,1,1.0,0.0,0.0,12
2575826,1,1.0,0.0,0.0,1
257933864,1,25.0,0.0,0.0,12
2580768,1,1.0,0.0,0.0,6
2580769,1,2.0,0.0,0.0,1
258271226,1,1.0,0.0,0.0,3
258297672,1,2.0,0.0,0.0,1
258546843,1,2.0,0.0,0.0,0
258556027,1,1.0,0.0,0.0,6
258713958,1,1.0,0.0,0.0,17
259281907,1,4.0,0.0,0.0,4
25951358,1,1.0,0.0,0.0,2
259626767,1,23.0,0.0,0.0,2
259710503,1,1.0,0.0,0.0,6
259777710,1,1.0,0.0,0.0,5
259933623,1,4.0,0.0,0.0,2
260167348,1,3.0,0.0,0.0,4
26018608,1,1.0,0.0,0.0,0
2601923,1,38.0,0.0,0.0,15
260236126,1,1.0,0.0,0.0,2
260338399,1,4.0,0.0,0.0,26
260351573,1,1.0,0.0,0.0,32
26038648,1,61.0,0.0,0.0,17
260452791,1,1.0,0.0,0.0,2
260488959,1,3.0,0.0,0.0,2
260889387,1,1.0,0.0,0.0,7
260960262,1,1.0,0.0,0.0,2
261032128,1,1.0,0.0,0.0,30
261141187,1,1.0,0.0,0.0,8
261265804,1,2.0,0.0,0.0,20
26126838,1,1.0,0.0,0.0,25
26127968,1,1.0,0.0,0.0,2
261293951,1,1.0,0.0,0.0,0
261541008,1,1.0,0.0,0.0,2
2615616,1,1.0,0.0,0.0,1
26181278,1,1.0,0.0,0.0,6
261895262,1,1.0,0.0,0.0,4
26210598,1,1.0,0.0,0.0,13
262289747,1,1.0,0.0,0.0,1
262521997,1,43.0,0.0,0.0,2
26289803,1,2.0,0.0,0.0,8
26290249,1,1.0,0.0,0.0,2
263035471,1,3.0,0.0,0.0,1
26311145,1,5.0,0.0,0.0,3
263165647,1,1.0,0.0,0.0,2
263411323,1,11.0,0.0,0.0,1
263472353,1,8.0,0.0,0.0,10
263609668,1,2.0,0.0,0.0,6
263701613,1,1.0,0.0,0.0,26
26371893,1,1.0,0.0,0.0,13
263752806,1,1.0,0.0,0.0,19
264043501,1,1.0,0.0,0.0,1
26426726,1,4.0,0.0,0.0,1
264742473,1,1.0,0.0,0.0,2
264818686,1,1.0,0.0,0.0,28
264855617,1,1.0,0.0,0.0,6
264999390,1,3.0,0.0,0.0,1
265183027,1,1.0,0.0,0.0,2
26521129,1,1.0,0.0,0.0,5
265258032,1,1.0,0.0,0.0,2
265363855,1,1.0,0.0,0.0,0
265444433,1,169.0,0.0,0.0,19
265601040,1,1.0,0.0,0.0,11
265621392,1,1.0,0.0,0.0,2
26562411,1,1.0,0.0,0.0,1
26579900,1,2.0,0.0,0.0,15
26610130,1,2.0,0.0,0.0,27
266179818,1,4.0,0.0,0.0,1
26628954,1,1.0,0.0,0.0,3
2669041,1,1.0,0.0,0.0,2
267024149,1,1.0,0.0,0.0,22
267118495,1,1.0,0.0,0.0,11
267161970,1,9.0,0.0,0.0,2
267273319,1,2.0,0.0,0.0,17
267324234,1,1.0,0.0,0.0,0
267410733,1,1.0,0.0,0.0,18
2675355,1,1.0,0.0,0.0,6
26782461,1,2.0,0.0,0.0,24
26785339,1,1.0,0.0,0.0,2
268179753,1,20.0,0.0,0.0,0
268274269,1,96.0,0.0,0.0,16
26827696,1,1.0,0.0,0.0,6
268568992,1,1.0,0.0,0.0,16
268591722,1,1.0,0.0,0.0,6
268817515,1,1.0,0.0,0.0,16
268833180,1,10.0,0.0,0.0,3
268936983,1,1.0,0.0,0.0,4
269159100,1,2.0,0.0,0.0,6
269177629,1,3.0,0.0,0.0,2
269238359,1,1.0,0.0,0.0,3
26947860,1,1.0,0.0,0.0,3
269560571,1,1.0,0.0,0.0,0
269612753,1,1.0,0.0,0.0,6
270591305,1,1.0,0.0,0.0,1
271140688,1,1.0,0.0,0.0,8
271251138,1,2.0,0.0,0.0,19
271357052,1,1.0,0.0,0.0,5
271409073,1,1.0,0.0,0.0,6
2718248,1,1.0,0.0,0.0,14
271913609,1,1.0,0.0,0.0,9
272244219,1,1.0,0.0,0.0,4
273084758,1,1.0,0.0,0.0,6
273200471,1,5.0,0.0,0.0,19
273382715,1,1.0,0.0,0.0,1
273550906,1,11.0,0.0,0.0,8
27358084,1,1.0,0.0,0.0,13
273601619,1,2.0,0.0,0.0,2
273741035,1,31.0,0.0,0.0,0
2740148,1,1.0,0.0,0.0,6
274077404,1,1.0,0.0,0.0,1
274116286,1,11.0,0.0,0.0,8
274135349,1,19.0,0.0,0.0,2
274705319,1,21.0,0.0,0.0,8
274753366,1,22.0,0.0,0.0,18
274799566,1,2.0,0.0,0.0,1
27500243,1,2.0,0.0,0.0,7
275084371,1,1.0,0.0,0.0,8
275100970,1,1.0,0.0,0.0,2
27522251,1,14.0,0.0,0.0,2
275257814,1,3.0,0.0,0.0,9
27546391,1,1.0,0.0,0.0,3
275516738,1,2.0,0.0,0.0,0
275647768,1,3.0,0.0,0.0,8
275650396,1,3.0,0.0,0.0,1
275707200,1,1.0,0.0,0.0,16
275993885,1,11.0,0.0,0.0,9
276025804,1,5.0,0.0,0.0,1
276136616,1,4.0,0.0,0.0,3
276189831,1,1.0,0.0,0.0,13
276192114,1,2.0,0.0,0.0,6
276293992,1,7.0,0.0,0.0,5
276304668,1,1.0,0.0,0.0,2
276347473,1,2.0,0.0,0.0,16
276535130,1,1.0,0.0,0.0,10
276685482,1,785.0,0.0,0.0,13
276898192,1,1.0,0.0,0.0,4
277189053,1,2.0,0.0,0.0,19
27721932,1,33.0,0.0,0.0,3
27729171,1,1.0,0.0,0.0,4
27759161,1,1.0,0.0,0.0,0
277836190,1,2.0,0.0,0.0,16
277837858,1,1.0,0.0,0.0,0
277852028,1,1.0,0.0,0.0,9
277923166,1,1.0,0.0,0.0,2
278098612,1,1.0,0.0,0.0,0
278640104,1,1.0,0.0,0.0,14
278745987,1,4.0,0.0,0.0,9
27883327,1,1.0,0.0,0.0,3
27889694,1,161.0,0.0,0.0,1
279083788,1,2.0,0.0,0.0,4
279115112,1,1.0,0.0,0.0,1
279134229,1,2.0,0.0,0.0,4
279258716,1,1.0,0.0,0.0,1
27929056,1,48.0,0.0,0.0,8
279376765,1,1.0,0.0,0.0,2
27945817,1,2.0,0.0,0.0,2
279553,1,16.0,0.0,0.0,1
279622976,1,7.0,0.0,0.0,0
279678961,1,6.0,0.0,0.0,2
279745783,1,1.0,0.0,0.0,17
27974762,1,56.0,0.0,0.0,0
27994296,1,15.0,0.0,0.0,1
28011464,1,2.0,0.0,0.0,2
280276446,1,54.0,0.0,0.0,1
280356979,1,2.0,0.0,0.0,4
2804383,1,5.0,0.0,0.0,3
2804438,1,4.0,0.0,0.0,1
280818415,1,1.0,0.0,0.0,5
281550668,1,1.0,0.0,0.0,11
28156794,1,1.0,0.0,0.0,3
281634568,1,4.0,0.0,0.0,16
281870638,1,2.0,0.0,0.0,5
28200583,1,2.0,0.0,0.0,1
282179811,1,1.0,0.0,0.0,9
282229865,1,1.0,0.0,0.0,1
28226810,1,1.0,0.0,0.0,4
282339941,1,5.0,0.0,0.0,1
282416261,1,1.0,0.0,0.0,0
282994686,1,1.0,0.0,0.0,1
283046497,1,1.0,0.0,0.0,9
283187702,1,3.0,0.0,0.0,4
283230219,1,1.0,0.0,0.0,4
283343889,1,3.0,0.0,0.0,6
2835111,1,2.0,0.0,0.0,1
283817011,1,4.0,0.0,0.0,1
283874375,1,11.0,0.0,0.0,1
284165134,1,5.0,0.0,0.0,13
28449431,1,1.0,0.0,0.0,3
28470446,1,2.0,0.0,0.0,19
284745566,1,2.0,0.0,0.0,1
28478401,1,12.0,0.0,0.0,4
28478420,1,12.0,0.0,0.0,4
284949442,1,11.0,0.0,0.0,6
285320805,1,11.0,0.0,0.0,4
28554304,1,1.0,0.0,0.0,4
285669400,1,1.0,0.0,0.0,15
285864234,1,5.0,0.0,0.0,2
285867319,1,15.0,0.0,0.0,0
286732086,1,22.0,0.0,0.0,3
287010125,1,13.0,0.0,0.0,2
287015918,1,1.0,0.0,0.0,3
287193461,1,1.0,0.0,0.0,2
2871998,1,2.0,0.0,0.0,13
287279910,1,2.0,0.0,0.0,14
287336275,1,1.0,0.0,0.0,31
287403351,1,1.0,0.0,0.0,2
28750927,1,1.0,0.0,0.0,1
28782747,1,1.0,0.0,0.0,5
288082909,1,1.0,0.0,0.0,8
28826653,1,1.0,0.0,0.0,2
288349261,1,1.0,0.0,0.0,0
288677911,1,1.0,0.0,0.0,4
28900400,1,32.0,0.0,0.0,1
28905625,1,1.0,0.0,0.0,5
289076255,1,8.0,0.0,0.0,30
289243246,1,3.0,0.0,0.0,0
289379729,1,1.0,0.0,0.0,5
289382944,1,3.0,0.0,0.0,0
28951059,1,1.0,0.0,0.0,1
28975929,1,1.0,0.0,0.0,11
28986292,1,1.0,0.0,0.0,2
290090784,1,1.0,0.0,0.0,31
29028775,1,9.0,0.0,0.0,1
2902935,1,1.0,0.0,0.0,0
290871583,1,1.0,0.0,0.0,6
290899681,1,1.0,0.0,0.0,0
290916665,1,1.0,0.0,0.0,0
29094022,1,1.0,0.0,0.0,24
291038744,1,15.0,0.0,0.0,3
291130821,1,2.0,0.0,0.0,0
291153670,1,2.0,0.0,0.0,1
291308731,1,1.0,0.0,0.0,2
291474609,1,1.0,0.0,0.0,2
2915576,1,1.0,0.0,0.0,4
291570,1,4.0,0.0,0.0,3
291735249,1,1.0,0.0,0.0,0
29178282,1,5.0,0.0,0.0,1
291960479,1,1.0,0.0,0.0,2
292014229,1,1.0,0.0,0.0,0
292053394,1,3.0,0.0,0.0,1
29207621,1,3.0,0.0,0.0,13
29220333,1,1.0,0.0,0.0,3
2923236,1,2.0,0.0,0.0,10
292561501,1,1.0,0.0,0.0,2
292834673,1,10.0,0.0,0.0,4
292853702,1,1.0,0.0,0.0,2
29287955,1,14.0,0.0,0.0,0
292888939,1,1.0,0.0,0.0,8
2928944,1,1.0,0.0,0.0,3
2929393,1,1.0,0.0,0.0,6
29301872,1,1.0,0.0,0.0,7
2931111,1,27.0,0.0,0.0,14
29312746,1,1.0,0.0,0.0,4
29329884,1,1.0,0.0,0.0,5
293399774,1,19.0,0.0,0.0,0
293811116,1,1.0,0.0,0.0,21
293888925,1,9.0,0.0,0.0,10
294129886,1,4.0,0.0,0.0,18
294223530,1,9.0,0.0,0.0,8
294224347,1,1.0,0.0,0.0,8
294578325,1,1.0,0.0,0.0,23
294633672,1,5.0,0.0,0.0,6
294958663,1,1.0,0.0,0.0,23
295027737,1,1.0,0.0,0.0,0
295316675,1,1.0,0.0,0.0,1
29533139,1,2.0,0.0,0.0,5
29551708,1,33.0,0.0,0.0,0
295598569,1,3.0,0.0,0.0,1
295620416,1,153.0,0.0,0.0,19
295695288,1,1.0,0.0,0.0,16
295774370,1,1.0,0.0,0.0,18
295807341,1,3.0,0.0,0.0,13
295885135,1,4.0,0.0,0.0,3
295909370,1,132.0,0.0,0.0,1
296070150,1,1.0,0.0,0.0,3
296235125,1,1.0,0.0,0.0,2
296382547,1,8.0,0.0,0.0,1
296405219,1,1.0,0.0,0.0,4
296547184,1,3.0,0.0,0.0,15
296678196,1,1.0,0.0,0.0,13
296778170,1,2.0,0.0,0.0,7
296934024,1,1.0,0.0,0.0,0
297347284,1,50.0,0.0,0.0,4
297348383,1,1.0,0.0,0.0,3
297728481,1,2.0,0.0,0.0,8
297768162,1,1.0,0.0,0.0,3
297869437,1,1.0,0.0,0.0,11
297975339,1,7.0,0.0,0.0,3
298223290,1,7.0,0.0,0.0,3
298223552,1,1.0,0.0,0.0,3
298439529,1,1.0,0.0,0.0,2
29845767,1,1.0,0.0,0.0,2
298533689,1,1.0,0.0,0.0,9
298726683,1,1.0,0.0,0.0,13
298920362,1,7.0,0.0,0.0,3
299240810,1,1.0,0.0,0.0,2
299276319,1,132.0,0.0,0.0,4
299603525,1,1.0,0.0,0.0,4
299907256,1,1.0,0.0,0.0,2
30004263,1,1.0,0.0,0.0,0
300200809,1,1.0,0.0,0.0,5
300290246,1,3.0,0.0,0.0,5
30030073,1,1.0,0.0,0.0,6
30071587,1,13.0,0.0,0.0,11
300726227,1,4.0,0.0,0.0,1
301695013,1,5.0,0.0,0.0,4
301794968,1,1.0,0.0,0.0,2
30193977,1,1.0,0.0,0.0,17
30203935,1,1.0,0.0,0.0,10
30216244,1,1.0,0.0,0.0,4
302298095,1,3.0,0.0,0.0,5
30270430,1,1.0,0.0,0.0,0
30272,1,1.0,0.0,0.0,5
302982238,1,1.0,0.0,0.0,5
30321994,1,1.0,0.0,0.0,5
303405208,1,1.0,0.0,0.0,0
303703887,1,1.0,0.0,0.0,18
3037278,1,2.0,0.0,0.0,6
303762301,1,2.0,0.0,0.0,13
303803422,1,3.0,0.0,0.0,16
30381877,1,30.0,0.0,0.0,1
30383208,1,1.0,0.0,0.0,8
30389634,1,1.0,0.0,0.0,2
303940930,1,1.0,0.0,0.0,0
303967701,1,1.0,0.0,0.0,3
304146787,1,1.0,0.0,0.0,23
304242794,1,9.0,0.0,0.0,5
3043048,1,10.0,0.0,0.0,1
30434289,1,4.0,0.0,0.0,1
304398999,1,1.0,0.0,0.0,3
304430669,1,9.0,0.0,0.0,4
304432822,1,1.0,0.0,0.0,4
304465394,1,17.0,0.0,0.0,0
305498835,1,2.0,0.0,0.0,1
305514104,1,4.0,0.0,0.0,30
30553392,1,11.0,0.0,0.0,3
305581149,1,1.0,0.0,0.0,2
30567707,1,1.0,0.0,0.0,0
306009386,1,1.0,0.0,0.0,0
306084295,1,6.0,0.0,0.0,0
306382967,1,1.0,0.0,0.0,5
30712202,1,1.0,0.0,0.0,5
307214458,1,3.0,0.0,0.0,5
3072629,1,94.0,0.0,0.0,15
30765938,1,18.0,0.0,0.0,1
307760976,1,76.0,0.0,0.0,16
308044189,1,1.0,0.0,0.0,5
3080628,1,7.0,0.0,0.0,1
30824101,1,1.0,0.0,0.0,6
308653481,1,3.0,0.0,0.0,1
3087541,1,2.0,0.0,0.0,2
309309464,1,1.0,0.0,0.0,4
309513886,1,11.0,0.0,0.0,0
30951894,1,1.0,0.0,0.0,9
309689851,1,1.0,0.0,0.0,9
310143368,1,2.0,0.0,0.0,3
310217738,1,1.0,0.0,0.0,0
310300394,1,1.0,0.0,0.0,5
310666411,1,1.0,0.0,0.0,1
310873272,1,1.0,0.0,0.0,2
311293512,1,1.0,0.0,0.0,11
311344607,1,2.0,0.0,0.0,3
311682575,1,1.0,0.0,0.0,0
311701406,1,2.0,0.0,0.0,6
31185891,1,1.0,0.0,0.0,2
31228039,1,2.0,0.0,0.0,8
31261671,1,8.0,0.0,0.0,1
312851969,1,2.0,0.0,0.0,3
31290528,1,1.0,0.0,0.0,18
313068453,1,1.0,0.0,0.0,6
313091396,1,1.0,0.0,0.0,3
31323121,1,21.0,0.0,0.0,6
313250436,1,3.0,0.0,0.0,5
313347776,1,2.0,0.0,0.0,3
31358787,1,1.0,0.0,0.0,1
313731577,1,2.0,0.0,0.0,8
313801701,1,1.0,0.0,0.0,5
31432573,1,1.0,0.0,0.0,17
314337176,1,9.0,0.0,0.0,2
314384911,1,1.0,0.0,0.0,3
314442029,1,2.0,0.0,0.0,4
314641288,1,1.0,0.0,0.0,11
3148979,1,3.0,0.0,0.0,10
3149948,1,12.0,0.0,0.0,27
31504491,1,2.0,0.0,0.0,5
315520343,1,2.0,0.0,0.0,12
315591279,1,1.0,0.0,0.0,19
315928700,1,3.0,0.0,0.0,20
315929658,1,1.0,0.0,0.0,7
315990473,1,1.0,0.0,0.0,23
31619713,1,1.0,0.0,0.0,2
31663150,1,2.0,0.0,0.0,4
316738106,1,1.0,0.0,0.0,6
316761074,1,1.0,0.0,0.0,3
316803297,1,1.0,0.0,0.0,13
317173754,1,3.0,0.0,0.0,12
317234849,1,1.0,0.0,0.0,13
317655208,1,1.0,0.0,0.0,8
31772468,1,1.0,0.0,0.0,2
317755107,1,1.0,0.0,0.0,2
3180553,1,38.0,0.0,0.0,14
31806094,1,1.0,0.0,0.0,2
318328445,1,1.0,0.0,0.0,10
318476701,1,2.0,0.0,0.0,5
318608950,1,2.0,0.0,0.0,5
318660317,1,1.0,0.0,0.0,5
319035161,1,1.0,0.0,0.0,5
319059109,1,1.0,0.0,0.0,16
319168169,1,1.0,0.0,0.0,5
31927407,1,12.0,0.0,0.0,1
319459651,1,1.0,0.0,0.0,0
319463560,1,1.0,0.0,0.0,1
319572121,1,1.0,0.0,0.0,0
319701508,1,1.0,0.0,0.0,7
3199002,1,1.0,0.0,0.0,1
320135333,1,1.0,0.0,0.0,3
320146230,1,1.0,0.0,0.0,8
320426156,1,1.0,0.0,0.0,0
320542358,1,2.0,0.0,0.0,0
320929718,1,9.0,0.0,0.0,7
321270638,1,2.0,0.0,0.0,0
32135981,1,1.0,0.0,0.0,14
321386930,1,1.0,0.0,0.0,16
3214406,1,2.0,0.0,0.0,2
321853986,1,1.0,0.0,0.0,1
321908167,1,30.0,0.0,0.0,5
321938,1,2.0,0.0,0.0,1
321960447,1,1.0,0.0,0.0,6
322028429,1,4.0,0.0,0.0,0
322195640,1,2.0,0.0,0.0,12
322322404,1,24.0,0.0,0.0,13
322347496,1,1.0,0.0,0.0,4
32235223,1,1.0,0.0,0.0,4
322947344,1,1.0,0.0,0.0,20
323035550,1,2.0,0.0,0.0,0
323046430,1,2.0,0.0,0.0,6
3232106,1,2.0,0.0,0.0,25
323363286,1,9.0,0.0,0.0,0
323438715,1,1.0,0.0,0.0,0
32347104,1,1.0,0.0,0.0,4
323751403,1,1.0,0.0,0.0,1
3237873,1,10.0,0.0,0.0,5
323902156,1,10.0,0.0,0.0,0
324487461,1,2.0,0.0,0.0,1
324647622,1,6.0,0.0,0.0,18
324673283,1,1.0,0.0,0.0,0
32500369,1,2.0,0.0,0.0,0
325213317,1,1.0,0.0,0.0,1
325329172,1,3.0,0.0,0.0,2
325329184,1,3.0,0.0,0.0,2
325329228,1,3.0,0.0,0.0,2
325329294,1,3.0,0.0,0.0,2
325329322,1,9.0,0.0,0.0,2
325548909,1,1.0,0.0,0.0,4
32559774,1,1.0,0.0,0.0,0
325701502,1,3.0,0.0,0.0,20
325777713,1,2.0,0.0,0.0,1
32579343,1,5.0,0.0,0.0,0
325822007,1,5.0,0.0,0.0,1
326652944,1,1.0,0.0,0.0,0
326725339,1,7.0,0.0,0.0,2
326744856,1,1.0,0.0,0.0,3
327089870,1,3.0,0.0,0.0,2
327160294,1,1.0,0.0,0.0,2
327310511,1,1.0,0.0,0.0,16
327528642,1,5.0,0.0,0.0,5
327628682,1,91.0,0.0,0.0,19
32769228,1,4.0,0.0,0.0,8
327705279,1,2.0,0.0,0.0,18
32786829,1,1.0,0.0,0.0,18
327874458,1,1.0,0.0,0.0,2
32792022,1,9.0,0.0,0.0,3
32795118,1,3.0,0.0,0.0,6
3280270,1,1.0,0.0,0.0,27
32812675,1,9.0,0.0,0.0,3
328697653,1,1.0,0.0,0.0,5
3287453,1,1.0,0.0,0.0,1
328806334,1,2.0,0.0,0.0,2
32887098,1,1.0,0.0,0.0,0
3291848,1,2.0,0.0,0.0,3
329451761,1,1.0,0.0,0.0,15
329798491,1,1.0,0.0,0.0,21
330085907,1,1.0,0.0,0.0,1
330211847,1,4.0,0.0,0.0,0
330478792,1,1.0,0.0,0.0,9
330488939,1,1.0,0.0,0.0,0
330590745,1,1.0,0.0,0.0,3
330802289,1,3.0,0.0,0.0,2
331456036,1,1.0,0.0,0.0,8
33146014,1,18.0,0.0,0.0,15
33157169,1,2.0,0.0,0.0,1
331611849,1,1.0,0.0,0.0,1
331691688,1,6.0,0.0,0.0,1
331725162,1,1.0,0.0,0.0,2
331918284,1,1.0,0.0,0.0,3
33196459,1,1.0,0.0,0.0,0
332819751,1,1.0,0.0,0.0,2
332845154,1,1.0,0.0,0.0,4
3328856,1,3.0,0.0,0.0,11
333303663,1,2.0,0.0,0.0,0
333356226,1,1.0,0.0,0.0,1
333570243,1,1.0,0.0,0.0,1
334134772,1,2.0,0.0,0.0,4
33413850,1,1.0,0.0,0.0,4
3342055,1,1.0,0.0,0.0,5
334274317,1,18.0,0.0,0.0,7
33456236,1,2.0,0.0,0.0,0
334585300,1,13.0,0.0,0.0,4
33539450,1,1.0,0.0,0.0,1
335671865,1,4.0,0.0,0.0,0
335786381,1,2.0,0.0,0.0,1
335831903,1,1.0,0.0,0.0,15
335846210,1,1.0,0.0,0.0,1
335983019,1,1.0,0.0,0.0,0
335991315,1,1.0,0.0,0.0,1
336150764,1,1.0,0.0,0.0,17
336170831,1,1.0,0.0,0.0,1
336256257,1,3.0,0.0,0.0,6
336298167,1,3.0,0.0,0.0,14
336431585,1,2.0,0.0,0.0,0
337259586,1,24.0,0.0,0.0,0
337713340,1,1.0,0.0,0.0,0
337897840,1,1.0,0.0,0.0,5
337986406,1,11.0,0.0,0.0,15
338025227,1,1.0,0.0,0.0,4
338169115,1,1.0,0.0,0.0,4
338307278,1,1.0,0.0,0.0,16
338771983,1,3.0,0.0,0.0,1
33881440,1,1.0,0.0,0.0,8
33881870,1,1.0,0.0,0.0,7
339098424,1,1.0,0.0,0.0,13
339348284,1,1.0,0.0,0.0,8
33994380,1,1.0,0.0,0.0,2
339993533,1,1.0,0.0,0.0,2
33999965,1,1.0,0.0,0.0,12
340038528,1,1.0,0.0,0.0,10
3402186,1,1.0,0.0,0.0,5
34039690,1,2.0,0.0,0.0,14
340449391,1,21.0,0.0,0.0,7
34083887,1,1.0,0.0,0.0,4
34087729,1,4.0,0.0,0.0,1
340996636,1,2.0,0.0,0.0,9
34117853,1,1.0,0.0,0.0,10
341316058,1,2.0,0.0,0.0,8
341322737,1,1.0,0.0,0.0,1
34138622,1,1.0,0.0,0.0,1
341429644,1,1.0,0.0,0.0,3
341497177,1,1.0,0.0,0.0,1
341523730,1,2.0,0.0,0.0,4
341636094,1,1.0,0.0,0.0,1
342006158,1,2.0,0.0,0.0,18
342249231,1,1.0,0.0,0.0,6
342551701,1,6.0,0.0,0.0,5
34262857,1,1.0,0.0,0.0,1
343068432,1,31.0,0.0,0.0,0
343191804,1,1.0,0.0,0.0,5
343208836,1,1.0,0.0,0.0,4
343429164,1,101.0,0.0,0.0,9
34351530,1,60.0,0.0,0.0,15
34363047,1,1.0,0.0,0.0,5
343648351,1,11.0,0.0,0.0,21
343668846,1,1.0,0.0,0.0,9
343883550,1,2.0,0.0,0.0,3
34391331,1,15.0,0.0,0.0,4
34406933,1,17.0,0.0,0.0,16
34416282,1,3.0,0.0,0.0,1
34428627,1,2.0,0.0,0.0,0
344411200,1,2.0,0.0,0.0,1
344893038,1,5.0,0.0,0.0,2
34527204,1,4.0,0.0,0.0,0
345321678,1,2.0,0.0,0.0,12
345431021,1,1.0,0.0,0.0,7
345619662,1,20.0,0.0,0.0,16
34562183,1,1.0,0.0,0.0,1
345802860,1,1.0,0.0,0.0,16
345847364,1,1.0,0.0,0.0,2
346005187,1,1.0,0.0,0.0,2
346109201,1,4.0,0.0,0.0,8
346151858,1,1.0,0.0,0.0,0
346315576,1,1.0,0.0,0.0,6
346425226,1,6.0,0.0,0.0,13
34655771,1,1.0,0.0,0.0,5
346561418,1,2.0,0.0,0.0,0
346829005,1,2.0,0.0,0.0,7
346904112,1,1.0,0.0,0.0,6
346907737,1,10.0,0.0,0.0,4
34691715,1,1.0,0.0,0.0,7
3470471,1,12.0,0.0,0.0,2
34705315,1,1.0,0.0,0.0,5
347111615,1,1.0,0.0,0.0,3
347171555,1,3.0,0.0,0.0,2
348444625,1,7.0,0.0,0.0,13
34844615,1,2.0,0.0,0.0,27
34852158,1,1.0,0.0,0.0,0
348789764,1,2.0,0.0,0.0,6
348845583,1,58.0,0.0,0.0,2
348845617,1,1.0,0.0,0.0,2
348871706,1,1.0,0.0,0.0,6
348897374,1,2.0,0.0,0.0,12
34905043,1,1.0,0.0,0.0,20
349172057,1,2.0,0.0,0.0,3
34921116,1,1.0,0.0,0.0,5
349241,1,5.0,0.0,0.0,14
34933072,1,123.0,0.0,0.0,2
349424951,1,1.0,0.0,0.0,3
349570194,1,1.0,0.0,0.0,0
349707098,1,3.0,0.0,0.0,7
349752717,1,9.0,0.0,0.0,0
350416584,1,28.0,0.0,0.0,18
35051820,1,2.0,0.0,0.0,24
350606794,1,6.0,0.0,0.0,0
350645373,1,2.0,0.0,0.0,10
350747449,1,1.0,0.0,0.0,7
35100117,1,1.0,0.0,0.0,5
351019317,1,11.0,0.0,0.0,28
351130822,1,1.0,0.0,0.0,2
35120039,1,1.0,0.0,0.0,2
351353365,1,1.0,0.0,0.0,2
351503108,1,2.0,0.0,0.0,10
351978195,1,1.0,0.0,0.0,0
35228936,1,1.0,0.0,0.0,11
352436122,1,14.0,0.0,0.0,9
352804165,1,17.0,0.0,0.0,8
352933986,1,2.0,0.0,0.0,6
353335347,1,2.0,0.0,0.0,0
35339348,1,3.0,0.0,0.0,9
353523898,1,3.0,0.0,0.0,4
3535411,1,1.0,0.0,0.0,9
353791258,1,1.0,0.0,0.0,30
353886007,1,2.0,0.0,0.0,1
354080507,1,2000.0,0.0,0.0,7
354094562,1,2007.0,0.0,0.0,7
354123935,1,1999.0,0.0,0.0,7
354125784,1,2006.0,0.0,0.0,7
354126484,1,2008.0,0.0,0.0,7
354129853,1,2017.0,0.0,0.0,7
354136133,1,2005.0,0.0,0.0,7
354191236,1,1.0,0.0,0.0,2
35437397,1,7.0,0.0,0.0,3
354375556,1,1.0,0.0,0.0,9
3544424,1,64.0,0.0,0.0,13
354899090,1,2.0,0.0,0.0,7
355015152,1,2004.0,0.0,0.0,7
355027797,1,1997.0,0.0,0.0,7
355029829,1,3.0,0.0,0.0,7
355030559,1,2009.0,0.0,0.0,7
355032495,1,2006.0,0.0,0.0,7
355033263,1,2002.0,0.0,0.0,7
355035157,1,2009.0,0.0,0.0,7
355197173,1,15.0,0.0,0.0,4
355253165,1,2.0,0.0,0.0,2
35529429,1,8.0,0.0,0.0,2
355307023,1,1.0,0.0,0.0,1
355636760,1,3.0,0.0,0.0,2
35566048,1,4.0,0.0,0.0,0
356003512,1,5.0,0.0,0.0,23
356362815,1,2.0,0.0,0.0,0
356756,1,1.0,0.0,0.0,5
35698408,1,39.0,0.0,0.0,3
35699660,1,1.0,0.0,0.0,3
35699831,1,1.0,0.0,0.0,3
35701030,1,3.0,0.0,0.0,3
357107303,1,1.0,0.0,0.0,2
35718616,1,1.0,0.0,0.0,3
35726310,1,2.0,0.0,0.0,1
357287236,1,1.0,0.0,0.0,23
357290698,1,2.0,0.0,0.0,7
357378270,1,1.0,0.0,0.0,7
357462016,1,1.0,0.0,0.0,4
357494593,1,1.0,0.0,0.0,10
357510578,1,3.0,0.0,0.0,7
357524436,1,1.0,0.0,0.0,12
357558544,1,2.0,0.0,0.0,11
357684878,1,1.0,0.0,0.0,3
357720135,1,3.0,0.0,0.0,7
357723952,1,104.0,0.0,0.0,7
357728969,1,1.0,0.0,0.0,5
357794679,1,3.0,0.0,0.0,7
357936578,1,20.0,0.0,0.0,16
358067277,1,35.0,0.0,0.0,9
35810174,1,1.0,0.0,0.0,24
358201880,1,1.0,0.0,0.0,4
35852087,1,1.0,0.0,0.0,26
358735095,1,10.0,0.0,0.0,7
35890081,1,1.0,0.0,0.0,14
358925208,1,1.0,0.0,0.0,10
35897457,1,1.0,0.0,0.0,3
35900688,1,1.0,0.0,0.0,1
359168968,1,1.0,0.0,0.0,2
359199097,1,1.0,0.0,0.0,0
359341902,1,1.0,0.0,0.0,0
359494116,1,1.0,0.0,0.0,21
35958325,1,1.0,0.0,0.0,3
359607103,1,4.0,0.0,0.0,4
359757315,1,1.0,0.0,0.0,3
359757377,1,1.0,0.0,0.0,21
359780596,1,17.0,0.0,0.0,0
359812205,1,182.0,0.0,0.0,16
359965651,1,1.0,0.0,0.0,7
360264486,1,1.0,0.0,0.0,5
3604157,1,16.0,0.0,0.0,3
360436551,1,2.0,0.0,0.0,17
360462210,1,1.0,0.0,0.0,1
3604630,1,1.0,0.0,0.0,8
36046479,1,40.0,0.0,0.0,0
360521076,1,2.0,0.0,0.0,4
360639607,1,1.0,0.0,0.0,6
360734598,1,15.0,0.0,0.0,5
360735059,1,3.0,0.0,0.0,2
360961757,1,1.0,0.0,0.0,20
360998824,1,1.0,0.0,0.0,2
361383146,1,1.0,0.0,0.0,11
36161366,1,2.0,0.0,0.0,3
361767999,1,1.0,0.0,0.0,2
361877033,1,2.0,0.0,0.0,9
362068489,1,1.0,0.0,0.0,1
362220956,1,18.0,0.0,0.0,7
362276910,1,1.0,0.0,0.0,7
362404999,1,1.0,0.0,0.0,1
362529558,1,1.0,0.0,0.0,2
3626075,1,1.0,0.0,0.0,3
36267369,1,1.0,0.0,0.0,27
362712307,1,4.0,0.0,0.0,1
363191223,1,1.0,0.0,0.0,9
363341351,1,3.0,0.0,0.0,7
36377339,1,1.0,0.0,0.0,4
363801746,1,1.0,0.0,0.0,0
363917569,1,1.0,0.0,0.0,3
363920445,1,1.0,0.0,0.0,2
364003912,1,114.0,0.0,0.0,7
36404681,1,1.0,0.0,0.0,14
364189600,1,1.0,0.0,0.0,21
364195857,1,7.0,0.0,0.0,7
36444640,1,1.0,0.0,0.0,2
364534653,1,4.0,0.0,0.0,7
364602128,1,1.0,0.0,0.0,0
364712598,1,1.0,0.0,0.0,7
364741693,1,1.0,0.0,0.0,2
364992209,1,1.0,0.0,0.0,14
365005377,1,1.0,0.0,0.0,5
365099290,1,1.0,0.0,0.0,21
365367675,1,1.0,0.0,0.0,3
36552873,1,1.0,0.0,0.0,2
3655872,1,2.0,0.0,0.0,13
365818754,1,1.0,0.0,0.0,7
366186609,1,7.0,0.0,0.0,7
366300218,1,4.0,0.0,0.0,2
3664596,1,1.0,0.0,0.0,10
36654353,1,1.0,0.0,0.0,4
366767099,1,2.0,0.0,0.0,7
366922019,1,2.0,0.0,0.0,21
367032142,1,1.0,0.0,0.0,0
367077563,1,1.0,0.0,0.0,6
367361729,1,5.0,0.0,0.0,2
36747447,1,25.0,0.0,0.0,0
367668551,1,1.0,0.0,0.0,0
36778364,1,1.0,0.0,0.0,4
367869181,1,4.0,0.0,0.0,5
368135119,1,1.0,0.0,0.0,21
368257515,1,3.0,0.0,0.0,5
368282919,1,5.0,0.0,0.0,10
36835663,1,1.0,0.0,0.0,5
368395082,1,4.0,0.0,0.0,7
368565094,1,2.0,0.0,0.0,8
368626599,1,4.0,0.0,0.0,0
368683828,1,1.0,0.0,0.0,2
36883823,1,35.0,0.0,0.0,1
3689718,1,15.0,0.0,0.0,14
369486739,1,1.0,0.0,0.0,1
369588765,1,1.0,0.0,0.0,1
369656460,1,1.0,0.0,0.0,0
369765180,1,2.0,0.0,0.0,10
370007792,1,8.0,0.0,0.0,13
370488914,1,2.0,0.0,0.0,15
370644553,1,1.0,0.0,0.0,2
370668507,1,9.0,0.0,0.0,9
371068214,1,19.0,0.0,0.0,2
371468,1,1.0,0.0,0.0,6
371660676,1,1.0,0.0,0.0,0
37198116,1,35.0,0.0,0.0,14
372511564,1,6.0,0.0,0.0,0
372536503,1,2.0,0.0,0.0,4
372560122,1,5.0,0.0,0.0,20
372609963,1,3.0,0.0,0.0,4
372675120,1,1.0,0.0,0.0,20
37282287,1,1.0,0.0,0.0,20
37290652,1,4.0,0.0,0.0,0
37308208,1,1.0,0.0,0.0,4
373163805,1,1.0,0.0,0.0,9
373307571,1,6.0,0.0,0.0,7
37334619,1,3.0,0.0,0.0,13
373697868,1,3.0,0.0,0.0,7
373800628,1,1.0,0.0,0.0,1
373940169,1,2.0,0.0,0.0,3
37440338,1,4.0,0.0,0.0,8
374436184,1,1.0,0.0,0.0,11
37445421,1,2.0,0.0,0.0,5
374544800,1,4.0,0.0,0.0,5
374765810,1,4.0,0.0,0.0,18
374846113,1,1.0,0.0,0.0,8
374876908,1,5.0,0.0,0.0,7
37489525,1,95.0,0.0,0.0,15
374992541,1,1.0,0.0,0.0,6
375027048,1,4.0,0.0,0.0,5
375032116,1,1.0,0.0,0.0,10
37510432,1,10.0,0.0,0.0,2
375265367,1,1.0,0.0,0.0,2
375499480,1,1.0,0.0,0.0,2
375543829,1,3.0,0.0,0.0,7
37560288,1,9.0,0.0,0.0,2
375724253,1,1.0,0.0,0.0,0
375842397,1,1.0,0.0,0.0,0
375962860,1,2.0,0.0,0.0,1
376093508,1,2.0,0.0,0.0,7
376172960,1,43.0,0.0,0.0,4
37631091,1,1.0,0.0,0.0,14
377755619,1,2.0,0.0,0.0,2
377881607,1,1.0,0.0,0.0,1
37796696,1,6.0,0.0,0.0,14
378182560,1,6.0,0.0,0.0,23
378817967,1,1.0,0.0,0.0,2
379008980,1,1.0,0.0,0.0,6
37900915,1,1.0,0.0,0.0,26
379174547,1,1.0,0.0,0.0,9
379201052,1,1.0,0.0,0.0,11
379865325,1,2.0,0.0,0.0,8
379939977,1,1.0,0.0,0.0,4
379969359,1,4.0,0.0,0.0,18
380305028,1,7.0,0.0,0.0,15
380944275,1,3.0,0.0,0.0,0
3811518,1,1.0,0.0,0.0,16
381428400,1,1.0,0.0,0.0,19
381455151,1,1.0,0.0,0.0,9
381500711,1,2.0,0.0,0.0,2
38153503,1,1.0,0.0,0.0,7
381666251,1,2.0,0.0,0.0,14
381967785,1,20.0,0.0,0.0,32
38279457,1,1.0,0.0,0.0,1
382800841,1,1.0,0.0,0.0,11
383020697,1,1.0,0.0,0.0,0
383185912,1,10.0,0.0,0.0,2
38329989,1,2.0,0.0,0.0,10
383428435,1,1.0,0.0,0.0,2
383482440,1,1.0,0.0,0.0,4
383530539,1,5.0,0.0,0.0,3
383707539,1,1.0,0.0,0.0,32
383855027,1,1.0,0.0,0.0,7
383875967,1,2014.0,0.0,0.0,7
384131047,1,4.0,0.0,0.0,3
384132842,1,1.0,0.0,0.0,6
384191524,1,1.0,0.0,0.0,9
384403174,1,2.0,0.0,0.0,0
38451868,1,1.0,0.0,0.0,4
385183546,1,59.0,0.0,0.0,2
38525117,1,7.0,0.0,0.0,15
385426741,1,1.0,0.0,0.0,9
385554672,1,2.0,0.0,0.0,1
385658067,1,1.0,0.0,0.0,4
385693693,1,1.0,0.0,0.0,8
385694529,1,1.0,0.0,0.0,8
386053978,1,1.0,0.0,0.0,1
386095335,1,1.0,0.0,0.0,7
38617,1,2.0,0.0,0.0,6
386788697,1,1.0,0.0,0.0,2
387065774,1,1.0,0.0,0.0,3
387157909,1,2.0,0.0,0.0,0
387486196,1,3.0,0.0,0.0,3
387486323,1,3.0,0.0,0.0,3
387547755,1,1.0,0.0,0.0,4
387598861,1,4.0,0.0,0.0,5
3877327,1,1.0,0.0,0.0,2
387876243,1,2.0,0.0,0.0,7
38800748,1,1.0,0.0,0.0,2
388015125,1,1.0,0.0,0.0,7
388225543,1,1.0,0.0,0.0,15
388268970,1,1.0,0.0,0.0,4
388840211,1,4.0,0.0,0.0,2
388880322,1,20.0,0.0,0.0,7
388881093,1,1.0,0.0,0.0,0
388883534,1,1.0,0.0,0.0,7
388884666,1,4.0,0.0,0.0,7
388885253,1,1.0,0.0,0.0,7
388936696,1,2.0,0.0,0.0,7
389390208,1,1.0,0.0,0.0,20
3894929,1,1.0,0.0,0.0,3
389745284,1,1.0,0.0,0.0,9
390240657,1,143.0,0.0,0.0,31
390324364,1,1.0,0.0,0.0,14
39038086,1,1.0,0.0,0.0,5
390505378,1,1.0,0.0,0.0,1
390536799,1,2.0,0.0,0.0,6
39063076,1,2.0,0.0,0.0,8
39107211,1,1.0,0.0,0.0,9
39111193,1,1.0,0.0,0.0,1
3911430,1,1.0,0.0,0.0,4
39144867,1,1.0,0.0,0.0,1
392292114,1,8.0,0.0,0.0,17
39265047,1,2.0,0.0,0.0,9
392714630,1,1.0,0.0,0.0,1
392728007,1,201.0,0.0,0.0,2
39285768,1,1.0,0.0,0.0,5
392918204,1,1.0,0.0,0.0,7
393094567,1,3.0,0.0,0.0,2
393159516,1,19.0,0.0,0.0,9
393562005,1,1.0,0.0,0.0,4
39398382,1,11.0,0.0,0.0,2
394498711,1,5.0,0.0,0.0,10
394523815,1,1.0,0.0,0.0,1
394754122,1,6.0,0.0,0.0,8
394789638,1,1.0,0.0,0.0,4
394929332,1,3.0,0.0,0.0,9
39519916,1,2.0,0.0,0.0,9
395260989,1,1.0,0.0,0.0,2
3954884,1,1.0,0.0,0.0,3
3955647,1,5.0,0.0,0.0,3
395696124,1,1.0,0.0,0.0,0
39573021,1,1.0,0.0,0.0,5
395733062,1,2.0,0.0,0.0,5
395893003,1,6.0,0.0,0.0,8
39592840,1,4.0,0.0,0.0,29
39595126,1,1.0,0.0,0.0,11
396684289,1,1.0,0.0,0.0,4
39720886,1,2.0,0.0,0.0,24
39759972,1,2.0,0.0,0.0,15
397776424,1,14.0,0.0,0.0,9
397826175,1,1.0,0.0,0.0,2
398105002,1,2.0,0.0,0.0,6
39816691,1,1.0,0.0,0.0,8
398251321,1,3.0,0.0,0.0,18
398329217,1,1.0,0.0,0.0,5
39842065,1,4.0,0.0,0.0,15
398732697,1,1.0,0.0,0.0,4
399244124,1,1.0,0.0,0.0,10
39945883,1,1.0,0.0,0.0,6
399925381,1,22.0,0.0,0.0,2
400147654,1,2.0,0.0,0.0,16
40029196,1,1.0,0.0,0.0,5
400492523,1,1.0,0.0,0.0,0
400786610,1,3.0,0.0,0.0,3
401531966,1,1.0,0.0,0.0,5
4015965,1,1.0,0.0,0.0,20
401599965,1,1.0,0.0,0.0,5
401621478,1,1.0,0.0,0.0,1
40200644,1,1.0,0.0,0.0,1
402021456,1,2.0,0.0,0.0,1
40210247,1,2.0,0.0,0.0,10
402121073,1,1.0,0.0,0.0,3
40219422,1,1.0,0.0,0.0,2
40276274,1,1.0,0.0,0.0,14
403020531,1,1.0,0.0,0.0,12
40306512,1,7.0,0.0,0.0,4
403248238,1,1.0,0.0,0.0,0
403331298,1,1.0,0.0,0.0,13
403351442,1,1.0,0.0,0.0,0
403449752,1,1.0,0.0,0.0,4
40345658,1,37.0,0.0,0.0,0
40355094,1,2.0,0.0,0.0,8
403691920,1,1.0,0.0,0.0,12
403744638,1,1.0,0.0,0.0,19
403880807,1,1.0,0.0,0.0,2
404086694,1,4.0,0.0,0.0,1
404143034,1,1.0,0.0,0.0,13
404144554,1,1.0,0.0,0.0,7
404194456,1,47.0,0.0,0.0,1
4044891,1,33.0,0.0,0.0,18
404607321,1,1.0,0.0,0.0,2
40518025,1,1.0,0.0,0.0,23
405898839,1,1.0,0.0,0.0,1
405937971,1,3.0,0.0,0.0,19
40620773,1,1.0,0.0,0.0,8
40667593,1,10.0,0.0,0.0,18
406681532,1,1.0,0.0,0.0,1
4067434,1,4.0,0.0,0.0,1
4069172,1,1.0,0.0,0.0,9
406919684,1,1.0,0.0,0.0,1
406999479,1,1.0,0.0,0.0,2
407142976,1,2.0,0.0,0.0,4
407294153,1,9.0,0.0,0.0,2
40741114,1,1.0,0.0,0.0,4
407468498,1,1.0,0.0,0.0,10
40781628,1,3.0,0.0,0.0,24
407831273,1,2.0,0.0,0.0,5
408387870,1,1.0,0.0,0.0,1
4084908,1,5.0,0.0,0.0,18
408582115,1,14.0,0.0,0.0,7
408656417,1,10.0,0.0,0.0,8
408725643,1,6.0,0.0,0.0,6
408822193,1,1.0,0.0,0.0,0
408996775,1,2.0,0.0,0.0,8
409279159,1,1.0,0.0,0.0,0
409296208,1,1.0,0.0,0.0,1
409307855,1,1.0,0.0,0.0,0
409370186,1,1.0,0.0,0.0,21
409388445,1,2.0,0.0,0.0,2
409392206,1,1.0,0.0,0.0,1
409505495,1,1.0,0.0,0.0,3
409565500,1,1.0,0.0,0.0,16
409808684,1,2.0,0.0,0.0,12
409814339,1,3.0,0.0,0.0,10
409876755,1,5.0,0.0,0.0,0
410009823,1,5.0,0.0,0.0,11
410139456,1,1.0,0.0,0.0,10
410716689,1,4.0,0.0,0.0,1
410766005,1,2.0,0.0,0.0,0
411125610,1,6.0,0.0,0.0,4
411261949,1,3.0,0.0,0.0,4
411442387,1,1.0,0.0,0.0,9
411502985,1,1.0,0.0,0.0,21
411527414,1,2.0,0.0,0.0,17
41175020,1,1.0,0.0,0.0,5
41179827,1,1.0,0.0,0.0,28
412102330,1,2.0,0.0,0.0,2
412264930,1,2.0,0.0,0.0,4
412357715,1,1.0,0.0,0.0,4
412395318,1,1.0,0.0,0.0,0
41242592,1,1.0,0.0,0.0,6
412586952,1,1.0,0.0,0.0,5
4128353,1,4.0,0.0,0.0,1
413071565,1,4.0,0.0,0.0,5
41317079,1,1.0,0.0,0.0,10
413389267,1,2.0,0.0,0.0,23
413873228,1,1.0,0.0,0.0,12
414013547,1,4.0,0.0,0.0,7
41420773,1,1.0,0.0,0.0,1
414314563,1,5.0,0.0,0.0,2
414369883,1,1.0,0.0,0.0,3
414399712,1,4.0,0.0,0.0,10
414411552,1,19.0,0.0,0.0,1
414487414,1,1.0,0.0,0.0,3
414515727,1,1.0,0.0,0.0,16
414613150,1,1.0,0.0,0.0,5
414633085,1,2.0,0.0,0.0,1
414909619,1,2.0,0.0,0.0,6
415117331,1,1.0,0.0,0.0,11
415174355,1,3.0,0.0,0.0,3
415573763,1,1.0,0.0,0.0,21
415741642,1,1.0,0.0,0.0,4
415771369,1,1.0,0.0,0.0,2
415776566,1,13.0,0.0,0.0,0
415895268,1,3.0,0.0,0.0,4
416051323,1,153.0,0.0,0.0,1
416091141,1,10.0,0.0,0.0,1
416141899,1,1.0,0.0,0.0,2
416144775,1,1.0,0.0,0.0,4
416232706,1,1.0,0.0,0.0,21
416232973,1,1.0,0.0,0.0,21
416307049,1,1.0,0.0,0.0,3
416315721,1,10.0,0.0,0.0,5
416356262,1,1.0,0.0,0.0,24
41659639,1,1.0,0.0,0.0,0
41681600,1,1.0,0.0,0.0,0
417011402,1,2.0,0.0,0.0,2
417132124,1,1.0,0.0,0.0,7
417630672,1,2.0,0.0,0.0,4
417633116,1,1.0,0.0,0.0,5
41767943,1,1.0,0.0,0.0,5
417731747,1,8.0,0.0,0.0,11
41824974,1,1.0,0.0,0.0,10
418276612,1,1.0,0.0,0.0,25
418433841,1,1.0,0.0,0.0,0
41881575,1,2.0,0.0,0.0,2
418902234,1,1.0,0.0,0.0,0
419088860,1,2.0,0.0,0.0,16
4192593,1,2.0,0.0,0.0,8
41943138,1,4.0,0.0,0.0,6
41952293,1,2.0,0.0,0.0,1
419571031,1,1.0,0.0,0.0,4
41964498,1,1.0,0.0,0.0,2
41969076,1,1.0,0.0,0.0,1
419705751,1,1.0,0.0,0.0,6
41986662,1,1.0,0.0,0.0,2
420026145,1,1.0,0.0,0.0,7
420067157,1,1.0,0.0,0.0,3
420110427,1,2.0,0.0,0.0,1
420582125,1,1.0,0.0,0.0,0
42078666,1,1.0,0.0,0.0,3
420838357,1,3.0,0.0,0.0,22
420854474,1,7.0,0.0,0.0,22
42149336,1,1.0,0.0,0.0,3
42155092,1,65.0,0.0,0.0,15
421609857,1,1.0,0.0,0.0,5
421704236,1,2.0,0.0,0.0,7
421774239,1,5.0,0.0,0.0,6
422205507,1,7.0,0.0,0.0,22
422359641,1,2.0,0.0,0.0,2
42237038,1,1.0,0.0,0.0,0
422379561,1,52.0,0.0,0.0,8
42244830,1,1.0,0.0,0.0,15
422455952,1,4.0,0.0,0.0,2
4228808,1,14.0,0.0,0.0,3
42300713,1,33.0,0.0,0.0,1
42304749,1,5.0,0.0,0.0,11
423543171,1,6.0,0.0,0.0,1
423691236,1,1.0,0.0,0.0,15
423712737,1,1.0,0.0,0.0,12
423828713,1,2.0,0.0,0.0,10
423942690,1,1.0,0.0,0.0,1
423955808,1,2.0,0.0,0.0,8
42406144,1,25.0,0.0,0.0,23
42408804,1,4.0,0.0,0.0,2
424470669,1,11.0,0.0,0.0,22
42479602,1,1.0,0.0,0.0,0
424898549,1,3.0,0.0,0.0,19
42494717,1,1.0,0.0,0.0,1
4253330,1,2.0,0.0,0.0,1
425358390,1,1.0,0.0,0.0,1
4254325,1,2.0,0.0,0.0,6
4254334,1,2.0,0.0,0.0,6
425833530,1,2.0,0.0,0.0,6
42610470,1,18.0,0.0,0.0,8
42652543,1,16.0,0.0,0.0,4
426543151,1,6.0,0.0,0.0,5
426559977,1,1.0,0.0,0.0,7
426669980,1,3.0,0.0,0.0,5
426758144,1,1.0,0.0,0.0,3
42679047,1,1.0,0.0,0.0,3
42680391,1,14.0,0.0,0.0,4
4268140,1,3.0,0.0,0.0,2
426969608,1,1.0,0.0,0.0,8
426986055,1,3.0,0.0,0.0,18
427247481,1,1.0,0.0,0.0,1
42728217,1,1.0,0.0,0.0,5
427493431,1,1.0,0.0,0.0,4
42763345,1,1.0,0.0,0.0,10
427714336,1,1.0,0.0,0.0,33
427717011,1,1.0,0.0,0.0,12
428231308,1,1.0,0.0,0.0,4
428744086,1,2.0,0.0,0.0,2
42875585,1,2.0,0.0,0.0,1
428931480,1,2.0,0.0,0.0,22
42895929,1,1.0,0.0,0.0,4
429017214,1,1.0,0.0,0.0,19
429043408,1,2.0,0.0,0.0,6
429115636,1,1.0,0.0,0.0,0
429180442,1,2.0,0.0,0.0,7
429236908,1,3.0,0.0,0.0,23
429258530,1,1.0,0.0,0.0,3
429337233,1,1.0,0.0,0.0,3
429630067,1,1.0,0.0,0.0,8
429687384,1,1.0,0.0,0.0,1
4298283,1,5.0,0.0,0.0,1
430286090,1,1.0,0.0,0.0,7
430398283,1,2.0,0.0,0.0,8
430633055,1,1.0,0.0,0.0,14
430756925,1,3.0,0.0,0.0,4
4307702,1,1.0,0.0,0.0,4
431078731,1,1.0,0.0,0.0,1
43111018,1,1.0,0.0,0.0,2
431214669,1,1.0,0.0,0.0,11
43135716,1,2.0,0.0,0.0,4
431388952,1,2.0,0.0,0.0,4
431665427,1,1.0,0.0,0.0,19
431747333,1,1.0,0.0,0.0,3
431885704,1,2.0,0.0,0.0,4
43192623,1,2.0,0.0,0.0,0
43225113,1,36.0,0.0,0.0,2
432838863,1,1.0,0.0,0.0,0
432887132,1,17.0,0.0,0.0,22
432922260,1,8.0,0.0,0.0,22
433101168,1,1.0,0.0,0.0,10
433198567,1,2.0,0.0,0.0,1
433213085,1,1.0,0.0,0.0,5
433653701,1,1.0,0.0,0.0,4
43372634,1,1.0,0.0,0.0,3
433738623,1,1.0,0.0,0.0,4
433759186,1,1.0,0.0,0.0,1
433773425,1,2.0,0.0,0.0,3
433805355,1,3.0,0.0,0.0,9
4339479,1,2.0,0.0,0.0,27
434218673,1,1.0,0.0,0.0,21
43431363,1,2.0,0.0,0.0,3
434434408,1,1.0,0.0,0.0,5
434827479,1,1.0,0.0,0.0,5
434919155,1,21.0,0.0,0.0,2
435468683,1,1.0,0.0,0.0,16
4354801,1,1.0,0.0,0.0,3
43560507,1,1.0,0.0,0.0,3
435908560,1,1.0,0.0,0.0,3
435955533,1,7.0,0.0,0.0,2
436025393,1,1.0,0.0,0.0,9
436088903,1,1.0,0.0,0.0,3
436282917,1,1.0,0.0,0.0,6
436297183,1,2.0,0.0,0.0,9
436466520,1,1.0,0.0,0.0,5
436474538,1,2.0,0.0,0.0,10
43648562,1,1.0,0.0,0.0,1
436520237,1,6.0,0.0,0.0,11
436536364,1,2.0,0.0,0.0,4
436599976,1,8.0,0.0,0.0,2
436664109,1,1.0,0.0,0.0,0
43701787,1,1.0,0.0,0.0,27
43723161,1,1.0,0.0,0.0,31
437485701,1,3.0,0.0,0.0,4
437782928,1,1.0,0.0,0.0,12
437808595,1,2.0,0.0,0.0,3
437879921,1,2.0,0.0,0.0,1
437944910,1,6.0,0.0,0.0,7
438001215,1,1.0,0.0,0.0,4
438013940,1,23.0,0.0,0.0,8
438056248,1,2.0,0.0,0.0,10
438096425,1,10.0,0.0,0.0,7
438175733,1,1.0,0.0,0.0,6
438203376,1,8.0,0.0,0.0,22
438391791,1,2.0,0.0,0.0,8
438414171,1,1.0,0.0,0.0,2
438625184,1,1.0,0.0,0.0,0
438707344,1,5.0,0.0,0.0,4
439011383,1,1.0,0.0,0.0,4
439055966,1,1.0,0.0,0.0,8
439124081,1,1.0,0.0,0.0,6
439140560,1,2.0,0.0,0.0,24
439232298,1,1.0,0.0,0.0,17
439278330,1,3.0,0.0,0.0,5
439348478,1,24.0,0.0,0.0,9
439728561,1,4.0,0.0,0.0,0
43973779,1,2.0,0.0,0.0,30
43976244,1,1.0,0.0,0.0,7
43977215,1,1.0,0.0,0.0,10
43997752,1,1.0,0.0,0.0,11
440262866,1,12.0,0.0,0.0,1
440289940,1,2.0,0.0,0.0,7
440310078,1,1.0,0.0,0.0,3
440346630,1,3.0,0.0,0.0,13
440385562,1,9.0,0.0,0.0,7
440548397,1,1.0,0.0,0.0,2
440582814,1,1.0,0.0,0.0,7
440807399,1,1.0,0.0,0.0,1
440858794,1,3.0,0.0,0.0,7
440884432,1,2.0,0.0,0.0,15
440909617,1,5.0,0.0,0.0,26
441206783,1,3.0,0.0,0.0,7
441658598,1,1.0,0.0,0.0,1
442441672,1,28.0,0.0,0.0,17
442716595,1,1.0,0.0,0.0,4
443226474,1,4.0,0.0,0.0,0
443233186,1,1.0,0.0,0.0,22
4433540,1,6.0,0.0,0.0,1
443730909,1,3.0,0.0,0.0,2
443772950,1,49.0,0.0,0.0,26
443833295,1,1.0,0.0,0.0,3
443997241,1,1.0,0.0,0.0,11
444308997,1,1.0,0.0,0.0,3
444403283,1,2.0,0.0,0.0,1
444784633,1,1.0,0.0,0.0,25
444867182,1,1.0,0.0,0.0,12
44498957,1,1.0,0.0,0.0,2
44518776,1,3.0,0.0,0.0,1
445376431,1,1.0,0.0,0.0,6
445423122,1,1.0,0.0,0.0,1
445431783,1,1.0,0.0,0.0,2
445557289,1,4.0,0.0,0.0,7
445569784,1,1.0,0.0,0.0,8
445627498,1,1.0,0.0,0.0,2
44611390,1,2.0,0.0,0.0,3
446314577,1,2.0,0.0,0.0,10
446567175,1,1.0,0.0,0.0,0
446597121,1,1.0,0.0,0.0,13
44667904,1,43.0,0.0,0.0,4
446687759,1,1.0,0.0,0.0,5
446812177,1,1.0,0.0,0.0,3
446937385,1,1.0,0.0,0.0,10
44702033,1,1.0,0.0,0.0,7
447103949,1,1.0,0.0,0.0,0
447154263,1,1.0,0.0,0.0,4
447225444,1,2.0,0.0,0.0,13
44733039,1,1.0,0.0,0.0,8
447544746,1,1.0,0.0,0.0,2
448111235,1,1.0,0.0,0.0,1
448141955,1,1.0,0.0,0.0,26
448362311,1,2.0,0.0,0.0,3
44838949,1,2.0,0.0,0.0,9
449206656,1,1.0,0.0,0.0,2
44921781,1,2.0,0.0,0.0,5
449438333,1,1.0,0.0,0.0,8
449643557,1,1.0,0.0,0.0,3
449657737,1,2.0,0.0,0.0,1
450019595,1,3.0,0.0,0.0,13
450105602,1,1.0,0.0,0.0,6
450183621,1,1.0,0.0,0.0,1
450466230,1,3.0,0.0,0.0,14
450602159,1,4.0,0.0,0.0,1
45115389,1,2.0,0.0,0.0,27
451254817,1,1.0,0.0,0.0,0
451415113,1,1.0,0.0,0.0,4
451511457,1,1.0,0.0,0.0,7
451543819,1,1.0,0.0,0.0,10
451562730,1,1.0,0.0,0.0,9
451686445,1,1.0,0.0,0.0,9
451988788,1,1.0,0.0,0.0,13
451990498,1,16.0,0.0,0.0,2
45200599,1,1.0,0.0,0.0,11
45202495,1,1.0,0.0,0.0,3
452575658,1,1.0,0.0,0.0,5
452825945,1,30.0,0.0,0.0,1
45305126,1,2.0,0.0,0.0,1
453154263,1,14.0,0.0,0.0,18
453379272,1,3.0,0.0,0.0,0
453540240,1,2.0,0.0,0.0,5
453580393,1,1.0,0.0,0.0,3
453631903,1,1.0,0.0,0.0,2
4537118,1,1.0,0.0,0.0,11
454132203,1,3.0,0.0,0.0,8
454528656,1,1.0,0.0,0.0,2
454636702,1,1.0,0.0,0.0,0
45497910,1,1.0,0.0,0.0,9
45498365,1,1.0,0.0,0.0,10
45516769,1,2.0,0.0,0.0,2
455229168,1,1.0,0.0,0.0,20
455590766,1,1.0,0.0,0.0,13
455600,1,7.0,0.0,0.0,1
4564034,1,3.0,0.0,0.0,3
456672770,1,1.0,0.0,0.0,3
456672881,1,8.0,0.0,0.0,3
456728202,1,3.0,0.0,0.0,0
4569051,1,2.0,0.0,0.0,2
456938055,1,1.0,0.0,0.0,18
45717250,1,1.0,0.0,0.0,7
457577836,1,1431.0,0.0,0.0,7
457619173,1,1.0,0.0,0.0,8
457946259,1,22.0,0.0,0.0,2
457955175,1,3.0,0.0,0.0,20
457979282,1,1.0,0.0,0.0,20
458035827,1,6.0,0.0,0.0,3
458226256,1,1.0,0.0,0.0,8
458283258,1,1.0,0.0,0.0,7
45832751,1,1.0,0.0,0.0,25
458711155,1,2.0,0.0,0.0,10
458793640,1,7.0,0.0,0.0,19
458807284,1,2.0,0.0,0.0,3
45903621,1,20.0,0.0,0.0,7
45938451,1,13.0,0.0,0.0,2
460076120,1,4.0,0.0,0.0,20
460077424,1,1.0,0.0,0.0,12
460293724,1,3.0,0.0,0.0,9
46052837,1,4.0,0.0,0.0,3
46083140,1,1.0,0.0,0.0,0
461140045,1,1.0,0.0,0.0,6
46122460,1,118.0,0.0,0.0,15
461622431,1,1.0,0.0,0.0,5
461846029,1,1.0,0.0,0.0,19
461875582,1,8.0,0.0,0.0,5
461884381,1,12.0,0.0,0.0,0
461899442,1,1.0,0.0,0.0,19
462292,1,1.0,0.0,0.0,9
462355231,1,1.0,0.0,0.0,20
4624165,1,10.0,0.0,0.0,3
462601000,1,1.0,0.0,0.0,2
462611119,1,5.0,0.0,0.0,17
462937884,1,1.0,0.0,0.0,4
463144212,1,1.0,0.0,0.0,4
463209963,1,2.0,0.0,0.0,3
463247491,1,1.0,0.0,0.0,4
463288368,1,3.0,0.0,0.0,4
46328956,1,1.0,0.0,0.0,1
463346794,1,1.0,0.0,0.0,1
463453836,1,1.0,0.0,0.0,0
46347857,1,1.0,0.0,0.0,4
463656695,1,1.0,0.0,0.0,5
463689901,1,2.0,0.0,0.0,0
463750547,1,2.0,0.0,0.0,7
46379698,1,1.0,0.0,0.0,4
46420463,1,1.0,0.0,0.0,4
46425250,1,1.0,0.0,0.0,1
464597232,1,1.0,0.0,0.0,2
464684932,1,7.0,0.0,0.0,7
464893163,1,1.0,0.0,0.0,20
464980742,1,1.0,0.0,0.0,1
465011315,1,3.0,0.0,0.0,19
46504130,1,1.0,0.0,0.0,2
465431114,1,1.0,0.0,0.0,9
4659423,1,2.0,0.0,0.0,2
46598496,1,1.0,0.0,0.0,8
466440406,1,1.0,0.0,0.0,9
466488991,1,9.0,0.0,0.0,4
466498609,1,1.0,0.0,0.0,0
466511672,1,6.0,0.0,0.0,0
466757879,1,1.0,0.0,0.0,7
46712849,1,2.0,0.0,0.0,3
467164901,1,1.0,0.0,0.0,10
467205705,1,2.0,0.0,0.0,9
467305201,1,1.0,0.0,0.0,3
467336443,1,2.0,0.0,0.0,1
467348529,1,18.0,0.0,0.0,22
46755224,1,1.0,0.0,0.0,11
467834013,1,21.0,0.0,0.0,0
4681328,1,22.0,0.0,0.0,1
4685187,1,1.0,0.0,0.0,18
468964083,1,1.0,0.0,0.0,1
46900076,1,6.0,0.0,0.0,1
4690278,1,1.0,0.0,0.0,5
469069490,1,2.0,0.0,0.0,0
46916188,1,24.0,0.0,0.0,6
469345703,1,1.0,0.0,0.0,3
469617187,1,5.0,0.0,0.0,11
469712953,1,1.0,0.0,0.0,2
469828818,1,1.0,0.0,0.0,5
469877060,1,4.0,0.0,0.0,4
469914860,1,33.0,0.0,0.0,0
46998787,1,1.0,0.0,0.0,8
470126561,1,1.0,0.0,0.0,4
470195531,1,1.0,0.0,0.0,1
470405503,1,4.0,0.0,0.0,17
47065398,1,47.0,0.0,0.0,0
470755469,1,16.0,0.0,0.0,8
470873369,1,1.0,0.0,0.0,4
470954148,1,1.0,0.0,0.0,4
47140131,1,2.0,0.0,0.0,6
471459709,1,1.0,0.0,0.0,17
47190624,1,1.0,0.0,0.0,17
47203045,1,1.0,0.0,0.0,8
47219360,1,7.0,0.0,0.0,4
472230828,1,1.0,0.0,0.0,4
472249049,1,2.0,0.0,0.0,4
47264649,1,3.0,0.0,0.0,3
472775521,1,18.0,0.0,0.0,9
472870988,1,2.0,0.0,0.0,1
472893587,1,1.0,0.0,0.0,7
472909832,1,1.0,0.0,0.0,3
472961423,1,1.0,0.0,0.0,1
473614246,1,2.0,0.0,0.0,1
473747677,1,2.0,0.0,0.0,8
474002249,1,2.0,0.0,0.0,4
47409672,1,1.0,0.0,0.0,2
474191681,1,1.0,0.0,0.0,13
474202076,1,2.0,0.0,0.0,7
474609551,1,1.0,0.0,0.0,4
474841422,1,1.0,0.0,0.0,0
474942253,1,3.0,0.0,0.0,0
474982484,1,1.0,0.0,0.0,17
475016659,1,1.0,0.0,0.0,2
475029937,1,68.0,0.0,0.0,4
475599,1,4.0,0.0,0.0,3
47574295,1,1.0,0.0,0.0,2
475909036,1,1.0,0.0,0.0,4
476065101,1,2.0,0.0,0.0,1
476322310,1,1.0,0.0,0.0,5
476381845,1,1.0,0.0,0.0,3
476548123,1,1.0,0.0,0.0,2
47662468,1,1.0,0.0,0.0,6
476635419,1,1.0,0.0,0.0,2
476825711,1,1.0,0.0,0.0,2
476902780,1,3.0,0.0,0.0,3
47711273,1,19.0,0.0,0.0,15
47755262,1,1.0,0.0,0.0,4
47757098,1,1.0,0.0,0.0,3
477925242,1,8.0,0.0,0.0,1
47849203,1,4.0,0.0,0.0,10
478529906,1,4.0,0.0,0.0,6
47854924,1,1.0,0.0,0.0,0
4787459,1,1.0,0.0,0.0,16
47878060,1,2.0,0.0,0.0,10
478886147,1,1.0,0.0,0.0,0
478886268,1,21.0,0.0,0.0,5
479291099,1,1.0,0.0,0.0,4
479292237,1,11.0,0.0,0.0,1
479517597,1,1.0,0.0,0.0,8
47969891,1,1.0,0.0,0.0,0
4797147,1,2.0,0.0,0.0,5
479752228,1,7.0,0.0,0.0,1
479773469,1,1.0,0.0,0.0,5
479861850,1,1.0,0.0,0.0,0
48004987,1,64.0,0.0,0.0,8
480080,1,1.0,0.0,0.0,4
480211114,1,6.0,0.0,0.0,0
480239936,1,4.0,0.0,0.0,9
480309588,1,1.0,0.0,0.0,7
480318757,1,4.0,0.0,0.0,17
48046454,1,5.0,0.0,0.0,3
48062626,1,4.0,0.0,0.0,8
480668717,1,2.0,0.0,0.0,8
480818071,1,2.0,0.0,0.0,5
481324763,1,71.0,0.0,0.0,19
481429011,1,51.0,0.0,0.0,1
481475524,1,3.0,0.0,0.0,10
482457819,1,1.0,0.0,0.0,0
482914040,1,1.0,0.0,0.0,2
483142984,1,21.0,0.0,0.0,0
483146498,1,7.0,0.0,0.0,8
483165434,1,1.0,0.0,0.0,4
483185939,1,18.0,0.0,0.0,5
483457655,1,84.0,0.0,0.0,0
483500211,1,14.0,0.0,0.0,1
483662796,1,3.0,0.0,0.0,2
483667431,1,34.0,0.0,0.0,0
483924,1,1.0,0.0,0.0,3
484214803,1,6.0,0.0,0.0,7
484398532,1,2.0,0.0,0.0,3
484765387,1,1.0,0.0,0.0,5
48491431,1,1.0,0.0,0.0,9
485243264,1,2.0,0.0,0.0,3
485738909,1,1.0,0.0,0.0,12
48578152,1,1.0,0.0,0.0,5
486125557,1,1.0,0.0,0.0,2
486163275,1,6.0,0.0,0.0,26
4861768,1,1.0,0.0,0.0,27
486278040,1,5.0,0.0,0.0,13
486365104,1,1.0,0.0,0.0,1
486605815,1,2.0,0.0,0.0,1
486917300,1,1.0,0.0,0.0,0
487074429,1,114.0,0.0,0.0,7
487515598,1,2.0,0.0,0.0,1
48770856,1,1.0,0.0,0.0,0
487859119,1,3.0,0.0,0.0,4
487932215,1,1.0,0.0,0.0,2
4879511,1,31.0,0.0,0.0,17
488104350,1,1.0,0.0,0.0,12
4882769,1,2.0,0.0,0.0,6
488299528,1,2.0,0.0,0.0,8
488455975,1,3.0,0.0,0.0,7
488592770,1,2.0,0.0,0.0,6
489056993,1,2.0,0.0,0.0,3
489071239,1,3.0,0.0,0.0,6
489184364,1,1.0,0.0,0.0,2
489518412,1,1.0,0.0,0.0,2
489605824,1,2.0,0.0,0.0,1
489737124,1,1.0,0.0,0.0,7
490111123,1,2.0,0.0,0.0,22
490177159,1,1.0,0.0,0.0,5
490212656,1,1.0,0.0,0.0,11
490557661,1,2005.0,0.0,0.0,7
490601958,1,4.0,0.0,0.0,3
49111463,1,1.0,0.0,0.0,8
491161925,1,1.0,0.0,0.0,0
491227630,1,3.0,0.0,0.0,2
491342043,1,1.0,0.0,0.0,3
491419259,1,1.0,0.0,0.0,16
49145686,1,2.0,0.0,0.0,5
491623541,1,4.0,0.0,0.0,1
491653777,1,3.0,0.0,0.0,8
49172647,1,1.0,0.0,0.0,10
491797414,1,6.0,0.0,0.0,0
491802223,1,1.0,0.0,0.0,0
491871393,1,1.0,0.0,0.0,4
491939640,1,1.0,0.0,0.0,9
492062409,1,1.0,0.0,0.0,7
492184868,1,1.0,0.0,0.0,1
492529077,1,2.0,0.0,0.0,22
4925652,1,1.0,0.0,0.0,5
493035916,1,5.0,0.0,0.0,8
4931095,1,2.0,0.0,0.0,6
49324039,1,8.0,0.0,0.0,7
493332759,1,1.0,0.0,0.0,1
493497728,1,5.0,0.0,0.0,0
493522583,1,1.0,0.0,0.0,0
493544360,1,6.0,0.0,0.0,22
493884806,1,1.0,0.0,0.0,0
494107715,1,13.0,0.0,0.0,0
49412249,1,1.0,0.0,0.0,2
494334828,1,1.0,0.0,0.0,7
49441405,1,55.0,0.0,0.0,8
494471755,1,8.0,0.0,0.0,1
494505892,1,5.0,0.0,0.0,0
4946406,1,1.0,0.0,0.0,2
495285029,1,4.0,0.0,0.0,10
495451270,1,1.0,0.0,0.0,1
495464826,1,1.0,0.0,0.0,1
49554190,1,1.0,0.0,0.0,4
495596586,1,1.0,0.0,0.0,10
495770186,1,1.0,0.0,0.0,17
495951099,1,1.0,0.0,0.0,4
496006028,1,4.0,0.0,0.0,0
49609581,1,1.0,0.0,0.0,1
496125850,1,15.0,0.0,0.0,0
496133440,1,1.0,0.0,0.0,6
496145136,1,3.0,0.0,0.0,1
496855992,1,11.0,0.0,0.0,22
49691605,1,1.0,0.0,0.0,1
497022402,1,1.0,0.0,0.0,8
497173054,1,1.0,0.0,0.0,7
497381787,1,2.0,0.0,0.0,9
49756018,1,1.0,0.0,0.0,1
497825138,1,1.0,0.0,0.0,2
4979256,1,2.0,0.0,0.0,5
498085095,1,1.0,0.0,0.0,11
49827098,1,4.0,0.0,0.0,1
49867147,1,66.0,0.0,0.0,3
498688005,1,1.0,0.0,0.0,19
499312846,1,2.0,0.0,0.0,0
49937981,1,1.0,0.0,0.0,1
499651572,1,1.0,0.0,0.0,10
49982695,1,2.0,0.0,0.0,1
499899955,1,1.0,0.0,0.0,3
50007393,1,1.0,0.0,0.0,3
500093,1,1.0,0.0,0.0,11
500338009,1,1.0,0.0,0.0,14
5003951,1,1.0,0.0,0.0,1
50053618,1,1.0,0.0,0.0,6
500595426,1,2.0,0.0,0.0,3
500820281,1,1.0,0.0,0.0,4
50082575,1,1.0,0.0,0.0,0
50107469,1,3.0,0.0,0.0,13
501101518,1,1.0,0.0,0.0,18
5011262,1,6.0,0.0,0.0,2
501399927,1,1.0,0.0,0.0,0
501929647,1,1.0,0.0,0.0,2
502036013,1,3.0,0.0,0.0,0
50204988,1,3.0,0.0,0.0,1
50205233,1,5.0,0.0,0.0,0
502126992,1,1.0,0.0,0.0,4
502225300,1,4.0,0.0,0.0,1
502240118,1,1.0,0.0,0.0,0
50244301,1,1.0,0.0,0.0,1
503029222,1,1.0,0.0,0.0,19
503138887,1,2.0,0.0,0.0,4
503240750,1,1.0,0.0,0.0,1
503577038,1,2.0,0.0,0.0,3
503800558,1,1.0,0.0,0.0,6
503841361,1,1.0,0.0,0.0,11
503900825,1,2.0,0.0,0.0,1
504030060,1,1.0,0.0,0.0,0
504134480,1,9.0,0.0,0.0,22
504295831,1,1.0,0.0,0.0,10
504360264,1,1.0,0.0,0.0,1
504460370,1,1.0,0.0,0.0,0
50538484,1,1.0,0.0,0.0,8
505828636,1,1.0,0.0,0.0,13
50603846,1,1.0,0.0,0.0,2
50629145,1,1.0,0.0,0.0,8
506343924,1,2.0,0.0,0.0,14
506590393,1,5.0,0.0,0.0,4
506592925,1,1.0,0.0,0.0,2
506613299,1,2.0,0.0,0.0,13
506659611,1,3.0,0.0,0.0,2
506746332,1,23.0,0.0,0.0,7
506753162,1,4.0,0.0,0.0,7
506753204,1,1.0,0.0,0.0,7
506915807,1,8.0,0.0,0.0,0
506916087,1,3.0,0.0,0.0,0
507003245,1,1.0,0.0,0.0,0
507086219,1,2.0,0.0,0.0,1
507089401,1,1.0,0.0,0.0,5
507251859,1,1.0,0.0,0.0,4
507414986,1,3.0,0.0,0.0,0
507855351,1,3.0,0.0,0.0,6
507885417,1,1.0,0.0,0.0,2
508014426,1,1.0,0.0,0.0,3
508200407,1,1.0,0.0,0.0,2
508336811,1,1.0,0.0,0.0,4
508414565,1,2.0,0.0,0.0,10
508434677,1,1.0,0.0,0.0,13
508865884,1,1.0,0.0,0.0,7
509101213,1,3.0,0.0,0.0,5
509367294,1,1.0,0.0,0.0,1
509396909,1,1.0,0.0,0.0,4
509532500,1,1.0,0.0,0.0,5
509566212,1,1.0,0.0,0.0,10
509680851,1,3.0,0.0,0.0,6
509766182,1,2.0,0.0,0.0,25
509836733,1,29.0,0.0,0.0,3
509960044,1,1.0,0.0,0.0,1
510103717,1,3.0,0.0,0.0,0
510182286,1,24.0,0.0,0.0,17
510183901,1,1.0,0.0,0.0,5
51018409,1,1.0,0.0,0.0,21
5103785,1,42.0,0.0,0.0,3
510463319,1,26.0,0.0,0.0,5
510653879,1,1.0,0.0,0.0,32
510654075,1,1.0,0.0,0.0,32
510721105,1,1.0,0.0,0.0,7
51073068,1,1.0,0.0,0.0,7
510907833,1,1.0,0.0,0.0,4
510953846,1,1.0,0.0,0.0,1
511043304,1,1.0,0.0,0.0,8
511108827,1,2.0,0.0,0.0,2
511184120,1,1.0,0.0,0.0,20
511235342,1,1.0,0.0,0.0,4
511236791,1,1.0,0.0,0.0,1
511276595,1,2.0,0.0,0.0,23
511745739,1,6.0,0.0,0.0,2
511904347,1,2.0,0.0,0.0,0
51205788,1,1.0,0.0,0.0,2
51206425,1,1.0,0.0,0.0,14
51212044,1,2.0,0.0,0.0,10
51219324,1,2.0,0.0,0.0,2
512398858,1,1.0,0.0,0.0,16
51274370,1,2.0,0.0,0.0,19
51286051,1,1.0,0.0,0.0,3
512918917,1,1.0,0.0,0.0,8
51292821,1,3.0,0.0,0.0,4
513195031,1,1.0,0.0,0.0,7
513328880,1,1.0,0.0,0.0,16
513412912,1,4.0,0.0,0.0,0
513490444,1,1.0,0.0,0.0,2
513543581,1,1.0,0.0,0.0,19
513737416,1,2.0,0.0,0.0,6
513764614,1,7.0,0.0,0.0,0
51378283,1,1.0,0.0,0.0,0
514024958,1,2.0,0.0,0.0,0
51403967,1,1.0,0.0,0.0,1
51456908,1,2.0,0.0,0.0,10
515135906,1,2.0,0.0,0.0,5
515208425,1,1.0,0.0,0.0,5
515238162,1,2.0,0.0,0.0,2
515524532,1,12.0,0.0,0.0,22
51574639,1,1.0,0.0,0.0,5
51584791,1,55.0,0.0,0.0,1
515987842,1,1.0,0.0,0.0,22
516447169,1,2.0,0.0,0.0,7
516464713,1,1.0,0.0,0.0,5
516540438,1,6.0,0.0,0.0,0
516678127,1,5.0,0.0,0.0,2
516747253,1,1.0,0.0,0.0,1
516813356,1,4.0,0.0,0.0,1
516859981,1,3.0,0.0,0.0,2
51740644,1,1.0,0.0,0.0,9
517653557,1,1.0,0.0,0.0,4
517745858,1,1.0,0.0,0.0,5
517833272,1,2.0,0.0,0.0,26
517972406,1,4.0,0.0,0.0,0
518319075,1,1.0,0.0,0.0,1
518393338,1,13.0,0.0,0.0,17
518501680,1,3.0,0.0,0.0,1
518533087,1,1.0,0.0,0.0,5
519003926,1,3.0,0.0,0.0,13
51905338,1,12.0,0.0,0.0,0
51905729,1,14.0,0.0,0.0,1
51954402,1,1.0,0.0,0.0,1
519728947,1,4.0,0.0,0.0,5
519882617,1,1.0,0.0,0.0,5
520058706,1,1.0,0.0,0.0,9
520314886,1,1.0,0.0,0.0,3
520342705,1,1.0,0.0,0.0,0
52037627,1,7.0,0.0,0.0,13
520568524,1,1.0,0.0,0.0,5
520709428,1,34.0,0.0,0.0,8
52071471,1,5.0,0.0,0.0,2
520804429,1,1.0,0.0,0.0,5
520872712,1,2.0,0.0,0.0,10
521075255,1,1.0,0.0,0.0,1
521246855,1,1.0,0.0,0.0,6
521371906,1,4.0,0.0,0.0,1
521695479,1,3.0,0.0,0.0,8
521736914,1,1.0,0.0,0.0,0
522385121,1,1.0,0.0,0.0,1
522386929,1,1.0,0.0,0.0,4
522839183,1,2.0,0.0,0.0,3
522848088,1,1.0,0.0,0.0,3
523070419,1,1.0,0.0,0.0,19
52318322,1,11.0,0.0,0.0,6
523199201,1,3.0,0.0,0.0,26
523428811,1,5.0,0.0,0.0,2
523479704,1,3.0,0.0,0.0,1
523506543,1,1.0,0.0,0.0,4
523660510,1,1.0,0.0,0.0,0
523717821,1,1.0,0.0,0.0,2
523767396,1,1.0,0.0,0.0,13
52382088,1,5.0,0.0,0.0,10
523981741,1,4.0,0.0,0.0,7
524032322,1,1.0,0.0,0.0,6
524100695,1,2.0,0.0,0.0,2
524240295,1,1.0,0.0,0.0,1
524496914,1,2.0,0.0,0.0,4
525087484,1,3.0,0.0,0.0,13
52509220,1,4.0,0.0,0.0,5
525098578,1,2.0,0.0,0.0,6
525304261,1,1.0,0.0,0.0,5
52556695,1,30.0,0.0,0.0,3
525846885,1,1.0,0.0,0.0,9
52589524,1,1.0,0.0,0.0,2
526033780,1,1.0,0.0,0.0,0
52607837,1,1.0,0.0,0.0,3
526080122,1,5.0,0.0,0.0,2
52618352,1,1.0,0.0,0.0,13
526371668,1,1.0,0.0,0.0,1
526530291,1,1.0,0.0,0.0,2
52670913,1,1.0,0.0,0.0,18
526946427,1,1.0,0.0,0.0,0
527061453,1,2.0,0.0,0.0,4
52736898,1,2.0,0.0,0.0,8
527483772,1,2.0,0.0,0.0,13
527522464,1,1.0,0.0,0.0,3
52773157,1,2.0,0.0,0.0,8
527734576,1,2.0,0.0,0.0,4
52776218,1,1.0,0.0,0.0,10
527947052,1,1.0,0.0,0.0,0
527960367,1,1.0,0.0,0.0,1
52804750,1,1.0,0.0,0.0,4
528416224,1,2.0,0.0,0.0,9
528683893,1,1.0,0.0,0.0,26
528791750,1,2.0,0.0,0.0,2
528806629,1,12.0,0.0,0.0,6
528989181,1,1.0,0.0,0.0,3
529112195,1,1.0,0.0,0.0,26
529408708,1,2.0,0.0,0.0,2
52987383,1,2.0,0.0,0.0,10
529878640,1,1.0,0.0,0.0,2
529961568,1,1.0,0.0,0.0,14
530236271,1,3.0,0.0,0.0,1
530449130,1,7.0,0.0,0.0,7
530655405,1,1.0,0.0,0.0,12
530681617,1,3.0,0.0,0.0,6
530712828,1,1.0,0.0,0.0,2
530730261,1,16.0,0.0,0.0,2
530821975,1,3.0,0.0,0.0,4
531019817,1,1.0,0.0,0.0,32
531051081,1,1.0,0.0,0.0,0
531104599,1,1.0,0.0,0.0,1
531326684,1,1.0,0.0,0.0,15
531406663,1,16.0,0.0,0.0,10
5317395,1,8.0,0.0,0.0,15
53174933,1,4.0,0.0,0.0,4
531804872,1,2.0,0.0,0.0,0
531812042,1,1.0,0.0,0.0,10
532163204,1,1.0,0.0,0.0,20
532317850,1,1.0,0.0,0.0,9
532337965,1,1.0,0.0,0.0,2
53238813,1,6.0,0.0,0.0,10
53258252,1,1.0,0.0,0.0,2
532673843,1,2.0,0.0,0.0,0
53277717,1,2.0,0.0,0.0,2
53279870,1,2.0,0.0,0.0,3
532842713,1,4.0,0.0,0.0,21
532844203,1,9.0,0.0,0.0,21
532847167,1,1.0,0.0,0.0,0
53330030,1,1.0,0.0,0.0,6
533543004,1,1.0,0.0,0.0,6
53356367,1,1.0,0.0,0.0,2
533735884,1,2.0,0.0,0.0,2
534150188,1,9.0,0.0,0.0,2
53418103,1,1.0,0.0,0.0,4
534434596,1,1.0,0.0,0.0,7
535259589,1,4.0,0.0,0.0,2
53527070,1,1.0,0.0,0.0,0
535364066,1,3.0,0.0,0.0,6
535581439,1,2.0,0.0,0.0,5
535788760,1,2.0,0.0,0.0,7
53579202,1,1.0,0.0,0.0,6
536010299,1,2.0,0.0,0.0,1
536026761,1,1.0,0.0,0.0,5
536084262,1,1.0,0.0,0.0,0
53618789,1,6.0,0.0,0.0,2
536198098,1,7.0,0.0,0.0,5
5362370,1,12.0,0.0,0.0,9
536457941,1,21.0,0.0,0.0,0
536463007,1,1.0,0.0,0.0,22
536473565,1,1.0,0.0,0.0,0
536597221,1,1.0,0.0,0.0,2
536650342,1,1.0,0.0,0.0,4
536725876,1,1.0,0.0,0.0,16
536871914,1,19.0,0.0,0.0,0
53703126,1,1.0,0.0,0.0,2
53728068,1,3.0,0.0,0.0,3
537394164,1,3.0,0.0,0.0,22
538166046,1,1.0,0.0,0.0,13
538316309,1,1.0,0.0,0.0,5
5383731,1,2.0,0.0,0.0,4
538480445,1,30.0,0.0,0.0,4
538553958,1,1.0,0.0,0.0,5
538626126,1,2.0,0.0,0.0,1
538654002,1,2.0,0.0,0.0,2
538656848,1,10.0,0.0,0.0,1
539006295,1,4.0,0.0,0.0,1
539278717,1,1.0,0.0,0.0,0
539453813,1,3.0,0.0,0.0,4
539846712,1,3.0,0.0,0.0,4
53990057,1,2.0,0.0,0.0,7
539980905,1,1.0,0.0,0.0,0
540192615,1,3.0,0.0,0.0,0
540262346,1,2012.0,0.0,0.0,7
54030871,1,2.0,0.0,0.0,11
540538268,1,1.0,0.0,0.0,0
540545955,1,3.0,0.0,0.0,7
54105920,1,1.0,0.0,0.0,29
541249868,1,2.0,0.0,0.0,0
541281404,1,1.0,0.0,0.0,4
541286837,1,3.0,0.0,0.0,0
541387112,1,1.0,0.0,0.0,0
54141768,1,4.0,0.0,0.0,10
541433150,1,111.0,0.0,0.0,4
54158968,1,6.0,0.0,0.0,1
541611463,1,5.0,0.0,0.0,7
541645085,1,2.0,0.0,0.0,7
541668142,1,1.0,0.0,0.0,0
54168759,1,1.0,0.0,0.0,0
54172699,1,1.0,0.0,0.0,2
54173593,1,42.0,0.0,0.0,8
541788928,1,1.0,0.0,0.0,2
541912656,1,1.0,0.0,0.0,3
542039795,1,1.0,0.0,0.0,1
542065901,1,2.0,0.0,0.0,3
542103239,1,2.0,0.0,0.0,20
542413372,1,16.0,0.0,0.0,2
542452064,1,1.0,0.0,0.0,22
54280778,1,1.0,0.0,0.0,4
5428536,1,1.0,0.0,0.0,2
542858730,1,1.0,0.0,0.0,12
542931741,1,1.0,0.0,0.0,0
543095311,1,1.0,0.0,0.0,6
543114976,1,1.0,0.0,0.0,9
543133848,1,1.0,0.0,0.0,6
543207884,1,1.0,0.0,0.0,17
543218317,1,3.0,0.0,0.0,7
543288517,1,1.0,0.0,0.0,5
543387336,1,5.0,0.0,0.0,5
54360307,1,1.0,0.0,0.0,0
543610387,1,1.0,0.0,0.0,2
543781937,1,1.0,0.0,0.0,7
54378638,1,1.0,0.0,0.0,2
543818184,1,1.0,0.0,0.0,3
54445829,1,1.0,0.0,0.0,9
544719261,1,23.0,0.0,0.0,18
544806613,1,1.0,0.0,0.0,3
544885367,1,3.0,0.0,0.0,3
544996776,1,1.0,0.0,0.0,2
54502204,1,25.0,0.0,0.0,8
545265415,1,1.0,0.0,0.0,10
545702406,1,1.0,0.0,0.0,6
545901542,1,232.0,0.0,0.0,9
54596517,1,1.0,0.0,0.0,2
546547856,1,2.0,0.0,0.0,2
546990739,1,2.0,0.0,0.0,7
547279625,1,1.0,0.0,0.0,3
547948072,1,1.0,0.0,0.0,3
547991185,1,2.0,0.0,0.0,2
548251,1,1.0,0.0,0.0,2
548349609,1,4.0,0.0,0.0,0
548619478,1,1.0,0.0,0.0,0
548823065,1,9.0,0.0,0.0,2
548871033,1,1.0,0.0,0.0,1
549071054,1,1.0,0.0,0.0,1
54994103,1,1.0,0.0,0.0,1
550871856,1,2.0,0.0,0.0,7
550879823,1,50.0,0.0,0.0,14
551224363,1,1.0,0.0,0.0,5
551375812,1,2.0,0.0,0.0,4
551397882,1,8.0,0.0,0.0,2
551440734,1,4.0,0.0,0.0,16
55205848,1,1.0,0.0,0.0,4
553059522,1,2.0,0.0,0.0,6
553234221,1,22.0,0.0,0.0,5
55330340,1,1.0,0.0,0.0,1
553390647,1,9.0,0.0,0.0,0
553986299,1,2.0,0.0,0.0,0
55401642,1,25.0,0.0,0.0,24
554034901,1,1.0,0.0,0.0,4
554147910,1,2.0,0.0,0.0,2
554148984,1,33.0,0.0,0.0,9
554217853,1,1.0,0.0,0.0,1
554225576,1,1.0,0.0,0.0,3
55425573,1,5.0,0.0,0.0,2
5543519,1,1.0,0.0,0.0,3
554365096,1,2.0,0.0,0.0,11
554376586,1,1.0,0.0,0.0,1
554581194,1,1.0,0.0,0.0,0
554750433,1,2.0,0.0,0.0,1
555039849,1,1.0,0.0,0.0,18
555777595,1,1.0,0.0,0.0,20
5561238,1,1.0,0.0,0.0,10
556353076,1,1.0,0.0,0.0,9
55637575,1,1.0,0.0,0.0,5
55643245,1,2.0,0.0,0.0,4
556558958,1,1.0,0.0,0.0,0
556675372,1,1.0,0.0,0.0,25
556677627,1,21.0,0.0,0.0,0
556961506,1,1.0,0.0,0.0,7
557075997,1,1.0,0.0,0.0,2
557135476,1,67.0,0.0,0.0,0
557167289,1,1.0,0.0,0.0,19
557280711,1,2.0,0.0,0.0,0
5573275,1,1.0,0.0,0.0,1
55760054,1,3.0,0.0,0.0,2
557785223,1,1.0,0.0,0.0,1
557927186,1,1.0,0.0,0.0,0
557952665,1,1.0,0.0,0.0,0
557980,1,11.0,0.0,0.0,1
557988291,1,1.0,0.0,0.0,4
558108873,1,2.0,0.0,0.0,5
558211706,1,1.0,0.0,0.0,9
558476533,1,1.0,0.0,0.0,1
558728916,1,1.0,0.0,0.0,1
558921832,1,6.0,0.0,0.0,13
55906763,1,1.0,0.0,0.0,8
559429813,1,1.0,0.0,0.0,5
559767361,1,1.0,0.0,0.0,16
559815862,1,1.0,0.0,0.0,17
560114031,1,1.0,0.0,0.0,2
560182652,1,1.0,0.0,0.0,1
56018561,1,3.0,0.0,0.0,2
560205109,1,1.0,0.0,0.0,0
560292269,1,2.0,0.0,0.0,16
560413356,1,1.0,0.0,0.0,18
560456116,1,3.0,0.0,0.0,5
560495,1,7.0,0.0,0.0,14
560617285,1,2.0,0.0,0.0,10
560621227,1,1.0,0.0,0.0,8
560657499,1,7.0,0.0,0.0,16
560750575,1,326.0,0.0,0.0,2
560789243,1,1.0,0.0,0.0,4
561272182,1,2.0,0.0,0.0,3
561282323,1,1.0,0.0,0.0,13
56128731,1,4.0,0.0,0.0,1
561341270,1,2.0,0.0,0.0,0
561383674,1,3.0,0.0,0.0,5
561476718,1,1.0,0.0,0.0,9
56214716,1,1.0,0.0,0.0,1
562286999,1,1.0,0.0,0.0,29
562377431,1,1.0,0.0,0.0,5
56248127,1,1.0,0.0,0.0,21
562557612,1,1.0,0.0,0.0,8
562658065,1,1.0,0.0,0.0,9
562736699,1,1.0,0.0,0.0,0
562778457,1,1.0,0.0,0.0,7
562892210,1,1.0,0.0,0.0,0
562938446,1,1.0,0.0,0.0,6
562983970,1,1.0,0.0,0.0,6
563014005,1,1.0,0.0,0.0,6
563169255,1,1.0,0.0,0.0,5
563510952,1,5.0,0.0,0.0,2
563782278,1,2.0,0.0,0.0,0
563901154,1,1.0,0.0,0.0,0
564136837,1,1.0,0.0,0.0,0
564181035,1,2.0,0.0,0.0,6
56419418,1,1.0,0.0,0.0,2
56421126,1,2.0,0.0,0.0,2
56422769,1,1.0,0.0,0.0,2
56423106,1,1.0,0.0,0.0,2
56424832,1,1.0,0.0,0.0,2
56425027,1,1.0,0.0,0.0,2
564263024,1,2.0,0.0,0.0,1
564722430,1,1.0,0.0,0.0,5
564884242,1,1.0,0.0,0.0,7
564948381,1,1.0,0.0,0.0,16
565414082,1,5.0,0.0,0.0,0
565419004,1,1.0,0.0,0.0,7
565730722,1,2.0,0.0,0.0,6
565762670,1,1.0,0.0,0.0,2
565776271,1,1.0,0.0,0.0,11
566073,1,1.0,0.0,0.0,1
566275577,1,1.0,0.0,0.0,1
566388914,1,1.0,0.0,0.0,0
566593514,1,2.0,0.0,0.0,0
566614027,1,2.0,0.0,0.0,0
566619097,1,5.0,0.0,0.0,0
566665301,1,4.0,0.0,0.0,0
567184568,1,1.0,0.0,0.0,29
567328069,1,2.0,0.0,0.0,33
567524986,1,11.0,0.0,0.0,7
56760633,1,1.0,0.0,0.0,1
567620849,1,2.0,0.0,0.0,1
568019934,1,1.0,0.0,0.0,29
568807303,1,1.0,0.0,0.0,23
568830741,1,1.0,0.0,0.0,33
56884660,1,3.0,0.0,0.0,10
569050726,1,1.0,0.0,0.0,4
569293325,1,49.0,0.0,0.0,1
569311990,1,2.0,0.0,0.0,1
5694513,1,8.0,0.0,0.0,2
569638288,1,17.0,0.0,0.0,0
569649085,1,11.0,0.0,0.0,2
569763856,1,8.0,0.0,0.0,1
569774736,1,4.0,0.0,0.0,1
569796349,1,1.0,0.0,0.0,5
569901162,1,7.0,0.0,0.0,1
569901336,1,1.0,0.0,0.0,1
56994503,1,1.0,0.0,0.0,9
570024400,1,2.0,0.0,0.0,0
570036022,1,18.0,0.0,0.0,0
570076073,1,6.0,0.0,0.0,0
570104815,1,1.0,0.0,0.0,5
570139152,1,1.0,0.0,0.0,0
570295557,1,1.0,0.0,0.0,10
570380914,1,1.0,0.0,0.0,11
570491818,1,1.0,0.0,0.0,0
570527111,1,1.0,0.0,0.0,3
570575390,1,1.0,0.0,0.0,1
570678664,1,2.0,0.0,0.0,1
570970504,1,1.0,0.0,0.0,11
571017556,1,5.0,0.0,0.0,1
571390155,1,7.0,0.0,0.0,12
571547749,1,1.0,0.0,0.0,17
57182064,1,5.0,0.0,0.0,5
57182606,1,1.0,0.0,0.0,2
571868194,1,3.0,0.0,0.0,0
571874382,1,1.0,0.0,0.0,29
571945396,1,2.0,0.0,0.0,5
57198920,1,2.0,0.0,0.0,4
572035838,1,33.0,0.0,0.0,0
572094413,1,1.0,0.0,0.0,2
57230414,1,3.0,0.0,0.0,4
572389548,1,4.0,0.0,0.0,7
572737300,1,5.0,0.0,0.0,3
572795380,1,1.0,0.0,0.0,4
572972102,1,1.0,0.0,0.0,4
573114199,1,6.0,0.0,0.0,1
573327603,1,1.0,0.0,0.0,0
573587193,1,22.0,0.0,0.0,30
573788038,1,4.0,0.0,0.0,3
574008360,1,4.0,0.0,0.0,0
574425709,1,1.0,0.0,0.0,8
574468978,1,5.0,0.0,0.0,15
574514586,1,1.0,0.0,0.0,0
5746963,1,1.0,0.0,0.0,0
574706151,1,2.0,0.0,0.0,20
574877651,1,1.0,0.0,0.0,1
575177379,1,2.0,0.0,0.0,7
575241620,1,1.0,0.0,0.0,11
575338309,1,1.0,0.0,0.0,0
575954792,1,1.0,0.0,0.0,5
575974366,1,2.0,0.0,0.0,3
576304071,1,1.0,0.0,0.0,0
576336363,1,1.0,0.0,0.0,6
576431865,1,2.0,0.0,0.0,20
576642715,1,2.0,0.0,0.0,0
577711552,1,1.0,0.0,0.0,2
577759670,1,2.0,0.0,0.0,5
577850152,1,201.0,0.0,0.0,1
578021174,1,11.0,0.0,0.0,4
578085423,1,1.0,0.0,0.0,21
578185635,1,2.0,0.0,0.0,24
57870115,1,1.0,0.0,0.0,2
578819146,1,1.0,0.0,0.0,1
57893688,1,1.0,0.0,0.0,4
579214823,1,1.0,0.0,0.0,0
579221694,1,1.0,0.0,0.0,0
579303566,1,1.0,0.0,0.0,8
57939112,1,12.0,0.0,0.0,2
57942251,1,2.0,0.0,0.0,7
579730545,1,7.0,0.0,0.0,13
579853319,1,2.0,0.0,0.0,2
580105330,1,3.0,0.0,0.0,4
580128677,1,2.0,0.0,0.0,9
580135126,1,1.0,0.0,0.0,1
5801666,1,1.0,0.0,0.0,13
580278577,1,1.0,0.0,0.0,5
580396880,1,2.0,0.0,0.0,7
580405044,1,1.0,0.0,0.0,4
580451100,1,1.0,0.0,0.0,0
5805256,1,6.0,0.0,0.0,5
580539035,1,1.0,0.0,0.0,0
58067876,1,7.0,0.0,0.0,0
580788054,1,1.0,0.0,0.0,12
580859914,1,2.0,0.0,0.0,5
580867522,1,2.0,0.0,0.0,7
581655463,1,2.0,0.0,0.0,3
581698190,1,2.0,0.0,0.0,5
58184885,1,9.0,0.0,0.0,2
581861282,1,2.0,0.0,0.0,4
582275863,1,1.0,0.0,0.0,1
58255485,1,1.0,0.0,0.0,1
58256381,1,1.0,0.0,0.0,29
582706245,1,1.0,0.0,0.0,4
582822129,1,2.0,0.0,0.0,1
582862268,1,5.0,0.0,0.0,0
582879665,1,1.0,0.0,0.0,3
5830987,1,3.0,0.0,0.0,1
583136009,1,1.0,0.0,0.0,4
583148820,1,4.0,0.0,0.0,1
583169838,1,1.0,0.0,0.0,26
583248438,1,2.0,0.0,0.0,2
583525400,1,2.0,0.0,0.0,1
583634675,1,1.0,0.0,0.0,0
583827396,1,1.0,0.0,0.0,20
583914239,1,1.0,0.0,0.0,5
584083190,1,4.0,0.0,0.0,9
584359113,1,3.0,0.0,0.0,4
584503581,1,1.0,0.0,0.0,9
584621292,1,1.0,0.0,0.0,5
584668045,1,1.0,0.0,0.0,1
584714008,1,1.0,0.0,0.0,6
584729999,1,1.0,0.0,0.0,5
584808163,1,2.0,0.0,0.0,18
584811128,1,1.0,0.0,0.0,0
584963320,1,2.0,0.0,0.0,28
585106802,1,18.0,0.0,0.0,4
585408551,1,1.0,0.0,0.0,0
585687628,1,3.0,0.0,0.0,9
585692546,1,2.0,0.0,0.0,2
585727736,1,1.0,0.0,0.0,4
586021521,1,1.0,0.0,0.0,4
586025558,1,1.0,0.0,0.0,0
586130341,1,1.0,0.0,0.0,11
586220513,1,11.0,0.0,0.0,5
586254338,1,4.0,0.0,0.0,0
586424450,1,1.0,0.0,0.0,4
586448435,1,3.0,0.0,0.0,1
586468701,1,2.0,0.0,0.0,13
586771395,1,2.0,0.0,0.0,0
586785918,1,23.0,0.0,0.0,5
586818209,1,1.0,0.0,0.0,3
586840327,1,1.0,0.0,0.0,1
587181638,1,2.0,0.0,0.0,11
587193794,1,2.0,0.0,0.0,0
587234510,1,2.0,0.0,0.0,21
587291698,1,1.0,0.0,0.0,7
587362299,1,1.0,0.0,0.0,33
587410624,1,2.0,0.0,0.0,12
587559548,1,1.0,0.0,0.0,5
587564108,1,1.0,0.0,0.0,2
587622851,1,1.0,0.0,0.0,2
587827277,1,1.0,0.0,0.0,0
587870995,1,1.0,0.0,0.0,5
587871835,1,1.0,0.0,0.0,4
587879046,1,3.0,0.0,0.0,6
587943248,1,1.0,0.0,0.0,8
587976355,1,2.0,0.0,0.0,1
5880554,1,1.0,0.0,0.0,26
588125726,1,1.0,0.0,0.0,6
588458626,1,2.0,0.0,0.0,1
588622064,1,1.0,0.0,0.0,1
588657173,1,1.0,0.0,0.0,0
588763142,1,17.0,0.0,0.0,22
588973697,1,2.0,0.0,0.0,28
588982731,1,3.0,0.0,0.0,1
589091184,1,1.0,0.0,0.0,0
589211245,1,1.0,0.0,0.0,2
589268852,1,6.0,0.0,0.0,16
589510868,1,3.0,0.0,0.0,32
589660517,1,1.0,0.0,0.0,1
589679365,1,1.0,0.0,0.0,5
590029543,1,1.0,0.0,0.0,3
590063058,1,1.0,0.0,0.0,1
590166847,1,4.0,0.0,0.0,7
590447108,1,1.0,0.0,0.0,5
590659968,1,1.0,0.0,0.0,7
590762750,1,1.0,0.0,0.0,0
590792931,1,1.0,0.0,0.0,12
591138304,1,1.0,0.0,0.0,2
591167748,1,1.0,0.0,0.0,0
591309502,1,1.0,0.0,0.0,9
591379023,1,6.0,0.0,0.0,11
591550077,1,4.0,0.0,0.0,22
591946735,1,1.0,0.0,0.0,7
592066633,1,1.0,0.0,0.0,4
592112421,1,1.0,0.0,0.0,14
59225160,1,1.0,0.0,0.0,29
592251835,1,1.0,0.0,0.0,2
59239347,1,1.0,0.0,0.0,2
592571625,1,1.0,0.0,0.0,1
592759713,1,1.0,0.0,0.0,20
592857433,1,2.0,0.0,0.0,2
592872331,1,1.0,0.0,0.0,4
592906091,1,1.0,0.0,0.0,1
592933002,1,3.0,0.0,0.0,1
592950097,1,1.0,0.0,0.0,9
59305491,1,1.0,0.0,0.0,1
593066208,1,1.0,0.0,0.0,4
593091353,1,4.0,0.0,0.0,2
593279745,1,5.0,0.0,0.0,4
593346082,1,1.0,0.0,0.0,4
593403754,1,2.0,0.0,0.0,4
593473811,1,2.0,0.0,0.0,0
593569528,1,1.0,0.0,0.0,3
593583946,1,1.0,0.0,0.0,3
593650681,1,1.0,0.0,0.0,24
593688846,1,1.0,0.0,0.0,8
593957637,1,1.0,0.0,0.0,12
594052621,1,1.0,0.0,0.0,2
594087,1,2.0,0.0,0.0,2
594097958,1,1.0,0.0,0.0,21
594233702,1,2.0,0.0,0.0,8
594295897,1,1.0,0.0,0.0,0
594411134,1,1.0,0.0,0.0,0
594578545,1,2.0,0.0,0.0,11
594627,1,2.0,0.0,0.0,1
594662410,1,1.0,0.0,0.0,19
5947247,1,1.0,0.0,0.0,1
594832601,1,1.0,0.0,0.0,5
595136650,1,1.0,0.0,0.0,2
595148158,1,1.0,0.0,0.0,0
59521862,1,1.0,0.0,0.0,11
595272637,1,1.0,0.0,0.0,1
595299502,1,2.0,0.0,0.0,6
595446941,1,4.0,0.0,0.0,0
595499428,1,1.0,0.0,0.0,10
595551370,1,4.0,0.0,0.0,0
595672011,1,3.0,0.0,0.0,4
595710888,1,1.0,0.0,0.0,2
5958453,1,1.0,0.0,0.0,4
595845716,1,2.0,0.0,0.0,2
596047527,1,1.0,0.0,0.0,10
596080887,1,2.0,0.0,0.0,11
596082836,1,1.0,0.0,0.0,5
596492770,1,1.0,0.0,0.0,1
596533485,1,5.0,0.0,0.0,5
596668153,1,1.0,0.0,0.0,3
596860245,1,2.0,0.0,0.0,15
596888243,1,4.0,0.0,0.0,29
596930360,1,1.0,0.0,0.0,11
596962369,1,2.0,0.0,0.0,11
597033918,1,1.0,0.0,0.0,11
597137891,1,2.0,0.0,0.0,4
597177399,1,1.0,0.0,0.0,6
59771425,1,1.0,0.0,0.0,18
59779262,1,1.0,0.0,0.0,1
598005813,1,2.0,0.0,0.0,29
598055547,1,2.0,0.0,0.0,1
598100760,1,1.0,0.0,0.0,5
598116138,1,6.0,0.0,0.0,10
598141720,1,2.0,0.0,0.0,1
598235761,1,1.0,0.0,0.0,0
598303453,1,1.0,0.0,0.0,2
598321569,1,1.0,0.0,0.0,23
598571781,1,1.0,0.0,0.0,8
598777111,1,2.0,0.0,0.0,11
59878249,1,1.0,0.0,0.0,9
598945250,1,1.0,0.0,0.0,0
599056425,1,1.0,0.0,0.0,7
599057968,1,34.0,0.0,0.0,0
599162152,1,1.0,0.0,0.0,29
599320067,1,3.0,0.0,0.0,7
599547518,1,1.0,0.0,0.0,20
599604319,1,1.0,0.0,0.0,24
599766045,1,1.0,0.0,0.0,1
599781615,1,1.0,0.0,0.0,5
599890488,1,3.0,0.0,0.0,2
599915831,1,4.0,0.0,0.0,0
599928080,1,1.0,0.0,0.0,0
599938138,1,1.0,0.0,0.0,3
599998684,1,8.0,0.0,0.0,10
600034692,1,1.0,0.0,0.0,6
600047029,1,4.0,0.0,0.0,0
600058088,1,2.0,0.0,0.0,0
600088427,1,1.0,0.0,0.0,9
600266034,1,1.0,0.0,0.0,7
600271677,1,59.0,0.0,0.0,12
6007295,1,2.0,0.0,0.0,21
601002785,1,2.0,0.0,0.0,17
601058002,1,1.0,0.0,0.0,14
60106395,1,1.0,0.0,0.0,9
601161044,1,5.0,0.0,0.0,12
601197351,1,2.0,0.0,0.0,6
601458426,1,1.0,0.0,0.0,4
601486187,1,2.0,0.0,0.0,0
601496278,1,1.0,0.0,0.0,5
601599569,1,1.0,0.0,0.0,3
601683538,1,5.0,0.0,0.0,7
601708897,1,1.0,0.0,0.0,4
601810020,1,1.0,0.0,0.0,2
601811994,1,1.0,0.0,0.0,1
601871355,1,12.0,0.0,0.0,4
601971389,1,1.0,0.0,0.0,6
602128143,1,1.0,0.0,0.0,6
602280634,1,1.0,0.0,0.0,9
602329911,1,1.0,0.0,0.0,4
602576644,1,1.0,0.0,0.0,0
602616394,1,3.0,0.0,0.0,5
602665730,1,523.0,0.0,0.0,12
602818637,1,3.0,0.0,0.0,1
602943934,1,1.0,0.0,0.0,1
603165870,1,1.0,0.0,0.0,5
603274419,1,1.0,0.0,0.0,0
60343988,1,3.0,0.0,0.0,22
603442118,1,4.0,0.0,0.0,16
603580711,1,1.0,0.0,0.0,14
603713540,1,1.0,0.0,0.0,5
60374819,1,1.0,0.0,0.0,1
603826598,1,2.0,0.0,0.0,5
603996125,1,1.0,0.0,0.0,5
604144324,1,1.0,0.0,0.0,5
604431792,1,3.0,0.0,0.0,3
60480511,1,1.0,0.0,0.0,12
604843489,1,3.0,0.0,0.0,22
60489644,1,3.0,0.0,0.0,4
605136117,1,1.0,0.0,0.0,3
605161457,1,9.0,0.0,0.0,18
6051812,1,36.0,0.0,0.0,2
60529075,1,12.0,0.0,0.0,6
605408033,1,3.0,0.0,0.0,0
605419213,1,2.0,0.0,0.0,21
60553554,1,1.0,0.0,0.0,8
605563260,1,1.0,0.0,0.0,2
605568634,1,2.0,0.0,0.0,12
605618915,1,3.0,0.0,0.0,4
605743565,1,1.0,0.0,0.0,12
605762688,1,4.0,0.0,0.0,10
605858652,1,4.0,0.0,0.0,22
605898410,1,2.0,0.0,0.0,1
606035201,1,1.0,0.0,0.0,2
606210753,1,1.0,0.0,0.0,7
606302895,1,2.0,0.0,0.0,4
606453630,1,5.0,0.0,0.0,3
6065067,1,1.0,0.0,0.0,7
606621582,1,1.0,0.0,0.0,2
606787132,1,1.0,0.0,0.0,15
606865208,1,1.0,0.0,0.0,3
60705418,1,1.0,0.0,0.0,0
607218649,1,23.0,0.0,0.0,0
607247018,1,7.0,0.0,0.0,5
607407059,1,1.0,0.0,0.0,3
607546570,1,1.0,0.0,0.0,7
607575610,1,3.0,0.0,0.0,5
607714334,1,69.0,0.0,0.0,30
607721976,1,1.0,0.0,0.0,5
607735592,1,2.0,0.0,0.0,1
608030247,1,1.0,0.0,0.0,5
60805080,1,8.0,0.0,0.0,8
608077937,1,1.0,0.0,0.0,1
608177765,1,2.0,0.0,0.0,20
608210107,1,1.0,0.0,0.0,11
608264685,1,1.0,0.0,0.0,5
608298960,1,4.0,0.0,0.0,1
608354159,1,9.0,0.0,0.0,0
608374056,1,3.0,0.0,0.0,6
6083792,1,10.0,0.0,0.0,11
608434458,1,1.0,0.0,0.0,0
608460831,1,2.0,0.0,0.0,13
6085215,1,2.0,0.0,0.0,3
609058193,1,1.0,0.0,0.0,1
609088397,1,3.0,0.0,0.0,9
609628254,1,6.0,0.0,0.0,0
609839563,1,1.0,0.0,0.0,0
609872448,1,1.0,0.0,0.0,5
609977280,1,1.0,0.0,0.0,14
610041753,1,2.0,0.0,0.0,5
610239654,1,1.0,0.0,0.0,0
610371272,1,2.0,0.0,0.0,1
610379912,1,1.0,0.0,0.0,2
610607251,1,1.0,0.0,0.0,0
610621674,1,2.0,0.0,0.0,15
610630837,1,1.0,0.0,0.0,3
610834975,1,2.0,0.0,0.0,1
61105758,1,8.0,0.0,0.0,3
611057711,1,2.0,0.0,0.0,5
611060844,1,1.0,0.0,0.0,5
611146887,1,1.0,0.0,0.0,3
611161787,1,1.0,0.0,0.0,1
611216458,1,1.0,0.0,0.0,5
611452224,1,2.0,0.0,0.0,9
611464972,1,5.0,0.0,0.0,18
611491826,1,1.0,0.0,0.0,2
611593442,1,1.0,0.0,0.0,21
611593704,1,1.0,0.0,0.0,21
611788188,1,1.0,0.0,0.0,1
611858623,1,1.0,0.0,0.0,9
611935351,1,1.0,0.0,0.0,2
611964074,1,5.0,0.0,0.0,1
611979988,1,1.0,0.0,0.0,4
612044539,1,1.0,0.0,0.0,21
612075667,1,1.0,0.0,0.0,0
612277669,1,2.0,0.0,0.0,1
612354784,1,1.0,0.0,0.0,0
612401200,1,1.0,0.0,0.0,5
612534336,1,1.0,0.0,0.0,2
612591211,1,1.0,0.0,0.0,1
612746627,1,1.0,0.0,0.0,2
612771023,1,1.0,0.0,0.0,1
612811519,1,1.0,0.0,0.0,0
613013255,1,1.0,0.0,0.0,0
61306303,1,2.0,0.0,0.0,5
613318340,1,2.0,0.0,0.0,5
613368284,1,1.0,0.0,0.0,20
61349723,1,2.0,0.0,0.0,0
613654122,1,2.0,0.0,0.0,1
613728,1,1.0,0.0,0.0,27
613756126,1,1.0,0.0,0.0,5
613772664,1,1.0,0.0,0.0,4
613781236,1,1.0,0.0,0.0,5
613848580,1,1.0,0.0,0.0,17
614291796,1,2.0,0.0,0.0,0
614669955,1,1.0,0.0,0.0,11
614690658,1,2.0,0.0,0.0,13
614702469,1,1.0,0.0,0.0,3
614746444,1,12.0,0.0,0.0,9
614765452,1,1.0,0.0,0.0,5
614771793,1,1.0,0.0,0.0,17
615079569,1,1.0,0.0,0.0,1
615125383,1,2.0,0.0,0.0,4
615167571,1,1.0,0.0,0.0,2
615466434,1,1.0,0.0,0.0,0
615721582,1,1.0,0.0,0.0,2
616172283,1,1.0,0.0,0.0,2
616230792,1,5.0,0.0,0.0,4
616264853,1,1.0,0.0,0.0,2
616438432,1,12.0,0.0,0.0,0
616517173,1,1.0,0.0,0.0,5
616555895,1,2.0,0.0,0.0,5
616558939,1,1.0,0.0,0.0,1
616774259,1,1.0,0.0,0.0,8
616780501,1,1.0,0.0,0.0,1
616848199,1,1.0,0.0,0.0,9
61691853,1,1.0,0.0,0.0,1
6169821,1,1.0,0.0,0.0,7
617032611,1,1.0,0.0,0.0,2
617051827,1,1.0,0.0,0.0,16
617084880,1,1.0,0.0,0.0,6
61728459,1,1.0,0.0,0.0,21
617470568,1,1.0,0.0,0.0,4
617774068,1,1.0,0.0,0.0,9
617784208,1,1.0,0.0,0.0,20
617798408,1,1.0,0.0,0.0,5
617816604,1,3.0,0.0,0.0,4
617856128,1,1.0,0.0,0.0,0
617868717,1,1.0,0.0,0.0,12
617891484,1,1.0,0.0,0.0,1
617988966,1,1.0,0.0,0.0,6
618104322,1,1.0,0.0,0.0,1
618375305,1,1.0,0.0,0.0,1
618547382,1,2.0,0.0,0.0,2
618575799,1,36.0,0.0,0.0,0
618613272,1,3.0,0.0,0.0,12
61877861,1,3.0,0.0,0.0,0
618929835,1,1.0,0.0,0.0,5
619382345,1,1.0,0.0,0.0,0
61945043,1,5.0,0.0,0.0,1
61962375,1,1.0,0.0,0.0,0
619905460,1,2.0,0.0,0.0,2
619983228,1,1.0,0.0,0.0,31
620021906,1,1.0,0.0,0.0,6
620026838,1,1.0,0.0,0.0,5
620138159,1,2.0,0.0,0.0,2
620191342,1,1.0,0.0,0.0,11
620191422,1,5.0,0.0,0.0,5
620277202,1,1.0,0.0,0.0,2
620373809,1,1.0,0.0,0.0,3
62044191,1,18.0,0.0,0.0,0
62048325,1,1.0,0.0,0.0,2
620610829,1,1.0,0.0,0.0,0
620880066,1,1.0,0.0,0.0,3
62112810,1,9.0,0.0,0.0,14
621160937,1,1.0,0.0,0.0,11
62124667,1,1.0,0.0,0.0,14
62142665,1,1.0,0.0,0.0,2
621434160,1,4.0,0.0,0.0,12
62147469,1,3.0,0.0,0.0,2
621803253,1,3.0,0.0,0.0,7
621809766,1,2.0,0.0,0.0,1
621959440,1,1.0,0.0,0.0,0
621976841,1,1.0,0.0,0.0,12
621980566,1,1.0,0.0,0.0,5
622205108,1,3.0,0.0,0.0,4
62247399,1,1.0,0.0,0.0,0
622753753,1,2.0,0.0,0.0,0
622754400,1,1.0,0.0,0.0,8
623010951,1,1.0,0.0,0.0,6
623135240,1,1.0,0.0,0.0,28
623149777,1,1.0,0.0,0.0,0
623167149,1,2.0,0.0,0.0,1
623177414,1,5.0,0.0,0.0,6
623209546,1,2.0,0.0,0.0,3
623220487,1,1.0,0.0,0.0,20
623276087,1,1.0,0.0,0.0,0
623298152,1,3.0,0.0,0.0,2
623371578,1,2.0,0.0,0.0,15
623378572,1,1.0,0.0,0.0,2
623499199,1,1.0,0.0,0.0,1
6235080,1,1.0,0.0,0.0,1
623536067,1,1.0,0.0,0.0,15
623574682,1,1.0,0.0,0.0,1
623624230,1,1.0,0.0,0.0,0
623666228,1,3.0,0.0,0.0,0
623716378,1,1.0,0.0,0.0,12
623795348,1,1.0,0.0,0.0,0
623797735,1,1.0,0.0,0.0,13
623944933,1,1.0,0.0,0.0,29
623962571,1,1.0,0.0,0.0,7
623982709,1,1.0,0.0,0.0,5
624163890,1,1.0,0.0,0.0,1
624308170,1,1.0,0.0,0.0,4
624314543,1,3.0,0.0,0.0,10
624470212,1,1.0,0.0,0.0,0
62475947,1,3.0,0.0,0.0,2
624829673,1,1.0,0.0,0.0,6
625186522,1,1.0,0.0,0.0,0
625202272,1,1.0,0.0,0.0,5
625293217,1,2.0,0.0,0.0,16
625550928,1,1.0,0.0,0.0,11
625757751,1,2.0,0.0,0.0,8
62576980,1,79.0,0.0,0.0,4
625808524,1,4.0,0.0,0.0,17
625900156,1,1.0,0.0,0.0,21
626069118,1,4.0,0.0,0.0,0
626103823,1,1.0,0.0,0.0,2
626105373,1,1.0,0.0,0.0,0
62635533,1,15.0,0.0,0.0,2
626372451,1,1.0,0.0,0.0,2
626662104,1,1.0,0.0,0.0,5
626750992,1,1.0,0.0,0.0,2
626766665,1,1.0,0.0,0.0,0
626830281,1,1.0,0.0,0.0,21
626915953,1,1.0,0.0,0.0,23
627000131,1,1.0,0.0,0.0,2
627066574,1,1.0,0.0,0.0,12
627172485,1,11.0,0.0,0.0,7
62725884,1,1.0,0.0,0.0,12
627263225,1,3.0,0.0,0.0,1
627348520,1,1.0,0.0,0.0,6
627404297,1,2.0,0.0,0.0,33
627480054,1,2.0,0.0,0.0,12
627491277,1,1.0,0.0,0.0,11
627700110,1,2.0,0.0,0.0,5
627735,1,2.0,0.0,0.0,21
62774726,1,120.0,0.0,0.0,14
627807212,1,1.0,0.0,0.0,5
627996184,1,3.0,0.0,0.0,12
628024350,1,2.0,0.0,0.0,14
628061501,1,1.0,0.0,0.0,0
628225923,1,3.0,0.0,0.0,4
628340562,1,1.0,0.0,0.0,2
628729877,1,1.0,0.0,0.0,12
628765609,1,2.0,0.0,0.0,12
62895080,1,1.0,0.0,0.0,8
62900174,1,1.0,0.0,0.0,1
629013168,1,1.0,0.0,0.0,6
629281021,1,1.0,0.0,0.0,5
629673149,1,4.0,0.0,0.0,6
629776015,1,6.0,0.0,0.0,2
629882508,1,2.0,0.0,0.0,19
630002417,1,1.0,0.0,0.0,13
63001163,1,2.0,0.0,0.0,3
63014639,1,1.0,0.0,0.0,6
630276874,1,1.0,0.0,0.0,3
630409576,1,4.0,0.0,0.0,7
630558299,1,1.0,0.0,0.0,29
630562932,1,1.0,0.0,0.0,3
63065396,1,1.0,0.0,0.0,2
630720219,1,1.0,0.0,0.0,19
63082527,1,1.0,0.0,0.0,2
630884988,1,6.0,0.0,0.0,0
631023173,1,1.0,0.0,0.0,1
631063572,1,3.0,0.0,0.0,5
631078301,1,1.0,0.0,0.0,2
631208235,1,1.0,0.0,0.0,0
631248785,1,1.0,0.0,0.0,2
631258918,1,2.0,0.0,0.0,28
631322234,1,1.0,0.0,0.0,20
631415205,1,1.0,0.0,0.0,11
631548305,1,2.0,0.0,0.0,4
631612635,1,1.0,0.0,0.0,0
631735243,1,1.0,0.0,0.0,9
631765176,1,1.0,0.0,0.0,2
631796143,1,1.0,0.0,0.0,7
631864957,1,1.0,0.0,0.0,6
63188538,1,1.0,0.0,0.0,2
632011964,1,1.0,0.0,0.0,2
632020895,1,1.0,0.0,0.0,5
632024581,1,2.0,0.0,0.0,18
632090115,1,2.0,0.0,0.0,0
632173110,1,2.0,0.0,0.0,6
63227584,1,1.0,0.0,0.0,4
632622531,1,1.0,0.0,0.0,0
632733680,1,1.0,0.0,0.0,11
632757232,1,5.0,0.0,0.0,11
632852892,1,3.0,0.0,0.0,6
632877536,1,4.0,0.0,0.0,2
632917179,1,2.0,0.0,0.0,14
632945404,1,1.0,0.0,0.0,0
632964098,1,2.0,0.0,0.0,6
6331631,1,1.0,0.0,0.0,17
6333751,1,1.0,0.0,0.0,4
633405945,1,1.0,0.0,0.0,29
633656569,1,1.0,0.0,0.0,12
633817517,1,3.0,0.0,0.0,0
634047220,1,1.0,0.0,0.0,1
634120219,1,2.0,0.0,0.0,8
634122163,1,4.0,0.0,0.0,0
634155809,1,3.0,0.0,0.0,11
634160972,1,6.0,0.0,0.0,9
634826982,1,1.0,0.0,0.0,21
634860610,1,1.0,0.0,0.0,5
635112170,1,1.0,0.0,0.0,12
635119293,1,3.0,0.0,0.0,1
635164092,1,1.0,0.0,0.0,3
635240594,1,3.0,0.0,0.0,12
635492823,1,3.0,0.0,0.0,10
635693873,1,1.0,0.0,0.0,1
636360007,1,1.0,0.0,0.0,1
636423018,1,2.0,0.0,0.0,0
636427565,1,1.0,0.0,0.0,7
636434344,1,2.0,0.0,0.0,6
636450938,1,2.0,0.0,0.0,0
636466287,1,1.0,0.0,0.0,1
63652864,1,3.0,0.0,0.0,8
636611914,1,1.0,0.0,0.0,1
636615657,1,2.0,0.0,0.0,0
636664618,1,1.0,0.0,0.0,4
636720889,1,1.0,0.0,0.0,0
636843026,1,7.0,0.0,0.0,4
637002627,1,1.0,0.0,0.0,17
637123040,1,3.0,0.0,0.0,4
637225484,1,1.0,0.0,0.0,4
637349901,1,2.0,0.0,0.0,17
63746988,1,1.0,0.0,0.0,3
637483840,1,1.0,0.0,0.0,1
637612862,1,1.0,0.0,0.0,8
637615400,1,1.0,0.0,0.0,11
6376337,1,4.0,0.0,0.0,4
637657854,1,77.0,0.0,0.0,0
637671184,1,2.0,0.0,0.0,0
637719089,1,1.0,0.0,0.0,5
637728352,1,1.0,0.0,0.0,5
637784659,1,1.0,0.0,0.0,6
637800402,1,3.0,0.0,0.0,0
637814534,1,1.0,0.0,0.0,4
637928904,1,6.0,0.0,0.0,7
637940116,1,2.0,0.0,0.0,5
637976663,1,1.0,0.0,0.0,4
638001891,1,2.0,0.0,0.0,0
63840208,1,1.0,0.0,0.0,8
638460245,1,1.0,0.0,0.0,0
638496924,1,2.0,0.0,0.0,3
638591290,1,1.0,0.0,0.0,2
638665255,1,1.0,0.0,0.0,0
63925755,1,14.0,0.0,0.0,8
639286370,1,1.0,0.0,0.0,0
6393199,1,1.0,0.0,0.0,15
639411042,1,1.0,0.0,0.0,4
639632172,1,1.0,0.0,0.0,3
639698167,1,6.0,0.0,0.0,0
639712595,1,1.0,0.0,0.0,10
639781117,1,1.0,0.0,0.0,11
639821369,1,1.0,0.0,0.0,2
63990206,1,10.0,0.0,0.0,9
639988823,1,1.0,0.0,0.0,4
640116148,1,3.0,0.0,0.0,1
640183,1,4.0,0.0,0.0,1
640549170,1,1.0,0.0,0.0,2
640837371,1,1.0,0.0,0.0,19
640935346,1,2.0,0.0,0.0,11
640965999,1,1.0,0.0,0.0,6
640972,1,1.0,0.0,0.0,1
641028344,1,4.0,0.0,0.0,3
64113634,1,1.0,0.0,0.0,5
64122791,1,1.0,0.0,0.0,6
641411565,1,1.0,0.0,0.0,2
641719344,1,1.0,0.0,0.0,2
64172663,1,7.0,0.0,0.0,3
641818425,1,1.0,0.0,0.0,15
64188788,1,24.0,0.0,0.0,2
642041202,1,1.0,0.0,0.0,1
642112325,1,1.0,0.0,0.0,3
642140097,1,1.0,0.0,0.0,8
642179302,1,1.0,0.0,0.0,5
642303769,1,1.0,0.0,0.0,0
642457312,1,1.0,0.0,0.0,8
642495775,1,1.0,0.0,0.0,2
642580244,1,1.0,0.0,0.0,9
642737900,1,4.0,0.0,0.0,0
642880013,1,1.0,0.0,0.0,12
642967703,1,2.0,0.0,0.0,2
643013042,1,1.0,0.0,0.0,4
643069380,1,1.0,0.0,0.0,5
6432337,1,1.0,0.0,0.0,0
643327645,1,4.0,0.0,0.0,12
643338729,1,1.0,0.0,0.0,0
643477279,1,4.0,0.0,0.0,1
643590386,1,11.0,0.0,0.0,6
6438280,1,4.0,0.0,0.0,14
643909209,1,1.0,0.0,0.0,17
643985801,1,1.0,0.0,0.0,3
644001205,1,1.0,0.0,0.0,1
64405875,1,1.0,0.0,0.0,6
64409189,1,1.0,0.0,0.0,2
644123568,1,1.0,0.0,0.0,3
644142125,1,1.0,0.0,0.0,0
64431348,1,1.0,0.0,0.0,7
644338428,1,2.0,0.0,0.0,21
6443435,1,2.0,0.0,0.0,17
644648781,1,1.0,0.0,0.0,2
644693223,1,1.0,0.0,0.0,12
644785321,1,1.0,0.0,0.0,0
644900953,1,2.0,0.0,0.0,4
644947217,1,1.0,0.0,0.0,4
645077934,1,4.0,0.0,0.0,15
645176440,1,1.0,0.0,0.0,1
645200728,1,2.0,0.0,0.0,2
645214640,1,1.0,0.0,0.0,1
645237,1,11.0,0.0,0.0,7
645293852,1,2.0,0.0,0.0,4
645378455,1,18.0,0.0,0.0,8
645657466,1,1.0,0.0,0.0,21
645707313,1,1.0,0.0,0.0,11
645711309,1,1.0,0.0,0.0,0
645922806,1,1.0,0.0,0.0,7
645987171,1,1.0,0.0,0.0,5
64638071,1,5.0,0.0,0.0,2
646539567,1,1.0,0.0,0.0,12
646574805,1,2.0,0.0,0.0,0
646904364,1,1.0,0.0,0.0,16
64699530,1,1.0,0.0,0.0,4
647006690,1,1.0,0.0,0.0,16
647017093,1,1.0,0.0,0.0,12
647018139,1,1.0,0.0,0.0,1
647080117,1,1.0,0.0,0.0,0
647153226,1,1.0,0.0,0.0,22
647220570,1,2.0,0.0,0.0,1
647557800,1,6.0,0.0,0.0,4
64756820,1,2.0,0.0,0.0,14
647616362,1,3.0,0.0,0.0,0
647824125,1,1.0,0.0,0.0,4
647863103,1,4.0,0.0,0.0,6
647863473,1,3.0,0.0,0.0,1
648017819,1,1.0,0.0,0.0,12
648111554,1,1.0,0.0,0.0,7
648351990,1,2.0,0.0,0.0,12
648429440,1,1.0,0.0,0.0,1
648737525,1,1.0,0.0,0.0,12
648763520,1,2.0,0.0,0.0,5
648899724,1,1.0,0.0,0.0,0
64927657,1,1.0,0.0,0.0,1
649627986,1,1.0,0.0,0.0,16
64974630,1,1.0,0.0,0.0,6
6498492,1,1.0,0.0,0.0,5
650162930,1,2.0,0.0,0.0,4
650194867,1,13.0,0.0,0.0,5
650326368,1,1.0,0.0,0.0,5
65046532,1,149.0,0.0,0.0,1
650524865,1,1.0,0.0,0.0,20
650654562,1,3.0,0.0,0.0,12
650790307,1,2.0,0.0,0.0,2
650805128,1,2.0,0.0,0.0,12
650885101,1,1.0,0.0,0.0,11
650959196,1,7.0,0.0,0.0,4
65120226,1,1.0,0.0,0.0,3
651265676,1,1.0,0.0,0.0,0
651278448,1,2.0,0.0,0.0,12
651291604,1,1.0,0.0,0.0,1
651392599,1,1.0,0.0,0.0,12
651410723,1,1.0,0.0,0.0,0
65219131,1,1.0,0.0,0.0,23
65231883,1,3.0,0.0,0.0,14
652391977,1,2.0,0.0,0.0,1
652419906,1,1.0,0.0,0.0,2
65252,1,10.0,0.0,0.0,1
652677937,1,1.0,0.0,0.0,3
652705781,1,13.0,0.0,0.0,20
652800084,1,3.0,0.0,0.0,5
652802536,1,1.0,0.0,0.0,5
653113540,1,1.0,0.0,0.0,0
653302856,1,1.0,0.0,0.0,0
653441796,1,3.0,0.0,0.0,5
653525888,1,1.0,0.0,0.0,2
653907108,1,1.0,0.0,0.0,5
653916863,1,1.0,0.0,0.0,11
653993822,1,5.0,0.0,0.0,4
654146056,1,7.0,0.0,0.0,0
654167374,1,7.0,0.0,0.0,3
654343821,1,1.0,0.0,0.0,12
654473883,1,4.0,0.0,0.0,1
654609683,1,1.0,0.0,0.0,0
654868272,1,3.0,0.0,0.0,0
654949237,1,1.0,0.0,0.0,0
654972120,1,2.0,0.0,0.0,20
655426302,1,2.0,0.0,0.0,3
655569549,1,2.0,0.0,0.0,6
655686746,1,1.0,0.0,0.0,3
655973045,1,5.0,0.0,0.0,4
655999022,1,2.0,0.0,0.0,6
656099147,1,4.0,0.0,0.0,12
656201452,1,2.0,0.0,0.0,0
656451949,1,1.0,0.0,0.0,15
656493085,1,2.0,0.0,0.0,15
656819196,1,1.0,0.0,0.0,4
657093481,1,1.0,0.0,0.0,4
65711522,1,1.0,0.0,0.0,21
657139254,1,4.0,0.0,0.0,6
65750241,1,2.0,0.0,0.0,1
657892633,1,1.0,0.0,0.0,15
65794292,1,23.0,0.0,0.0,14
65798922,1,2.0,0.0,0.0,8
658064905,1,1.0,0.0,0.0,6
658219396,1,1.0,0.0,0.0,12
658303145,1,1.0,0.0,0.0,12
658602423,1,1.0,0.0,0.0,2
658604256,1,3.0,0.0,0.0,0
658720749,1,1.0,0.0,0.0,6
658917400,1,1.0,0.0,0.0,3
658984669,1,3.0,0.0,0.0,5
658996468,1,1.0,0.0,0.0,6
659043387,1,1.0,0.0,0.0,22
659129670,1,1.0,0.0,0.0,0
65915265,1,5.0,0.0,0.0,2
659205820,1,2.0,0.0,0.0,1
659311942,1,3.0,0.0,0.0,0
659525866,1,3.0,0.0,0.0,0
659662963,1,1.0,0.0,0.0,3
65983699,1,1.0,0.0,0.0,1
659882407,1,3.0,0.0,0.0,4
659936875,1,1.0,0.0,0.0,6
659957668,1,1.0,0.0,0.0,12
660095218,1,3.0,0.0,0.0,5
660154432,1,1.0,0.0,0.0,23
660165769,1,2.0,0.0,0.0,0
660205230,1,8.0,0.0,0.0,12
66023605,1,1.0,0.0,0.0,22
660413117,1,1.0,0.0,0.0,2
660472817,1,1.0,0.0,0.0,0
660517465,1,5.0,0.0,0.0,17
66066769,1,1.0,0.0,0.0,0
660700290,1,1.0,0.0,0.0,4
660782830,1,1.0,0.0,0.0,1
660802589,1,1.0,0.0,0.0,0
661490716,1,2.0,0.0,0.0,10
661495743,1,1.0,0.0,0.0,11
661714104,1,1.0,0.0,0.0,6
661722274,1,1.0,0.0,0.0,4
661747182,1,1.0,0.0,0.0,4
662029190,1,5.0,0.0,0.0,17
662129403,1,1.0,0.0,0.0,16
662230792,1,3.0,0.0,0.0,1
662292489,1,4.0,0.0,0.0,6
662296099,1,2.0,0.0,0.0,19
662390922,1,1.0,0.0,0.0,0
662391505,1,6.0,0.0,0.0,8
662491370,1,1.0,0.0,0.0,6
662528645,1,1.0,0.0,0.0,13
662533076,1,5.0,0.0,0.0,9
663105342,1,1.0,0.0,0.0,5
66314075,1,4.0,0.0,0.0,2
663142926,1,2.0,0.0,0.0,5
66319393,1,2.0,0.0,0.0,1
663194535,1,2.0,0.0,0.0,5
663230755,1,2.0,0.0,0.0,5
663234593,1,1.0,0.0,0.0,5
663235757,1,3.0,0.0,0.0,5
663487567,1,4.0,0.0,0.0,3
66403568,1,2.0,0.0,0.0,8
664229884,1,1.0,0.0,0.0,0
664306200,1,1.0,0.0,0.0,6
664328726,1,6.0,0.0,0.0,0
664363680,1,1.0,0.0,0.0,1
664610555,1,1.0,0.0,0.0,15
664619356,1,5.0,0.0,0.0,0
664686793,1,1.0,0.0,0.0,3
664700615,1,3.0,0.0,0.0,5
664750387,1,1.0,0.0,0.0,1
664873197,1,1.0,0.0,0.0,7
664913428,1,1.0,0.0,0.0,3
664938238,1,1.0,0.0,0.0,4
665040867,1,1.0,0.0,0.0,18
6652220,1,4.0,0.0,0.0,6
665353395,1,1.0,0.0,0.0,1
665462497,1,10.0,0.0,0.0,0
665583256,1,1.0,0.0,0.0,1
66566232,1,1.0,0.0,0.0,2
665687435,1,1.0,0.0,0.0,5
665868048,1,1.0,0.0,0.0,10
665940820,1,3.0,0.0,0.0,0
666012420,1,1.0,0.0,0.0,16
666055104,1,1.0,0.0,0.0,16
666163354,1,1.0,0.0,0.0,14
666260877,1,3.0,0.0,0.0,0
666355905,1,1.0,0.0,0.0,2
666590450,1,11.0,0.0,0.0,12
666701506,1,2.0,0.0,0.0,23
666811174,1,1.0,0.0,0.0,4
666905969,1,1.0,0.0,0.0,5
667068215,1,1.0,0.0,0.0,0
6670942,1,2.0,0.0,0.0,4
667137404,1,1.0,0.0,0.0,0
667297483,1,1.0,0.0,0.0,3
667310700,1,2.0,0.0,0.0,3
667517207,1,1.0,0.0,0.0,7
66767732,1,22.0,0.0,0.0,0
667698077,1,1.0,0.0,0.0,2
667764268,1,1.0,0.0,0.0,1
66781547,1,3.0,0.0,0.0,1
66783467,1,1.0,0.0,0.0,15
667847062,1,1.0,0.0,0.0,26
668128822,1,1.0,0.0,0.0,3
668207668,1,2.0,0.0,0.0,10
66823715,1,1.0,0.0,0.0,1
668344211,1,2.0,0.0,0.0,0
668515688,1,4.0,0.0,0.0,3
66855798,1,26.0,0.0,0.0,1
668597066,1,1.0,0.0,0.0,2
668609448,1,1.0,0.0,0.0,17
668665017,1,6.0,0.0,0.0,5
668887052,1,2.0,0.0,0.0,0
669129391,1,1.0,0.0,0.0,2
669131748,1,1.0,0.0,0.0,2
669168604,1,3.0,0.0,0.0,2
669267591,1,1.0,0.0,0.0,1
66935478,1,1.0,0.0,0.0,11
66944590,1,3.0,0.0,0.0,2
669620183,1,1.0,0.0,0.0,5
669906644,1,1.0,0.0,0.0,5
66992256,1,1.0,0.0,0.0,1
669926526,1,2.0,0.0,0.0,6
669971489,1,1.0,0.0,0.0,0
670087159,1,1.0,0.0,0.0,0
6701057,1,4.0,0.0,0.0,9
670144921,1,1.0,0.0,0.0,4
670159282,1,1.0,0.0,0.0,11
670260734,1,1.0,0.0,0.0,3
670333862,1,11.0,0.0,0.0,9
670479236,1,2.0,0.0,0.0,4
670568984,1,1.0,0.0,0.0,5
670792832,1,1.0,0.0,0.0,1
670969182,1,1.0,0.0,0.0,6
671043970,1,15.0,0.0,0.0,5
671094317,1,1.0,0.0,0.0,0
671133847,1,1.0,0.0,0.0,7
671205843,1,2.0,0.0,0.0,2
671346269,1,1.0,0.0,0.0,16
6714663,1,1.0,0.0,0.0,3
671504259,1,1.0,0.0,0.0,0
671661310,1,1.0,0.0,0.0,1
671795684,1,1.0,0.0,0.0,12
671805105,1,3.0,0.0,0.0,4
671811685,1,1.0,0.0,0.0,12
671825,1,1.0,0.0,0.0,7
671825406,1,1.0,0.0,0.0,0
671838558,1,3.0,0.0,0.0,17
671971248,1,1.0,0.0,0.0,0
672058186,1,5.0,0.0,0.0,5
672138641,1,1.0,0.0,0.0,1
672187135,1,1.0,0.0,0.0,7
672303273,1,6.0,0.0,0.0,11
672478529,1,1.0,0.0,0.0,0
672491464,1,1.0,0.0,0.0,12
67264828,1,3.0,0.0,0.0,1
67273122,1,2.0,0.0,0.0,0
672756585,1,2.0,0.0,0.0,12
672760351,1,1.0,0.0,0.0,10
672826535,1,1.0,0.0,0.0,9
672830505,1,1.0,0.0,0.0,9
672891998,1,1.0,0.0,0.0,10
673127966,1,1.0,0.0,0.0,5
673210244,1,4.0,0.0,0.0,22
673220833,1,2.0,0.0,0.0,0
673267,1,2.0,0.0,0.0,5
673408592,1,2.0,0.0,0.0,1
673419947,1,1.0,0.0,0.0,6
673423409,1,1.0,0.0,0.0,2
673540142,1,1.0,0.0,0.0,2
673545053,1,1.0,0.0,0.0,2
67354721,1,1.0,0.0,0.0,4
673596675,1,1.0,0.0,0.0,6
673810984,1,1.0,0.0,0.0,2
673829675,1,1.0,0.0,0.0,3
67385952,1,3.0,0.0,0.0,2
673962654,1,2.0,0.0,0.0,1
674014858,1,1.0,0.0,0.0,9
674149041,1,1.0,0.0,0.0,12
674155526,1,1.0,0.0,0.0,3
674202099,1,1.0,0.0,0.0,3
674469838,1,4.0,0.0,0.0,20
674520507,1,1.0,0.0,0.0,5
674603270,1,1.0,0.0,0.0,21
674664577,1,1.0,0.0,0.0,1
674718180,1,1.0,0.0,0.0,3
674773779,1,1.0,0.0,0.0,1
674820364,1,1.0,0.0,0.0,2
674831767,1,1.0,0.0,0.0,23
675269342,1,2.0,0.0,0.0,20
675549155,1,2.0,0.0,0.0,0
675602052,1,8.0,0.0,0.0,17
675647299,1,2.0,0.0,0.0,2
675716634,1,1.0,0.0,0.0,6
675740952,1,1.0,0.0,0.0,0
675769914,1,2.0,0.0,0.0,0
675835930,1,10.0,0.0,0.0,0
675859005,1,1.0,0.0,0.0,6
675915182,1,3.0,0.0,0.0,17
675967478,1,1.0,0.0,0.0,0
676024928,1,1.0,0.0,0.0,1
676055846,1,1.0,0.0,0.0,0
676083065,1,1.0,0.0,0.0,18
676097068,1,3.0,0.0,0.0,4
676208116,1,8.0,0.0,0.0,12
676256169,1,1.0,0.0,0.0,13
67626108,1,1.0,0.0,0.0,1
676353955,1,1.0,0.0,0.0,0
676410846,1,10.0,0.0,0.0,12
676419965,1,13.0,0.0,0.0,17
67646563,1,1.0,0.0,0.0,7
676469233,1,7.0,0.0,0.0,9
676646151,1,1.0,0.0,0.0,14
6766558,1,1.0,0.0,0.0,2
67680905,1,1.0,0.0,0.0,13
676842785,1,1.0,0.0,0.0,0
676861139,1,1.0,0.0,0.0,0
676960961,1,1.0,0.0,0.0,4
677038657,1,1.0,0.0,0.0,13
677149938,1,1.0,0.0,0.0,5
677153316,1,1.0,0.0,0.0,7
677181416,1,1.0,0.0,0.0,6
677206856,1,1.0,0.0,0.0,2
677479521,1,1.0,0.0,0.0,1
67753070,1,1.0,0.0,0.0,24
677831399,1,1.0,0.0,0.0,5
678540761,1,2.0,0.0,0.0,12
678615763,1,1.0,0.0,0.0,7
678995193,1,16.0,0.0,0.0,9
679025373,1,4.0,0.0,0.0,0
679249957,1,2.0,0.0,0.0,1
679373403,1,1.0,0.0,0.0,5
679396061,1,1.0,0.0,0.0,1
679628763,1,4.0,0.0,0.0,0
679647890,1,1.0,0.0,0.0,2
679662,1,20.0,0.0,0.0,2
679730958,1,2.0,0.0,0.0,12
679777282,1,5.0,0.0,0.0,0
679807475,1,1.0,0.0,0.0,1
679837577,1,1.0,0.0,0.0,5
680083520,1,2.0,0.0,0.0,1
68009783,1,2.0,0.0,0.0,3
680155679,1,1.0,0.0,0.0,6
68020423,1,2.0,0.0,0.0,29
680533087,1,1.0,0.0,0.0,5
68077781,1,8.0,0.0,0.0,1
680781965,1,1.0,0.0,0.0,24
680783453,1,1.0,0.0,0.0,13
680799,1,12.0,0.0,0.0,15
680804364,1,1.0,0.0,0.0,16
680823106,1,1.0,0.0,0.0,24
680991804,1,2.0,0.0,0.0,4
6810719,1,1.0,0.0,0.0,5
681493020,1,1.0,0.0,0.0,5
681638483,1,11.0,0.0,0.0,9
681705041,1,6.0,0.0,0.0,3
681848059,1,1.0,0.0,0.0,0
681850196,1,1.0,0.0,0.0,2
681882682,1,1.0,0.0,0.0,10
681989124,1,13.0,0.0,0.0,5
682003431,1,1.0,0.0,0.0,15
682081244,1,4.0,0.0,0.0,27
682705890,1,1.0,0.0,0.0,4
68291529,1,90.0,0.0,0.0,7
682923562,1,1.0,0.0,0.0,1
683089774,1,6.0,0.0,0.0,1
683126971,1,1.0,0.0,0.0,1
683498897,1,1.0,0.0,0.0,5
683637737,1,1.0,0.0,0.0,23
684061670,1,2.0,0.0,0.0,4
684104164,1,1.0,0.0,0.0,4
684237441,1,3.0,0.0,0.0,11
684383578,1,2.0,0.0,0.0,5
684396258,1,1.0,0.0,0.0,11
684401320,1,1.0,0.0,0.0,11
684523446,1,1.0,0.0,0.0,0
684595721,1,1.0,0.0,0.0,1
684697496,1,2.0,0.0,0.0,1
684704498,1,1.0,0.0,0.0,0
685139283,1,5.0,0.0,0.0,1
685163084,1,2.0,0.0,0.0,12
685474150,1,3.0,0.0,0.0,2
685771172,1,2.0,0.0,0.0,3
685798215,1,1.0,0.0,0.0,3
685850040,1,2.0,0.0,0.0,11
685868053,1,1.0,0.0,0.0,19
685905563,1,1.0,0.0,0.0,0
685913172,1,9.0,0.0,0.0,3
685997609,1,4.0,0.0,0.0,3
686029152,1,2.0,0.0,0.0,12
686070010,1,1.0,0.0,0.0,3
686215676,1,2.0,0.0,0.0,11
686261276,1,2.0,0.0,0.0,1
686294266,1,3.0,0.0,0.0,4
686974403,1,8.0,0.0,0.0,1
687026542,1,1.0,0.0,0.0,2
687171752,1,2.0,0.0,0.0,4
68731208,1,1.0,0.0,0.0,7
687314385,1,4.0,0.0,0.0,2
687836,1,3.0,0.0,0.0,3
687977547,1,1.0,0.0,0.0,4
687985448,1,1.0,0.0,0.0,9
688065193,1,1.0,0.0,0.0,21
688136681,1,2.0,0.0,0.0,7
688201329,1,1.0,0.0,0.0,4
688208,1,1.0,0.0,0.0,19
688272353,1,2.0,0.0,0.0,1
688337960,1,3.0,0.0,0.0,2
688340615,1,2.0,0.0,0.0,2
68838259,1,2.0,0.0,0.0,5
688428792,1,1.0,0.0,0.0,6
688490223,1,1.0,0.0,0.0,5
688505089,1,1.0,0.0,0.0,0
688508983,1,1.0,0.0,0.0,4
688546384,1,1.0,0.0,0.0,9
688567865,1,2.0,0.0,0.0,3
688568610,1,1.0,0.0,0.0,17
688586835,1,858.0,0.0,0.0,7
688675173,1,1.0,0.0,0.0,1
688760465,1,4.0,0.0,0.0,11
689017703,1,1.0,0.0,0.0,2
689082460,1,1.0,0.0,0.0,12
689097319,1,1.0,0.0,0.0,0
6892935,1,1.0,0.0,0.0,13
68938580,1,1.0,0.0,0.0,4
689504627,1,4.0,0.0,0.0,5
689613409,1,1.0,0.0,0.0,0
68967191,1,1.0,0.0,0.0,1
689853521,1,1.0,0.0,0.0,11
690126042,1,3.0,0.0,0.0,0
690130401,1,1.0,0.0,0.0,9
690165495,1,1.0,0.0,0.0,4
690308434,1,2.0,0.0,0.0,0
690359264,1,1.0,0.0,0.0,4
690638724,1,2.0,0.0,0.0,5
690689043,1,1.0,0.0,0.0,0
690790894,1,1.0,0.0,0.0,2
690824662,1,2.0,0.0,0.0,11
6915445,1,3.0,0.0,0.0,3
691576972,1,1.0,0.0,0.0,8
691638668,1,1.0,0.0,0.0,4
691683,1,1.0,0.0,0.0,3
69170505,1,12.0,0.0,0.0,8
691722422,1,1.0,0.0,0.0,0
691880760,1,5.0,0.0,0.0,3
691974445,1,1.0,0.0,0.0,4
692008436,1,1.0,0.0,0.0,2
692131054,1,1.0,0.0,0.0,20
692609224,1,3.0,0.0,0.0,0
692967348,1,2.0,0.0,0.0,11
6930489,1,193.0,0.0,0.0,1
693201231,1,1.0,0.0,0.0,1
693214374,1,2.0,0.0,0.0,5
693268407,1,2.0,0.0,0.0,1
69365079,1,1.0,0.0,0.0,5
693943569,1,2.0,0.0,0.0,10
693950742,1,5.0,0.0,0.0,1
69400326,1,1.0,0.0,0.0,2
694474426,1,1.0,0.0,0.0,0
694565231,1,1.0,0.0,0.0,12
694616566,1,2.0,0.0,0.0,5
694703339,1,3.0,0.0,0.0,21
694825173,1,1.0,0.0,0.0,2
694838293,1,1.0,0.0,0.0,2
695088395,1,3.0,0.0,0.0,2
695372858,1,1.0,0.0,0.0,5
695630582,1,1.0,0.0,0.0,5
695754575,1,1.0,0.0,0.0,7
69579420,1,2.0,0.0,0.0,3
695953081,1,4.0,0.0,0.0,13
695990001,1,7.0,0.0,0.0,1
696118837,1,2.0,0.0,0.0,11
69614928,1,1.0,0.0,0.0,25
696400903,1,1.0,0.0,0.0,12
696459586,1,1.0,0.0,0.0,4
696522821,1,3.0,0.0,0.0,3
696682425,1,1.0,0.0,0.0,6
696716530,1,2.0,0.0,0.0,3
696816187,1,2.0,0.0,0.0,5
69681666,1,1.0,0.0,0.0,1
696834384,1,6.0,0.0,0.0,5
696899371,1,1.0,0.0,0.0,0
696936357,1,7.0,0.0,0.0,2
6973491,1,27.0,0.0,0.0,3
697733031,1,1.0,0.0,0.0,5
697934018,1,1.0,0.0,0.0,1
697944531,1,1.0,0.0,0.0,0
697976,1,1.0,0.0,0.0,15
69809097,1,5.0,0.0,0.0,0
698476716,1,2.0,0.0,0.0,5
698767645,1,2.0,0.0,0.0,12
6988020,1,4.0,0.0,0.0,24
698819480,1,1.0,0.0,0.0,2
699397588,1,1.0,0.0,0.0,7
699689,1,1.0,0.0,0.0,20
700350060,1,1.0,0.0,0.0,0
700399518,1,3.0,0.0,0.0,7
700539288,1,1.0,0.0,0.0,8
70116337,1,2.0,0.0,0.0,4
701242255,1,1.0,0.0,0.0,22
701260245,1,3.0,0.0,0.0,0
701296964,1,1.0,0.0,0.0,0
701342178,1,1.0,0.0,0.0,5
701355546,1,2.0,0.0,0.0,3
701495725,1,1.0,0.0,0.0,20
701554958,1,1.0,0.0,0.0,5
701574389,1,1.0,0.0,0.0,10
701657527,1,1.0,0.0,0.0,11
70208775,1,6.0,0.0,0.0,8
702868509,1,1.0,0.0,0.0,1
702874453,1,1.0,0.0,0.0,0
703310134,1,2.0,0.0,0.0,11
70346903,1,3.0,0.0,0.0,3
70365100,1,2.0,0.0,0.0,18
703866764,1,1.0,0.0,0.0,2
704252738,1,35.0,0.0,0.0,6
704363799,1,5.0,0.0,0.0,0
704543233,1,7.0,0.0,0.0,12
704583797,1,2.0,0.0,0.0,0
704732969,1,3.0,0.0,0.0,2
704985219,1,5.0,0.0,0.0,3
704991199,1,1.0,0.0,0.0,5
7053637,1,8.0,0.0,0.0,12
705719368,1,2.0,0.0,0.0,0
705749730,1,2.0,0.0,0.0,19
705910402,1,3.0,0.0,0.0,2
705929331,1,2.0,0.0,0.0,11
706110337,1,1.0,0.0,0.0,7
70637366,1,2.0,0.0,0.0,17
706668512,1,1.0,0.0,0.0,3
707178563,1,2.0,0.0,0.0,5
707184445,1,1.0,0.0,0.0,4
707243382,1,23.0,0.0,0.0,2
707276837,1,1.0,0.0,0.0,9
707282555,1,1.0,0.0,0.0,9
707422832,1,1.0,0.0,0.0,12
707560051,1,2.0,0.0,0.0,1
707795660,1,1.0,0.0,0.0,5
708197490,1,1.0,0.0,0.0,6
708477158,1,1.0,0.0,0.0,6
708558420,1,2.0,0.0,0.0,5
708707800,1,1.0,0.0,0.0,6
708945403,1,1.0,0.0,0.0,9
709112357,1,1.0,0.0,0.0,3
709619049,1,1.0,0.0,0.0,1
710418253,1,1.0,0.0,0.0,0
710733215,1,1.0,0.0,0.0,2
711118881,1,2.0,0.0,0.0,3
711582,1,4.0,0.0,0.0,27
711787706,1,1.0,0.0,0.0,0
711976,1,1.0,0.0,0.0,1
711983650,1,1.0,0.0,0.0,11
711993421,1,3.0,0.0,0.0,23
712225029,1,1.0,0.0,0.0,4
712299615,1,1.0,0.0,0.0,0
71253874,1,66.0,0.0,0.0,13
712656763,1,1.0,0.0,0.0,13
713048114,1,2.0,0.0,0.0,3
713304751,1,1.0,0.0,0.0,0
713331229,1,3.0,0.0,0.0,0
713558891,1,1.0,0.0,0.0,9
713582315,1,3.0,0.0,0.0,18
713687624,1,6.0,0.0,0.0,0
713825427,1,1.0,0.0,0.0,13
713926835,1,1.0,0.0,0.0,2
713957550,1,1.0,0.0,0.0,19
71415280,1,1.0,0.0,0.0,0
715015715,1,1.0,0.0,0.0,5
715255303,1,2.0,0.0,0.0,12
715438998,1,1.0,0.0,0.0,0
715591737,1,1.0,0.0,0.0,5
71565220,1,5.0,0.0,0.0,1
715728010,1,1.0,0.0,0.0,8
715751176,1,3.0,0.0,0.0,1
715798276,1,1.0,0.0,0.0,8
715965633,1,1.0,0.0,0.0,14
716081243,1,1.0,0.0,0.0,3
716661693,1,3.0,0.0,0.0,16
717364780,1,15.0,0.0,0.0,0
71822014,1,1.0,0.0,0.0,0
71835381,1,5.0,0.0,0.0,6
718404317,1,1.0,0.0,0.0,1
7184464,1,1.0,0.0,0.0,3
718593705,1,1.0,0.0,0.0,5
71932349,1,1.0,0.0,0.0,28
71939872,1,2.0,0.0,0.0,3
719532471,1,1.0,0.0,0.0,1
719631656,1,7.0,0.0,0.0,2
719950280,1,2.0,0.0,0.0,3
71995937,1,1.0,0.0,0.0,1
719984336,1,5.0,0.0,0.0,22
719988059,1,1.0,0.0,0.0,0
720278827,1,1.0,0.0,0.0,22
720603002,1,2.0,0.0,0.0,3
720760454,1,1.0,0.0,0.0,5
720766402,1,1.0,0.0,0.0,5
72087685,1,162.0,0.0,0.0,1
721065451,1,2.0,0.0,0.0,2
721120511,1,1.0,0.0,0.0,5
721191499,1,1.0,0.0,0.0,11
721643065,1,1.0,0.0,0.0,5
722010879,1,1.0,0.0,0.0,19
722016080,1,1.0,0.0,0.0,0
722083284,1,2.0,0.0,0.0,3
722180249,1,1.0,0.0,0.0,5
722309256,1,1.0,0.0,0.0,0
722414979,1,2.0,0.0,0.0,21
722421663,1,1.0,0.0,0.0,2
722434205,1,1.0,0.0,0.0,11
722682,1,2.0,0.0,0.0,3
72286208,1,1.0,0.0,0.0,0
722908919,1,1.0,0.0,0.0,19
722956234,1,1.0,0.0,0.0,4
72308037,1,3.0,0.0,0.0,20
723497381,1,1.0,0.0,0.0,2
724158871,1,1.0,0.0,0.0,5
724187502,1,5.0,0.0,0.0,2
724712326,1,7.0,0.0,0.0,15
72474275,1,3.0,0.0,0.0,2
724809112,1,1.0,0.0,0.0,1
72486161,1,1.0,0.0,0.0,2
72495579,1,1.0,0.0,0.0,5
725211825,1,2.0,0.0,0.0,0
725322263,1,1.0,0.0,0.0,1
725934563,1,3.0,0.0,0.0,2
72628350,1,1.0,0.0,0.0,3
72667908,1,1.0,0.0,0.0,4
72685026,1,1.0,0.0,0.0,1
727547054,1,5.0,0.0,0.0,2
727806544,1,1.0,0.0,0.0,6
727890387,1,2.0,0.0,0.0,1
727984776,1,1.0,0.0,0.0,13
72815283,1,1.0,0.0,0.0,1
728703084,1,1.0,0.0,0.0,12
72874378,1,2.0,0.0,0.0,1
72888736,1,4.0,0.0,0.0,5
72892565,1,1.0,0.0,0.0,0
729031460,1,3.0,0.0,0.0,2
729075686,1,2.0,0.0,0.0,6
729119717,1,1.0,0.0,0.0,0
729120365,1,2.0,0.0,0.0,0
729425251,1,1.0,0.0,0.0,15
729539784,1,1.0,0.0,0.0,4
72954239,1,2.0,0.0,0.0,16
729889072,1,4.0,0.0,0.0,0
730106711,1,2.0,0.0,0.0,4
730249672,1,1.0,0.0,0.0,0
730636141,1,3.0,0.0,0.0,2
730657398,1,2.0,0.0,0.0,19
730664515,1,2.0,0.0,0.0,6
730732421,1,1.0,0.0,0.0,0
730751175,1,2.0,0.0,0.0,19
730832824,1,2.0,0.0,0.0,1
730883434,1,1.0,0.0,0.0,2
731115289,1,1.0,0.0,0.0,0
731181803,1,2.0,0.0,0.0,1
731287603,1,1.0,0.0,0.0,4
731291060,1,1.0,0.0,0.0,5
731399117,1,2.0,0.0,0.0,11
731560361,1,1.0,0.0,0.0,23
731843084,1,1.0,0.0,0.0,0
731929865,1,1.0,0.0,0.0,11
733067491,1,2.0,0.0,0.0,13
734006403,1,1.0,0.0,0.0,5
734496956,1,1.0,0.0,0.0,6
734642069,1,1.0,0.0,0.0,11
734972901,1,1.0,0.0,0.0,4
73500647,1,3.0,0.0,0.0,5
735462020,1,2.0,0.0,0.0,11
735921183,1,1.0,0.0,0.0,11
735923391,1,1.0,0.0,0.0,1
735981,1,1.0,0.0,0.0,3
7363211,1,19.0,0.0,0.0,2
736527492,1,2.0,0.0,0.0,11
737030210,1,10.0,0.0,0.0,14
737450129,1,1.0,0.0,0.0,4
737476193,1,1.0,0.0,0.0,4
7378480,1,1.0,0.0,0.0,5
73823302,1,1.0,0.0,0.0,2
73948366,1,4.0,0.0,0.0,19
73967674,1,2.0,0.0,0.0,7
74046615,1,2.0,0.0,0.0,1
7408108,1,1.0,0.0,0.0,4
74175805,1,1.0,0.0,0.0,1
7427613,1,1.0,0.0,0.0,30
74385422,1,1.0,0.0,0.0,21
743888972,1,2.0,0.0,0.0,1
74411440,1,1.0,0.0,0.0,21
7444861,1,41.0,0.0,0.0,15
74654732,1,1.0,0.0,0.0,2
74659399,1,1.0,0.0,0.0,3
7467217,1,1.0,0.0,0.0,24
74698620,1,1.0,0.0,0.0,9
74700293,1,1.0,0.0,0.0,5
74705400,1,1.0,0.0,0.0,5
747698,1,3.0,0.0,0.0,2
74896462,1,51.0,0.0,0.0,0
74950504,1,7.0,0.0,0.0,3
750833442,1,1.0,0.0,0.0,0
7508411,1,14.0,0.0,0.0,3
751486,1,1.0,0.0,0.0,27
7515336,1,1.0,0.0,0.0,2
75164823,1,1.0,0.0,0.0,17
75173456,1,3.0,0.0,0.0,1
75190736,1,1.0,0.0,0.0,13
75216133,1,1.0,0.0,0.0,2
75234804,1,1.0,0.0,0.0,4
75244322,1,10.0,0.0,0.0,1
7563814,1,1.0,0.0,0.0,1
75649634,1,31.0,0.0,0.0,2
756856,1,1.0,0.0,0.0,5
75753556,1,1.0,0.0,0.0,3
75800303,1,1.0,0.0,0.0,0
7587038,1,1.0,0.0,0.0,4
75882172,1,1.0,0.0,0.0,6
7589942,1,1.0,0.0,0.0,1
7590000,1,1.0,0.0,0.0,12
7590028,1,2.0,0.0,0.0,1
75918965,1,3.0,0.0,0.0,8
76064827,1,2.0,0.0,0.0,5
76301022,1,1.0,0.0,0.0,5
76336560,1,1.0,0.0,0.0,10
76356815,1,1.0,0.0,0.0,0
76370586,1,1.0,0.0,0.0,4
7639232,1,13.0,0.0,0.0,3
76711509,1,1.0,0.0,0.0,3
76734068,1,1.0,0.0,0.0,2
76748754,1,1.0,0.0,0.0,3
76986795,1,1.0,0.0,0.0,8
77071454,1,1.0,0.0,0.0,2
770901,1,4.0,0.0,0.0,1
771374991,1,1.0,0.0,0.0,0
77308564,1,1.0,0.0,0.0,7
77394483,1,4.0,0.0,0.0,5
77428506,1,13.0,0.0,0.0,0
77570309,1,1.0,0.0,0.0,16
776374,1,1.0,0.0,0.0,15
77703394,1,7.0,0.0,0.0,8
77868600,1,1.0,0.0,0.0,14
77956507,1,21.0,0.0,0.0,0
780266,1,5.0,0.0,0.0,2
7813441,1,10.0,0.0,0.0,14
7833168,1,169.0,0.0,0.0,6
78460122,1,4.0,0.0,0.0,2
78667796,1,1.0,0.0,0.0,3
78670698,1,1.0,0.0,0.0,5
78687528,1,2.0,0.0,0.0,4
78690338,1,11.0,0.0,0.0,0
7875914,1,2.0,0.0,0.0,5
7877397,1,1.0,0.0,0.0,2
78835813,1,15.0,0.0,0.0,2
78874920,1,1.0,0.0,0.0,2
7895139,1,33.0,0.0,0.0,15
790359,1,3.0,0.0,0.0,8
79096817,1,2.0,0.0,0.0,1
7910045,1,1.0,0.0,0.0,3
792993396,1,2.0,0.0,0.0,1
79371642,1,2.0,0.0,0.0,8
79510167,1,1.0,0.0,0.0,1
7961991,1,21.0,0.0,0.0,14
79733281,1,1.0,0.0,0.0,2
79907973,1,2.0,0.0,0.0,6
80084817,1,20.0,0.0,0.0,14
8014055,1,3.0,0.0,0.0,10
80179724,1,146.0,0.0,0.0,1
8024331,1,15.0,0.0,0.0,1
80311370,1,18.0,0.0,0.0,28
80317682,1,2.0,0.0,0.0,3
8036854,1,1.0,0.0,0.0,25
80369237,1,63.0,0.0,0.0,14
80425943,1,12.0,0.0,0.0,2
80430781,1,14.0,0.0,0.0,8
80501529,1,8.0,0.0,0.0,3
80624075,1,1.0,0.0,0.0,4
80640282,1,96.0,0.0,0.0,3
80814363,1,1.0,0.0,0.0,6
80910170,1,1.0,0.0,0.0,2
80945428,1,1.0,0.0,0.0,12
81145663,1,1.0,0.0,0.0,17
81192894,1,1.0,0.0,0.0,0
8119454,1,2.0,0.0,0.0,1
81209935,1,2.0,0.0,0.0,1
81253511,1,2.0,0.0,0.0,0
81387692,1,3.0,0.0,0.0,8
8139951,1,1.0,0.0,0.0,1
815644,1,13.0,0.0,0.0,2
81698600,1,3.0,0.0,0.0,19
81712364,1,2.0,0.0,0.0,13
81770291,1,1.0,0.0,0.0,20
820039,1,2.0,0.0,0.0,11
8226650,1,1.0,0.0,0.0,15
82301030,1,23.0,0.0,0.0,1
8249948,1,4.0,0.0,0.0,3
826897,1,1.0,0.0,0.0,1
8277372,1,1.0,0.0,0.0,9
82783929,1,1.0,0.0,0.0,5
83252983,1,54.0,0.0,0.0,2
83363132,1,5.0,0.0,0.0,10
83364914,1,1.0,0.0,0.0,16
83496508,1,1.0,0.0,0.0,4
83502071,1,579.0,0.0,0.0,10
83552012,1,1.0,0.0,0.0,5
83638422,1,1.0,0.0,0.0,1
8372403,1,2.0,0.0,0.0,6
8373342,1,1.0,0.0,0.0,6
83803176,1,1.0,0.0,0.0,3
8385515,1,1.0,0.0,0.0,8
8385616,1,1.0,0.0,0.0,9
8393979,1,8.0,0.0,0.0,2
83947552,1,3.0,0.0,0.0,9
84038847,1,1.0,0.0,0.0,3
84045805,1,1.0,0.0,0.0,0
84131481,1,1.0,0.0,0.0,2
8413786,1,8.0,0.0,0.0,7
841835,1,1.0,0.0,0.0,5
8425622,1,2.0,0.0,0.0,2
8427964,1,5.0,0.0,0.0,3
84302090,1,1.0,0.0,0.0,1
843222,1,3.0,0.0,0.0,1
84424258,1,1.0,0.0,0.0,4
84596297,1,2.0,0.0,0.0,8
84610043,1,1.0,0.0,0.0,2
8467178,1,1.0,0.0,0.0,3
8484604,1,1.0,0.0,0.0,3
8485842,1,14.0,0.0,0.0,18
84972208,1,2.0,0.0,0.0,4
85005111,1,1.0,0.0,0.0,17
85294562,1,1.0,0.0,0.0,7
85320730,1,3.0,0.0,0.0,4
85327864,1,2.0,0.0,0.0,26
8535507,1,2.0,0.0,0.0,4
8544907,1,7.0,0.0,0.0,7
85508223,1,1.0,0.0,0.0,1
85516979,1,1.0,0.0,0.0,2
85531416,1,2.0,0.0,0.0,1
85802819,1,1.0,0.0,0.0,3
85817267,1,13.0,0.0,0.0,25
86092400,1,1.0,0.0,0.0,10
86103984,1,1.0,0.0,0.0,8
8626555,1,2.0,0.0,0.0,3
86271291,1,1.0,0.0,0.0,0
86329034,1,2.0,0.0,0.0,4
86367123,1,1.0,0.0,0.0,17
8643296,1,1.0,0.0,0.0,0
86497800,1,1.0,0.0,0.0,1
86504302,1,1.0,0.0,0.0,5
86519473,1,2.0,0.0,0.0,0
86639356,1,1.0,0.0,0.0,4
86644608,1,2.0,0.0,0.0,1
86740149,1,1.0,0.0,0.0,2
86742497,1,1.0,0.0,0.0,1
86749899,1,1.0,0.0,0.0,2
8710734,1,2.0,0.0,0.0,6
87143129,1,1.0,0.0,0.0,21
87146293,1,1.0,0.0,0.0,21
87238466,1,5.0,0.0,0.0,0
87245701,1,11.0,0.0,0.0,15
87289313,1,1.0,0.0,0.0,3
873328,1,2.0,0.0,0.0,15
87362999,1,73.0,0.0,0.0,28
87554659,1,2.0,0.0,0.0,4
87735873,1,6.0,0.0,0.0,1
88013053,1,1.0,0.0,0.0,2
88213008,1,5.0,0.0,0.0,11
8825137,1,1.0,0.0,0.0,5
8843683,1,2.0,0.0,0.0,1
88439547,1,1.0,0.0,0.0,5
8844630,1,1.0,0.0,0.0,3
88519607,1,2.0,0.0,0.0,9
88647250,1,1.0,0.0,0.0,0
886774,1,1.0,0.0,0.0,3
8882852,1,1.0,0.0,0.0,4
89026103,1,1.0,0.0,0.0,7
890377,1,1.0,0.0,0.0,5
8909193,1,1.0,0.0,0.0,0
89188193,1,2.0,0.0,0.0,2
89197041,1,4.0,0.0,0.0,13
89215652,1,2.0,0.0,0.0,15
8926444,1,4.0,0.0,0.0,14
89412712,1,1.0,0.0,0.0,6
894162,1,1.0,0.0,0.0,5
89443483,1,1.0,0.0,0.0,14
90137956,1,2.0,0.0,0.0,4
90194616,1,1.0,0.0,0.0,12
90336564,1,1.0,0.0,0.0,2
90364793,1,1.0,0.0,0.0,3
90438444,1,1.0,0.0,0.0,13
904641,1,2.0,0.0,0.0,14
9051843,1,1.0,0.0,0.0,15
90636971,1,9.0,0.0,0.0,2
90752597,1,1.0,0.0,0.0,0
9078984,1,1.0,0.0,0.0,3
90793418,1,1.0,0.0,0.0,8
90798757,1,1.0,0.0,0.0,2
90808126,1,1.0,0.0,0.0,2
908893,1,1.0,0.0,0.0,5
9090933,1,1.0,0.0,0.0,18
90912724,1,6.0,0.0,0.0,4
91054480,1,6.0,0.0,0.0,2
91262163,1,10.0,0.0,0.0,15
91287861,1,1.0,0.0,0.0,13
9155612,1,1.0,0.0,0.0,1
915844,1,20.0,0.0,0.0,5
91611782,1,1.0,0.0,0.0,31
91755273,1,1.0,0.0,0.0,2
91851641,1,39.0,0.0,0.0,18
91851655,1,3.0,0.0,0.0,18
92028780,1,1.0,0.0,0.0,10
92132038,1,10.0,0.0,0.0,2
92313258,1,1.0,0.0,0.0,2
92372653,1,1.0,0.0,0.0,11
924551,1,1.0,0.0,0.0,17
92834468,1,1.0,0.0,0.0,0
92942189,1,1.0,0.0,0.0,0
931039,1,27.0,0.0,0.0,1
93131028,1,1.0,0.0,0.0,24
93163868,1,1.0,0.0,0.0,24
93200555,1,1.0,0.0,0.0,1
93205465,1,3.0,0.0,0.0,5
93205500,1,1.0,0.0,0.0,2
93535342,1,1.0,0.0,0.0,2
93561151,1,28.0,0.0,0.0,2
93619165,1,1.0,0.0,0.0,2
93703838,1,1.0,0.0,0.0,0
93757589,1,13.0,0.0,0.0,0
9377198,1,1.0,0.0,0.0,4
937976,1,1.0,0.0,0.0,4
93948485,1,1.0,0.0,0.0,8
94003494,1,1.0,0.0,0.0,8
94148671,1,13.0,0.0,0.0,2
943149,1,2.0,0.0,0.0,1
94325158,1,3.0,0.0,0.0,19
9435153,1,1.0,0.0,0.0,5
94367677,1,1.0,0.0,0.0,1
94483360,1,12.0,0.0,0.0,1
94562173,1,1.0,0.0,0.0,1
9465623,1,5.0,0.0,0.0,1
9476938,1,1.0,0.0,0.0,3
94773393,1,1.0,0.0,0.0,4
94883751,1,1.0,0.0,0.0,8
94910455,1,3.0,0.0,0.0,6
9495505,1,3.0,0.0,0.0,2
94973335,1,1.0,0.0,0.0,9
95047635,1,2.0,0.0,0.0,1
95147835,1,2.0,0.0,0.0,5
95217595,1,34.0,0.0,0.0,0
9525,1,3.0,0.0,0.0,21
95281387,1,1.0,0.0,0.0,25
95343930,1,5.0,0.0,0.0,1
954637,1,1.0,0.0,0.0,6
95638093,1,1.0,0.0,0.0,4
9571473,1,1.0,0.0,0.0,1
95775164,1,1.0,0.0,0.0,1
95995403,1,1.0,0.0,0.0,4
96011629,1,1.0,0.0,0.0,6
96034473,1,7.0,0.0,0.0,3
9603889,1,2.0,0.0,0.0,2
961487,1,1.0,0.0,0.0,14
9646845,1,1.0,0.0,0.0,8
96575195,1,2.0,0.0,0.0,23
96575829,1,1.0,0.0,0.0,4
96868436,1,1.0,0.0,0.0,6
96965870,1,14.0,0.0,0.0,6
970147,1,2.0,0.0,0.0,2
9703694,1,1.0,0.0,0.0,3
97060860,1,1.0,0.0,0.0,2
97462285,1,1.0,0.0,0.0,6
9749905,1,1.0,0.0,0.0,6
97556265,1,2.0,0.0,0.0,4
97611747,1,2.0,0.0,0.0,6
97977100,1,2.0,0.0,0.0,16
98013453,1,5.0,0.0,0.0,1
9817834,1,1.0,0.0,0.0,5
98198980,1,2.0,0.0,0.0,5
9826184,1,1.0,0.0,0.0,6
98315735,1,3.0,0.0,0.0,2
98498455,1,1.0,0.0,0.0,0
9864166,1,14.0,0.0,0.0,14
98877895,1,3.0,0.0,0.0,4
9891249,1,56.0,0.0,0.0,14
9900098,1,1.0,0.0,0.0,27
990281,1,3.0,0.0,0.0,3
99251094,1,2.0,0.0,0.0,6
99373936,1,1.0,0.0,0.0,4
99412308,1,5.0,0.0,0.0,15
99454887,1,2.0,0.0,0.0,2
9948347,1,1.0,0.0,0.0,1
99612558,1,1.0,0.0,0.0,14
99618772,1,5.0,0.0,0.0,13
99737692,1,4.0,0.0,0.0,2
9993757,1,17.0,0.0,0.0,15
99940552,1,25.0,0.0,0.0,19
