DBMS_urnform,github_repo_id,annotation_repo_created_at,activity_repo_created_at,seed_manifest_repo_created_at,project_profile_repo_created_at,all_values_equal,value_missing,source_artifact_paths,provenance_status
tidb,41986369,2015-09-06T04:01:52Z,2015-09-06T04:01:52Z,2015-09-06T04:01:52Z,NOT_AVAILABLE,TRUE,FALSE,data/github_osdb_data/dbfeatfusion_records_202410_automerged_manulabeled_with_repoid.csv;data/github_osdb_data/repo_activity_statistics/repo_i_pr_rec_cnt.csv;outputs/reference_quotient_p0_frozen/analysis_seed_manifest_294.csv;outputs/reference_quotient_p0_frozen/rq1_project_reference_profiles.csv,MULTI_ARTIFACT_CONSISTENT_SOURCE_ORIGIN_UNKNOWN
cockroachdb,16563587,2014-02-06T00:18:47Z,2014-02-06T00:18:47Z,2014-02-06T00:18:47Z,NOT_AVAILABLE,TRUE,FALSE,data/github_osdb_data/dbfeatfusion_records_202410_automerged_manulabeled_with_repoid.csv;data/github_osdb_data/repo_activity_statistics/repo_i_pr_rec_cnt.csv;outputs/reference_quotient_p0_frozen/analysis_seed_manifest_294.csv;outputs/reference_quotient_p0_frozen/rq1_project_reference_profiles.csv,MULTI_ARTIFACT_CONSISTENT_SOURCE_ORIGIN_UNKNOWN
doris,99919302,2017-08-10T12:13:30Z,2017-08-10T12:13:30Z,2017-08-10T12:13:30Z,NOT_AVAILABLE,TRUE,FALSE,data/github_osdb_data/dbfeatfusion_records_202410_automerged_manulabeled_with_repoid.csv;data/github_osdb_data/repo_activity_statistics/repo_i_pr_rec_cnt.csv;outputs/reference_quotient_p0_frozen/analysis_seed_manifest_294.csv;outputs/reference_quotient_p0_frozen/rq1_project_reference_profiles.csv,MULTI_ARTIFACT_CONSISTENT_SOURCE_ORIGIN_UNKNOWN
elasticsearch,507775,2010-02-08T13:20:56Z,2010-02-08T13:20:56Z,2010-02-08T13:20:56Z,NOT_AVAILABLE,TRUE,FALSE,data/github_osdb_data/dbfeatfusion_records_202410_automerged_manulabeled_with_repoid.csv;data/github_osdb_data/repo_activity_statistics/repo_i_pr_rec_cnt.csv;outputs/reference_quotient_p0_frozen/analysis_seed_manifest_294.csv;outputs/reference_quotient_p0_frozen/rq1_project_reference_profiles.csv,MULTI_ARTIFACT_CONSISTENT_SOURCE_ORIGIN_UNKNOWN
clickhouse,60246359,2016-06-02T08:28:18Z,2016-06-02T08:28:18Z,2016-06-02T08:28:18Z,NOT_AVAILABLE,TRUE,FALSE,data/github_osdb_data/dbfeatfusion_records_202410_automerged_manulabeled_with_repoid.csv;data/github_osdb_data/repo_activity_statistics/repo_i_pr_rec_cnt.csv;outputs/reference_quotient_p0_frozen/analysis_seed_manifest_294.csv;outputs/reference_quotient_p0_frozen/rq1_project_reference_profiles.csv,MULTI_ARTIFACT_CONSISTENT_SOURCE_ORIGIN_UNKNOWN
opensearch,334274271,2021-01-29T22:10:00Z,2021-01-29T22:10:00Z,2021-01-29T22:10:00Z,NOT_AVAILABLE,TRUE,FALSE,data/github_osdb_data/dbfeatfusion_records_202410_automerged_manulabeled_with_repoid.csv;data/github_osdb_data/repo_activity_statistics/repo_i_pr_rec_cnt.csv;outputs/reference_quotient_p0_frozen/analysis_seed_manifest_294.csv;outputs/reference_quotient_p0_frozen/rq1_project_reference_profiles.csv,MULTI_ARTIFACT_CONSISTENT_SOURCE_ORIGIN_UNKNOWN
spark-sql,17165658,2014-02-25T08:00:08Z,2014-02-25T08:00:08Z,2014-02-25T08:00:08Z,NOT_AVAILABLE,TRUE,FALSE,data/github_osdb_data/dbfeatfusion_records_202410_automerged_manulabeled_with_repoid.csv;data/github_osdb_data/repo_activity_statistics/repo_i_pr_rec_cnt.csv;outputs/reference_quotient_p0_frozen/analysis_seed_manifest_294.csv;outputs/reference_quotient_p0_frozen/rq1_project_reference_profiles.csv,MULTI_ARTIFACT_CONSISTENT_SOURCE_ORIGIN_UNKNOWN
milvus,208728772,2019-09-16T06:43:43Z,2019-09-16T06:43:43Z,2019-09-16T06:43:43Z,NOT_AVAILABLE,TRUE,FALSE,data/github_osdb_data/dbfeatfusion_records_202410_automerged_manulabeled_with_repoid.csv;data/github_osdb_data/repo_activity_statistics/repo_i_pr_rec_cnt.csv;outputs/reference_quotient_p0_frozen/analysis_seed_manifest_294.csv;outputs/reference_quotient_p0_frozen/rq1_project_reference_profiles.csv,MULTI_ARTIFACT_CONSISTENT_SOURCE_ORIGIN_UNKNOWN
velox,388946490,2021-07-23T23:00:23Z,2021-07-23T23:00:23Z,2021-07-23T23:00:23Z,NOT_AVAILABLE,TRUE,FALSE,data/github_osdb_data/dbfeatfusion_records_202410_automerged_manulabeled_with_repoid.csv;data/github_osdb_data/repo_activity_statistics/repo_i_pr_rec_cnt.csv;outputs/reference_quotient_p0_frozen/analysis_seed_manifest_294.csv;outputs/reference_quotient_p0_frozen/rq1_project_reference_profiles.csv,MULTI_ARTIFACT_CONSISTENT_SOURCE_ORIGIN_UNKNOWN
trino,166515022,2019-01-19T06:38:14Z,2019-01-19T06:38:14Z,2019-01-19T06:38:14Z,NOT_AVAILABLE,TRUE,FALSE,data/github_osdb_data/dbfeatfusion_records_202410_automerged_manulabeled_with_repoid.csv;data/github_osdb_data/repo_activity_statistics/repo_i_pr_rec_cnt.csv;outputs/reference_quotient_p0_frozen/analysis_seed_manifest_294.csv;outputs/reference_quotient_p0_frozen/rq1_project_reference_profiles.csv,MULTI_ARTIFACT_CONSISTENT_SOURCE_ORIGIN_UNKNOWN
risingwave,453068084,2022-01-28T12:58:03Z,2022-01-28T12:58:03Z,2022-01-28T12:58:03Z,NOT_AVAILABLE,TRUE,FALSE,data/github_osdb_data/dbfeatfusion_records_202410_automerged_manulabeled_with_repoid.csv;data/github_osdb_data/repo_activity_statistics/repo_i_pr_rec_cnt.csv;outputs/reference_quotient_p0_frozen/analysis_seed_manifest_294.csv;outputs/reference_quotient_p0_frozen/rq1_project_reference_profiles.csv,MULTI_ARTIFACT_CONSISTENT_SOURCE_ORIGIN_UNKNOWN
foundationdb,114187903,2017-12-14T01:40:42Z,2017-12-14T01:40:42Z,2017-12-14T01:40:42Z,NOT_AVAILABLE,TRUE,FALSE,data/github_osdb_data/dbfeatfusion_records_202410_automerged_manulabeled_with_repoid.csv;data/github_osdb_data/repo_activity_statistics/repo_i_pr_rec_cnt.csv;outputs/reference_quotient_p0_frozen/analysis_seed_manifest_294.csv;outputs/reference_quotient_p0_frozen/rq1_project_reference_profiles.csv,MULTI_ARTIFACT_CONSISTENT_SOURCE_ORIGIN_UNKNOWN
matrixone,339993112,2021-02-18T09:07:17Z,2021-02-18T09:07:17Z,2021-02-18T09:07:17Z,NOT_AVAILABLE,TRUE,FALSE,data/github_osdb_data/dbfeatfusion_records_202410_automerged_manulabeled_with_repoid.csv;data/github_osdb_data/repo_activity_statistics/repo_i_pr_rec_cnt.csv;outputs/reference_quotient_p0_frozen/analysis_seed_manifest_294.csv;outputs/reference_quotient_p0_frozen/rq1_project_reference_profiles.csv,MULTI_ARTIFACT_CONSISTENT_SOURCE_ORIGIN_UNKNOWN
datafusion,358917318,2021-04-17T15:40:23Z,2021-04-17T15:40:23Z,2021-04-17T15:40:23Z,NOT_AVAILABLE,TRUE,FALSE,data/github_osdb_data/dbfeatfusion_records_202410_automerged_manulabeled_with_repoid.csv;data/github_osdb_data/repo_activity_statistics/repo_i_pr_rec_cnt.csv;outputs/reference_quotient_p0_frozen/analysis_seed_manifest_294.csv;outputs/reference_quotient_p0_frozen/rq1_project_reference_profiles.csv,MULTI_ARTIFACT_CONSISTENT_SOURCE_ORIGIN_UNKNOWN
apache-flink,20587599,2014-06-07T07:00:10Z,2014-06-07T07:00:10Z,2014-06-07T07:00:10Z,NOT_AVAILABLE,TRUE,FALSE,data/github_osdb_data/dbfeatfusion_records_202410_automerged_manulabeled_with_repoid.csv;data/github_osdb_data/repo_activity_statistics/repo_i_pr_rec_cnt.csv;outputs/reference_quotient_p0_frozen/analysis_seed_manifest_294.csv;outputs/reference_quotient_p0_frozen/rq1_project_reference_profiles.csv,MULTI_ARTIFACT_CONSISTENT_SOURCE_ORIGIN_UNKNOWN
hazelcast,3786237,2012-03-21T12:25:18Z,2012-03-21T12:25:18Z,2012-03-21T12:25:18Z,NOT_AVAILABLE,TRUE,FALSE,data/github_osdb_data/dbfeatfusion_records_202410_automerged_manulabeled_with_repoid.csv;data/github_osdb_data/repo_activity_statistics/repo_i_pr_rec_cnt.csv;outputs/reference_quotient_p0_frozen/analysis_seed_manifest_294.csv;outputs/reference_quotient_p0_frozen/rq1_project_reference_profiles.csv,MULTI_ARTIFACT_CONSISTENT_SOURCE_ORIGIN_UNKNOWN
databend,302827809,2020-10-10T06:04:42Z,2020-10-10T06:04:42Z,2020-10-10T06:04:42Z,NOT_AVAILABLE,TRUE,FALSE,data/github_osdb_data/dbfeatfusion_records_202410_automerged_manulabeled_with_repoid.csv;data/github_osdb_data/repo_activity_statistics/repo_i_pr_rec_cnt.csv;outputs/reference_quotient_p0_frozen/analysis_seed_manifest_294.csv;outputs/reference_quotient_p0_frozen/rq1_project_reference_profiles.csv,MULTI_ARTIFACT_CONSISTENT_SOURCE_ORIGIN_UNKNOWN
neon,351806852,2021-03-26T14:20:47Z,2021-03-26T14:20:47Z,2021-03-26T14:20:47Z,NOT_AVAILABLE,TRUE,FALSE,data/github_osdb_data/dbfeatfusion_records_202410_automerged_manulabeled_with_repoid.csv;data/github_osdb_data/repo_activity_statistics/repo_i_pr_rec_cnt.csv;outputs/reference_quotient_p0_frozen/analysis_seed_manifest_294.csv;outputs/reference_quotient_p0_frozen/rq1_project_reference_profiles.csv,MULTI_ARTIFACT_CONSISTENT_SOURCE_ORIGIN_UNKNOWN
shardingsphere,49876476,2016-01-18T12:49:26Z,2016-01-18T12:49:26Z,2016-01-18T12:49:26Z,NOT_AVAILABLE,TRUE,FALSE,data/github_osdb_data/dbfeatfusion_records_202410_automerged_manulabeled_with_repoid.csv;data/github_osdb_data/repo_activity_statistics/repo_i_pr_rec_cnt.csv;outputs/reference_quotient_p0_frozen/analysis_seed_manifest_294.csv;outputs/reference_quotient_p0_frozen/rq1_project_reference_profiles.csv,MULTI_ARTIFACT_CONSISTENT_SOURCE_ORIGIN_UNKNOWN
greenplum,44781140,,,,NOT_AVAILABLE,TRUE,TRUE,data/github_osdb_data/dbfeatfusion_records_202410_automerged_manulabeled_with_repoid.csv;data/github_osdb_data/repo_activity_statistics/repo_i_pr_rec_cnt.csv;outputs/reference_quotient_p0_frozen/analysis_seed_manifest_294.csv;outputs/reference_quotient_p0_frozen/rq1_project_reference_profiles.csv,MISSING_AND_ANALYTICALLY_RELEVANT
tikv,48833910,2015-12-31T04:51:32Z,2015-12-31T04:51:32Z,2015-12-31T04:51:32Z,NOT_AVAILABLE,TRUE,FALSE,data/github_osdb_data/dbfeatfusion_records_202410_automerged_manulabeled_with_repoid.csv;data/github_osdb_data/repo_activity_statistics/repo_i_pr_rec_cnt.csv;outputs/reference_quotient_p0_frozen/analysis_seed_manifest_294.csv;outputs/reference_quotient_p0_frozen/rq1_project_reference_profiles.csv,MULTI_ARTIFACT_CONSISTENT_SOURCE_ORIGIN_UNKNOWN
prestodb,5349565,2012-08-09T01:03:37Z,2012-08-09T01:03:37Z,2012-08-09T01:03:37Z,NOT_AVAILABLE,TRUE,FALSE,data/github_osdb_data/dbfeatfusion_records_202410_automerged_manulabeled_with_repoid.csv;data/github_osdb_data/repo_activity_statistics/repo_i_pr_rec_cnt.csv;outputs/reference_quotient_p0_frozen/analysis_seed_manifest_294.csv;outputs/reference_quotient_p0_frozen/rq1_project_reference_profiles.csv,MULTI_ARTIFACT_CONSISTENT_SOURCE_ORIGIN_UNKNOWN
mimir,385634291,2021-07-13T14:34:08Z,2021-07-13T14:34:08Z,2021-07-13T14:34:08Z,NOT_AVAILABLE,TRUE,FALSE,data/github_osdb_data/dbfeatfusion_records_202410_automerged_manulabeled_with_repoid.csv;data/github_osdb_data/repo_activity_statistics/repo_i_pr_rec_cnt.csv;outputs/reference_quotient_p0_frozen/analysis_seed_manifest_294.csv;outputs/reference_quotient_p0_frozen/rq1_project_reference_profiles.csv,MULTI_ARTIFACT_CONSISTENT_SOURCE_ORIGIN_UNKNOWN
druid,6358188,2012-10-23T19:08:07Z,2012-10-23T19:08:07Z,2012-10-23T19:08:07Z,NOT_AVAILABLE,TRUE,FALSE,data/github_osdb_data/dbfeatfusion_records_202410_automerged_manulabeled_with_repoid.csv;data/github_osdb_data/repo_activity_statistics/repo_i_pr_rec_cnt.csv;outputs/reference_quotient_p0_frozen/analysis_seed_manifest_294.csv;outputs/reference_quotient_p0_frozen/rq1_project_reference_profiles.csv,MULTI_ARTIFACT_CONSISTENT_SOURCE_ORIGIN_UNKNOWN
vitess,11008207,2013-06-27T21:20:28Z,2013-06-27T21:20:28Z,2013-06-27T21:20:28Z,NOT_AVAILABLE,TRUE,FALSE,data/github_osdb_data/dbfeatfusion_records_202410_automerged_manulabeled_with_repoid.csv;data/github_osdb_data/repo_activity_statistics/repo_i_pr_rec_cnt.csv;outputs/reference_quotient_p0_frozen/analysis_seed_manifest_294.csv;outputs/reference_quotient_p0_frozen/rq1_project_reference_profiles.csv,MULTI_ARTIFACT_CONSISTENT_SOURCE_ORIGIN_UNKNOWN
pinot,19961085,2014-05-19T23:27:48Z,2014-05-19T23:27:48Z,2014-05-19T23:27:48Z,NOT_AVAILABLE,TRUE,FALSE,data/github_osdb_data/dbfeatfusion_records_202410_automerged_manulabeled_with_repoid.csv;data/github_osdb_data/repo_activity_statistics/repo_i_pr_rec_cnt.csv;outputs/reference_quotient_p0_frozen/analysis_seed_manifest_294.csv;outputs/reference_quotient_p0_frozen/rq1_project_reference_profiles.csv,MULTI_ARTIFACT_CONSISTENT_SOURCE_ORIGIN_UNKNOWN
duckdb,138754790,2018-06-26T15:04:45Z,2018-06-26T15:04:45Z,2018-06-26T15:04:45Z,NOT_AVAILABLE,TRUE,FALSE,data/github_osdb_data/dbfeatfusion_records_202410_automerged_manulabeled_with_repoid.csv;data/github_osdb_data/repo_activity_statistics/repo_i_pr_rec_cnt.csv;outputs/reference_quotient_p0_frozen/analysis_seed_manifest_294.csv;outputs/reference_quotient_p0_frozen/rq1_project_reference_profiles.csv,MULTI_ARTIFACT_CONSISTENT_SOURCE_ORIGIN_UNKNOWN
greptimedb,480217156,2022-04-11T03:46:48Z,2022-04-11T03:46:48Z,2022-04-11T03:46:48Z,NOT_AVAILABLE,TRUE,FALSE,data/github_osdb_data/dbfeatfusion_records_202410_automerged_manulabeled_with_repoid.csv;data/github_osdb_data/repo_activity_statistics/repo_i_pr_rec_cnt.csv;outputs/reference_quotient_p0_frozen/analysis_seed_manifest_294.csv;outputs/reference_quotient_p0_frozen/rq1_project_reference_profiles.csv,MULTI_ARTIFACT_CONSISTENT_SOURCE_ORIGIN_UNKNOWN
yugabytedb,105944401,2017-10-05T21:56:00Z,2017-10-05T21:56:00Z,2017-10-05T21:56:00Z,NOT_AVAILABLE,TRUE,FALSE,data/github_osdb_data/dbfeatfusion_records_202410_automerged_manulabeled_with_repoid.csv;data/github_osdb_data/repo_activity_statistics/repo_i_pr_rec_cnt.csv;outputs/reference_quotient_p0_frozen/analysis_seed_manifest_294.csv;outputs/reference_quotient_p0_frozen/rq1_project_reference_profiles.csv,MULTI_ARTIFACT_CONSISTENT_SOURCE_ORIGIN_UNKNOWN
wiredtiger,2944302,2011-12-09T00:43:19Z,2011-12-09T00:43:19Z,2011-12-09T00:43:19Z,NOT_AVAILABLE,TRUE,FALSE,data/github_osdb_data/dbfeatfusion_records_202410_automerged_manulabeled_with_repoid.csv;data/github_osdb_data/repo_activity_statistics/repo_i_pr_rec_cnt.csv;outputs/reference_quotient_p0_frozen/analysis_seed_manifest_294.csv;outputs/reference_quotient_p0_frozen/rq1_project_reference_profiles.csv,MULTI_ARTIFACT_CONSISTENT_SOURCE_ORIGIN_UNKNOWN
ferretdb,422821402,2021-10-30T08:06:36Z,2021-10-30T08:06:36Z,2021-10-30T08:06:36Z,NOT_AVAILABLE,TRUE,FALSE,data/github_osdb_data/dbfeatfusion_records_202410_automerged_manulabeled_with_repoid.csv;data/github_osdb_data/repo_activity_statistics/repo_i_pr_rec_cnt.csv;outputs/reference_quotient_p0_frozen/analysis_seed_manifest_294.csv;outputs/reference_quotient_p0_frozen/rq1_project_reference_profiles.csv,MULTI_ARTIFACT_CONSISTENT_SOURCE_ORIGIN_UNKNOWN
hive,206444,2009-05-21T02:31:01Z,2009-05-21T02:31:01Z,2009-05-21T02:31:01Z,NOT_AVAILABLE,TRUE,FALSE,data/github_osdb_data/dbfeatfusion_records_202410_automerged_manulabeled_with_repoid.csv;data/github_osdb_data/repo_activity_statistics/repo_i_pr_rec_cnt.csv;outputs/reference_quotient_p0_frozen/analysis_seed_manifest_294.csv;outputs/reference_quotient_p0_frozen/rq1_project_reference_profiles.csv,MULTI_ARTIFACT_CONSISTENT_SOURCE_ORIGIN_UNKNOWN
tarantool,911980,2010-09-15T07:59:26Z,2010-09-15T07:59:26Z,2010-09-15T07:59:26Z,NOT_AVAILABLE,TRUE,FALSE,data/github_osdb_data/dbfeatfusion_records_202410_automerged_manulabeled_with_repoid.csv;data/github_osdb_data/repo_activity_statistics/repo_i_pr_rec_cnt.csv;outputs/reference_quotient_p0_frozen/analysis_seed_manifest_294.csv;outputs/reference_quotient_p0_frozen/rq1_project_reference_profiles.csv,MULTI_ARTIFACT_CONSISTENT_SOURCE_ORIGIN_UNKNOWN
etcd,11225014,2013-07-06T21:57:21Z,2013-07-06T21:57:21Z,2013-07-06T21:57:21Z,NOT_AVAILABLE,TRUE,FALSE,data/github_osdb_data/dbfeatfusion_records_202410_automerged_manulabeled_with_repoid.csv;data/github_osdb_data/repo_activity_statistics/repo_i_pr_rec_cnt.csv;outputs/reference_quotient_p0_frozen/analysis_seed_manifest_294.csv;outputs/reference_quotient_p0_frozen/rq1_project_reference_profiles.csv,MULTI_ARTIFACT_CONSISTENT_SOURCE_ORIGIN_UNKNOWN
arangodb,2649214,2011-10-26T06:42:00Z,2011-10-26T06:42:00Z,2011-10-26T06:42:00Z,NOT_AVAILABLE,TRUE,FALSE,data/github_osdb_data/dbfeatfusion_records_202410_automerged_manulabeled_with_repoid.csv;data/github_osdb_data/repo_activity_statistics/repo_i_pr_rec_cnt.csv;outputs/reference_quotient_p0_frozen/analysis_seed_manifest_294.csv;outputs/reference_quotient_p0_frozen/rq1_project_reference_profiles.csv,MULTI_ARTIFACT_CONSISTENT_SOURCE_ORIGIN_UNKNOWN
kyuubi,114619105,2017-12-18T09:05:10Z,2017-12-18T09:05:10Z,2017-12-18T09:05:10Z,NOT_AVAILABLE,TRUE,FALSE,data/github_osdb_data/dbfeatfusion_records_202410_automerged_manulabeled_with_repoid.csv;data/github_osdb_data/repo_activity_statistics/repo_i_pr_rec_cnt.csv;outputs/reference_quotient_p0_frozen/analysis_seed_manifest_294.csv;outputs/reference_quotient_p0_frozen/rq1_project_reference_profiles.csv,MULTI_ARTIFACT_CONSISTENT_SOURCE_ORIGIN_UNKNOWN
vespa,60377070,2016-06-03T20:54:20Z,2016-06-03T20:54:20Z,2016-06-03T20:54:20Z,NOT_AVAILABLE,TRUE,FALSE,data/github_osdb_data/dbfeatfusion_records_202410_automerged_manulabeled_with_repoid.csv;data/github_osdb_data/repo_activity_statistics/repo_i_pr_rec_cnt.csv;outputs/reference_quotient_p0_frozen/analysis_seed_manifest_294.csv;outputs/reference_quotient_p0_frozen/rq1_project_reference_profiles.csv,MULTI_ARTIFACT_CONSISTENT_SOURCE_ORIGIN_UNKNOWN
ravendb,542714,2010-03-02T11:05:30Z,2010-03-02T11:05:30Z,2010-03-02T11:05:30Z,NOT_AVAILABLE,TRUE,FALSE,data/github_osdb_data/dbfeatfusion_records_202410_automerged_manulabeled_with_repoid.csv;data/github_osdb_data/repo_activity_statistics/repo_i_pr_rec_cnt.csv;outputs/reference_quotient_p0_frozen/analysis_seed_manifest_294.csv;outputs/reference_quotient_p0_frozen/rq1_project_reference_profiles.csv,MULTI_ARTIFACT_CONSISTENT_SOURCE_ORIGIN_UNKNOWN
iotdb,158975124,2018-11-24T21:29:17Z,2018-11-24T21:29:17Z,2018-11-24T21:29:17Z,NOT_AVAILABLE,TRUE,FALSE,data/github_osdb_data/dbfeatfusion_records_202410_automerged_manulabeled_with_repoid.csv;data/github_osdb_data/repo_activity_statistics/repo_i_pr_rec_cnt.csv;outputs/reference_quotient_p0_frozen/analysis_seed_manifest_294.csv;outputs/reference_quotient_p0_frozen/rq1_project_reference_profiles.csv,MULTI_ARTIFACT_CONSISTENT_SOURCE_ORIGIN_UNKNOWN
cassandra,206424,2009-05-21T02:10:09Z,2009-05-21T02:10:09Z,2009-05-21T02:10:09Z,NOT_AVAILABLE,TRUE,FALSE,data/github_osdb_data/dbfeatfusion_records_202410_automerged_manulabeled_with_repoid.csv;data/github_osdb_data/repo_activity_statistics/repo_i_pr_rec_cnt.csv;outputs/reference_quotient_p0_frozen/analysis_seed_manifest_294.csv;outputs/reference_quotient_p0_frozen/rq1_project_reference_profiles.csv,MULTI_ARTIFACT_CONSISTENT_SOURCE_ORIGIN_UNKNOWN
redis,156018,2009-03-21T22:32:25Z,2009-03-21T22:32:25Z,2009-03-21T22:32:25Z,NOT_AVAILABLE,TRUE,FALSE,data/github_osdb_data/dbfeatfusion_records_202410_automerged_manulabeled_with_repoid.csv;data/github_osdb_data/repo_activity_statistics/repo_i_pr_rec_cnt.csv;outputs/reference_quotient_p0_frozen/analysis_seed_manifest_294.csv;outputs/reference_quotient_p0_frozen/rq1_project_reference_profiles.csv,MULTI_ARTIFACT_CONSISTENT_SOURCE_ORIGIN_UNKNOWN
tdengine,196353673,2019-07-11T08:33:48Z,2019-07-11T08:33:48Z,2019-07-11T08:33:48Z,NOT_AVAILABLE,TRUE,FALSE,data/github_osdb_data/dbfeatfusion_records_202410_automerged_manulabeled_with_repoid.csv;data/github_osdb_data/repo_activity_statistics/repo_i_pr_rec_cnt.csv;outputs/reference_quotient_p0_frozen/analysis_seed_manifest_294.csv;outputs/reference_quotient_p0_frozen/rq1_project_reference_profiles.csv,MULTI_ARTIFACT_CONSISTENT_SOURCE_ORIGIN_UNKNOWN
timescaledb,84240850,2017-03-07T20:03:41Z,2017-03-07T20:03:41Z,2017-03-07T20:03:41Z,NOT_AVAILABLE,TRUE,FALSE,data/github_osdb_data/dbfeatfusion_records_202410_automerged_manulabeled_with_repoid.csv;data/github_osdb_data/repo_activity_statistics/repo_i_pr_rec_cnt.csv;outputs/reference_quotient_p0_frozen/analysis_seed_manifest_294.csv;outputs/reference_quotient_p0_frozen/rq1_project_reference_profiles.csv,MULTI_ARTIFACT_CONSISTENT_SOURCE_ORIGIN_UNKNOWN
cratedb,9342529,2013-04-10T09:17:16Z,2013-04-10T09:17:16Z,2013-04-10T09:17:16Z,NOT_AVAILABLE,TRUE,FALSE,data/github_osdb_data/dbfeatfusion_records_202410_automerged_manulabeled_with_repoid.csv;data/github_osdb_data/repo_activity_statistics/repo_i_pr_rec_cnt.csv;outputs/reference_quotient_p0_frozen/analysis_seed_manifest_294.csv;outputs/reference_quotient_p0_frozen/rq1_project_reference_profiles.csv,MULTI_ARTIFACT_CONSISTENT_SOURCE_ORIGIN_UNKNOWN
victoriametrics,150954997,2018-09-30T09:58:01Z,2018-09-30T09:58:01Z,2018-09-30T09:58:01Z,NOT_AVAILABLE,TRUE,FALSE,data/github_osdb_data/dbfeatfusion_records_202410_automerged_manulabeled_with_repoid.csv;data/github_osdb_data/repo_activity_statistics/repo_i_pr_rec_cnt.csv;outputs/reference_quotient_p0_frozen/analysis_seed_manifest_294.csv;outputs/reference_quotient_p0_frozen/rq1_project_reference_profiles.csv,MULTI_ARTIFACT_CONSISTENT_SOURCE_ORIGIN_UNKNOWN
qdrant,268163609,2020-05-30T21:37:01Z,2020-05-30T21:37:01Z,2020-05-30T21:37:01Z,NOT_AVAILABLE,TRUE,FALSE,data/github_osdb_data/dbfeatfusion_records_202410_automerged_manulabeled_with_repoid.csv;data/github_osdb_data/repo_activity_statistics/repo_i_pr_rec_cnt.csv;outputs/reference_quotient_p0_frozen/analysis_seed_manifest_294.csv;outputs/reference_quotient_p0_frozen/rq1_project_reference_profiles.csv,MULTI_ARTIFACT_CONSISTENT_SOURCE_ORIGIN_UNKNOWN
rocksdb,6934395,2012-11-30T06:16:18Z,2012-11-30T06:16:18Z,2012-11-30T06:16:18Z,NOT_AVAILABLE,TRUE,FALSE,data/github_osdb_data/dbfeatfusion_records_202410_automerged_manulabeled_with_repoid.csv;data/github_osdb_data/repo_activity_statistics/repo_i_pr_rec_cnt.csv;outputs/reference_quotient_p0_frozen/analysis_seed_manifest_294.csv;outputs/reference_quotient_p0_frozen/rq1_project_reference_profiles.csv,MULTI_ARTIFACT_CONSISTENT_SOURCE_ORIGIN_UNKNOWN
hbase,20089857,2014-05-23T07:00:07Z,2014-05-23T07:00:07Z,2014-05-23T07:00:07Z,NOT_AVAILABLE,TRUE,FALSE,data/github_osdb_data/dbfeatfusion_records_202410_automerged_manulabeled_with_repoid.csv;data/github_osdb_data/repo_activity_statistics/repo_i_pr_rec_cnt.csv;outputs/reference_quotient_p0_frozen/analysis_seed_manifest_294.csv;outputs/reference_quotient_p0_frozen/rq1_project_reference_profiles.csv,MULTI_ARTIFACT_CONSISTENT_SOURCE_ORIGIN_UNKNOWN
chroma,546206616,2022-10-05T17:58:44Z,2022-10-05T17:58:44Z,2022-10-05T17:58:44Z,NOT_AVAILABLE,TRUE,FALSE,data/github_osdb_data/dbfeatfusion_records_202410_automerged_manulabeled_with_repoid.csv;data/github_osdb_data/repo_activity_statistics/repo_i_pr_rec_cnt.csv;outputs/reference_quotient_p0_frozen/analysis_seed_manifest_294.csv;outputs/reference_quotient_p0_frozen/rq1_project_reference_profiles.csv,MULTI_ARTIFACT_CONSISTENT_SOURCE_ORIGIN_UNKNOWN
lucene,341631350,2021-02-23T17:16:56Z,2021-02-23T17:16:56Z,2021-02-23T17:16:56Z,NOT_AVAILABLE,TRUE,FALSE,data/github_osdb_data/dbfeatfusion_records_202410_automerged_manulabeled_with_repoid.csv;data/github_osdb_data/repo_activity_statistics/repo_i_pr_rec_cnt.csv;outputs/reference_quotient_p0_frozen/analysis_seed_manifest_294.csv;outputs/reference_quotient_p0_frozen/rq1_project_reference_profiles.csv,MULTI_ARTIFACT_CONSISTENT_SOURCE_ORIGIN_UNKNOWN
prometheus,6838921,2012-11-24T11:14:12Z,2012-11-24T11:14:12Z,2012-11-24T11:14:12Z,NOT_AVAILABLE,TRUE,FALSE,data/github_osdb_data/dbfeatfusion_records_202410_automerged_manulabeled_with_repoid.csv;data/github_osdb_data/repo_activity_statistics/repo_i_pr_rec_cnt.csv;outputs/reference_quotient_p0_frozen/analysis_seed_manifest_294.csv;outputs/reference_quotient_p0_frozen/rq1_project_reference_profiles.csv,MULTI_ARTIFACT_CONSISTENT_SOURCE_ORIGIN_UNKNOWN
questdb,19257422,2014-04-28T23:29:15Z,2014-04-28T23:29:15Z,2014-04-28T23:29:15Z,NOT_AVAILABLE,TRUE,FALSE,data/github_osdb_data/dbfeatfusion_records_202410_automerged_manulabeled_with_repoid.csv;data/github_osdb_data/repo_activity_statistics/repo_i_pr_rec_cnt.csv;outputs/reference_quotient_p0_frozen/analysis_seed_manifest_294.csv;outputs/reference_quotient_p0_frozen/rq1_project_reference_profiles.csv,MULTI_ARTIFACT_CONSISTENT_SOURCE_ORIGIN_UNKNOWN
accumulo,2524488,2011-10-06T07:00:09Z,2011-10-06T07:00:09Z,2011-10-06T07:00:09Z,NOT_AVAILABLE,TRUE,FALSE,data/github_osdb_data/dbfeatfusion_records_202410_automerged_manulabeled_with_repoid.csv;data/github_osdb_data/repo_activity_statistics/repo_i_pr_rec_cnt.csv;outputs/reference_quotient_p0_frozen/analysis_seed_manifest_294.csv;outputs/reference_quotient_p0_frozen/rq1_project_reference_profiles.csv,MULTI_ARTIFACT_CONSISTENT_SOURCE_ORIGIN_UNKNOWN
dolt,198683574,2019-07-24T17:46:25Z,2019-07-24T17:46:25Z,2019-07-24T17:46:25Z,NOT_AVAILABLE,TRUE,FALSE,data/github_osdb_data/dbfeatfusion_records_202410_automerged_manulabeled_with_repoid.csv;data/github_osdb_data/repo_activity_statistics/repo_i_pr_rec_cnt.csv;outputs/reference_quotient_p0_frozen/analysis_seed_manifest_294.csv;outputs/reference_quotient_p0_frozen/rq1_project_reference_profiles.csv,MULTI_ARTIFACT_CONSISTENT_SOURCE_ORIGIN_UNKNOWN
kuzu,298763623,2020-09-26T07:43:06Z,2020-09-26T07:43:06Z,2020-09-26T07:43:06Z,NOT_AVAILABLE,TRUE,FALSE,data/github_osdb_data/dbfeatfusion_records_202410_automerged_manulabeled_with_repoid.csv;data/github_osdb_data/repo_activity_statistics/repo_i_pr_rec_cnt.csv;outputs/reference_quotient_p0_frozen/analysis_seed_manifest_294.csv;outputs/reference_quotient_p0_frozen/rq1_project_reference_profiles.csv,MULTI_ARTIFACT_CONSISTENT_SOURCE_ORIGIN_UNKNOWN
citus,50874442,2016-02-01T21:58:39Z,2016-02-01T21:58:39Z,2016-02-01T21:58:39Z,NOT_AVAILABLE,TRUE,FALSE,data/github_osdb_data/dbfeatfusion_records_202410_automerged_manulabeled_with_repoid.csv;data/github_osdb_data/repo_activity_statistics/repo_i_pr_rec_cnt.csv;outputs/reference_quotient_p0_frozen/analysis_seed_manifest_294.csv;outputs/reference_quotient_p0_frozen/rq1_project_reference_profiles.csv,MULTI_ARTIFACT_CONSISTENT_SOURCE_ORIGIN_UNKNOWN
quickwit,357707809,2021-04-13T22:45:40Z,2021-04-13T22:45:40Z,2021-04-13T22:45:40Z,NOT_AVAILABLE,TRUE,FALSE,data/github_osdb_data/dbfeatfusion_records_202410_automerged_manulabeled_with_repoid.csv;data/github_osdb_data/repo_activity_statistics/repo_i_pr_rec_cnt.csv;outputs/reference_quotient_p0_frozen/analysis_seed_manifest_294.csv;outputs/reference_quotient_p0_frozen/rq1_project_reference_profiles.csv,MULTI_ARTIFACT_CONSISTENT_SOURCE_ORIGIN_UNKNOWN
realm,1917262,2011-06-18T21:18:46Z,2011-06-18T21:18:46Z,2011-06-18T21:18:46Z,NOT_AVAILABLE,TRUE,FALSE,data/github_osdb_data/dbfeatfusion_records_202410_automerged_manulabeled_with_repoid.csv;data/github_osdb_data/repo_activity_statistics/repo_i_pr_rec_cnt.csv;outputs/reference_quotient_p0_frozen/analysis_seed_manifest_294.csv;outputs/reference_quotient_p0_frozen/rq1_project_reference_profiles.csv,MULTI_ARTIFACT_CONSISTENT_SOURCE_ORIGIN_UNKNOWN
edgedb,95817032,2017-06-29T20:30:48Z,2017-06-29T20:30:48Z,2017-06-29T20:30:48Z,NOT_AVAILABLE,TRUE,FALSE,data/github_osdb_data/dbfeatfusion_records_202410_automerged_manulabeled_with_repoid.csv;data/github_osdb_data/repo_activity_statistics/repo_i_pr_rec_cnt.csv;outputs/reference_quotient_p0_frozen/analysis_seed_manifest_294.csv;outputs/reference_quotient_p0_frozen/rq1_project_reference_profiles.csv,MULTI_ARTIFACT_CONSISTENT_SOURCE_ORIGIN_UNKNOWN
cubrid,52080367,2016-02-19T10:25:32Z,2016-02-19T10:25:32Z,2016-02-19T10:25:32Z,NOT_AVAILABLE,TRUE,FALSE,data/github_osdb_data/dbfeatfusion_records_202410_automerged_manulabeled_with_repoid.csv;data/github_osdb_data/repo_activity_statistics/repo_i_pr_rec_cnt.csv;outputs/reference_quotient_p0_frozen/analysis_seed_manifest_294.csv;outputs/reference_quotient_p0_frozen/rq1_project_reference_profiles.csv,MULTI_ARTIFACT_CONSISTENT_SOURCE_ORIGIN_UNKNOWN
infinispan,1050944,2010-11-04T12:33:19Z,2010-11-04T12:33:19Z,2010-11-04T12:33:19Z,NOT_AVAILABLE,TRUE,FALSE,data/github_osdb_data/dbfeatfusion_records_202410_automerged_manulabeled_with_repoid.csv;data/github_osdb_data/repo_activity_statistics/repo_i_pr_rec_cnt.csv;outputs/reference_quotient_p0_frozen/analysis_seed_manifest_294.csv;outputs/reference_quotient_p0_frozen/rq1_project_reference_profiles.csv,MULTI_ARTIFACT_CONSISTENT_SOURCE_ORIGIN_UNKNOWN
nucliadb,478288303,2022-04-05T20:21:54Z,2022-04-05T20:21:54Z,2022-04-05T20:21:54Z,NOT_AVAILABLE,TRUE,FALSE,data/github_osdb_data/dbfeatfusion_records_202410_automerged_manulabeled_with_repoid.csv;data/github_osdb_data/repo_activity_statistics/repo_i_pr_rec_cnt.csv;outputs/reference_quotient_p0_frozen/analysis_seed_manifest_294.csv;outputs/reference_quotient_p0_frozen/rq1_project_reference_profiles.csv,MULTI_ARTIFACT_CONSISTENT_SOURCE_ORIGIN_UNKNOWN
vald,195619075,2019-07-07T06:42:22Z,2019-07-07T06:42:22Z,2019-07-07T06:42:22Z,NOT_AVAILABLE,TRUE,FALSE,data/github_osdb_data/dbfeatfusion_records_202410_automerged_manulabeled_with_repoid.csv;data/github_osdb_data/repo_activity_statistics/repo_i_pr_rec_cnt.csv;outputs/reference_quotient_p0_frozen/analysis_seed_manifest_294.csv;outputs/reference_quotient_p0_frozen/rq1_project_reference_profiles.csv,MULTI_ARTIFACT_CONSISTENT_SOURCE_ORIGIN_UNKNOWN
delta-lake,182849188,2019-04-22T18:56:51Z,2019-04-22T18:56:51Z,2019-04-22T18:56:51Z,NOT_AVAILABLE,TRUE,FALSE,data/github_osdb_data/dbfeatfusion_records_202410_automerged_manulabeled_with_repoid.csv;data/github_osdb_data/repo_activity_statistics/repo_i_pr_rec_cnt.csv;outputs/reference_quotient_p0_frozen/analysis_seed_manifest_294.csv;outputs/reference_quotient_p0_frozen/rq1_project_reference_profiles.csv,MULTI_ARTIFACT_CONSISTENT_SOURCE_ORIGIN_UNKNOWN
tiledb,86868560,2017-03-31T23:44:23Z,2017-03-31T23:44:23Z,2017-03-31T23:44:23Z,NOT_AVAILABLE,TRUE,FALSE,data/github_osdb_data/dbfeatfusion_records_202410_automerged_manulabeled_with_repoid.csv;data/github_osdb_data/repo_activity_statistics/repo_i_pr_rec_cnt.csv;outputs/reference_quotient_p0_frozen/analysis_seed_manifest_294.csv;outputs/reference_quotient_p0_frozen/rq1_project_reference_profiles.csv,MULTI_ARTIFACT_CONSISTENT_SOURCE_ORIGIN_UNKNOWN
glaredb,496817075,2022-05-27T00:52:47Z,2022-05-27T00:52:47Z,2022-05-27T00:52:47Z,NOT_AVAILABLE,TRUE,FALSE,data/github_osdb_data/dbfeatfusion_records_202410_automerged_manulabeled_with_repoid.csv;data/github_osdb_data/repo_activity_statistics/repo_i_pr_rec_cnt.csv;outputs/reference_quotient_p0_frozen/analysis_seed_manifest_294.csv;outputs/reference_quotient_p0_frozen/rq1_project_reference_profiles.csv,MULTI_ARTIFACT_CONSISTENT_SOURCE_ORIGIN_UNKNOWN
meilisearch,130688011,2018-04-23T11:45:28Z,2018-04-23T11:45:28Z,2018-04-23T11:45:28Z,NOT_AVAILABLE,TRUE,FALSE,data/github_osdb_data/dbfeatfusion_records_202410_automerged_manulabeled_with_repoid.csv;data/github_osdb_data/repo_activity_statistics/repo_i_pr_rec_cnt.csv;outputs/reference_quotient_p0_frozen/analysis_seed_manifest_294.csv;outputs/reference_quotient_p0_frozen/rq1_project_reference_profiles.csv,MULTI_ARTIFACT_CONSISTENT_SOURCE_ORIGIN_UNKNOWN
agedb,276293034,2020-07-01T06:15:47Z,2020-07-01T06:15:47Z,2020-07-01T06:15:47Z,NOT_AVAILABLE,TRUE,FALSE,data/github_osdb_data/dbfeatfusion_records_202410_automerged_manulabeled_with_repoid.csv;data/github_osdb_data/repo_activity_statistics/repo_i_pr_rec_cnt.csv;outputs/reference_quotient_p0_frozen/analysis_seed_manifest_294.csv;outputs/reference_quotient_p0_frozen/rq1_project_reference_profiles.csv,MULTI_ARTIFACT_CONSISTENT_SOURCE_ORIGIN_UNKNOWN
mariadb,19816070,2014-05-15T10:58:50Z,2014-05-15T10:58:50Z,2014-05-15T10:58:50Z,NOT_AVAILABLE,TRUE,FALSE,data/github_osdb_data/dbfeatfusion_records_202410_automerged_manulabeled_with_repoid.csv;data/github_osdb_data/repo_activity_statistics/repo_i_pr_rec_cnt.csv;outputs/reference_quotient_p0_frozen/analysis_seed_manifest_294.csv;outputs/reference_quotient_p0_frozen/rq1_project_reference_profiles.csv,MULTI_ARTIFACT_CONSISTENT_SOURCE_ORIGIN_UNKNOWN
ignite,31006158,2015-02-19T08:00:05Z,2015-02-19T08:00:05Z,2015-02-19T08:00:05Z,NOT_AVAILABLE,TRUE,FALSE,data/github_osdb_data/dbfeatfusion_records_202410_automerged_manulabeled_with_repoid.csv;data/github_osdb_data/repo_activity_statistics/repo_i_pr_rec_cnt.csv;outputs/reference_quotient_p0_frozen/analysis_seed_manifest_294.csv;outputs/reference_quotient_p0_frozen/rq1_project_reference_profiles.csv,MULTI_ARTIFACT_CONSISTENT_SOURCE_ORIGIN_UNKNOWN
dgraph,41349039,2015-08-25T07:15:56Z,2015-08-25T07:15:56Z,2015-08-25T07:15:56Z,NOT_AVAILABLE,TRUE,FALSE,data/github_osdb_data/dbfeatfusion_records_202410_automerged_manulabeled_with_repoid.csv;data/github_osdb_data/repo_activity_statistics/repo_i_pr_rec_cnt.csv;outputs/reference_quotient_p0_frozen/analysis_seed_manifest_294.csv;outputs/reference_quotient_p0_frozen/rq1_project_reference_profiles.csv,MULTI_ARTIFACT_CONSISTENT_SOURCE_ORIGIN_UNKNOWN
openmldb,346976717,2021-03-12T07:18:31Z,2021-03-12T07:18:31Z,2021-03-12T07:18:31Z,NOT_AVAILABLE,TRUE,FALSE,data/github_osdb_data/dbfeatfusion_records_202410_automerged_manulabeled_with_repoid.csv;data/github_osdb_data/repo_activity_statistics/repo_i_pr_rec_cnt.csv;outputs/reference_quotient_p0_frozen/analysis_seed_manifest_294.csv;outputs/reference_quotient_p0_frozen/rq1_project_reference_profiles.csv,MULTI_ARTIFACT_CONSISTENT_SOURCE_ORIGIN_UNKNOWN
couchdb,206417,2009-05-21T02:03:38Z,2009-05-21T02:03:38Z,2009-05-21T02:03:38Z,NOT_AVAILABLE,TRUE,FALSE,data/github_osdb_data/dbfeatfusion_records_202410_automerged_manulabeled_with_repoid.csv;data/github_osdb_data/repo_activity_statistics/repo_i_pr_rec_cnt.csv;outputs/reference_quotient_p0_frozen/analysis_seed_manifest_294.csv;outputs/reference_quotient_p0_frozen/rq1_project_reference_profiles.csv,MULTI_ARTIFACT_CONSISTENT_SOURCE_ORIGIN_UNKNOWN
deep-lake,201403923,2019-08-09T06:17:59Z,2019-08-09T06:17:59Z,2019-08-09T06:17:59Z,NOT_AVAILABLE,TRUE,FALSE,data/github_osdb_data/dbfeatfusion_records_202410_automerged_manulabeled_with_repoid.csv;data/github_osdb_data/repo_activity_statistics/repo_i_pr_rec_cnt.csv;outputs/reference_quotient_p0_frozen/analysis_seed_manifest_294.csv;outputs/reference_quotient_p0_frozen/rq1_project_reference_profiles.csv,MULTI_ARTIFACT_CONSISTENT_SOURCE_ORIGIN_UNKNOWN
spicedb,396856161,2021-08-16T15:32:09Z,2021-08-16T15:32:09Z,2021-08-16T15:32:09Z,NOT_AVAILABLE,TRUE,FALSE,data/github_osdb_data/dbfeatfusion_records_202410_automerged_manulabeled_with_repoid.csv;data/github_osdb_data/repo_activity_statistics/repo_i_pr_rec_cnt.csv;outputs/reference_quotient_p0_frozen/analysis_seed_manifest_294.csv;outputs/reference_quotient_p0_frozen/rq1_project_reference_profiles.csv,MULTI_ARTIFACT_CONSISTENT_SOURCE_ORIGIN_UNKNOWN
byconity,581145740,2022-12-22T11:50:32Z,2022-12-22T11:50:32Z,2022-12-22T11:50:32Z,NOT_AVAILABLE,TRUE,FALSE,data/github_osdb_data/dbfeatfusion_records_202410_automerged_manulabeled_with_repoid.csv;data/github_osdb_data/repo_activity_statistics/repo_i_pr_rec_cnt.csv;outputs/reference_quotient_p0_frozen/analysis_seed_manifest_294.csv;outputs/reference_quotient_p0_frozen/rq1_project_reference_profiles.csv,MULTI_ARTIFACT_CONSISTENT_SOURCE_ORIGIN_UNKNOWN
exist-db,11695619,2013-07-26T21:53:48Z,2013-07-26T21:53:48Z,2013-07-26T21:53:48Z,NOT_AVAILABLE,TRUE,FALSE,data/github_osdb_data/dbfeatfusion_records_202410_automerged_manulabeled_with_repoid.csv;data/github_osdb_data/repo_activity_statistics/repo_i_pr_rec_cnt.csv;outputs/reference_quotient_p0_frozen/analysis_seed_manifest_294.csv;outputs/reference_quotient_p0_frozen/rq1_project_reference_profiles.csv,MULTI_ARTIFACT_CONSISTENT_SOURCE_ORIGIN_UNKNOWN
cnosdb,420965027,2021-10-25T09:47:14Z,2021-10-25T09:47:14Z,2021-10-25T09:47:14Z,NOT_AVAILABLE,TRUE,FALSE,data/github_osdb_data/dbfeatfusion_records_202410_automerged_manulabeled_with_repoid.csv;data/github_osdb_data/repo_activity_statistics/repo_i_pr_rec_cnt.csv;outputs/reference_quotient_p0_frozen/analysis_seed_manifest_294.csv;outputs/reference_quotient_p0_frozen/rq1_project_reference_profiles.csv,MULTI_ARTIFACT_CONSISTENT_SOURCE_ORIGIN_UNKNOWN
tantivy,49412556,2016-01-11T08:32:16Z,2016-01-11T08:32:16Z,2016-01-11T08:32:16Z,NOT_AVAILABLE,TRUE,FALSE,data/github_osdb_data/dbfeatfusion_records_202410_automerged_manulabeled_with_repoid.csv;data/github_osdb_data/repo_activity_statistics/repo_i_pr_rec_cnt.csv;outputs/reference_quotient_p0_frozen/analysis_seed_manifest_294.csv;outputs/reference_quotient_p0_frozen/rq1_project_reference_profiles.csv,MULTI_ARTIFACT_CONSISTENT_SOURCE_ORIGIN_UNKNOWN
tigris,449924556,2022-01-20T02:16:49Z,2022-01-20T02:16:49Z,2022-01-20T02:16:49Z,NOT_AVAILABLE,TRUE,FALSE,data/github_osdb_data/dbfeatfusion_records_202410_automerged_manulabeled_with_repoid.csv;data/github_osdb_data/repo_activity_statistics/repo_i_pr_rec_cnt.csv;outputs/reference_quotient_p0_frozen/analysis_seed_manifest_294.csv;outputs/reference_quotient_p0_frozen/rq1_project_reference_profiles.csv,MULTI_ARTIFACT_CONSISTENT_SOURCE_ORIGIN_UNKNOWN
firebird,54005538,2016-03-16T06:10:37Z,2016-03-16T06:10:37Z,2016-03-16T06:10:37Z,NOT_AVAILABLE,TRUE,FALSE,data/github_osdb_data/dbfeatfusion_records_202410_automerged_manulabeled_with_repoid.csv;data/github_osdb_data/repo_activity_statistics/repo_i_pr_rec_cnt.csv;outputs/reference_quotient_p0_frozen/analysis_seed_manifest_294.csv;outputs/reference_quotient_p0_frozen/rq1_project_reference_profiles.csv,MULTI_ARTIFACT_CONSISTENT_SOURCE_ORIGIN_UNKNOWN
oceanbase,372536760,2021-05-31T14:36:17Z,2021-05-31T14:36:17Z,2021-05-31T14:36:17Z,NOT_AVAILABLE,TRUE,FALSE,data/github_osdb_data/dbfeatfusion_records_202410_automerged_manulabeled_with_repoid.csv;data/github_osdb_data/repo_activity_statistics/repo_i_pr_rec_cnt.csv;outputs/reference_quotient_p0_frozen/analysis_seed_manifest_294.csv;outputs/reference_quotient_p0_frozen/rq1_project_reference_profiles.csv,MULTI_ARTIFACT_CONSISTENT_SOURCE_ORIGIN_UNKNOWN
event-store,5844474,2012-09-17T17:22:49Z,2012-09-17T17:22:49Z,2012-09-17T17:22:49Z,NOT_AVAILABLE,TRUE,FALSE,data/github_osdb_data/dbfeatfusion_records_202410_automerged_manulabeled_with_repoid.csv;data/github_osdb_data/repo_activity_statistics/repo_i_pr_rec_cnt.csv;outputs/reference_quotient_p0_frozen/analysis_seed_manifest_294.csv;outputs/reference_quotient_p0_frozen/rq1_project_reference_profiles.csv,MULTI_ARTIFACT_CONSISTENT_SOURCE_ORIGIN_UNKNOWN
marqo,520096046,2022-08-01T12:12:51Z,2022-08-01T12:12:51Z,2022-08-01T12:12:51Z,NOT_AVAILABLE,TRUE,FALSE,data/github_osdb_data/dbfeatfusion_records_202410_automerged_manulabeled_with_repoid.csv;data/github_osdb_data/repo_activity_statistics/repo_i_pr_rec_cnt.csv;outputs/reference_quotient_p0_frozen/analysis_seed_manifest_294.csv;outputs/reference_quotient_p0_frozen/rq1_project_reference_profiles.csv,MULTI_ARTIFACT_CONSISTENT_SOURCE_ORIGIN_UNKNOWN
nebula-graph,146459443,2018-08-28T14:25:09Z,2018-08-28T14:25:09Z,2018-08-28T14:25:09Z,NOT_AVAILABLE,TRUE,FALSE,data/github_osdb_data/dbfeatfusion_records_202410_automerged_manulabeled_with_repoid.csv;data/github_osdb_data/repo_activity_statistics/repo_i_pr_rec_cnt.csv;outputs/reference_quotient_p0_frozen/analysis_seed_manifest_294.csv;outputs/reference_quotient_p0_frozen/rq1_project_reference_profiles.csv,MULTI_ARTIFACT_CONSISTENT_SOURCE_ORIGIN_UNKNOWN
tinkergraph,30449481,2015-02-07T08:00:05Z,2015-02-07T08:00:05Z,2015-02-07T08:00:05Z,NOT_AVAILABLE,TRUE,FALSE,data/github_osdb_data/dbfeatfusion_records_202410_automerged_manulabeled_with_repoid.csv;data/github_osdb_data/repo_activity_statistics/repo_i_pr_rec_cnt.csv;outputs/reference_quotient_p0_frozen/analysis_seed_manifest_294.csv;outputs/reference_quotient_p0_frozen/rq1_project_reference_profiles.csv,MULTI_ARTIFACT_CONSISTENT_SOURCE_ORIGIN_UNKNOWN
speedb,462329984,2022-02-22T14:18:31Z,2022-02-22T14:18:31Z,2022-02-22T14:18:31Z,NOT_AVAILABLE,TRUE,FALSE,data/github_osdb_data/dbfeatfusion_records_202410_automerged_manulabeled_with_repoid.csv;data/github_osdb_data/repo_activity_statistics/repo_i_pr_rec_cnt.csv;outputs/reference_quotient_p0_frozen/analysis_seed_manifest_294.csv;outputs/reference_quotient_p0_frozen/rq1_project_reference_profiles.csv,MULTI_ARTIFACT_CONSISTENT_SOURCE_ORIGIN_UNKNOWN
rxdb,75425073,2016-12-02T19:34:42Z,2016-12-02T19:34:42Z,2016-12-02T19:34:42Z,NOT_AVAILABLE,TRUE,FALSE,data/github_osdb_data/dbfeatfusion_records_202410_automerged_manulabeled_with_repoid.csv;data/github_osdb_data/repo_activity_statistics/repo_i_pr_rec_cnt.csv;outputs/reference_quotient_p0_frozen/analysis_seed_manifest_294.csv;outputs/reference_quotient_p0_frozen/rq1_project_reference_profiles.csv,MULTI_ARTIFACT_CONSISTENT_SOURCE_ORIGIN_UNKNOWN
hugegraph,141376301,2018-07-18T03:30:20Z,2018-07-18T03:30:20Z,2018-07-18T03:30:20Z,NOT_AVAILABLE,TRUE,FALSE,data/github_osdb_data/dbfeatfusion_records_202410_automerged_manulabeled_with_repoid.csv;data/github_osdb_data/repo_activity_statistics/repo_i_pr_rec_cnt.csv;outputs/reference_quotient_p0_frozen/analysis_seed_manifest_294.csv;outputs/reference_quotient_p0_frozen/rq1_project_reference_profiles.csv,MULTI_ARTIFACT_CONSISTENT_SOURCE_ORIGIN_UNKNOWN
comdb2,91593042,2017-05-17T15:39:23Z,2017-05-17T15:39:23Z,2017-05-17T15:39:23Z,NOT_AVAILABLE,TRUE,FALSE,data/github_osdb_data/dbfeatfusion_records_202410_automerged_manulabeled_with_repoid.csv;data/github_osdb_data/repo_activity_statistics/repo_i_pr_rec_cnt.csv;outputs/reference_quotient_p0_frozen/analysis_seed_manifest_294.csv;outputs/reference_quotient_p0_frozen/rq1_project_reference_profiles.csv,MULTI_ARTIFACT_CONSISTENT_SOURCE_ORIGIN_UNKNOWN
bbolt,94593596,2017-06-17T01:42:09Z,2017-06-17T01:42:09Z,2017-06-17T01:42:09Z,NOT_AVAILABLE,TRUE,FALSE,data/github_osdb_data/dbfeatfusion_records_202410_automerged_manulabeled_with_repoid.csv;data/github_osdb_data/repo_activity_statistics/repo_i_pr_rec_cnt.csv;outputs/reference_quotient_p0_frozen/analysis_seed_manifest_294.csv;outputs/reference_quotient_p0_frozen/rq1_project_reference_profiles.csv,MULTI_ARTIFACT_CONSISTENT_SOURCE_ORIGIN_UNKNOWN
manticore-search,95614931,2017-06-28T01:15:30Z,2017-06-28T01:15:30Z,2017-06-28T01:15:30Z,NOT_AVAILABLE,TRUE,FALSE,data/github_osdb_data/dbfeatfusion_records_202410_automerged_manulabeled_with_repoid.csv;data/github_osdb_data/repo_activity_statistics/repo_i_pr_rec_cnt.csv;outputs/reference_quotient_p0_frozen/analysis_seed_manifest_294.csv;outputs/reference_quotient_p0_frozen/rq1_project_reference_profiles.csv,MULTI_ARTIFACT_CONSISTENT_SOURCE_ORIGIN_UNKNOWN
lancedb,607441698,2023-02-28T01:15:17Z,2023-02-28T01:15:17Z,2023-02-28T01:15:17Z,NOT_AVAILABLE,TRUE,FALSE,data/github_osdb_data/dbfeatfusion_records_202410_automerged_manulabeled_with_repoid.csv;data/github_osdb_data/repo_activity_statistics/repo_i_pr_rec_cnt.csv;outputs/reference_quotient_p0_frozen/analysis_seed_manifest_294.csv;outputs/reference_quotient_p0_frozen/rq1_project_reference_profiles.csv,MULTI_ARTIFACT_CONSISTENT_SOURCE_ORIGIN_UNKNOWN
janusgraph,77385607,2016-12-26T13:26:29Z,2016-12-26T13:26:29Z,2016-12-26T13:26:29Z,NOT_AVAILABLE,TRUE,FALSE,data/github_osdb_data/dbfeatfusion_records_202410_automerged_manulabeled_with_repoid.csv;data/github_osdb_data/repo_activity_statistics/repo_i_pr_rec_cnt.csv;outputs/reference_quotient_p0_frozen/analysis_seed_manifest_294.csv;outputs/reference_quotient_p0_frozen/rq1_project_reference_profiles.csv,MULTI_ARTIFACT_CONSISTENT_SOURCE_ORIGIN_UNKNOWN
phoenix,20473418,2014-06-04T07:00:08Z,2014-06-04T07:00:08Z,2014-06-04T07:00:08Z,NOT_AVAILABLE,TRUE,FALSE,data/github_osdb_data/dbfeatfusion_records_202410_automerged_manulabeled_with_repoid.csv;data/github_osdb_data/repo_activity_statistics/repo_i_pr_rec_cnt.csv;outputs/reference_quotient_p0_frozen/analysis_seed_manifest_294.csv;outputs/reference_quotient_p0_frozen/rq1_project_reference_profiles.csv,MULTI_ARTIFACT_CONSISTENT_SOURCE_ORIGIN_UNKNOWN
immudb,220186120,2019-11-07T08:22:16Z,2019-11-07T08:22:16Z,2019-11-07T08:22:16Z,NOT_AVAILABLE,TRUE,FALSE,data/github_osdb_data/dbfeatfusion_records_202410_automerged_manulabeled_with_repoid.csv;data/github_osdb_data/repo_activity_statistics/repo_i_pr_rec_cnt.csv;outputs/reference_quotient_p0_frozen/analysis_seed_manifest_294.csv;outputs/reference_quotient_p0_frozen/rq1_project_reference_profiles.csv,MULTI_ARTIFACT_CONSISTENT_SOURCE_ORIGIN_UNKNOWN
pocketbase,510607652,2022-07-05T06:06:21Z,2022-07-05T06:06:21Z,2022-07-05T06:06:21Z,NOT_AVAILABLE,TRUE,FALSE,data/github_osdb_data/dbfeatfusion_records_202410_automerged_manulabeled_with_repoid.csv;data/github_osdb_data/repo_activity_statistics/repo_i_pr_rec_cnt.csv;outputs/reference_quotient_p0_frozen/analysis_seed_manifest_294.csv;outputs/reference_quotient_p0_frozen/rq1_project_reference_profiles.csv,MULTI_ARTIFACT_CONSISTENT_SOURCE_ORIGIN_UNKNOWN
eva-db,148087762,2018-09-10T02:26:03Z,2018-09-10T02:26:03Z,2018-09-10T02:26:03Z,NOT_AVAILABLE,TRUE,FALSE,data/github_osdb_data/dbfeatfusion_records_202410_automerged_manulabeled_with_repoid.csv;data/github_osdb_data/repo_activity_statistics/repo_i_pr_rec_cnt.csv;outputs/reference_quotient_p0_frozen/analysis_seed_manifest_294.csv;outputs/reference_quotient_p0_frozen/rq1_project_reference_profiles.csv,MULTI_ARTIFACT_CONSISTENT_SOURCE_ORIGIN_UNKNOWN
arcadedb,396867188,2021-08-16T16:01:29Z,2021-08-16T16:01:29Z,2021-08-16T16:01:29Z,NOT_AVAILABLE,TRUE,FALSE,data/github_osdb_data/dbfeatfusion_records_202410_automerged_manulabeled_with_repoid.csv;data/github_osdb_data/repo_activity_statistics/repo_i_pr_rec_cnt.csv;outputs/reference_quotient_p0_frozen/analysis_seed_manifest_294.csv;outputs/reference_quotient_p0_frozen/rq1_project_reference_profiles.csv,MULTI_ARTIFACT_CONSISTENT_SOURCE_ORIGIN_UNKNOWN
ydb,456549280,2022-02-07T14:52:36Z,2022-02-07T14:52:36Z,2022-02-07T14:52:36Z,NOT_AVAILABLE,TRUE,FALSE,data/github_osdb_data/dbfeatfusion_records_202410_automerged_manulabeled_with_repoid.csv;data/github_osdb_data/repo_activity_statistics/repo_i_pr_rec_cnt.csv;outputs/reference_quotient_p0_frozen/analysis_seed_manifest_294.csv;outputs/reference_quotient_p0_frozen/rq1_project_reference_profiles.csv,MULTI_ARTIFACT_CONSISTENT_SOURCE_ORIGIN_UNKNOWN
apache-sedona,34533675,2015-04-24T18:01:29Z,2015-04-24T18:01:29Z,2015-04-24T18:01:29Z,NOT_AVAILABLE,TRUE,FALSE,data/github_osdb_data/dbfeatfusion_records_202410_automerged_manulabeled_with_repoid.csv;data/github_osdb_data/repo_activity_statistics/repo_i_pr_rec_cnt.csv;outputs/reference_quotient_p0_frozen/analysis_seed_manifest_294.csv;outputs/reference_quotient_p0_frozen/rq1_project_reference_profiles.csv,MULTI_ARTIFACT_CONSISTENT_SOURCE_ORIGIN_UNKNOWN
typesense,79317191,2017-01-18T08:01:47Z,2017-01-18T08:01:47Z,2017-01-18T08:01:47Z,NOT_AVAILABLE,TRUE,FALSE,data/github_osdb_data/dbfeatfusion_records_202410_automerged_manulabeled_with_repoid.csv;data/github_osdb_data/repo_activity_statistics/repo_i_pr_rec_cnt.csv;outputs/reference_quotient_p0_frozen/analysis_seed_manifest_294.csv;outputs/reference_quotient_p0_frozen/rq1_project_reference_profiles.csv,MULTI_ARTIFACT_CONSISTENT_SOURCE_ORIGIN_UNKNOWN
xtdb,125824259,2018-03-19T08:19:27Z,2018-03-19T08:19:27Z,2018-03-19T08:19:27Z,NOT_AVAILABLE,TRUE,FALSE,data/github_osdb_data/dbfeatfusion_records_202410_automerged_manulabeled_with_repoid.csv;data/github_osdb_data/repo_activity_statistics/repo_i_pr_rec_cnt.csv;outputs/reference_quotient_p0_frozen/analysis_seed_manifest_294.csv;outputs/reference_quotient_p0_frozen/rq1_project_reference_profiles.csv,MULTI_ARTIFACT_CONSISTENT_SOURCE_ORIGIN_UNKNOWN
hyrise,87414843,2017-04-06T10:03:31Z,2017-04-06T10:03:31Z,2017-04-06T10:03:31Z,NOT_AVAILABLE,TRUE,FALSE,data/github_osdb_data/dbfeatfusion_records_202410_automerged_manulabeled_with_repoid.csv;data/github_osdb_data/repo_activity_statistics/repo_i_pr_rec_cnt.csv;outputs/reference_quotient_p0_frozen/analysis_seed_manifest_294.csv;outputs/reference_quotient_p0_frozen/rq1_project_reference_profiles.csv,MULTI_ARTIFACT_CONSISTENT_SOURCE_ORIGIN_UNKNOWN
proton,678214856,2023-08-14T03:11:43Z,2023-08-14T03:11:43Z,2023-08-14T03:11:43Z,NOT_AVAILABLE,TRUE,FALSE,data/github_osdb_data/dbfeatfusion_records_202410_automerged_manulabeled_with_repoid.csv;data/github_osdb_data/repo_activity_statistics/repo_i_pr_rec_cnt.csv;outputs/reference_quotient_p0_frozen/analysis_seed_manifest_294.csv;outputs/reference_quotient_p0_frozen/rq1_project_reference_profiles.csv,MULTI_ARTIFACT_CONSISTENT_SOURCE_ORIGIN_UNKNOWN
cloudberry-database,644742603,2023-05-24T06:58:16Z,2023-05-24T06:58:16Z,2023-05-24T06:58:16Z,NOT_AVAILABLE,TRUE,FALSE,data/github_osdb_data/dbfeatfusion_records_202410_automerged_manulabeled_with_repoid.csv;data/github_osdb_data/repo_activity_statistics/repo_i_pr_rec_cnt.csv;outputs/reference_quotient_p0_frozen/analysis_seed_manifest_294.csv;outputs/reference_quotient_p0_frozen/rq1_project_reference_profiles.csv,MULTI_ARTIFACT_CONSISTENT_SOURCE_ORIGIN_UNKNOWN
gaffer,47973088,2015-12-14T12:12:39Z,2015-12-14T12:12:39Z,2015-12-14T12:12:39Z,NOT_AVAILABLE,TRUE,FALSE,data/github_osdb_data/dbfeatfusion_records_202410_automerged_manulabeled_with_repoid.csv;data/github_osdb_data/repo_activity_statistics/repo_i_pr_rec_cnt.csv;outputs/reference_quotient_p0_frozen/analysis_seed_manifest_294.csv;outputs/reference_quotient_p0_frozen/rq1_project_reference_profiles.csv,MULTI_ARTIFACT_CONSISTENT_SOURCE_ORIGIN_UNKNOWN
fluree,305513242,2020-10-19T21:06:38Z,2020-10-19T21:06:38Z,2020-10-19T21:06:38Z,NOT_AVAILABLE,TRUE,FALSE,data/github_osdb_data/dbfeatfusion_records_202410_automerged_manulabeled_with_repoid.csv;data/github_osdb_data/repo_activity_statistics/repo_i_pr_rec_cnt.csv;outputs/reference_quotient_p0_frozen/analysis_seed_manifest_294.csv;outputs/reference_quotient_p0_frozen/rq1_project_reference_profiles.csv,MULTI_ARTIFACT_CONSISTENT_SOURCE_ORIGIN_UNKNOWN
couchbase,66783145,2016-08-28T18:07:47Z,2016-08-28T18:07:47Z,2016-08-28T18:07:47Z,NOT_AVAILABLE,TRUE,FALSE,data/github_osdb_data/dbfeatfusion_records_202410_automerged_manulabeled_with_repoid.csv;data/github_osdb_data/repo_activity_statistics/repo_i_pr_rec_cnt.csv;outputs/reference_quotient_p0_frozen/analysis_seed_manifest_294.csv;outputs/reference_quotient_p0_frozen/rq1_project_reference_profiles.csv,MULTI_ARTIFACT_CONSISTENT_SOURCE_ORIGIN_UNKNOWN
redisgraph,84458512,2017-03-09T15:37:25Z,2017-03-09T15:37:25Z,2017-03-09T15:37:25Z,NOT_AVAILABLE,TRUE,FALSE,data/github_osdb_data/dbfeatfusion_records_202410_automerged_manulabeled_with_repoid.csv;data/github_osdb_data/repo_activity_statistics/repo_i_pr_rec_cnt.csv;outputs/reference_quotient_p0_frozen/analysis_seed_manifest_294.csv;outputs/reference_quotient_p0_frozen/rq1_project_reference_profiles.csv,MULTI_ARTIFACT_CONSISTENT_SOURCE_ORIGIN_UNKNOWN
opteryx,442441933,2021-12-28T11:27:22Z,2021-12-28T11:27:22Z,2021-12-28T11:27:22Z,NOT_AVAILABLE,TRUE,FALSE,data/github_osdb_data/dbfeatfusion_records_202410_automerged_manulabeled_with_repoid.csv;data/github_osdb_data/repo_activity_statistics/repo_i_pr_rec_cnt.csv;outputs/reference_quotient_p0_frozen/analysis_seed_manifest_294.csv;outputs/reference_quotient_p0_frozen/rq1_project_reference_profiles.csv,MULTI_ARTIFACT_CONSISTENT_SOURCE_ORIGIN_UNKNOWN
jena,7437073,2013-01-04T08:00:32Z,2013-01-04T08:00:32Z,2013-01-04T08:00:32Z,NOT_AVAILABLE,TRUE,FALSE,data/github_osdb_data/dbfeatfusion_records_202410_automerged_manulabeled_with_repoid.csv;data/github_osdb_data/repo_activity_statistics/repo_i_pr_rec_cnt.csv;outputs/reference_quotient_p0_frozen/analysis_seed_manifest_294.csv;outputs/reference_quotient_p0_frozen/rq1_project_reference_profiles.csv,MULTI_ARTIFACT_CONSISTENT_SOURCE_ORIGIN_UNKNOWN
influxdb,13124802,2013-09-26T14:31:10Z,2013-09-26T14:31:10Z,2013-09-26T14:31:10Z,NOT_AVAILABLE,TRUE,FALSE,data/github_osdb_data/dbfeatfusion_records_202410_automerged_manulabeled_with_repoid.csv;data/github_osdb_data/repo_activity_statistics/repo_i_pr_rec_cnt.csv;outputs/reference_quotient_p0_frozen/analysis_seed_manifest_294.csv;outputs/reference_quotient_p0_frozen/rq1_project_reference_profiles.csv,MULTI_ARTIFACT_CONSISTENT_SOURCE_ORIGIN_UNKNOWN
opengemini,507829396,2022-06-27T08:41:54Z,2022-06-27T08:41:54Z,2022-06-27T08:41:54Z,NOT_AVAILABLE,TRUE,FALSE,data/github_osdb_data/dbfeatfusion_records_202410_automerged_manulabeled_with_repoid.csv;data/github_osdb_data/repo_activity_statistics/repo_i_pr_rec_cnt.csv;outputs/reference_quotient_p0_frozen/analysis_seed_manifest_294.csv;outputs/reference_quotient_p0_frozen/rq1_project_reference_profiles.csv,MULTI_ARTIFACT_CONSISTENT_SOURCE_ORIGIN_UNKNOWN
neo4j,6650539,2012-11-12T08:46:15Z,2012-11-12T08:46:15Z,2012-11-12T08:46:15Z,NOT_AVAILABLE,TRUE,FALSE,data/github_osdb_data/dbfeatfusion_records_202410_automerged_manulabeled_with_repoid.csv;data/github_osdb_data/repo_activity_statistics/repo_i_pr_rec_cnt.csv;outputs/reference_quotient_p0_frozen/analysis_seed_manifest_294.csv;outputs/reference_quotient_p0_frozen/rq1_project_reference_profiles.csv,MULTI_ARTIFACT_CONSISTENT_SOURCE_ORIGIN_UNKNOWN
frostdb,473235285,2022-03-23T14:55:52Z,2022-03-23T14:55:52Z,2022-03-23T14:55:52Z,NOT_AVAILABLE,TRUE,FALSE,data/github_osdb_data/dbfeatfusion_records_202410_automerged_manulabeled_with_repoid.csv;data/github_osdb_data/repo_activity_statistics/repo_i_pr_rec_cnt.csv;outputs/reference_quotient_p0_frozen/analysis_seed_manifest_294.csv;outputs/reference_quotient_p0_frozen/rq1_project_reference_profiles.csv,MULTI_ARTIFACT_CONSISTENT_SOURCE_ORIGIN_UNKNOWN
tugraph,528766495,2022-08-25T08:46:43Z,2022-08-25T08:46:43Z,2022-08-25T08:46:43Z,NOT_AVAILABLE,TRUE,FALSE,data/github_osdb_data/dbfeatfusion_records_202410_automerged_manulabeled_with_repoid.csv;data/github_osdb_data/repo_activity_statistics/repo_i_pr_rec_cnt.csv;outputs/reference_quotient_p0_frozen/analysis_seed_manifest_294.csv;outputs/reference_quotient_p0_frozen/rq1_project_reference_profiles.csv,MULTI_ARTIFACT_CONSISTENT_SOURCE_ORIGIN_UNKNOWN
paradedb,660776503,2023-06-30T20:21:47Z,2023-06-30T20:21:47Z,2023-06-30T20:21:47Z,NOT_AVAILABLE,TRUE,FALSE,data/github_osdb_data/dbfeatfusion_records_202410_automerged_manulabeled_with_repoid.csv;data/github_osdb_data/repo_activity_statistics/repo_i_pr_rec_cnt.csv;outputs/reference_quotient_p0_frozen/analysis_seed_manifest_294.csv;outputs/reference_quotient_p0_frozen/rq1_project_reference_profiles.csv,MULTI_ARTIFACT_CONSISTENT_SOURCE_ORIGIN_UNKNOWN
gridgain,170496871,2019-02-13T11:31:35Z,2019-02-13T11:31:35Z,2019-02-13T11:31:35Z,NOT_AVAILABLE,TRUE,FALSE,data/github_osdb_data/dbfeatfusion_records_202410_automerged_manulabeled_with_repoid.csv;data/github_osdb_data/repo_activity_statistics/repo_i_pr_rec_cnt.csv;outputs/reference_quotient_p0_frozen/analysis_seed_manifest_294.csv;outputs/reference_quotient_p0_frozen/rq1_project_reference_profiles.csv,MULTI_ARTIFACT_CONSISTENT_SOURCE_ORIGIN_UNKNOWN
rdf4j,49670957,2016-01-14T19:47:32Z,2016-01-14T19:47:32Z,2016-01-14T19:47:32Z,NOT_AVAILABLE,TRUE,FALSE,data/github_osdb_data/dbfeatfusion_records_202410_automerged_manulabeled_with_repoid.csv;data/github_osdb_data/repo_activity_statistics/repo_i_pr_rec_cnt.csv;outputs/reference_quotient_p0_frozen/analysis_seed_manifest_294.csv;outputs/reference_quotient_p0_frozen/rq1_project_reference_profiles.csv,MULTI_ARTIFACT_CONSISTENT_SOURCE_ORIGIN_UNKNOWN
ytsaurus,574588439,2022-12-05T16:32:05Z,2022-12-05T16:32:05Z,2022-12-05T16:32:05Z,NOT_AVAILABLE,TRUE,FALSE,data/github_osdb_data/dbfeatfusion_records_202410_automerged_manulabeled_with_repoid.csv;data/github_osdb_data/repo_activity_statistics/repo_i_pr_rec_cnt.csv;outputs/reference_quotient_p0_frozen/analysis_seed_manifest_294.csv;outputs/reference_quotient_p0_frozen/rq1_project_reference_profiles.csv,MULTI_ARTIFACT_CONSISTENT_SOURCE_ORIGIN_UNKNOWN
hstreamdb,291675222,2020-08-31T09:42:17Z,2020-08-31T09:42:17Z,2020-08-31T09:42:17Z,NOT_AVAILABLE,TRUE,FALSE,data/github_osdb_data/dbfeatfusion_records_202410_automerged_manulabeled_with_repoid.csv;data/github_osdb_data/repo_activity_statistics/repo_i_pr_rec_cnt.csv;outputs/reference_quotient_p0_frozen/analysis_seed_manifest_294.csv;outputs/reference_quotient_p0_frozen/rq1_project_reference_profiles.csv,MULTI_ARTIFACT_CONSISTENT_SOURCE_ORIGIN_UNKNOWN
splinterdb,385356389,2021-07-12T19:10:28Z,2021-07-12T19:10:28Z,2021-07-12T19:10:28Z,NOT_AVAILABLE,TRUE,FALSE,data/github_osdb_data/dbfeatfusion_records_202410_automerged_manulabeled_with_repoid.csv;data/github_osdb_data/repo_activity_statistics/repo_i_pr_rec_cnt.csv;outputs/reference_quotient_p0_frozen/analysis_seed_manifest_294.csv;outputs/reference_quotient_p0_frozen/rq1_project_reference_profiles.csv,MULTI_ARTIFACT_CONSISTENT_SOURCE_ORIGIN_UNKNOWN
zookeeper,160999,2009-03-27T15:41:56Z,2009-03-27T15:41:56Z,2009-03-27T15:41:56Z,NOT_AVAILABLE,TRUE,FALSE,data/github_osdb_data/dbfeatfusion_records_202410_automerged_manulabeled_with_repoid.csv;data/github_osdb_data/repo_activity_statistics/repo_i_pr_rec_cnt.csv;outputs/reference_quotient_p0_frozen/analysis_seed_manifest_294.csv;outputs/reference_quotient_p0_frozen/rq1_project_reference_profiles.csv,MULTI_ARTIFACT_CONSISTENT_SOURCE_ORIGIN_UNKNOWN
h2,33745913,2015-04-10T19:09:09Z,2015-04-10T19:09:09Z,2015-04-10T19:09:09Z,NOT_AVAILABLE,TRUE,FALSE,data/github_osdb_data/dbfeatfusion_records_202410_automerged_manulabeled_with_repoid.csv;data/github_osdb_data/repo_activity_statistics/repo_i_pr_rec_cnt.csv;outputs/reference_quotient_p0_frozen/analysis_seed_manifest_294.csv;outputs/reference_quotient_p0_frozen/rq1_project_reference_profiles.csv,MULTI_ARTIFACT_CONSISTENT_SOURCE_ORIGIN_UNKNOWN
xap,65259211,,,,NOT_AVAILABLE,TRUE,TRUE,data/github_osdb_data/dbfeatfusion_records_202410_automerged_manulabeled_with_repoid.csv;data/github_osdb_data/repo_activity_statistics/repo_i_pr_rec_cnt.csv;outputs/reference_quotient_p0_frozen/analysis_seed_manifest_294.csv;outputs/reference_quotient_p0_frozen/rq1_project_reference_profiles.csv,MISSING_AND_ANALYTICALLY_RELEVANT
percona-server,30753733,2015-02-13T11:32:01Z,2015-02-13T11:32:01Z,2015-02-13T11:32:01Z,NOT_AVAILABLE,TRUE,FALSE,data/github_osdb_data/dbfeatfusion_records_202410_automerged_manulabeled_with_repoid.csv;data/github_osdb_data/repo_activity_statistics/repo_i_pr_rec_cnt.csv;outputs/reference_quotient_p0_frozen/analysis_seed_manifest_294.csv;outputs/reference_quotient_p0_frozen/rq1_project_reference_profiles.csv,MULTI_ARTIFACT_CONSISTENT_SOURCE_ORIGIN_UNKNOWN
signaldb,661663226,2023-07-03T11:21:29Z,2023-07-03T11:21:29Z,2023-07-03T11:21:29Z,NOT_AVAILABLE,TRUE,FALSE,data/github_osdb_data/dbfeatfusion_records_202410_automerged_manulabeled_with_repoid.csv;data/github_osdb_data/repo_activity_statistics/repo_i_pr_rec_cnt.csv;outputs/reference_quotient_p0_frozen/analysis_seed_manifest_294.csv;outputs/reference_quotient_p0_frozen/rq1_project_reference_profiles.csv,MULTI_ARTIFACT_CONSISTENT_SOURCE_ORIGIN_UNKNOWN
bedrock,67904342,2016-09-11T01:55:45Z,2016-09-11T01:55:45Z,2016-09-11T01:55:45Z,NOT_AVAILABLE,TRUE,FALSE,data/github_osdb_data/dbfeatfusion_records_202410_automerged_manulabeled_with_repoid.csv;data/github_osdb_data/repo_activity_statistics/repo_i_pr_rec_cnt.csv;outputs/reference_quotient_p0_frozen/analysis_seed_manifest_294.csv;outputs/reference_quotient_p0_frozen/rq1_project_reference_profiles.csv,MULTI_ARTIFACT_CONSISTENT_SOURCE_ORIGIN_UNKNOWN
memcached,184981,2009-04-24T23:34:25Z,2009-04-24T23:34:25Z,2009-04-24T23:34:25Z,NOT_AVAILABLE,TRUE,FALSE,data/github_osdb_data/dbfeatfusion_records_202410_automerged_manulabeled_with_repoid.csv;data/github_osdb_data/repo_activity_statistics/repo_i_pr_rec_cnt.csv;outputs/reference_quotient_p0_frozen/analysis_seed_manifest_294.csv;outputs/reference_quotient_p0_frozen/rq1_project_reference_profiles.csv,MULTI_ARTIFACT_CONSISTENT_SOURCE_ORIGIN_UNKNOWN
rondb,323389945,2020-12-21T16:25:57Z,2020-12-21T16:25:57Z,2020-12-21T16:25:57Z,NOT_AVAILABLE,TRUE,FALSE,data/github_osdb_data/dbfeatfusion_records_202410_automerged_manulabeled_with_repoid.csv;data/github_osdb_data/repo_activity_statistics/repo_i_pr_rec_cnt.csv;outputs/reference_quotient_p0_frozen/analysis_seed_manifest_294.csv;outputs/reference_quotient_p0_frozen/rq1_project_reference_profiles.csv,MULTI_ARTIFACT_CONSISTENT_SOURCE_ORIGIN_UNKNOWN
terminusdb,198466472,2019-07-23T16:15:27Z,2019-07-23T16:15:27Z,2019-07-23T16:15:27Z,NOT_AVAILABLE,TRUE,FALSE,data/github_osdb_data/dbfeatfusion_records_202410_automerged_manulabeled_with_repoid.csv;data/github_osdb_data/repo_activity_statistics/repo_i_pr_rec_cnt.csv;outputs/reference_quotient_p0_frozen/analysis_seed_manifest_294.csv;outputs/reference_quotient_p0_frozen/rq1_project_reference_profiles.csv,MULTI_ARTIFACT_CONSISTENT_SOURCE_ORIGIN_UNKNOWN
rqlite,23247808,2014-08-23T04:31:18Z,2014-08-23T04:31:18Z,2014-08-23T04:31:18Z,NOT_AVAILABLE,TRUE,FALSE,data/github_osdb_data/dbfeatfusion_records_202410_automerged_manulabeled_with_repoid.csv;data/github_osdb_data/repo_activity_statistics/repo_i_pr_rec_cnt.csv;outputs/reference_quotient_p0_frozen/analysis_seed_manifest_294.csv;outputs/reference_quotient_p0_frozen/rq1_project_reference_profiles.csv,MULTI_ARTIFACT_CONSISTENT_SOURCE_ORIGIN_UNKNOWN
badgerdb,80087836,2017-01-26T05:09:49Z,2017-01-26T05:09:49Z,2017-01-26T05:09:49Z,NOT_AVAILABLE,TRUE,FALSE,data/github_osdb_data/dbfeatfusion_records_202410_automerged_manulabeled_with_repoid.csv;data/github_osdb_data/repo_activity_statistics/repo_i_pr_rec_cnt.csv;outputs/reference_quotient_p0_frozen/analysis_seed_manifest_294.csv;outputs/reference_quotient_p0_frozen/rq1_project_reference_profiles.csv,MULTI_ARTIFACT_CONSISTENT_SOURCE_ORIGIN_UNKNOWN
warp-10,50594316,2016-01-28T15:56:55Z,2016-01-28T15:56:55Z,2016-01-28T15:56:55Z,NOT_AVAILABLE,TRUE,FALSE,data/github_osdb_data/dbfeatfusion_records_202410_automerged_manulabeled_with_repoid.csv;data/github_osdb_data/repo_activity_statistics/repo_i_pr_rec_cnt.csv;outputs/reference_quotient_p0_frozen/analysis_seed_manifest_294.csv;outputs/reference_quotient_p0_frozen/rq1_project_reference_profiles.csv,MULTI_ARTIFACT_CONSISTENT_SOURCE_ORIGIN_UNKNOWN
redb,150013328,2018-09-23T18:30:14Z,2018-09-23T18:30:14Z,2018-09-23T18:30:14Z,NOT_AVAILABLE,TRUE,FALSE,data/github_osdb_data/dbfeatfusion_records_202410_automerged_manulabeled_with_repoid.csv;data/github_osdb_data/repo_activity_statistics/repo_i_pr_rec_cnt.csv;outputs/reference_quotient_p0_frozen/analysis_seed_manifest_294.csv;outputs/reference_quotient_p0_frozen/rq1_project_reference_profiles.csv,MULTI_ARTIFACT_CONSISTENT_SOURCE_ORIGIN_UNKNOWN
pouchdb,714074,2010-06-10T18:34:24Z,2010-06-10T18:34:24Z,2010-06-10T18:34:24Z,NOT_AVAILABLE,TRUE,FALSE,data/github_osdb_data/dbfeatfusion_records_202410_automerged_manulabeled_with_repoid.csv;data/github_osdb_data/repo_activity_statistics/repo_i_pr_rec_cnt.csv;outputs/reference_quotient_p0_frozen/analysis_seed_manifest_294.csv;outputs/reference_quotient_p0_frozen/rq1_project_reference_profiles.csv,MULTI_ARTIFACT_CONSISTENT_SOURCE_ORIGIN_UNKNOWN
irmin,9595928,2013-04-22T09:52:58Z,2013-04-22T09:52:58Z,2013-04-22T09:52:58Z,NOT_AVAILABLE,TRUE,FALSE,data/github_osdb_data/dbfeatfusion_records_202410_automerged_manulabeled_with_repoid.csv;data/github_osdb_data/repo_activity_statistics/repo_i_pr_rec_cnt.csv;outputs/reference_quotient_p0_frozen/analysis_seed_manifest_294.csv;outputs/reference_quotient_p0_frozen/rq1_project_reference_profiles.csv,MULTI_ARTIFACT_CONSISTENT_SOURCE_ORIGIN_UNKNOWN
libsql,543276238,2022-09-29T18:56:16Z,2022-09-29T18:56:16Z,2022-09-29T18:56:16Z,NOT_AVAILABLE,TRUE,FALSE,data/github_osdb_data/dbfeatfusion_records_202410_automerged_manulabeled_with_repoid.csv;data/github_osdb_data/repo_activity_statistics/repo_i_pr_rec_cnt.csv;outputs/reference_quotient_p0_frozen/analysis_seed_manifest_294.csv;outputs/reference_quotient_p0_frozen/rq1_project_reference_profiles.csv,MULTI_ARTIFACT_CONSISTENT_SOURCE_ORIGIN_UNKNOWN
seafowl,510375115,2022-07-04T13:41:52Z,2022-07-04T13:41:52Z,2022-07-04T13:41:52Z,NOT_AVAILABLE,TRUE,FALSE,data/github_osdb_data/dbfeatfusion_records_202410_automerged_manulabeled_with_repoid.csv;data/github_osdb_data/repo_activity_statistics/repo_i_pr_rec_cnt.csv;outputs/reference_quotient_p0_frozen/analysis_seed_manifest_294.csv;outputs/reference_quotient_p0_frozen/rq1_project_reference_profiles.csv,MULTI_ARTIFACT_CONSISTENT_SOURCE_ORIGIN_UNKNOWN
keydb,168712350,2019-02-01T14:50:00Z,2019-02-01T14:50:00Z,2019-02-01T14:50:00Z,NOT_AVAILABLE,TRUE,FALSE,data/github_osdb_data/dbfeatfusion_records_202410_automerged_manulabeled_with_repoid.csv;data/github_osdb_data/repo_activity_statistics/repo_i_pr_rec_cnt.csv;outputs/reference_quotient_p0_frozen/analysis_seed_manifest_294.csv;outputs/reference_quotient_p0_frozen/rq1_project_reference_profiles.csv,MULTI_ARTIFACT_CONSISTENT_SOURCE_ORIGIN_UNKNOWN
alasql,25780780,2014-10-26T16:30:37Z,2014-10-26T16:30:37Z,2014-10-26T16:30:37Z,NOT_AVAILABLE,TRUE,FALSE,data/github_osdb_data/dbfeatfusion_records_202410_automerged_manulabeled_with_repoid.csv;data/github_osdb_data/repo_activity_statistics/repo_i_pr_rec_cnt.csv;outputs/reference_quotient_p0_frozen/analysis_seed_manifest_294.csv;outputs/reference_quotient_p0_frozen/rq1_project_reference_profiles.csv,MULTI_ARTIFACT_CONSISTENT_SOURCE_ORIGIN_UNKNOWN
composedb,511030127,2022-07-06T07:15:37Z,2022-07-06T07:15:37Z,2022-07-06T07:15:37Z,NOT_AVAILABLE,TRUE,FALSE,data/github_osdb_data/dbfeatfusion_records_202410_automerged_manulabeled_with_repoid.csv;data/github_osdb_data/repo_activity_statistics/repo_i_pr_rec_cnt.csv;outputs/reference_quotient_p0_frozen/analysis_seed_manifest_294.csv;outputs/reference_quotient_p0_frozen/rq1_project_reference_profiles.csv,MULTI_ARTIFACT_CONSISTENT_SOURCE_ORIGIN_UNKNOWN
drill,5683653,2012-09-05T07:00:26Z,2012-09-05T07:00:26Z,2012-09-05T07:00:26Z,NOT_AVAILABLE,TRUE,FALSE,data/github_osdb_data/dbfeatfusion_records_202410_automerged_manulabeled_with_repoid.csv;data/github_osdb_data/repo_activity_statistics/repo_i_pr_rec_cnt.csv;outputs/reference_quotient_p0_frozen/analysis_seed_manifest_294.csv;outputs/reference_quotient_p0_frozen/rq1_project_reference_profiles.csv,MULTI_ARTIFACT_CONSISTENT_SOURCE_ORIGIN_UNKNOWN
sirixdb,4604367,2012-06-09T02:22:14Z,2012-06-09T02:22:14Z,2012-06-09T02:22:14Z,NOT_AVAILABLE,TRUE,FALSE,data/github_osdb_data/dbfeatfusion_records_202410_automerged_manulabeled_with_repoid.csv;data/github_osdb_data/repo_activity_statistics/repo_i_pr_rec_cnt.csv;outputs/reference_quotient_p0_frozen/analysis_seed_manifest_294.csv;outputs/reference_quotient_p0_frozen/rq1_project_reference_profiles.csv,MULTI_ARTIFACT_CONSISTENT_SOURCE_ORIGIN_UNKNOWN
bustub,207663235,2019-09-10T21:06:59Z,2019-09-10T21:06:59Z,2019-09-10T21:06:59Z,NOT_AVAILABLE,TRUE,FALSE,data/github_osdb_data/dbfeatfusion_records_202410_automerged_manulabeled_with_repoid.csv;data/github_osdb_data/repo_activity_statistics/repo_i_pr_rec_cnt.csv;outputs/reference_quotient_p0_frozen/analysis_seed_manifest_294.csv;outputs/reference_quotient_p0_frozen/rq1_project_reference_profiles.csv,MULTI_ARTIFACT_CONSISTENT_SOURCE_ORIGIN_UNKNOWN
qserv,23013460,2014-08-16T07:50:36Z,2014-08-16T07:50:36Z,2014-08-16T07:50:36Z,NOT_AVAILABLE,TRUE,FALSE,data/github_osdb_data/dbfeatfusion_records_202410_automerged_manulabeled_with_repoid.csv;data/github_osdb_data/repo_activity_statistics/repo_i_pr_rec_cnt.csv;outputs/reference_quotient_p0_frozen/analysis_seed_manifest_294.csv;outputs/reference_quotient_p0_frozen/rq1_project_reference_profiles.csv,MULTI_ARTIFACT_CONSISTENT_SOURCE_ORIGIN_UNKNOWN
percona-server-for-mongodb,39519916,2015-07-22T17:25:26Z,2015-07-22T17:25:26Z,2015-07-22T17:25:26Z,NOT_AVAILABLE,TRUE,FALSE,data/github_osdb_data/dbfeatfusion_records_202410_automerged_manulabeled_with_repoid.csv;data/github_osdb_data/repo_activity_statistics/repo_i_pr_rec_cnt.csv;outputs/reference_quotient_p0_frozen/analysis_seed_manifest_294.csv;outputs/reference_quotient_p0_frozen/rq1_project_reference_profiles.csv,MULTI_ARTIFACT_CONSISTENT_SOURCE_ORIGIN_UNKNOWN
ehcache,17224514,2014-02-26T20:39:16Z,2014-02-26T20:39:16Z,2014-02-26T20:39:16Z,NOT_AVAILABLE,TRUE,FALSE,data/github_osdb_data/dbfeatfusion_records_202410_automerged_manulabeled_with_repoid.csv;data/github_osdb_data/repo_activity_statistics/repo_i_pr_rec_cnt.csv;outputs/reference_quotient_p0_frozen/analysis_seed_manifest_294.csv;outputs/reference_quotient_p0_frozen/rq1_project_reference_profiles.csv,MULTI_ARTIFACT_CONSISTENT_SOURCE_ORIGIN_UNKNOWN
kinto,31315021,2015-02-25T13:34:23Z,2015-02-25T13:34:23Z,2015-02-25T13:34:23Z,NOT_AVAILABLE,TRUE,FALSE,data/github_osdb_data/dbfeatfusion_records_202410_automerged_manulabeled_with_repoid.csv;data/github_osdb_data/repo_activity_statistics/repo_i_pr_rec_cnt.csv;outputs/reference_quotient_p0_frozen/analysis_seed_manifest_294.csv;outputs/reference_quotient_p0_frozen/rq1_project_reference_profiles.csv,MULTI_ARTIFACT_CONSISTENT_SOURCE_ORIGIN_UNKNOWN
orioledb,432844875,2021-11-28T22:57:49Z,2021-11-28T22:57:49Z,2021-11-28T22:57:49Z,NOT_AVAILABLE,TRUE,FALSE,data/github_osdb_data/dbfeatfusion_records_202410_automerged_manulabeled_with_repoid.csv;data/github_osdb_data/repo_activity_statistics/repo_i_pr_rec_cnt.csv;outputs/reference_quotient_p0_frozen/analysis_seed_manifest_294.csv;outputs/reference_quotient_p0_frozen/rq1_project_reference_profiles.csv,MULTI_ARTIFACT_CONSISTENT_SOURCE_ORIGIN_UNKNOWN
chdb,606433492,2023-02-25T13:35:14Z,2023-02-25T13:35:14Z,2023-02-25T13:35:14Z,NOT_AVAILABLE,TRUE,FALSE,data/github_osdb_data/dbfeatfusion_records_202410_automerged_manulabeled_with_repoid.csv;data/github_osdb_data/repo_activity_statistics/repo_i_pr_rec_cnt.csv;outputs/reference_quotient_p0_frozen/analysis_seed_manifest_294.csv;outputs/reference_quotient_p0_frozen/rq1_project_reference_profiles.csv,MULTI_ARTIFACT_CONSISTENT_SOURCE_ORIGIN_UNKNOWN
virtuoso,3788366,2012-03-21T16:00:39Z,2012-03-21T16:00:39Z,2012-03-21T16:00:39Z,NOT_AVAILABLE,TRUE,FALSE,data/github_osdb_data/dbfeatfusion_records_202410_automerged_manulabeled_with_repoid.csv;data/github_osdb_data/repo_activity_statistics/repo_i_pr_rec_cnt.csv;outputs/reference_quotient_p0_frozen/analysis_seed_manifest_294.csv;outputs/reference_quotient_p0_frozen/rq1_project_reference_profiles.csv,MULTI_ARTIFACT_CONSISTENT_SOURCE_ORIGIN_UNKNOWN
icefiredb,344711168,2021-03-05T06:03:29Z,2021-03-05T06:03:29Z,2021-03-05T06:03:29Z,NOT_AVAILABLE,TRUE,FALSE,data/github_osdb_data/dbfeatfusion_records_202410_automerged_manulabeled_with_repoid.csv;data/github_osdb_data/repo_activity_statistics/repo_i_pr_rec_cnt.csv;outputs/reference_quotient_p0_frozen/analysis_seed_manifest_294.csv;outputs/reference_quotient_p0_frozen/rq1_project_reference_profiles.csv,MULTI_ARTIFACT_CONSISTENT_SOURCE_ORIGIN_UNKNOWN
cozodb,551374215,2022-10-14T09:28:11Z,2022-10-14T09:28:11Z,2022-10-14T09:28:11Z,NOT_AVAILABLE,TRUE,FALSE,data/github_osdb_data/dbfeatfusion_records_202410_automerged_manulabeled_with_repoid.csv;data/github_osdb_data/repo_activity_statistics/repo_i_pr_rec_cnt.csv;outputs/reference_quotient_p0_frozen/analysis_seed_manifest_294.csv;outputs/reference_quotient_p0_frozen/rq1_project_reference_profiles.csv,MULTI_ARTIFACT_CONSISTENT_SOURCE_ORIGIN_UNKNOWN
risinglight,393235957,2021-08-06T03:26:03Z,2021-08-06T03:26:03Z,2021-08-06T03:26:03Z,NOT_AVAILABLE,TRUE,FALSE,data/github_osdb_data/dbfeatfusion_records_202410_automerged_manulabeled_with_repoid.csv;data/github_osdb_data/repo_activity_statistics/repo_i_pr_rec_cnt.csv;outputs/reference_quotient_p0_frozen/analysis_seed_manifest_294.csv;outputs/reference_quotient_p0_frozen/rq1_project_reference_profiles.csv,MULTI_ARTIFACT_CONSISTENT_SOURCE_ORIGIN_UNKNOWN
kylin,28738447,2015-01-03T08:00:05Z,2015-01-03T08:00:05Z,2015-01-03T08:00:05Z,NOT_AVAILABLE,TRUE,FALSE,data/github_osdb_data/dbfeatfusion_records_202410_automerged_manulabeled_with_repoid.csv;data/github_osdb_data/repo_activity_statistics/repo_i_pr_rec_cnt.csv;outputs/reference_quotient_p0_frozen/analysis_seed_manifest_294.csv;outputs/reference_quotient_p0_frozen/rq1_project_reference_profiles.csv,MULTI_ARTIFACT_CONSISTENT_SOURCE_ORIGIN_UNKNOWN
gnocchi,91715647,2017-05-18T16:32:52Z,2017-05-18T16:32:52Z,2017-05-18T16:32:52Z,NOT_AVAILABLE,TRUE,FALSE,data/github_osdb_data/dbfeatfusion_records_202410_automerged_manulabeled_with_repoid.csv;data/github_osdb_data/repo_activity_statistics/repo_i_pr_rec_cnt.csv;outputs/reference_quotient_p0_frozen/analysis_seed_manifest_294.csv;outputs/reference_quotient_p0_frozen/rq1_project_reference_profiles.csv,MULTI_ARTIFACT_CONSISTENT_SOURCE_ORIGIN_UNKNOWN
cachegrand,125234630,2018-03-14T15:33:02Z,2018-03-14T15:33:02Z,2018-03-14T15:33:02Z,NOT_AVAILABLE,TRUE,FALSE,data/github_osdb_data/dbfeatfusion_records_202410_automerged_manulabeled_with_repoid.csv;data/github_osdb_data/repo_activity_statistics/repo_i_pr_rec_cnt.csv;outputs/reference_quotient_p0_frozen/analysis_seed_manifest_294.csv;outputs/reference_quotient_p0_frozen/rq1_project_reference_profiles.csv,MULTI_ARTIFACT_CONSISTENT_SOURCE_ORIGIN_UNKNOWN
lealone,7502247,2013-01-08T13:57:08Z,2013-01-08T13:57:08Z,2013-01-08T13:57:08Z,NOT_AVAILABLE,TRUE,FALSE,data/github_osdb_data/dbfeatfusion_records_202410_automerged_manulabeled_with_repoid.csv;data/github_osdb_data/repo_activity_statistics/repo_i_pr_rec_cnt.csv;outputs/reference_quotient_p0_frozen/analysis_seed_manifest_294.csv;outputs/reference_quotient_p0_frozen/rq1_project_reference_profiles.csv,MULTI_ARTIFACT_CONSISTENT_SOURCE_ORIGIN_UNKNOWN
scratchdb,664816265,2023-07-10T20:15:01Z,2023-07-10T20:15:01Z,2023-07-10T20:15:01Z,NOT_AVAILABLE,TRUE,FALSE,data/github_osdb_data/dbfeatfusion_records_202410_automerged_manulabeled_with_repoid.csv;data/github_osdb_data/repo_activity_statistics/repo_i_pr_rec_cnt.csv;outputs/reference_quotient_p0_frozen/analysis_seed_manifest_294.csv;outputs/reference_quotient_p0_frozen/rq1_project_reference_profiles.csv,MULTI_ARTIFACT_CONSISTENT_SOURCE_ORIGIN_UNKNOWN
monetdb,316690542,2020-11-28T08:35:36Z,2020-11-28T08:35:36Z,2020-11-28T08:35:36Z,NOT_AVAILABLE,TRUE,FALSE,data/github_osdb_data/dbfeatfusion_records_202410_automerged_manulabeled_with_repoid.csv;data/github_osdb_data/repo_activity_statistics/repo_i_pr_rec_cnt.csv;outputs/reference_quotient_p0_frozen/analysis_seed_manifest_294.csv;outputs/reference_quotient_p0_frozen/rq1_project_reference_profiles.csv,MULTI_ARTIFACT_CONSISTENT_SOURCE_ORIGIN_UNKNOWN
dqlite,92329433,2017-05-24T19:35:52Z,2017-05-24T19:35:52Z,2017-05-24T19:35:52Z,NOT_AVAILABLE,TRUE,FALSE,data/github_osdb_data/dbfeatfusion_records_202410_automerged_manulabeled_with_repoid.csv;data/github_osdb_data/repo_activity_statistics/repo_i_pr_rec_cnt.csv;outputs/reference_quotient_p0_frozen/analysis_seed_manifest_294.csv;outputs/reference_quotient_p0_frozen/rq1_project_reference_profiles.csv,MULTI_ARTIFACT_CONSISTENT_SOURCE_ORIGIN_UNKNOWN
objectbox,79901405,2017-01-24T10:29:48Z,2017-01-24T10:29:48Z,2017-01-24T10:29:48Z,NOT_AVAILABLE,TRUE,FALSE,data/github_osdb_data/dbfeatfusion_records_202410_automerged_manulabeled_with_repoid.csv;data/github_osdb_data/repo_activity_statistics/repo_i_pr_rec_cnt.csv;outputs/reference_quotient_p0_frozen/analysis_seed_manifest_294.csv;outputs/reference_quotient_p0_frozen/rq1_project_reference_profiles.csv,MULTI_ARTIFACT_CONSISTENT_SOURCE_ORIGIN_UNKNOWN
m3db,61153677,2016-06-14T20:29:45Z,2016-06-14T20:29:45Z,2016-06-14T20:29:45Z,NOT_AVAILABLE,TRUE,FALSE,data/github_osdb_data/dbfeatfusion_records_202410_automerged_manulabeled_with_repoid.csv;data/github_osdb_data/repo_activity_statistics/repo_i_pr_rec_cnt.csv;outputs/reference_quotient_p0_frozen/analysis_seed_manifest_294.csv;outputs/reference_quotient_p0_frozen/rq1_project_reference_profiles.csv,MULTI_ARTIFACT_CONSISTENT_SOURCE_ORIGIN_UNKNOWN
orientdb,7083240,2012-12-09T20:33:47Z,2012-12-09T20:33:47Z,2012-12-09T20:33:47Z,NOT_AVAILABLE,TRUE,FALSE,data/github_osdb_data/dbfeatfusion_records_202410_automerged_manulabeled_with_repoid.csv;data/github_osdb_data/repo_activity_statistics/repo_i_pr_rec_cnt.csv;outputs/reference_quotient_p0_frozen/analysis_seed_manifest_294.csv;outputs/reference_quotient_p0_frozen/rq1_project_reference_profiles.csv,MULTI_ARTIFACT_CONSISTENT_SOURCE_ORIGIN_UNKNOWN
mysql,24494032,2014-09-26T09:31:03Z,2014-09-26T09:31:03Z,2014-09-26T09:31:03Z,NOT_AVAILABLE,TRUE,FALSE,data/github_osdb_data/dbfeatfusion_records_202410_automerged_manulabeled_with_repoid.csv;data/github_osdb_data/repo_activity_statistics/repo_i_pr_rec_cnt.csv;outputs/reference_quotient_p0_frozen/analysis_seed_manifest_294.csv;outputs/reference_quotient_p0_frozen/rq1_project_reference_profiles.csv,MULTI_ARTIFACT_CONSISTENT_SOURCE_ORIGIN_UNKNOWN
epsilla,664133375,2023-07-09T02:28:31Z,2023-07-09T02:28:31Z,2023-07-09T02:28:31Z,NOT_AVAILABLE,TRUE,FALSE,data/github_osdb_data/dbfeatfusion_records_202410_automerged_manulabeled_with_repoid.csv;data/github_osdb_data/repo_activity_statistics/repo_i_pr_rec_cnt.csv;outputs/reference_quotient_p0_frozen/analysis_seed_manifest_294.csv;outputs/reference_quotient_p0_frozen/rq1_project_reference_profiles.csv,MULTI_ARTIFACT_CONSISTENT_SOURCE_ORIGIN_UNKNOWN
hive-dart,195895847,2019-07-08T22:47:01Z,2019-07-08T22:47:01Z,2019-07-08T22:47:01Z,NOT_AVAILABLE,TRUE,FALSE,data/github_osdb_data/dbfeatfusion_records_202410_automerged_manulabeled_with_repoid.csv;data/github_osdb_data/repo_activity_statistics/repo_i_pr_rec_cnt.csv;outputs/reference_quotient_p0_frozen/analysis_seed_manifest_294.csv;outputs/reference_quotient_p0_frozen/rq1_project_reference_profiles.csv,MULTI_ARTIFACT_CONSISTENT_SOURCE_ORIGIN_UNKNOWN
litedb,23315232,2014-08-25T13:49:30Z,2014-08-25T13:49:30Z,2014-08-25T13:49:30Z,NOT_AVAILABLE,TRUE,FALSE,data/github_osdb_data/dbfeatfusion_records_202410_automerged_manulabeled_with_repoid.csv;data/github_osdb_data/repo_activity_statistics/repo_i_pr_rec_cnt.csv;outputs/reference_quotient_p0_frozen/analysis_seed_manifest_294.csv;outputs/reference_quotient_p0_frozen/rq1_project_reference_profiles.csv,MULTI_ARTIFACT_CONSISTENT_SOURCE_ORIGIN_UNKNOWN
faster,143253020,2018-08-02T06:38:41Z,2018-08-02T06:38:41Z,2018-08-02T06:38:41Z,NOT_AVAILABLE,TRUE,FALSE,data/github_osdb_data/dbfeatfusion_records_202410_automerged_manulabeled_with_repoid.csv;data/github_osdb_data/repo_activity_statistics/repo_i_pr_rec_cnt.csv;outputs/reference_quotient_p0_frozen/analysis_seed_manifest_294.csv;outputs/reference_quotient_p0_frozen/rq1_project_reference_profiles.csv,MULTI_ARTIFACT_CONSISTENT_SOURCE_ORIGIN_UNKNOWN
reductstore,441299511,2021-12-23T21:27:52Z,2021-12-23T21:27:52Z,2021-12-23T21:27:52Z,NOT_AVAILABLE,TRUE,FALSE,data/github_osdb_data/dbfeatfusion_records_202410_automerged_manulabeled_with_repoid.csv;data/github_osdb_data/repo_activity_statistics/repo_i_pr_rec_cnt.csv;outputs/reference_quotient_p0_frozen/analysis_seed_manifest_294.csv;outputs/reference_quotient_p0_frozen/rq1_project_reference_profiles.csv,MULTI_ARTIFACT_CONSISTENT_SOURCE_ORIGIN_UNKNOWN
basex,1374129,2011-02-16T15:02:14Z,2011-02-16T15:02:14Z,2011-02-16T15:02:14Z,NOT_AVAILABLE,TRUE,FALSE,data/github_osdb_data/dbfeatfusion_records_202410_automerged_manulabeled_with_repoid.csv;data/github_osdb_data/repo_activity_statistics/repo_i_pr_rec_cnt.csv;outputs/reference_quotient_p0_frozen/analysis_seed_manifest_294.csv;outputs/reference_quotient_p0_frozen/rq1_project_reference_profiles.csv,MULTI_ARTIFACT_CONSISTENT_SOURCE_ORIGIN_UNKNOWN
euclidolap,534109388,,,,NOT_AVAILABLE,TRUE,TRUE,data/github_osdb_data/dbfeatfusion_records_202410_automerged_manulabeled_with_repoid.csv;data/github_osdb_data/repo_activity_statistics/repo_i_pr_rec_cnt.csv;outputs/reference_quotient_p0_frozen/analysis_seed_manifest_294.csv;outputs/reference_quotient_p0_frozen/rq1_project_reference_profiles.csv,MISSING_AND_ANALYTICALLY_RELEVANT
lineairdb,259542436,2020-04-28T05:41:20Z,2020-04-28T05:41:20Z,2020-04-28T05:41:20Z,NOT_AVAILABLE,TRUE,FALSE,data/github_osdb_data/dbfeatfusion_records_202410_automerged_manulabeled_with_repoid.csv;data/github_osdb_data/repo_activity_statistics/repo_i_pr_rec_cnt.csv;outputs/reference_quotient_p0_frozen/analysis_seed_manifest_294.csv;outputs/reference_quotient_p0_frozen/rq1_project_reference_profiles.csv,MULTI_ARTIFACT_CONSISTENT_SOURCE_ORIGIN_UNKNOWN
bboxdb,45732002,2015-11-07T10:28:59Z,2015-11-07T10:28:59Z,2015-11-07T10:28:59Z,NOT_AVAILABLE,TRUE,FALSE,data/github_osdb_data/dbfeatfusion_records_202410_automerged_manulabeled_with_repoid.csv;data/github_osdb_data/repo_activity_statistics/repo_i_pr_rec_cnt.csv;outputs/reference_quotient_p0_frozen/analysis_seed_manifest_294.csv;outputs/reference_quotient_p0_frozen/rq1_project_reference_profiles.csv,MULTI_ARTIFACT_CONSISTENT_SOURCE_ORIGIN_UNKNOWN
resilientdb,223462217,2019-11-22T18:28:12Z,2019-11-22T18:28:12Z,2019-11-22T18:28:12Z,NOT_AVAILABLE,TRUE,FALSE,data/github_osdb_data/dbfeatfusion_records_202410_automerged_manulabeled_with_repoid.csv;data/github_osdb_data/repo_activity_statistics/repo_i_pr_rec_cnt.csv;outputs/reference_quotient_p0_frozen/analysis_seed_manifest_294.csv;outputs/reference_quotient_p0_frozen/rq1_project_reference_profiles.csv,MULTI_ARTIFACT_CONSISTENT_SOURCE_ORIGIN_UNKNOWN
mongodb,108110,2009-01-15T16:15:18Z,2009-01-15T16:15:18Z,2009-01-15T16:15:18Z,NOT_AVAILABLE,TRUE,FALSE,data/github_osdb_data/dbfeatfusion_records_202410_automerged_manulabeled_with_repoid.csv;data/github_osdb_data/repo_activity_statistics/repo_i_pr_rec_cnt.csv;outputs/reference_quotient_p0_frozen/analysis_seed_manifest_294.csv;outputs/reference_quotient_p0_frozen/rq1_project_reference_profiles.csv,MULTI_ARTIFACT_CONSISTENT_SOURCE_ORIGIN_UNKNOWN
flashdb,266515876,2020-05-24T10:15:56Z,2020-05-24T10:15:56Z,2020-05-24T10:15:56Z,NOT_AVAILABLE,TRUE,FALSE,data/github_osdb_data/dbfeatfusion_records_202410_automerged_manulabeled_with_repoid.csv;data/github_osdb_data/repo_activity_statistics/repo_i_pr_rec_cnt.csv;outputs/reference_quotient_p0_frozen/analysis_seed_manifest_294.csv;outputs/reference_quotient_p0_frozen/rq1_project_reference_profiles.csv,MULTI_ARTIFACT_CONSISTENT_SOURCE_ORIGIN_UNKNOWN
postgis,4407129,2012-05-22T13:31:25Z,2012-05-22T13:31:25Z,2012-05-22T13:31:25Z,NOT_AVAILABLE,TRUE,FALSE,data/github_osdb_data/dbfeatfusion_records_202410_automerged_manulabeled_with_repoid.csv;data/github_osdb_data/repo_activity_statistics/repo_i_pr_rec_cnt.csv;outputs/reference_quotient_p0_frozen/analysis_seed_manifest_294.csv;outputs/reference_quotient_p0_frozen/rq1_project_reference_profiles.csv,MULTI_ARTIFACT_CONSISTENT_SOURCE_ORIGIN_UNKNOWN
junodb,606125384,2023-02-24T16:52:02Z,2023-02-24T16:52:02Z,2023-02-24T16:52:02Z,NOT_AVAILABLE,TRUE,FALSE,data/github_osdb_data/dbfeatfusion_records_202410_automerged_manulabeled_with_repoid.csv;data/github_osdb_data/repo_activity_statistics/repo_i_pr_rec_cnt.csv;outputs/reference_quotient_p0_frozen/analysis_seed_manifest_294.csv;outputs/reference_quotient_p0_frozen/rq1_project_reference_profiles.csv,MULTI_ARTIFACT_CONSISTENT_SOURCE_ORIGIN_UNKNOWN
oracle-nosql,298920362,2020-09-27T00:05:54Z,2020-09-27T00:05:54Z,2020-09-27T00:05:54Z,NOT_AVAILABLE,TRUE,FALSE,data/github_osdb_data/dbfeatfusion_records_202410_automerged_manulabeled_with_repoid.csv;data/github_osdb_data/repo_activity_statistics/repo_i_pr_rec_cnt.csv;outputs/reference_quotient_p0_frozen/analysis_seed_manifest_294.csv;outputs/reference_quotient_p0_frozen/rq1_project_reference_profiles.csv,MULTI_ARTIFACT_CONSISTENT_SOURCE_ORIGIN_UNKNOWN
gun,22475123,2014-07-31T15:52:10Z,2014-07-31T15:52:10Z,2014-07-31T15:52:10Z,NOT_AVAILABLE,TRUE,FALSE,data/github_osdb_data/dbfeatfusion_records_202410_automerged_manulabeled_with_repoid.csv;data/github_osdb_data/repo_activity_statistics/repo_i_pr_rec_cnt.csv;outputs/reference_quotient_p0_frozen/analysis_seed_manifest_294.csv;outputs/reference_quotient_p0_frozen/rq1_project_reference_profiles.csv,MULTI_ARTIFACT_CONSISTENT_SOURCE_ORIGIN_UNKNOWN
datalevin,270858421,2020-06-08T23:53:52Z,2020-06-08T23:53:52Z,2020-06-08T23:53:52Z,NOT_AVAILABLE,TRUE,FALSE,data/github_osdb_data/dbfeatfusion_records_202410_automerged_manulabeled_with_repoid.csv;data/github_osdb_data/repo_activity_statistics/repo_i_pr_rec_cnt.csv;outputs/reference_quotient_p0_frozen/analysis_seed_manifest_294.csv;outputs/reference_quotient_p0_frozen/rq1_project_reference_profiles.csv,MULTI_ARTIFACT_CONSISTENT_SOURCE_ORIGIN_UNKNOWN
oxia,454981666,2022-02-03T00:28:48Z,2022-02-03T00:28:48Z,2022-02-03T00:28:48Z,NOT_AVAILABLE,TRUE,FALSE,data/github_osdb_data/dbfeatfusion_records_202410_automerged_manulabeled_with_repoid.csv;data/github_osdb_data/repo_activity_statistics/repo_i_pr_rec_cnt.csv;outputs/reference_quotient_p0_frozen/analysis_seed_manifest_294.csv;outputs/reference_quotient_p0_frozen/rq1_project_reference_profiles.csv,MULTI_ARTIFACT_CONSISTENT_SOURCE_ORIGIN_UNKNOWN
tinybase,443220240,2021-12-31T01:06:00Z,2021-12-31T01:06:00Z,2021-12-31T01:06:00Z,NOT_AVAILABLE,TRUE,FALSE,data/github_osdb_data/dbfeatfusion_records_202410_automerged_manulabeled_with_repoid.csv;data/github_osdb_data/repo_activity_statistics/repo_i_pr_rec_cnt.csv;outputs/reference_quotient_p0_frozen/analysis_seed_manifest_294.csv;outputs/reference_quotient_p0_frozen/rq1_project_reference_profiles.csv,MULTI_ARTIFACT_CONSISTENT_SOURCE_ORIGIN_UNKNOWN
weaviate,55072677,2016-03-30T15:03:17Z,2016-03-30T15:03:17Z,2016-03-30T15:03:17Z,NOT_AVAILABLE,TRUE,FALSE,data/github_osdb_data/dbfeatfusion_records_202410_automerged_manulabeled_with_repoid.csv;data/github_osdb_data/repo_activity_statistics/repo_i_pr_rec_cnt.csv;outputs/reference_quotient_p0_frozen/analysis_seed_manifest_294.csv;outputs/reference_quotient_p0_frozen/rq1_project_reference_profiles.csv,MULTI_ARTIFACT_CONSISTENT_SOURCE_ORIGIN_UNKNOWN
cloverdb,453191009,2022-01-28T19:25:23Z,2022-01-28T19:25:23Z,2022-01-28T19:25:23Z,NOT_AVAILABLE,TRUE,FALSE,data/github_osdb_data/dbfeatfusion_records_202410_automerged_manulabeled_with_repoid.csv;data/github_osdb_data/repo_activity_statistics/repo_i_pr_rec_cnt.csv;outputs/reference_quotient_p0_frozen/analysis_seed_manifest_294.csv;outputs/reference_quotient_p0_frozen/rq1_project_reference_profiles.csv,MULTI_ARTIFACT_CONSISTENT_SOURCE_ORIGIN_UNKNOWN
newts,16189524,2014-01-23T23:39:27Z,2014-01-23T23:39:27Z,2014-01-23T23:39:27Z,NOT_AVAILABLE,TRUE,FALSE,data/github_osdb_data/dbfeatfusion_records_202410_automerged_manulabeled_with_repoid.csv;data/github_osdb_data/repo_activity_statistics/repo_i_pr_rec_cnt.csv;outputs/reference_quotient_p0_frozen/analysis_seed_manifest_294.csv;outputs/reference_quotient_p0_frozen/rq1_project_reference_profiles.csv,MULTI_ARTIFACT_CONSISTENT_SOURCE_ORIGIN_UNKNOWN
xodus,19271154,2014-04-29T09:36:04Z,2014-04-29T09:36:04Z,2014-04-29T09:36:04Z,NOT_AVAILABLE,TRUE,FALSE,data/github_osdb_data/dbfeatfusion_records_202410_automerged_manulabeled_with_repoid.csv;data/github_osdb_data/repo_activity_statistics/repo_i_pr_rec_cnt.csv;outputs/reference_quotient_p0_frozen/analysis_seed_manifest_294.csv;outputs/reference_quotient_p0_frozen/rq1_project_reference_profiles.csv,MULTI_ARTIFACT_CONSISTENT_SOURCE_ORIGIN_UNKNOWN
rhizomedb,574694308,2022-12-05T21:55:16Z,2022-12-05T21:55:16Z,2022-12-05T21:55:16Z,NOT_AVAILABLE,TRUE,FALSE,data/github_osdb_data/dbfeatfusion_records_202410_automerged_manulabeled_with_repoid.csv;data/github_osdb_data/repo_activity_statistics/repo_i_pr_rec_cnt.csv;outputs/reference_quotient_p0_frozen/analysis_seed_manifest_294.csv;outputs/reference_quotient_p0_frozen/rq1_project_reference_profiles.csv,MULTI_ARTIFACT_CONSISTENT_SOURCE_ORIGIN_UNKNOWN
leveldb,23405758,2014-08-27T21:17:52Z,2014-08-27T21:17:52Z,2014-08-27T21:17:52Z,NOT_AVAILABLE,TRUE,FALSE,data/github_osdb_data/dbfeatfusion_records_202410_automerged_manulabeled_with_repoid.csv;data/github_osdb_data/repo_activity_statistics/repo_i_pr_rec_cnt.csv;outputs/reference_quotient_p0_frozen/analysis_seed_manifest_294.csv;outputs/reference_quotient_p0_frozen/rq1_project_reference_profiles.csv,MULTI_ARTIFACT_CONSISTENT_SOURCE_ORIGIN_UNKNOWN
horaedb,496505424,2022-05-26T06:22:14Z,2022-05-26T06:22:14Z,2022-05-26T06:22:14Z,NOT_AVAILABLE,TRUE,FALSE,data/github_osdb_data/dbfeatfusion_records_202410_automerged_manulabeled_with_repoid.csv;data/github_osdb_data/repo_activity_statistics/repo_i_pr_rec_cnt.csv;outputs/reference_quotient_p0_frozen/analysis_seed_manifest_294.csv;outputs/reference_quotient_p0_frozen/rq1_project_reference_profiles.csv,MULTI_ARTIFACT_CONSISTENT_SOURCE_ORIGIN_UNKNOWN
chronicle-map,21985130,2014-07-18T15:33:57Z,2014-07-18T15:33:57Z,2014-07-18T15:33:57Z,NOT_AVAILABLE,TRUE,FALSE,data/github_osdb_data/dbfeatfusion_records_202410_automerged_manulabeled_with_repoid.csv;data/github_osdb_data/repo_activity_statistics/repo_i_pr_rec_cnt.csv;outputs/reference_quotient_p0_frozen/analysis_seed_manifest_294.csv;outputs/reference_quotient_p0_frozen/rq1_project_reference_profiles.csv,MULTI_ARTIFACT_CONSISTENT_SOURCE_ORIGIN_UNKNOWN
rethinkdb,6452529,2012-10-30T05:37:47Z,2012-10-30T05:37:47Z,2012-10-30T05:37:47Z,NOT_AVAILABLE,TRUE,FALSE,data/github_osdb_data/dbfeatfusion_records_202410_automerged_manulabeled_with_repoid.csv;data/github_osdb_data/repo_activity_statistics/repo_i_pr_rec_cnt.csv;outputs/reference_quotient_p0_frozen/analysis_seed_manifest_294.csv;outputs/reference_quotient_p0_frozen/rq1_project_reference_profiles.csv,MULTI_ARTIFACT_CONSISTENT_SOURCE_ORIGIN_UNKNOWN
heavydb,90541149,2017-05-07T15:07:56Z,2017-05-07T15:07:56Z,2017-05-07T15:07:56Z,NOT_AVAILABLE,TRUE,FALSE,data/github_osdb_data/dbfeatfusion_records_202410_automerged_manulabeled_with_repoid.csv;data/github_osdb_data/repo_activity_statistics/repo_i_pr_rec_cnt.csv;outputs/reference_quotient_p0_frozen/analysis_seed_manifest_294.csv;outputs/reference_quotient_p0_frozen/rq1_project_reference_profiles.csv,MULTI_ARTIFACT_CONSISTENT_SOURCE_ORIGIN_UNKNOWN
kareldb,206686299,2019-09-06T01:17:24Z,2019-09-06T01:17:24Z,2019-09-06T01:17:24Z,NOT_AVAILABLE,TRUE,FALSE,data/github_osdb_data/dbfeatfusion_records_202410_automerged_manulabeled_with_repoid.csv;data/github_osdb_data/repo_activity_statistics/repo_i_pr_rec_cnt.csv;outputs/reference_quotient_p0_frozen/analysis_seed_manifest_294.csv;outputs/reference_quotient_p0_frozen/rq1_project_reference_profiles.csv,MULTI_ARTIFACT_CONSISTENT_SOURCE_ORIGIN_UNKNOWN
polypheny,166387176,2019-01-18T10:24:15Z,2019-01-18T10:24:15Z,2019-01-18T10:24:15Z,NOT_AVAILABLE,TRUE,FALSE,data/github_osdb_data/dbfeatfusion_records_202410_automerged_manulabeled_with_repoid.csv;data/github_osdb_data/repo_activity_statistics/repo_i_pr_rec_cnt.csv;outputs/reference_quotient_p0_frozen/analysis_seed_manifest_294.csv;outputs/reference_quotient_p0_frozen/rq1_project_reference_profiles.csv,MULTI_ARTIFACT_CONSISTENT_SOURCE_ORIGIN_UNKNOWN
awadb,642912355,2023-05-19T16:22:02Z,2023-05-19T16:22:02Z,2023-05-19T16:22:02Z,NOT_AVAILABLE,TRUE,FALSE,data/github_osdb_data/dbfeatfusion_records_202410_automerged_manulabeled_with_repoid.csv;data/github_osdb_data/repo_activity_statistics/repo_i_pr_rec_cnt.csv;outputs/reference_quotient_p0_frozen/analysis_seed_manifest_294.csv;outputs/reference_quotient_p0_frozen/rq1_project_reference_profiles.csv,MULTI_ARTIFACT_CONSISTENT_SOURCE_ORIGIN_UNKNOWN
vearch,186332888,2019-05-13T02:37:31Z,2019-05-13T02:37:31Z,2019-05-13T02:37:31Z,NOT_AVAILABLE,TRUE,FALSE,data/github_osdb_data/dbfeatfusion_records_202410_automerged_manulabeled_with_repoid.csv;data/github_osdb_data/repo_activity_statistics/repo_i_pr_rec_cnt.csv;outputs/reference_quotient_p0_frozen/analysis_seed_manifest_294.csv;outputs/reference_quotient_p0_frozen/rq1_project_reference_profiles.csv,MULTI_ARTIFACT_CONSISTENT_SOURCE_ORIGIN_UNKNOWN
bonsaidb,349627612,2021-03-20T04:35:24Z,2021-03-20T04:35:24Z,2021-03-20T04:35:24Z,NOT_AVAILABLE,TRUE,FALSE,data/github_osdb_data/dbfeatfusion_records_202410_automerged_manulabeled_with_repoid.csv;data/github_osdb_data/repo_activity_statistics/repo_i_pr_rec_cnt.csv;outputs/reference_quotient_p0_frozen/analysis_seed_manifest_294.csv;outputs/reference_quotient_p0_frozen/rq1_project_reference_profiles.csv,MULTI_ARTIFACT_CONSISTENT_SOURCE_ORIGIN_UNKNOWN
vsql,387622288,2021-07-19T23:55:45Z,2021-07-19T23:55:45Z,2021-07-19T23:55:45Z,NOT_AVAILABLE,TRUE,FALSE,data/github_osdb_data/dbfeatfusion_records_202410_automerged_manulabeled_with_repoid.csv;data/github_osdb_data/repo_activity_statistics/repo_i_pr_rec_cnt.csv;outputs/reference_quotient_p0_frozen/analysis_seed_manifest_294.csv;outputs/reference_quotient_p0_frozen/rq1_project_reference_profiles.csv,MULTI_ARTIFACT_CONSISTENT_SOURCE_ORIGIN_UNKNOWN
riak-kv,791522,2010-07-22T17:27:35Z,2010-07-22T17:27:35Z,2010-07-22T17:27:35Z,NOT_AVAILABLE,TRUE,FALSE,data/github_osdb_data/dbfeatfusion_records_202410_automerged_manulabeled_with_repoid.csv;data/github_osdb_data/repo_activity_statistics/repo_i_pr_rec_cnt.csv;outputs/reference_quotient_p0_frozen/analysis_seed_manifest_294.csv;outputs/reference_quotient_p0_frozen/rq1_project_reference_profiles.csv,MULTI_ARTIFACT_CONSISTENT_SOURCE_ORIGIN_UNKNOWN
mondrian,3766330,2012-03-19T17:03:39Z,2012-03-19T17:03:39Z,2012-03-19T17:03:39Z,NOT_AVAILABLE,TRUE,FALSE,data/github_osdb_data/dbfeatfusion_records_202410_automerged_manulabeled_with_repoid.csv;data/github_osdb_data/repo_activity_statistics/repo_i_pr_rec_cnt.csv;outputs/reference_quotient_p0_frozen/analysis_seed_manifest_294.csv;outputs/reference_quotient_p0_frozen/rq1_project_reference_profiles.csv,MULTI_ARTIFACT_CONSISTENT_SOURCE_ORIGIN_UNKNOWN
sled,49401416,2016-01-11T04:11:30Z,2016-01-11T04:11:30Z,2016-01-11T04:11:30Z,NOT_AVAILABLE,TRUE,FALSE,data/github_osdb_data/dbfeatfusion_records_202410_automerged_manulabeled_with_repoid.csv;data/github_osdb_data/repo_activity_statistics/repo_i_pr_rec_cnt.csv;outputs/reference_quotient_p0_frozen/analysis_seed_manifest_294.csv;outputs/reference_quotient_p0_frozen/rq1_project_reference_profiles.csv,MULTI_ARTIFACT_CONSISTENT_SOURCE_ORIGIN_UNKNOWN
hgraphdb,73235061,2016-11-08T23:05:08Z,2016-11-08T23:05:08Z,2016-11-08T23:05:08Z,NOT_AVAILABLE,TRUE,FALSE,data/github_osdb_data/dbfeatfusion_records_202410_automerged_manulabeled_with_repoid.csv;data/github_osdb_data/repo_activity_statistics/repo_i_pr_rec_cnt.csv;outputs/reference_quotient_p0_frozen/analysis_seed_manifest_294.csv;outputs/reference_quotient_p0_frozen/rq1_project_reference_profiles.csv,MULTI_ARTIFACT_CONSISTENT_SOURCE_ORIGIN_UNKNOWN
graphite,4254338,2012-05-07T21:30:55Z,2012-05-07T21:30:55Z,2012-05-07T21:30:55Z,NOT_AVAILABLE,TRUE,FALSE,data/github_osdb_data/dbfeatfusion_records_202410_automerged_manulabeled_with_repoid.csv;data/github_osdb_data/repo_activity_statistics/repo_i_pr_rec_cnt.csv;outputs/reference_quotient_p0_frozen/analysis_seed_manifest_294.csv;outputs/reference_quotient_p0_frozen/rq1_project_reference_profiles.csv,MULTI_ARTIFACT_CONSISTENT_SOURCE_ORIGIN_UNKNOWN
hollowdb,606800919,2023-02-26T15:57:33Z,2023-02-26T15:57:33Z,2023-02-26T15:57:33Z,NOT_AVAILABLE,TRUE,FALSE,data/github_osdb_data/dbfeatfusion_records_202410_automerged_manulabeled_with_repoid.csv;data/github_osdb_data/repo_activity_statistics/repo_i_pr_rec_cnt.csv;outputs/reference_quotient_p0_frozen/analysis_seed_manifest_294.csv;outputs/reference_quotient_p0_frozen/rq1_project_reference_profiles.csv,MULTI_ARTIFACT_CONSISTENT_SOURCE_ORIGIN_UNKNOWN
genji,138411034,2018-06-23T15:12:03Z,2018-06-23T15:12:03Z,2018-06-23T15:12:03Z,NOT_AVAILABLE,TRUE,FALSE,data/github_osdb_data/dbfeatfusion_records_202410_automerged_manulabeled_with_repoid.csv;data/github_osdb_data/repo_activity_statistics/repo_i_pr_rec_cnt.csv;outputs/reference_quotient_p0_frozen/analysis_seed_manifest_294.csv;outputs/reference_quotient_p0_frozen/rq1_project_reference_profiles.csv,MULTI_ARTIFACT_CONSISTENT_SOURCE_ORIGIN_UNKNOWN
acebase,137869753,2018-06-19T09:28:07Z,2018-06-19T09:28:07Z,2018-06-19T09:28:07Z,NOT_AVAILABLE,TRUE,FALSE,data/github_osdb_data/dbfeatfusion_records_202410_automerged_manulabeled_with_repoid.csv;data/github_osdb_data/repo_activity_statistics/repo_i_pr_rec_cnt.csv;outputs/reference_quotient_p0_frozen/analysis_seed_manifest_294.csv;outputs/reference_quotient_p0_frozen/rq1_project_reference_profiles.csv,MULTI_ARTIFACT_CONSISTENT_SOURCE_ORIGIN_UNKNOWN
postgresql,927442,2010-09-21T11:35:45Z,2010-09-21T11:35:45Z,2010-09-21T11:35:45Z,NOT_AVAILABLE,TRUE,FALSE,data/github_osdb_data/dbfeatfusion_records_202410_automerged_manulabeled_with_repoid.csv;data/github_osdb_data/repo_activity_statistics/repo_i_pr_rec_cnt.csv;outputs/reference_quotient_p0_frozen/analysis_seed_manifest_294.csv;outputs/reference_quotient_p0_frozen/rq1_project_reference_profiles.csv,MULTI_ARTIFACT_CONSISTENT_SOURCE_ORIGIN_UNKNOWN
skytable,276042304,2020-06-30T08:31:09Z,2020-06-30T08:31:09Z,2020-06-30T08:31:09Z,NOT_AVAILABLE,TRUE,FALSE,data/github_osdb_data/dbfeatfusion_records_202410_automerged_manulabeled_with_repoid.csv;data/github_osdb_data/repo_activity_statistics/repo_i_pr_rec_cnt.csv;outputs/reference_quotient_p0_frozen/analysis_seed_manifest_294.csv;outputs/reference_quotient_p0_frozen/rq1_project_reference_profiles.csv,MULTI_ARTIFACT_CONSISTENT_SOURCE_ORIGIN_UNKNOWN
sylviejs,639434928,2023-05-11T13:21:42Z,2023-05-11T13:21:42Z,2023-05-11T13:21:42Z,NOT_AVAILABLE,TRUE,FALSE,data/github_osdb_data/dbfeatfusion_records_202410_automerged_manulabeled_with_repoid.csv;data/github_osdb_data/repo_activity_statistics/repo_i_pr_rec_cnt.csv;outputs/reference_quotient_p0_frozen/analysis_seed_manifest_294.csv;outputs/reference_quotient_p0_frozen/rq1_project_reference_profiles.csv,MULTI_ARTIFACT_CONSISTENT_SOURCE_ORIGIN_UNKNOWN
h2gis,9074548,2013-03-28T10:12:05Z,2013-03-28T10:12:05Z,2013-03-28T10:12:05Z,NOT_AVAILABLE,TRUE,FALSE,data/github_osdb_data/dbfeatfusion_records_202410_automerged_manulabeled_with_repoid.csv;data/github_osdb_data/repo_activity_statistics/repo_i_pr_rec_cnt.csv;outputs/reference_quotient_p0_frozen/analysis_seed_manifest_294.csv;outputs/reference_quotient_p0_frozen/rq1_project_reference_profiles.csv,MULTI_ARTIFACT_CONSISTENT_SOURCE_ORIGIN_UNKNOWN
tendis,321853986,2020-12-16T03:12:23Z,2020-12-16T03:12:23Z,2020-12-16T03:12:23Z,NOT_AVAILABLE,TRUE,FALSE,data/github_osdb_data/dbfeatfusion_records_202410_automerged_manulabeled_with_repoid.csv;data/github_osdb_data/repo_activity_statistics/repo_i_pr_rec_cnt.csv;outputs/reference_quotient_p0_frozen/analysis_seed_manifest_294.csv;outputs/reference_quotient_p0_frozen/rq1_project_reference_profiles.csv,MULTI_ARTIFACT_CONSISTENT_SOURCE_ORIGIN_UNKNOWN
opentsdb,865412,2010-08-27T02:05:20Z,2010-08-27T02:05:20Z,2010-08-27T02:05:20Z,NOT_AVAILABLE,TRUE,FALSE,data/github_osdb_data/dbfeatfusion_records_202410_automerged_manulabeled_with_repoid.csv;data/github_osdb_data/repo_activity_statistics/repo_i_pr_rec_cnt.csv;outputs/reference_quotient_p0_frozen/analysis_seed_manifest_294.csv;outputs/reference_quotient_p0_frozen/rq1_project_reference_profiles.csv,MULTI_ARTIFACT_CONSISTENT_SOURCE_ORIGIN_UNKNOWN
lowdb,18351848,2014-04-02T02:16:06Z,2014-04-02T02:16:06Z,2014-04-02T02:16:06Z,NOT_AVAILABLE,TRUE,FALSE,data/github_osdb_data/dbfeatfusion_records_202410_automerged_manulabeled_with_repoid.csv;data/github_osdb_data/repo_activity_statistics/repo_i_pr_rec_cnt.csv;outputs/reference_quotient_p0_frozen/analysis_seed_manifest_294.csv;outputs/reference_quotient_p0_frozen/rq1_project_reference_profiles.csv,MULTI_ARTIFACT_CONSISTENT_SOURCE_ORIGIN_UNKNOWN
orbitdb,48617634,2015-12-26T17:02:28Z,2015-12-26T17:02:28Z,2015-12-26T17:02:28Z,NOT_AVAILABLE,TRUE,FALSE,data/github_osdb_data/dbfeatfusion_records_202410_automerged_manulabeled_with_repoid.csv;data/github_osdb_data/repo_activity_statistics/repo_i_pr_rec_cnt.csv;outputs/reference_quotient_p0_frozen/analysis_seed_manifest_294.csv;outputs/reference_quotient_p0_frozen/rq1_project_reference_profiles.csv,MULTI_ARTIFACT_CONSISTENT_SOURCE_ORIGIN_UNKNOWN
zodb,7357595,2012-12-28T17:47:39Z,2012-12-28T17:47:39Z,2012-12-28T17:47:39Z,NOT_AVAILABLE,TRUE,FALSE,data/github_osdb_data/dbfeatfusion_records_202410_automerged_manulabeled_with_repoid.csv;data/github_osdb_data/repo_activity_statistics/repo_i_pr_rec_cnt.csv;outputs/reference_quotient_p0_frozen/analysis_seed_manifest_294.csv;outputs/reference_quotient_p0_frozen/rq1_project_reference_profiles.csv,MULTI_ARTIFACT_CONSISTENT_SOURCE_ORIGIN_UNKNOWN
hyperdb,628503457,2023-04-16T06:27:39Z,2023-04-16T06:27:39Z,2023-04-16T06:27:39Z,NOT_AVAILABLE,TRUE,FALSE,data/github_osdb_data/dbfeatfusion_records_202410_automerged_manulabeled_with_repoid.csv;data/github_osdb_data/repo_activity_statistics/repo_i_pr_rec_cnt.csv;outputs/reference_quotient_p0_frozen/analysis_seed_manifest_294.csv;outputs/reference_quotient_p0_frozen/rq1_project_reference_profiles.csv,MULTI_ARTIFACT_CONSISTENT_SOURCE_ORIGIN_UNKNOWN
rrdtool,5761553,2012-09-11T07:41:14Z,2012-09-11T07:41:14Z,2012-09-11T07:41:14Z,NOT_AVAILABLE,TRUE,FALSE,data/github_osdb_data/dbfeatfusion_records_202410_automerged_manulabeled_with_repoid.csv;data/github_osdb_data/repo_activity_statistics/repo_i_pr_rec_cnt.csv;outputs/reference_quotient_p0_frozen/analysis_seed_manifest_294.csv;outputs/reference_quotient_p0_frozen/rq1_project_reference_profiles.csv,MULTI_ARTIFACT_CONSISTENT_SOURCE_ORIGIN_UNKNOWN
fireproof,679889516,2023-08-17T21:13:44Z,2023-08-17T21:13:44Z,2023-08-17T21:13:44Z,NOT_AVAILABLE,TRUE,FALSE,data/github_osdb_data/dbfeatfusion_records_202410_automerged_manulabeled_with_repoid.csv;data/github_osdb_data/repo_activity_statistics/repo_i_pr_rec_cnt.csv;outputs/reference_quotient_p0_frozen/analysis_seed_manifest_294.csv;outputs/reference_quotient_p0_frozen/rq1_project_reference_profiles.csv,MULTI_ARTIFACT_CONSISTENT_SOURCE_ORIGIN_UNKNOWN
tinydb,11380094,2013-07-12T23:31:13Z,2013-07-12T23:31:13Z,2013-07-12T23:31:13Z,NOT_AVAILABLE,TRUE,FALSE,data/github_osdb_data/dbfeatfusion_records_202410_automerged_manulabeled_with_repoid.csv;data/github_osdb_data/repo_activity_statistics/repo_i_pr_rec_cnt.csv;outputs/reference_quotient_p0_frozen/analysis_seed_manifest_294.csv;outputs/reference_quotient_p0_frozen/rq1_project_reference_profiles.csv,MULTI_ARTIFACT_CONSISTENT_SOURCE_ORIGIN_UNKNOWN
ramsql,26774602,2014-11-17T20:00:45Z,2014-11-17T20:00:45Z,2014-11-17T20:00:45Z,NOT_AVAILABLE,TRUE,FALSE,data/github_osdb_data/dbfeatfusion_records_202410_automerged_manulabeled_with_repoid.csv;data/github_osdb_data/repo_activity_statistics/repo_i_pr_rec_cnt.csv;outputs/reference_quotient_p0_frozen/analysis_seed_manifest_294.csv;outputs/reference_quotient_p0_frozen/rq1_project_reference_profiles.csv,MULTI_ARTIFACT_CONSISTENT_SOURCE_ORIGIN_UNKNOWN
herddb,52507351,2016-02-25T08:01:32Z,2016-02-25T08:01:32Z,2016-02-25T08:01:32Z,NOT_AVAILABLE,TRUE,FALSE,data/github_osdb_data/dbfeatfusion_records_202410_automerged_manulabeled_with_repoid.csv;data/github_osdb_data/repo_activity_statistics/repo_i_pr_rec_cnt.csv;outputs/reference_quotient_p0_frozen/analysis_seed_manifest_294.csv;outputs/reference_quotient_p0_frozen/rq1_project_reference_profiles.csv,MULTI_ARTIFACT_CONSISTENT_SOURCE_ORIGIN_UNKNOWN
dbeel,597066476,2023-02-03T14:56:30Z,2023-02-03T14:56:30Z,2023-02-03T14:56:30Z,NOT_AVAILABLE,TRUE,FALSE,data/github_osdb_data/dbfeatfusion_records_202410_automerged_manulabeled_with_repoid.csv;data/github_osdb_data/repo_activity_statistics/repo_i_pr_rec_cnt.csv;outputs/reference_quotient_p0_frozen/analysis_seed_manifest_294.csv;outputs/reference_quotient_p0_frozen/rq1_project_reference_profiles.csv,MULTI_ARTIFACT_CONSISTENT_SOURCE_ORIGIN_UNKNOWN
agensgraph,57401138,2016-04-29T17:19:07Z,2016-04-29T17:19:07Z,2016-04-29T17:19:07Z,NOT_AVAILABLE,TRUE,FALSE,data/github_osdb_data/dbfeatfusion_records_202410_automerged_manulabeled_with_repoid.csv;data/github_osdb_data/repo_activity_statistics/repo_i_pr_rec_cnt.csv;outputs/reference_quotient_p0_frozen/analysis_seed_manifest_294.csv;outputs/reference_quotient_p0_frozen/rq1_project_reference_profiles.csv,MULTI_ARTIFACT_CONSISTENT_SOURCE_ORIGIN_UNKNOWN
quokka,429630067,2021-11-19T01:17:06Z,2021-11-19T01:17:06Z,2021-11-19T01:17:06Z,NOT_AVAILABLE,TRUE,FALSE,data/github_osdb_data/dbfeatfusion_records_202410_automerged_manulabeled_with_repoid.csv;data/github_osdb_data/repo_activity_statistics/repo_i_pr_rec_cnt.csv;outputs/reference_quotient_p0_frozen/analysis_seed_manifest_294.csv;outputs/reference_quotient_p0_frozen/rq1_project_reference_profiles.csv,MULTI_ARTIFACT_CONSISTENT_SOURCE_ORIGIN_UNKNOWN
baikaldb,143436277,2018-08-03T14:19:12Z,2018-08-03T14:19:12Z,2018-08-03T14:19:12Z,NOT_AVAILABLE,TRUE,FALSE,data/github_osdb_data/dbfeatfusion_records_202410_automerged_manulabeled_with_repoid.csv;data/github_osdb_data/repo_activity_statistics/repo_i_pr_rec_cnt.csv;outputs/reference_quotient_p0_frozen/analysis_seed_manifest_294.csv;outputs/reference_quotient_p0_frozen/rq1_project_reference_profiles.csv,MULTI_ARTIFACT_CONSISTENT_SOURCE_ORIGIN_UNKNOWN
riak,613723,2010-04-16T14:51:16Z,2010-04-16T14:51:16Z,2010-04-16T14:51:16Z,NOT_AVAILABLE,TRUE,FALSE,data/github_osdb_data/dbfeatfusion_records_202410_automerged_manulabeled_with_repoid.csv;data/github_osdb_data/repo_activity_statistics/repo_i_pr_rec_cnt.csv;outputs/reference_quotient_p0_frozen/analysis_seed_manifest_294.csv;outputs/reference_quotient_p0_frozen/rq1_project_reference_profiles.csv,MULTI_ARTIFACT_CONSISTENT_SOURCE_ORIGIN_UNKNOWN
vectordb,635374751,2023-05-02T14:59:09Z,2023-05-02T14:59:09Z,2023-05-02T14:59:09Z,NOT_AVAILABLE,TRUE,FALSE,data/github_osdb_data/dbfeatfusion_records_202410_automerged_manulabeled_with_repoid.csv;data/github_osdb_data/repo_activity_statistics/repo_i_pr_rec_cnt.csv;outputs/reference_quotient_p0_frozen/analysis_seed_manifest_294.csv;outputs/reference_quotient_p0_frozen/rq1_project_reference_profiles.csv,MULTI_ARTIFACT_CONSISTENT_SOURCE_ORIGIN_UNKNOWN
griddb,52420005,2016-02-24T06:31:40Z,2016-02-24T06:31:40Z,2016-02-24T06:31:40Z,NOT_AVAILABLE,TRUE,FALSE,data/github_osdb_data/dbfeatfusion_records_202410_automerged_manulabeled_with_repoid.csv;data/github_osdb_data/repo_activity_statistics/repo_i_pr_rec_cnt.csv;outputs/reference_quotient_p0_frozen/analysis_seed_manifest_294.csv;outputs/reference_quotient_p0_frozen/rq1_project_reference_profiles.csv,MULTI_ARTIFACT_CONSISTENT_SOURCE_ORIGIN_UNKNOWN
mapdb,5453989,2012-08-17T15:28:54Z,2012-08-17T15:28:54Z,2012-08-17T15:28:54Z,NOT_AVAILABLE,TRUE,FALSE,data/github_osdb_data/dbfeatfusion_records_202410_automerged_manulabeled_with_repoid.csv;data/github_osdb_data/repo_activity_statistics/repo_i_pr_rec_cnt.csv;outputs/reference_quotient_p0_frozen/analysis_seed_manifest_294.csv;outputs/reference_quotient_p0_frozen/rq1_project_reference_profiles.csv,MULTI_ARTIFACT_CONSISTENT_SOURCE_ORIGIN_UNKNOWN
earthstar,266444815,2020-05-24T00:49:12Z,2020-05-24T00:49:12Z,2020-05-24T00:49:12Z,NOT_AVAILABLE,TRUE,FALSE,data/github_osdb_data/dbfeatfusion_records_202410_automerged_manulabeled_with_repoid.csv;data/github_osdb_data/repo_activity_statistics/repo_i_pr_rec_cnt.csv;outputs/reference_quotient_p0_frozen/analysis_seed_manifest_294.csv;outputs/reference_quotient_p0_frozen/rq1_project_reference_profiles.csv,MULTI_ARTIFACT_CONSISTENT_SOURCE_ORIGIN_UNKNOWN
graph-engine,81411018,2017-02-09T05:02:16Z,2017-02-09T05:02:16Z,2017-02-09T05:02:16Z,NOT_AVAILABLE,TRUE,FALSE,data/github_osdb_data/dbfeatfusion_records_202410_automerged_manulabeled_with_repoid.csv;data/github_osdb_data/repo_activity_statistics/repo_i_pr_rec_cnt.csv;outputs/reference_quotient_p0_frozen/analysis_seed_manifest_294.csv;outputs/reference_quotient_p0_frozen/rq1_project_reference_profiles.csv,MULTI_ARTIFACT_CONSISTENT_SOURCE_ORIGIN_UNKNOWN
datascript,18800032,2014-04-15T12:58:22Z,2014-04-15T12:58:22Z,2014-04-15T12:58:22Z,NOT_AVAILABLE,TRUE,FALSE,data/github_osdb_data/dbfeatfusion_records_202410_automerged_manulabeled_with_repoid.csv;data/github_osdb_data/repo_activity_statistics/repo_i_pr_rec_cnt.csv;outputs/reference_quotient_p0_frozen/analysis_seed_manifest_294.csv;outputs/reference_quotient_p0_frozen/rq1_project_reference_profiles.csv,MULTI_ARTIFACT_CONSISTENT_SOURCE_ORIGIN_UNKNOWN
geode,34839383,2015-04-30T07:00:05Z,2015-04-30T07:00:05Z,2015-04-30T07:00:05Z,NOT_AVAILABLE,TRUE,FALSE,data/github_osdb_data/dbfeatfusion_records_202410_automerged_manulabeled_with_repoid.csv;data/github_osdb_data/repo_activity_statistics/repo_i_pr_rec_cnt.csv;outputs/reference_quotient_p0_frozen/analysis_seed_manifest_294.csv;outputs/reference_quotient_p0_frozen/rq1_project_reference_profiles.csv,MULTI_ARTIFACT_CONSISTENT_SOURCE_ORIGIN_UNKNOWN
jackrabbit,206403,2009-05-21T01:43:24Z,2009-05-21T01:43:24Z,2009-05-21T01:43:24Z,NOT_AVAILABLE,TRUE,FALSE,data/github_osdb_data/dbfeatfusion_records_202410_automerged_manulabeled_with_repoid.csv;data/github_osdb_data/repo_activity_statistics/repo_i_pr_rec_cnt.csv;outputs/reference_quotient_p0_frozen/analysis_seed_manifest_294.csv;outputs/reference_quotient_p0_frozen/rq1_project_reference_profiles.csv,MULTI_ARTIFACT_CONSISTENT_SOURCE_ORIGIN_UNKNOWN
terarkdb,320459354,2020-12-11T03:42:58Z,2020-12-11T03:42:58Z,2020-12-11T03:42:58Z,NOT_AVAILABLE,TRUE,FALSE,data/github_osdb_data/dbfeatfusion_records_202410_automerged_manulabeled_with_repoid.csv;data/github_osdb_data/repo_activity_statistics/repo_i_pr_rec_cnt.csv;outputs/reference_quotient_p0_frozen/analysis_seed_manifest_294.csv;outputs/reference_quotient_p0_frozen/rq1_project_reference_profiles.csv,MULTI_ARTIFACT_CONSISTENT_SOURCE_ORIGIN_UNKNOWN
cursusdb,722117815,2023-11-22T13:26:09Z,2023-11-22T13:26:09Z,2023-11-22T13:26:09Z,NOT_AVAILABLE,TRUE,FALSE,data/github_osdb_data/dbfeatfusion_records_202410_automerged_manulabeled_with_repoid.csv;data/github_osdb_data/repo_activity_statistics/repo_i_pr_rec_cnt.csv;outputs/reference_quotient_p0_frozen/analysis_seed_manifest_294.csv;outputs/reference_quotient_p0_frozen/rq1_project_reference_profiles.csv,MULTI_ARTIFACT_CONSISTENT_SOURCE_ORIGIN_UNKNOWN
impala,56128733,2016-04-13T07:00:08Z,2016-04-13T07:00:08Z,2016-04-13T07:00:08Z,NOT_AVAILABLE,TRUE,FALSE,data/github_osdb_data/dbfeatfusion_records_202410_automerged_manulabeled_with_repoid.csv;data/github_osdb_data/repo_activity_statistics/repo_i_pr_rec_cnt.csv;outputs/reference_quotient_p0_frozen/analysis_seed_manifest_294.csv;outputs/reference_quotient_p0_frozen/rq1_project_reference_profiles.csv,MULTI_ARTIFACT_CONSISTENT_SOURCE_ORIGIN_UNKNOWN
cayley,20537104,2014-06-05T18:49:41Z,2014-06-05T18:49:41Z,2014-06-05T18:49:41Z,NOT_AVAILABLE,TRUE,FALSE,data/github_osdb_data/dbfeatfusion_records_202410_automerged_manulabeled_with_repoid.csv;data/github_osdb_data/repo_activity_statistics/repo_i_pr_rec_cnt.csv;outputs/reference_quotient_p0_frozen/analysis_seed_manifest_294.csv;outputs/reference_quotient_p0_frozen/rq1_project_reference_profiles.csv,MULTI_ARTIFACT_CONSISTENT_SOURCE_ORIGIN_UNKNOWN
nundb,160528020,2018-12-05T14:10:46Z,2018-12-05T14:10:46Z,2018-12-05T14:10:46Z,NOT_AVAILABLE,TRUE,FALSE,data/github_osdb_data/dbfeatfusion_records_202410_automerged_manulabeled_with_repoid.csv;data/github_osdb_data/repo_activity_statistics/repo_i_pr_rec_cnt.csv;outputs/reference_quotient_p0_frozen/analysis_seed_manifest_294.csv;outputs/reference_quotient_p0_frozen/rq1_project_reference_profiles.csv,MULTI_ARTIFACT_CONSISTENT_SOURCE_ORIGIN_UNKNOWN
stereodb,590507334,2023-01-18T15:19:57Z,2023-01-18T15:19:57Z,2023-01-18T15:19:57Z,NOT_AVAILABLE,TRUE,FALSE,data/github_osdb_data/dbfeatfusion_records_202410_automerged_manulabeled_with_repoid.csv;data/github_osdb_data/repo_activity_statistics/repo_i_pr_rec_cnt.csv;outputs/reference_quotient_p0_frozen/analysis_seed_manifest_294.csv;outputs/reference_quotient_p0_frozen/rq1_project_reference_profiles.csv,MULTI_ARTIFACT_CONSISTENT_SOURCE_ORIGIN_UNKNOWN
ejdb,6427744,2012-10-28T13:30:23Z,2012-10-28T13:30:23Z,2012-10-28T13:30:23Z,NOT_AVAILABLE,TRUE,FALSE,data/github_osdb_data/dbfeatfusion_records_202410_automerged_manulabeled_with_repoid.csv;data/github_osdb_data/repo_activity_statistics/repo_i_pr_rec_cnt.csv;outputs/reference_quotient_p0_frozen/analysis_seed_manifest_294.csv;outputs/reference_quotient_p0_frozen/rq1_project_reference_profiles.csv,MULTI_ARTIFACT_CONSISTENT_SOURCE_ORIGIN_UNKNOWN
pogreb,116522453,2018-01-06T23:16:36Z,2018-01-06T23:16:36Z,2018-01-06T23:16:36Z,NOT_AVAILABLE,TRUE,FALSE,data/github_osdb_data/dbfeatfusion_records_202410_automerged_manulabeled_with_repoid.csv;data/github_osdb_data/repo_activity_statistics/repo_i_pr_rec_cnt.csv;outputs/reference_quotient_p0_frozen/analysis_seed_manifest_294.csv;outputs/reference_quotient_p0_frozen/rq1_project_reference_profiles.csv,MULTI_ARTIFACT_CONSISTENT_SOURCE_ORIGIN_UNKNOWN
opentenbase,684046299,2023-08-28T10:44:36Z,2023-08-28T10:44:36Z,2023-08-28T10:44:36Z,NOT_AVAILABLE,TRUE,FALSE,data/github_osdb_data/dbfeatfusion_records_202410_automerged_manulabeled_with_repoid.csv;data/github_osdb_data/repo_activity_statistics/repo_i_pr_rec_cnt.csv;outputs/reference_quotient_p0_frozen/analysis_seed_manifest_294.csv;outputs/reference_quotient_p0_frozen/rq1_project_reference_profiles.csv,MULTI_ARTIFACT_CONSISTENT_SOURCE_ORIGIN_UNKNOWN
gstore,26917250,2014-11-20T14:59:01Z,2014-11-20T14:59:01Z,2014-11-20T14:59:01Z,NOT_AVAILABLE,TRUE,FALSE,data/github_osdb_data/dbfeatfusion_records_202410_automerged_manulabeled_with_repoid.csv;data/github_osdb_data/repo_activity_statistics/repo_i_pr_rec_cnt.csv;outputs/reference_quotient_p0_frozen/analysis_seed_manifest_294.csv;outputs/reference_quotient_p0_frozen/rq1_project_reference_profiles.csv,MULTI_ARTIFACT_CONSISTENT_SOURCE_ORIGIN_UNKNOWN
oasysdb,722854801,2023-11-24T05:38:45Z,2023-11-24T05:38:45Z,2023-11-24T05:38:45Z,NOT_AVAILABLE,TRUE,FALSE,data/github_osdb_data/dbfeatfusion_records_202410_automerged_manulabeled_with_repoid.csv;data/github_osdb_data/repo_activity_statistics/repo_i_pr_rec_cnt.csv;outputs/reference_quotient_p0_frozen/analysis_seed_manifest_294.csv;outputs/reference_quotient_p0_frozen/rq1_project_reference_profiles.csv,MULTI_ARTIFACT_CONSISTENT_SOURCE_ORIGIN_UNKNOWN
sonnerie,147880351,2018-09-07T22:24:22Z,2018-09-07T22:24:22Z,2018-09-07T22:24:22Z,NOT_AVAILABLE,TRUE,FALSE,data/github_osdb_data/dbfeatfusion_records_202410_automerged_manulabeled_with_repoid.csv;data/github_osdb_data/repo_activity_statistics/repo_i_pr_rec_cnt.csv;outputs/reference_quotient_p0_frozen/analysis_seed_manifest_294.csv;outputs/reference_quotient_p0_frozen/rq1_project_reference_profiles.csv,MULTI_ARTIFACT_CONSISTENT_SOURCE_ORIGIN_UNKNOWN
kairosdb,8039659,2013-02-05T22:27:48Z,2013-02-05T22:27:48Z,2013-02-05T22:27:48Z,NOT_AVAILABLE,TRUE,FALSE,data/github_osdb_data/dbfeatfusion_records_202410_automerged_manulabeled_with_repoid.csv;data/github_osdb_data/repo_activity_statistics/repo_i_pr_rec_cnt.csv;outputs/reference_quotient_p0_frozen/analysis_seed_manifest_294.csv;outputs/reference_quotient_p0_frozen/rq1_project_reference_profiles.csv,MULTI_ARTIFACT_CONSISTENT_SOURCE_ORIGIN_UNKNOWN
solr,50229487,2016-01-23T08:00:06Z,2016-01-23T08:00:06Z,2016-01-23T08:00:06Z,NOT_AVAILABLE,TRUE,FALSE,data/github_osdb_data/dbfeatfusion_records_202410_automerged_manulabeled_with_repoid.csv;data/github_osdb_data/repo_activity_statistics/repo_i_pr_rec_cnt.csv;outputs/reference_quotient_p0_frozen/analysis_seed_manifest_294.csv;outputs/reference_quotient_p0_frozen/rq1_project_reference_profiles.csv,MULTI_ARTIFACT_CONSISTENT_SOURCE_ORIGIN_UNKNOWN
column,371172777,2021-05-26T21:27:45Z,2021-05-26T21:27:45Z,2021-05-26T21:27:45Z,NOT_AVAILABLE,TRUE,FALSE,data/github_osdb_data/dbfeatfusion_records_202410_automerged_manulabeled_with_repoid.csv;data/github_osdb_data/repo_activity_statistics/repo_i_pr_rec_cnt.csv;outputs/reference_quotient_p0_frozen/analysis_seed_manifest_294.csv;outputs/reference_quotient_p0_frozen/rq1_project_reference_profiles.csv,MULTI_ARTIFACT_CONSISTENT_SOURCE_ORIGIN_UNKNOWN
cogdb,111333972,2017-11-19T21:35:00Z,2017-11-19T21:35:00Z,2017-11-19T21:35:00Z,NOT_AVAILABLE,TRUE,FALSE,data/github_osdb_data/dbfeatfusion_records_202410_automerged_manulabeled_with_repoid.csv;data/github_osdb_data/repo_activity_statistics/repo_i_pr_rec_cnt.csv;outputs/reference_quotient_p0_frozen/analysis_seed_manifest_294.csv;outputs/reference_quotient_p0_frozen/rq1_project_reference_profiles.csv,MULTI_ARTIFACT_CONSISTENT_SOURCE_ORIGIN_UNKNOWN
lokijs,11654790,2013-07-25T07:39:20Z,2013-07-25T07:39:20Z,2013-07-25T07:39:20Z,NOT_AVAILABLE,TRUE,FALSE,data/github_osdb_data/dbfeatfusion_records_202410_automerged_manulabeled_with_repoid.csv;data/github_osdb_data/repo_activity_statistics/repo_i_pr_rec_cnt.csv;outputs/reference_quotient_p0_frozen/analysis_seed_manifest_294.csv;outputs/reference_quotient_p0_frozen/rq1_project_reference_profiles.csv,MULTI_ARTIFACT_CONSISTENT_SOURCE_ORIGIN_UNKNOWN
toydb,183929744,2019-04-28T16:02:59Z,2019-04-28T16:02:59Z,2019-04-28T16:02:59Z,NOT_AVAILABLE,TRUE,FALSE,data/github_osdb_data/dbfeatfusion_records_202410_automerged_manulabeled_with_repoid.csv;data/github_osdb_data/repo_activity_statistics/repo_i_pr_rec_cnt.csv;outputs/reference_quotient_p0_frozen/analysis_seed_manifest_294.csv;outputs/reference_quotient_p0_frozen/rq1_project_reference_profiles.csv,MULTI_ARTIFACT_CONSISTENT_SOURCE_ORIGIN_UNKNOWN
xapian,735981,2010-06-23T15:51:03Z,2010-06-23T15:51:03Z,2010-06-23T15:51:03Z,NOT_AVAILABLE,TRUE,FALSE,data/github_osdb_data/dbfeatfusion_records_202410_automerged_manulabeled_with_repoid.csv;data/github_osdb_data/repo_activity_statistics/repo_i_pr_rec_cnt.csv;outputs/reference_quotient_p0_frozen/analysis_seed_manifest_294.csv;outputs/reference_quotient_p0_frozen/rq1_project_reference_profiles.csv,MULTI_ARTIFACT_CONSISTENT_SOURCE_ORIGIN_UNKNOWN
vectordb-kagi,632269609,2023-04-25T04:13:24Z,2023-04-25T04:13:24Z,2023-04-25T04:13:24Z,NOT_AVAILABLE,TRUE,FALSE,data/github_osdb_data/dbfeatfusion_records_202410_automerged_manulabeled_with_repoid.csv;data/github_osdb_data/repo_activity_statistics/repo_i_pr_rec_cnt.csv;outputs/reference_quotient_p0_frozen/analysis_seed_manifest_294.csv;outputs/reference_quotient_p0_frozen/rq1_project_reference_profiles.csv,MULTI_ARTIFACT_CONSISTENT_SOURCE_ORIGIN_UNKNOWN
tkrzw,278320002,2020-07-09T09:23:22Z,2020-07-09T09:23:22Z,2020-07-09T09:23:22Z,NOT_AVAILABLE,TRUE,FALSE,data/github_osdb_data/dbfeatfusion_records_202410_automerged_manulabeled_with_repoid.csv;data/github_osdb_data/repo_activity_statistics/repo_i_pr_rec_cnt.csv;outputs/reference_quotient_p0_frozen/analysis_seed_manifest_294.csv;outputs/reference_quotient_p0_frozen/rq1_project_reference_profiles.csv,MULTI_ARTIFACT_CONSISTENT_SOURCE_ORIGIN_UNKNOWN
camadb,411979983,2021-09-30T08:16:18Z,2021-09-30T08:16:18Z,2021-09-30T08:16:18Z,NOT_AVAILABLE,TRUE,FALSE,data/github_osdb_data/dbfeatfusion_records_202410_automerged_manulabeled_with_repoid.csv;data/github_osdb_data/repo_activity_statistics/repo_i_pr_rec_cnt.csv;outputs/reference_quotient_p0_frozen/analysis_seed_manifest_294.csv;outputs/reference_quotient_p0_frozen/rq1_project_reference_profiles.csv,MULTI_ARTIFACT_CONSISTENT_SOURCE_ORIGIN_UNKNOWN
cachelotio,33275300,2015-04-01T21:59:52Z,2015-04-01T21:59:52Z,2015-04-01T21:59:52Z,NOT_AVAILABLE,TRUE,FALSE,data/github_osdb_data/dbfeatfusion_records_202410_automerged_manulabeled_with_repoid.csv;data/github_osdb_data/repo_activity_statistics/repo_i_pr_rec_cnt.csv;outputs/reference_quotient_p0_frozen/analysis_seed_manifest_294.csv;outputs/reference_quotient_p0_frozen/rq1_project_reference_profiles.csv,MULTI_ARTIFACT_CONSISTENT_SOURCE_ORIGIN_UNKNOWN
edgelessdb,341208515,2021-02-22T13:24:30Z,2021-02-22T13:24:30Z,2021-02-22T13:24:30Z,NOT_AVAILABLE,TRUE,FALSE,data/github_osdb_data/dbfeatfusion_records_202410_automerged_manulabeled_with_repoid.csv;data/github_osdb_data/repo_activity_statistics/repo_i_pr_rec_cnt.csv;outputs/reference_quotient_p0_frozen/analysis_seed_manifest_294.csv;outputs/reference_quotient_p0_frozen/rq1_project_reference_profiles.csv,MULTI_ARTIFACT_CONSISTENT_SOURCE_ORIGIN_UNKNOWN
vanilladb,61269853,2016-06-16T07:01:25Z,2016-06-16T07:01:25Z,2016-06-16T07:01:25Z,NOT_AVAILABLE,TRUE,FALSE,data/github_osdb_data/dbfeatfusion_records_202410_automerged_manulabeled_with_repoid.csv;data/github_osdb_data/repo_activity_statistics/repo_i_pr_rec_cnt.csv;outputs/reference_quotient_p0_frozen/analysis_seed_manifest_294.csv;outputs/reference_quotient_p0_frozen/rq1_project_reference_profiles.csv,MULTI_ARTIFACT_CONSISTENT_SOURCE_ORIGIN_UNKNOWN
paper,37285717,2015-06-11T20:55:15Z,2015-06-11T20:55:15Z,2015-06-11T20:55:15Z,NOT_AVAILABLE,TRUE,FALSE,data/github_osdb_data/dbfeatfusion_records_202410_automerged_manulabeled_with_repoid.csv;data/github_osdb_data/repo_activity_statistics/repo_i_pr_rec_cnt.csv;outputs/reference_quotient_p0_frozen/analysis_seed_manifest_294.csv;outputs/reference_quotient_p0_frozen/rq1_project_reference_profiles.csv,MULTI_ARTIFACT_CONSISTENT_SOURCE_ORIGIN_UNKNOWN
agatedb,184227406,2019-04-30T08:54:17Z,2019-04-30T08:54:17Z,2019-04-30T08:54:17Z,NOT_AVAILABLE,TRUE,FALSE,data/github_osdb_data/dbfeatfusion_records_202410_automerged_manulabeled_with_repoid.csv;data/github_osdb_data/repo_activity_statistics/repo_i_pr_rec_cnt.csv;outputs/reference_quotient_p0_frozen/analysis_seed_manifest_294.csv;outputs/reference_quotient_p0_frozen/rq1_project_reference_profiles.csv,MULTI_ARTIFACT_CONSISTENT_SOURCE_ORIGIN_UNKNOWN
sleekdb,129436009,2018-04-13T17:50:14Z,2018-04-13T17:50:14Z,2018-04-13T17:50:14Z,NOT_AVAILABLE,TRUE,FALSE,data/github_osdb_data/dbfeatfusion_records_202410_automerged_manulabeled_with_repoid.csv;data/github_osdb_data/repo_activity_statistics/repo_i_pr_rec_cnt.csv;outputs/reference_quotient_p0_frozen/analysis_seed_manifest_294.csv;outputs/reference_quotient_p0_frozen/rq1_project_reference_profiles.csv,MULTI_ARTIFACT_CONSISTENT_SOURCE_ORIGIN_UNKNOWN
sneller,474070793,2022-03-25T15:46:05Z,2022-03-25T15:46:05Z,2022-03-25T15:46:05Z,NOT_AVAILABLE,TRUE,FALSE,data/github_osdb_data/dbfeatfusion_records_202410_automerged_manulabeled_with_repoid.csv;data/github_osdb_data/repo_activity_statistics/repo_i_pr_rec_cnt.csv;outputs/reference_quotient_p0_frozen/analysis_seed_manifest_294.csv;outputs/reference_quotient_p0_frozen/rq1_project_reference_profiles.csv,MULTI_ARTIFACT_CONSISTENT_SOURCE_ORIGIN_UNKNOWN
extensible-storage-engine,331747853,2021-01-21T20:34:01Z,2021-01-21T20:34:01Z,2021-01-21T20:34:01Z,NOT_AVAILABLE,TRUE,FALSE,data/github_osdb_data/dbfeatfusion_records_202410_automerged_manulabeled_with_repoid.csv;data/github_osdb_data/repo_activity_statistics/repo_i_pr_rec_cnt.csv;outputs/reference_quotient_p0_frozen/analysis_seed_manifest_294.csv;outputs/reference_quotient_p0_frozen/rq1_project_reference_profiles.csv,MULTI_ARTIFACT_CONSISTENT_SOURCE_ORIGIN_UNKNOWN
evcache,8103021,2013-02-08T22:52:57Z,2013-02-08T22:52:57Z,2013-02-08T22:52:57Z,NOT_AVAILABLE,TRUE,FALSE,data/github_osdb_data/dbfeatfusion_records_202410_automerged_manulabeled_with_repoid.csv;data/github_osdb_data/repo_activity_statistics/repo_i_pr_rec_cnt.csv;outputs/reference_quotient_p0_frozen/analysis_seed_manifest_294.csv;outputs/reference_quotient_p0_frozen/rq1_project_reference_profiles.csv,MULTI_ARTIFACT_CONSISTENT_SOURCE_ORIGIN_UNKNOWN
redcon,64404140,2016-07-28T14:52:34Z,2016-07-28T14:52:34Z,2016-07-28T14:52:34Z,NOT_AVAILABLE,TRUE,FALSE,data/github_osdb_data/dbfeatfusion_records_202410_automerged_manulabeled_with_repoid.csv;data/github_osdb_data/repo_activity_statistics/repo_i_pr_rec_cnt.csv;outputs/reference_quotient_p0_frozen/analysis_seed_manifest_294.csv;outputs/reference_quotient_p0_frozen/rq1_project_reference_profiles.csv,MULTI_ARTIFACT_CONSISTENT_SOURCE_ORIGIN_UNKNOWN
sqlite,176278485,2019-03-18T12:21:01Z,2019-03-18T12:21:01Z,2019-03-18T12:21:01Z,NOT_AVAILABLE,TRUE,FALSE,data/github_osdb_data/dbfeatfusion_records_202410_automerged_manulabeled_with_repoid.csv;data/github_osdb_data/repo_activity_statistics/repo_i_pr_rec_cnt.csv;outputs/reference_quotient_p0_frozen/analysis_seed_manifest_294.csv;outputs/reference_quotient_p0_frozen/rq1_project_reference_profiles.csv,MULTI_ARTIFACT_CONSISTENT_SOURCE_ORIGIN_UNKNOWN
kudu,50647838,2016-01-29T08:00:06Z,2016-01-29T08:00:06Z,2016-01-29T08:00:06Z,NOT_AVAILABLE,TRUE,FALSE,data/github_osdb_data/dbfeatfusion_records_202410_automerged_manulabeled_with_repoid.csv;data/github_osdb_data/repo_activity_statistics/repo_i_pr_rec_cnt.csv;outputs/reference_quotient_p0_frozen/analysis_seed_manifest_294.csv;outputs/reference_quotient_p0_frozen/rq1_project_reference_profiles.csv,MULTI_ARTIFACT_CONSISTENT_SOURCE_ORIGIN_UNKNOWN
buntdb,63731386,2016-07-19T22:11:40Z,2016-07-19T22:11:40Z,2016-07-19T22:11:40Z,NOT_AVAILABLE,TRUE,FALSE,data/github_osdb_data/dbfeatfusion_records_202410_automerged_manulabeled_with_repoid.csv;data/github_osdb_data/repo_activity_statistics/repo_i_pr_rec_cnt.csv;outputs/reference_quotient_p0_frozen/analysis_seed_manifest_294.csv;outputs/reference_quotient_p0_frozen/rq1_project_reference_profiles.csv,MULTI_ARTIFACT_CONSISTENT_SOURCE_ORIGIN_UNKNOWN
dremio,97518356,2017-07-17T20:17:04Z,2017-07-17T20:17:04Z,2017-07-17T20:17:04Z,NOT_AVAILABLE,TRUE,FALSE,data/github_osdb_data/dbfeatfusion_records_202410_automerged_manulabeled_with_repoid.csv;data/github_osdb_data/repo_activity_statistics/repo_i_pr_rec_cnt.csv;outputs/reference_quotient_p0_frozen/analysis_seed_manifest_294.csv;outputs/reference_quotient_p0_frozen/rq1_project_reference_profiles.csv,MULTI_ARTIFACT_CONSISTENT_SOURCE_ORIGIN_UNKNOWN
btdb,681142,2010-05-22T22:23:23Z,2010-05-22T22:23:23Z,2010-05-22T22:23:23Z,NOT_AVAILABLE,TRUE,FALSE,data/github_osdb_data/dbfeatfusion_records_202410_automerged_manulabeled_with_repoid.csv;data/github_osdb_data/repo_activity_statistics/repo_i_pr_rec_cnt.csv;outputs/reference_quotient_p0_frozen/analysis_seed_manifest_294.csv;outputs/reference_quotient_p0_frozen/rq1_project_reference_profiles.csv,MULTI_ARTIFACT_CONSISTENT_SOURCE_ORIGIN_UNKNOWN
castledb,5912693,2012-09-22T11:57:28Z,2012-09-22T11:57:28Z,2012-09-22T11:57:28Z,NOT_AVAILABLE,TRUE,FALSE,data/github_osdb_data/dbfeatfusion_records_202410_automerged_manulabeled_with_repoid.csv;data/github_osdb_data/repo_activity_statistics/repo_i_pr_rec_cnt.csv;outputs/reference_quotient_p0_frozen/analysis_seed_manifest_294.csv;outputs/reference_quotient_p0_frozen/rq1_project_reference_profiles.csv,MULTI_ARTIFACT_CONSISTENT_SOURCE_ORIGIN_UNKNOWN
asterixdb,31976266,2015-03-10T19:06:29Z,2015-03-10T19:06:29Z,2015-03-10T19:06:29Z,NOT_AVAILABLE,TRUE,FALSE,data/github_osdb_data/dbfeatfusion_records_202410_automerged_manulabeled_with_repoid.csv;data/github_osdb_data/repo_activity_statistics/repo_i_pr_rec_cnt.csv;outputs/reference_quotient_p0_frozen/analysis_seed_manifest_294.csv;outputs/reference_quotient_p0_frozen/rq1_project_reference_profiles.csv,MULTI_ARTIFACT_CONSISTENT_SOURCE_ORIGIN_UNKNOWN
threaddb,197858776,2019-07-20T00:24:31Z,2019-07-20T00:24:31Z,2019-07-20T00:24:31Z,NOT_AVAILABLE,TRUE,FALSE,data/github_osdb_data/dbfeatfusion_records_202410_automerged_manulabeled_with_repoid.csv;data/github_osdb_data/repo_activity_statistics/repo_i_pr_rec_cnt.csv;outputs/reference_quotient_p0_frozen/analysis_seed_manifest_294.csv;outputs/reference_quotient_p0_frozen/rq1_project_reference_profiles.csv,MULTI_ARTIFACT_CONSISTENT_SOURCE_ORIGIN_UNKNOWN
brightstardb,8335020,2013-02-21T12:52:27Z,2013-02-21T12:52:27Z,2013-02-21T12:52:27Z,NOT_AVAILABLE,TRUE,FALSE,data/github_osdb_data/dbfeatfusion_records_202410_automerged_manulabeled_with_repoid.csv;data/github_osdb_data/repo_activity_statistics/repo_i_pr_rec_cnt.csv;outputs/reference_quotient_p0_frozen/analysis_seed_manifest_294.csv;outputs/reference_quotient_p0_frozen/rq1_project_reference_profiles.csv,MULTI_ARTIFACT_CONSISTENT_SOURCE_ORIGIN_UNKNOWN
coreobject,15001136,2013-12-07T06:34:10Z,2013-12-07T06:34:10Z,2013-12-07T06:34:10Z,NOT_AVAILABLE,TRUE,FALSE,data/github_osdb_data/dbfeatfusion_records_202410_automerged_manulabeled_with_repoid.csv;data/github_osdb_data/repo_activity_statistics/repo_i_pr_rec_cnt.csv;outputs/reference_quotient_p0_frozen/analysis_seed_manifest_294.csv;outputs/reference_quotient_p0_frozen/rq1_project_reference_profiles.csv,MULTI_ARTIFACT_CONSISTENT_SOURCE_ORIGIN_UNKNOWN
blazegraph,48451041,2015-12-22T19:52:44Z,2015-12-22T19:52:44Z,2015-12-22T19:52:44Z,NOT_AVAILABLE,TRUE,FALSE,data/github_osdb_data/dbfeatfusion_records_202410_automerged_manulabeled_with_repoid.csv;data/github_osdb_data/repo_activity_statistics/repo_i_pr_rec_cnt.csv;outputs/reference_quotient_p0_frozen/analysis_seed_manifest_294.csv;outputs/reference_quotient_p0_frozen/rq1_project_reference_profiles.csv,MULTI_ARTIFACT_CONSISTENT_SOURCE_ORIGIN_UNKNOWN
neventstore,738338,2010-06-24T20:28:53Z,2010-06-24T20:28:53Z,2010-06-24T20:28:53Z,NOT_AVAILABLE,TRUE,FALSE,data/github_osdb_data/dbfeatfusion_records_202410_automerged_manulabeled_with_repoid.csv;data/github_osdb_data/repo_activity_statistics/repo_i_pr_rec_cnt.csv;outputs/reference_quotient_p0_frozen/analysis_seed_manifest_294.csv;outputs/reference_quotient_p0_frozen/rq1_project_reference_profiles.csv,MULTI_ARTIFACT_CONSISTENT_SOURCE_ORIGIN_UNKNOWN
redwood,210997817,2019-09-26T04:13:14Z,2019-09-26T04:13:14Z,2019-09-26T04:13:14Z,NOT_AVAILABLE,TRUE,FALSE,data/github_osdb_data/dbfeatfusion_records_202410_automerged_manulabeled_with_repoid.csv;data/github_osdb_data/repo_activity_statistics/repo_i_pr_rec_cnt.csv;outputs/reference_quotient_p0_frozen/analysis_seed_manifest_294.csv;outputs/reference_quotient_p0_frozen/rq1_project_reference_profiles.csv,MULTI_ARTIFACT_CONSISTENT_SOURCE_ORIGIN_UNKNOWN
bitsy,85236158,2017-03-16T19:54:58Z,2017-03-16T19:54:58Z,2017-03-16T19:54:58Z,NOT_AVAILABLE,TRUE,FALSE,data/github_osdb_data/dbfeatfusion_records_202410_automerged_manulabeled_with_repoid.csv;data/github_osdb_data/repo_activity_statistics/repo_i_pr_rec_cnt.csv;outputs/reference_quotient_p0_frozen/analysis_seed_manifest_294.csv;outputs/reference_quotient_p0_frozen/rq1_project_reference_profiles.csv,MULTI_ARTIFACT_CONSISTENT_SOURCE_ORIGIN_UNKNOWN
pysondb,416174776,2021-10-12T03:53:50Z,2021-10-12T03:53:50Z,2021-10-12T03:53:50Z,NOT_AVAILABLE,TRUE,FALSE,data/github_osdb_data/dbfeatfusion_records_202410_automerged_manulabeled_with_repoid.csv;data/github_osdb_data/repo_activity_statistics/repo_i_pr_rec_cnt.csv;outputs/reference_quotient_p0_frozen/analysis_seed_manifest_294.csv;outputs/reference_quotient_p0_frozen/rq1_project_reference_profiles.csv,MULTI_ARTIFACT_CONSISTENT_SOURCE_ORIGIN_UNKNOWN
ssdb,7561862,2013-01-11T15:19:07Z,2013-01-11T15:19:07Z,2013-01-11T15:19:07Z,NOT_AVAILABLE,TRUE,FALSE,data/github_osdb_data/dbfeatfusion_records_202410_automerged_manulabeled_with_repoid.csv;data/github_osdb_data/repo_activity_statistics/repo_i_pr_rec_cnt.csv;outputs/reference_quotient_p0_frozen/analysis_seed_manifest_294.csv;outputs/reference_quotient_p0_frozen/rq1_project_reference_profiles.csv,MULTI_ARTIFACT_CONSISTENT_SOURCE_ORIGIN_UNKNOWN
aerospike,124315604,2018-03-08T00:59:46Z,2018-03-08T00:59:46Z,2018-03-08T00:59:46Z,NOT_AVAILABLE,TRUE,FALSE,data/github_osdb_data/dbfeatfusion_records_202410_automerged_manulabeled_with_repoid.csv;data/github_osdb_data/repo_activity_statistics/repo_i_pr_rec_cnt.csv;outputs/reference_quotient_p0_frozen/analysis_seed_manifest_294.csv;outputs/reference_quotient_p0_frozen/rq1_project_reference_profiles.csv,MULTI_ARTIFACT_CONSISTENT_SOURCE_ORIGIN_UNKNOWN
asami,131763823,2018-05-01T21:14:38Z,2018-05-01T21:14:38Z,2018-05-01T21:14:38Z,NOT_AVAILABLE,TRUE,FALSE,data/github_osdb_data/dbfeatfusion_records_202410_automerged_manulabeled_with_repoid.csv;data/github_osdb_data/repo_activity_statistics/repo_i_pr_rec_cnt.csv;outputs/reference_quotient_p0_frozen/analysis_seed_manifest_294.csv;outputs/reference_quotient_p0_frozen/rq1_project_reference_profiles.csv,MULTI_ARTIFACT_CONSISTENT_SOURCE_ORIGIN_UNKNOWN
lingodb,509396909,2022-07-01T09:31:15Z,2022-07-01T09:31:15Z,2022-07-01T09:31:15Z,NOT_AVAILABLE,TRUE,FALSE,data/github_osdb_data/dbfeatfusion_records_202410_automerged_manulabeled_with_repoid.csv;data/github_osdb_data/repo_activity_statistics/repo_i_pr_rec_cnt.csv;outputs/reference_quotient_p0_frozen/analysis_seed_manifest_294.csv;outputs/reference_quotient_p0_frozen/rq1_project_reference_profiles.csv,MULTI_ARTIFACT_CONSISTENT_SOURCE_ORIGIN_UNKNOWN
greatsql,345982729,2021-03-09T11:27:23Z,2021-03-09T11:27:23Z,2021-03-09T11:27:23Z,NOT_AVAILABLE,TRUE,FALSE,data/github_osdb_data/dbfeatfusion_records_202410_automerged_manulabeled_with_repoid.csv;data/github_osdb_data/repo_activity_statistics/repo_i_pr_rec_cnt.csv;outputs/reference_quotient_p0_frozen/analysis_seed_manifest_294.csv;outputs/reference_quotient_p0_frozen/rq1_project_reference_profiles.csv,MULTI_ARTIFACT_CONSISTENT_SOURCE_ORIGIN_UNKNOWN
endatabas,587246478,2023-01-10T09:57:42Z,2023-01-10T09:57:42Z,2023-01-10T09:57:42Z,NOT_AVAILABLE,TRUE,FALSE,data/github_osdb_data/dbfeatfusion_records_202410_automerged_manulabeled_with_repoid.csv;data/github_osdb_data/repo_activity_statistics/repo_i_pr_rec_cnt.csv;outputs/reference_quotient_p0_frozen/analysis_seed_manifest_294.csv;outputs/reference_quotient_p0_frozen/rq1_project_reference_profiles.csv,MULTI_ARTIFACT_CONSISTENT_SOURCE_ORIGIN_UNKNOWN
bigchaindb,51290852,2016-02-08T10:12:58Z,2016-02-08T10:12:58Z,2016-02-08T10:12:58Z,NOT_AVAILABLE,TRUE,FALSE,data/github_osdb_data/dbfeatfusion_records_202410_automerged_manulabeled_with_repoid.csv;data/github_osdb_data/repo_activity_statistics/repo_i_pr_rec_cnt.csv;outputs/reference_quotient_p0_frozen/analysis_seed_manifest_294.csv;outputs/reference_quotient_p0_frozen/rq1_project_reference_profiles.csv,MULTI_ARTIFACT_CONSISTENT_SOURCE_ORIGIN_UNKNOWN
covenantsql,129072319,2018-04-11T09:52:58Z,2018-04-11T09:52:58Z,2018-04-11T09:52:58Z,NOT_AVAILABLE,TRUE,FALSE,data/github_osdb_data/dbfeatfusion_records_202410_automerged_manulabeled_with_repoid.csv;data/github_osdb_data/repo_activity_statistics/repo_i_pr_rec_cnt.csv;outputs/reference_quotient_p0_frozen/analysis_seed_manifest_294.csv;outputs/reference_quotient_p0_frozen/rq1_project_reference_profiles.csv,MULTI_ARTIFACT_CONSISTENT_SOURCE_ORIGIN_UNKNOWN
pickledb,2662146,2011-10-28T00:04:40Z,2011-10-28T00:04:40Z,2011-10-28T00:04:40Z,NOT_AVAILABLE,TRUE,FALSE,data/github_osdb_data/dbfeatfusion_records_202410_automerged_manulabeled_with_repoid.csv;data/github_osdb_data/repo_activity_statistics/repo_i_pr_rec_cnt.csv;outputs/reference_quotient_p0_frozen/analysis_seed_manifest_294.csv;outputs/reference_quotient_p0_frozen/rq1_project_reference_profiles.csv,MULTI_ARTIFACT_CONSISTENT_SOURCE_ORIGIN_UNKNOWN
