numeric_claim_id,section,line_or_table,exact_text,numeric_tokens,claim_class,frozen_authority,authority_key_or_row,display_transform,verification_status,notes
"QNUM0004","## 摘要","line 4","开源数据库管理系统（DBMS）生态具有长期维护、兼容性约束、扩展机制以及与标准、驱动、工具和测试资源相联系的复杂跨项目语境。许多项目间关联难以仅通过包依赖或代码调用观察。Reference Coupling 研究已经表明，GitHub cross-project references 可以形成有向、按引用次数加权的项目级网络，并用于软件生态分析 [@blincoe2015ecosystems; @blincoe2019referencecoupling]。这些显式 Reference evidence 也为包依赖和代码调用之外的项目关联提供了 additional observable evidence；但从异质细粒度 evidence 到项目级关系的构造过程，仍需要明确 membership semantics、endpoint eligibility、聚合语义和观测边界。","015;019","SCIENTIFIC_RESULT","outputs/reference_quotient_p0_corrected_v3/manifest.json","status;manifest_sha256;config_sha256","INTEGER_FORMAT","MAPPED","actual final QA manuscript numeric-bearing line rescanned"
"QNUM0008","## 摘要","line 8","本文以 GitHub 平台 294 个开源 DBMS 项目作为征引侧种子样本，基于 GH_CoRE（GitHub Collaboration Relation Extraction）处理链抽取、校验并组织协作引用关系。观测窗口共扫描 3,748,078 条输入 Reference records，经 source-admission 后保留 3,747,958 条 admitted source-observation records，其中 1,586,047 条进入 quotient-eligible project-mappable 子域；Project-level RefQN 的完整节点域为 6,506 个项目，其中 6,505 个节点有边观测，形成 9,884 条含自环的有向 RefQ edges（其中 289 条为自环、9,595 条为跨项目边）。其无向派生视图包含 9,547 条边，最大连通子图包含 6,367 个节点和 9,462 条无向边。","294;3,748,078;3,747,958;1,586,047;6,506;6,505;9,884;289;9,595;9,547;6,367;9,462","SCIENTIFIC_RESULT","outputs/reference_quotient_p0_corrected_v3/quotient_construction_audit.json","scanned_input_rows;retained_reference_records;quotient_eligible_records;refq_node_domain;refq_directed_edges_including_self_loops;refq_directed_cross_project_edges;lcc_nodes;lcc_edges","INTEGER_FORMAT","MAPPED","actual final QA manuscript numeric-bearing line rescanned"
"QNUM0016","## 1 引言","line 16","## 1 引言","1","NON_SCIENTIFIC_FORMATTING","N/A","N/A","INTEGER_FORMAT","NOT_APPLICABLE","actual final QA manuscript numeric-bearing line rescanned"
"QNUM0018","### 1.1 开源 DBMS 生态中的可观测 Reference evidence","line 18","### 1.1 开源 DBMS 生态中的可观测 Reference evidence","1.1","NON_SCIENTIFIC_FORMATTING","N/A","N/A","INTEGER_FORMAT","NOT_APPLICABLE","actual final QA manuscript numeric-bearing line rescanned"
"QNUM0021","### 1.1 开源 DBMS 生态中的可观测 Reference evidence","line 21","从软件生态系统研究视角看，开源软件研究已经从单项目质量、贡献者参与和代码演化，逐步扩展到跨项目依赖、生态治理、知识扩散和社会技术协同等问题 [@francobedoya2017ossecosystems; @manikas2013ecosystemslr; @manikas2016revisitingecosystems]。在 DBMS 场景中，已有研究分别考察了 DBMS extensibility 和开源项目中的 DBMS adoption，这些工作说明扩展机制、系统适配和采用情境是可独立检验的领域问题 [@kim2025dbmsextensibility; @paiva2025dbmsadoption]。结合 DBMS 的长期维护与跨项目工具链语境，本文据此把 DBMS 作为检验协作上下文、显式 Reference 指向和项目间结构关系的垂直研究场景，而不把上述文献扩展为对所有协作动机的证明。","017;013;016;025","HISTORICAL_COMPARISON","N/A","N/A","INTEGER_FORMAT","NOT_APPLICABLE","actual final QA manuscript numeric-bearing line rescanned"
"QNUM0023","### 1.1 开源 DBMS 生态中的可观测 Reference evidence","line 23","DBMS 场景还具有明确的技术语义约束。已有经验工作分别展示了开源项目中的多数据库模型使用，以及 FOSS 项目的 source/schema co-evolution [@benats2021multidatabasemodels; @vassiliadis2023sourceschemaevolution]。这些已验证的领域现象与 SQL 方言、事务、复制、存储和查询处理等 DBMS 技术语境共同构成本文的研究动机，但本文不把前述两篇文献解释为已经证明所有 Reference motives。项目维护者在 Issue、Pull Request、Commit 和评论中引用其他项目、标准文档、测试用例、代码实现或历史讨论，可以留下问题定位、方案比较、依赖说明或上下文补充的可追溯证据。基于这些协作痕迹构建项目级关系，需要同时保留 Reference evidence 的方向、项目归属、聚合强度和解释边界。","021;023","HISTORICAL_COMPARISON","N/A","N/A","INTEGER_FORMAT","NOT_APPLICABLE","actual final QA manuscript numeric-bearing line rescanned"
"QNUM0025","### 1.2 Reference Coupling、图粗化与 Reference Quotient","line 25","### 1.2 Reference Coupling、图粗化与 Reference Quotient","1.2","NON_SCIENTIFIC_FORMATTING","N/A","N/A","INTEGER_FORMAT","NOT_APPLICABLE","actual final QA manuscript numeric-bearing line rescanned"
"QNUM0026","### 1.2 Reference Coupling、图粗化与 Reference Quotient","line 26","本文将 Reference Coupling 保留为软件工程领域的相关构念和研究动机来源。Blincoe 等人 2015/2019 的工作已经将 GitHub cross-project references 映射为 project-level directed graph，以 project-pair cross-reference count 作为 edge weight，并将该网络用于 ecosystem/community 或 dependency-oriented analysis [@blincoe2015ecosystems; @blincoe2019referencecoupling]。这些研究还明确提醒，图的方向表示 cross-reference 的方向，并不自动等于真实 technical dependency 的语义方向。因此，本文不把 project-level aggregation、direction 或 count weighting 本身作为新颖性，也不把 Reference Coupling 直接作为本文的数学对象名称。","2015;2019;015;019","HISTORICAL_COMPARISON","N/A","N/A","INTEGER_FORMAT","NOT_APPLICABLE","actual final QA manuscript numeric-bearing line rescanned"
"QNUM0028","### 1.2 Reference Coupling、图粗化与 Reference Quotient","line 28","本文的数学基础来自 graph reduction/coarsening 与 quotient-network 文献。Loukas 以 surjective many-to-one vertex mapping、contraction sets 和 induced partition 说明图粗化如何把细粒度节点映射到较小的 coarse graph [@loukas2019graphreduction]；Sánchez-García 讨论了相对于 partition 的 quotient network、characteristic matrix 以及一般可为 directed and weighted 的 quotient aggregation [@sanchezgarcia2020quotientnetwork]；Xiao 等人提供了 network quotient 与结构粗化的经典背景 [@xiao2008networkquotients]。在本文中，partition 的来源不是 symmetry、automorphism、equitable partition 或 spectral optimization，而是 artifact-to-project semantic membership；RefQ 也不继承这些文献中的 symmetry 或 spectral guarantees。","019;020;008","HISTORICAL_COMPARISON","N/A","N/A","INTEGER_FORMAT","NOT_APPLICABLE","actual final QA manuscript numeric-bearing line rescanned"
"QNUM0030","### 1.2 Reference Coupling、图粗化与 Reference Quotient","line 30","基于上述经验先例与数学基础，本文将细粒度 Reference evidence 经 semantic membership quotient 后得到的高层关系构念定义为 Reference Quotient（RefQ），其网络表示称为 Reference Quotient Network（RefQN）。本文的具体对象是 Project-level RefQN：source 侧由 294 个分析 seed DBMS projects 完整观测，target 侧则向可识别的 referenced projects 扩展。RefQ 是对已有 project-level direct-reference aggregation 的 formalization/reframing，不声称发明 project-reference network 或 quotient operator。RefQ relation 保留引用方向、项目归属和聚合证据强度，但不自动表示 package dependency、code dependency、技术采用、隐含知识过程、因果影响或 Issue 被 PR 解决。","294","HISTORICAL_COMPARISON","N/A","N/A","INTEGER_FORMAT","NOT_APPLICABLE","actual final QA manuscript numeric-bearing line rescanned"
"QNUM0036","### 1.2 Reference Coupling、图粗化与 Reference Quotient","line 36","Blincoe 2015/2019 与 IREL 已分别提供了 cross-reference 到项目级网络的经验先例，以及 URL/Num/SHA reference extraction 和 project identity/rename resolution 的识别先例 [@blincoe2015ecosystems; @blincoe2019referencecoupling; @liu2022irel]。本文的增量不是否认这些已有操作，而是把 observable fine-grained evidence universe 与 quotient-eligible project-mappable subset 分开建模：前者支撑 RQ1 对 non-project resources、internal references 和 heterogeneous source contexts 的描述，后者才进入 RefQ construction。这样可以在承认 project-level aggregation 先例的同时，明确哪些 evidence 能形成项目级边、这些边如何追溯以及它们不能支持哪些更强语义。DBMS 项目可能引用外部规范、性能基准、兼容性问题、跨版本适配经验和其他数据库实现，这为检验跨项目 Reference evidence 提供了具有领域针对性的经验环境。","2015;2019;015;019;022","HISTORICAL_COMPARISON","N/A","N/A","INTEGER_FORMAT","NOT_APPLICABLE","actual final QA manuscript numeric-bearing line rescanned"
"QNUM0038","### 1.3 研究缺口与目标","line 38","### 1.3 研究缺口与目标","1.3","NON_SCIENTIFIC_FORMATTING","N/A","N/A","INTEGER_FORMAT","NOT_APPLICABLE","actual final QA manuscript numeric-bearing line rescanned"
"QNUM0043","### 1.3 研究缺口与目标","line 43","第二，既有 project-reference work 已经证明 cross-project references 可以支持 directed and count-weighted project-level analysis；然而，project-pair edge representation 本身并不完整表达本文从 heterogeneous artifact-level evidence 提升到项目级关系时所需的 endpoint eligibility、project identity/membership、internal 与 non-project reference handling、edge evidence semantics 以及 source observation completeness。本文因此将这些 construction and observation decisions 显式写成 contract，而不是把它们包装成 prior work 从未处理的字段，并据此避免把项目级边误读为依赖、重要性或完整知识传递 [@blincoe2015ecosystems; @blincoe2019referencecoupling; @liu2022irel]。","015;019;022","HISTORICAL_COMPARISON","N/A","N/A","INTEGER_FORMAT","NOT_APPLICABLE","actual final QA manuscript numeric-bearing line rescanned"
"QNUM0045","### 1.3 研究缺口与目标","line 45","第三，seed-centered source observation 与 expanded target observation 容易导致 source/target role 混用。本文只完整观测 294 个 seed DBMS projects 的 source 行为；expanded target nodes 主要因为被 seed projects 引用而进入网络。若不分离 source role、target role 和 undirected structural view，就可能把 target 节点的低 out-degree 错误解释为项目行为特征。","294","HISTORICAL_COMPARISON","N/A","N/A","INTEGER_FORMAT","NOT_APPLICABLE","actual final QA manuscript numeric-bearing line rescanned"
"QNUM0051","### 1.4 研究问题与贡献","line 51","### 1.4 研究问题与贡献","1.4","NON_SCIENTIFIC_FORMATTING","N/A","N/A","INTEGER_FORMAT","NOT_APPLICABLE","actual final QA manuscript numeric-bearing line rescanned"
"QNUM0052","### 1.4 研究问题与贡献","line 52","针对上述问题，本文以 GitHub 平台 294 个开源 DBMS 项目作为征引侧种子样本，基于 GH_CoRE 处理链抽取和组织协作 Reference evidence，并通过 artifact-to-project membership-induced graph coarsening 构建 Project-level RefQN。本文的核心目标是考察 RefQ 在开源 DBMS 生态中的构造口径、可观察模式和解释边界。围绕这一目标，本文提出以下研究问题：","294","HISTORICAL_COMPARISON","N/A","N/A","INTEGER_FORMAT","NOT_APPLICABLE","actual final QA manuscript numeric-bearing line rescanned"
"QNUM0055","### 1.4 研究问题与贡献","line 55","- **RQ2a**：在 Project-level Reference Quotient Network 中，294 个 seed DBMS projects 的主动引用范围和聚合引用强度如何分布，seed-to-seed 与 seed-to-expanded RefQ relations 呈现何种差异？","294","HISTORICAL_COMPARISON","N/A","N/A","INTEGER_FORMAT","NOT_APPLICABLE","actual final QA manuscript numeric-bearing line rescanned"
"QNUM0060","### 1.4 研究问题与贡献","line 60","本文的贡献主要体现在四个方面。第一，**explicit relation formalization / construction contract**：本文将已有 project-level cross-reference aggregation 中通常由数据处理隐含承担的 project mapping 与 aggregation assumptions，显式形式化为 semantic membership quotient，并以 paper-defined RefQ/RefQN 表示；贡献在于 relation semantics、endpoint eligibility、membership、aggregation 和 interpretation contract，而不是新的 graph operator。第二，**boundary-aware evidence instantiation**：本文在 DBMS vertical ecosystem 中区分 observable fine-grained Reference evidence universe 与 quotient-eligible project-mappable subset，明确 non-project evidence、self-loop、membership-resolution、seed-centered source observation 和 expanded-target asymmetry；“更多实体类型”本身不是贡献。第三，**observation-aware role-aware empirical characterization**：由于 294 个 seed projects 的 source observation 与 expanded targets 的 source-incomplete 状态不对称，本文将 source role、target role 和 undirected structural view 作为避免 sampling-induced misinterpretation 的分析设计，并结合 RQ1 与 RQ3 形成经验刻画。第四，**traceable weaker-semantic structural evidence layer**：RefQ 保留 observable Reference evidence 的 provenance 和边界，采用比 technical-dependency 或 task-resolution 更弱的 inference commitment，为软件生态研究、引用感知工具和需要更强语义验证的后续关系分析提供 reusable interface。总体而言，这五个研究问题依次从细粒度 Reference evidence 的构成出发，进入角色化的项目级 RefQ 结构分析，并进一步考察 DBMS 子领域中受边界约束的异质性。","294","HISTORICAL_COMPARISON","N/A","N/A","INTEGER_FORMAT","NOT_APPLICABLE","actual final QA manuscript numeric-bearing line rescanned"
"QNUM0062","## 2 相关工作","line 62","## 2 相关工作","2","NON_SCIENTIFIC_FORMATTING","N/A","N/A","INTEGER_FORMAT","NOT_APPLICABLE","actual final QA manuscript numeric-bearing line rescanned"
"QNUM0064","### 2.1 软件生态系统与社会技术协作证据","line 64","### 2.1 软件生态系统与社会技术协作证据","2.1","NON_SCIENTIFIC_FORMATTING","N/A","N/A","INTEGER_FORMAT","NOT_APPLICABLE","actual final QA manuscript numeric-bearing line rescanned"
"QNUM0065","### 2.1 软件生态系统与社会技术协作证据","line 65","软件生态系统研究关注项目、开发者、组织、平台和技术工件之间的交互关系。相关研究已经从早期的软件产品线、平台生态和项目集合，扩展到开源生态中的跨组织协作、生态健康度、可持续性、知识扩散和治理机制 [@messerschmitt2003softwareecosystem; @jansen2013softwareecosystemsbook; @bosch2009spltoecosystems]。对于开源软件而言，协作不仅体现为代码贡献，还体现为 Issue 讨论、Pull Request 审查、Commit 历史、文档链接、外部资源引用和社区规范沉淀。这些协作痕迹共同构成社会技术网络的可观测基础。","003;013;009","HISTORICAL_COMPARISON","N/A","N/A","INTEGER_FORMAT","NOT_APPLICABLE","actual final QA manuscript numeric-bearing line rescanned"
"QNUM0067","### 2.1 软件生态系统与社会技术协作证据","line 67","社会技术网络研究为观察开发者、项目和技术工件之间的关系提供背景 [@bird2009sociotechnical; @zhang2014developersocialnetworks; @mcclean2021ossocialnetwork]。在本文的 analytical framing 中，社会关系用于指代开发者互动和社区协作，技术关系用于指代依赖、调用、构件和代码演化，任务关系用于组织 Issue、PR、Commit 和评论等问题处理上下文；这一三分结构是本文的分析组织方式，而不是上述文献共同给出的标准 taxonomy。开源 DBMS 生态中的协作证据可能跨越这些视角：开发者在问题讨论中引用其他项目的实现或缺陷报告，维护者在 PR 审查中链接历史提交和外部文档，用户在 Issue 中提供跨版本适配经验或兼容性证据。因此，包依赖或代码调用关系之外的 explicit Reference evidence 值得单独观察。","009;014;021","HISTORICAL_COMPARISON","N/A","N/A","INTEGER_FORMAT","NOT_APPLICABLE","actual final QA manuscript numeric-bearing line rescanned"
"QNUM0071","### 2.2 Cross-project References and Reference Coupling","line 71","### 2.2 Cross-project References and Reference Coupling","2.2","NON_SCIENTIFIC_FORMATTING","N/A","N/A","INTEGER_FORMAT","NOT_APPLICABLE","actual final QA manuscript numeric-bearing line rescanned"
"QNUM0072","### 2.2 Cross-project References and Reference Coupling","line 72","引用关系是开源协作中常见的显式或半显式连接形式。GitHub 的 autolinked references 与 Issue/PR linking 机制由官方文档分别说明 [@githubdocs2026autolinked; @githubdocs2026linkingprissue]。针对具体的 empirical link contexts，Xiao 等人研究 commit-message links，Lima 等人研究 GitHub Discussions links，Wang 等人研究 modern code review 中的 shared links [@xiao2023commitlinks; @lima2025discussionlinks; @wang2021sharedlinks]。这些来源分别覆盖具体的平台机制或 link context，而不是共同定义一个穷尽的 Reference taxonomy。与依赖声明相比，引用关系可以补充开发者在协作过程中的显式知识指向和上下文组织：Issue/PR 可能用于说明相似问题或实现方案，外部文档可能提供规范依据，Commit 可能用于定位变更来源。","026;023;025;021","HISTORICAL_COMPARISON","N/A","N/A","INTEGER_FORMAT","NOT_APPLICABLE","actual final QA manuscript numeric-bearing line rescanned"
"QNUM0074","### 2.2 Cross-project References and Reference Coupling","line 74","Reference Coupling 研究为利用 cross-reference 识别项目间关联提供了软件工程领域依据。Blincoe 2015/2019 的经验工作以 Issue/PR/Commit comments 中指向其他 repository 的 Issue/PR 或 Commit references 为核心，将 source project 与 target project 构造成 directed project-level graph，并使用 project-pair cross-reference count 作为 edge weight，进而开展 ecosystem/community 或 dependency-oriented analysis [@blincoe2015ecosystems; @blincoe2019referencecoupling]。其方向语义仍是 cross-reference direction，而不自动表示真实 technical dependency direction。本文承认这些 project-level aggregation、direction 和 count-weighting precedent，不把它们单独作为 novelty；本文的 RefQ 是对该类 direct project-reference relation 的 formalization/reframing，而不是替代或重新发明 Reference Coupling。","2015;2019;015;019","HISTORICAL_COMPARISON","N/A","N/A","INTEGER_FORMAT","NOT_APPLICABLE","actual final QA manuscript numeric-bearing line rescanned"
"QNUM0076","### 2.2 Cross-project References and Reference Coupling","line 76","IREL 从 Issue/PR/Commit descriptions 与 comments 中识别 URL、Num 和 SHA references，并处理 project identity 与 rename resolution；其目标是 project-reference identification，并删除 same-project references [@liu2022irel]。这一 policy 不等于本文的 self-loop policy：本文一般 RefQ 保留 project-internal Reference evidence 的 \(Q_{aa}\) 语义，只有在特定 cross-project view 中才按视图规则排除自环。本文因此把 IREL 视为 extraction/identity prior，而不是本文 quotient 或 self-loop contract 的来源。","022","HISTORICAL_COMPARISON","N/A","N/A","INTEGER_FORMAT","NOT_APPLICABLE","actual final QA manuscript numeric-bearing line rescanned"
"QNUM0080","### 2.3 Graph Coarsening, Contraction and Quotient Networks","line 80","### 2.3 Graph Coarsening, Contraction and Quotient Networks","2.3","NON_SCIENTIFIC_FORMATTING","N/A","N/A","INTEGER_FORMAT","NOT_APPLICABLE","actual final QA manuscript numeric-bearing line rescanned"
"QNUM0081","### 2.3 Graph Coarsening, Contraction and Quotient Networks","line 81","图论和网络科学中的 graph contraction、graph coarsening 与 quotient graph/network 为本文提供形式化语言。Loukas 以 many-to-one map、contraction sets 和 induced partition 讨论 graph coarsening；Sánchez-García 以 partition characteristic matrix 讨论 quotient network，并明确一般 quotient network 可以是 directed and weighted；Xiao 等人则提供 network quotient 与 structural coarse-graining 的经典背景 [@loukas2019graphreduction; @sanchezgarcia2020quotientnetwork; @xiao2008networkquotients]。Sánchez-García 区分 normalized quotient \(Q(A)=\Lambda^{-1}S^\top A S\) 与 unnormalized compression \(B=S^\top A S\)；本文只把这种 characteristic-matrix aggregation 视为数学先例，并根据 Reference evidence multiplicity 采用 structurally analogous 的 unnormalized block-sum \(Q=M^\top R_PM\)，不把两种 quotient definition 写成完全相同。在本文场景中，contraction 描述将同一 semantic membership block 内的细粒度节点合并为一个项目级 coarse node；membership-induced graph coarsening 描述依据 artifact-to-project membership partition 将细粒度 Reference 图降粒度到项目层的整体过程；weighted directed quotient network 描述最终得到的数学对象。","019;020;008;-1","HISTORICAL_COMPARISON","N/A","N/A","INTEGER_FORMAT","NOT_APPLICABLE","actual final QA manuscript numeric-bearing line rescanned"
"QNUM0085","### 2.3 Graph Coarsening, Contraction and Quotient Networks","line 85","同时，RefQ 必须与常见 network projection 区分。Kessler 所说的 bibliographic coupling 是由共享 cited objects 诱导的二阶 relation；它与 Blincoe 所研究的 direct cross-project Reference aggregation 不是同一构造 [@kessler1963bibliographiccoupling]。本文的 projection 边界还包括基于共同 target 的 \(QQ^\top\)、基于共同 source 的 \(Q^\top Q\)，或以 \(K=X\Phi X^\top\) 表示的 shared-reference projection。本文的核心对象是 \(Q=M^\top R_PM\)，即对已有一阶有向 Reference relation 进行 membership-induced quotient/coarsening，而不是构建 shared-reference、shared-neighbor、bibliographic-coupling 或 co-citation 网络。","963","HISTORICAL_COMPARISON","N/A","N/A","INTEGER_FORMAT","NOT_APPLICABLE","actual final QA manuscript numeric-bearing line rescanned"
"QNUM0087","### 2.4 开源 DBMS 生态与领域化协作特征","line 87","### 2.4 开源 DBMS 生态与领域化协作特征","2.4","NON_SCIENTIFIC_FORMATTING","N/A","N/A","INTEGER_FORMAT","NOT_APPLICABLE","actual final QA manuscript numeric-bearing line rescanned"
"QNUM0088","### 2.4 开源 DBMS 生态与领域化协作特征","line 88","DBMS 项目涉及查询处理、事务管理、并发控制、存储布局、日志恢复、复制一致性、数据模型和接口兼容等技术问题。关于 DBMS extensibility 与开源项目中 DBMS adoption 的研究进一步表明，扩展接口和采用情境值得作为独立的领域观察对象 [@kim2025dbmsextensibility; @paiva2025dbmsadoption]。这些特征使跨项目、模块和工具链的 Reference evidence 成为可检验的研究动机，但本文不据此断言 DBMS 必然不同于所有其他软件项目。","025","HISTORICAL_COMPARISON","N/A","N/A","INTEGER_FORMAT","NOT_APPLICABLE","actual final QA manuscript numeric-bearing line rescanned"
"QNUM0090","### 2.4 开源 DBMS 生态与领域化协作特征","line 90","在 DBMS 场景中，不同子领域可能形成不同的 Reference contexts。关系型数据库项目可能围绕 SQL 兼容、查询优化和事务隔离展开讨论；文档型数据库项目可能引用数据模型、驱动接口和数据转换方案；键值存储和缓存系统可能关注性能测试、故障复现和实现细节；图数据库项目可能连接到查询语言、图算法和外部知识资源。多数据库模型与 source/schema evolution 的既有研究为这种领域异质性提供动机 [@benats2021multidatabasemodels; @vassiliadis2023sourceschemaevolution]，但这些例子在本文中只是 RQ3 的 testable motivation，不是既有文献已经证明的 RefQ differences。不同子领域的技术目标和协作文化差异是否影响 Reference evidence composition、RefQ source/target role 和局部结构指标，由本文的 bounded comparison 检验。","021;023","HISTORICAL_COMPARISON","N/A","N/A","INTEGER_FORMAT","NOT_APPLICABLE","actual final QA manuscript numeric-bearing line rescanned"
"QNUM0094","### 2.5 研究缺口收束","line 94","### 2.5 研究缺口收束","2.5","NON_SCIENTIFIC_FORMATTING","N/A","N/A","INTEGER_FORMAT","NOT_APPLICABLE","actual final QA manuscript numeric-bearing line rescanned"
"QNUM0095","### 2.5 研究缺口收束","line 95","综上，已有研究建立了重要的 empirical and mathematical precedents，但它们服务于不同的 abstraction goals。经验先例方面，Blincoe 2015/2019 关注 cross-reference 驱动的 directed/count-weighted project-level ecosystem analysis，IREL 关注 project-reference identification 与 identity resolution [@blincoe2015ecosystems; @blincoe2019referencecoupling; @liu2022irel]。数学先例方面，Loukas、Sánchez-García 和 Xiao 分别提供 graph coarsening/contraction、quotient-network aggregation 与 network-quotient background [@loukas2019graphreduction] [@sanchezgarcia2020quotientnetwork] [@xiao2008networkquotients]。本文的增量不是声称这些先例不存在，而是把 heterogeneous fine-grained Reference evidence 提升为 semantic membership partition 下的 traceable project-level RefQ，并同时报告 observation and interpretation boundaries。后续更强语义的 task-level relation analyses 仅作为关系资产接口与未来扩展方向，不构成本文的核心贡献。","2015;2019;015;019;022;020;008","HISTORICAL_COMPARISON","N/A","N/A","INTEGER_FORMAT","NOT_APPLICABLE","actual final QA manuscript numeric-bearing line rescanned"
"QNUM0097","## 3 研究方法","line 97","## 3 研究方法","3","NON_SCIENTIFIC_FORMATTING","N/A","N/A","INTEGER_FORMAT","NOT_APPLICABLE","actual final QA manuscript numeric-bearing line rescanned"
"QNUM0101","## 3 研究方法","line 101","为保证经验分析的可复核性，本文同时明确数据口径、处理链边界和 quotient construction 规则。本文区分四个相互关联但不可混用的口径。第一，**analysis seed projects** 指 294 个满足领域代表性、活跃度和许可证筛选条件的开源 DBMS 项目，它们是本文 GitHub 日志爬取和 Reference source 观测对象。第二，**scanned input Reference records** 指观测窗口中扫描到的 3,748,078 条输入记录；经过 source-admission 后得到 3,747,958 条 admitted source-observation records，用于 Reference entity distribution、comment reference density、自引用和 external-reference orientation 等描述性分析。第三，**quotient-eligible records** 为其中可映射到项目端点的 1,586,047 条记录，聚合后形成 Project-level RefQN；该网络完整节点域包含 6,506 个项目节点，其中 6,505 个节点有边观测。完整有向表包含 9,884 条边（含 289 条 self-loops），跨项目视图包含 9,595 条边。第四，**最大连通子图**指 Project-level RefQN 的无向派生结构视图中用于聚类系数和 Louvain 算法社区检测等需要连通性假设的网络子图，包含 6,367 个节点和 9,462 条无向去重边。","294;3,748,078;3,747,958;1,586,047;6,506;6,505;9,884;289;9,595;6,367;9,462","METHOD_CONFIGURATION","outputs/reference_quotient_p0_corrected_v3/quotient_construction_audit.json","scanned_input_rows;retained_reference_records;quotient_eligible_records;refq_node_domain;refq_directed_edges_including_self_loops;refq_directed_cross_project_edges;lcc_nodes;lcc_edges;directed_cross_project_edges_lcc_sensitivity","INTEGER_FORMAT","MAPPED","actual final QA manuscript numeric-bearing line rescanned"
"QNUM0103","## 3 研究方法","line 103","因此，第 4.1 节的 Reference behavior 与协作指标主要以 294 个 seed projects 及 3,747,958 条 admitted source-observation records 为基础；第 4.2 节的 source/target role 和结构分析则以 Project-level RefQN 为对象，其中聚类系数和 Louvain 算法社区检测基于其无向结构视图的最大连通子图。更广泛的上游 OSDB 数据基础仅用于项目识别、关系抽取和扩展边界说明，不直接作为本文的实验样本。","4.1;294;3,747,958;4.2","METHOD_CONFIGURATION","outputs/reference_quotient_p0_corrected_v3/quotient_construction_audit.json","scanned_input_rows;retained_reference_records;quotient_eligible_records;refq_node_domain;refq_directed_edges_including_self_loops;refq_directed_cross_project_edges;lcc_nodes;lcc_edges;directed_cross_project_edges_lcc_sensitivity","INTEGER_FORMAT","MAPPED","actual final QA manuscript numeric-bearing line rescanned"
"QNUM0104","### 3.1 数据来源与样本筛选","line 104","### 3.1 数据来源与样本筛选","3.1","NON_SCIENTIFIC_FORMATTING","N/A","N/A","INTEGER_FORMAT","NOT_APPLICABLE","actual final QA manuscript numeric-bearing line rescanned"
"QNUM0106","#### 3.1.1 目标项目选择与数据口径","line 106","#### 3.1.1 目标项目选择与数据口径","3.1;1","NON_SCIENTIFIC_FORMATTING","N/A","N/A","INTEGER_FORMAT","NOT_APPLICABLE","actual final QA manuscript numeric-bearing line rescanned"
"QNUM0108","#### 3.1.1 目标项目选择与数据口径","line 108","1. **领域代表性**：基于 dbdb.io 和 DB-Engines 的 DBMS 分类标签识别候选项目，并结合项目描述、主题标签和仓库内容进行人工/规则校验 [@dbdb2026databaseofdatabases; @dbengines2026ranking]；","1;026","METHOD_CONFIGURATION","configs/ch5_reference_quotient_p0_v3.yaml","study_year;activity_threshold;window_start;window_end","INTEGER_FORMAT","MAPPED","actual final QA manuscript numeric-bearing line rescanned"
"QNUM0109","#### 3.1.1 目标项目选择与数据口径","line 109","2. **活跃度阈值**：2023 年至少包含 10 条 Issue 讨论或 Pull Request 提交记录，以保证存在足够可观测协作痕迹；","2;2023;10","METHOD_CONFIGURATION","configs/ch5_reference_quotient_p0_v3.yaml","study_year;activity_threshold;window_start;window_end","INTEGER_FORMAT","MAPPED","actual final QA manuscript numeric-bearing line rescanned"
"QNUM0110","#### 3.1.1 目标项目选择与数据口径","line 110","3. **技术多样性**：覆盖关系型、文档型、键值存储、图数据库、时序数据库、列式数据库、NewSQL/HTAP 等主要 DBMS 类型，允许项目包含多类型技术组件；","3","METHOD_CONFIGURATION","configs/ch5_reference_quotient_p0_v3.yaml","study_year;activity_threshold;window_start;window_end","INTEGER_FORMAT","MAPPED","actual final QA manuscript numeric-bearing line rescanned"
"QNUM0111","#### 3.1.1 目标项目选择与数据口径","line 111","4. **许可证合规性**：优先纳入采用 MIT、Apache 2.0、BSD、GPL、AGPL 等主流开源许可证的公开项目；","4;2.0","METHOD_CONFIGURATION","configs/ch5_reference_quotient_p0_v3.yaml","study_year;activity_threshold;window_start;window_end","INTEGER_FORMAT","MAPPED","actual final QA manuscript numeric-bearing line rescanned"
"QNUM0112","#### 3.1.1 目标项目选择与数据口径","line 112","5. **可观测性要求**：项目需要具有可访问的 GitHub 协作日志、Issue/PR 记录、提交记录或可解析的引用行为。","5","METHOD_CONFIGURATION","configs/ch5_reference_quotient_p0_v3.yaml","study_year;activity_threshold;window_start;window_end","INTEGER_FORMAT","MAPPED","actual final QA manuscript numeric-bearing line rescanned"
"QNUM0114","#### 3.1.1 目标项目选择与数据口径","line 114","最终，本文筛选得到 294 个代表性 DBMS 项目作为征引侧种子样本，并在这些项目的 2023 年 GitHub 协作日志中扫描 3,748,078 条输入 Reference records；经 source-admission 后保留 3,747,958 条 admitted source-observation records，其中 1,586,047 条可进入 project-mappable quotient 子域。需要强调的是，294 表示被筛选并实际爬取日志的项目数量，不表示拓扑分析中的全部网络节点数量。对于可解析为 GitHub 仓库的被引对象，本文通过 membership-induced graph coarsening 聚合为 Repo/project 粒度节点，从而形成包含 6,506 个节点、其中 6,505 个节点有边观测的 Project-level RefQN；完整有向表包含 9,884 条边，跨项目表包含 9,595 条边。更广泛的上游 OSDB 数据基础用于项目识别、关系抽取和后续扩展，而不直接作为本文实验样本。","294;2023;3,748,078;3,747,958;1,586,047;6,506;6,505;9,884;9,595","METHOD_CONFIGURATION","outputs/reference_quotient_p0_corrected_v3/quotient_construction_audit.json","scanned_input_rows;retained_reference_records;quotient_eligible_records;refq_node_domain;refq_directed_edges_including_self_loops;refq_directed_cross_project_edges;lcc_nodes;lcc_edges;directed_cross_project_edges_lcc_sensitivity","INTEGER_FORMAT","MAPPED","actual final QA manuscript numeric-bearing line rescanned"
"QNUM0116","#### 3.1.2 数据获取与清洗","line 116","#### 3.1.2 数据获取与清洗","3.1;2","NON_SCIENTIFIC_FORMATTING","N/A","N/A","INTEGER_FORMAT","NOT_APPLICABLE","actual final QA manuscript numeric-bearing line rescanned"
"QNUM0124","#### 3.1.2 数据获取与清洗","line 124","1. **去重处理**：基于事件ID去除重复的Issue/PR/Commit记录及仓库描述；","1","METHOD_CONFIGURATION","configs/ch5_reference_quotient_p0_v3.yaml","study_year;activity_threshold;window_start;window_end","INTEGER_FORMAT","MAPPED","actual final QA manuscript numeric-bearing line rescanned"
"QNUM0125","#### 3.1.2 数据获取与清洗","line 125","2. **特殊文本标准化**：对SVN版本控制日志、代码调试日志、特殊字符代码片段等非协作文本，采用占位符替换策略，保持GitHub协作环境的上下文一致性；","2","METHOD_CONFIGURATION","configs/ch5_reference_quotient_p0_v3.yaml","study_year;activity_threshold;window_start;window_end","INTEGER_FORMAT","MAPPED","actual final QA manuscript numeric-bearing line rescanned"
"QNUM0126","#### 3.1.2 数据获取与清洗","line 126","3. **无效项目过滤**：删除无引用事件记录的项目，确保样本数据的有效性；","3","METHOD_CONFIGURATION","configs/ch5_reference_quotient_p0_v3.yaml","study_year;activity_threshold;window_start;window_end","INTEGER_FORMAT","MAPPED","actual final QA manuscript numeric-bearing line rescanned"
"QNUM0127","#### 3.1.2 数据获取与清洗","line 127","4. **时间窗口对齐**：统一所有项目的数据时间范围为2023年1月1日至2023年12月31日，消除时间偏差影响。","4;2023;1;12;31","METHOD_CONFIGURATION","configs/ch5_reference_quotient_p0_v3.yaml","study_year;activity_threshold;window_start;window_end","INTEGER_FORMAT","MAPPED","actual final QA manuscript numeric-bearing line rescanned"
"QNUM0130","### 3.1.3 GH_CoRE 处理链与可追溯控制","line 130","### 3.1.3 GH_CoRE 处理链与可追溯控制","3.1;3","NON_SCIENTIFIC_FORMATTING","N/A","N/A","INTEGER_FORMAT","NOT_APPLICABLE","actual final QA manuscript numeric-bearing line rescanned"
"QNUM0131","### 3.1.3 GH_CoRE 处理链与可追溯控制","line 131","本文使用的 GH_CoRE 不仅是引用字符串识别脚本，而是一条面向协作 Reference relation 构建的处理链。其输入是 294 个种子 DBMS 项目在观测窗口内的 GitHub Issue、Pull Request、Commit、Comment 及 event/action 协作日志，以及与这些日志相关的仓库和对象元数据。其作用是将 GitHub 协作日志中的异质事件组织为可复核的 Reference evidence，并为后续 Project-level RefQN construction 提供一致输入。处理链包括以下步骤：","294","METHOD_CONFIGURATION","configs/ch5_reference_quotient_p0_v3.yaml","study_year;activity_threshold;window_start;window_end","INTEGER_FORMAT","MAPPED","actual final QA manuscript numeric-bearing line rescanned"
"QNUM0133","### 3.1.3 GH_CoRE 处理链与可追溯控制","line 133","1. **数据接入与时间窗口对齐**：接入 294 个种子 DBMS 项目的协作日志、仓库标识和事件元数据，并统一观测窗口；","1;294","METHOD_CONFIGURATION","configs/ch5_reference_quotient_p0_v3.yaml","study_year;activity_threshold;window_start;window_end","INTEGER_FORMAT","MAPPED","actual final QA manuscript numeric-bearing line rescanned"
"QNUM0134","### 3.1.3 GH_CoRE 处理链与可追溯控制","line 134","2. **文本标准化与噪声处理**：对日志片段、代码块、异常字符、SVN/Git 混合记录等进行标准化，降低候选模式误识别风险；","2","METHOD_CONFIGURATION","configs/ch5_reference_quotient_p0_v3.yaml","study_year;activity_threshold;window_start;window_end","INTEGER_FORMAT","MAPPED","actual final QA manuscript numeric-bearing line rescanned"
"QNUM0135","### 3.1.3 GH_CoRE 处理链与可追溯控制","line 135","3. **候选引用识别**：识别跨仓库编号、仓库内编号、Commit 哈希、文件路径、GitHub 服务链接和外部 URL 等显式或半结构化引用痕迹；","3","METHOD_CONFIGURATION","configs/ch5_reference_quotient_p0_v3.yaml","study_year;activity_threshold;window_start;window_end","INTEGER_FORMAT","MAPPED","actual final QA manuscript numeric-bearing line rescanned"
"QNUM0136","### 3.1.3 GH_CoRE 处理链与可追溯控制","line 136","4. **可达性核验与对象校对**：对可访问 GitHub 对象执行 API 可达性核验，对外部资源记录域名、路径和上下文信息，并校对对象类型；","4","METHOD_CONFIGURATION","configs/ch5_reference_quotient_p0_v3.yaml","study_year;activity_threshold;window_start;window_end","INTEGER_FORMAT","MAPPED","actual final QA manuscript numeric-bearing line rescanned"
"QNUM0137","### 3.1.3 GH_CoRE 处理链与可追溯控制","line 137","5. **属性补全与细粒度类型复核**：补全征引实体、被引实体、触发事件、所在仓库、时间戳、引用类型、实体属性和上下文字段，并对 fine-grained 实体类型进行复核；","5","METHOD_CONFIGURATION","configs/ch5_reference_quotient_p0_v3.yaml","study_year;activity_threshold;window_start;window_end","INTEGER_FORMAT","MAPPED","actual final QA manuscript numeric-bearing line rescanned"
"QNUM0138","### 3.1.3 GH_CoRE 处理链与可追溯控制","line 138","6. **去重边界控制与标准化输出**：在事件级边界内控制重复记录，输出底层 Reference 异质关系记录；","6","METHOD_CONFIGURATION","configs/ch5_reference_quotient_p0_v3.yaml","study_year;activity_threshold;window_start;window_end","INTEGER_FORMAT","MAPPED","actual final QA manuscript numeric-bearing line rescanned"
"QNUM0139","### 3.1.3 GH_CoRE 处理链与可追溯控制","line 139","7. **Project-level RefQN 构造准备**：解析可映射为 GitHub repository/project 的 Reference endpoints，为后续 membership-induced graph coarsening 和 Project-level RefQN 构造生成可聚合字段，并保留 seed source 与 expanded target 的观测边界。","7","METHOD_CONFIGURATION","configs/ch5_reference_quotient_p0_v3.yaml","study_year;activity_threshold;window_start;window_end","INTEGER_FORMAT","MAPPED","actual final QA manuscript numeric-bearing line rescanned"
"QNUM0143","### 3.2 引用关系抽取与实体校验","line 143","### 3.2 引用关系抽取与实体校验","3.2","NON_SCIENTIFIC_FORMATTING","N/A","N/A","INTEGER_FORMAT","NOT_APPLICABLE","actual final QA manuscript numeric-bearing line rescanned"
"QNUM0145","#### 3.2.1 跨项目引用识别规则","line 145","#### 3.2.1 跨项目引用识别规则","3.2;1","NON_SCIENTIFIC_FORMATTING","N/A","N/A","INTEGER_FORMAT","NOT_APPLICABLE","actual final QA manuscript numeric-bearing line rescanned"
"QNUM0146","#### 3.2.1 跨项目引用识别规则","line 146","本文在 IREL 对 GitHub 项目间引用识别的规则框架基础上，结合 DBMS 场景扩展了实体校验、属性补全和 membership resolution 流程；GH_CoRE 是本文实现的处理链 [@liu2022irel]。跨仓库 Issue/PR 引用、仓库内编号引用和 Pull Request 与 Issue 的链接规则同时参照 GitHub 官方文档中对 autolinked references 与 PR-Issue linking 的说明 [@githubdocs2026autolinked; @githubdocs2026linkingprissue]。本文针对 DBMS 项目特征使用以下引用识别规则：","022;026","METHOD_CONFIGURATION","configs/ch5_reference_quotient_p0_v3.yaml","study_year;activity_threshold;window_start;window_end","INTEGER_FORMAT","MAPPED","actual final QA manuscript numeric-bearing line rescanned"
"QNUM0148","#### 3.2.1 跨项目引用识别规则","line 148","1. **跨仓库引用**：格式为`owner/repo#issue_id`或`owner/repo#pr_id`（如`mysql/mysql-server#1234`）；","1;1234","METHOD_CONFIGURATION","configs/ch5_reference_quotient_p0_v3.yaml","study_year;activity_threshold;window_start;window_end","INTEGER_FORMAT","MAPPED","actual final QA manuscript numeric-bearing line rescanned"
"QNUM0149","#### 3.2.1 跨项目引用识别规则","line 149","2. **仓库内引用**：格式为`#issue_id`或`#pr_id`（如`#5678`）；","2;5678","METHOD_CONFIGURATION","configs/ch5_reference_quotient_p0_v3.yaml","study_year;activity_threshold;window_start;window_end","INTEGER_FORMAT","MAPPED","actual final QA manuscript numeric-bearing line rescanned"
"QNUM0150","#### 3.2.1 跨项目引用识别规则","line 150","3. **Commit引用**：7位及以上十六进制字符串（如`a1b2c3d`）；","3;7","METHOD_CONFIGURATION","configs/ch5_reference_quotient_p0_v3.yaml","study_year;activity_threshold;window_start;window_end","INTEGER_FORMAT","MAPPED","actual final QA manuscript numeric-bearing line rescanned"
"QNUM0151","#### 3.2.1 跨项目引用识别规则","line 151","4. **文件引用**：包含路径及行号信息（如`https://github.com/apache/iotdb/blob/e9fe0b1082dff04815e75a84b7778126af55d2eb/distribution/pom.xml#L112-L117`）；","4;082;4815;5;778126;12;17","METHOD_CONFIGURATION","configs/ch5_reference_quotient_p0_v3.yaml","study_year;activity_threshold;window_start;window_end","INTEGER_FORMAT","MAPPED","actual final QA manuscript numeric-bearing line rescanned"
"QNUM0152","#### 3.2.1 跨项目引用识别规则","line 152","5. **GitHub通用服务引用**：指向github.com域名下的非标准审查页面资源（如评论中的图片等）；","5","METHOD_CONFIGURATION","configs/ch5_reference_quotient_p0_v3.yaml","study_year;activity_threshold;window_start;window_end","INTEGER_FORMAT","MAPPED","actual final QA manuscript numeric-bearing line rescanned"
"QNUM0153","#### 3.2.1 跨项目引用识别规则","line 153","6. **GitHub关联服务引用**：指向gist.github.com等GitHub二级域名服务的资源；","6","METHOD_CONFIGURATION","configs/ch5_reference_quotient_p0_v3.yaml","study_year;activity_threshold;window_start;window_end","INTEGER_FORMAT","MAPPED","actual final QA manuscript numeric-bearing line rescanned"
"QNUM0154","#### 3.2.1 跨项目引用识别规则","line 154","7. **外部领域资源引用**：指向非GitHub域名的外部资源，包括SQL标准（如SQL-92）、学术论文、技术文档（如MySQL参考手册）等DBMS 领域特定资源。","7;92","METHOD_CONFIGURATION","configs/ch5_reference_quotient_p0_v3.yaml","study_year;activity_threshold;window_start;window_end","INTEGER_FORMAT","MAPPED","actual final QA manuscript numeric-bearing line rescanned"
"QNUM0156","#### 3.2.2 引用抽取流程","line 156","#### 3.2.2 引用抽取流程","3.2;2","NON_SCIENTIFIC_FORMATTING","N/A","N/A","INTEGER_FORMAT","NOT_APPLICABLE","actual final QA manuscript numeric-bearing line rescanned"
"QNUM0158","#### 3.2.2 引用抽取流程","line 158","1. **文本预处理**：对 Issue/PR 标题、描述及评论进行特殊文本替换，标准化协作上下文；","1","METHOD_CONFIGURATION","configs/ch5_reference_quotient_p0_v3.yaml","study_year;activity_threshold;window_start;window_end","INTEGER_FORMAT","MAPPED","actual final QA manuscript numeric-bearing line rescanned"
"QNUM0159","#### 3.2.2 引用抽取流程","line 159","2. **模式匹配**：基于正则表达式与规则库匹配潜在引用模式；","2","METHOD_CONFIGURATION","configs/ch5_reference_quotient_p0_v3.yaml","study_year;activity_threshold;window_start;window_end","INTEGER_FORMAT","MAPPED","actual final QA manuscript numeric-bearing line rescanned"
"QNUM0160","#### 3.2.2 引用抽取流程","line 160","3. **有效性核验**：结合 GitHub API（包括 GraphQL 与 REST 接口）的可访问对象校验与上下文交叉核对，核验引用对象的可达性和类型一致性；","3","METHOD_CONFIGURATION","configs/ch5_reference_quotient_p0_v3.yaml","study_year;activity_threshold;window_start;window_end","INTEGER_FORMAT","MAPPED","actual final QA manuscript numeric-bearing line rescanned"
"QNUM0161","#### 3.2.2 引用抽取流程","line 161","4. **去重合并**：以事件 ID 为判定依据，对同一事件中重复出现的相同引用关系进行去重，避免同一事件解析结果被重复记录。由于事件 ID 已唯一约束事件的时间与上下文，不同事件中的相同起始节点引用即便指向相同目标，也可能因信息更新而具有独立保留价值，因此不纳入该去重范围。该功能作为边界控制策略保留，可在需要抑制异常重复引用记录时启用；","4","METHOD_CONFIGURATION","configs/ch5_reference_quotient_p0_v3.yaml","study_year;activity_threshold;window_start;window_end","INTEGER_FORMAT","MAPPED","actual final QA manuscript numeric-bearing line rescanned"
"QNUM0162","#### 3.2.2 引用抽取流程","line 162","5. **标准化转换**：将抽取结果整理为结构化 Reference 记录，保留征引实体、被引实体、引用类型、时间戳、触发事件和仓库上下文等元数据；","5","METHOD_CONFIGURATION","configs/ch5_reference_quotient_p0_v3.yaml","study_year;activity_threshold;window_start;window_end","INTEGER_FORMAT","MAPPED","actual final QA manuscript numeric-bearing line rescanned"
"QNUM0163","#### 3.2.2 引用抽取流程","line 163","6. **关系补全与 quotient construction 适配**：基于引用上下文补全实体属性，并为后续 membership-induced graph coarsening 生成可聚合字段。","6","METHOD_CONFIGURATION","configs/ch5_reference_quotient_p0_v3.yaml","study_year;activity_threshold;window_start;window_end","INTEGER_FORMAT","MAPPED","actual final QA manuscript numeric-bearing line rescanned"
"QNUM0166","#### 3.2.3 数据来源、分析口径与研究问题对应关系","line 166","#### 3.2.3 数据来源、分析口径与研究问题对应关系","3.2;3","NON_SCIENTIFIC_FORMATTING","N/A","N/A","INTEGER_FORMAT","NOT_APPLICABLE","actual final QA manuscript numeric-bearing line rescanned"
"QNUM0174","#### 3.2.3 数据来源、分析口径与研究问题对应关系","line 174","| 种子 DBMS 项目样本 | 294 个项目 | 基于领域、许可证和活跃度条件筛选，并纳入 2023 年协作日志观测窗口 | 征引侧样本、项目级描述统计、自引率和子领域比较 | RQ1/RQ2a/RQ3 | 是 | 仅表示征引侧种子，不等同于网络全部节点 |","294;2023","METHOD_CONFIGURATION","configs/ch5_reference_quotient_p0_v3.yaml","study_year;activity_threshold;window_start;window_end","INTEGER_FORMAT","MAPPED","actual final QA manuscript numeric-bearing line rescanned"
"QNUM0175","#### 3.2.3 数据来源、分析口径与研究问题对应关系","line 175","| Scanned / admitted Reference records | 3,748,078 scanned；3,747,958 admitted | 从 294 个种子项目协作日志中经 GH_CoRE 抽取、source-admission、校验和标准化得到 | 引用类型分布、协作互动强度、external-reference orientation 和部分子领域比较 | RQ1；部分 RQ3 | 是 | scanned input 与 admitted observation 分开报告；限于 GitHub 可观测显式或半结构化 Reference |","3,748,078;3,747,958;294","METHOD_CONFIGURATION","outputs/reference_quotient_p0_corrected_v3/quotient_construction_audit.json","scanned_input_rows;retained_reference_records;quotient_eligible_records;refq_node_domain;refq_directed_edges_including_self_loops;refq_directed_cross_project_edges;lcc_nodes;lcc_edges;directed_cross_project_edges_lcc_sensitivity","INTEGER_FORMAT","MAPPED","actual final QA manuscript numeric-bearing line rescanned"
"QNUM0176","#### 3.2.3 数据来源、分析口径与研究问题对应关系","line 176","| Project-level RefQN | 6,506 个节点域；6,505 个 edge-observed nodes；9,884 条有向边（含 289 条自环）；9,595 条跨项目边 | 将 1,586,047 条 project-mappable Reference records 按 artifact-to-project membership coarsening 为 weighted directed quotient network | source-role（含 seed-to-seed / seed-to-expanded）、target-role、项目级 RefQ 有向结构 | RQ2a/RQ2b | 是 | 包含种子项目及被引扩展节点，不是仅含 294 节点的诱导子图；source 完整观测仅限 294 个种子项目 |","6,506;6,505;9,884;289;9,595;1,586,047;294","METHOD_CONFIGURATION","outputs/reference_quotient_p0_corrected_v3/quotient_construction_audit.json","scanned_input_rows;retained_reference_records;quotient_eligible_records;refq_node_domain;refq_directed_edges_including_self_loops;refq_directed_cross_project_edges;lcc_nodes;lcc_edges;directed_cross_project_edges_lcc_sensitivity","INTEGER_FORMAT","MAPPED","actual final QA manuscript numeric-bearing line rescanned"
"QNUM0177","#### 3.2.3 数据来源、分析口径与研究问题对应关系","line 177","| RefQN 最大连通子图 | 6,367 个节点；9,462 条无向去重边；9,510 条有向敏感性边 | 从 Project-level RefQN 的无向派生结构视图中提取用于聚类系数、Louvain 算法社区检测和结构位置分析的连通子图 | 聚类、Louvain 算法社区检测和 structural brokerage candidate 分析 | RQ2c | 是 | 主文以无向去重主口径解释，有向边仅作敏感性核查；无向视图是一阶无向视图，不是共享引用投影 |","6,367;9,462;9,510","METHOD_CONFIGURATION","outputs/reference_quotient_p0_corrected_v3/quotient_construction_audit.json","scanned_input_rows;retained_reference_records;quotient_eligible_records;refq_node_domain;refq_directed_edges_including_self_loops;refq_directed_cross_project_edges;lcc_nodes;lcc_edges;directed_cross_project_edges_lcc_sensitivity","INTEGER_FORMAT","MAPPED","actual final QA manuscript numeric-bearing line rescanned"
"QNUM0178","#### 3.2.3 数据来源、分析口径与研究问题对应关系","line 178","| 子领域标签与项目级指标 | 见正文 4.3 节和表 4.7、表 4.8 | 基于种子项目子领域标签、引用类型、项目级网络特征和项目年龄关联变量整理 | 子领域差异、项目级网络特征和横截面年龄关联比较 | RQ3 | 是 | 混合标签、多标签项目、样本规模差异和多重检验影响解释 |","4.3;4.7;4.8","METHOD_CONFIGURATION","configs/ch5_reference_quotient_p0_v3.yaml","study_year;activity_threshold;window_start;window_end","INTEGER_FORMAT","MAPPED","actual final QA manuscript numeric-bearing line rescanned"
"QNUM0179","#### 3.2.3 数据来源、分析口径与研究问题对应关系","line 179","| 附录 A reproducibility and boundary record | 见附录 A.1-A.4 | 基于 reproducibility identity、membership/observation records、analysis-to-RQ mapping 和 statistical/semantic boundaries 整理 | 支撑可追溯性与解释边界 | 支撑 RQ1/RQ2a/RQ2b/RQ2c/RQ3 | 补充 | 不改变主文 reported results |","1;4","METHOD_CONFIGURATION","configs/ch5_reference_quotient_p0_v3.yaml","study_year;activity_threshold;window_start;window_end","INTEGER_FORMAT","MAPPED","actual final QA manuscript numeric-bearing line rescanned"
"QNUM0181","### 3.3 度量指标与统计分析","line 181","### 3.3 度量指标与统计分析","3.3","NON_SCIENTIFIC_FORMATTING","N/A","N/A","INTEGER_FORMAT","NOT_APPLICABLE","actual final QA manuscript numeric-bearing line rescanned"
"QNUM0183","#### 3.3.1 描述性指标体系","line 183","#### 3.3.1 描述性指标体系","3.3;1","NON_SCIENTIFIC_FORMATTING","N/A","N/A","INTEGER_FORMAT","NOT_APPLICABLE","actual final QA manuscript numeric-bearing line rescanned"
"QNUM0186","#### 3.3.1 描述性指标体系","line 186","1. **引用实体分布维度**：","1","METHOD_CONFIGURATION","configs/ch5_reference_quotient_p0_v3.yaml","study_year;activity_threshold;window_start;window_end","INTEGER_FORMAT","MAPPED","actual final QA manuscript numeric-bearing line rescanned"
"QNUM0190","#### 3.3.1 描述性指标体系","line 190","2. **协作互动强度维度**：","2","METHOD_CONFIGURATION","configs/ch5_reference_quotient_p0_v3.yaml","study_year;activity_threshold;window_start;window_end","INTEGER_FORMAT","MAPPED","actual final QA manuscript numeric-bearing line rescanned"
"QNUM0191","#### 3.3.1 描述性指标体系","line 191","- **自引率（Self-Reference Ratio）**：项目自引用次数占总引用数的比例（自引率 = 项目自引用次数 / 项目总引用次数 × 100%），度量项目内部 Reference context 的集中程度；","100%","METHOD_CONFIGURATION","configs/ch5_reference_quotient_p0_v3.yaml","study_year;activity_threshold;window_start;window_end","PERCENT_X100_ROUND_2","MAPPED","actual final QA manuscript numeric-bearing line rescanned"
"QNUM0196","#### 3.3.1 描述性指标体系","line 196","3. **External-reference orientation 维度**：","3","METHOD_CONFIGURATION","configs/ch5_reference_quotient_p0_v3.yaml","study_year;activity_threshold;window_start;window_end","INTEGER_FORMAT","MAPPED","actual final QA manuscript numeric-bearing line rescanned"
"QNUM0197","#### 3.3.1 描述性指标体系","line 197","- **外部 Reference 指向比例（External Reference Ratio / External-reference Share）**：外部资源引用次数占总引用数的比例（外引比例 = 外部引用次数 / 总引用次数 × 100%），只度量可观测 Reference evidence 中外部对象所占比例，不直接测量 dependency、组织开放性或 innovation openness；","100%","METHOD_CONFIGURATION","configs/ch5_reference_quotient_p0_v3.yaml","study_year;activity_threshold;window_start;window_end","PERCENT_X100_ROUND_2","MAPPED","actual final QA manuscript numeric-bearing line rescanned"
"QNUM0198","#### 3.3.1 描述性指标体系","line 198","- **项目年龄关联特征（Project-age-related Characteristics）**：考察外引比例、自引率和引用类型分布等指标与项目年龄之间的横截面关联，并比较不同项目年龄区间的描述性差异。单一 2023 年观测窗口不构成 longitudinal design。","2023","METHOD_CONFIGURATION","configs/ch5_reference_quotient_p0_v3.yaml","study_year;activity_threshold;window_start;window_end","INTEGER_FORMAT","MAPPED","actual final QA manuscript numeric-bearing line rescanned"
"QNUM0200","#### 3.3.2 网络拓扑分析指标","line 200","#### 3.3.2 网络拓扑分析指标","3.3;2","NON_SCIENTIFIC_FORMATTING","N/A","N/A","INTEGER_FORMAT","NOT_APPLICABLE","actual final QA manuscript numeric-bearing line rescanned"
"QNUM0204","#### 3.3.2 网络拓扑分析指标","line 204","1. **Source-role 指标**：","1","METHOD_CONFIGURATION","configs/ch5_reference_quotient_p0_v3.yaml","study_year;activity_threshold;window_start;window_end","INTEGER_FORMAT","MAPPED","actual final QA manuscript numeric-bearing line rescanned"
"QNUM0210","#### 3.3.2 网络拓扑分析指标","line 210","2. **Target-role 指标**：","2","METHOD_CONFIGURATION","configs/ch5_reference_quotient_p0_v3.yaml","study_year;activity_threshold;window_start;window_end","INTEGER_FORMAT","MAPPED","actual final QA manuscript numeric-bearing line rescanned"
"QNUM0213","#### 3.3.2 网络拓扑分析指标","line 213","- target coverage 等于 in-degree 除以 294；","294","METHOD_CONFIGURATION","configs/ch5_reference_quotient_p0_v3.yaml","study_year;activity_threshold;window_start;window_end","INTEGER_FORMAT","MAPPED","actual final QA manuscript numeric-bearing line rescanned"
"QNUM0216","#### 3.3.2 网络拓扑分析指标","line 216","3. **Undirected structural-view 指标**：","3","METHOD_CONFIGURATION","configs/ch5_reference_quotient_p0_v3.yaml","study_year;activity_threshold;window_start;window_end","INTEGER_FORMAT","MAPPED","actual final QA manuscript numeric-bearing line rescanned"
"QNUM0219","#### 3.3.2 网络拓扑分析指标","line 219","- Louvain algorithmic communities 与 modularity 描述当前无向视图和 modularity objective 下的算法分区 [@blondel2008louvain; @newman2006modularity]；","008;006","METHOD_CONFIGURATION","outputs/reference_quotient_p0_corrected_v3/rq2c_undirected_view_summary.json","random_seed;algorithmic_communities;modularity;operator_order","INTEGER_FORMAT","MAPPED","actual final QA manuscript numeric-bearing line rescanned"
"QNUM0220","#### 3.3.2 网络拓扑分析指标","line 220","- approximate betweenness 以固定 500-node sample 和 random seed 计算，只作为 structural brokerage candidate 指标。","500","METHOD_CONFIGURATION","outputs/reference_quotient_p0_corrected_v3/rq2c_undirected_view_summary.json","brokerage_sample_size;brokerage_method","INTEGER_FORMAT","MAPPED","actual final QA manuscript numeric-bearing line rescanned"
"QNUM0224","#### 3.3.3 统计分析方法","line 224","#### 3.3.3 统计分析方法","3.3;3","NON_SCIENTIFIC_FORMATTING","N/A","N/A","INTEGER_FORMAT","NOT_APPLICABLE","actual final QA manuscript numeric-bearing line rescanned"
"QNUM0228","#### 3.3.3 统计分析方法","line 228","1. **描述性统计**：对项目级 Reference profiles、source-role、target-role 和 local-structure features 报告计数、均值、中位数、标准差、四分位数及必要的偏度和峰度。实体类型表只报告 global count 与 share。","1","METHOD_CONFIGURATION","configs/ch5_reference_quotient_p0_v3.yaml","study_year;activity_threshold;window_start;window_end","INTEGER_FORMAT","MAPPED","actual final QA manuscript numeric-bearing line rescanned"
"QNUM0230","#### 3.3.3 统计分析方法","line 230","2. **项目年龄横截面关联**：使用 Spearman correlation 检验项目年龄与 self-reference ratio、external-reference share、non-project reference share 和 comment reference density 的单调关联。项目年龄按 2023 年末计算，设计标记为 cross-sectional 2023。","2;2023","METHOD_CONFIGURATION","configs/ch5_reference_quotient_p0_v3.yaml","study_year;activity_threshold;window_start;window_end","INTEGER_FORMAT","MAPPED","actual final QA manuscript numeric-bearing line rescanned"
"QNUM0232","#### 3.3.3 统计分析方法","line 232","3. **子领域组间比较**：对 Reference composition、RefQ source/target role、local clustering、approximate betweenness 和 project age 使用 Kruskal-Wallis test，报告 epsilon-squared effect size，并在每种标签口径内进行 Benjamini-Hochberg FDR correction [@kruskal1952ranks; @benjamini1995fdr]。","3;952;995","METHOD_CONFIGURATION","outputs/reference_quotient_p0_corrected_v3/rq2c_undirected_view_summary.json","brokerage_sample_size;brokerage_method","INTEGER_FORMAT","MAPPED","actual final QA manuscript numeric-bearing line rescanned"
"QNUM0234","#### 3.3.3 统计分析方法","line 234","4. **多标签敏感性**：include_mixed 允许同一项目按多个 category labels 重复计入；exclude_mixed_or_multilabel 只保留单一标签项目。只有在两种口径下都通过 FDR correction 的结果才可称为跨标签处理口径稳健；仅在一种口径下达到阈值的结果标记为 label-mode sensitive。","4","METHOD_CONFIGURATION","configs/ch5_reference_quotient_p0_v3.yaml","study_year;activity_threshold;window_start;window_end","INTEGER_FORMAT","MAPPED","actual final QA manuscript numeric-bearing line rescanned"
"QNUM0236","#### 3.3.3 统计分析方法","line 236","5. **解释边界**：不以 p-value 单独宣称 substantive difference，不将 cross-sectional age association 写成演化，不将 algorithmic communities 写成 semantic DBMS communities，也不通过人为 rounding 改变统计结果。","5","METHOD_CONFIGURATION","configs/ch5_reference_quotient_p0_v3.yaml","study_year;activity_threshold;window_start;window_end","INTEGER_FORMAT","MAPPED","actual final QA manuscript numeric-bearing line rescanned"
"QNUM0238","### 3.4 Reference Quotient Network 构建","line 238","### 3.4 Reference Quotient Network 构建","3.4","NON_SCIENTIFIC_FORMATTING","N/A","N/A","INTEGER_FORMAT","NOT_APPLICABLE","actual final QA manuscript numeric-bearing line rescanned"
"QNUM0240","#### 3.4.1 细粒度 Reference 图与项目可映射子域","line 240","#### 3.4.1 细粒度 Reference 图与项目可映射子域","3.4;1","NON_SCIENTIFIC_FORMATTING","N/A","N/A","INTEGER_FORMAT","NOT_APPLICABLE","actual final QA manuscript numeric-bearing line rescanned"
"QNUM0262","#### 3.4.1 细粒度 Reference 图与项目可映射子域","line 262","其中 \(V_R^{obs}\) 为观测窗口内出现的细粒度实体或资源，\(E_R^{obs}\subseteq V_R^{obs}\times V_R^{obs}\) 为可追溯 Reference relations，\(w_R(u,v)\) 表示在本文规定的证据保留与去重规则下从 \(u\) 指向 \(v\) 的 Reference 权重。由于 source Reference evidence 来自 294 个分析 seed DBMS projects 的 GitHub 协作日志，该图是 seed-centered observed graph，而不是完整 GitHub/OSS ecosystem graph。","294","METHOD_CONFIGURATION","configs/ch5_reference_quotient_p0_v3.yaml","study_year;activity_threshold;window_start;window_end","INTEGER_FORMAT","MAPPED","actual final QA manuscript numeric-bearing line rescanned"
"QNUM0287","#### 3.4.2 Membership partition 与 graph coarsening","line 287","#### 3.4.2 Membership partition 与 graph coarsening","3.4;2","NON_SCIENTIFIC_FORMATTING","N/A","N/A","INTEGER_FORMAT","NOT_APPLICABLE","actual final QA manuscript numeric-bearing line rescanned"
"QNUM0302","#### 3.4.2 Membership partition 与 graph coarsening","line 302","该 partition 来源于实体所属项目的语义归属关系，而不是社区算法、共享邻居、结构相似度或 partition-learning 过程。Loukas 所讨论的 many-to-one coarsening map、contraction sets 和 induced partition 为这一图粗化语言提供数学背景；其 coarsening framework 还进一步包含 contraction-set 的 connectivity/locality 条件。本文仅借用 many-to-one coarse-graining、contraction-set 与 induced-partition 语言；artifact-to-project membership blocks 由外部语义归属确定，本文不要求其满足 Loukas 意义下的 locality condition [@loukas2019graphreduction]。因此，RefQ 的精确定义以 semantic membership partition 上的 block aggregation / quotient construction 为准：首先根据 artifact-to-project membership mapping 形成 partition，然后聚合不同 block 之间的有向 Reference 权重，而不把本文的 membership blocks 写成 Loukas-specific coarsening assumptions 的实例。","019","METHOD_CONFIGURATION","configs/ch5_reference_quotient_p0_v3.yaml","study_year;activity_threshold;window_start;window_end","INTEGER_FORMAT","MAPPED","actual final QA manuscript numeric-bearing line rescanned"
"QNUM0303","#### 3.4.3 Reference Quotient 的形式化定义","line 303","#### 3.4.3 Reference Quotient 的形式化定义","3.4;3","NON_SCIENTIFIC_FORMATTING","N/A","N/A","INTEGER_FORMAT","NOT_APPLICABLE","actual final QA manuscript numeric-bearing line rescanned"
"QNUM0313","#### 3.4.3 Reference Quotient 的形式化定义","line 313","若 \(q_{ab}>0\)，则在项目级网络中形成有向 RefQ relation：","0","METHOD_CONFIGURATION","configs/ch5_reference_quotient_p0_v3.yaml","study_year;activity_threshold;window_start;window_end","INTEGER_FORMAT","MAPPED","actual final QA manuscript numeric-bearing line rescanned"
"QNUM0321","#### 3.4.3 Reference Quotient 的形式化定义","line 321","定义 \(R_P\) 为 project-mappable fine-grained Reference adjacency matrix，定义 \(M\in\{0,1\}^{|V_P|\times |P|}\) 为 membership matrix，其中：","0,1","METHOD_CONFIGURATION","configs/ch5_reference_quotient_p0_v3.yaml","study_year;activity_threshold;window_start;window_end","INTEGER_FORMAT","MAPPED","actual final QA manuscript numeric-bearing line rescanned"
"QNUM0326","#### 3.4.3 Reference Quotient 的形式化定义","line 326","1,&\pi(i)=p\\","1,","METHOD_CONFIGURATION","configs/ch5_reference_quotient_p0_v3.yaml","study_year;activity_threshold;window_start;window_end","INTEGER_FORMAT","MAPPED","actual final QA manuscript numeric-bearing line rescanned"
"QNUM0327","#### 3.4.3 Reference Quotient 的形式化定义","line 327","0,&\text{otherwise}.","0,","METHOD_CONFIGURATION","configs/ch5_reference_quotient_p0_v3.yaml","study_year;activity_threshold;window_start;window_end","INTEGER_FORMAT","MAPPED","actual final QA manuscript numeric-bearing line rescanned"
"QNUM0331","#### 3.4.3 Reference Quotient 的形式化定义","line 331","等价地，membership matrix \(M\) 的每一行恰有一个值为 1 的项目归属项：","1","METHOD_CONFIGURATION","configs/ch5_reference_quotient_p0_v3.yaml","study_year;activity_threshold;window_start;window_end","INTEGER_FORMAT","MAPPED","actual final QA manuscript numeric-bearing line rescanned"
"QNUM0336","#### 3.4.3 Reference Quotient 的形式化定义","line 336","\sum_{p\in P}M_{ip}=1","1","METHOD_CONFIGURATION","configs/ch5_reference_quotient_p0_v3.yaml","study_year;activity_threshold;window_start;window_end","INTEGER_FORMAT","MAPPED","actual final QA manuscript numeric-bearing line rescanned"
"QNUM0340","#### 3.4.3 Reference Quotient 的形式化定义","line 340","与 quotient-network 文献中的 partition characteristic-matrix aggregation 在结构上相应，本文根据 Reference evidence multiplicity 的计数语义，采用未归一化 block-sum；Sánchez-García 所讨论的 normalized quotient form 与 unnormalized compression form 提供了数学邻近背景，但不定义本文的 relation semantics [@sanchezgarcia2020quotientnetwork]。则项目级 Reference Quotient matrix 为：","020","METHOD_CONFIGURATION","configs/ch5_reference_quotient_p0_v3.yaml","study_year;activity_threshold;window_start;window_end","INTEGER_FORMAT","MAPPED","actual final QA manuscript numeric-bearing line rescanned"
"QNUM0358","#### 3.4.4 Project-level RefQN 与观测边界","line 358","#### 3.4.4 Project-level RefQN 与观测边界","3.4;4","NON_SCIENTIFIC_FORMATTING","N/A","N/A","INTEGER_FORMAT","NOT_APPLICABLE","actual final QA manuscript numeric-bearing line rescanned"
"QNUM0359","#### 3.4.4 Project-level RefQN 与观测边界","line 359","在本文实例中，Project-level RefQN 的 source observation set 为 294 个 analysis seed DBMS projects。被这些 seed projects 指向、且能够可靠映射到 GitHub repository/project 的对象进入 expanded target projects。因此，当前 RefQN 是 seed-centered observed Reference Quotient Network，而不是对所有节点 source behavior 都完整观测的封闭生态网络。","294","METHOD_CONFIGURATION","configs/ch5_reference_quotient_p0_v3.yaml","study_year;activity_threshold;window_start;window_end","INTEGER_FORMAT","MAPPED","actual final QA manuscript numeric-bearing line rescanned"
"QNUM0363","#### 3.4.4 Project-level RefQN 与观测边界","line 363","- **analysis seed project**：通过 DBMS 领域、许可证和活跃度条件筛选得到，并被实际爬取 GitHub 协作日志的 294 个开源 DBMS 项目；","294","METHOD_CONFIGURATION","configs/ch5_reference_quotient_p0_v3.yaml","study_year;activity_threshold;window_start;window_end","INTEGER_FORMAT","MAPPED","actual final QA manuscript numeric-bearing line rescanned"
"QNUM0364","#### 3.4.4 Project-level RefQN 与观测边界","line 364","- **referenced project / observable target project**：在 294 个 seed projects 的 Reference records 中被解析为 GitHub repository/project 的项目；","294","METHOD_CONFIGURATION","configs/ch5_reference_quotient_p0_v3.yaml","study_year;activity_threshold;window_start;window_end","INTEGER_FORMAT","MAPPED","actual final QA manuscript numeric-bearing line rescanned"
"QNUM0365","#### 3.4.4 Project-level RefQN 与观测边界","line 365","- **expanded project node**：Project-level RefQN 中的项目级节点，包括 294 个 seed projects 以及被这些 seed projects 指向的其他 GitHub projects；","294","METHOD_CONFIGURATION","configs/ch5_reference_quotient_p0_v3.yaml","study_year;activity_threshold;window_start;window_end","INTEGER_FORMAT","MAPPED","actual final QA manuscript numeric-bearing line rescanned"
"QNUM0368","#### 3.4.4 Project-level RefQN 与观测边界","line 368","自环在一般 RefQ 定义中具有明确含义：若 \(Q_{aa}>0\)，表示项目 \(a\) 内部的细粒度实体之间存在保留的 Reference evidence。self-reference behavior 可以在 RQ1 中保留并单独统计；cross-project topology 可以按预先规定的分析配置移除 self-loop；是否删除 self-loop 是分析视图选择，不改变 RefQ 的一般定义。","0","METHOD_CONFIGURATION","configs/ch5_reference_quotient_p0_v3.yaml","study_year;activity_threshold;window_start;window_end","INTEGER_FORMAT","MAPPED","actual final QA manuscript numeric-bearing line rescanned"
"QNUM0370","#### 3.4.4 Project-level RefQN 与观测边界","line 370","该 quotient construction 确保本文将“294 个 analysis seed projects”“3,747,958 条 admitted source-observation Reference records”“6,506 个 Project-level RefQN 节点域”“6,505 个 edge-observed 节点”和“6,367 个最大连通子图节点”区分开来。完整 Project-level RefQN 的有向表包含 9,884 条边，其中 289 条为 self-loops，跨项目边表包含 9,595 条边；无向派生视图包含 9,547 条边，LCC 主口径包含 6,367 个节点和 9,462 条边，LCC directed sensitivity 口径包含 9,510 条边。RQ2c 的模块度使用当前分析输出中的值，并明确与 RefQ matrix \(Q=M^\top R_PM\) 区分。","294;3,747,958;6,506;6,505;6,367;9,884;289;9,595;9,547;9,462;9,510","METHOD_CONFIGURATION","outputs/reference_quotient_p0_corrected_v3/quotient_construction_audit.json","scanned_input_rows;retained_reference_records;quotient_eligible_records;refq_node_domain;refq_directed_edges_including_self_loops;refq_directed_cross_project_edges;lcc_nodes;lcc_edges;directed_cross_project_edges_lcc_sensitivity","INTEGER_FORMAT","MAPPED","actual final QA manuscript numeric-bearing line rescanned"
"QNUM0372","## 4 结果","line 372","## 4 结果","4","NON_SCIENTIFIC_FORMATTING","N/A","N/A","INTEGER_FORMAT","NOT_APPLICABLE","actual final QA manuscript numeric-bearing line rescanned"
"QNUM0374","## 4 结果","line 374","本节按 RQ1、RQ2a、RQ2b、RQ2c 和 RQ3 的结构组织实证结果。RQ1 以种子 DBMS 项目的有效直接 Reference 记录为基础，分析征引实体、被引实体、自引用、协作指标和 external-reference orientation，而不是扩展网络全部节点；RQ2a 聚焦征引侧 source-role，即 294 个分析种子项目的 out-degree、out-strength、主动引用范围和 seed-to-seed / seed-to-expanded RefQ relations 差异；RQ2b 聚焦被引侧 target-role，即全部可识别目标项目的 in-degree、in-strength、覆盖率和集中结构；RQ2c 聚焦由直接有向引用关系派生出的无向结构视图，用于连通性、局部聚集、Louvain 算法社区结构和 structural brokerage 候选分析，且不构建 shared-reference projection；RQ3 以种子项目的子领域标签、引用类型、项目级网络特征和项目年龄关联变量为基础，重点考察局部性与非均质性差异。","294","SCIENTIFIC_RESULT","outputs/reference_quotient_p0_corrected_v3/seed_observability_audit.json","seed_count;expanded_target_count;expanded_targets_are_source_complete","INTEGER_FORMAT","MAPPED","actual final QA manuscript numeric-bearing line rescanned"
"QNUM0376","### 4.1 RQ1：细粒度 Reference behavior、协作互动与外部 Reference 指向","line 376","### 4.1 RQ1：细粒度 Reference behavior、协作互动与外部 Reference 指向","4.1","NON_SCIENTIFIC_FORMATTING","N/A","N/A","INTEGER_FORMAT","NOT_APPLICABLE","actual final QA manuscript numeric-bearing line rescanned"
"QNUM0378","#### 4.1.1 引用类型分布特征与 Reference evidence composition","line 378","#### 4.1.1 引用类型分布特征与 Reference evidence composition","4.1;1","NON_SCIENTIFIC_FORMATTING","N/A","N/A","INTEGER_FORMAT","NOT_APPLICABLE","actual final QA manuscript numeric-bearing line rescanned"
"QNUM0379","#### 4.1.1 引用类型分布特征与 Reference evidence composition","line 379","基于 294 个种子 DBMS 项目的 GitHub 协作日志，本文在 source-admission 后保留 3,747,958 条 admitted source-observation Reference records。本节从征引实体、被引实体与自引用比例三个维度考察 fine-grained Reference behavior：征引端刻画 Reference 从哪些协作场景发起，被引端刻画 Reference 指向哪些对象，自引用则刻画项目内部 Reference 与外部 Reference 之间的证据构成。总体来看，DBMS Reference evidence 同时表现为讨论驱动、外部资源指向和项目间比例差异。表 4.1 与表 4.2 报告完整 fine-grained entity distribution。","294;3,747,958;4.1;4.2","SCIENTIFIC_RESULT","outputs/reference_quotient_p0_corrected_v3/quotient_construction_audit.json","scanned_input_rows;retained_reference_records;quotient_eligible_records","INTEGER_FORMAT","MAPPED","actual final QA manuscript numeric-bearing line rescanned"
"QNUM0381","#### 4.1.1 引用类型分布特征与 Reference evidence composition","line 381","1. **征引实体分布：协作讨论驱动的引用来源**","1","SCIENTIFIC_RESULT","outputs/reference_quotient_p0_corrected_v3/manifest.json","status;manifest_sha256;config_sha256","INTEGER_FORMAT","MAPPED","actual final QA manuscript numeric-bearing line rescanned"
"QNUM0383","#### 4.1.1 引用类型分布特征与 Reference evidence composition","line 383","征引实体分布回答“Reference 从何处发起”的问题。表 4.1 不再把未单列事件合并为“其他”，而是完整保留冻结输出中的事件类型行。","4.1","SCIENTIFIC_RESULT","outputs/reference_quotient_p0_corrected_v3/manifest.json","status;manifest_sha256;config_sha256","INTEGER_FORMAT","MAPPED","actual final QA manuscript numeric-bearing line rescanned"
"QNUM0385","#### 4.1.1 引用类型分布特征与 Reference evidence composition","line 385","**表 4.1 征引实体类型分布统计**","4.1","NON_SCIENTIFIC_FORMATTING","N/A","N/A","INTEGER_FORMAT","NOT_APPLICABLE","actual final QA manuscript numeric-bearing line rescanned"
"QNUM0389","#### 4.1.1 引用类型分布特征与 Reference evidence composition","line 389","| IssueComment | 1,816,696 | 48.47% |","1,816,696;48.47%","SCIENTIFIC_RESULT","outputs/reference_quotient_p0_corrected_v3/rq1_referencing_entity_distribution.csv","event_type;count;share","PERCENT_X100_ROUND_2","MAPPED","actual final QA manuscript numeric-bearing line rescanned"
"QNUM0390","#### 4.1.1 引用类型分布特征与 Reference evidence composition","line 390","| Push | 1,165,990 | 31.11% |","1,165,990;31.11%","SCIENTIFIC_RESULT","outputs/reference_quotient_p0_corrected_v3/rq1_referencing_entity_distribution.csv","event_type;count;share","PERCENT_X100_ROUND_2","MAPPED","actual final QA manuscript numeric-bearing line rescanned"
"QNUM0391","#### 4.1.1 引用类型分布特征与 Reference evidence composition","line 391","| PullRequest | 335,530 | 8.95% |","335,530;8.95%","SCIENTIFIC_RESULT","outputs/reference_quotient_p0_corrected_v3/rq1_referencing_entity_distribution.csv","event_type;count;share","PERCENT_X100_ROUND_2","MAPPED","actual final QA manuscript numeric-bearing line rescanned"
"QNUM0392","#### 4.1.1 引用类型分布特征与 Reference evidence composition","line 392","| Issue | 168,876 | 4.51% |","168,876;4.51%","SCIENTIFIC_RESULT","outputs/reference_quotient_p0_corrected_v3/rq1_referencing_entity_distribution.csv","event_type;count;share","PERCENT_X100_ROUND_2","MAPPED","actual final QA manuscript numeric-bearing line rescanned"
"QNUM0393","#### 4.1.1 引用类型分布特征与 Reference evidence composition","line 393","| Release | 96,690 | 2.58% |","96,690;2.58%","SCIENTIFIC_RESULT","outputs/reference_quotient_p0_corrected_v3/rq1_referencing_entity_distribution.csv","event_type;count;share","PERCENT_X100_ROUND_2","MAPPED","actual final QA manuscript numeric-bearing line rescanned"
"QNUM0394","#### 4.1.1 引用类型分布特征与 Reference evidence composition","line 394","| PullRequestReview | 72,597 | 1.94% |","72,597;1.94%","SCIENTIFIC_RESULT","outputs/reference_quotient_p0_corrected_v3/rq1_referencing_entity_distribution.csv","event_type;count;share","PERCENT_X100_ROUND_2","MAPPED","actual final QA manuscript numeric-bearing line rescanned"
"QNUM0395","#### 4.1.1 引用类型分布特征与 Reference evidence composition","line 395","| PullRequestReviewComment | 52,761 | 1.41% |","52,761;1.41%","SCIENTIFIC_RESULT","outputs/reference_quotient_p0_corrected_v3/rq1_referencing_entity_distribution.csv","event_type;count;share","PERCENT_X100_ROUND_2","MAPPED","actual final QA manuscript numeric-bearing line rescanned"
"QNUM0396","#### 4.1.1 引用类型分布特征与 Reference evidence composition","line 396","| CommitComment | 38,818 | 1.04% |","38,818;1.04%","SCIENTIFIC_RESULT","outputs/reference_quotient_p0_corrected_v3/rq1_referencing_entity_distribution.csv","event_type;count;share","PERCENT_X100_ROUND_2","MAPPED","actual final QA manuscript numeric-bearing line rescanned"
"QNUM0398","#### 4.1.1 引用类型分布特征与 Reference evidence composition","line 398","表中占比基于 3,747,958 条 admitted source-observation records 计算。IssueComment、Push、PullRequest、Issue 是当前分布中计数最高的四类征引实体；这些比例是 observed global shares，不被解释为任务解决、讨论质量或组织机制。","3,747,958","SCIENTIFIC_RESULT","outputs/reference_quotient_p0_corrected_v3/quotient_construction_audit.json","scanned_input_rows;retained_reference_records;quotient_eligible_records","INTEGER_FORMAT","MAPPED","actual final QA manuscript numeric-bearing line rescanned"
"QNUM0400","#### 4.1.1 引用类型分布特征与 Reference evidence composition","line 400","2. **被引实体分布：生态资源与完整变更单元的引用对象**","2","SCIENTIFIC_RESULT","outputs/reference_quotient_p0_corrected_v3/manifest.json","status;manifest_sha256;config_sha256","INTEGER_FORMAT","MAPPED","actual final QA manuscript numeric-bearing line rescanned"
"QNUM0402","#### 4.1.1 引用类型分布特征与 Reference evidence composition","line 402","被引实体分布回答“Reference 指向何种对象”的问题。表 4.2 采用完整 fine-grained target-entity rows，不把长尾类型静默合并为“其他”。","4.2","SCIENTIFIC_RESULT","outputs/reference_quotient_p0_corrected_v3/manifest.json","status;manifest_sha256;config_sha256","INTEGER_FORMAT","MAPPED","actual final QA manuscript numeric-bearing line rescanned"
"QNUM0404","#### 4.1.1 引用类型分布特征与 Reference evidence composition","line 404","**表 4.2 被引实体类型分布统计**","4.2","NON_SCIENTIFIC_FORMATTING","N/A","N/A","INTEGER_FORMAT","NOT_APPLICABLE","actual final QA manuscript numeric-bearing line rescanned"
"QNUM0408","#### 4.1.1 引用类型分布特征与 Reference evidence composition","line 408","| GitHub_Service_External_Links | 1,629,327 | 43.47% |","1,629,327;43.47%","SCIENTIFIC_RESULT","outputs/reference_quotient_p0_corrected_v3/rq1_referenced_entity_distribution.csv","entity_type;count;share","PERCENT_X100_ROUND_2","MAPPED","actual final QA manuscript numeric-bearing line rescanned"
"QNUM0409","#### 4.1.1 引用类型分布特征与 Reference evidence composition","line 409","| PullRequest | 671,986 | 17.93% |","671,986;17.93%","SCIENTIFIC_RESULT","outputs/reference_quotient_p0_corrected_v3/rq1_referenced_entity_distribution.csv","entity_type;count;share","PERCENT_X100_ROUND_2","MAPPED","actual final QA manuscript numeric-bearing line rescanned"
"QNUM0410","#### 4.1.1 引用类型分布特征与 Reference evidence composition","line 410","| Actor | 475,651 | 12.69% |","475,651;12.69%","SCIENTIFIC_RESULT","outputs/reference_quotient_p0_corrected_v3/rq1_referenced_entity_distribution.csv","entity_type;count;share","PERCENT_X100_ROUND_2","MAPPED","actual final QA manuscript numeric-bearing line rescanned"
"QNUM0411","#### 4.1.1 引用类型分布特征与 Reference evidence composition","line 411","| Issue | 281,648 | 7.51% |","281,648;7.51%","SCIENTIFIC_RESULT","outputs/reference_quotient_p0_corrected_v3/rq1_referenced_entity_distribution.csv","entity_type;count;share","PERCENT_X100_ROUND_2","MAPPED","actual final QA manuscript numeric-bearing line rescanned"
"QNUM0412","#### 4.1.1 引用类型分布特征与 Reference evidence composition","line 412","| Commit | 255,009 | 6.80% |","255,009;6.80%","SCIENTIFIC_RESULT","outputs/reference_quotient_p0_corrected_v3/rq1_referenced_entity_distribution.csv","entity_type;count;share","PERCENT_X100_ROUND_2","MAPPED","actual final QA manuscript numeric-bearing line rescanned"
"QNUM0413","#### 4.1.1 引用类型分布特征与 Reference evidence composition","line 413","| GitHub_Files_FileChanges | 193,391 | 5.16% |","193,391;5.16%","SCIENTIFIC_RESULT","outputs/reference_quotient_p0_corrected_v3/rq1_referenced_entity_distribution.csv","entity_type;count;share","PERCENT_X100_ROUND_2","MAPPED","actual final QA manuscript numeric-bearing line rescanned"
"QNUM0414","#### 4.1.1 引用类型分布特征与 Reference evidence composition","line 414","| Repo | 74,468 | 1.99% |","74,468;1.99%","SCIENTIFIC_RESULT","outputs/reference_quotient_p0_corrected_v3/rq1_referenced_entity_distribution.csv","entity_type;count;share","PERCENT_X100_ROUND_2","MAPPED","actual final QA manuscript numeric-bearing line rescanned"
"QNUM0415","#### 4.1.1 引用类型分布特征与 Reference evidence composition","line 415","| GitHub_GenSer_Other_Links | 62,641 | 1.67% |","62,641;1.67%","SCIENTIFIC_RESULT","outputs/reference_quotient_p0_corrected_v3/rq1_referenced_entity_distribution.csv","entity_type;count;share","PERCENT_X100_ROUND_2","MAPPED","actual final QA manuscript numeric-bearing line rescanned"
"QNUM0416","#### 4.1.1 引用类型分布特征与 Reference evidence composition","line 416","| GitHub_Other_Service | 32,788 | 0.87% |","32,788;0.87%","SCIENTIFIC_RESULT","outputs/reference_quotient_p0_corrected_v3/rq1_referenced_entity_distribution.csv","entity_type;count;share","PERCENT_X100_ROUND_2","MAPPED","actual final QA manuscript numeric-bearing line rescanned"
"QNUM0417","#### 4.1.1 引用类型分布特征与 Reference evidence composition","line 417","| Branch_Tag_GHDir | 24,102 | 0.64% |","24,102;0.64%","SCIENTIFIC_RESULT","outputs/reference_quotient_p0_corrected_v3/rq1_referenced_entity_distribution.csv","entity_type;count;share","PERCENT_X100_ROUND_2","MAPPED","actual final QA manuscript numeric-bearing line rescanned"
"QNUM0418","#### 4.1.1 引用类型分布特征与 Reference evidence composition","line 418","| IssueComment | 13,355 | 0.36% |","13,355;0.36%","SCIENTIFIC_RESULT","outputs/reference_quotient_p0_corrected_v3/rq1_referenced_entity_distribution.csv","entity_type;count;share","PERCENT_X100_ROUND_2","MAPPED","actual final QA manuscript numeric-bearing line rescanned"
"QNUM0419","#### 4.1.1 引用类型分布特征与 Reference evidence composition","line 419","| SHA | 13,126 | 0.35% |","13,126;0.35%","SCIENTIFIC_RESULT","outputs/reference_quotient_p0_corrected_v3/rq1_referenced_entity_distribution.csv","entity_type;count;share","PERCENT_X100_ROUND_2","MAPPED","actual final QA manuscript numeric-bearing line rescanned"
"QNUM0420","#### 4.1.1 引用类型分布特征与 Reference evidence composition","line 420","| PullRequestReview | 8,076 | 0.22% |","8,076;0.22%","SCIENTIFIC_RESULT","outputs/reference_quotient_p0_corrected_v3/rq1_referenced_entity_distribution.csv","entity_type;count;share","PERCENT_X100_ROUND_2","MAPPED","actual final QA manuscript numeric-bearing line rescanned"
"QNUM0421","#### 4.1.1 引用类型分布特征与 Reference evidence composition","line 421","| Gollum | 5,779 | 0.15% |","5,779;0.15%","SCIENTIFIC_RESULT","outputs/reference_quotient_p0_corrected_v3/rq1_referenced_entity_distribution.csv","entity_type;count;share","PERCENT_X100_ROUND_2","MAPPED","actual final QA manuscript numeric-bearing line rescanned"
"QNUM0422","#### 4.1.1 引用类型分布特征与 Reference evidence composition","line 422","| PullRequestReviewComment | 3,775 | 0.10% |","3,775;0.10%","SCIENTIFIC_RESULT","outputs/reference_quotient_p0_corrected_v3/rq1_referenced_entity_distribution.csv","entity_type;count;share","PERCENT_X100_ROUND_2","MAPPED","actual final QA manuscript numeric-bearing line rescanned"
"QNUM0423","#### 4.1.1 引用类型分布特征与 Reference evidence composition","line 423","| Release | 1,950 | 0.05% |","1,950;0.05%","SCIENTIFIC_RESULT","outputs/reference_quotient_p0_corrected_v3/rq1_referenced_entity_distribution.csv","entity_type;count;share","PERCENT_X100_ROUND_2","MAPPED","actual final QA manuscript numeric-bearing line rescanned"
"QNUM0424","#### 4.1.1 引用类型分布特征与 Reference evidence composition","line 424","| Branch | 581 | 0.02% |","581;0.02%","SCIENTIFIC_RESULT","outputs/reference_quotient_p0_corrected_v3/rq1_referenced_entity_distribution.csv","entity_type;count;share","PERCENT_X100_ROUND_2","MAPPED","actual final QA manuscript numeric-bearing line rescanned"
"QNUM0425","#### 4.1.1 引用类型分布特征与 Reference evidence composition","line 425","| Tag | 300 | 0.01% |","300;0.01%","SCIENTIFIC_RESULT","outputs/reference_quotient_p0_corrected_v3/rq1_referenced_entity_distribution.csv","entity_type;count;share","PERCENT_X100_ROUND_2","MAPPED","actual final QA manuscript numeric-bearing line rescanned"
"QNUM0426","#### 4.1.1 引用类型分布特征与 Reference evidence composition","line 426","| CommitComment | 5 | 0.00% |","5;0.00%","SCIENTIFIC_RESULT","outputs/reference_quotient_p0_corrected_v3/rq1_referenced_entity_distribution.csv","entity_type;count;share","PERCENT_X100_ROUND_2","MAPPED","actual final QA manuscript numeric-bearing line rescanned"
"QNUM0430","#### 4.1.1 引用类型分布特征与 Reference evidence composition","line 430","3. **自引用行为：内部与外部 Reference evidence 的比例分化**","3","SCIENTIFIC_RESULT","outputs/reference_quotient_p0_corrected_v3/manifest.json","status;manifest_sha256;config_sha256","INTEGER_FORMAT","MAPPED","actual final QA manuscript numeric-bearing line rescanned"
"QNUM0432","#### 4.1.1 引用类型分布特征与 Reference evidence composition","line 432","自引率表示项目内部 Reference records 占该项目全部可观测 Reference records 的比例。当前 294 个种子 DBMS 项目的自引率均值为 41.82%，中位数为 39.47%，标准差为 23.89%；25% 分位数为 25.75%，75% 分位数为 59.06%。这一分布只说明项目间 Reference evidence 构成存在差异，不测量更强的知识过程、组织属性或能力构念。","294;41.82%;39.47%;23.89%;25%;25.75%;75%;59.06%","SCIENTIFIC_RESULT","outputs/reference_quotient_p0_corrected_v3/seed_observability_audit.json","seed_count;expanded_target_count;expanded_targets_are_source_complete","PERCENT_X100_ROUND_2","MAPPED","actual final QA manuscript numeric-bearing line rescanned"
"QNUM0434","#### 4.1.1 引用类型分布特征与 Reference evidence composition","line 434","从项目 profile 看，WiredTiger 的自引率为 84.08%（15,332 条引用中 12,891 条为自引）；SSDB 与 GreatSQL 的自引率均为 0.00%，H2 的自引率为 39.83%。这些案例仅用于说明当前文件支持的分布位置，不构成项目质量或机制判断。","84.08%;15,332;12,891;0.00%;39.83%","SCIENTIFIC_RESULT","outputs/reference_quotient_p0_corrected_v3/manifest.json","status;manifest_sha256;config_sha256","PERCENT_X100_ROUND_2","MAPPED","actual final QA manuscript numeric-bearing line rescanned"
"QNUM0439","#### 4.1.2 协作特征与 comment reference density","line 439","#### 4.1.2 协作特征与 comment reference density","4.1;2","NON_SCIENTIFIC_FORMATTING","N/A","N/A","INTEGER_FORMAT","NOT_APPLICABLE","actual final QA manuscript numeric-bearing line rescanned"
"QNUM0440","#### 4.1.2 协作特征与 comment reference density","line 440","本小节基于 294 个种子 DBMS 项目的项目级协作指标，从协作规模、互动强度与评论引用密度三个维度考察 Reference behavior 的项目级差异。冻结 descriptive statistics 同时报告偏度和峰度；表 4.3--4.5 的数值均直接取自该文件。","294;4.3;-4.5","SCIENTIFIC_RESULT","outputs/reference_quotient_p0_corrected_v3/rq1_descriptive_statistics.csv","metric;mean;median;std;q25;q75;max","INTEGER_FORMAT","MAPPED","actual final QA manuscript numeric-bearing line rescanned"
"QNUM0442","#### 4.1.2 协作特征与 comment reference density","line 442","**表 4.3 活跃议题数分布统计**","4.3","NON_SCIENTIFIC_FORMATTING","N/A","N/A","INTEGER_FORMAT","NOT_APPLICABLE","actual final QA manuscript numeric-bearing line rescanned"
"QNUM0444","#### 4.1.2 协作特征与 comment reference density","line 444","| 统计量 | n | 均值 | 中位数 | 标准差 | 最小值 | 最大值 | 偏度 | 峰度 | 25%分位数 | 75%分位数 |","25%;75%","SCIENTIFIC_RESULT","outputs/reference_quotient_p0_corrected_v3/rq1_descriptive_statistics.csv","metric;mean;median;std;q25;q75;max","PERCENT_X100_ROUND_2","MAPPED","actual final QA manuscript numeric-bearing line rescanned"
"QNUM0446","#### 4.1.2 协作特征与 comment reference density","line 446","| 活跃议题数 | 294 | 739.92 | 85.50 | 2,025.65 | 0.00 | 22,349.00 | 6.25 | 51.99 | 15.00 | 566.00 |","294;739.92;85.50;2,025.65;0.00;22,349.00;6.25;51.99;15.00;566.00","SCIENTIFIC_RESULT","outputs/reference_quotient_p0_corrected_v3/rq1_descriptive_statistics.csv","metric;mean;median;std;q25;q75;max","INTEGER_FORMAT","MAPPED","actual final QA manuscript numeric-bearing line rescanned"
"QNUM0448","#### 4.1.2 协作特征与 comment reference density","line 448","**表 4.4 新增议评率分布统计**","4.4","NON_SCIENTIFIC_FORMATTING","N/A","N/A","INTEGER_FORMAT","NOT_APPLICABLE","actual final QA manuscript numeric-bearing line rescanned"
"QNUM0450","#### 4.1.2 协作特征与 comment reference density","line 450","| 统计量 | n | 均值 | 中位数 | 标准差 | 最小值 | 最大值 | 偏度 | 峰度 | 25%分位数 | 75%分位数 |","25%;75%","SCIENTIFIC_RESULT","outputs/reference_quotient_p0_corrected_v3/rq1_descriptive_statistics.csv","metric;mean;median;std;q25;q75;max","PERCENT_X100_ROUND_2","MAPPED","actual final QA manuscript numeric-bearing line rescanned"
"QNUM0452","#### 4.1.2 协作特征与 comment reference density","line 452","| 新增议评率 | 294 | 2.08 | 1.72 | 1.66 | 0.00 | 15.95 | 5.36 | 36.59 | 1.39 | 2.16 |","294;2.08;1.72;1.66;0.00;15.95;5.36;36.59;1.39;2.16","SCIENTIFIC_RESULT","outputs/reference_quotient_p0_corrected_v3/rq1_descriptive_statistics.csv","metric;mean;median;std;q25;q75;max","INTEGER_FORMAT","MAPPED","actual final QA manuscript numeric-bearing line rescanned"
"QNUM0454","#### 4.1.2 协作特征与 comment reference density","line 454","**表 4.5 新增评引率分布统计**","4.5","NON_SCIENTIFIC_FORMATTING","N/A","N/A","INTEGER_FORMAT","NOT_APPLICABLE","actual final QA manuscript numeric-bearing line rescanned"
"QNUM0456","#### 4.1.2 协作特征与 comment reference density","line 456","| 统计量 | n | 均值 | 中位数 | 标准差 | 最小值 | 最大值 | 偏度 | 峰度 | 25%分位数 | 75%分位数 |","25%;75%","SCIENTIFIC_RESULT","outputs/reference_quotient_p0_corrected_v3/rq1_descriptive_statistics.csv","metric;mean;median;std;q25;q75;max","PERCENT_X100_ROUND_2","MAPPED","actual final QA manuscript numeric-bearing line rescanned"
"QNUM0458","#### 4.1.2 协作特征与 comment reference density","line 458","| 新增评引率 | 294 | 2.70 | 1.70 | 3.58 | 0.00 | 34.62 | 5.44 | 37.11 | 1.40 | 2.49 |","294;2.70;1.70;3.58;0.00;34.62;5.44;37.11;1.40;2.49","SCIENTIFIC_RESULT","outputs/reference_quotient_p0_corrected_v3/rq1_descriptive_statistics.csv","metric;mean;median;std;q25;q75;max","INTEGER_FORMAT","MAPPED","actual final QA manuscript numeric-bearing line rescanned"
"QNUM0460","#### 4.1.2 协作特征与 comment reference density","line 460","活跃议题数的均值为 739.92、中位数为 85.50、最大值为 22,349.00，偏度为 6.25、峰度为 51.99，呈现明显右偏。新增议评率的均值为 2.08、中位数为 1.72；新增评引率的均值为 2.70、中位数为 1.70。AlaSQL 的 comment reference density 为 34.6239，pubkey/rxdb 为 30.9038；这些是当前 project profile 的高值案例，不表示讨论质量或因果机制。","739.92;85.50;22,349.00;6.25;51.99;2.08;1.72;2.70;1.70;34.6239;30.9038","SCIENTIFIC_RESULT","outputs/reference_quotient_p0_corrected_v3/rq1_descriptive_statistics.csv","metric;mean;median;std;q25;q75;max","INTEGER_FORMAT","MAPPED","actual final QA manuscript numeric-bearing line rescanned"
"QNUM0462","#### 4.1.2 协作特征与 comment reference density","line 462","综合表 4.3、表 4.4 和表 4.5，项目协作同时呈现规模、讨论强度和评论 Reference density 的项目间异质性。三项指标共同描述可观测协作上下文，不建立因果链，也不命名“协作核心”或“边缘”。","4.3;4.4;4.5","SCIENTIFIC_RESULT","outputs/reference_quotient_p0_corrected_v3/rq1_descriptive_statistics.csv","metric;mean;median;std;q25;q75;max","INTEGER_FORMAT","MAPPED","actual final QA manuscript numeric-bearing line rescanned"
"QNUM0465","#### 4.1.3 Reference behavior 与项目年龄的横截面关联","line 465","#### 4.1.3 Reference behavior 与项目年龄的横截面关联","4.1;3","NON_SCIENTIFIC_FORMATTING","N/A","N/A","INTEGER_FORMAT","NOT_APPLICABLE","actual final QA manuscript numeric-bearing line rescanned"
"QNUM0466","#### 4.1.3 Reference behavior 与项目年龄的横截面关联","line 466","本小节分析项目年龄与 self-reference ratio、external-reference share、non-project reference share 和 comment reference density 之间的横截面关联。数据来自 2023 年单一观测窗口，项目年龄是同一窗口中的项目属性，因此本文只报告 Spearman association，不将其解释为同一项目的纵向变化或 longitudinal effect。","2023","SCIENTIFIC_RESULT","outputs/reference_quotient_p0_corrected_v3/rq1_project_age_cross_sectional_association.csv","metric;spearman_rho;p_value;design","INTEGER_FORMAT","MAPPED","actual final QA manuscript numeric-bearing line rescanned"
"QNUM0468","#### 4.1.3 Reference behavior 与项目年龄的横截面关联","line 468","当前分析中，291 个具有有效项目年龄的种子项目构成相关分析样本。结果见表 4.6a。四项相关系数与 p 值直接取自冻结文件；它们只支持项目间横截面差异的描述性观察。","291;4.6","SCIENTIFIC_RESULT","outputs/reference_quotient_p0_corrected_v3/rq1_project_age_cross_sectional_association.csv","metric;spearman_rho;p_value;design","INTEGER_FORMAT","MAPPED","actual final QA manuscript numeric-bearing line rescanned"
"QNUM0470","#### 4.1.3 Reference behavior 与项目年龄的横截面关联","line 470","**表 4.6a 项目年龄与 Reference 指标的横截面关联**","4.6","NON_SCIENTIFIC_FORMATTING","N/A","N/A","INTEGER_FORMAT","NOT_APPLICABLE","actual final QA manuscript numeric-bearing line rescanned"
"QNUM0474","#### 4.1.3 Reference behavior 与项目年龄的横截面关联","line 474","| self_reference_ratio | 291 | -0.1182 | 0.0440 | cross_sectional_2023 |","291;-0.1182;0.0440;2023","SCIENTIFIC_RESULT","outputs/reference_quotient_p0_corrected_v3/rq1_project_age_cross_sectional_association.csv","metric;spearman_rho;p_value;design","INTEGER_FORMAT","MAPPED","actual final QA manuscript numeric-bearing line rescanned"
"QNUM0475","#### 4.1.3 Reference behavior 与项目年龄的横截面关联","line 475","| external_reference_share | 291 | 0.1182 | 0.0440 | cross_sectional_2023 |","291;0.1182;0.0440;2023","SCIENTIFIC_RESULT","outputs/reference_quotient_p0_corrected_v3/rq1_project_age_cross_sectional_association.csv","metric;spearman_rho;p_value;design","INTEGER_FORMAT","MAPPED","actual final QA manuscript numeric-bearing line rescanned"
"QNUM0476","#### 4.1.3 Reference behavior 与项目年龄的横截面关联","line 476","| non_project_reference_share | 291 | 0.1574 | 0.0072 | cross_sectional_2023 |","291;0.1574;0.0072;2023","SCIENTIFIC_RESULT","outputs/reference_quotient_p0_corrected_v3/rq1_project_age_cross_sectional_association.csv","metric;spearman_rho;p_value;design","INTEGER_FORMAT","MAPPED","actual final QA manuscript numeric-bearing line rescanned"
"QNUM0477","#### 4.1.3 Reference behavior 与项目年龄的横截面关联","line 477","| comment_reference_density | 291 | 0.1417 | 0.0155 | cross_sectional_2023 |","291;0.1417;0.0155;2023","SCIENTIFIC_RESULT","outputs/reference_quotient_p0_corrected_v3/rq1_project_age_cross_sectional_association.csv","metric;spearman_rho;p_value;design","INTEGER_FORMAT","MAPPED","actual final QA manuscript numeric-bearing line rescanned"
"QNUM0479","#### 4.1.3 Reference behavior 与项目年龄的横截面关联","line 479","self-reference ratio 与 external-reference share 的相关系数绝对值相同、符号相反，来自二者在当前定义下的互补关系。non-project reference share 与 comment reference density 的相关强度较弱，即使 p 值低于 0.05，也不构成时间效应、阶段模型或因果机制证据。若要讨论真实变化过程，需要补充跨年份重复观测和 longitudinal design。","0.05","SCIENTIFIC_RESULT","outputs/reference_quotient_p0_corrected_v3/rq1_project_age_cross_sectional_association.csv","metric;spearman_rho;p_value;design","INTEGER_FORMAT","MAPPED","actual final QA manuscript numeric-bearing line rescanned"
"QNUM0482","### 4.2 RQ2a/RQ2b/RQ2c：Project-level RefQN 的角色化结构视图","line 482","### 4.2 RQ2a/RQ2b/RQ2c：Project-level RefQN 的角色化结构视图","4.2","NON_SCIENTIFIC_FORMATTING","N/A","N/A","INTEGER_FORMAT","NOT_APPLICABLE","actual final QA manuscript numeric-bearing line rescanned"
"QNUM0484","### 4.2 RQ2a/RQ2b/RQ2c：Project-level RefQN 的角色化结构视图","line 484","本节使用定义好的分析输出分离三种不可混用的分析角色：RQ2a 只解释 294 个 analysis seed projects 的 source behavior；RQ2b 解释被至少一个 seed project 指向的 observable targets；RQ2c 解释由跨项目 RefQ edges 派生的无向结构视图。expanded targets 的 source rows 并未被对称观测，因此其低 out-degree 不能解释为项目行为特征。","294","SCIENTIFIC_RESULT","outputs/reference_quotient_p0_corrected_v3/rq2a_source_role_metrics.csv","project_id;repo_name;out_degree;out_strength;seed_to_seed_weight;seed_to_expanded_weight","INTEGER_FORMAT","MAPPED","actual final QA manuscript numeric-bearing line rescanned"
"QNUM0486","#### 4.2.0 Project-level RefQN scale 与视图边界","line 486","#### 4.2.0 Project-level RefQN scale 与视图边界","4.2;0","NON_SCIENTIFIC_FORMATTING","N/A","N/A","INTEGER_FORMAT","NOT_APPLICABLE","actual final QA manuscript numeric-bearing line rescanned"
"QNUM0487","#### 4.2.0 Project-level RefQN scale 与视图边界","line 487","Project-level RefQN 的完整节点域为 6,506，其中 6,505 个节点有边观测，另有 1 个 zero-edge node。完整有向表包含 9,884 条边和总权重 1,586,047，其中 289 条为 self-loops；排除自环后得到 9,595 条 directed cross-project RefQ edges，总权重为 138,974。将跨项目边忽略方向并合并互反关系后，\(U(G_{\mathrm{RefQ}})\) 包含 9,547 条无向边。","6,506;6,505;1;9,884;1,586,047;289;9,595;138,974;9,547","SCIENTIFIC_RESULT","outputs/reference_quotient_p0_corrected_v3/rq2a_source_role_metrics.csv","project_id;repo_name;out_degree;out_strength;seed_to_seed_weight;seed_to_expanded_weight","INTEGER_FORMAT","MAPPED","actual final QA manuscript numeric-bearing line rescanned"
"QNUM0489","#### 4.2.0 Project-level RefQN scale 与视图边界","line 489","**表 4.6b Project-level RefQN scale**","4.6","NON_SCIENTIFIC_FORMATTING","N/A","N/A","INTEGER_FORMAT","NOT_APPLICABLE","actual final QA manuscript numeric-bearing line rescanned"
"QNUM0493","#### 4.2.0 Project-level RefQN scale 与视图边界","line 493","| 完整 directed RefQN（含自环） | 6,506 node domain；6,505 edge-observed | 9,884 | total weight=1,586,047；self-loops=289 |","6,506;6,505;9,884;1,586,047;289","SCIENTIFIC_RESULT","outputs/reference_quotient_p0_corrected_v3/rq2a_source_role_metrics.csv","project_id;repo_name;out_degree;out_strength;seed_to_seed_weight;seed_to_expanded_weight","INTEGER_FORMAT","MAPPED","actual final QA manuscript numeric-bearing line rescanned"
"QNUM0494","#### 4.2.0 Project-level RefQN scale 与视图边界","line 494","| Directed cross-project RefQ | 6,506 | 9,595 | total weight=138,974 |","6,506;9,595;138,974","SCIENTIFIC_RESULT","outputs/reference_quotient_p0_corrected_v3/rq2a_source_role_metrics.csv","project_id;repo_name;out_degree;out_strength;seed_to_seed_weight;seed_to_expanded_weight","INTEGER_FORMAT","MAPPED","actual final QA manuscript numeric-bearing line rescanned"
"QNUM0495","#### 4.2.0 Project-level RefQN scale 与视图边界","line 495","| \(U(G_{\mathrm{RefQ}})\) | 6,506 | 9,547 | 6,476 edge-observed；30 isolates；55 components |","6,506;9,547;6,476;30;55","SCIENTIFIC_RESULT","outputs/reference_quotient_p0_corrected_v3/rq2a_source_role_metrics.csv","project_id;repo_name;out_degree;out_strength;seed_to_seed_weight;seed_to_expanded_weight","INTEGER_FORMAT","MAPPED","actual final QA manuscript numeric-bearing line rescanned"
"QNUM0496","#### 4.2.0 Project-level RefQN scale 与视图边界","line 496","| \(U(G_{\mathrm{RefQ}})\) LCC | 6,367 | 9,462 | node coverage=0.978635；directed sensitivity edges=9,510 |","6,367;9,462;0.978635;9,510","SCIENTIFIC_RESULT","outputs/reference_quotient_p0_corrected_v3/rq2a_source_role_metrics.csv","project_id;repo_name;out_degree;out_strength;seed_to_seed_weight;seed_to_expanded_weight","EXACT;ROUND_16","MAPPED","actual final QA manuscript numeric-bearing line rescanned"
"QNUM0498","#### 4.2a RQ2a：征引侧主动引用范围与强度","line 498","#### 4.2a RQ2a：征引侧主动引用范围与强度","4.2","NON_SCIENTIFIC_FORMATTING","N/A","N/A","INTEGER_FORMAT","NOT_APPLICABLE","actual final QA manuscript numeric-bearing line rescanned"
"QNUM0499","#### 4.2a RQ2a：征引侧主动引用范围与强度","line 499","294 个 seed projects 中，262 个具有至少一条 cross-project out-edge，32 个在当前 project-mappable cross-project view 中 out-degree 为 0。冻结 quantile authority 给出 out-degree 的 Q1/median/Q3/max 为 3.0/11.0/39.0/352.0，out-strength 的 Q1/median/Q3/max 为 5.0/26.5/192.75/43574.0. 跨项目 relation 中，418 条为 seed-to-seed、权重合计 7,630；9,177 条为 seed-to-expanded、权重合计 131,344。这些 expanded targets 只表示非 seed target membership，不表示 source behavior 已完整观测。","294;262;32;0;3.0;11.0;39.0;352.0;5.0;26.5;192.75;43574.0;418;7,630;9,177;131,344","SCIENTIFIC_RESULT","outputs/reference_quotient_p0_corrected_v3/rq2a_source_role_metrics.csv","project_id;repo_name;out_degree;out_strength;seed_to_seed_weight;seed_to_expanded_weight","INTEGER_FORMAT","MAPPED","actual final QA manuscript numeric-bearing line rescanned"
"QNUM0501","#### 4.2a RQ2a：征引侧主动引用范围与强度","line 501","**表 4.6c RQ2a source-role quantile authority**","4.6","NON_SCIENTIFIC_FORMATTING","N/A","N/A","INTEGER_FORMAT","NOT_APPLICABLE","actual final QA manuscript numeric-bearing line rescanned"
"QNUM0505","#### 4.2a RQ2a：征引侧主动引用范围与强度","line 505","| Out-degree | 3 | 11 | 39 | 352 |","3;11;39;352","SCIENTIFIC_RESULT","outputs/reference_quotient_p0_corrected_v3/rq2a_source_role_metrics.csv","project_id;repo_name;out_degree;out_strength;seed_to_seed_weight;seed_to_expanded_weight","INTEGER_FORMAT","MAPPED","actual final QA manuscript numeric-bearing line rescanned"
"QNUM0506","#### 4.2a RQ2a：征引侧主动引用范围与强度","line 506","| Out-strength | 5 | 26.50 | 192.75 | 43,574 |","5;26.50;192.75;43,574","SCIENTIFIC_RESULT","outputs/reference_quotient_p0_corrected_v3/rq2a_source_role_metrics.csv","project_id;repo_name;out_degree;out_strength;seed_to_seed_weight;seed_to_expanded_weight","INTEGER_FORMAT","MAPPED","actual final QA manuscript numeric-bearing line rescanned"
"QNUM0507","#### 4.2a RQ2a：征引侧主动引用范围与强度","line 507","| Seed-to-seed weight | 0 | 0 | 5 | 1,835 |","0;5;1,835","SCIENTIFIC_RESULT","outputs/reference_quotient_p0_corrected_v3/rq2a_source_role_metrics.csv","project_id;repo_name;out_degree;out_strength;seed_to_seed_weight;seed_to_expanded_weight","INTEGER_FORMAT","MAPPED","actual final QA manuscript numeric-bearing line rescanned"
"QNUM0508","#### 4.2a RQ2a：征引侧主动引用范围与强度","line 508","| Seed-to-expanded weight | 4.25 | 24 | 183.75 | 43,321 |","4.25;24;183.75;43,321","SCIENTIFIC_RESULT","outputs/reference_quotient_p0_corrected_v3/rq2a_source_role_metrics.csv","project_id;repo_name;out_degree;out_strength;seed_to_seed_weight;seed_to_expanded_weight","INTEGER_FORMAT","MAPPED","actual final QA manuscript numeric-bearing line rescanned"
"QNUM0509","#### 4.2a RQ2a：征引侧主动引用范围与强度","line 509","| Source concentration HHI | 0.0563 | 0.1589 | 0.3585 | 1.0000 |","0.0563;0.1589;0.3585;1.0000","SCIENTIFIC_RESULT","outputs/reference_quotient_p0_corrected_v3/rq2a_source_role_metrics.csv","project_id;repo_name;out_degree;out_strength;seed_to_seed_weight;seed_to_expanded_weight","INTEGER_FORMAT","MAPPED","actual final QA manuscript numeric-bearing line rescanned"
"QNUM0511","#### 4.2a RQ2a：征引侧主动引用范围与强度","line 511","按 out-strength 排序的前五个项目为：opensearch-project/OpenSearch（out-strength=43,574）; qdrant/qdrant（out-strength=5,013）; hazelcast/hazelcast（out-strength=5,000）; facebookincubator/velox（out-strength=4,445）; cockroachdb/cockroach（out-strength=4,236）。该排序表示当前观测范围内的聚合外出 Reference weight，不表示项目质量、影响力或知识输出能力。","43,574;5,013;5,000;4,445;4,236","SCIENTIFIC_RESULT","outputs/reference_quotient_p0_corrected_v3/rq2a_source_role_metrics.csv","project_id;repo_name;out_degree;out_strength;seed_to_seed_weight;seed_to_expanded_weight","INTEGER_FORMAT","MAPPED","actual final QA manuscript numeric-bearing line rescanned"
"QNUM0513","#### 4.2b RQ2b：被引侧覆盖与集中结构","line 513","#### 4.2b RQ2b：被引侧覆盖与集中结构","4.2","NON_SCIENTIFIC_FORMATTING","N/A","N/A","INTEGER_FORMAT","NOT_APPLICABLE","actual final QA manuscript numeric-bearing line rescanned"
"QNUM0514","#### 4.2b RQ2b：被引侧覆盖与集中结构","line 514","跨项目 edge table 中共有 6,322 个 observable targets，其中 110 个是 analysis seed projects，6,212 个是 expanded target projects。target-side in-degree 的中位数为 1、最大值为 42；in-strength 的中位数为 2、最大值为 3,430。target weight 的 top-1、top-10 和 top-50 share 分别为 2.47%、16.00% 和 48.99%。expanded target 中有 6,191 个未出现在当前 DBMS metadata 中；metadata unavailable 不表示 domain absence。","6,322;110;6,212;1;42;2;3,430;10;50;2.47%;16.00%;48.99%;6,191","SCIENTIFIC_RESULT","outputs/reference_quotient_p0_corrected_v3/rq2a_source_role_metrics.csv","project_id;repo_name;out_degree;out_strength;seed_to_seed_weight;seed_to_expanded_weight","PERCENT_X100_ROUND_2","MAPPED","actual final QA manuscript numeric-bearing line rescanned"
"QNUM0516","#### 4.2b RQ2b：被引侧覆盖与集中结构","line 516","**表 4.6d RQ2b target-role 与集中度**","4.6","NON_SCIENTIFIC_FORMATTING","N/A","N/A","INTEGER_FORMAT","NOT_APPLICABLE","actual final QA manuscript numeric-bearing line rescanned"
"QNUM0520","#### 4.2b RQ2b：被引侧覆盖与集中结构","line 520","| Observable targets | 6,322 |","6,322","SCIENTIFIC_RESULT","outputs/reference_quotient_p0_corrected_v3/rq2b_target_role_metrics.csv;outputs/reference_quotient_p0_corrected_v3/rq2b_target_concentration.json","target_project_id;in_degree;in_strength;target_coverage;top_1;top_10;top_50","INTEGER_FORMAT","MAPPED","actual final QA manuscript numeric-bearing line rescanned"
"QNUM0521","#### 4.2b RQ2b：被引侧覆盖与集中结构","line 521","| Seed-project targets | 110 |","110","SCIENTIFIC_RESULT","outputs/reference_quotient_p0_corrected_v3/rq2b_target_role_metrics.csv;outputs/reference_quotient_p0_corrected_v3/rq2b_target_concentration.json","target_project_id;in_degree;in_strength;target_coverage;top_1;top_10;top_50","INTEGER_FORMAT","MAPPED","actual final QA manuscript numeric-bearing line rescanned"
"QNUM0522","#### 4.2b RQ2b：被引侧覆盖与集中结构","line 522","| Expanded-project targets | 6,212 |","6,212","SCIENTIFIC_RESULT","outputs/reference_quotient_p0_corrected_v3/rq2b_target_role_metrics.csv;outputs/reference_quotient_p0_corrected_v3/rq2b_target_concentration.json","target_project_id;in_degree;in_strength;target_coverage;top_1;top_10;top_50","INTEGER_FORMAT","MAPPED","actual final QA manuscript numeric-bearing line rescanned"
"QNUM0523","#### 4.2b RQ2b：被引侧覆盖与集中结构","line 523","| In-degree median / max | 1 / 42 |","1;42","SCIENTIFIC_RESULT","outputs/reference_quotient_p0_corrected_v3/rq2b_target_role_metrics.csv;outputs/reference_quotient_p0_corrected_v3/rq2b_target_concentration.json","target_project_id;in_degree;in_strength;target_coverage;top_1;top_10;top_50","INTEGER_FORMAT","MAPPED","actual final QA manuscript numeric-bearing line rescanned"
"QNUM0524","#### 4.2b RQ2b：被引侧覆盖与集中结构","line 524","| In-strength median / max | 2 / 3,430 |","2;3,430","SCIENTIFIC_RESULT","outputs/reference_quotient_p0_corrected_v3/rq2b_target_role_metrics.csv;outputs/reference_quotient_p0_corrected_v3/rq2b_target_concentration.json","target_project_id;in_degree;in_strength;target_coverage;top_1;top_10;top_50","INTEGER_FORMAT","MAPPED","actual final QA manuscript numeric-bearing line rescanned"
"QNUM0525","#### 4.2b RQ2b：被引侧覆盖与集中结构","line 525","| Top-1 weight share | 2.47% |","1;2.47%","SCIENTIFIC_RESULT","outputs/reference_quotient_p0_corrected_v3/rq2b_target_role_metrics.csv;outputs/reference_quotient_p0_corrected_v3/rq2b_target_concentration.json","target_project_id;in_degree;in_strength;target_coverage;top_1;top_10;top_50","PERCENT_X100_ROUND_2","MAPPED","actual final QA manuscript numeric-bearing line rescanned"
"QNUM0526","#### 4.2b RQ2b：被引侧覆盖与集中结构","line 526","| Top-10 weight share | 16.00% |","10;16.00%","SCIENTIFIC_RESULT","outputs/reference_quotient_p0_corrected_v3/rq2b_target_role_metrics.csv;outputs/reference_quotient_p0_corrected_v3/rq2b_target_concentration.json","target_project_id;in_degree;in_strength;target_coverage;top_1;top_10;top_50","PERCENT_X100_ROUND_2","MAPPED","actual final QA manuscript numeric-bearing line rescanned"
"QNUM0527","#### 4.2b RQ2b：被引侧覆盖与集中结构","line 527","| Top-50 weight share | 48.99% |","50;48.99%","SCIENTIFIC_RESULT","outputs/reference_quotient_p0_corrected_v3/rq2b_target_role_metrics.csv;outputs/reference_quotient_p0_corrected_v3/rq2b_target_concentration.json","target_project_id;in_degree;in_strength;target_coverage;top_1;top_10;top_50","PERCENT_X100_ROUND_2","MAPPED","actual final QA manuscript numeric-bearing line rescanned"
"QNUM0529","#### 4.2b RQ2b：被引侧覆盖与集中结构","line 529","target coverage 的分母始终为 294 个 analysis seed sources；最大 in-degree 42 对应 14.29% 的 seed coverage。该指标只表示有多少 seed projects 指向某 target，不表示被引项目在完整 GitHub 生态中的总体重要性。","294;42;14.29%","SCIENTIFIC_RESULT","outputs/reference_quotient_p0_corrected_v3/rq2b_target_role_metrics.csv;outputs/reference_quotient_p0_corrected_v3/rq2b_target_concentration.json","target_project_id;in_degree;in_strength;target_coverage;top_1;top_10;top_50","PERCENT_X100_ROUND_2","MAPPED","actual final QA manuscript numeric-bearing line rescanned"
"QNUM0531","#### 4.2c RQ2c：无向派生结构视图","line 531","#### 4.2c RQ2c：无向派生结构视图","4.2","NON_SCIENTIFIC_FORMATTING","N/A","N/A","INTEGER_FORMAT","NOT_APPLICABLE","actual final QA manuscript numeric-bearing line rescanned"
"QNUM0532","#### 4.2c RQ2c：无向派生结构视图","line 532","\(U(G_{\mathrm{RefQ}})\) 由 9,595 条 directed cross-project edges 忽略方向并合并互反关系得到，仍是一阶 RefQ 的结构视图，不是 \(QQ^\top\)、\(Q^\top Q\)、shared-reference 或 shared-neighbor projection。完整无向视图包含 6,506 个节点、9,547 条边、55 个 connected components 和 30 个 isolates；最大连通子图包含 6,367 个节点和 9,462 条边，覆盖完整节点域的 0.9786351060559484。LCC 的 average clustering 为 0.04225758251235413，transitivity 为 0.008047960961122938。","9,595;6,506;9,547;55;30;6,367;9,462;0.9786351060559484;0.04225758251235413;0.008047960961122938","SCIENTIFIC_RESULT","outputs/reference_quotient_p0_corrected_v3/rq2c_undirected_view_summary.json;supplemental/reference_quotient_v2/outputs_p0v3/S4_community_stability/louvain_stability_summary.json","nodes;undirected_edges;components;isolates;lcc_nodes;lcc_edges;lcc_coverage;average_clustering_lcc;transitivity_lcc;algorithmic_communities;modularity;random_seed","EXACT;ROUND_16","MAPPED","actual final QA manuscript numeric-bearing line rescanned"
"QNUM0534","#### 4.2c RQ2c：无向派生结构视图","line 534","在 random seed=20260731 的 NetworkX Louvain 实现下，LCC 被划分为 35 个 algorithmic communities，modularity 为 0.7969220043681785。这只是一个确定性 canonical seed 的 reference realization；50-seed sensitivity 显示 community count range 为 32--37，ARI-to-canonical 低于 0.9 的运行有 42/50，minimum ARI 为 0.6823671359861659，minimum pairwise ARI 为 0.6092441840471735。因此，Louvain 算法社区成员关系只能解释为当前无向视图和 modularity objective 下的 algorithmic modular neighborhood view，而不是唯一、稳定或语义化的 DBMS 社区结构。","20260731;35;0.7969220043681785;50;32;-37;0.9;42;0.6823671359861659;0.6092441840471735","SCIENTIFIC_RESULT","outputs/reference_quotient_p0_corrected_v3/rq2c_undirected_view_summary.json;supplemental/reference_quotient_v2/outputs_p0v3/S4_community_stability/louvain_stability_summary.json","nodes;undirected_edges;components;isolates;lcc_nodes;lcc_edges;lcc_coverage;average_clustering_lcc;transitivity_lcc;algorithmic_communities;modularity;random_seed","EXACT;ROUND_16","MAPPED","actual final QA manuscript numeric-bearing line rescanned"
"QNUM0536","#### 4.2c RQ2c：无向派生结构视图","line 536","**表 4.6e RQ2c undirected-view summary**","4.6","NON_SCIENTIFIC_FORMATTING","N/A","N/A","INTEGER_FORMAT","NOT_APPLICABLE","actual final QA manuscript numeric-bearing line rescanned"
"QNUM0540","#### 4.2c RQ2c：无向派生结构视图","line 540","| Undirected nodes / edges | 6,506 / 9,547 |","6,506;9,547","SCIENTIFIC_RESULT","outputs/reference_quotient_p0_corrected_v3/rq2c_undirected_view_summary.json;supplemental/reference_quotient_v2/outputs_p0v3/S4_community_stability/louvain_stability_summary.json","nodes;undirected_edges;components;isolates;lcc_nodes;lcc_edges;lcc_coverage;average_clustering_lcc;transitivity_lcc;algorithmic_communities;modularity;random_seed","INTEGER_FORMAT","MAPPED","actual final QA manuscript numeric-bearing line rescanned"
"QNUM0541","#### 4.2c RQ2c：无向派生结构视图","line 541","| Components / isolates | 55 / 30 |","55;30","SCIENTIFIC_RESULT","outputs/reference_quotient_p0_corrected_v3/rq2c_undirected_view_summary.json;supplemental/reference_quotient_v2/outputs_p0v3/S4_community_stability/louvain_stability_summary.json","nodes;undirected_edges;components;isolates;lcc_nodes;lcc_edges;lcc_coverage;average_clustering_lcc;transitivity_lcc;algorithmic_communities;modularity;random_seed","INTEGER_FORMAT","MAPPED","actual final QA manuscript numeric-bearing line rescanned"
"QNUM0542","#### 4.2c RQ2c：无向派生结构视图","line 542","| LCC nodes / edges | 6,367 / 9,462 |","6,367;9,462","SCIENTIFIC_RESULT","outputs/reference_quotient_p0_corrected_v3/rq2c_undirected_view_summary.json;supplemental/reference_quotient_v2/outputs_p0v3/S4_community_stability/louvain_stability_summary.json","nodes;undirected_edges;components;isolates;lcc_nodes;lcc_edges;lcc_coverage;average_clustering_lcc;transitivity_lcc;algorithmic_communities;modularity;random_seed","INTEGER_FORMAT","MAPPED","actual final QA manuscript numeric-bearing line rescanned"
"QNUM0543","#### 4.2c RQ2c：无向派生结构视图","line 543","| LCC directed sensitivity edges | 9,510 |","9,510","SCIENTIFIC_RESULT","outputs/reference_quotient_p0_corrected_v3/rq2c_undirected_view_summary.json;supplemental/reference_quotient_v2/outputs_p0v3/S4_community_stability/louvain_stability_summary.json","nodes;undirected_edges;components;isolates;lcc_nodes;lcc_edges;lcc_coverage;average_clustering_lcc;transitivity_lcc;algorithmic_communities;modularity;random_seed","INTEGER_FORMAT","MAPPED","actual final QA manuscript numeric-bearing line rescanned"
"QNUM0544","#### 4.2c RQ2c：无向派生结构视图","line 544","| Average clustering (LCC) | 0.04225758251235413 |","0.04225758251235413","SCIENTIFIC_RESULT","outputs/reference_quotient_p0_corrected_v3/rq2c_undirected_view_summary.json;supplemental/reference_quotient_v2/outputs_p0v3/S4_community_stability/louvain_stability_summary.json","nodes;undirected_edges;components;isolates;lcc_nodes;lcc_edges;lcc_coverage;average_clustering_lcc;transitivity_lcc;algorithmic_communities;modularity;random_seed","EXACT;ROUND_16","MAPPED","actual final QA manuscript numeric-bearing line rescanned"
"QNUM0545","#### 4.2c RQ2c：无向派生结构视图","line 545","| Transitivity (LCC) | 0.008047960961122938 |","0.008047960961122938","SCIENTIFIC_RESULT","outputs/reference_quotient_p0_corrected_v3/rq2c_undirected_view_summary.json;supplemental/reference_quotient_v2/outputs_p0v3/S4_community_stability/louvain_stability_summary.json","nodes;undirected_edges;components;isolates;lcc_nodes;lcc_edges;lcc_coverage;average_clustering_lcc;transitivity_lcc;algorithmic_communities;modularity;random_seed","EXACT;ROUND_16","MAPPED","actual final QA manuscript numeric-bearing line rescanned"
"QNUM0546","#### 4.2c RQ2c：无向派生结构视图","line 546","| Louvain algorithmic communities | 35 |","35","SCIENTIFIC_RESULT","outputs/reference_quotient_p0_corrected_v3/rq2c_undirected_view_summary.json;supplemental/reference_quotient_v2/outputs_p0v3/S4_community_stability/louvain_stability_summary.json","nodes;undirected_edges;components;isolates;lcc_nodes;lcc_edges;lcc_coverage;average_clustering_lcc;transitivity_lcc;algorithmic_communities;modularity;random_seed","INTEGER_FORMAT","MAPPED","actual final QA manuscript numeric-bearing line rescanned"
"QNUM0547","#### 4.2c RQ2c：无向派生结构视图","line 547","| Modularity | 0.7969220043681785 |","0.7969220043681785","SCIENTIFIC_RESULT","outputs/reference_quotient_p0_corrected_v3/rq2c_undirected_view_summary.json;supplemental/reference_quotient_v2/outputs_p0v3/S4_community_stability/louvain_stability_summary.json","nodes;undirected_edges;components;isolates;lcc_nodes;lcc_edges;lcc_coverage;average_clustering_lcc;transitivity_lcc;algorithmic_communities;modularity;random_seed","EXACT;ROUND_16","MAPPED","actual final QA manuscript numeric-bearing line rescanned"
"QNUM0548","#### 4.2c RQ2c：无向派生结构视图","line 548","| S4 sensitivity | community count 32--37；ARI<0.9: 42/50；min ARI=0.6823671359861659；min pairwise ARI=0.6092441840471735 |","32;-37;0.9;42;50;0.6823671359861659;0.6092441840471735","SCIENTIFIC_RESULT","outputs/reference_quotient_p0_corrected_v3/rq2c_undirected_view_summary.json;supplemental/reference_quotient_v2/outputs_p0v3/S4_community_stability/louvain_stability_summary.json","nodes;undirected_edges;components;isolates;lcc_nodes;lcc_edges;lcc_coverage;average_clustering_lcc;transitivity_lcc;algorithmic_communities;modularity;random_seed","EXACT;ROUND_16","MAPPED","actual final QA manuscript numeric-bearing line rescanned"
"QNUM0550","#### 4.2c RQ2c：无向派生结构视图","line 550","近似 betweenness 排序用于识别 structural brokerage candidates。当前 corrected top-five 为：ClickHouse/ClickHouse（betweenness=0.109604，community_id=0）; opensearch-project/OpenSearch（betweenness=0.090065，community_id=6）; apache/spark（betweenness=0.079806，community_id=3）; etcd-io/etcd（betweenness=0.078377，community_id=2）; risingwavelabs/risingwave（betweenness=0.076435，community_id=1）。该指标基于固定 500 个节点的 unweighted approximate-betweenness 抽样，只描述当前 LCC shortest-path structure 中的 bridge-like position；community IDs 只是 algorithmic labels，不表示项目重要性、知识流动或组织协调。","0.109604;0;0.090065;6;0.079806;3;0.078377;2;0.076435;1;500","SCIENTIFIC_RESULT","outputs/reference_quotient_p0_corrected_v3/rq2c_undirected_view_summary.json;supplemental/reference_quotient_v2/outputs_p0v3/S4_community_stability/louvain_stability_summary.json","nodes;undirected_edges;components;isolates;lcc_nodes;lcc_edges;lcc_coverage;average_clustering_lcc;transitivity_lcc;algorithmic_communities;modularity;random_seed","EXACT;ROUND_16","MAPPED","actual final QA manuscript numeric-bearing line rescanned"
"QNUM0552","#### 4.2c RQ2c：无向派生结构视图","line 552","**表 4.6f RQ2c structural brokerage candidates（前五）**","4.6","NON_SCIENTIFIC_FORMATTING","N/A","N/A","INTEGER_FORMAT","NOT_APPLICABLE","actual final QA manuscript numeric-bearing line rescanned"
"QNUM0556","#### 4.2c RQ2c：无向派生结构视图","line 556","| ClickHouse/ClickHouse | 359 | 1,086.0 | 0.109604 | 0 |","359;1,086.0;0.109604;0","SCIENTIFIC_RESULT","outputs/reference_quotient_p0_corrected_v3/rq2c_undirected_view_summary.json;supplemental/reference_quotient_v2/outputs_p0v3/S4_community_stability/louvain_stability_summary.json","nodes;undirected_edges;components;isolates;lcc_nodes;lcc_edges;lcc_coverage;average_clustering_lcc;transitivity_lcc;algorithmic_communities;modularity;random_seed","EXACT;ROUND_16","MAPPED","actual final QA manuscript numeric-bearing line rescanned"
"QNUM0557","#### 4.2c RQ2c：无向派生结构视图","line 557","| opensearch-project/OpenSearch | 307 | 43,595.0 | 0.090065 | 6 |","307;43,595.0;0.090065;6","SCIENTIFIC_RESULT","outputs/reference_quotient_p0_corrected_v3/rq2c_undirected_view_summary.json;supplemental/reference_quotient_v2/outputs_p0v3/S4_community_stability/louvain_stability_summary.json","nodes;undirected_edges;components;isolates;lcc_nodes;lcc_edges;lcc_coverage;average_clustering_lcc;transitivity_lcc;algorithmic_communities;modularity;random_seed","EXACT;ROUND_16","MAPPED","actual final QA manuscript numeric-bearing line rescanned"
"QNUM0558","#### 4.2c RQ2c：无向派生结构视图","line 558","| apache/spark | 310 | 2,234.0 | 0.079806 | 3 |","310;2,234.0;0.079806;3","SCIENTIFIC_RESULT","outputs/reference_quotient_p0_corrected_v3/rq2c_undirected_view_summary.json;supplemental/reference_quotient_v2/outputs_p0v3/S4_community_stability/louvain_stability_summary.json","nodes;undirected_edges;components;isolates;lcc_nodes;lcc_edges;lcc_coverage;average_clustering_lcc;transitivity_lcc;algorithmic_communities;modularity;random_seed","EXACT;ROUND_16","MAPPED","actual final QA manuscript numeric-bearing line rescanned"
"QNUM0559","#### 4.2c RQ2c：无向派生结构视图","line 559","| etcd-io/etcd | 233 | 1,734.0 | 0.078377 | 2 |","233;1,734.0;0.078377;2","SCIENTIFIC_RESULT","outputs/reference_quotient_p0_corrected_v3/rq2c_undirected_view_summary.json;supplemental/reference_quotient_v2/outputs_p0v3/S4_community_stability/louvain_stability_summary.json","nodes;undirected_edges;components;isolates;lcc_nodes;lcc_edges;lcc_coverage;average_clustering_lcc;transitivity_lcc;algorithmic_communities;modularity;random_seed","EXACT;ROUND_16","MAPPED","actual final QA manuscript numeric-bearing line rescanned"
"QNUM0560","#### 4.2c RQ2c：无向派生结构视图","line 560","| risingwavelabs/risingwave | 317 | 2,037.0 | 0.076435 | 1 |","317;2,037.0;0.076435;1","SCIENTIFIC_RESULT","outputs/reference_quotient_p0_corrected_v3/rq2c_undirected_view_summary.json;supplemental/reference_quotient_v2/outputs_p0v3/S4_community_stability/louvain_stability_summary.json","nodes;undirected_edges;components;isolates;lcc_nodes;lcc_edges;lcc_coverage;average_clustering_lcc;transitivity_lcc;algorithmic_communities;modularity;random_seed","EXACT;ROUND_16","MAPPED","actual final QA manuscript numeric-bearing line rescanned"
"QNUM0562","#### 4.2c RQ2c：无向派生结构视图","line 562","S5 对 brokerage ranking 的稳定性提供辅助证据：minimum Spearman 为 0.9998339514284217，minimum top-50 overlap 为 0.82，robustness_alert=FALSE。这只说明在已测试 sampling settings 下排名高度稳定，不改变候选位置的弱语义边界。","0.9998339514284217;50;0.82","SCIENTIFIC_RESULT","outputs/reference_quotient_p0_corrected_v3/rq2c_undirected_view_summary.json;supplemental/reference_quotient_v2/outputs_p0v3/S4_community_stability/louvain_stability_summary.json","nodes;undirected_edges;components;isolates;lcc_nodes;lcc_edges;lcc_coverage;average_clustering_lcc;transitivity_lcc;algorithmic_communities;modularity;random_seed","EXACT;ROUND_16","MAPPED","actual final QA manuscript numeric-bearing line rescanned"
"QNUM0565","### 4.3 RQ3：DBMS 子领域差异的局部性与非均质性","line 565","### 4.3 RQ3：DBMS 子领域差异的局部性与非均质性","4.3","NON_SCIENTIFIC_FORMATTING","N/A","N/A","INTEGER_FORMAT","NOT_APPLICABLE","actual final QA manuscript numeric-bearing line rescanned"
"QNUM0567","### 4.3 RQ3：DBMS 子领域差异的局部性与非均质性","line 567","本节使用 rq3_seed_role_aware_features.csv、rq3_subdomain_descriptive_comparison.csv 和 rq3_kruskal_fdr_effect_sizes.csv 回答 RQ3。分析同时报告 include_mixed 与 exclude_mixed_or_multilabel 两种标签口径：前者允许一个项目进入多个 category group，因此 n_with_replacement 可大于 294；后者只保留单一标签项目。Kruskal-Wallis 检验均报告 H、raw p、epsilon-squared、FDR p、reject flag 和 test_status，不添加新的检验。","294","SCIENTIFIC_RESULT","outputs/reference_quotient_p0_corrected_v3/rq3_subdomain_descriptive_comparison.csv;outputs/reference_quotient_p0_corrected_v3/rq3_kruskal_fdr_effect_sizes.csv","category_label;sample_n;feature;label_mode;kruskal_h;p_value;fdr_bh_p_value;epsilon_squared;fdr_bh_reject_0_05","INTEGER_FORMAT","MAPPED","actual final QA manuscript numeric-bearing line rescanned"
"QNUM0569","#### 4.3.1 Reference composition 的子领域比较","line 569","#### 4.3.1 Reference composition 的子领域比较","4.3;1","NON_SCIENTIFIC_FORMATTING","N/A","N/A","INTEGER_FORMAT","NOT_APPLICABLE","actual final QA manuscript numeric-bearing line rescanned"
"QNUM0570","#### 4.3.1 Reference composition 的子领域比较","line 570","include_mixed 描述统计显示，不同 category 的 external-reference share 中位数存在一定范围差异；例如 Object Oriented 为 50.59%、Search Engine 为 64.03%，但这些只是 descriptive differences。Reference composition 的四项指标在 include_mixed 下均未通过 FDR，在 exclude_mixed_or_multilabel 下也均未通过 FDR。","50.59%;64.03%","SCIENTIFIC_RESULT","outputs/reference_quotient_p0_corrected_v3/rq3_subdomain_descriptive_comparison.csv;outputs/reference_quotient_p0_corrected_v3/rq3_kruskal_fdr_effect_sizes.csv","category_label;sample_n;feature;label_mode;kruskal_h;p_value;fdr_bh_p_value;epsilon_squared;fdr_bh_reject_0_05","PERCENT_X100_ROUND_2","MAPPED","actual final QA manuscript numeric-bearing line rescanned"
"QNUM0572","#### 4.3.1 Reference composition 的子领域比较","line 572","**表 4.7 主要子领域的 Reference composition 描述统计（include_mixed）**","4.7","NON_SCIENTIFIC_FORMATTING","N/A","N/A","INTEGER_FORMAT","NOT_APPLICABLE","actual final QA manuscript numeric-bearing line rescanned"
"QNUM0576","#### 4.3.1 Reference composition 的子领域比较","line 576","| Document | 79 | 44.44% | 55.56% | 20.00% |","79;44.44%;55.56%;20.00%","SCIENTIFIC_RESULT","outputs/reference_quotient_p0_corrected_v3/rq3_subdomain_descriptive_comparison.csv;outputs/reference_quotient_p0_corrected_v3/rq3_kruskal_fdr_effect_sizes.csv","category_label;sample_n;feature;label_mode;kruskal_h;p_value;fdr_bh_p_value;epsilon_squared;fdr_bh_reject_0_05","PERCENT_X100_ROUND_2","MAPPED","actual final QA manuscript numeric-bearing line rescanned"
"QNUM0577","#### 4.3.1 Reference composition 的子领域比较","line 577","| Graph | 26 | 39.88% | 60.12% | 31.52% |","26;39.88%;60.12%;31.52%","SCIENTIFIC_RESULT","outputs/reference_quotient_p0_corrected_v3/rq3_subdomain_descriptive_comparison.csv;outputs/reference_quotient_p0_corrected_v3/rq3_kruskal_fdr_effect_sizes.csv","category_label;sample_n;feature;label_mode;kruskal_h;p_value;fdr_bh_p_value;epsilon_squared;fdr_bh_reject_0_05","PERCENT_X100_ROUND_2","MAPPED","actual final QA manuscript numeric-bearing line rescanned"
"QNUM0578","#### 4.3.1 Reference composition 的子领域比较","line 578","| Key-value | 76 | 37.50% | 62.50% | 28.05% |","76;37.50%;62.50%;28.05%","SCIENTIFIC_RESULT","outputs/reference_quotient_p0_corrected_v3/rq3_subdomain_descriptive_comparison.csv;outputs/reference_quotient_p0_corrected_v3/rq3_kruskal_fdr_effect_sizes.csv","category_label;sample_n;feature;label_mode;kruskal_h;p_value;fdr_bh_p_value;epsilon_squared;fdr_bh_reject_0_05","PERCENT_X100_ROUND_2","MAPPED","actual final QA manuscript numeric-bearing line rescanned"
"QNUM0579","#### 4.3.1 Reference composition 的子领域比较","line 579","| Object Oriented | 19 | 49.41% | 50.59% | 29.41% |","19;49.41%;50.59%;29.41%","SCIENTIFIC_RESULT","outputs/reference_quotient_p0_corrected_v3/rq3_subdomain_descriptive_comparison.csv;outputs/reference_quotient_p0_corrected_v3/rq3_kruskal_fdr_effect_sizes.csv","category_label;sample_n;feature;label_mode;kruskal_h;p_value;fdr_bh_p_value;epsilon_squared;fdr_bh_reject_0_05","PERCENT_X100_ROUND_2","MAPPED","actual final QA manuscript numeric-bearing line rescanned"
"QNUM0580","#### 4.3.1 Reference composition 的子领域比较","line 580","| RDF | 8 | 41.41% | 58.59% | 25.50% |","8;41.41%;58.59%;25.50%","SCIENTIFIC_RESULT","outputs/reference_quotient_p0_corrected_v3/rq3_subdomain_descriptive_comparison.csv;outputs/reference_quotient_p0_corrected_v3/rq3_kruskal_fdr_effect_sizes.csv","category_label;sample_n;feature;label_mode;kruskal_h;p_value;fdr_bh_p_value;epsilon_squared;fdr_bh_reject_0_05","PERCENT_X100_ROUND_2","MAPPED","actual final QA manuscript numeric-bearing line rescanned"
"QNUM0581","#### 4.3.1 Reference composition 的子领域比较","line 581","| Relational | 100 | 40.42% | 59.58% | 30.78% |","100;40.42%;59.58%;30.78%","SCIENTIFIC_RESULT","outputs/reference_quotient_p0_corrected_v3/rq3_subdomain_descriptive_comparison.csv;outputs/reference_quotient_p0_corrected_v3/rq3_kruskal_fdr_effect_sizes.csv","category_label;sample_n;feature;label_mode;kruskal_h;p_value;fdr_bh_p_value;epsilon_squared;fdr_bh_reject_0_05","PERCENT_X100_ROUND_2","MAPPED","actual final QA manuscript numeric-bearing line rescanned"
"QNUM0582","#### 4.3.1 Reference composition 的子领域比较","line 582","| Search Engine | 9 | 35.97% | 64.03% | 23.94% |","9;35.97%;64.03%;23.94%","SCIENTIFIC_RESULT","outputs/reference_quotient_p0_corrected_v3/rq3_subdomain_descriptive_comparison.csv;outputs/reference_quotient_p0_corrected_v3/rq3_kruskal_fdr_effect_sizes.csv","category_label;sample_n;feature;label_mode;kruskal_h;p_value;fdr_bh_p_value;epsilon_squared;fdr_bh_reject_0_05","PERCENT_X100_ROUND_2","MAPPED","actual final QA manuscript numeric-bearing line rescanned"
"QNUM0583","#### 4.3.1 Reference composition 的子领域比较","line 583","| Time Series | 21 | 41.02% | 58.98% | 30.10% |","21;41.02%;58.98%;30.10%","SCIENTIFIC_RESULT","outputs/reference_quotient_p0_corrected_v3/rq3_subdomain_descriptive_comparison.csv;outputs/reference_quotient_p0_corrected_v3/rq3_kruskal_fdr_effect_sizes.csv","category_label;sample_n;feature;label_mode;kruskal_h;p_value;fdr_bh_p_value;epsilon_squared;fdr_bh_reject_0_05","PERCENT_X100_ROUND_2","MAPPED","actual final QA manuscript numeric-bearing line rescanned"
"QNUM0584","#### 4.3.1 Reference composition 的子领域比较","line 584","| Vector | 14 | 45.22% | 54.78% | 17.75% |","14;45.22%;54.78%;17.75%","SCIENTIFIC_RESULT","outputs/reference_quotient_p0_corrected_v3/rq3_subdomain_descriptive_comparison.csv;outputs/reference_quotient_p0_corrected_v3/rq3_kruskal_fdr_effect_sizes.csv","category_label;sample_n;feature;label_mode;kruskal_h;p_value;fdr_bh_p_value;epsilon_squared;fdr_bh_reject_0_05","PERCENT_X100_ROUND_2","MAPPED","actual final QA manuscript numeric-bearing line rescanned"
"QNUM0585","#### 4.3.1 Reference composition 的子领域比较","line 585","| Wide column | 11 | 42.58% | 57.42% | 29.93% |","11;42.58%;57.42%;29.93%","SCIENTIFIC_RESULT","outputs/reference_quotient_p0_corrected_v3/rq3_subdomain_descriptive_comparison.csv;outputs/reference_quotient_p0_corrected_v3/rq3_kruskal_fdr_effect_sizes.csv","category_label;sample_n;feature;label_mode;kruskal_h;p_value;fdr_bh_p_value;epsilon_squared;fdr_bh_reject_0_05","PERCENT_X100_ROUND_2","MAPPED","actual final QA manuscript numeric-bearing line rescanned"
"QNUM0589","#### 4.3.2 RefQ role 与局部结构指标","line 589","#### 4.3.2 RefQ role 与局部结构指标","4.3;2","NON_SCIENTIFIC_FORMATTING","N/A","N/A","INTEGER_FORMAT","NOT_APPLICABLE","actual final QA manuscript numeric-bearing line rescanned"
"QNUM0590","#### 4.3.2 RefQ role 与局部结构指标","line 590","include_mixed 口径下通过 FDR 的 feature 为 out_degree、out_strength、in_degree、in_strength、local_clustering、project_age_years_at_2023_end；exclude_mixed_or_multilabel 口径下通过 FDR 的 feature 为 无。因此，若干 RefQ role、local-structure 和 project-age features 仅在 include_mixed 下达到阈值，结果具有 label-mode sensitivity，不支持跨标签处理口径稳健的全局断言。","2023","SCIENTIFIC_RESULT","outputs/reference_quotient_p0_corrected_v3/rq3_subdomain_descriptive_comparison.csv;outputs/reference_quotient_p0_corrected_v3/rq3_kruskal_fdr_effect_sizes.csv","category_label;sample_n;feature;label_mode;kruskal_h;p_value;fdr_bh_p_value;epsilon_squared;fdr_bh_reject_0_05","INTEGER_FORMAT","MAPPED","actual final QA manuscript numeric-bearing line rescanned"
"QNUM0592","#### 4.3.2 RefQ role 与局部结构指标","line 592","**表 4.8 RQ3 Kruskal-Wallis、FDR 与效应量明细**","4.8","NON_SCIENTIFIC_FORMATTING","N/A","N/A","INTEGER_FORMAT","NOT_APPLICABLE","actual final QA manuscript numeric-bearing line rescanned"
"QNUM0596","#### 4.3.2 RefQ role 与局部结构指标","line 596","| self_reference_ratio | 5.779543178400504 | 0.761763708354171 | 0.761763708354171 | 0.0 | 3.7751647764511973 | 0.7070716098327563 | 0.7070716098327563 | 0.0 | computed | Not supported |","5.779543178400504;0.761763708354171;0.0;3.7751647764511973;0.7070716098327563","SCIENTIFIC_RESULT","outputs/reference_quotient_p0_corrected_v3/rq3_subdomain_descriptive_comparison.csv;outputs/reference_quotient_p0_corrected_v3/rq3_kruskal_fdr_effect_sizes.csv","category_label;sample_n;feature;label_mode;kruskal_h;p_value;fdr_bh_p_value;epsilon_squared;fdr_bh_reject_0_05","EXACT;ROUND_16","MAPPED","actual final QA manuscript numeric-bearing line rescanned"
"QNUM0597","#### 4.3.2 RefQ role 与局部结构指标","line 597","| external_reference_share | 5.779543178400504 | 0.761763708354171 | 0.761763708354171 | 0.0 | 3.7751647764511973 | 0.7070716098327563 | 0.7070716098327563 | 0.0 | computed | Not supported |","5.779543178400504;0.761763708354171;0.0;3.7751647764511973;0.7070716098327563","SCIENTIFIC_RESULT","outputs/reference_quotient_p0_corrected_v3/rq3_subdomain_descriptive_comparison.csv;outputs/reference_quotient_p0_corrected_v3/rq3_kruskal_fdr_effect_sizes.csv","category_label;sample_n;feature;label_mode;kruskal_h;p_value;fdr_bh_p_value;epsilon_squared;fdr_bh_reject_0_05","EXACT;ROUND_16","MAPPED","actual final QA manuscript numeric-bearing line rescanned"
"QNUM0598","#### 4.3.2 RefQ role 与局部结构指标","line 598","| non_project_reference_share | 8.102006048589736 | 0.5239001025927504 | 0.6503512211269106 | 0.0 | 6.068850583983892 | 0.41552179342333495 | 0.5078599697396317 | 0.00035489991744274107 | computed | Not supported |","8.102006048589736;0.5239001025927504;0.6503512211269106;0.0;6.068850583983892;0.41552179342333495;0.5078599697396317;0.00035489991744274107","SCIENTIFIC_RESULT","outputs/reference_quotient_p0_corrected_v3/rq3_subdomain_descriptive_comparison.csv;outputs/reference_quotient_p0_corrected_v3/rq3_kruskal_fdr_effect_sizes.csv","category_label;sample_n;feature;label_mode;kruskal_h;p_value;fdr_bh_p_value;epsilon_squared;fdr_bh_reject_0_05","EXACT;ROUND_16","MAPPED","actual final QA manuscript numeric-bearing line rescanned"
"QNUM0599","#### 4.3.2 RefQ role 与局部结构指标","line 599","| comment_reference_density | 8.020262455606797 | 0.5321055445583813 | 0.6503512211269106 | 0.0 | 13.690275567561084 | 0.033293946311399994 | 0.10572441022871217 | 0.039640595709077756 | computed | Not supported |","8.020262455606797;0.5321055445583813;0.6503512211269106;0.0;13.690275567561084;0.033293946311399994;0.10572441022871217;0.039640595709077756","SCIENTIFIC_RESULT","outputs/reference_quotient_p0_corrected_v3/rq3_subdomain_descriptive_comparison.csv;outputs/reference_quotient_p0_corrected_v3/rq3_kruskal_fdr_effect_sizes.csv","category_label;sample_n;feature;label_mode;kruskal_h;p_value;fdr_bh_p_value;epsilon_squared;fdr_bh_reject_0_05","EXACT;ROUND_16","MAPPED","actual final QA manuscript numeric-bearing line rescanned"
"QNUM0600","#### 4.3.2 RefQ role 与局部结构指标","line 600","| out_degree | 23.70761894422262 | 0.004788297114467886 | 0.013184709613940915 | 0.04166464290148051 | 10.075483276612793 | 0.12150903552252654 | 0.222766565124632 | 0.02100764575573605 | computed | Label-mode sensitive |","23.70761894422262;0.004788297114467886;0.013184709613940915;0.04166464290148051;10.075483276612793;0.12150903552252654;0.222766565124632;0.02100764575573605","SCIENTIFIC_RESULT","outputs/reference_quotient_p0_corrected_v3/rq3_subdomain_descriptive_comparison.csv;outputs/reference_quotient_p0_corrected_v3/rq3_kruskal_fdr_effect_sizes.csv","category_label;sample_n;feature;label_mode;kruskal_h;p_value;fdr_bh_p_value;epsilon_squared;fdr_bh_reject_0_05","EXACT;ROUND_16","MAPPED","actual final QA manuscript numeric-bearing line rescanned"
"QNUM0601","#### 4.3.2 RefQ role 与局部结构指标","line 601","| out_strength | 20.138348712631924 | 0.01707753803985966 | 0.031308819739742706 | 0.0315533957864927 | 9.530592101108267 | 0.1458628557970212 | 0.22921305910960474 | 0.018198928356228182 | computed | Label-mode sensitive |","20.138348712631924;0.01707753803985966;0.031308819739742706;0.0315533957864927;9.530592101108267;0.1458628557970212;0.22921305910960474;0.018198928356228182","SCIENTIFIC_RESULT","outputs/reference_quotient_p0_corrected_v3/rq3_subdomain_descriptive_comparison.csv;outputs/reference_quotient_p0_corrected_v3/rq3_kruskal_fdr_effect_sizes.csv","category_label;sample_n;feature;label_mode;kruskal_h;p_value;fdr_bh_p_value;epsilon_squared;fdr_bh_reject_0_05","EXACT;ROUND_16","MAPPED","actual final QA manuscript numeric-bearing line rescanned"
"QNUM0602","#### 4.3.2 RefQ role 与局部结构指标","line 602","| in_degree | 23.207844112848196 | 0.005746024211125482 | 0.013184709613940915 | 0.04024885017804022 | 14.18117559026689 | 0.0276765260027091 | 0.10572441022871217 | 0.04217100819725201 | computed | Label-mode sensitive |","23.207844112848196;0.005746024211125482;0.013184709613940915;0.04024885017804022;14.18117559026689;0.0276765260027091;0.10572441022871217;0.04217100819725201","SCIENTIFIC_RESULT","outputs/reference_quotient_p0_corrected_v3/rq3_subdomain_descriptive_comparison.csv;outputs/reference_quotient_p0_corrected_v3/rq3_kruskal_fdr_effect_sizes.csv","category_label;sample_n;feature;label_mode;kruskal_h;p_value;fdr_bh_p_value;epsilon_squared;fdr_bh_reject_0_05","EXACT;ROUND_16","MAPPED","actual final QA manuscript numeric-bearing line rescanned"
"QNUM0603","#### 4.3.2 RefQ role 与局部结构指标","line 603","| in_strength | 23.09196401488599 | 0.005993049824518598 | 0.013184709613940915 | 0.03992057794585266 | 11.702542284707064 | 0.0689433696864442 | 0.15167541331017725 | 0.029394547859314765 | computed | Label-mode sensitive |","23.09196401488599;0.005993049824518598;0.013184709613940915;0.03992057794585266;11.702542284707064;0.0689433696864442;0.15167541331017725;0.029394547859314765","SCIENTIFIC_RESULT","outputs/reference_quotient_p0_corrected_v3/rq3_subdomain_descriptive_comparison.csv;outputs/reference_quotient_p0_corrected_v3/rq3_kruskal_fdr_effect_sizes.csv","category_label;sample_n;feature;label_mode;kruskal_h;p_value;fdr_bh_p_value;epsilon_squared;fdr_bh_reject_0_05","EXACT;ROUND_16","MAPPED","actual final QA manuscript numeric-bearing line rescanned"
"QNUM0604","#### 4.3.2 RefQ role 与局部结构指标","line 604","| local_clustering | 25.660858807204246 | 0.0023208464921365287 | 0.012764655706750908 | 0.057057735641110434 | 12.186608932408491 | 0.03231836811830079 | 0.10572441022871217 | 0.04606800597697751 | computed | Label-mode sensitive |","25.660858807204246;0.0023208464921365287;0.012764655706750908;0.057057735641110434;12.186608932408491;0.03231836811830079;0.10572441022871217;0.04606800597697751","SCIENTIFIC_RESULT","outputs/reference_quotient_p0_corrected_v3/rq3_subdomain_descriptive_comparison.csv;outputs/reference_quotient_p0_corrected_v3/rq3_kruskal_fdr_effect_sizes.csv","category_label;sample_n;feature;label_mode;kruskal_h;p_value;fdr_bh_p_value;epsilon_squared;fdr_bh_reject_0_05","EXACT;ROUND_16","MAPPED","actual final QA manuscript numeric-bearing line rescanned"
"QNUM0605","#### 4.3.2 RefQ role 与局部结构指标","line 605","| betweenness_brokerage | 11.268021899438587 | 0.25778389670577034 | 0.40508898053763914 | 0.007767198285748585 | 7.346295978902921 | 0.19613320736956047 | 0.26968316013314564 | 0.015040358839121288 | computed | Not supported |","11.268021899438587;0.25778389670577034;0.40508898053763914;0.007767198285748585;7.346295978902921;0.19613320736956047;0.26968316013314564;0.015040358839121288","SCIENTIFIC_RESULT","outputs/reference_quotient_p0_corrected_v3/rq3_subdomain_descriptive_comparison.csv;outputs/reference_quotient_p0_corrected_v3/rq3_kruskal_fdr_effect_sizes.csv","category_label;sample_n;feature;label_mode;kruskal_h;p_value;fdr_bh_p_value;epsilon_squared;fdr_bh_reject_0_05","EXACT;ROUND_16","MAPPED","actual final QA manuscript numeric-bearing line rescanned"
"QNUM0606","#### 4.3.2 RefQ role 与局部结构指标","line 606","| project_age_years_at_2023_end | 33.09512217039924 | 0.00012855369064389884 | 0.0014140905970828873 | 0.06864707171053916 | 13.304650379098037 | 0.03844524008316806 | 0.10572441022871217 | 0.03804505405780228 | computed | Label-mode sensitive |","2023;33.09512217039924;0.00012855369064389884;0.0014140905970828873;0.06864707171053916;13.304650379098037;0.03844524008316806;0.10572441022871217;0.03804505405780228","SCIENTIFIC_RESULT","outputs/reference_quotient_p0_corrected_v3/rq3_subdomain_descriptive_comparison.csv;outputs/reference_quotient_p0_corrected_v3/rq3_kruskal_fdr_effect_sizes.csv","category_label;sample_n;feature;label_mode;kruskal_h;p_value;fdr_bh_p_value;epsilon_squared;fdr_bh_reject_0_05","EXACT;ROUND_16","MAPPED","actual final QA manuscript numeric-bearing line rescanned"
"QNUM0608","#### 4.3.2 RefQ role 与局部结构指标","line 608","以 out-degree 为例，include_mixed 的 Kruskal-Wallis H=23.70761894422262、raw p=0.004788297114467886、FDR p=0.013184709613940915、epsilon-squared=0.04166464290148051；exclude_mixed_or_multilabel 的 H=10.075483276612793、raw p=0.12150903552252654、FDR p=0.222766565124632、epsilon-squared=0.02100764575573605。这一对照说明标签处理口径会改变组间比较结果，不能只报告单一口径的显著性。","23.70761894422262;0.004788297114467886;0.013184709613940915;0.04166464290148051;10.075483276612793;0.12150903552252654;0.222766565124632;0.02100764575573605","SCIENTIFIC_RESULT","outputs/reference_quotient_p0_corrected_v3/rq3_subdomain_descriptive_comparison.csv;outputs/reference_quotient_p0_corrected_v3/rq3_kruskal_fdr_effect_sizes.csv","category_label;sample_n;feature;label_mode;kruskal_h;p_value;fdr_bh_p_value;epsilon_squared;fdr_bh_reject_0_05","EXACT;ROUND_16","MAPPED","actual final QA manuscript numeric-bearing line rescanned"
"QNUM0610","#### 4.3.3 Project-age comparison 与解释边界","line 610","#### 4.3.3 Project-age comparison 与解释边界","4.3;3","NON_SCIENTIFIC_FORMATTING","N/A","N/A","INTEGER_FORMAT","NOT_APPLICABLE","actual final QA manuscript numeric-bearing line rescanned"
"QNUM0611","#### 4.3.3 Project-age comparison 与解释边界","line 611","project age at 2023 end 是横截面属性，不是时间序列。include_mixed 口径下，project age 的 H=33.09512217039924、raw p=0.00012855369064389884、FDR p=0.0014140905970828873、epsilon-squared=0.06864707171053916；exclude_mixed_or_multilabel 口径下，H=13.304650379098037、raw p=0.03844524008316806、FDR p=0.10572441022871217、epsilon-squared=0.03804505405780228。因此，项目年龄的子领域差异同样对标签处理敏感。","2023;33.09512217039924;0.00012855369064389884;0.0014140905970828873;0.06864707171053916;13.304650379098037;0.03844524008316806;0.10572441022871217;0.03804505405780228","SCIENTIFIC_RESULT","outputs/reference_quotient_p0_corrected_v3/rq3_subdomain_descriptive_comparison.csv;outputs/reference_quotient_p0_corrected_v3/rq3_kruskal_fdr_effect_sizes.csv","category_label;sample_n;feature;label_mode;kruskal_h;p_value;fdr_bh_p_value;epsilon_squared;fdr_bh_reject_0_05","EXACT;ROUND_16","MAPPED","actual final QA manuscript numeric-bearing line rescanned"
"QNUM0616","## 5 讨论","line 616","## 5 讨论","5","NON_SCIENTIFIC_FORMATTING","N/A","N/A","INTEGER_FORMAT","NOT_APPLICABLE","actual final QA manuscript numeric-bearing line rescanned"
"QNUM0618","### 5.1 Reference Quotient 在开源 DBMS 生态中的解释意义","line 618","### 5.1 Reference Quotient 在开源 DBMS 生态中的解释意义","5.1","NON_SCIENTIFIC_FORMATTING","N/A","N/A","INTEGER_FORMAT","NOT_APPLICABLE","actual final QA manuscript numeric-bearing line rescanned"
"QNUM0626","### 5.2 与既有 OSS 引用网络研究的关系","line 626","### 5.2 与既有 OSS 引用网络研究的关系","5.2","NON_SCIENTIFIC_FORMATTING","N/A","N/A","INTEGER_FORMAT","NOT_APPLICABLE","actual final QA manuscript numeric-bearing line rescanned"
"QNUM0628","### 5.2 与既有 OSS 引用网络研究的关系","line 628","既有 Reference Coupling、GitHub 引用网络和软件生态研究为本文提供领域问题基础。尤其是，Blincoe 等人的 Reference Coupling 已将 cross-project references 构造成 directed、count-weighted 的 project-level network，并用于 ecosystem/community 或 dependency-oriented analysis；本文明确承认 project-level aggregation、direction 和 count weighting 并非新的操作 [@blincoe2015ecosystems; @blincoe2019referencecoupling]。IREL 则提供了 GitHub project-reference identification、URL/Num/SHA extraction 和 project identity/rename resolution 的经验先例 [@liu2022irel]。在数学基础方面，Loukas 的 graph coarsening/contraction 语言、Sánchez-García 的 quotient-network aggregation 和 Xiao 等人的 network-quotient background 分别承担不同责任 [@loukas2019graphreduction] [@sanchezgarcia2020quotientnetwork] [@xiao2008networkquotients]。本文不提出新的通用 graph coarsening algorithm，也不把 RefQ 写成 Reference Coupling 的替代物。本文的 bounded methodological contribution 是对已有 direct project-reference aggregation 进行 formalization/reframing：将 observable fine-grained Reference evidence 与 quotient-eligible project-mappable subset 分层，并把 endpoint eligibility、semantic membership、aggregation、self-loop/non-project policy、seed-centered observation 和 relation interpretation 显式写成 construction and observation contract，以 paper-specific RefQ 形式在 DBMS ecosystem 中实例化与分析。","015;019;022;020;008","HISTORICAL_COMPARISON","outputs/reference_quotient_p0_corrected_v3/manifest.json","status;manifest_sha256;config_sha256","INTEGER_FORMAT","MAPPED","historical citation-year tokens; no final scientific result"
"QNUM0636","### 5.3 实践含义与使用边界","line 636","### 5.3 实践含义与使用边界","5.3","NON_SCIENTIFIC_FORMATTING","N/A","N/A","INTEGER_FORMAT","NOT_APPLICABLE","actual final QA manuscript numeric-bearing line rescanned"
"QNUM0644","### 5.4 RQ 归纳与解释边界","line 644","### 5.4 RQ 归纳与解释边界","5.4","NON_SCIENTIFIC_FORMATTING","N/A","N/A","INTEGER_FORMAT","NOT_APPLICABLE","actual final QA manuscript numeric-bearing line rescanned"
"QNUM0646","### 5.4 RQ 归纳与解释边界","line 646","- **RQ1：讨论驱动与内外部 Reference evidence 分化**。DBMS Reference behavior 表现为讨论场景中的 Reference evidence、外部资源指向、项目内部与外部 Reference 并存，以及协作规模、讨论深度和引用密度互补。这一归纳由当前 RQ1 artifacts 与表 4.1 至表 4.6a 支持；external-reference share 只表示可观测证据比例，不直接测量 dependency 或组织开放性。","4.1;4.6","SCIENTIFIC_RESULT","outputs/reference_quotient_p0_corrected_v3/manifest.json","status;manifest_sha256;config_sha256","INTEGER_FORMAT","MAPPED","actual final QA manuscript numeric-bearing line rescanned"
"QNUM0647","### 5.4 RQ 归纳与解释边界","line 647","- **RQ2a/RQ2b/RQ2c：source-role、target-role 与无向派生结构**。RQ2 输出分别给出 source-side range/strength、target-side coverage/concentration 和 undirected structural view。9,595 条 directed cross-project edges 与 9,547 条 undirected edges 具有不同 operator/view provenance，不能混用；canonical 35-community result 只是一个确定性 reference realization，50-seed sensitivity 将其限定为 algorithmic modular neighborhood view；Louvain communities 和 brokerage candidates 也只作算法结构观察。","9,595;9,547;35;50","SCIENTIFIC_RESULT","outputs/reference_quotient_p0_corrected_v3/manifest.json","status;manifest_sha256;config_sha256","INTEGER_FORMAT","MAPPED","actual final QA manuscript numeric-bearing line rescanned"
"QNUM0648","### 5.4 RQ 归纳与解释边界","line 648","- **RQ3：子领域差异的局部性与非均质性**。Reference composition 指标未在两种标签口径下通过 FDR；若干 role/local-structure 指标只在 include_mixed 下通过，因此 RQ3 的结论是局部、非均质且 label-mode sensitive，不泛化为所有指标的稳健显著差异。项目年龄始终按 cross-sectional 2023 association 解释。","2023","SCIENTIFIC_RESULT","outputs/reference_quotient_p0_corrected_v3/manifest.json","status;manifest_sha256;config_sha256","INTEGER_FORMAT","MAPPED","actual final QA manuscript numeric-bearing line rescanned"
"QNUM0652","## 6 Threats to Validity（有效性威胁）","line 652","## 6 Threats to Validity（有效性威胁）","6","NON_SCIENTIFIC_FORMATTING","N/A","N/A","INTEGER_FORMAT","NOT_APPLICABLE","actual final QA manuscript numeric-bearing line rescanned"
"QNUM0656","### 6.1 Construct Validity（构想效度）","line 656","### 6.1 Construct Validity（构想效度）","6.1","NON_SCIENTIFIC_FORMATTING","N/A","N/A","INTEGER_FORMAT","NOT_APPLICABLE","actual final QA manuscript numeric-bearing line rescanned"
"QNUM0662","### 6.2 Internal Validity（内部效度）","line 662","### 6.2 Internal Validity（内部效度）","6.2","NON_SCIENTIFIC_FORMATTING","N/A","N/A","INTEGER_FORMAT","NOT_APPLICABLE","actual final QA manuscript numeric-bearing line rescanned"
"QNUM0664","### 6.2 Internal Validity（内部效度）","line 664","内部效度威胁主要来自 Reference extraction、实体校验、membership mapping/repository resolution 和 quotient construction 过程。首先，GH_CoRE 是本文内部实现的协作 Reference relation 处理链，依赖规则、正则模式和 GitHub API（包括 GraphQL 与 REST 接口）的可访问对象校验识别引用对象；IREL 仅作为 GitHub 项目间引用识别规则框架的参考来源 [@liu2022irel]。尽管显式引用格式相对稳定，版本号、短哈希、URL 变体、失效链接、自然语言隐含引用以及自动化 bot 或平台生成链接仍可能导致误报或漏报 [@githubdocs2026autolinked; @githubdocs2026linkingprissue]。其次，fine-grained entity type resolution 和 repository membership resolution 可能出错，错误会传播到 RefQ relation。第三，自动化事件、机器人账号和批量提交可能放大某些引用类型的数量，从而影响边权和部分网络结构指标。第四，membership-induced graph coarsening 会将底层异质 Reference relations 聚合为项目间边，这一过程提高了结构可解释性，但会损失具体工件级语义。","022;026","SCIENTIFIC_RESULT","outputs/reference_quotient_p0_corrected_v3/manifest.json","status;manifest_sha256;config_sha256","INTEGER_FORMAT","MAPPED","actual final QA manuscript numeric-bearing line rescanned"
"QNUM0668","### 6.3 External Validity（外部效度）","line 668","### 6.3 External Validity（外部效度）","6.3","NON_SCIENTIFIC_FORMATTING","N/A","N/A","INTEGER_FORMAT","NOT_APPLICABLE","actual final QA manuscript numeric-bearing line rescanned"
"QNUM0672","### 6.3 External Validity（外部效度）","line 672","同时，本文关注 DBMS 领域。DBMS 项目的长生命周期、高可靠性要求和复杂技术栈可能导致其 Reference behavior 不同于 Web 框架、机器学习库、移动应用或云原生基础设施项目。更重要的是，当前 RefQN 是 seed-centered observed quotient network：294 个 seed projects 具有完整 source observation，而 expanded target nodes 不具有对称 source observation。因此，本文结果更适合作为开源 DBMS 领域内的经验发现，以及跨领域比较研究的参照基线，而不是直接作为完整 GitHub ecosystem network 或所有 OSS 生态的普遍规律。","294","SCIENTIFIC_RESULT","outputs/reference_quotient_p0_corrected_v3/seed_observability_audit.json","seed_count;expanded_target_count;expanded_targets_are_source_complete","INTEGER_FORMAT","MAPPED","actual final QA manuscript numeric-bearing line rescanned"
"QNUM0674","### 6.4 Conclusion Validity（结论效度）","line 674","### 6.4 Conclusion Validity（结论效度）","6.4","NON_SCIENTIFIC_FORMATTING","N/A","N/A","INTEGER_FORMAT","NOT_APPLICABLE","actual final QA manuscript numeric-bearing line rescanned"
"QNUM0676","### 6.4 Conclusion Validity（结论效度）","line 676","本文的统计链包括 descriptive statistics、Spearman cross-sectional association、Kruskal-Wallis test、epsilon-squared effect size、Benjamini-Hochberg FDR correction，以及 include_mixed / exclude_mixed_or_multilabel 两种标签口径下的 sensitivity comparison。对于 structural brokerage，approximate betweenness 仅基于固定 500-node sample 和 random seed，因而只能作为当前 LCC shortest-path structure 中的候选位置描述。上述结论均限定在当前数据、分析映射和观测边界内；非显著结果不被写成支持性证据，局部显著或描述性差异也不扩展为全局规律。","500","SCIENTIFIC_RESULT","outputs/reference_quotient_p0_corrected_v3/manifest.json","status;manifest_sha256;config_sha256","INTEGER_FORMAT","MAPPED","actual final QA manuscript numeric-bearing line rescanned"
"QNUM0678","### 6.5 Reliability（可靠性）","line 678","### 6.5 Reliability（可靠性）","6.5","NON_SCIENTIFIC_FORMATTING","N/A","N/A","INTEGER_FORMAT","NOT_APPLICABLE","actual final QA manuscript numeric-bearing line rescanned"
"QNUM0684","## 7 数据与代码可用性","line 684","## 7 数据与代码可用性","7","NON_SCIENTIFIC_FORMATTING","N/A","N/A","INTEGER_FORMAT","NOT_APPLICABLE","actual final QA manuscript numeric-bearing line rescanned"
"QNUM0696","## 8 补充材料说明","line 696","## 8 补充材料说明","8","NON_SCIENTIFIC_FORMATTING","N/A","N/A","INTEGER_FORMAT","NOT_APPLICABLE","actual final QA manuscript numeric-bearing line rescanned"
"QNUM0700","## 9 结论","line 700","## 9 结论","9","NON_SCIENTIFIC_FORMATTING","N/A","N/A","INTEGER_FORMAT","NOT_APPLICABLE","actual final QA manuscript numeric-bearing line rescanned"
"QNUM0715","### A.1 Reproducibility identity","line 715","### A.1 Reproducibility identity","1","NON_SCIENTIFIC_FORMATTING","N/A","N/A","INTEGER_FORMAT","NOT_APPLICABLE","actual final QA manuscript numeric-bearing line rescanned"
"QNUM0719","### A.1 Reproducibility identity","line 719","- P0-v3 scientific/shared implementation commit: 25c6ef3f49af04e916f10e129d976ce7c2119fd8","25;9;4;16;0;29;76;119","PROVENANCE_IDENTITY","outputs/reference_quotient_p0_corrected_v3/manifest.json;supplemental/reference_quotient_v2/outputs_p0v3/manifest.json","branch;implementation_commit;manifest_sha256;config_sha256;runtime_versions;release_status;package_version","INTEGER_FORMAT","MAPPED","actual final QA manuscript numeric-bearing line rescanned"
"QNUM0720","### A.1 Reproducibility identity","line 720","- P0-v3 accepted result commit: 2d284f4bc83c42ba6555a09a2e42693c5490b827","2;84;3;555;9;2693;490;27","PROVENANCE_IDENTITY","outputs/reference_quotient_p0_corrected_v3/manifest.json;supplemental/reference_quotient_v2/outputs_p0v3/manifest.json","branch;implementation_commit;manifest_sha256;config_sha256;runtime_versions;release_status;package_version","INTEGER_FORMAT","MAPPED","actual final QA manuscript numeric-bearing line rescanned"
"QNUM0722","### A.1 Reproducibility identity","line 722","- P0-v3 manifest SHA-256: be802b9df223c99bc2089a76ae9ec6e0b6047ab0c58237a5fc3050b51dcc9776","256;02;23;9;089;6;047;8237;050;1;776","PROVENANCE_IDENTITY","outputs/reference_quotient_p0_corrected_v3/manifest.json;supplemental/reference_quotient_v2/outputs_p0v3/manifest.json","branch;implementation_commit;manifest_sha256;config_sha256;runtime_versions;release_status;package_version","INTEGER_FORMAT","MAPPED","actual final QA manuscript numeric-bearing line rescanned"
"QNUM0723","### A.1 Reproducibility identity","line 723","- P0-v3 config SHA-256: 43f97f9a2d177d325415bfbcc504f1779882cf83685b4fdebe505c8fed8e7cb0","256;43;7;77;25415;04;779882;3685;05","PROVENANCE_IDENTITY","outputs/reference_quotient_p0_corrected_v3/manifest.json;supplemental/reference_quotient_v2/outputs_p0v3/manifest.json","branch;implementation_commit;manifest_sha256;config_sha256;runtime_versions;release_status;package_version","INTEGER_FORMAT","MAPPED","actual final QA manuscript numeric-bearing line rescanned"
"QNUM0725","### A.1 Reproducibility identity","line 725","- Supplemental package manifest SHA-256: 78d07fbda2a045ba309a1cfcb23a68ca2baafa910008b6483c0c4e0acf9211bd","256;78;7;45;09;3;8;10008;483;211","PROVENANCE_IDENTITY","outputs/reference_quotient_p0_corrected_v3/manifest.json;supplemental/reference_quotient_v2/outputs_p0v3/manifest.json","branch;implementation_commit;manifest_sha256;config_sha256;runtime_versions;release_status;package_version","INTEGER_FORMAT","MAPPED","actual final QA manuscript numeric-bearing line rescanned"
"QNUM0727","### A.1 Reproducibility identity","line 727","- Study year: 2023","2023","PROVENANCE_IDENTITY","outputs/reference_quotient_p0_corrected_v3/manifest.json","branch;release_status","INTEGER_FORMAT","MAPPED","actual final QA manuscript numeric-bearing line rescanned"
"QNUM0728","### A.1 Reproducibility identity","line 728","- P0-v3 runtime: Python 3.9.13, pandas 1.4.4, NumPy 1.26.4, SciPy 1.13.1, NetworkX 3.1, GH-CoRE 2.3.1","3.9;13,;1.4;4,;1.26;1.13;1,;3.1;2.3;1","PROVENANCE_IDENTITY","outputs/reference_quotient_p0_corrected_v3/manifest.json;supplemental/reference_quotient_v2/outputs_p0v3/manifest.json","branch;implementation_commit;manifest_sha256;config_sha256;runtime_versions;release_status;package_version","INTEGER_FORMAT","MAPPED","actual final QA manuscript numeric-bearing line rescanned"
"QNUM0729","### A.1 Reproducibility identity","line 729","- Supplemental implementation authority: de9f03a1efb76f3abd2b7b6239f7748f40498d90","3;6;239;748;0498;0","PROVENANCE_IDENTITY","outputs/reference_quotient_p0_corrected_v3/manifest.json","branch;release_status","INTEGER_FORMAT","MAPPED","actual final QA manuscript numeric-bearing line rescanned"
"QNUM0730","### A.1 Reproducibility identity","line 730","- Package-manifest commit: 19e2f9a5d619de9620a6934f53321eb0704fe953","19;620;934;3321;704;53","PROVENANCE_IDENTITY","outputs/reference_quotient_p0_corrected_v3/manifest.json;supplemental/reference_quotient_v2/outputs_p0v3/manifest.json","branch;implementation_commit;manifest_sha256;config_sha256;runtime_versions;release_status;package_version","INTEGER_FORMAT","MAPPED","actual final QA manuscript numeric-bearing line rescanned"
"QNUM0731","### A.1 Reproducibility identity","line 731","- Supplemental package runtime: Python 3.9.13, pandas 1.5.3, NumPy 1.26.4, SciPy 1.13.1, NetworkX 3.1, GH-CoRE 2.3.1","3.9;13,;1.5;3,;1.26;4,;1.13;1,;3.1;2.3;1","PROVENANCE_IDENTITY","outputs/reference_quotient_p0_corrected_v3/manifest.json;supplemental/reference_quotient_v2/outputs_p0v3/manifest.json","branch;implementation_commit;manifest_sha256;config_sha256;runtime_versions;release_status;package_version","INTEGER_FORMAT","MAPPED","actual final QA manuscript numeric-bearing line rescanned"
"QNUM0733","### A.1 Reproducibility identity","line 733","- S7 status: KEPT_FIXED_OBJECT (G09 = PASS)","9","PROVENANCE_IDENTITY","docs/freeze/ch5_refq_p0v3_s7_fixed_object_overlap_runtime_gate_v1.md","S7 status;G09","INTEGER_FORMAT","MAPPED","actual final QA manuscript numeric-bearing line rescanned"
"QNUM0737","### A.2 Membership and observation audits","line 737","### A.2 Membership and observation audits","2","NON_SCIENTIFIC_FORMATTING","N/A","N/A","INTEGER_FORMAT","NOT_APPLICABLE","actual final QA manuscript numeric-bearing line rescanned"
"QNUM0739","### A.2 Membership and observation audits","line 739","membership_audit.json reports PASS and retains only entities with a unique project membership under the stated rule. The source-admission flow contains 3,748,078 scanned input records, 3,747,958 admitted source-observation records, 120 out-of-seed source records, and 1,586,047 quotient-eligible records. The corrected quotient audit reports 1,586,047 total weight, 9,884 directed edges including self-loops, 289 self-loops and 9,595 directed cross-project edges.","3,748,078;3,747,958;120;1,586,047;9,884;289;9,595","PROVENANCE_IDENTITY","outputs/reference_quotient_p0_corrected_v3/quotient_construction_audit.json","scanned_input_rows;retained_reference_records;quotient_eligible_records;refq_directed_edges_including_self_loops;refq_self_loops;refq_directed_cross_project_edges","INTEGER_FORMAT","MAPPED","actual final QA manuscript numeric-bearing line rescanned"
"QNUM0741","### A.2 Membership and observation audits","line 741","seed_observability_audit.json reports 294 analysis seeds, 6,212 expanded targets, 262 positive-out-degree seeds and 32 zero-out-degree seeds. Expanded targets remain not source-complete. Non-project external targets do not enter RefQN.","294;6,212;262;32","PROVENANCE_IDENTITY","outputs/reference_quotient_p0_corrected_v3/seed_observability_audit.json","seed_count;expanded_target_count;positive_out_degree_seeds;zero_out_degree_seeds","INTEGER_FORMAT","MAPPED","actual final QA manuscript numeric-bearing line rescanned"
"QNUM0743","### A.3 Artifact-to-RQ coverage","line 743","### A.3 Artifact-to-RQ coverage","3","NON_SCIENTIFIC_FORMATTING","N/A","N/A","INTEGER_FORMAT","NOT_APPLICABLE","actual final QA manuscript numeric-bearing line rescanned"
"QNUM0746","### A.3 Artifact-to-RQ coverage","line 746","- RQ2a: source-role metrics, source-role top-50 output and directed cross-project edge table.","50","PROVENANCE_IDENTITY","outputs/reference_quotient_p0_corrected_v3/manifest.json","branch;release_status","INTEGER_FORMAT","MAPPED","actual final QA manuscript numeric-bearing line rescanned"
"QNUM0747","### A.3 Artifact-to-RQ coverage","line 747","- RQ2b: target-role metrics, target-role top-50 output, target category/type breakdown and target concentration.","50","PROVENANCE_IDENTITY","outputs/reference_quotient_p0_corrected_v3/manifest.json","branch;release_status","INTEGER_FORMAT","MAPPED","actual final QA manuscript numeric-bearing line rescanned"
"QNUM0748","### A.3 Artifact-to-RQ coverage","line 748","- RQ2c: undirected-view edge tables, LCC edge table, undirected summary, algorithmic communities and structural brokerage candidates/top-50.","50","PROVENANCE_IDENTITY","outputs/reference_quotient_p0_corrected_v3/manifest.json","branch;release_status","INTEGER_FORMAT","MAPPED","actual final QA manuscript numeric-bearing line rescanned"
"QNUM0751","### A.3 Artifact-to-RQ coverage","line 751","All main-result numbers in sections 3 and 4 are traceable to the frozen P0-v3 and supplemental package files listed above. No second-order projection was executed.","3;4","PROVENANCE_IDENTITY","outputs/reference_quotient_p0_corrected_v3/manifest.json;supplemental/reference_quotient_v2/outputs_p0v3/manifest.json","branch;implementation_commit;manifest_sha256;config_sha256;runtime_versions;release_status;package_version","INTEGER_FORMAT","MAPPED","actual final QA manuscript numeric-bearing line rescanned"
"QNUM0753","### A.4 Statistical and semantic boundaries","line 753","### A.4 Statistical and semantic boundaries","4","NON_SCIENTIFIC_FORMATTING","N/A","N/A","INTEGER_FORMAT","NOT_APPLICABLE","actual final QA manuscript numeric-bearing line rescanned"
"QNUM0757","### A.4 Statistical and semantic boundaries","line 757","Project age is a cross-sectional 2023 attribute. Louvain communities are algorithmic partitions under the current undirected view and modularity objective; the canonical seed yields one deterministic 35-community reference realization, while the tested sensitivity range is 32--37 communities with 42/50 ARI values below 0.9, minimum ARI 0.6823671359861659 and minimum pairwise ARI 0.6092441840471735. This is an algorithmic modular neighborhood view, not a unique stable community structure or DBMS-subdomain taxonomy. Structural brokerage candidates are bridge-like positions in the current graph, with S5 minimum Spearman 0.9998339514284217, minimum top-50 overlap 0.82 and robustness_alert=FALSE; they are not knowledge brokers or organizational coordinators. Expanded targets remain not source-complete. No second-order projection enters the main analysis.","2023;35;32;-37;42;50;0.9;0.6823671359861659;0.6092441840471735;0.9998339514284217;0.82","PROVENANCE_IDENTITY","supplemental/reference_quotient_v2/outputs_p0v3/S4_community_stability/louvain_stability_summary.json","canonical_community_count;canonical_modularity;canonical_seed;ari_to_canonical_summary.min;pairwise_ari_summary.min","EXACT;ROUND_16","MAPPED","actual final QA manuscript numeric-bearing line rescanned"
"QNUM0763","## 参考文献","line 763","`benats2021multidatabasemodels` Benats, P., Gobert, M., Meurice, L., et al. (2021). An Empirical Study of (Multi-) Database Models in Open-Source Projects. In Conceptual Modeling (pp. 87-101). Springer International Publishing. https://doi.org/10.1007/978-3-030-89022-3_8","021;2021;87;-101;10.1007;978;-3;-030;-89022;8","BIBLIOGRAPHIC","N/A","N/A","INTEGER_FORMAT","NOT_APPLICABLE","actual final QA manuscript numeric-bearing line rescanned"
"QNUM0765","## 参考文献","line 765","`benjamini1995fdr` Benjamini, Y., & Hochberg, Y. (1995). Controlling the false discovery rate: A practical and powerful approach to multiple testing. Journal of the Royal Statistical Society: Series B, 57(1), 289-300. https://doi.org/10.1111/j.2517-6161.1995.tb02031.x","995;1995;57;1;289;-300;10.1111;2517;-6161.1995;2031","BIBLIOGRAPHIC","N/A","N/A","INTEGER_FORMAT","NOT_APPLICABLE","actual final QA manuscript numeric-bearing line rescanned"
"QNUM0767","## 参考文献","line 767","`bird2009sociotechnical` Bird, C., Nagappan, N., Gall, H., Murphy, B., & Devanbu, P. (2009). Putting It All Together: Using Socio-technical Networks to Predict Failures. 20th International Symposium on Software Reliability Engineering, 109-119. https://doi.org/10.1109/ISSRE.2009.17","009;2009;20;109;-119;10.1109;2009.17","BIBLIOGRAPHIC","N/A","N/A","INTEGER_FORMAT","NOT_APPLICABLE","actual final QA manuscript numeric-bearing line rescanned"
"QNUM0769","## 参考文献","line 769","`blincoe2015ecosystems` Blincoe, K., Harrison, F., & Damian, D. (2015). Ecosystems in GitHub and a Method for Ecosystem Identification Using Reference Coupling. 2015 IEEE/ACM 12th Working Conference on Mining Software Repositories (MSR 2015), 202-211. https://doi.org/10.1109/MSR.2015.26","015;2015;12;202;-211;10.1109;2015.26","BIBLIOGRAPHIC","N/A","N/A","INTEGER_FORMAT","NOT_APPLICABLE","actual final QA manuscript numeric-bearing line rescanned"
"QNUM0771","## 参考文献","line 771","`blincoe2019referencecoupling` Blincoe, K., Harrison, F., Kaur, N., & Damian, D. (2019). Reference Coupling: An exploration of inter-project technical dependencies and their characteristics within large software ecosystems. Information and Software Technology, 110, 174-189. https://doi.org/10.1016/j.infsof.2019.03.005","019;2019;110,;174;-189;10.1016;2019.03;005","BIBLIOGRAPHIC","N/A","N/A","INTEGER_FORMAT","NOT_APPLICABLE","actual final QA manuscript numeric-bearing line rescanned"
"QNUM0773","## 参考文献","line 773","`blondel2008louvain` Blondel, V. D., Guillaume, J.-L., Lambiotte, R., & Lefebvre, E. (2008). Fast unfolding of communities in large networks. Journal of Statistical Mechanics: Theory and Experiment, 2008(10), P10008. https://doi.org/10.1088/1742-5468/2008/10/P10008","008;2008;10;0008;10.1088;1742;-5468","BIBLIOGRAPHIC","N/A","N/A","INTEGER_FORMAT","NOT_APPLICABLE","actual final QA manuscript numeric-bearing line rescanned"
"QNUM0775","## 参考文献","line 775","`bosch2009spltoecosystems` Bosch, J. (2009). From software product lines to software ecosystems. In Proceedings of the 13th International Software Product Line Conference (SPLC 2009), 111-119. ACM record: https://dl.acm.org/citation.cfm?id=1753251.","009;2009;13;111;-119;1753251","BIBLIOGRAPHIC","N/A","N/A","INTEGER_FORMAT","NOT_APPLICABLE","actual final QA manuscript numeric-bearing line rescanned"
"QNUM0777","## 参考文献","line 777","`dbdb2026databaseofdatabases` Carnegie Mellon Database Group. (2026). Database of Databases. https://dbdb.io/ Accessed 2026-05-12.","026;2026;-05;-12","BIBLIOGRAPHIC","N/A","N/A","INTEGER_FORMAT","NOT_APPLICABLE","actual final QA manuscript numeric-bearing line rescanned"
"QNUM0779","## 参考文献","line 779","`dbengines2026ranking` Red Gate Software Ltd. (2026). DB-Engines Ranking. https://db-engines.com/en/ranking Accessed 2026-05-12.","026;2026;-05;-12","BIBLIOGRAPHIC","N/A","N/A","INTEGER_FORMAT","NOT_APPLICABLE","actual final QA manuscript numeric-bearing line rescanned"
"QNUM0781","## 参考文献","line 781","`francobedoya2017ossecosystems` Franco-Bedoya, O., Ameller, D., Costal, D., & Franch, X. (2017). Open source software ecosystems: A systematic mapping. Information and Software Technology, 91, 160-185. https://doi.org/10.1016/j.infsof.2017.07.007","017;2017;91,;160;-185;10.1016;2017.07;007","BIBLIOGRAPHIC","N/A","N/A","INTEGER_FORMAT","NOT_APPLICABLE","actual final QA manuscript numeric-bearing line rescanned"
"QNUM0783","## 参考文献","line 783","`githubdocs2026autolinked` GitHub Docs. (2026). Autolinked references and URLs. https://docs.github.com/en/get-started/writing-on-github/working-with-advanced-formatting/autolinked-references-and-urls Accessed 2026-05-12.","026;2026;-05;-12","BIBLIOGRAPHIC","N/A","N/A","INTEGER_FORMAT","NOT_APPLICABLE","actual final QA manuscript numeric-bearing line rescanned"
"QNUM0785","## 参考文献","line 785","`githubdocs2026linkingprissue` GitHub Docs. (2026). Linking a pull request to an issue. https://docs.github.com/en/issues/tracking-your-work-with-issues/using-issues/linking-a-pull-request-to-an-issue Accessed 2026-05-12.","026;2026;-05;-12","BIBLIOGRAPHIC","N/A","N/A","INTEGER_FORMAT","NOT_APPLICABLE","actual final QA manuscript numeric-bearing line rescanned"
"QNUM0787","## 参考文献","line 787","`jansen2013softwareecosystemsbook` Jansen, S., Brinkkemper, S., & Cusumano, M. A., eds. (2013). Software Ecosystems: Analyzing and Managing Business Networks in the Software Industry. Edward Elgar Publishing. ISBN 9781781955628. https://doi.org/10.4337/9781781955635","013;2013;9781781955628;10.4337;9781781955635","BIBLIOGRAPHIC","N/A","N/A","INTEGER_FORMAT","NOT_APPLICABLE","actual final QA manuscript numeric-bearing line rescanned"
"QNUM0789","## 参考文献","line 789","`kessler1963bibliographiccoupling` Kessler, M. M. (1963). Bibliographic coupling between scientific papers. American Documentation, 14(1), 10-25. https://doi.org/10.1002/asi.5090140103","963;1963;14;1;10;-25;10.1002;5090140103","BIBLIOGRAPHIC","N/A","N/A","INTEGER_FORMAT","NOT_APPLICABLE","actual final QA manuscript numeric-bearing line rescanned"
"QNUM0791","## 参考文献","line 791","`kim2025dbmsextensibility` Kim, A., Slot, M., Andersen, D. G., & Pavlo, A. (2025). Anarchy in the Database: A Survey and Evaluation of Database Management System Extensibility. Proceedings of the VLDB Endowment, 18(6), 1962-1976. https://doi.org/10.14778/3725688.3725719","025;2025;18;6;1962;-1976;10.14778;3725688.3725719","BIBLIOGRAPHIC","N/A","N/A","EXACT;ROUND_16","NOT_APPLICABLE","actual final QA manuscript numeric-bearing line rescanned"
"QNUM0793","## 参考文献","line 793","`kruskal1952ranks` Kruskal, W. H., & Wallis, W. A. (1952). Use of ranks in one-criterion variance analysis. Journal of the American Statistical Association, 47(260), 583-621. https://doi.org/10.1080/01621459.1952.10483441","952;1952;47;260;583;-621;10.1080;01621459.1952;10483441","BIBLIOGRAPHIC","N/A","N/A","EXACT;ROUND_16","NOT_APPLICABLE","actual final QA manuscript numeric-bearing line rescanned"
"QNUM0795","## 参考文献","line 795","`lima2025discussionlinks` Lima, M., Steinmacher, I., Ford, D., et al. (2025). How are discussions linked? A link analysis study on GitHub Discussions. Journal of Systems and Software, 219, 112196. https://doi.org/10.1016/j.jss.2024.112196","025;2025;219,;112196;10.1016;2024.112196","BIBLIOGRAPHIC","N/A","N/A","EXACT;ROUND_16","NOT_APPLICABLE","actual final QA manuscript numeric-bearing line rescanned"
"QNUM0798","## 参考文献","line 798","`liu2022irel` Liu, B., Zhang, L., Jiang, J., & Wang, L. (2022). A method for identifying references between projects in GitHub. Science of Computer Programming, 222, 102858. https://doi.org/10.1016/j.scico.2022.102858","022;2022;222,;102858;10.1016;2022.102858","BIBLIOGRAPHIC","N/A","N/A","EXACT;ROUND_16","NOT_APPLICABLE","actual final QA manuscript numeric-bearing line rescanned"
"QNUM0800","## 参考文献","line 800","`manikas2013ecosystemslr` Manikas, K., & Hansen, K. M. (2013). Software ecosystems: A systematic literature review. Journal of Systems and Software, 86(5), 1294-1306. https://doi.org/10.1016/j.jss.2012.12.026","013;2013;86;5;1294;-1306;10.1016;2012.12;026","BIBLIOGRAPHIC","N/A","N/A","INTEGER_FORMAT","NOT_APPLICABLE","actual final QA manuscript numeric-bearing line rescanned"
"QNUM0802","## 参考文献","line 802","`manikas2016revisitingecosystems` Manikas, K. (2016). Revisiting software ecosystems research: A longitudinal literature study. Journal of Systems and Software, 117, 84-103. https://doi.org/10.1016/j.jss.2016.02.003","016;2016;117,;84;-103;10.1016;2016.02;003","BIBLIOGRAPHIC","N/A","N/A","INTEGER_FORMAT","NOT_APPLICABLE","actual final QA manuscript numeric-bearing line rescanned"
"QNUM0804","## 参考文献","line 804","`mcclean2021ossocialnetwork` McClean, K., Greer, D., & Jurek-Loughrey, A. (2021). Social network analysis of open source software: A review and categorisation. Information and Software Technology, 130, 106442. https://doi.org/10.1016/j.infsof.2020.106442","021;2021;130,;106442;10.1016;2020.106442","BIBLIOGRAPHIC","N/A","N/A","EXACT;ROUND_16","NOT_APPLICABLE","actual final QA manuscript numeric-bearing line rescanned"
"QNUM0806","## 参考文献","line 806","`loukas2019graphreduction` Loukas, A. (2019). Graph Reduction with Spectral and Cut Guarantees. Journal of Machine Learning Research, 20(116), 1-42. https://www.jmlr.org/papers/v20/18-680.html","019;2019;20;116;1;-42;0;18;-680","BIBLIOGRAPHIC","N/A","N/A","INTEGER_FORMAT","NOT_APPLICABLE","actual final QA manuscript numeric-bearing line rescanned"
"QNUM0808","## 参考文献","line 808","`messerschmitt2003softwareecosystem` Messerschmitt, D. G., & Szyperski, C. (2003). Software Ecosystem: Understanding an Indispensable Technology and Industry. The MIT Press. ISBN 9780262256667. https://doi.org/10.7551/mitpress/6323.001.0001","003;2003;9780262256667;10.7551;6323.001;0001","BIBLIOGRAPHIC","N/A","N/A","INTEGER_FORMAT","NOT_APPLICABLE","actual final QA manuscript numeric-bearing line rescanned"
"QNUM0810","## 参考文献","line 810","`newman2006modularity` Newman, M. E. J. (2006). Modularity and community structure in networks. Proceedings of the National Academy of Sciences, 103(23), 8577-8582. https://doi.org/10.1073/pnas.0601602103","006;2006;103;23;8577;-8582;10.1073;0601602103","BIBLIOGRAPHIC","N/A","N/A","INTEGER_FORMAT","NOT_APPLICABLE","actual final QA manuscript numeric-bearing line rescanned"
"QNUM0812","## 参考文献","line 812","`paiva2025dbmsadoption` Paiva, C. A., Maximino, R., Paiva, F., et al. (2025). Analyzing the adoption of database management systems throughout the history of open source projects. Empirical Software Engineering, 30, 71. https://doi.org/10.1007/s10664-025-10627-z","025;2025;30,;71;10.1007;0664;-025;-10627","BIBLIOGRAPHIC","N/A","N/A","INTEGER_FORMAT","NOT_APPLICABLE","actual final QA manuscript numeric-bearing line rescanned"
"QNUM0814","## 参考文献","line 814","`sanchezgarcia2020quotientnetwork` Sánchez-García, R. J. (2020). Exploiting symmetry in network analysis. Communications Physics, 3, 87. https://doi.org/10.1038/s42005-020-0345-z","020;2020;3,;87;10.1038;2005;-020;-0345","BIBLIOGRAPHIC","N/A","N/A","INTEGER_FORMAT","NOT_APPLICABLE","actual final QA manuscript numeric-bearing line rescanned"
"QNUM0816","## 参考文献","line 816","`vassiliadis2023sourceschemaevolution` Vassiliadis, P., Shehaj, F., Kalampokis, G., et al. (2023). Joint Source and Schema Evolution: Insights from a Study of 195 FOSS Projects. Proceedings of the 26th International Conference on Extending Database Technology, 27-39. https://doi.org/10.48786/EDBT.2023.03","023;2023;195;26;27;-39;10.48786;2023.03","BIBLIOGRAPHIC","N/A","N/A","EXACT;ROUND_16","NOT_APPLICABLE","actual final QA manuscript numeric-bearing line rescanned"
"QNUM0818","## 参考文献","line 818","`wang2021sharedlinks` Wang, D., Xiao, T., Thongtanunam, P., et al. (2021). Understanding shared links and their intentions to meet information needs in modern code review. Empirical Software Engineering, 26(5), 96. https://doi.org/10.1007/s10664-021-09997-x","021;2021;26;5;96;10.1007;0664;-021;-09997","BIBLIOGRAPHIC","N/A","N/A","INTEGER_FORMAT","NOT_APPLICABLE","actual final QA manuscript numeric-bearing line rescanned"
"QNUM0820","## 参考文献","line 820","`xiao2008networkquotients` Xiao, Y., MacArthur, B. D., Wang, H., Xiong, M., & Wang, W. (2008). Network quotients: Structural skeletons of complex systems. Physical Review E, 78(4), 046102. https://doi.org/10.1103/PhysRevE.78.046102","008;2008;78;4;046102;10.1103;78.046102","BIBLIOGRAPHIC","N/A","N/A","EXACT;ROUND_16","NOT_APPLICABLE","actual final QA manuscript numeric-bearing line rescanned"
"QNUM0822","## 参考文献","line 822","`xiao2023commitlinks` Xiao, T., Baltes, S., Hata, H., et al. (2023). 18 million links in commit messages: purpose, evolution, and decay. Empirical Software Engineering, 28(4), 91. https://doi.org/10.1007/s10664-023-10325-8","023;2023;18;28;4;91;10.1007;0664;-023;-10325;-8","BIBLIOGRAPHIC","N/A","N/A","INTEGER_FORMAT","NOT_APPLICABLE","actual final QA manuscript numeric-bearing line rescanned"
"QNUM0824","## 参考文献","line 824","`zhang2014developersocialnetworks` Zhang, W., Nie, L., Jiang, H., et al. (2014). Developer social networks in software engineering: construction, analysis, and applications. Science China Information Sciences, 57(12), 1-23. https://doi.org/10.1007/s11432-014-5221-6","014;2014;57;12;1;-23;10.1007;1432;-014;-5221;-6","BIBLIOGRAPHIC","N/A","N/A","INTEGER_FORMAT","NOT_APPLICABLE","actual final QA manuscript numeric-bearing line rescanned"
