analysis_graph_adjacency_order_digest,analysis_graph_edge_order_digest,analysis_graph_node_order_digest,community_count,edge_count,full_graph_edge_order_digest,full_graph_node_order_digest,graph_mode,input_node_registry_order_digest,input_threshold_edge_order_digest,modularity,networkx_version,node_count,partition_digest,process_index,python_version,pythonhashseed,random_seed,raw_lcc_adjacency_order_digest,raw_lcc_edge_order_digest,raw_lcc_node_order_digest,threshold
13d1393daf9c23384d66a849a1176a2efd1c2b2ac7d714ae6d82c0b1bdc780e3,45720b3744cf727786c2918dde976d6d4ff6af8631122fb43dce55c4ee4b8b6b,164480e4ddec1cd45912f9ecbb21827e007f4ebd216d1bf4a9047f3baa5bcbb8,35,9462,66ccdc7158ecacd02520aae281657f0aaca1ab96b975c6856903585220e9be37,71e6acd5edbff45d255ec0d33ae04ea2aa4e594b644b6b50d7801bccfe500875,canonical,71e6acd5edbff45d255ec0d33ae04ea2aa4e594b644b6b50d7801bccfe500875,77658f0c734e3b80c9b3426a9ecaba35501cde0227d8fc50b03c0d28f4146812,0.7969220043681785,3.1,6367,ac52befcc419d15de7742bab78ac27a125a830858691a92bf3d47921eb2f2753,1,3.9.13,0,20260731,13d1393daf9c23384d66a849a1176a2efd1c2b2ac7d714ae6d82c0b1bdc780e3,45720b3744cf727786c2918dde976d6d4ff6af8631122fb43dce55c4ee4b8b6b,164480e4ddec1cd45912f9ecbb21827e007f4ebd216d1bf4a9047f3baa5bcbb8,1
13d1393daf9c23384d66a849a1176a2efd1c2b2ac7d714ae6d82c0b1bdc780e3,45720b3744cf727786c2918dde976d6d4ff6af8631122fb43dce55c4ee4b8b6b,164480e4ddec1cd45912f9ecbb21827e007f4ebd216d1bf4a9047f3baa5bcbb8,35,9462,66ccdc7158ecacd02520aae281657f0aaca1ab96b975c6856903585220e9be37,71e6acd5edbff45d255ec0d33ae04ea2aa4e594b644b6b50d7801bccfe500875,canonical,71e6acd5edbff45d255ec0d33ae04ea2aa4e594b644b6b50d7801bccfe500875,77658f0c734e3b80c9b3426a9ecaba35501cde0227d8fc50b03c0d28f4146812,0.7969220043681785,3.1,6367,ac52befcc419d15de7742bab78ac27a125a830858691a92bf3d47921eb2f2753,2,3.9.13,0,20260731,13d1393daf9c23384d66a849a1176a2efd1c2b2ac7d714ae6d82c0b1bdc780e3,45720b3744cf727786c2918dde976d6d4ff6af8631122fb43dce55c4ee4b8b6b,164480e4ddec1cd45912f9ecbb21827e007f4ebd216d1bf4a9047f3baa5bcbb8,1
13d1393daf9c23384d66a849a1176a2efd1c2b2ac7d714ae6d82c0b1bdc780e3,45720b3744cf727786c2918dde976d6d4ff6af8631122fb43dce55c4ee4b8b6b,164480e4ddec1cd45912f9ecbb21827e007f4ebd216d1bf4a9047f3baa5bcbb8,35,9462,66ccdc7158ecacd02520aae281657f0aaca1ab96b975c6856903585220e9be37,71e6acd5edbff45d255ec0d33ae04ea2aa4e594b644b6b50d7801bccfe500875,canonical,71e6acd5edbff45d255ec0d33ae04ea2aa4e594b644b6b50d7801bccfe500875,77658f0c734e3b80c9b3426a9ecaba35501cde0227d8fc50b03c0d28f4146812,0.7969220043681785,3.1,6367,ac52befcc419d15de7742bab78ac27a125a830858691a92bf3d47921eb2f2753,3,3.9.13,0,20260731,13d1393daf9c23384d66a849a1176a2efd1c2b2ac7d714ae6d82c0b1bdc780e3,45720b3744cf727786c2918dde976d6d4ff6af8631122fb43dce55c4ee4b8b6b,164480e4ddec1cd45912f9ecbb21827e007f4ebd216d1bf4a9047f3baa5bcbb8,1
13d1393daf9c23384d66a849a1176a2efd1c2b2ac7d714ae6d82c0b1bdc780e3,45720b3744cf727786c2918dde976d6d4ff6af8631122fb43dce55c4ee4b8b6b,164480e4ddec1cd45912f9ecbb21827e007f4ebd216d1bf4a9047f3baa5bcbb8,35,9462,66ccdc7158ecacd02520aae281657f0aaca1ab96b975c6856903585220e9be37,71e6acd5edbff45d255ec0d33ae04ea2aa4e594b644b6b50d7801bccfe500875,canonical,71e6acd5edbff45d255ec0d33ae04ea2aa4e594b644b6b50d7801bccfe500875,77658f0c734e3b80c9b3426a9ecaba35501cde0227d8fc50b03c0d28f4146812,0.7969220043681785,3.1,6367,ac52befcc419d15de7742bab78ac27a125a830858691a92bf3d47921eb2f2753,4,3.9.13,0,20260731,13d1393daf9c23384d66a849a1176a2efd1c2b2ac7d714ae6d82c0b1bdc780e3,45720b3744cf727786c2918dde976d6d4ff6af8631122fb43dce55c4ee4b8b6b,164480e4ddec1cd45912f9ecbb21827e007f4ebd216d1bf4a9047f3baa5bcbb8,1
13d1393daf9c23384d66a849a1176a2efd1c2b2ac7d714ae6d82c0b1bdc780e3,45720b3744cf727786c2918dde976d6d4ff6af8631122fb43dce55c4ee4b8b6b,164480e4ddec1cd45912f9ecbb21827e007f4ebd216d1bf4a9047f3baa5bcbb8,35,9462,66ccdc7158ecacd02520aae281657f0aaca1ab96b975c6856903585220e9be37,71e6acd5edbff45d255ec0d33ae04ea2aa4e594b644b6b50d7801bccfe500875,canonical,71e6acd5edbff45d255ec0d33ae04ea2aa4e594b644b6b50d7801bccfe500875,77658f0c734e3b80c9b3426a9ecaba35501cde0227d8fc50b03c0d28f4146812,0.7969220043681785,3.1,6367,ac52befcc419d15de7742bab78ac27a125a830858691a92bf3d47921eb2f2753,5,3.9.13,0,20260731,13d1393daf9c23384d66a849a1176a2efd1c2b2ac7d714ae6d82c0b1bdc780e3,45720b3744cf727786c2918dde976d6d4ff6af8631122fb43dce55c4ee4b8b6b,164480e4ddec1cd45912f9ecbb21827e007f4ebd216d1bf4a9047f3baa5bcbb8,1
13d1393daf9c23384d66a849a1176a2efd1c2b2ac7d714ae6d82c0b1bdc780e3,45720b3744cf727786c2918dde976d6d4ff6af8631122fb43dce55c4ee4b8b6b,164480e4ddec1cd45912f9ecbb21827e007f4ebd216d1bf4a9047f3baa5bcbb8,35,9462,66ccdc7158ecacd02520aae281657f0aaca1ab96b975c6856903585220e9be37,71e6acd5edbff45d255ec0d33ae04ea2aa4e594b644b6b50d7801bccfe500875,canonical,71e6acd5edbff45d255ec0d33ae04ea2aa4e594b644b6b50d7801bccfe500875,77658f0c734e3b80c9b3426a9ecaba35501cde0227d8fc50b03c0d28f4146812,0.7969220043681785,3.1,6367,ac52befcc419d15de7742bab78ac27a125a830858691a92bf3d47921eb2f2753,6,3.9.13,0,20260731,13d1393daf9c23384d66a849a1176a2efd1c2b2ac7d714ae6d82c0b1bdc780e3,45720b3744cf727786c2918dde976d6d4ff6af8631122fb43dce55c4ee4b8b6b,164480e4ddec1cd45912f9ecbb21827e007f4ebd216d1bf4a9047f3baa5bcbb8,1
13d1393daf9c23384d66a849a1176a2efd1c2b2ac7d714ae6d82c0b1bdc780e3,45720b3744cf727786c2918dde976d6d4ff6af8631122fb43dce55c4ee4b8b6b,164480e4ddec1cd45912f9ecbb21827e007f4ebd216d1bf4a9047f3baa5bcbb8,35,9462,66ccdc7158ecacd02520aae281657f0aaca1ab96b975c6856903585220e9be37,71e6acd5edbff45d255ec0d33ae04ea2aa4e594b644b6b50d7801bccfe500875,canonical,71e6acd5edbff45d255ec0d33ae04ea2aa4e594b644b6b50d7801bccfe500875,77658f0c734e3b80c9b3426a9ecaba35501cde0227d8fc50b03c0d28f4146812,0.7969220043681785,3.1,6367,ac52befcc419d15de7742bab78ac27a125a830858691a92bf3d47921eb2f2753,7,3.9.13,0,20260731,13d1393daf9c23384d66a849a1176a2efd1c2b2ac7d714ae6d82c0b1bdc780e3,45720b3744cf727786c2918dde976d6d4ff6af8631122fb43dce55c4ee4b8b6b,164480e4ddec1cd45912f9ecbb21827e007f4ebd216d1bf4a9047f3baa5bcbb8,1
13d1393daf9c23384d66a849a1176a2efd1c2b2ac7d714ae6d82c0b1bdc780e3,45720b3744cf727786c2918dde976d6d4ff6af8631122fb43dce55c4ee4b8b6b,164480e4ddec1cd45912f9ecbb21827e007f4ebd216d1bf4a9047f3baa5bcbb8,35,9462,66ccdc7158ecacd02520aae281657f0aaca1ab96b975c6856903585220e9be37,71e6acd5edbff45d255ec0d33ae04ea2aa4e594b644b6b50d7801bccfe500875,canonical,71e6acd5edbff45d255ec0d33ae04ea2aa4e594b644b6b50d7801bccfe500875,77658f0c734e3b80c9b3426a9ecaba35501cde0227d8fc50b03c0d28f4146812,0.7969220043681785,3.1,6367,ac52befcc419d15de7742bab78ac27a125a830858691a92bf3d47921eb2f2753,8,3.9.13,0,20260731,13d1393daf9c23384d66a849a1176a2efd1c2b2ac7d714ae6d82c0b1bdc780e3,45720b3744cf727786c2918dde976d6d4ff6af8631122fb43dce55c4ee4b8b6b,164480e4ddec1cd45912f9ecbb21827e007f4ebd216d1bf4a9047f3baa5bcbb8,1
13d1393daf9c23384d66a849a1176a2efd1c2b2ac7d714ae6d82c0b1bdc780e3,45720b3744cf727786c2918dde976d6d4ff6af8631122fb43dce55c4ee4b8b6b,164480e4ddec1cd45912f9ecbb21827e007f4ebd216d1bf4a9047f3baa5bcbb8,35,9462,66ccdc7158ecacd02520aae281657f0aaca1ab96b975c6856903585220e9be37,71e6acd5edbff45d255ec0d33ae04ea2aa4e594b644b6b50d7801bccfe500875,canonical,71e6acd5edbff45d255ec0d33ae04ea2aa4e594b644b6b50d7801bccfe500875,77658f0c734e3b80c9b3426a9ecaba35501cde0227d8fc50b03c0d28f4146812,0.7969220043681785,3.1,6367,ac52befcc419d15de7742bab78ac27a125a830858691a92bf3d47921eb2f2753,9,3.9.13,0,20260731,13d1393daf9c23384d66a849a1176a2efd1c2b2ac7d714ae6d82c0b1bdc780e3,45720b3744cf727786c2918dde976d6d4ff6af8631122fb43dce55c4ee4b8b6b,164480e4ddec1cd45912f9ecbb21827e007f4ebd216d1bf4a9047f3baa5bcbb8,1
13d1393daf9c23384d66a849a1176a2efd1c2b2ac7d714ae6d82c0b1bdc780e3,45720b3744cf727786c2918dde976d6d4ff6af8631122fb43dce55c4ee4b8b6b,164480e4ddec1cd45912f9ecbb21827e007f4ebd216d1bf4a9047f3baa5bcbb8,35,9462,66ccdc7158ecacd02520aae281657f0aaca1ab96b975c6856903585220e9be37,71e6acd5edbff45d255ec0d33ae04ea2aa4e594b644b6b50d7801bccfe500875,canonical,71e6acd5edbff45d255ec0d33ae04ea2aa4e594b644b6b50d7801bccfe500875,77658f0c734e3b80c9b3426a9ecaba35501cde0227d8fc50b03c0d28f4146812,0.7969220043681785,3.1,6367,ac52befcc419d15de7742bab78ac27a125a830858691a92bf3d47921eb2f2753,10,3.9.13,0,20260731,13d1393daf9c23384d66a849a1176a2efd1c2b2ac7d714ae6d82c0b1bdc780e3,45720b3744cf727786c2918dde976d6d4ff6af8631122fb43dce55c4ee4b8b6b,164480e4ddec1cd45912f9ecbb21827e007f4ebd216d1bf4a9047f3baa5bcbb8,1
13d1393daf9c23384d66a849a1176a2efd1c2b2ac7d714ae6d82c0b1bdc780e3,45720b3744cf727786c2918dde976d6d4ff6af8631122fb43dce55c4ee4b8b6b,164480e4ddec1cd45912f9ecbb21827e007f4ebd216d1bf4a9047f3baa5bcbb8,35,9462,66ccdc7158ecacd02520aae281657f0aaca1ab96b975c6856903585220e9be37,71e6acd5edbff45d255ec0d33ae04ea2aa4e594b644b6b50d7801bccfe500875,canonical,71e6acd5edbff45d255ec0d33ae04ea2aa4e594b644b6b50d7801bccfe500875,77658f0c734e3b80c9b3426a9ecaba35501cde0227d8fc50b03c0d28f4146812,0.7969220043681785,3.1,6367,ac52befcc419d15de7742bab78ac27a125a830858691a92bf3d47921eb2f2753,11,3.9.13,0,20260731,13d1393daf9c23384d66a849a1176a2efd1c2b2ac7d714ae6d82c0b1bdc780e3,45720b3744cf727786c2918dde976d6d4ff6af8631122fb43dce55c4ee4b8b6b,164480e4ddec1cd45912f9ecbb21827e007f4ebd216d1bf4a9047f3baa5bcbb8,1
13d1393daf9c23384d66a849a1176a2efd1c2b2ac7d714ae6d82c0b1bdc780e3,45720b3744cf727786c2918dde976d6d4ff6af8631122fb43dce55c4ee4b8b6b,164480e4ddec1cd45912f9ecbb21827e007f4ebd216d1bf4a9047f3baa5bcbb8,35,9462,66ccdc7158ecacd02520aae281657f0aaca1ab96b975c6856903585220e9be37,71e6acd5edbff45d255ec0d33ae04ea2aa4e594b644b6b50d7801bccfe500875,canonical,71e6acd5edbff45d255ec0d33ae04ea2aa4e594b644b6b50d7801bccfe500875,77658f0c734e3b80c9b3426a9ecaba35501cde0227d8fc50b03c0d28f4146812,0.7969220043681785,3.1,6367,ac52befcc419d15de7742bab78ac27a125a830858691a92bf3d47921eb2f2753,12,3.9.13,0,20260731,13d1393daf9c23384d66a849a1176a2efd1c2b2ac7d714ae6d82c0b1bdc780e3,45720b3744cf727786c2918dde976d6d4ff6af8631122fb43dce55c4ee4b8b6b,164480e4ddec1cd45912f9ecbb21827e007f4ebd216d1bf4a9047f3baa5bcbb8,1
13d1393daf9c23384d66a849a1176a2efd1c2b2ac7d714ae6d82c0b1bdc780e3,45720b3744cf727786c2918dde976d6d4ff6af8631122fb43dce55c4ee4b8b6b,164480e4ddec1cd45912f9ecbb21827e007f4ebd216d1bf4a9047f3baa5bcbb8,35,9462,66ccdc7158ecacd02520aae281657f0aaca1ab96b975c6856903585220e9be37,71e6acd5edbff45d255ec0d33ae04ea2aa4e594b644b6b50d7801bccfe500875,canonical,71e6acd5edbff45d255ec0d33ae04ea2aa4e594b644b6b50d7801bccfe500875,77658f0c734e3b80c9b3426a9ecaba35501cde0227d8fc50b03c0d28f4146812,0.7969220043681785,3.1,6367,ac52befcc419d15de7742bab78ac27a125a830858691a92bf3d47921eb2f2753,13,3.9.13,0,20260731,13d1393daf9c23384d66a849a1176a2efd1c2b2ac7d714ae6d82c0b1bdc780e3,45720b3744cf727786c2918dde976d6d4ff6af8631122fb43dce55c4ee4b8b6b,164480e4ddec1cd45912f9ecbb21827e007f4ebd216d1bf4a9047f3baa5bcbb8,1
13d1393daf9c23384d66a849a1176a2efd1c2b2ac7d714ae6d82c0b1bdc780e3,45720b3744cf727786c2918dde976d6d4ff6af8631122fb43dce55c4ee4b8b6b,164480e4ddec1cd45912f9ecbb21827e007f4ebd216d1bf4a9047f3baa5bcbb8,35,9462,66ccdc7158ecacd02520aae281657f0aaca1ab96b975c6856903585220e9be37,71e6acd5edbff45d255ec0d33ae04ea2aa4e594b644b6b50d7801bccfe500875,canonical,71e6acd5edbff45d255ec0d33ae04ea2aa4e594b644b6b50d7801bccfe500875,77658f0c734e3b80c9b3426a9ecaba35501cde0227d8fc50b03c0d28f4146812,0.7969220043681785,3.1,6367,ac52befcc419d15de7742bab78ac27a125a830858691a92bf3d47921eb2f2753,14,3.9.13,0,20260731,13d1393daf9c23384d66a849a1176a2efd1c2b2ac7d714ae6d82c0b1bdc780e3,45720b3744cf727786c2918dde976d6d4ff6af8631122fb43dce55c4ee4b8b6b,164480e4ddec1cd45912f9ecbb21827e007f4ebd216d1bf4a9047f3baa5bcbb8,1
13d1393daf9c23384d66a849a1176a2efd1c2b2ac7d714ae6d82c0b1bdc780e3,45720b3744cf727786c2918dde976d6d4ff6af8631122fb43dce55c4ee4b8b6b,164480e4ddec1cd45912f9ecbb21827e007f4ebd216d1bf4a9047f3baa5bcbb8,35,9462,66ccdc7158ecacd02520aae281657f0aaca1ab96b975c6856903585220e9be37,71e6acd5edbff45d255ec0d33ae04ea2aa4e594b644b6b50d7801bccfe500875,canonical,71e6acd5edbff45d255ec0d33ae04ea2aa4e594b644b6b50d7801bccfe500875,77658f0c734e3b80c9b3426a9ecaba35501cde0227d8fc50b03c0d28f4146812,0.7969220043681785,3.1,6367,ac52befcc419d15de7742bab78ac27a125a830858691a92bf3d47921eb2f2753,15,3.9.13,0,20260731,13d1393daf9c23384d66a849a1176a2efd1c2b2ac7d714ae6d82c0b1bdc780e3,45720b3744cf727786c2918dde976d6d4ff6af8631122fb43dce55c4ee4b8b6b,164480e4ddec1cd45912f9ecbb21827e007f4ebd216d1bf4a9047f3baa5bcbb8,1
13d1393daf9c23384d66a849a1176a2efd1c2b2ac7d714ae6d82c0b1bdc780e3,45720b3744cf727786c2918dde976d6d4ff6af8631122fb43dce55c4ee4b8b6b,164480e4ddec1cd45912f9ecbb21827e007f4ebd216d1bf4a9047f3baa5bcbb8,35,9462,66ccdc7158ecacd02520aae281657f0aaca1ab96b975c6856903585220e9be37,71e6acd5edbff45d255ec0d33ae04ea2aa4e594b644b6b50d7801bccfe500875,canonical,71e6acd5edbff45d255ec0d33ae04ea2aa4e594b644b6b50d7801bccfe500875,77658f0c734e3b80c9b3426a9ecaba35501cde0227d8fc50b03c0d28f4146812,0.7969220043681785,3.1,6367,ac52befcc419d15de7742bab78ac27a125a830858691a92bf3d47921eb2f2753,16,3.9.13,0,20260731,13d1393daf9c23384d66a849a1176a2efd1c2b2ac7d714ae6d82c0b1bdc780e3,45720b3744cf727786c2918dde976d6d4ff6af8631122fb43dce55c4ee4b8b6b,164480e4ddec1cd45912f9ecbb21827e007f4ebd216d1bf4a9047f3baa5bcbb8,1
13d1393daf9c23384d66a849a1176a2efd1c2b2ac7d714ae6d82c0b1bdc780e3,45720b3744cf727786c2918dde976d6d4ff6af8631122fb43dce55c4ee4b8b6b,164480e4ddec1cd45912f9ecbb21827e007f4ebd216d1bf4a9047f3baa5bcbb8,35,9462,66ccdc7158ecacd02520aae281657f0aaca1ab96b975c6856903585220e9be37,71e6acd5edbff45d255ec0d33ae04ea2aa4e594b644b6b50d7801bccfe500875,canonical,71e6acd5edbff45d255ec0d33ae04ea2aa4e594b644b6b50d7801bccfe500875,77658f0c734e3b80c9b3426a9ecaba35501cde0227d8fc50b03c0d28f4146812,0.7969220043681785,3.1,6367,ac52befcc419d15de7742bab78ac27a125a830858691a92bf3d47921eb2f2753,17,3.9.13,0,20260731,13d1393daf9c23384d66a849a1176a2efd1c2b2ac7d714ae6d82c0b1bdc780e3,45720b3744cf727786c2918dde976d6d4ff6af8631122fb43dce55c4ee4b8b6b,164480e4ddec1cd45912f9ecbb21827e007f4ebd216d1bf4a9047f3baa5bcbb8,1
13d1393daf9c23384d66a849a1176a2efd1c2b2ac7d714ae6d82c0b1bdc780e3,45720b3744cf727786c2918dde976d6d4ff6af8631122fb43dce55c4ee4b8b6b,164480e4ddec1cd45912f9ecbb21827e007f4ebd216d1bf4a9047f3baa5bcbb8,35,9462,66ccdc7158ecacd02520aae281657f0aaca1ab96b975c6856903585220e9be37,71e6acd5edbff45d255ec0d33ae04ea2aa4e594b644b6b50d7801bccfe500875,canonical,71e6acd5edbff45d255ec0d33ae04ea2aa4e594b644b6b50d7801bccfe500875,77658f0c734e3b80c9b3426a9ecaba35501cde0227d8fc50b03c0d28f4146812,0.7969220043681785,3.1,6367,ac52befcc419d15de7742bab78ac27a125a830858691a92bf3d47921eb2f2753,18,3.9.13,0,20260731,13d1393daf9c23384d66a849a1176a2efd1c2b2ac7d714ae6d82c0b1bdc780e3,45720b3744cf727786c2918dde976d6d4ff6af8631122fb43dce55c4ee4b8b6b,164480e4ddec1cd45912f9ecbb21827e007f4ebd216d1bf4a9047f3baa5bcbb8,1
13d1393daf9c23384d66a849a1176a2efd1c2b2ac7d714ae6d82c0b1bdc780e3,45720b3744cf727786c2918dde976d6d4ff6af8631122fb43dce55c4ee4b8b6b,164480e4ddec1cd45912f9ecbb21827e007f4ebd216d1bf4a9047f3baa5bcbb8,35,9462,66ccdc7158ecacd02520aae281657f0aaca1ab96b975c6856903585220e9be37,71e6acd5edbff45d255ec0d33ae04ea2aa4e594b644b6b50d7801bccfe500875,canonical,71e6acd5edbff45d255ec0d33ae04ea2aa4e594b644b6b50d7801bccfe500875,77658f0c734e3b80c9b3426a9ecaba35501cde0227d8fc50b03c0d28f4146812,0.7969220043681785,3.1,6367,ac52befcc419d15de7742bab78ac27a125a830858691a92bf3d47921eb2f2753,19,3.9.13,0,20260731,13d1393daf9c23384d66a849a1176a2efd1c2b2ac7d714ae6d82c0b1bdc780e3,45720b3744cf727786c2918dde976d6d4ff6af8631122fb43dce55c4ee4b8b6b,164480e4ddec1cd45912f9ecbb21827e007f4ebd216d1bf4a9047f3baa5bcbb8,1
13d1393daf9c23384d66a849a1176a2efd1c2b2ac7d714ae6d82c0b1bdc780e3,45720b3744cf727786c2918dde976d6d4ff6af8631122fb43dce55c4ee4b8b6b,164480e4ddec1cd45912f9ecbb21827e007f4ebd216d1bf4a9047f3baa5bcbb8,35,9462,66ccdc7158ecacd02520aae281657f0aaca1ab96b975c6856903585220e9be37,71e6acd5edbff45d255ec0d33ae04ea2aa4e594b644b6b50d7801bccfe500875,canonical,71e6acd5edbff45d255ec0d33ae04ea2aa4e594b644b6b50d7801bccfe500875,77658f0c734e3b80c9b3426a9ecaba35501cde0227d8fc50b03c0d28f4146812,0.7969220043681785,3.1,6367,ac52befcc419d15de7742bab78ac27a125a830858691a92bf3d47921eb2f2753,20,3.9.13,0,20260731,13d1393daf9c23384d66a849a1176a2efd1c2b2ac7d714ae6d82c0b1bdc780e3,45720b3744cf727786c2918dde976d6d4ff6af8631122fb43dce55c4ee4b8b6b,164480e4ddec1cd45912f9ecbb21827e007f4ebd216d1bf4a9047f3baa5bcbb8,1
13d1393daf9c23384d66a849a1176a2efd1c2b2ac7d714ae6d82c0b1bdc780e3,45720b3744cf727786c2918dde976d6d4ff6af8631122fb43dce55c4ee4b8b6b,164480e4ddec1cd45912f9ecbb21827e007f4ebd216d1bf4a9047f3baa5bcbb8,35,9462,66ccdc7158ecacd02520aae281657f0aaca1ab96b975c6856903585220e9be37,71e6acd5edbff45d255ec0d33ae04ea2aa4e594b644b6b50d7801bccfe500875,canonical,71e6acd5edbff45d255ec0d33ae04ea2aa4e594b644b6b50d7801bccfe500875,77658f0c734e3b80c9b3426a9ecaba35501cde0227d8fc50b03c0d28f4146812,0.7969220043681785,3.1,6367,ac52befcc419d15de7742bab78ac27a125a830858691a92bf3d47921eb2f2753,1,3.9.13,1,20260731,13d1393daf9c23384d66a849a1176a2efd1c2b2ac7d714ae6d82c0b1bdc780e3,45720b3744cf727786c2918dde976d6d4ff6af8631122fb43dce55c4ee4b8b6b,164480e4ddec1cd45912f9ecbb21827e007f4ebd216d1bf4a9047f3baa5bcbb8,1
13d1393daf9c23384d66a849a1176a2efd1c2b2ac7d714ae6d82c0b1bdc780e3,45720b3744cf727786c2918dde976d6d4ff6af8631122fb43dce55c4ee4b8b6b,164480e4ddec1cd45912f9ecbb21827e007f4ebd216d1bf4a9047f3baa5bcbb8,35,9462,66ccdc7158ecacd02520aae281657f0aaca1ab96b975c6856903585220e9be37,71e6acd5edbff45d255ec0d33ae04ea2aa4e594b644b6b50d7801bccfe500875,canonical,71e6acd5edbff45d255ec0d33ae04ea2aa4e594b644b6b50d7801bccfe500875,77658f0c734e3b80c9b3426a9ecaba35501cde0227d8fc50b03c0d28f4146812,0.7969220043681785,3.1,6367,ac52befcc419d15de7742bab78ac27a125a830858691a92bf3d47921eb2f2753,2,3.9.13,1,20260731,13d1393daf9c23384d66a849a1176a2efd1c2b2ac7d714ae6d82c0b1bdc780e3,45720b3744cf727786c2918dde976d6d4ff6af8631122fb43dce55c4ee4b8b6b,164480e4ddec1cd45912f9ecbb21827e007f4ebd216d1bf4a9047f3baa5bcbb8,1
13d1393daf9c23384d66a849a1176a2efd1c2b2ac7d714ae6d82c0b1bdc780e3,45720b3744cf727786c2918dde976d6d4ff6af8631122fb43dce55c4ee4b8b6b,164480e4ddec1cd45912f9ecbb21827e007f4ebd216d1bf4a9047f3baa5bcbb8,35,9462,66ccdc7158ecacd02520aae281657f0aaca1ab96b975c6856903585220e9be37,71e6acd5edbff45d255ec0d33ae04ea2aa4e594b644b6b50d7801bccfe500875,canonical,71e6acd5edbff45d255ec0d33ae04ea2aa4e594b644b6b50d7801bccfe500875,77658f0c734e3b80c9b3426a9ecaba35501cde0227d8fc50b03c0d28f4146812,0.7969220043681785,3.1,6367,ac52befcc419d15de7742bab78ac27a125a830858691a92bf3d47921eb2f2753,3,3.9.13,1,20260731,13d1393daf9c23384d66a849a1176a2efd1c2b2ac7d714ae6d82c0b1bdc780e3,45720b3744cf727786c2918dde976d6d4ff6af8631122fb43dce55c4ee4b8b6b,164480e4ddec1cd45912f9ecbb21827e007f4ebd216d1bf4a9047f3baa5bcbb8,1
13d1393daf9c23384d66a849a1176a2efd1c2b2ac7d714ae6d82c0b1bdc780e3,45720b3744cf727786c2918dde976d6d4ff6af8631122fb43dce55c4ee4b8b6b,164480e4ddec1cd45912f9ecbb21827e007f4ebd216d1bf4a9047f3baa5bcbb8,35,9462,66ccdc7158ecacd02520aae281657f0aaca1ab96b975c6856903585220e9be37,71e6acd5edbff45d255ec0d33ae04ea2aa4e594b644b6b50d7801bccfe500875,canonical,71e6acd5edbff45d255ec0d33ae04ea2aa4e594b644b6b50d7801bccfe500875,77658f0c734e3b80c9b3426a9ecaba35501cde0227d8fc50b03c0d28f4146812,0.7969220043681785,3.1,6367,ac52befcc419d15de7742bab78ac27a125a830858691a92bf3d47921eb2f2753,4,3.9.13,1,20260731,13d1393daf9c23384d66a849a1176a2efd1c2b2ac7d714ae6d82c0b1bdc780e3,45720b3744cf727786c2918dde976d6d4ff6af8631122fb43dce55c4ee4b8b6b,164480e4ddec1cd45912f9ecbb21827e007f4ebd216d1bf4a9047f3baa5bcbb8,1
13d1393daf9c23384d66a849a1176a2efd1c2b2ac7d714ae6d82c0b1bdc780e3,45720b3744cf727786c2918dde976d6d4ff6af8631122fb43dce55c4ee4b8b6b,164480e4ddec1cd45912f9ecbb21827e007f4ebd216d1bf4a9047f3baa5bcbb8,35,9462,66ccdc7158ecacd02520aae281657f0aaca1ab96b975c6856903585220e9be37,71e6acd5edbff45d255ec0d33ae04ea2aa4e594b644b6b50d7801bccfe500875,canonical,71e6acd5edbff45d255ec0d33ae04ea2aa4e594b644b6b50d7801bccfe500875,77658f0c734e3b80c9b3426a9ecaba35501cde0227d8fc50b03c0d28f4146812,0.7969220043681785,3.1,6367,ac52befcc419d15de7742bab78ac27a125a830858691a92bf3d47921eb2f2753,5,3.9.13,1,20260731,13d1393daf9c23384d66a849a1176a2efd1c2b2ac7d714ae6d82c0b1bdc780e3,45720b3744cf727786c2918dde976d6d4ff6af8631122fb43dce55c4ee4b8b6b,164480e4ddec1cd45912f9ecbb21827e007f4ebd216d1bf4a9047f3baa5bcbb8,1
13d1393daf9c23384d66a849a1176a2efd1c2b2ac7d714ae6d82c0b1bdc780e3,45720b3744cf727786c2918dde976d6d4ff6af8631122fb43dce55c4ee4b8b6b,164480e4ddec1cd45912f9ecbb21827e007f4ebd216d1bf4a9047f3baa5bcbb8,35,9462,66ccdc7158ecacd02520aae281657f0aaca1ab96b975c6856903585220e9be37,71e6acd5edbff45d255ec0d33ae04ea2aa4e594b644b6b50d7801bccfe500875,canonical,71e6acd5edbff45d255ec0d33ae04ea2aa4e594b644b6b50d7801bccfe500875,77658f0c734e3b80c9b3426a9ecaba35501cde0227d8fc50b03c0d28f4146812,0.7969220043681785,3.1,6367,ac52befcc419d15de7742bab78ac27a125a830858691a92bf3d47921eb2f2753,1,3.9.13,2,20260731,13d1393daf9c23384d66a849a1176a2efd1c2b2ac7d714ae6d82c0b1bdc780e3,45720b3744cf727786c2918dde976d6d4ff6af8631122fb43dce55c4ee4b8b6b,164480e4ddec1cd45912f9ecbb21827e007f4ebd216d1bf4a9047f3baa5bcbb8,1
13d1393daf9c23384d66a849a1176a2efd1c2b2ac7d714ae6d82c0b1bdc780e3,45720b3744cf727786c2918dde976d6d4ff6af8631122fb43dce55c4ee4b8b6b,164480e4ddec1cd45912f9ecbb21827e007f4ebd216d1bf4a9047f3baa5bcbb8,35,9462,66ccdc7158ecacd02520aae281657f0aaca1ab96b975c6856903585220e9be37,71e6acd5edbff45d255ec0d33ae04ea2aa4e594b644b6b50d7801bccfe500875,canonical,71e6acd5edbff45d255ec0d33ae04ea2aa4e594b644b6b50d7801bccfe500875,77658f0c734e3b80c9b3426a9ecaba35501cde0227d8fc50b03c0d28f4146812,0.7969220043681785,3.1,6367,ac52befcc419d15de7742bab78ac27a125a830858691a92bf3d47921eb2f2753,2,3.9.13,2,20260731,13d1393daf9c23384d66a849a1176a2efd1c2b2ac7d714ae6d82c0b1bdc780e3,45720b3744cf727786c2918dde976d6d4ff6af8631122fb43dce55c4ee4b8b6b,164480e4ddec1cd45912f9ecbb21827e007f4ebd216d1bf4a9047f3baa5bcbb8,1
13d1393daf9c23384d66a849a1176a2efd1c2b2ac7d714ae6d82c0b1bdc780e3,45720b3744cf727786c2918dde976d6d4ff6af8631122fb43dce55c4ee4b8b6b,164480e4ddec1cd45912f9ecbb21827e007f4ebd216d1bf4a9047f3baa5bcbb8,35,9462,66ccdc7158ecacd02520aae281657f0aaca1ab96b975c6856903585220e9be37,71e6acd5edbff45d255ec0d33ae04ea2aa4e594b644b6b50d7801bccfe500875,canonical,71e6acd5edbff45d255ec0d33ae04ea2aa4e594b644b6b50d7801bccfe500875,77658f0c734e3b80c9b3426a9ecaba35501cde0227d8fc50b03c0d28f4146812,0.7969220043681785,3.1,6367,ac52befcc419d15de7742bab78ac27a125a830858691a92bf3d47921eb2f2753,3,3.9.13,2,20260731,13d1393daf9c23384d66a849a1176a2efd1c2b2ac7d714ae6d82c0b1bdc780e3,45720b3744cf727786c2918dde976d6d4ff6af8631122fb43dce55c4ee4b8b6b,164480e4ddec1cd45912f9ecbb21827e007f4ebd216d1bf4a9047f3baa5bcbb8,1
13d1393daf9c23384d66a849a1176a2efd1c2b2ac7d714ae6d82c0b1bdc780e3,45720b3744cf727786c2918dde976d6d4ff6af8631122fb43dce55c4ee4b8b6b,164480e4ddec1cd45912f9ecbb21827e007f4ebd216d1bf4a9047f3baa5bcbb8,35,9462,66ccdc7158ecacd02520aae281657f0aaca1ab96b975c6856903585220e9be37,71e6acd5edbff45d255ec0d33ae04ea2aa4e594b644b6b50d7801bccfe500875,canonical,71e6acd5edbff45d255ec0d33ae04ea2aa4e594b644b6b50d7801bccfe500875,77658f0c734e3b80c9b3426a9ecaba35501cde0227d8fc50b03c0d28f4146812,0.7969220043681785,3.1,6367,ac52befcc419d15de7742bab78ac27a125a830858691a92bf3d47921eb2f2753,4,3.9.13,2,20260731,13d1393daf9c23384d66a849a1176a2efd1c2b2ac7d714ae6d82c0b1bdc780e3,45720b3744cf727786c2918dde976d6d4ff6af8631122fb43dce55c4ee4b8b6b,164480e4ddec1cd45912f9ecbb21827e007f4ebd216d1bf4a9047f3baa5bcbb8,1
13d1393daf9c23384d66a849a1176a2efd1c2b2ac7d714ae6d82c0b1bdc780e3,45720b3744cf727786c2918dde976d6d4ff6af8631122fb43dce55c4ee4b8b6b,164480e4ddec1cd45912f9ecbb21827e007f4ebd216d1bf4a9047f3baa5bcbb8,35,9462,66ccdc7158ecacd02520aae281657f0aaca1ab96b975c6856903585220e9be37,71e6acd5edbff45d255ec0d33ae04ea2aa4e594b644b6b50d7801bccfe500875,canonical,71e6acd5edbff45d255ec0d33ae04ea2aa4e594b644b6b50d7801bccfe500875,77658f0c734e3b80c9b3426a9ecaba35501cde0227d8fc50b03c0d28f4146812,0.7969220043681785,3.1,6367,ac52befcc419d15de7742bab78ac27a125a830858691a92bf3d47921eb2f2753,5,3.9.13,2,20260731,13d1393daf9c23384d66a849a1176a2efd1c2b2ac7d714ae6d82c0b1bdc780e3,45720b3744cf727786c2918dde976d6d4ff6af8631122fb43dce55c4ee4b8b6b,164480e4ddec1cd45912f9ecbb21827e007f4ebd216d1bf4a9047f3baa5bcbb8,1
13d1393daf9c23384d66a849a1176a2efd1c2b2ac7d714ae6d82c0b1bdc780e3,45720b3744cf727786c2918dde976d6d4ff6af8631122fb43dce55c4ee4b8b6b,164480e4ddec1cd45912f9ecbb21827e007f4ebd216d1bf4a9047f3baa5bcbb8,35,9462,66ccdc7158ecacd02520aae281657f0aaca1ab96b975c6856903585220e9be37,71e6acd5edbff45d255ec0d33ae04ea2aa4e594b644b6b50d7801bccfe500875,canonical,71e6acd5edbff45d255ec0d33ae04ea2aa4e594b644b6b50d7801bccfe500875,77658f0c734e3b80c9b3426a9ecaba35501cde0227d8fc50b03c0d28f4146812,0.7969220043681785,3.1,6367,ac52befcc419d15de7742bab78ac27a125a830858691a92bf3d47921eb2f2753,1,3.9.13,42,20260731,13d1393daf9c23384d66a849a1176a2efd1c2b2ac7d714ae6d82c0b1bdc780e3,45720b3744cf727786c2918dde976d6d4ff6af8631122fb43dce55c4ee4b8b6b,164480e4ddec1cd45912f9ecbb21827e007f4ebd216d1bf4a9047f3baa5bcbb8,1
13d1393daf9c23384d66a849a1176a2efd1c2b2ac7d714ae6d82c0b1bdc780e3,45720b3744cf727786c2918dde976d6d4ff6af8631122fb43dce55c4ee4b8b6b,164480e4ddec1cd45912f9ecbb21827e007f4ebd216d1bf4a9047f3baa5bcbb8,35,9462,66ccdc7158ecacd02520aae281657f0aaca1ab96b975c6856903585220e9be37,71e6acd5edbff45d255ec0d33ae04ea2aa4e594b644b6b50d7801bccfe500875,canonical,71e6acd5edbff45d255ec0d33ae04ea2aa4e594b644b6b50d7801bccfe500875,77658f0c734e3b80c9b3426a9ecaba35501cde0227d8fc50b03c0d28f4146812,0.7969220043681785,3.1,6367,ac52befcc419d15de7742bab78ac27a125a830858691a92bf3d47921eb2f2753,2,3.9.13,42,20260731,13d1393daf9c23384d66a849a1176a2efd1c2b2ac7d714ae6d82c0b1bdc780e3,45720b3744cf727786c2918dde976d6d4ff6af8631122fb43dce55c4ee4b8b6b,164480e4ddec1cd45912f9ecbb21827e007f4ebd216d1bf4a9047f3baa5bcbb8,1
13d1393daf9c23384d66a849a1176a2efd1c2b2ac7d714ae6d82c0b1bdc780e3,45720b3744cf727786c2918dde976d6d4ff6af8631122fb43dce55c4ee4b8b6b,164480e4ddec1cd45912f9ecbb21827e007f4ebd216d1bf4a9047f3baa5bcbb8,35,9462,66ccdc7158ecacd02520aae281657f0aaca1ab96b975c6856903585220e9be37,71e6acd5edbff45d255ec0d33ae04ea2aa4e594b644b6b50d7801bccfe500875,canonical,71e6acd5edbff45d255ec0d33ae04ea2aa4e594b644b6b50d7801bccfe500875,77658f0c734e3b80c9b3426a9ecaba35501cde0227d8fc50b03c0d28f4146812,0.7969220043681785,3.1,6367,ac52befcc419d15de7742bab78ac27a125a830858691a92bf3d47921eb2f2753,3,3.9.13,42,20260731,13d1393daf9c23384d66a849a1176a2efd1c2b2ac7d714ae6d82c0b1bdc780e3,45720b3744cf727786c2918dde976d6d4ff6af8631122fb43dce55c4ee4b8b6b,164480e4ddec1cd45912f9ecbb21827e007f4ebd216d1bf4a9047f3baa5bcbb8,1
13d1393daf9c23384d66a849a1176a2efd1c2b2ac7d714ae6d82c0b1bdc780e3,45720b3744cf727786c2918dde976d6d4ff6af8631122fb43dce55c4ee4b8b6b,164480e4ddec1cd45912f9ecbb21827e007f4ebd216d1bf4a9047f3baa5bcbb8,35,9462,66ccdc7158ecacd02520aae281657f0aaca1ab96b975c6856903585220e9be37,71e6acd5edbff45d255ec0d33ae04ea2aa4e594b644b6b50d7801bccfe500875,canonical,71e6acd5edbff45d255ec0d33ae04ea2aa4e594b644b6b50d7801bccfe500875,77658f0c734e3b80c9b3426a9ecaba35501cde0227d8fc50b03c0d28f4146812,0.7969220043681785,3.1,6367,ac52befcc419d15de7742bab78ac27a125a830858691a92bf3d47921eb2f2753,4,3.9.13,42,20260731,13d1393daf9c23384d66a849a1176a2efd1c2b2ac7d714ae6d82c0b1bdc780e3,45720b3744cf727786c2918dde976d6d4ff6af8631122fb43dce55c4ee4b8b6b,164480e4ddec1cd45912f9ecbb21827e007f4ebd216d1bf4a9047f3baa5bcbb8,1
13d1393daf9c23384d66a849a1176a2efd1c2b2ac7d714ae6d82c0b1bdc780e3,45720b3744cf727786c2918dde976d6d4ff6af8631122fb43dce55c4ee4b8b6b,164480e4ddec1cd45912f9ecbb21827e007f4ebd216d1bf4a9047f3baa5bcbb8,35,9462,66ccdc7158ecacd02520aae281657f0aaca1ab96b975c6856903585220e9be37,71e6acd5edbff45d255ec0d33ae04ea2aa4e594b644b6b50d7801bccfe500875,canonical,71e6acd5edbff45d255ec0d33ae04ea2aa4e594b644b6b50d7801bccfe500875,77658f0c734e3b80c9b3426a9ecaba35501cde0227d8fc50b03c0d28f4146812,0.7969220043681785,3.1,6367,ac52befcc419d15de7742bab78ac27a125a830858691a92bf3d47921eb2f2753,5,3.9.13,42,20260731,13d1393daf9c23384d66a849a1176a2efd1c2b2ac7d714ae6d82c0b1bdc780e3,45720b3744cf727786c2918dde976d6d4ff6af8631122fb43dce55c4ee4b8b6b,164480e4ddec1cd45912f9ecbb21827e007f4ebd216d1bf4a9047f3baa5bcbb8,1
13d1393daf9c23384d66a849a1176a2efd1c2b2ac7d714ae6d82c0b1bdc780e3,45720b3744cf727786c2918dde976d6d4ff6af8631122fb43dce55c4ee4b8b6b,164480e4ddec1cd45912f9ecbb21827e007f4ebd216d1bf4a9047f3baa5bcbb8,35,9462,66ccdc7158ecacd02520aae281657f0aaca1ab96b975c6856903585220e9be37,71e6acd5edbff45d255ec0d33ae04ea2aa4e594b644b6b50d7801bccfe500875,canonical,71e6acd5edbff45d255ec0d33ae04ea2aa4e594b644b6b50d7801bccfe500875,77658f0c734e3b80c9b3426a9ecaba35501cde0227d8fc50b03c0d28f4146812,0.7969220043681785,3.1,6367,ac52befcc419d15de7742bab78ac27a125a830858691a92bf3d47921eb2f2753,1,3.9.13,20260731,20260731,13d1393daf9c23384d66a849a1176a2efd1c2b2ac7d714ae6d82c0b1bdc780e3,45720b3744cf727786c2918dde976d6d4ff6af8631122fb43dce55c4ee4b8b6b,164480e4ddec1cd45912f9ecbb21827e007f4ebd216d1bf4a9047f3baa5bcbb8,1
13d1393daf9c23384d66a849a1176a2efd1c2b2ac7d714ae6d82c0b1bdc780e3,45720b3744cf727786c2918dde976d6d4ff6af8631122fb43dce55c4ee4b8b6b,164480e4ddec1cd45912f9ecbb21827e007f4ebd216d1bf4a9047f3baa5bcbb8,35,9462,66ccdc7158ecacd02520aae281657f0aaca1ab96b975c6856903585220e9be37,71e6acd5edbff45d255ec0d33ae04ea2aa4e594b644b6b50d7801bccfe500875,canonical,71e6acd5edbff45d255ec0d33ae04ea2aa4e594b644b6b50d7801bccfe500875,77658f0c734e3b80c9b3426a9ecaba35501cde0227d8fc50b03c0d28f4146812,0.7969220043681785,3.1,6367,ac52befcc419d15de7742bab78ac27a125a830858691a92bf3d47921eb2f2753,2,3.9.13,20260731,20260731,13d1393daf9c23384d66a849a1176a2efd1c2b2ac7d714ae6d82c0b1bdc780e3,45720b3744cf727786c2918dde976d6d4ff6af8631122fb43dce55c4ee4b8b6b,164480e4ddec1cd45912f9ecbb21827e007f4ebd216d1bf4a9047f3baa5bcbb8,1
13d1393daf9c23384d66a849a1176a2efd1c2b2ac7d714ae6d82c0b1bdc780e3,45720b3744cf727786c2918dde976d6d4ff6af8631122fb43dce55c4ee4b8b6b,164480e4ddec1cd45912f9ecbb21827e007f4ebd216d1bf4a9047f3baa5bcbb8,35,9462,66ccdc7158ecacd02520aae281657f0aaca1ab96b975c6856903585220e9be37,71e6acd5edbff45d255ec0d33ae04ea2aa4e594b644b6b50d7801bccfe500875,canonical,71e6acd5edbff45d255ec0d33ae04ea2aa4e594b644b6b50d7801bccfe500875,77658f0c734e3b80c9b3426a9ecaba35501cde0227d8fc50b03c0d28f4146812,0.7969220043681785,3.1,6367,ac52befcc419d15de7742bab78ac27a125a830858691a92bf3d47921eb2f2753,3,3.9.13,20260731,20260731,13d1393daf9c23384d66a849a1176a2efd1c2b2ac7d714ae6d82c0b1bdc780e3,45720b3744cf727786c2918dde976d6d4ff6af8631122fb43dce55c4ee4b8b6b,164480e4ddec1cd45912f9ecbb21827e007f4ebd216d1bf4a9047f3baa5bcbb8,1
13d1393daf9c23384d66a849a1176a2efd1c2b2ac7d714ae6d82c0b1bdc780e3,45720b3744cf727786c2918dde976d6d4ff6af8631122fb43dce55c4ee4b8b6b,164480e4ddec1cd45912f9ecbb21827e007f4ebd216d1bf4a9047f3baa5bcbb8,35,9462,66ccdc7158ecacd02520aae281657f0aaca1ab96b975c6856903585220e9be37,71e6acd5edbff45d255ec0d33ae04ea2aa4e594b644b6b50d7801bccfe500875,canonical,71e6acd5edbff45d255ec0d33ae04ea2aa4e594b644b6b50d7801bccfe500875,77658f0c734e3b80c9b3426a9ecaba35501cde0227d8fc50b03c0d28f4146812,0.7969220043681785,3.1,6367,ac52befcc419d15de7742bab78ac27a125a830858691a92bf3d47921eb2f2753,4,3.9.13,20260731,20260731,13d1393daf9c23384d66a849a1176a2efd1c2b2ac7d714ae6d82c0b1bdc780e3,45720b3744cf727786c2918dde976d6d4ff6af8631122fb43dce55c4ee4b8b6b,164480e4ddec1cd45912f9ecbb21827e007f4ebd216d1bf4a9047f3baa5bcbb8,1
13d1393daf9c23384d66a849a1176a2efd1c2b2ac7d714ae6d82c0b1bdc780e3,45720b3744cf727786c2918dde976d6d4ff6af8631122fb43dce55c4ee4b8b6b,164480e4ddec1cd45912f9ecbb21827e007f4ebd216d1bf4a9047f3baa5bcbb8,35,9462,66ccdc7158ecacd02520aae281657f0aaca1ab96b975c6856903585220e9be37,71e6acd5edbff45d255ec0d33ae04ea2aa4e594b644b6b50d7801bccfe500875,canonical,71e6acd5edbff45d255ec0d33ae04ea2aa4e594b644b6b50d7801bccfe500875,77658f0c734e3b80c9b3426a9ecaba35501cde0227d8fc50b03c0d28f4146812,0.7969220043681785,3.1,6367,ac52befcc419d15de7742bab78ac27a125a830858691a92bf3d47921eb2f2753,5,3.9.13,20260731,20260731,13d1393daf9c23384d66a849a1176a2efd1c2b2ac7d714ae6d82c0b1bdc780e3,45720b3744cf727786c2918dde976d6d4ff6af8631122fb43dce55c4ee4b8b6b,164480e4ddec1cd45912f9ecbb21827e007f4ebd216d1bf4a9047f3baa5bcbb8,1
f4f71ce0b3e2b89ef9448054996701349d68e09371916acdcf1c8bb40e8ec17d,ca657ab72a4f6b73c754811068110a3c82958678ba50dd96d49f2fd4181ed384,86f575f24fc6bfe3652f8710e3edd0d664e598c9575a9f7c8397c80f54e58132,31,4713,870619387f55f1ad6e083171c09240979ebbd50d055ea504cbec878a1bf0f181,71e6acd5edbff45d255ec0d33ae04ea2aa4e594b644b6b50d7801bccfe500875,canonical,71e6acd5edbff45d255ec0d33ae04ea2aa4e594b644b6b50d7801bccfe500875,516dbe8f820b22dc0d789889c17ed26e4c6bf01d6de64c912e52e8d68e70d8cb,0.7970287474802773,3.1,3199,be8d9ae6ee5dcb7c6ccf9cb37a92289885e8d437c53c5491389da6946156869e,1,3.9.13,0,20260731,0587a11767844526166f54efc0e992e496068af4f76992796452d5115da902b0,da59c9aceda5f43e3f9be7e7addd6521e1bc9aeae09373b4de077ee1cb987687,cabdf7ff745af98561bfabbdd5966b1e49f6a07c70b51a9eab68079ee61e124f,2
f4f71ce0b3e2b89ef9448054996701349d68e09371916acdcf1c8bb40e8ec17d,ca657ab72a4f6b73c754811068110a3c82958678ba50dd96d49f2fd4181ed384,86f575f24fc6bfe3652f8710e3edd0d664e598c9575a9f7c8397c80f54e58132,31,4713,870619387f55f1ad6e083171c09240979ebbd50d055ea504cbec878a1bf0f181,71e6acd5edbff45d255ec0d33ae04ea2aa4e594b644b6b50d7801bccfe500875,canonical,71e6acd5edbff45d255ec0d33ae04ea2aa4e594b644b6b50d7801bccfe500875,516dbe8f820b22dc0d789889c17ed26e4c6bf01d6de64c912e52e8d68e70d8cb,0.7970287474802773,3.1,3199,be8d9ae6ee5dcb7c6ccf9cb37a92289885e8d437c53c5491389da6946156869e,2,3.9.13,0,20260731,0587a11767844526166f54efc0e992e496068af4f76992796452d5115da902b0,da59c9aceda5f43e3f9be7e7addd6521e1bc9aeae09373b4de077ee1cb987687,cabdf7ff745af98561bfabbdd5966b1e49f6a07c70b51a9eab68079ee61e124f,2
f4f71ce0b3e2b89ef9448054996701349d68e09371916acdcf1c8bb40e8ec17d,ca657ab72a4f6b73c754811068110a3c82958678ba50dd96d49f2fd4181ed384,86f575f24fc6bfe3652f8710e3edd0d664e598c9575a9f7c8397c80f54e58132,31,4713,870619387f55f1ad6e083171c09240979ebbd50d055ea504cbec878a1bf0f181,71e6acd5edbff45d255ec0d33ae04ea2aa4e594b644b6b50d7801bccfe500875,canonical,71e6acd5edbff45d255ec0d33ae04ea2aa4e594b644b6b50d7801bccfe500875,516dbe8f820b22dc0d789889c17ed26e4c6bf01d6de64c912e52e8d68e70d8cb,0.7970287474802773,3.1,3199,be8d9ae6ee5dcb7c6ccf9cb37a92289885e8d437c53c5491389da6946156869e,3,3.9.13,0,20260731,0587a11767844526166f54efc0e992e496068af4f76992796452d5115da902b0,da59c9aceda5f43e3f9be7e7addd6521e1bc9aeae09373b4de077ee1cb987687,cabdf7ff745af98561bfabbdd5966b1e49f6a07c70b51a9eab68079ee61e124f,2
f4f71ce0b3e2b89ef9448054996701349d68e09371916acdcf1c8bb40e8ec17d,ca657ab72a4f6b73c754811068110a3c82958678ba50dd96d49f2fd4181ed384,86f575f24fc6bfe3652f8710e3edd0d664e598c9575a9f7c8397c80f54e58132,31,4713,870619387f55f1ad6e083171c09240979ebbd50d055ea504cbec878a1bf0f181,71e6acd5edbff45d255ec0d33ae04ea2aa4e594b644b6b50d7801bccfe500875,canonical,71e6acd5edbff45d255ec0d33ae04ea2aa4e594b644b6b50d7801bccfe500875,516dbe8f820b22dc0d789889c17ed26e4c6bf01d6de64c912e52e8d68e70d8cb,0.7970287474802773,3.1,3199,be8d9ae6ee5dcb7c6ccf9cb37a92289885e8d437c53c5491389da6946156869e,4,3.9.13,0,20260731,0587a11767844526166f54efc0e992e496068af4f76992796452d5115da902b0,da59c9aceda5f43e3f9be7e7addd6521e1bc9aeae09373b4de077ee1cb987687,cabdf7ff745af98561bfabbdd5966b1e49f6a07c70b51a9eab68079ee61e124f,2
f4f71ce0b3e2b89ef9448054996701349d68e09371916acdcf1c8bb40e8ec17d,ca657ab72a4f6b73c754811068110a3c82958678ba50dd96d49f2fd4181ed384,86f575f24fc6bfe3652f8710e3edd0d664e598c9575a9f7c8397c80f54e58132,31,4713,870619387f55f1ad6e083171c09240979ebbd50d055ea504cbec878a1bf0f181,71e6acd5edbff45d255ec0d33ae04ea2aa4e594b644b6b50d7801bccfe500875,canonical,71e6acd5edbff45d255ec0d33ae04ea2aa4e594b644b6b50d7801bccfe500875,516dbe8f820b22dc0d789889c17ed26e4c6bf01d6de64c912e52e8d68e70d8cb,0.7970287474802773,3.1,3199,be8d9ae6ee5dcb7c6ccf9cb37a92289885e8d437c53c5491389da6946156869e,5,3.9.13,0,20260731,0587a11767844526166f54efc0e992e496068af4f76992796452d5115da902b0,da59c9aceda5f43e3f9be7e7addd6521e1bc9aeae09373b4de077ee1cb987687,cabdf7ff745af98561bfabbdd5966b1e49f6a07c70b51a9eab68079ee61e124f,2
f4f71ce0b3e2b89ef9448054996701349d68e09371916acdcf1c8bb40e8ec17d,ca657ab72a4f6b73c754811068110a3c82958678ba50dd96d49f2fd4181ed384,86f575f24fc6bfe3652f8710e3edd0d664e598c9575a9f7c8397c80f54e58132,31,4713,870619387f55f1ad6e083171c09240979ebbd50d055ea504cbec878a1bf0f181,71e6acd5edbff45d255ec0d33ae04ea2aa4e594b644b6b50d7801bccfe500875,canonical,71e6acd5edbff45d255ec0d33ae04ea2aa4e594b644b6b50d7801bccfe500875,516dbe8f820b22dc0d789889c17ed26e4c6bf01d6de64c912e52e8d68e70d8cb,0.7970287474802773,3.1,3199,be8d9ae6ee5dcb7c6ccf9cb37a92289885e8d437c53c5491389da6946156869e,6,3.9.13,0,20260731,0587a11767844526166f54efc0e992e496068af4f76992796452d5115da902b0,da59c9aceda5f43e3f9be7e7addd6521e1bc9aeae09373b4de077ee1cb987687,cabdf7ff745af98561bfabbdd5966b1e49f6a07c70b51a9eab68079ee61e124f,2
f4f71ce0b3e2b89ef9448054996701349d68e09371916acdcf1c8bb40e8ec17d,ca657ab72a4f6b73c754811068110a3c82958678ba50dd96d49f2fd4181ed384,86f575f24fc6bfe3652f8710e3edd0d664e598c9575a9f7c8397c80f54e58132,31,4713,870619387f55f1ad6e083171c09240979ebbd50d055ea504cbec878a1bf0f181,71e6acd5edbff45d255ec0d33ae04ea2aa4e594b644b6b50d7801bccfe500875,canonical,71e6acd5edbff45d255ec0d33ae04ea2aa4e594b644b6b50d7801bccfe500875,516dbe8f820b22dc0d789889c17ed26e4c6bf01d6de64c912e52e8d68e70d8cb,0.7970287474802773,3.1,3199,be8d9ae6ee5dcb7c6ccf9cb37a92289885e8d437c53c5491389da6946156869e,7,3.9.13,0,20260731,0587a11767844526166f54efc0e992e496068af4f76992796452d5115da902b0,da59c9aceda5f43e3f9be7e7addd6521e1bc9aeae09373b4de077ee1cb987687,cabdf7ff745af98561bfabbdd5966b1e49f6a07c70b51a9eab68079ee61e124f,2
f4f71ce0b3e2b89ef9448054996701349d68e09371916acdcf1c8bb40e8ec17d,ca657ab72a4f6b73c754811068110a3c82958678ba50dd96d49f2fd4181ed384,86f575f24fc6bfe3652f8710e3edd0d664e598c9575a9f7c8397c80f54e58132,31,4713,870619387f55f1ad6e083171c09240979ebbd50d055ea504cbec878a1bf0f181,71e6acd5edbff45d255ec0d33ae04ea2aa4e594b644b6b50d7801bccfe500875,canonical,71e6acd5edbff45d255ec0d33ae04ea2aa4e594b644b6b50d7801bccfe500875,516dbe8f820b22dc0d789889c17ed26e4c6bf01d6de64c912e52e8d68e70d8cb,0.7970287474802773,3.1,3199,be8d9ae6ee5dcb7c6ccf9cb37a92289885e8d437c53c5491389da6946156869e,8,3.9.13,0,20260731,0587a11767844526166f54efc0e992e496068af4f76992796452d5115da902b0,da59c9aceda5f43e3f9be7e7addd6521e1bc9aeae09373b4de077ee1cb987687,cabdf7ff745af98561bfabbdd5966b1e49f6a07c70b51a9eab68079ee61e124f,2
f4f71ce0b3e2b89ef9448054996701349d68e09371916acdcf1c8bb40e8ec17d,ca657ab72a4f6b73c754811068110a3c82958678ba50dd96d49f2fd4181ed384,86f575f24fc6bfe3652f8710e3edd0d664e598c9575a9f7c8397c80f54e58132,31,4713,870619387f55f1ad6e083171c09240979ebbd50d055ea504cbec878a1bf0f181,71e6acd5edbff45d255ec0d33ae04ea2aa4e594b644b6b50d7801bccfe500875,canonical,71e6acd5edbff45d255ec0d33ae04ea2aa4e594b644b6b50d7801bccfe500875,516dbe8f820b22dc0d789889c17ed26e4c6bf01d6de64c912e52e8d68e70d8cb,0.7970287474802773,3.1,3199,be8d9ae6ee5dcb7c6ccf9cb37a92289885e8d437c53c5491389da6946156869e,9,3.9.13,0,20260731,0587a11767844526166f54efc0e992e496068af4f76992796452d5115da902b0,da59c9aceda5f43e3f9be7e7addd6521e1bc9aeae09373b4de077ee1cb987687,cabdf7ff745af98561bfabbdd5966b1e49f6a07c70b51a9eab68079ee61e124f,2
f4f71ce0b3e2b89ef9448054996701349d68e09371916acdcf1c8bb40e8ec17d,ca657ab72a4f6b73c754811068110a3c82958678ba50dd96d49f2fd4181ed384,86f575f24fc6bfe3652f8710e3edd0d664e598c9575a9f7c8397c80f54e58132,31,4713,870619387f55f1ad6e083171c09240979ebbd50d055ea504cbec878a1bf0f181,71e6acd5edbff45d255ec0d33ae04ea2aa4e594b644b6b50d7801bccfe500875,canonical,71e6acd5edbff45d255ec0d33ae04ea2aa4e594b644b6b50d7801bccfe500875,516dbe8f820b22dc0d789889c17ed26e4c6bf01d6de64c912e52e8d68e70d8cb,0.7970287474802773,3.1,3199,be8d9ae6ee5dcb7c6ccf9cb37a92289885e8d437c53c5491389da6946156869e,10,3.9.13,0,20260731,0587a11767844526166f54efc0e992e496068af4f76992796452d5115da902b0,da59c9aceda5f43e3f9be7e7addd6521e1bc9aeae09373b4de077ee1cb987687,cabdf7ff745af98561bfabbdd5966b1e49f6a07c70b51a9eab68079ee61e124f,2
f4f71ce0b3e2b89ef9448054996701349d68e09371916acdcf1c8bb40e8ec17d,ca657ab72a4f6b73c754811068110a3c82958678ba50dd96d49f2fd4181ed384,86f575f24fc6bfe3652f8710e3edd0d664e598c9575a9f7c8397c80f54e58132,31,4713,870619387f55f1ad6e083171c09240979ebbd50d055ea504cbec878a1bf0f181,71e6acd5edbff45d255ec0d33ae04ea2aa4e594b644b6b50d7801bccfe500875,canonical,71e6acd5edbff45d255ec0d33ae04ea2aa4e594b644b6b50d7801bccfe500875,516dbe8f820b22dc0d789889c17ed26e4c6bf01d6de64c912e52e8d68e70d8cb,0.7970287474802773,3.1,3199,be8d9ae6ee5dcb7c6ccf9cb37a92289885e8d437c53c5491389da6946156869e,11,3.9.13,0,20260731,0587a11767844526166f54efc0e992e496068af4f76992796452d5115da902b0,da59c9aceda5f43e3f9be7e7addd6521e1bc9aeae09373b4de077ee1cb987687,cabdf7ff745af98561bfabbdd5966b1e49f6a07c70b51a9eab68079ee61e124f,2
f4f71ce0b3e2b89ef9448054996701349d68e09371916acdcf1c8bb40e8ec17d,ca657ab72a4f6b73c754811068110a3c82958678ba50dd96d49f2fd4181ed384,86f575f24fc6bfe3652f8710e3edd0d664e598c9575a9f7c8397c80f54e58132,31,4713,870619387f55f1ad6e083171c09240979ebbd50d055ea504cbec878a1bf0f181,71e6acd5edbff45d255ec0d33ae04ea2aa4e594b644b6b50d7801bccfe500875,canonical,71e6acd5edbff45d255ec0d33ae04ea2aa4e594b644b6b50d7801bccfe500875,516dbe8f820b22dc0d789889c17ed26e4c6bf01d6de64c912e52e8d68e70d8cb,0.7970287474802773,3.1,3199,be8d9ae6ee5dcb7c6ccf9cb37a92289885e8d437c53c5491389da6946156869e,12,3.9.13,0,20260731,0587a11767844526166f54efc0e992e496068af4f76992796452d5115da902b0,da59c9aceda5f43e3f9be7e7addd6521e1bc9aeae09373b4de077ee1cb987687,cabdf7ff745af98561bfabbdd5966b1e49f6a07c70b51a9eab68079ee61e124f,2
f4f71ce0b3e2b89ef9448054996701349d68e09371916acdcf1c8bb40e8ec17d,ca657ab72a4f6b73c754811068110a3c82958678ba50dd96d49f2fd4181ed384,86f575f24fc6bfe3652f8710e3edd0d664e598c9575a9f7c8397c80f54e58132,31,4713,870619387f55f1ad6e083171c09240979ebbd50d055ea504cbec878a1bf0f181,71e6acd5edbff45d255ec0d33ae04ea2aa4e594b644b6b50d7801bccfe500875,canonical,71e6acd5edbff45d255ec0d33ae04ea2aa4e594b644b6b50d7801bccfe500875,516dbe8f820b22dc0d789889c17ed26e4c6bf01d6de64c912e52e8d68e70d8cb,0.7970287474802773,3.1,3199,be8d9ae6ee5dcb7c6ccf9cb37a92289885e8d437c53c5491389da6946156869e,13,3.9.13,0,20260731,0587a11767844526166f54efc0e992e496068af4f76992796452d5115da902b0,da59c9aceda5f43e3f9be7e7addd6521e1bc9aeae09373b4de077ee1cb987687,cabdf7ff745af98561bfabbdd5966b1e49f6a07c70b51a9eab68079ee61e124f,2
f4f71ce0b3e2b89ef9448054996701349d68e09371916acdcf1c8bb40e8ec17d,ca657ab72a4f6b73c754811068110a3c82958678ba50dd96d49f2fd4181ed384,86f575f24fc6bfe3652f8710e3edd0d664e598c9575a9f7c8397c80f54e58132,31,4713,870619387f55f1ad6e083171c09240979ebbd50d055ea504cbec878a1bf0f181,71e6acd5edbff45d255ec0d33ae04ea2aa4e594b644b6b50d7801bccfe500875,canonical,71e6acd5edbff45d255ec0d33ae04ea2aa4e594b644b6b50d7801bccfe500875,516dbe8f820b22dc0d789889c17ed26e4c6bf01d6de64c912e52e8d68e70d8cb,0.7970287474802773,3.1,3199,be8d9ae6ee5dcb7c6ccf9cb37a92289885e8d437c53c5491389da6946156869e,14,3.9.13,0,20260731,0587a11767844526166f54efc0e992e496068af4f76992796452d5115da902b0,da59c9aceda5f43e3f9be7e7addd6521e1bc9aeae09373b4de077ee1cb987687,cabdf7ff745af98561bfabbdd5966b1e49f6a07c70b51a9eab68079ee61e124f,2
f4f71ce0b3e2b89ef9448054996701349d68e09371916acdcf1c8bb40e8ec17d,ca657ab72a4f6b73c754811068110a3c82958678ba50dd96d49f2fd4181ed384,86f575f24fc6bfe3652f8710e3edd0d664e598c9575a9f7c8397c80f54e58132,31,4713,870619387f55f1ad6e083171c09240979ebbd50d055ea504cbec878a1bf0f181,71e6acd5edbff45d255ec0d33ae04ea2aa4e594b644b6b50d7801bccfe500875,canonical,71e6acd5edbff45d255ec0d33ae04ea2aa4e594b644b6b50d7801bccfe500875,516dbe8f820b22dc0d789889c17ed26e4c6bf01d6de64c912e52e8d68e70d8cb,0.7970287474802773,3.1,3199,be8d9ae6ee5dcb7c6ccf9cb37a92289885e8d437c53c5491389da6946156869e,15,3.9.13,0,20260731,0587a11767844526166f54efc0e992e496068af4f76992796452d5115da902b0,da59c9aceda5f43e3f9be7e7addd6521e1bc9aeae09373b4de077ee1cb987687,cabdf7ff745af98561bfabbdd5966b1e49f6a07c70b51a9eab68079ee61e124f,2
f4f71ce0b3e2b89ef9448054996701349d68e09371916acdcf1c8bb40e8ec17d,ca657ab72a4f6b73c754811068110a3c82958678ba50dd96d49f2fd4181ed384,86f575f24fc6bfe3652f8710e3edd0d664e598c9575a9f7c8397c80f54e58132,31,4713,870619387f55f1ad6e083171c09240979ebbd50d055ea504cbec878a1bf0f181,71e6acd5edbff45d255ec0d33ae04ea2aa4e594b644b6b50d7801bccfe500875,canonical,71e6acd5edbff45d255ec0d33ae04ea2aa4e594b644b6b50d7801bccfe500875,516dbe8f820b22dc0d789889c17ed26e4c6bf01d6de64c912e52e8d68e70d8cb,0.7970287474802773,3.1,3199,be8d9ae6ee5dcb7c6ccf9cb37a92289885e8d437c53c5491389da6946156869e,16,3.9.13,0,20260731,0587a11767844526166f54efc0e992e496068af4f76992796452d5115da902b0,da59c9aceda5f43e3f9be7e7addd6521e1bc9aeae09373b4de077ee1cb987687,cabdf7ff745af98561bfabbdd5966b1e49f6a07c70b51a9eab68079ee61e124f,2
f4f71ce0b3e2b89ef9448054996701349d68e09371916acdcf1c8bb40e8ec17d,ca657ab72a4f6b73c754811068110a3c82958678ba50dd96d49f2fd4181ed384,86f575f24fc6bfe3652f8710e3edd0d664e598c9575a9f7c8397c80f54e58132,31,4713,870619387f55f1ad6e083171c09240979ebbd50d055ea504cbec878a1bf0f181,71e6acd5edbff45d255ec0d33ae04ea2aa4e594b644b6b50d7801bccfe500875,canonical,71e6acd5edbff45d255ec0d33ae04ea2aa4e594b644b6b50d7801bccfe500875,516dbe8f820b22dc0d789889c17ed26e4c6bf01d6de64c912e52e8d68e70d8cb,0.7970287474802773,3.1,3199,be8d9ae6ee5dcb7c6ccf9cb37a92289885e8d437c53c5491389da6946156869e,17,3.9.13,0,20260731,0587a11767844526166f54efc0e992e496068af4f76992796452d5115da902b0,da59c9aceda5f43e3f9be7e7addd6521e1bc9aeae09373b4de077ee1cb987687,cabdf7ff745af98561bfabbdd5966b1e49f6a07c70b51a9eab68079ee61e124f,2
f4f71ce0b3e2b89ef9448054996701349d68e09371916acdcf1c8bb40e8ec17d,ca657ab72a4f6b73c754811068110a3c82958678ba50dd96d49f2fd4181ed384,86f575f24fc6bfe3652f8710e3edd0d664e598c9575a9f7c8397c80f54e58132,31,4713,870619387f55f1ad6e083171c09240979ebbd50d055ea504cbec878a1bf0f181,71e6acd5edbff45d255ec0d33ae04ea2aa4e594b644b6b50d7801bccfe500875,canonical,71e6acd5edbff45d255ec0d33ae04ea2aa4e594b644b6b50d7801bccfe500875,516dbe8f820b22dc0d789889c17ed26e4c6bf01d6de64c912e52e8d68e70d8cb,0.7970287474802773,3.1,3199,be8d9ae6ee5dcb7c6ccf9cb37a92289885e8d437c53c5491389da6946156869e,18,3.9.13,0,20260731,0587a11767844526166f54efc0e992e496068af4f76992796452d5115da902b0,da59c9aceda5f43e3f9be7e7addd6521e1bc9aeae09373b4de077ee1cb987687,cabdf7ff745af98561bfabbdd5966b1e49f6a07c70b51a9eab68079ee61e124f,2
f4f71ce0b3e2b89ef9448054996701349d68e09371916acdcf1c8bb40e8ec17d,ca657ab72a4f6b73c754811068110a3c82958678ba50dd96d49f2fd4181ed384,86f575f24fc6bfe3652f8710e3edd0d664e598c9575a9f7c8397c80f54e58132,31,4713,870619387f55f1ad6e083171c09240979ebbd50d055ea504cbec878a1bf0f181,71e6acd5edbff45d255ec0d33ae04ea2aa4e594b644b6b50d7801bccfe500875,canonical,71e6acd5edbff45d255ec0d33ae04ea2aa4e594b644b6b50d7801bccfe500875,516dbe8f820b22dc0d789889c17ed26e4c6bf01d6de64c912e52e8d68e70d8cb,0.7970287474802773,3.1,3199,be8d9ae6ee5dcb7c6ccf9cb37a92289885e8d437c53c5491389da6946156869e,19,3.9.13,0,20260731,0587a11767844526166f54efc0e992e496068af4f76992796452d5115da902b0,da59c9aceda5f43e3f9be7e7addd6521e1bc9aeae09373b4de077ee1cb987687,cabdf7ff745af98561bfabbdd5966b1e49f6a07c70b51a9eab68079ee61e124f,2
f4f71ce0b3e2b89ef9448054996701349d68e09371916acdcf1c8bb40e8ec17d,ca657ab72a4f6b73c754811068110a3c82958678ba50dd96d49f2fd4181ed384,86f575f24fc6bfe3652f8710e3edd0d664e598c9575a9f7c8397c80f54e58132,31,4713,870619387f55f1ad6e083171c09240979ebbd50d055ea504cbec878a1bf0f181,71e6acd5edbff45d255ec0d33ae04ea2aa4e594b644b6b50d7801bccfe500875,canonical,71e6acd5edbff45d255ec0d33ae04ea2aa4e594b644b6b50d7801bccfe500875,516dbe8f820b22dc0d789889c17ed26e4c6bf01d6de64c912e52e8d68e70d8cb,0.7970287474802773,3.1,3199,be8d9ae6ee5dcb7c6ccf9cb37a92289885e8d437c53c5491389da6946156869e,20,3.9.13,0,20260731,0587a11767844526166f54efc0e992e496068af4f76992796452d5115da902b0,da59c9aceda5f43e3f9be7e7addd6521e1bc9aeae09373b4de077ee1cb987687,cabdf7ff745af98561bfabbdd5966b1e49f6a07c70b51a9eab68079ee61e124f,2
f4f71ce0b3e2b89ef9448054996701349d68e09371916acdcf1c8bb40e8ec17d,ca657ab72a4f6b73c754811068110a3c82958678ba50dd96d49f2fd4181ed384,86f575f24fc6bfe3652f8710e3edd0d664e598c9575a9f7c8397c80f54e58132,31,4713,870619387f55f1ad6e083171c09240979ebbd50d055ea504cbec878a1bf0f181,71e6acd5edbff45d255ec0d33ae04ea2aa4e594b644b6b50d7801bccfe500875,canonical,71e6acd5edbff45d255ec0d33ae04ea2aa4e594b644b6b50d7801bccfe500875,516dbe8f820b22dc0d789889c17ed26e4c6bf01d6de64c912e52e8d68e70d8cb,0.7970287474802773,3.1,3199,be8d9ae6ee5dcb7c6ccf9cb37a92289885e8d437c53c5491389da6946156869e,1,3.9.13,1,20260731,b48c7cd86d16b90bb901a0ee207a39d269ac7ba38cfc3e527b99cd782f97337c,ef2f85d5b30f91e683ffa4a3ac74f154a052099fcf565a03d54623bd2dd386dc,431f1221642cf53aed9fd186d0c53eaf1f9a4ce788d2a950aba735e1d0d93ddb,2
f4f71ce0b3e2b89ef9448054996701349d68e09371916acdcf1c8bb40e8ec17d,ca657ab72a4f6b73c754811068110a3c82958678ba50dd96d49f2fd4181ed384,86f575f24fc6bfe3652f8710e3edd0d664e598c9575a9f7c8397c80f54e58132,31,4713,870619387f55f1ad6e083171c09240979ebbd50d055ea504cbec878a1bf0f181,71e6acd5edbff45d255ec0d33ae04ea2aa4e594b644b6b50d7801bccfe500875,canonical,71e6acd5edbff45d255ec0d33ae04ea2aa4e594b644b6b50d7801bccfe500875,516dbe8f820b22dc0d789889c17ed26e4c6bf01d6de64c912e52e8d68e70d8cb,0.7970287474802773,3.1,3199,be8d9ae6ee5dcb7c6ccf9cb37a92289885e8d437c53c5491389da6946156869e,2,3.9.13,1,20260731,b48c7cd86d16b90bb901a0ee207a39d269ac7ba38cfc3e527b99cd782f97337c,ef2f85d5b30f91e683ffa4a3ac74f154a052099fcf565a03d54623bd2dd386dc,431f1221642cf53aed9fd186d0c53eaf1f9a4ce788d2a950aba735e1d0d93ddb,2
f4f71ce0b3e2b89ef9448054996701349d68e09371916acdcf1c8bb40e8ec17d,ca657ab72a4f6b73c754811068110a3c82958678ba50dd96d49f2fd4181ed384,86f575f24fc6bfe3652f8710e3edd0d664e598c9575a9f7c8397c80f54e58132,31,4713,870619387f55f1ad6e083171c09240979ebbd50d055ea504cbec878a1bf0f181,71e6acd5edbff45d255ec0d33ae04ea2aa4e594b644b6b50d7801bccfe500875,canonical,71e6acd5edbff45d255ec0d33ae04ea2aa4e594b644b6b50d7801bccfe500875,516dbe8f820b22dc0d789889c17ed26e4c6bf01d6de64c912e52e8d68e70d8cb,0.7970287474802773,3.1,3199,be8d9ae6ee5dcb7c6ccf9cb37a92289885e8d437c53c5491389da6946156869e,3,3.9.13,1,20260731,b48c7cd86d16b90bb901a0ee207a39d269ac7ba38cfc3e527b99cd782f97337c,ef2f85d5b30f91e683ffa4a3ac74f154a052099fcf565a03d54623bd2dd386dc,431f1221642cf53aed9fd186d0c53eaf1f9a4ce788d2a950aba735e1d0d93ddb,2
f4f71ce0b3e2b89ef9448054996701349d68e09371916acdcf1c8bb40e8ec17d,ca657ab72a4f6b73c754811068110a3c82958678ba50dd96d49f2fd4181ed384,86f575f24fc6bfe3652f8710e3edd0d664e598c9575a9f7c8397c80f54e58132,31,4713,870619387f55f1ad6e083171c09240979ebbd50d055ea504cbec878a1bf0f181,71e6acd5edbff45d255ec0d33ae04ea2aa4e594b644b6b50d7801bccfe500875,canonical,71e6acd5edbff45d255ec0d33ae04ea2aa4e594b644b6b50d7801bccfe500875,516dbe8f820b22dc0d789889c17ed26e4c6bf01d6de64c912e52e8d68e70d8cb,0.7970287474802773,3.1,3199,be8d9ae6ee5dcb7c6ccf9cb37a92289885e8d437c53c5491389da6946156869e,4,3.9.13,1,20260731,b48c7cd86d16b90bb901a0ee207a39d269ac7ba38cfc3e527b99cd782f97337c,ef2f85d5b30f91e683ffa4a3ac74f154a052099fcf565a03d54623bd2dd386dc,431f1221642cf53aed9fd186d0c53eaf1f9a4ce788d2a950aba735e1d0d93ddb,2
f4f71ce0b3e2b89ef9448054996701349d68e09371916acdcf1c8bb40e8ec17d,ca657ab72a4f6b73c754811068110a3c82958678ba50dd96d49f2fd4181ed384,86f575f24fc6bfe3652f8710e3edd0d664e598c9575a9f7c8397c80f54e58132,31,4713,870619387f55f1ad6e083171c09240979ebbd50d055ea504cbec878a1bf0f181,71e6acd5edbff45d255ec0d33ae04ea2aa4e594b644b6b50d7801bccfe500875,canonical,71e6acd5edbff45d255ec0d33ae04ea2aa4e594b644b6b50d7801bccfe500875,516dbe8f820b22dc0d789889c17ed26e4c6bf01d6de64c912e52e8d68e70d8cb,0.7970287474802773,3.1,3199,be8d9ae6ee5dcb7c6ccf9cb37a92289885e8d437c53c5491389da6946156869e,5,3.9.13,1,20260731,b48c7cd86d16b90bb901a0ee207a39d269ac7ba38cfc3e527b99cd782f97337c,ef2f85d5b30f91e683ffa4a3ac74f154a052099fcf565a03d54623bd2dd386dc,431f1221642cf53aed9fd186d0c53eaf1f9a4ce788d2a950aba735e1d0d93ddb,2
f4f71ce0b3e2b89ef9448054996701349d68e09371916acdcf1c8bb40e8ec17d,ca657ab72a4f6b73c754811068110a3c82958678ba50dd96d49f2fd4181ed384,86f575f24fc6bfe3652f8710e3edd0d664e598c9575a9f7c8397c80f54e58132,31,4713,870619387f55f1ad6e083171c09240979ebbd50d055ea504cbec878a1bf0f181,71e6acd5edbff45d255ec0d33ae04ea2aa4e594b644b6b50d7801bccfe500875,canonical,71e6acd5edbff45d255ec0d33ae04ea2aa4e594b644b6b50d7801bccfe500875,516dbe8f820b22dc0d789889c17ed26e4c6bf01d6de64c912e52e8d68e70d8cb,0.7970287474802773,3.1,3199,be8d9ae6ee5dcb7c6ccf9cb37a92289885e8d437c53c5491389da6946156869e,1,3.9.13,2,20260731,2eb2f3c02157a1569daa6fa9af225118633f012916c52cc0cfdd07f4d4256495,5fa745b6f2fc0faaea5b984eb14905d3f6155a1c82bbeb8abe56010421aabcf1,d57e36038ec33259e9bce5c35f5c0a9db655f7f9166c00bb6742430b0576aa73,2
f4f71ce0b3e2b89ef9448054996701349d68e09371916acdcf1c8bb40e8ec17d,ca657ab72a4f6b73c754811068110a3c82958678ba50dd96d49f2fd4181ed384,86f575f24fc6bfe3652f8710e3edd0d664e598c9575a9f7c8397c80f54e58132,31,4713,870619387f55f1ad6e083171c09240979ebbd50d055ea504cbec878a1bf0f181,71e6acd5edbff45d255ec0d33ae04ea2aa4e594b644b6b50d7801bccfe500875,canonical,71e6acd5edbff45d255ec0d33ae04ea2aa4e594b644b6b50d7801bccfe500875,516dbe8f820b22dc0d789889c17ed26e4c6bf01d6de64c912e52e8d68e70d8cb,0.7970287474802773,3.1,3199,be8d9ae6ee5dcb7c6ccf9cb37a92289885e8d437c53c5491389da6946156869e,2,3.9.13,2,20260731,2eb2f3c02157a1569daa6fa9af225118633f012916c52cc0cfdd07f4d4256495,5fa745b6f2fc0faaea5b984eb14905d3f6155a1c82bbeb8abe56010421aabcf1,d57e36038ec33259e9bce5c35f5c0a9db655f7f9166c00bb6742430b0576aa73,2
f4f71ce0b3e2b89ef9448054996701349d68e09371916acdcf1c8bb40e8ec17d,ca657ab72a4f6b73c754811068110a3c82958678ba50dd96d49f2fd4181ed384,86f575f24fc6bfe3652f8710e3edd0d664e598c9575a9f7c8397c80f54e58132,31,4713,870619387f55f1ad6e083171c09240979ebbd50d055ea504cbec878a1bf0f181,71e6acd5edbff45d255ec0d33ae04ea2aa4e594b644b6b50d7801bccfe500875,canonical,71e6acd5edbff45d255ec0d33ae04ea2aa4e594b644b6b50d7801bccfe500875,516dbe8f820b22dc0d789889c17ed26e4c6bf01d6de64c912e52e8d68e70d8cb,0.7970287474802773,3.1,3199,be8d9ae6ee5dcb7c6ccf9cb37a92289885e8d437c53c5491389da6946156869e,3,3.9.13,2,20260731,2eb2f3c02157a1569daa6fa9af225118633f012916c52cc0cfdd07f4d4256495,5fa745b6f2fc0faaea5b984eb14905d3f6155a1c82bbeb8abe56010421aabcf1,d57e36038ec33259e9bce5c35f5c0a9db655f7f9166c00bb6742430b0576aa73,2
f4f71ce0b3e2b89ef9448054996701349d68e09371916acdcf1c8bb40e8ec17d,ca657ab72a4f6b73c754811068110a3c82958678ba50dd96d49f2fd4181ed384,86f575f24fc6bfe3652f8710e3edd0d664e598c9575a9f7c8397c80f54e58132,31,4713,870619387f55f1ad6e083171c09240979ebbd50d055ea504cbec878a1bf0f181,71e6acd5edbff45d255ec0d33ae04ea2aa4e594b644b6b50d7801bccfe500875,canonical,71e6acd5edbff45d255ec0d33ae04ea2aa4e594b644b6b50d7801bccfe500875,516dbe8f820b22dc0d789889c17ed26e4c6bf01d6de64c912e52e8d68e70d8cb,0.7970287474802773,3.1,3199,be8d9ae6ee5dcb7c6ccf9cb37a92289885e8d437c53c5491389da6946156869e,4,3.9.13,2,20260731,2eb2f3c02157a1569daa6fa9af225118633f012916c52cc0cfdd07f4d4256495,5fa745b6f2fc0faaea5b984eb14905d3f6155a1c82bbeb8abe56010421aabcf1,d57e36038ec33259e9bce5c35f5c0a9db655f7f9166c00bb6742430b0576aa73,2
f4f71ce0b3e2b89ef9448054996701349d68e09371916acdcf1c8bb40e8ec17d,ca657ab72a4f6b73c754811068110a3c82958678ba50dd96d49f2fd4181ed384,86f575f24fc6bfe3652f8710e3edd0d664e598c9575a9f7c8397c80f54e58132,31,4713,870619387f55f1ad6e083171c09240979ebbd50d055ea504cbec878a1bf0f181,71e6acd5edbff45d255ec0d33ae04ea2aa4e594b644b6b50d7801bccfe500875,canonical,71e6acd5edbff45d255ec0d33ae04ea2aa4e594b644b6b50d7801bccfe500875,516dbe8f820b22dc0d789889c17ed26e4c6bf01d6de64c912e52e8d68e70d8cb,0.7970287474802773,3.1,3199,be8d9ae6ee5dcb7c6ccf9cb37a92289885e8d437c53c5491389da6946156869e,5,3.9.13,2,20260731,2eb2f3c02157a1569daa6fa9af225118633f012916c52cc0cfdd07f4d4256495,5fa745b6f2fc0faaea5b984eb14905d3f6155a1c82bbeb8abe56010421aabcf1,d57e36038ec33259e9bce5c35f5c0a9db655f7f9166c00bb6742430b0576aa73,2
f4f71ce0b3e2b89ef9448054996701349d68e09371916acdcf1c8bb40e8ec17d,ca657ab72a4f6b73c754811068110a3c82958678ba50dd96d49f2fd4181ed384,86f575f24fc6bfe3652f8710e3edd0d664e598c9575a9f7c8397c80f54e58132,31,4713,870619387f55f1ad6e083171c09240979ebbd50d055ea504cbec878a1bf0f181,71e6acd5edbff45d255ec0d33ae04ea2aa4e594b644b6b50d7801bccfe500875,canonical,71e6acd5edbff45d255ec0d33ae04ea2aa4e594b644b6b50d7801bccfe500875,516dbe8f820b22dc0d789889c17ed26e4c6bf01d6de64c912e52e8d68e70d8cb,0.7970287474802773,3.1,3199,be8d9ae6ee5dcb7c6ccf9cb37a92289885e8d437c53c5491389da6946156869e,1,3.9.13,42,20260731,42100b6b18f66700e779d74f8f6a6b5260e073e847bd5458afb149bfe1448847,86e117bef4691733fa75eaf2cd06d28224189e13910691ae7c7a18f4439ea681,e8f9d5afcfbbe9668383534183947039b15d2e894fba17b83e81785b0fa0721d,2
f4f71ce0b3e2b89ef9448054996701349d68e09371916acdcf1c8bb40e8ec17d,ca657ab72a4f6b73c754811068110a3c82958678ba50dd96d49f2fd4181ed384,86f575f24fc6bfe3652f8710e3edd0d664e598c9575a9f7c8397c80f54e58132,31,4713,870619387f55f1ad6e083171c09240979ebbd50d055ea504cbec878a1bf0f181,71e6acd5edbff45d255ec0d33ae04ea2aa4e594b644b6b50d7801bccfe500875,canonical,71e6acd5edbff45d255ec0d33ae04ea2aa4e594b644b6b50d7801bccfe500875,516dbe8f820b22dc0d789889c17ed26e4c6bf01d6de64c912e52e8d68e70d8cb,0.7970287474802773,3.1,3199,be8d9ae6ee5dcb7c6ccf9cb37a92289885e8d437c53c5491389da6946156869e,2,3.9.13,42,20260731,42100b6b18f66700e779d74f8f6a6b5260e073e847bd5458afb149bfe1448847,86e117bef4691733fa75eaf2cd06d28224189e13910691ae7c7a18f4439ea681,e8f9d5afcfbbe9668383534183947039b15d2e894fba17b83e81785b0fa0721d,2
f4f71ce0b3e2b89ef9448054996701349d68e09371916acdcf1c8bb40e8ec17d,ca657ab72a4f6b73c754811068110a3c82958678ba50dd96d49f2fd4181ed384,86f575f24fc6bfe3652f8710e3edd0d664e598c9575a9f7c8397c80f54e58132,31,4713,870619387f55f1ad6e083171c09240979ebbd50d055ea504cbec878a1bf0f181,71e6acd5edbff45d255ec0d33ae04ea2aa4e594b644b6b50d7801bccfe500875,canonical,71e6acd5edbff45d255ec0d33ae04ea2aa4e594b644b6b50d7801bccfe500875,516dbe8f820b22dc0d789889c17ed26e4c6bf01d6de64c912e52e8d68e70d8cb,0.7970287474802773,3.1,3199,be8d9ae6ee5dcb7c6ccf9cb37a92289885e8d437c53c5491389da6946156869e,3,3.9.13,42,20260731,42100b6b18f66700e779d74f8f6a6b5260e073e847bd5458afb149bfe1448847,86e117bef4691733fa75eaf2cd06d28224189e13910691ae7c7a18f4439ea681,e8f9d5afcfbbe9668383534183947039b15d2e894fba17b83e81785b0fa0721d,2
f4f71ce0b3e2b89ef9448054996701349d68e09371916acdcf1c8bb40e8ec17d,ca657ab72a4f6b73c754811068110a3c82958678ba50dd96d49f2fd4181ed384,86f575f24fc6bfe3652f8710e3edd0d664e598c9575a9f7c8397c80f54e58132,31,4713,870619387f55f1ad6e083171c09240979ebbd50d055ea504cbec878a1bf0f181,71e6acd5edbff45d255ec0d33ae04ea2aa4e594b644b6b50d7801bccfe500875,canonical,71e6acd5edbff45d255ec0d33ae04ea2aa4e594b644b6b50d7801bccfe500875,516dbe8f820b22dc0d789889c17ed26e4c6bf01d6de64c912e52e8d68e70d8cb,0.7970287474802773,3.1,3199,be8d9ae6ee5dcb7c6ccf9cb37a92289885e8d437c53c5491389da6946156869e,4,3.9.13,42,20260731,42100b6b18f66700e779d74f8f6a6b5260e073e847bd5458afb149bfe1448847,86e117bef4691733fa75eaf2cd06d28224189e13910691ae7c7a18f4439ea681,e8f9d5afcfbbe9668383534183947039b15d2e894fba17b83e81785b0fa0721d,2
f4f71ce0b3e2b89ef9448054996701349d68e09371916acdcf1c8bb40e8ec17d,ca657ab72a4f6b73c754811068110a3c82958678ba50dd96d49f2fd4181ed384,86f575f24fc6bfe3652f8710e3edd0d664e598c9575a9f7c8397c80f54e58132,31,4713,870619387f55f1ad6e083171c09240979ebbd50d055ea504cbec878a1bf0f181,71e6acd5edbff45d255ec0d33ae04ea2aa4e594b644b6b50d7801bccfe500875,canonical,71e6acd5edbff45d255ec0d33ae04ea2aa4e594b644b6b50d7801bccfe500875,516dbe8f820b22dc0d789889c17ed26e4c6bf01d6de64c912e52e8d68e70d8cb,0.7970287474802773,3.1,3199,be8d9ae6ee5dcb7c6ccf9cb37a92289885e8d437c53c5491389da6946156869e,5,3.9.13,42,20260731,42100b6b18f66700e779d74f8f6a6b5260e073e847bd5458afb149bfe1448847,86e117bef4691733fa75eaf2cd06d28224189e13910691ae7c7a18f4439ea681,e8f9d5afcfbbe9668383534183947039b15d2e894fba17b83e81785b0fa0721d,2
f4f71ce0b3e2b89ef9448054996701349d68e09371916acdcf1c8bb40e8ec17d,ca657ab72a4f6b73c754811068110a3c82958678ba50dd96d49f2fd4181ed384,86f575f24fc6bfe3652f8710e3edd0d664e598c9575a9f7c8397c80f54e58132,31,4713,870619387f55f1ad6e083171c09240979ebbd50d055ea504cbec878a1bf0f181,71e6acd5edbff45d255ec0d33ae04ea2aa4e594b644b6b50d7801bccfe500875,canonical,71e6acd5edbff45d255ec0d33ae04ea2aa4e594b644b6b50d7801bccfe500875,516dbe8f820b22dc0d789889c17ed26e4c6bf01d6de64c912e52e8d68e70d8cb,0.7970287474802773,3.1,3199,be8d9ae6ee5dcb7c6ccf9cb37a92289885e8d437c53c5491389da6946156869e,1,3.9.13,20260731,20260731,2ff547ccf7d6abc01b4423989badac9f00fd114a21fe026fef53c3487b861dbd,e674af35862e15210f657ffd1c952bbf49667f372ffaee2a8ade4aeed7742cb8,036531853bb69604053150ee8e0358cb0daa8b56a00ea25ae3e75175da74a566,2
f4f71ce0b3e2b89ef9448054996701349d68e09371916acdcf1c8bb40e8ec17d,ca657ab72a4f6b73c754811068110a3c82958678ba50dd96d49f2fd4181ed384,86f575f24fc6bfe3652f8710e3edd0d664e598c9575a9f7c8397c80f54e58132,31,4713,870619387f55f1ad6e083171c09240979ebbd50d055ea504cbec878a1bf0f181,71e6acd5edbff45d255ec0d33ae04ea2aa4e594b644b6b50d7801bccfe500875,canonical,71e6acd5edbff45d255ec0d33ae04ea2aa4e594b644b6b50d7801bccfe500875,516dbe8f820b22dc0d789889c17ed26e4c6bf01d6de64c912e52e8d68e70d8cb,0.7970287474802773,3.1,3199,be8d9ae6ee5dcb7c6ccf9cb37a92289885e8d437c53c5491389da6946156869e,2,3.9.13,20260731,20260731,2ff547ccf7d6abc01b4423989badac9f00fd114a21fe026fef53c3487b861dbd,e674af35862e15210f657ffd1c952bbf49667f372ffaee2a8ade4aeed7742cb8,036531853bb69604053150ee8e0358cb0daa8b56a00ea25ae3e75175da74a566,2
f4f71ce0b3e2b89ef9448054996701349d68e09371916acdcf1c8bb40e8ec17d,ca657ab72a4f6b73c754811068110a3c82958678ba50dd96d49f2fd4181ed384,86f575f24fc6bfe3652f8710e3edd0d664e598c9575a9f7c8397c80f54e58132,31,4713,870619387f55f1ad6e083171c09240979ebbd50d055ea504cbec878a1bf0f181,71e6acd5edbff45d255ec0d33ae04ea2aa4e594b644b6b50d7801bccfe500875,canonical,71e6acd5edbff45d255ec0d33ae04ea2aa4e594b644b6b50d7801bccfe500875,516dbe8f820b22dc0d789889c17ed26e4c6bf01d6de64c912e52e8d68e70d8cb,0.7970287474802773,3.1,3199,be8d9ae6ee5dcb7c6ccf9cb37a92289885e8d437c53c5491389da6946156869e,3,3.9.13,20260731,20260731,2ff547ccf7d6abc01b4423989badac9f00fd114a21fe026fef53c3487b861dbd,e674af35862e15210f657ffd1c952bbf49667f372ffaee2a8ade4aeed7742cb8,036531853bb69604053150ee8e0358cb0daa8b56a00ea25ae3e75175da74a566,2
f4f71ce0b3e2b89ef9448054996701349d68e09371916acdcf1c8bb40e8ec17d,ca657ab72a4f6b73c754811068110a3c82958678ba50dd96d49f2fd4181ed384,86f575f24fc6bfe3652f8710e3edd0d664e598c9575a9f7c8397c80f54e58132,31,4713,870619387f55f1ad6e083171c09240979ebbd50d055ea504cbec878a1bf0f181,71e6acd5edbff45d255ec0d33ae04ea2aa4e594b644b6b50d7801bccfe500875,canonical,71e6acd5edbff45d255ec0d33ae04ea2aa4e594b644b6b50d7801bccfe500875,516dbe8f820b22dc0d789889c17ed26e4c6bf01d6de64c912e52e8d68e70d8cb,0.7970287474802773,3.1,3199,be8d9ae6ee5dcb7c6ccf9cb37a92289885e8d437c53c5491389da6946156869e,4,3.9.13,20260731,20260731,2ff547ccf7d6abc01b4423989badac9f00fd114a21fe026fef53c3487b861dbd,e674af35862e15210f657ffd1c952bbf49667f372ffaee2a8ade4aeed7742cb8,036531853bb69604053150ee8e0358cb0daa8b56a00ea25ae3e75175da74a566,2
f4f71ce0b3e2b89ef9448054996701349d68e09371916acdcf1c8bb40e8ec17d,ca657ab72a4f6b73c754811068110a3c82958678ba50dd96d49f2fd4181ed384,86f575f24fc6bfe3652f8710e3edd0d664e598c9575a9f7c8397c80f54e58132,31,4713,870619387f55f1ad6e083171c09240979ebbd50d055ea504cbec878a1bf0f181,71e6acd5edbff45d255ec0d33ae04ea2aa4e594b644b6b50d7801bccfe500875,canonical,71e6acd5edbff45d255ec0d33ae04ea2aa4e594b644b6b50d7801bccfe500875,516dbe8f820b22dc0d789889c17ed26e4c6bf01d6de64c912e52e8d68e70d8cb,0.7970287474802773,3.1,3199,be8d9ae6ee5dcb7c6ccf9cb37a92289885e8d437c53c5491389da6946156869e,5,3.9.13,20260731,20260731,2ff547ccf7d6abc01b4423989badac9f00fd114a21fe026fef53c3487b861dbd,e674af35862e15210f657ffd1c952bbf49667f372ffaee2a8ade4aeed7742cb8,036531853bb69604053150ee8e0358cb0daa8b56a00ea25ae3e75175da74a566,2
b9efd61abfad4d7ffcbfb6344b1f4f05950241b802fe93e8035038eeedefd138,4b4d5afdaaf9bbcd8958ad7662e6f973b3201fd548c97d2e7365dff940c4d49d,db8b8355040ace270b4b4b16a86422a6ff2433f849b0a9ec471fc1a4850b0c05,28,2242,dbd1c939576a7663effb627147d67716f784fdbd66c3c96d04199cd345a05eae,71e6acd5edbff45d255ec0d33ae04ea2aa4e594b644b6b50d7801bccfe500875,canonical,71e6acd5edbff45d255ec0d33ae04ea2aa4e594b644b6b50d7801bccfe500875,b0d344e7657faa49544fc6728ecef42bb1a7621256c0628386f9fe91a087205d,0.7962674935766076,3.1,1546,676cab65b9b07066c8c72e25df53757479a1bc870f4f849d8b593086fd660279,1,3.9.13,0,20260731,8ace0171931bd9eff1f2d73ceb983804de8b13bcca1d3f00daad0b8257e41fdf,25714a9a7cc091efbbf56a982cf73d71ea10106b0537765bd826faa1711c259f,411442a9ae07a0f4f83f0f2195e27604631787033ffa79d59f706d2f3afd9b8e,5
b9efd61abfad4d7ffcbfb6344b1f4f05950241b802fe93e8035038eeedefd138,4b4d5afdaaf9bbcd8958ad7662e6f973b3201fd548c97d2e7365dff940c4d49d,db8b8355040ace270b4b4b16a86422a6ff2433f849b0a9ec471fc1a4850b0c05,28,2242,dbd1c939576a7663effb627147d67716f784fdbd66c3c96d04199cd345a05eae,71e6acd5edbff45d255ec0d33ae04ea2aa4e594b644b6b50d7801bccfe500875,canonical,71e6acd5edbff45d255ec0d33ae04ea2aa4e594b644b6b50d7801bccfe500875,b0d344e7657faa49544fc6728ecef42bb1a7621256c0628386f9fe91a087205d,0.7962674935766076,3.1,1546,676cab65b9b07066c8c72e25df53757479a1bc870f4f849d8b593086fd660279,2,3.9.13,0,20260731,8ace0171931bd9eff1f2d73ceb983804de8b13bcca1d3f00daad0b8257e41fdf,25714a9a7cc091efbbf56a982cf73d71ea10106b0537765bd826faa1711c259f,411442a9ae07a0f4f83f0f2195e27604631787033ffa79d59f706d2f3afd9b8e,5
b9efd61abfad4d7ffcbfb6344b1f4f05950241b802fe93e8035038eeedefd138,4b4d5afdaaf9bbcd8958ad7662e6f973b3201fd548c97d2e7365dff940c4d49d,db8b8355040ace270b4b4b16a86422a6ff2433f849b0a9ec471fc1a4850b0c05,28,2242,dbd1c939576a7663effb627147d67716f784fdbd66c3c96d04199cd345a05eae,71e6acd5edbff45d255ec0d33ae04ea2aa4e594b644b6b50d7801bccfe500875,canonical,71e6acd5edbff45d255ec0d33ae04ea2aa4e594b644b6b50d7801bccfe500875,b0d344e7657faa49544fc6728ecef42bb1a7621256c0628386f9fe91a087205d,0.7962674935766076,3.1,1546,676cab65b9b07066c8c72e25df53757479a1bc870f4f849d8b593086fd660279,3,3.9.13,0,20260731,8ace0171931bd9eff1f2d73ceb983804de8b13bcca1d3f00daad0b8257e41fdf,25714a9a7cc091efbbf56a982cf73d71ea10106b0537765bd826faa1711c259f,411442a9ae07a0f4f83f0f2195e27604631787033ffa79d59f706d2f3afd9b8e,5
b9efd61abfad4d7ffcbfb6344b1f4f05950241b802fe93e8035038eeedefd138,4b4d5afdaaf9bbcd8958ad7662e6f973b3201fd548c97d2e7365dff940c4d49d,db8b8355040ace270b4b4b16a86422a6ff2433f849b0a9ec471fc1a4850b0c05,28,2242,dbd1c939576a7663effb627147d67716f784fdbd66c3c96d04199cd345a05eae,71e6acd5edbff45d255ec0d33ae04ea2aa4e594b644b6b50d7801bccfe500875,canonical,71e6acd5edbff45d255ec0d33ae04ea2aa4e594b644b6b50d7801bccfe500875,b0d344e7657faa49544fc6728ecef42bb1a7621256c0628386f9fe91a087205d,0.7962674935766076,3.1,1546,676cab65b9b07066c8c72e25df53757479a1bc870f4f849d8b593086fd660279,4,3.9.13,0,20260731,8ace0171931bd9eff1f2d73ceb983804de8b13bcca1d3f00daad0b8257e41fdf,25714a9a7cc091efbbf56a982cf73d71ea10106b0537765bd826faa1711c259f,411442a9ae07a0f4f83f0f2195e27604631787033ffa79d59f706d2f3afd9b8e,5
b9efd61abfad4d7ffcbfb6344b1f4f05950241b802fe93e8035038eeedefd138,4b4d5afdaaf9bbcd8958ad7662e6f973b3201fd548c97d2e7365dff940c4d49d,db8b8355040ace270b4b4b16a86422a6ff2433f849b0a9ec471fc1a4850b0c05,28,2242,dbd1c939576a7663effb627147d67716f784fdbd66c3c96d04199cd345a05eae,71e6acd5edbff45d255ec0d33ae04ea2aa4e594b644b6b50d7801bccfe500875,canonical,71e6acd5edbff45d255ec0d33ae04ea2aa4e594b644b6b50d7801bccfe500875,b0d344e7657faa49544fc6728ecef42bb1a7621256c0628386f9fe91a087205d,0.7962674935766076,3.1,1546,676cab65b9b07066c8c72e25df53757479a1bc870f4f849d8b593086fd660279,5,3.9.13,0,20260731,8ace0171931bd9eff1f2d73ceb983804de8b13bcca1d3f00daad0b8257e41fdf,25714a9a7cc091efbbf56a982cf73d71ea10106b0537765bd826faa1711c259f,411442a9ae07a0f4f83f0f2195e27604631787033ffa79d59f706d2f3afd9b8e,5
b9efd61abfad4d7ffcbfb6344b1f4f05950241b802fe93e8035038eeedefd138,4b4d5afdaaf9bbcd8958ad7662e6f973b3201fd548c97d2e7365dff940c4d49d,db8b8355040ace270b4b4b16a86422a6ff2433f849b0a9ec471fc1a4850b0c05,28,2242,dbd1c939576a7663effb627147d67716f784fdbd66c3c96d04199cd345a05eae,71e6acd5edbff45d255ec0d33ae04ea2aa4e594b644b6b50d7801bccfe500875,canonical,71e6acd5edbff45d255ec0d33ae04ea2aa4e594b644b6b50d7801bccfe500875,b0d344e7657faa49544fc6728ecef42bb1a7621256c0628386f9fe91a087205d,0.7962674935766076,3.1,1546,676cab65b9b07066c8c72e25df53757479a1bc870f4f849d8b593086fd660279,6,3.9.13,0,20260731,8ace0171931bd9eff1f2d73ceb983804de8b13bcca1d3f00daad0b8257e41fdf,25714a9a7cc091efbbf56a982cf73d71ea10106b0537765bd826faa1711c259f,411442a9ae07a0f4f83f0f2195e27604631787033ffa79d59f706d2f3afd9b8e,5
b9efd61abfad4d7ffcbfb6344b1f4f05950241b802fe93e8035038eeedefd138,4b4d5afdaaf9bbcd8958ad7662e6f973b3201fd548c97d2e7365dff940c4d49d,db8b8355040ace270b4b4b16a86422a6ff2433f849b0a9ec471fc1a4850b0c05,28,2242,dbd1c939576a7663effb627147d67716f784fdbd66c3c96d04199cd345a05eae,71e6acd5edbff45d255ec0d33ae04ea2aa4e594b644b6b50d7801bccfe500875,canonical,71e6acd5edbff45d255ec0d33ae04ea2aa4e594b644b6b50d7801bccfe500875,b0d344e7657faa49544fc6728ecef42bb1a7621256c0628386f9fe91a087205d,0.7962674935766076,3.1,1546,676cab65b9b07066c8c72e25df53757479a1bc870f4f849d8b593086fd660279,7,3.9.13,0,20260731,8ace0171931bd9eff1f2d73ceb983804de8b13bcca1d3f00daad0b8257e41fdf,25714a9a7cc091efbbf56a982cf73d71ea10106b0537765bd826faa1711c259f,411442a9ae07a0f4f83f0f2195e27604631787033ffa79d59f706d2f3afd9b8e,5
b9efd61abfad4d7ffcbfb6344b1f4f05950241b802fe93e8035038eeedefd138,4b4d5afdaaf9bbcd8958ad7662e6f973b3201fd548c97d2e7365dff940c4d49d,db8b8355040ace270b4b4b16a86422a6ff2433f849b0a9ec471fc1a4850b0c05,28,2242,dbd1c939576a7663effb627147d67716f784fdbd66c3c96d04199cd345a05eae,71e6acd5edbff45d255ec0d33ae04ea2aa4e594b644b6b50d7801bccfe500875,canonical,71e6acd5edbff45d255ec0d33ae04ea2aa4e594b644b6b50d7801bccfe500875,b0d344e7657faa49544fc6728ecef42bb1a7621256c0628386f9fe91a087205d,0.7962674935766076,3.1,1546,676cab65b9b07066c8c72e25df53757479a1bc870f4f849d8b593086fd660279,8,3.9.13,0,20260731,8ace0171931bd9eff1f2d73ceb983804de8b13bcca1d3f00daad0b8257e41fdf,25714a9a7cc091efbbf56a982cf73d71ea10106b0537765bd826faa1711c259f,411442a9ae07a0f4f83f0f2195e27604631787033ffa79d59f706d2f3afd9b8e,5
b9efd61abfad4d7ffcbfb6344b1f4f05950241b802fe93e8035038eeedefd138,4b4d5afdaaf9bbcd8958ad7662e6f973b3201fd548c97d2e7365dff940c4d49d,db8b8355040ace270b4b4b16a86422a6ff2433f849b0a9ec471fc1a4850b0c05,28,2242,dbd1c939576a7663effb627147d67716f784fdbd66c3c96d04199cd345a05eae,71e6acd5edbff45d255ec0d33ae04ea2aa4e594b644b6b50d7801bccfe500875,canonical,71e6acd5edbff45d255ec0d33ae04ea2aa4e594b644b6b50d7801bccfe500875,b0d344e7657faa49544fc6728ecef42bb1a7621256c0628386f9fe91a087205d,0.7962674935766076,3.1,1546,676cab65b9b07066c8c72e25df53757479a1bc870f4f849d8b593086fd660279,9,3.9.13,0,20260731,8ace0171931bd9eff1f2d73ceb983804de8b13bcca1d3f00daad0b8257e41fdf,25714a9a7cc091efbbf56a982cf73d71ea10106b0537765bd826faa1711c259f,411442a9ae07a0f4f83f0f2195e27604631787033ffa79d59f706d2f3afd9b8e,5
b9efd61abfad4d7ffcbfb6344b1f4f05950241b802fe93e8035038eeedefd138,4b4d5afdaaf9bbcd8958ad7662e6f973b3201fd548c97d2e7365dff940c4d49d,db8b8355040ace270b4b4b16a86422a6ff2433f849b0a9ec471fc1a4850b0c05,28,2242,dbd1c939576a7663effb627147d67716f784fdbd66c3c96d04199cd345a05eae,71e6acd5edbff45d255ec0d33ae04ea2aa4e594b644b6b50d7801bccfe500875,canonical,71e6acd5edbff45d255ec0d33ae04ea2aa4e594b644b6b50d7801bccfe500875,b0d344e7657faa49544fc6728ecef42bb1a7621256c0628386f9fe91a087205d,0.7962674935766076,3.1,1546,676cab65b9b07066c8c72e25df53757479a1bc870f4f849d8b593086fd660279,10,3.9.13,0,20260731,8ace0171931bd9eff1f2d73ceb983804de8b13bcca1d3f00daad0b8257e41fdf,25714a9a7cc091efbbf56a982cf73d71ea10106b0537765bd826faa1711c259f,411442a9ae07a0f4f83f0f2195e27604631787033ffa79d59f706d2f3afd9b8e,5
b9efd61abfad4d7ffcbfb6344b1f4f05950241b802fe93e8035038eeedefd138,4b4d5afdaaf9bbcd8958ad7662e6f973b3201fd548c97d2e7365dff940c4d49d,db8b8355040ace270b4b4b16a86422a6ff2433f849b0a9ec471fc1a4850b0c05,28,2242,dbd1c939576a7663effb627147d67716f784fdbd66c3c96d04199cd345a05eae,71e6acd5edbff45d255ec0d33ae04ea2aa4e594b644b6b50d7801bccfe500875,canonical,71e6acd5edbff45d255ec0d33ae04ea2aa4e594b644b6b50d7801bccfe500875,b0d344e7657faa49544fc6728ecef42bb1a7621256c0628386f9fe91a087205d,0.7962674935766076,3.1,1546,676cab65b9b07066c8c72e25df53757479a1bc870f4f849d8b593086fd660279,11,3.9.13,0,20260731,8ace0171931bd9eff1f2d73ceb983804de8b13bcca1d3f00daad0b8257e41fdf,25714a9a7cc091efbbf56a982cf73d71ea10106b0537765bd826faa1711c259f,411442a9ae07a0f4f83f0f2195e27604631787033ffa79d59f706d2f3afd9b8e,5
b9efd61abfad4d7ffcbfb6344b1f4f05950241b802fe93e8035038eeedefd138,4b4d5afdaaf9bbcd8958ad7662e6f973b3201fd548c97d2e7365dff940c4d49d,db8b8355040ace270b4b4b16a86422a6ff2433f849b0a9ec471fc1a4850b0c05,28,2242,dbd1c939576a7663effb627147d67716f784fdbd66c3c96d04199cd345a05eae,71e6acd5edbff45d255ec0d33ae04ea2aa4e594b644b6b50d7801bccfe500875,canonical,71e6acd5edbff45d255ec0d33ae04ea2aa4e594b644b6b50d7801bccfe500875,b0d344e7657faa49544fc6728ecef42bb1a7621256c0628386f9fe91a087205d,0.7962674935766076,3.1,1546,676cab65b9b07066c8c72e25df53757479a1bc870f4f849d8b593086fd660279,12,3.9.13,0,20260731,8ace0171931bd9eff1f2d73ceb983804de8b13bcca1d3f00daad0b8257e41fdf,25714a9a7cc091efbbf56a982cf73d71ea10106b0537765bd826faa1711c259f,411442a9ae07a0f4f83f0f2195e27604631787033ffa79d59f706d2f3afd9b8e,5
b9efd61abfad4d7ffcbfb6344b1f4f05950241b802fe93e8035038eeedefd138,4b4d5afdaaf9bbcd8958ad7662e6f973b3201fd548c97d2e7365dff940c4d49d,db8b8355040ace270b4b4b16a86422a6ff2433f849b0a9ec471fc1a4850b0c05,28,2242,dbd1c939576a7663effb627147d67716f784fdbd66c3c96d04199cd345a05eae,71e6acd5edbff45d255ec0d33ae04ea2aa4e594b644b6b50d7801bccfe500875,canonical,71e6acd5edbff45d255ec0d33ae04ea2aa4e594b644b6b50d7801bccfe500875,b0d344e7657faa49544fc6728ecef42bb1a7621256c0628386f9fe91a087205d,0.7962674935766076,3.1,1546,676cab65b9b07066c8c72e25df53757479a1bc870f4f849d8b593086fd660279,13,3.9.13,0,20260731,8ace0171931bd9eff1f2d73ceb983804de8b13bcca1d3f00daad0b8257e41fdf,25714a9a7cc091efbbf56a982cf73d71ea10106b0537765bd826faa1711c259f,411442a9ae07a0f4f83f0f2195e27604631787033ffa79d59f706d2f3afd9b8e,5
b9efd61abfad4d7ffcbfb6344b1f4f05950241b802fe93e8035038eeedefd138,4b4d5afdaaf9bbcd8958ad7662e6f973b3201fd548c97d2e7365dff940c4d49d,db8b8355040ace270b4b4b16a86422a6ff2433f849b0a9ec471fc1a4850b0c05,28,2242,dbd1c939576a7663effb627147d67716f784fdbd66c3c96d04199cd345a05eae,71e6acd5edbff45d255ec0d33ae04ea2aa4e594b644b6b50d7801bccfe500875,canonical,71e6acd5edbff45d255ec0d33ae04ea2aa4e594b644b6b50d7801bccfe500875,b0d344e7657faa49544fc6728ecef42bb1a7621256c0628386f9fe91a087205d,0.7962674935766076,3.1,1546,676cab65b9b07066c8c72e25df53757479a1bc870f4f849d8b593086fd660279,14,3.9.13,0,20260731,8ace0171931bd9eff1f2d73ceb983804de8b13bcca1d3f00daad0b8257e41fdf,25714a9a7cc091efbbf56a982cf73d71ea10106b0537765bd826faa1711c259f,411442a9ae07a0f4f83f0f2195e27604631787033ffa79d59f706d2f3afd9b8e,5
b9efd61abfad4d7ffcbfb6344b1f4f05950241b802fe93e8035038eeedefd138,4b4d5afdaaf9bbcd8958ad7662e6f973b3201fd548c97d2e7365dff940c4d49d,db8b8355040ace270b4b4b16a86422a6ff2433f849b0a9ec471fc1a4850b0c05,28,2242,dbd1c939576a7663effb627147d67716f784fdbd66c3c96d04199cd345a05eae,71e6acd5edbff45d255ec0d33ae04ea2aa4e594b644b6b50d7801bccfe500875,canonical,71e6acd5edbff45d255ec0d33ae04ea2aa4e594b644b6b50d7801bccfe500875,b0d344e7657faa49544fc6728ecef42bb1a7621256c0628386f9fe91a087205d,0.7962674935766076,3.1,1546,676cab65b9b07066c8c72e25df53757479a1bc870f4f849d8b593086fd660279,15,3.9.13,0,20260731,8ace0171931bd9eff1f2d73ceb983804de8b13bcca1d3f00daad0b8257e41fdf,25714a9a7cc091efbbf56a982cf73d71ea10106b0537765bd826faa1711c259f,411442a9ae07a0f4f83f0f2195e27604631787033ffa79d59f706d2f3afd9b8e,5
b9efd61abfad4d7ffcbfb6344b1f4f05950241b802fe93e8035038eeedefd138,4b4d5afdaaf9bbcd8958ad7662e6f973b3201fd548c97d2e7365dff940c4d49d,db8b8355040ace270b4b4b16a86422a6ff2433f849b0a9ec471fc1a4850b0c05,28,2242,dbd1c939576a7663effb627147d67716f784fdbd66c3c96d04199cd345a05eae,71e6acd5edbff45d255ec0d33ae04ea2aa4e594b644b6b50d7801bccfe500875,canonical,71e6acd5edbff45d255ec0d33ae04ea2aa4e594b644b6b50d7801bccfe500875,b0d344e7657faa49544fc6728ecef42bb1a7621256c0628386f9fe91a087205d,0.7962674935766076,3.1,1546,676cab65b9b07066c8c72e25df53757479a1bc870f4f849d8b593086fd660279,16,3.9.13,0,20260731,8ace0171931bd9eff1f2d73ceb983804de8b13bcca1d3f00daad0b8257e41fdf,25714a9a7cc091efbbf56a982cf73d71ea10106b0537765bd826faa1711c259f,411442a9ae07a0f4f83f0f2195e27604631787033ffa79d59f706d2f3afd9b8e,5
b9efd61abfad4d7ffcbfb6344b1f4f05950241b802fe93e8035038eeedefd138,4b4d5afdaaf9bbcd8958ad7662e6f973b3201fd548c97d2e7365dff940c4d49d,db8b8355040ace270b4b4b16a86422a6ff2433f849b0a9ec471fc1a4850b0c05,28,2242,dbd1c939576a7663effb627147d67716f784fdbd66c3c96d04199cd345a05eae,71e6acd5edbff45d255ec0d33ae04ea2aa4e594b644b6b50d7801bccfe500875,canonical,71e6acd5edbff45d255ec0d33ae04ea2aa4e594b644b6b50d7801bccfe500875,b0d344e7657faa49544fc6728ecef42bb1a7621256c0628386f9fe91a087205d,0.7962674935766076,3.1,1546,676cab65b9b07066c8c72e25df53757479a1bc870f4f849d8b593086fd660279,17,3.9.13,0,20260731,8ace0171931bd9eff1f2d73ceb983804de8b13bcca1d3f00daad0b8257e41fdf,25714a9a7cc091efbbf56a982cf73d71ea10106b0537765bd826faa1711c259f,411442a9ae07a0f4f83f0f2195e27604631787033ffa79d59f706d2f3afd9b8e,5
b9efd61abfad4d7ffcbfb6344b1f4f05950241b802fe93e8035038eeedefd138,4b4d5afdaaf9bbcd8958ad7662e6f973b3201fd548c97d2e7365dff940c4d49d,db8b8355040ace270b4b4b16a86422a6ff2433f849b0a9ec471fc1a4850b0c05,28,2242,dbd1c939576a7663effb627147d67716f784fdbd66c3c96d04199cd345a05eae,71e6acd5edbff45d255ec0d33ae04ea2aa4e594b644b6b50d7801bccfe500875,canonical,71e6acd5edbff45d255ec0d33ae04ea2aa4e594b644b6b50d7801bccfe500875,b0d344e7657faa49544fc6728ecef42bb1a7621256c0628386f9fe91a087205d,0.7962674935766076,3.1,1546,676cab65b9b07066c8c72e25df53757479a1bc870f4f849d8b593086fd660279,18,3.9.13,0,20260731,8ace0171931bd9eff1f2d73ceb983804de8b13bcca1d3f00daad0b8257e41fdf,25714a9a7cc091efbbf56a982cf73d71ea10106b0537765bd826faa1711c259f,411442a9ae07a0f4f83f0f2195e27604631787033ffa79d59f706d2f3afd9b8e,5
b9efd61abfad4d7ffcbfb6344b1f4f05950241b802fe93e8035038eeedefd138,4b4d5afdaaf9bbcd8958ad7662e6f973b3201fd548c97d2e7365dff940c4d49d,db8b8355040ace270b4b4b16a86422a6ff2433f849b0a9ec471fc1a4850b0c05,28,2242,dbd1c939576a7663effb627147d67716f784fdbd66c3c96d04199cd345a05eae,71e6acd5edbff45d255ec0d33ae04ea2aa4e594b644b6b50d7801bccfe500875,canonical,71e6acd5edbff45d255ec0d33ae04ea2aa4e594b644b6b50d7801bccfe500875,b0d344e7657faa49544fc6728ecef42bb1a7621256c0628386f9fe91a087205d,0.7962674935766076,3.1,1546,676cab65b9b07066c8c72e25df53757479a1bc870f4f849d8b593086fd660279,19,3.9.13,0,20260731,8ace0171931bd9eff1f2d73ceb983804de8b13bcca1d3f00daad0b8257e41fdf,25714a9a7cc091efbbf56a982cf73d71ea10106b0537765bd826faa1711c259f,411442a9ae07a0f4f83f0f2195e27604631787033ffa79d59f706d2f3afd9b8e,5
b9efd61abfad4d7ffcbfb6344b1f4f05950241b802fe93e8035038eeedefd138,4b4d5afdaaf9bbcd8958ad7662e6f973b3201fd548c97d2e7365dff940c4d49d,db8b8355040ace270b4b4b16a86422a6ff2433f849b0a9ec471fc1a4850b0c05,28,2242,dbd1c939576a7663effb627147d67716f784fdbd66c3c96d04199cd345a05eae,71e6acd5edbff45d255ec0d33ae04ea2aa4e594b644b6b50d7801bccfe500875,canonical,71e6acd5edbff45d255ec0d33ae04ea2aa4e594b644b6b50d7801bccfe500875,b0d344e7657faa49544fc6728ecef42bb1a7621256c0628386f9fe91a087205d,0.7962674935766076,3.1,1546,676cab65b9b07066c8c72e25df53757479a1bc870f4f849d8b593086fd660279,20,3.9.13,0,20260731,8ace0171931bd9eff1f2d73ceb983804de8b13bcca1d3f00daad0b8257e41fdf,25714a9a7cc091efbbf56a982cf73d71ea10106b0537765bd826faa1711c259f,411442a9ae07a0f4f83f0f2195e27604631787033ffa79d59f706d2f3afd9b8e,5
b9efd61abfad4d7ffcbfb6344b1f4f05950241b802fe93e8035038eeedefd138,4b4d5afdaaf9bbcd8958ad7662e6f973b3201fd548c97d2e7365dff940c4d49d,db8b8355040ace270b4b4b16a86422a6ff2433f849b0a9ec471fc1a4850b0c05,28,2242,dbd1c939576a7663effb627147d67716f784fdbd66c3c96d04199cd345a05eae,71e6acd5edbff45d255ec0d33ae04ea2aa4e594b644b6b50d7801bccfe500875,canonical,71e6acd5edbff45d255ec0d33ae04ea2aa4e594b644b6b50d7801bccfe500875,b0d344e7657faa49544fc6728ecef42bb1a7621256c0628386f9fe91a087205d,0.7962674935766076,3.1,1546,676cab65b9b07066c8c72e25df53757479a1bc870f4f849d8b593086fd660279,1,3.9.13,1,20260731,5100bea53cb66b6856be449df66ac83a65e9dd4175d12d66f8048169560e14e0,e54e16e62e9c0b7ad0dfc31cc028298aa92904a3dbd789ef8e88b598d4883088,482e21de1fe3f417f862b63d19767746db3a829786b690234ef4253d1c69c21a,5
b9efd61abfad4d7ffcbfb6344b1f4f05950241b802fe93e8035038eeedefd138,4b4d5afdaaf9bbcd8958ad7662e6f973b3201fd548c97d2e7365dff940c4d49d,db8b8355040ace270b4b4b16a86422a6ff2433f849b0a9ec471fc1a4850b0c05,28,2242,dbd1c939576a7663effb627147d67716f784fdbd66c3c96d04199cd345a05eae,71e6acd5edbff45d255ec0d33ae04ea2aa4e594b644b6b50d7801bccfe500875,canonical,71e6acd5edbff45d255ec0d33ae04ea2aa4e594b644b6b50d7801bccfe500875,b0d344e7657faa49544fc6728ecef42bb1a7621256c0628386f9fe91a087205d,0.7962674935766076,3.1,1546,676cab65b9b07066c8c72e25df53757479a1bc870f4f849d8b593086fd660279,2,3.9.13,1,20260731,5100bea53cb66b6856be449df66ac83a65e9dd4175d12d66f8048169560e14e0,e54e16e62e9c0b7ad0dfc31cc028298aa92904a3dbd789ef8e88b598d4883088,482e21de1fe3f417f862b63d19767746db3a829786b690234ef4253d1c69c21a,5
b9efd61abfad4d7ffcbfb6344b1f4f05950241b802fe93e8035038eeedefd138,4b4d5afdaaf9bbcd8958ad7662e6f973b3201fd548c97d2e7365dff940c4d49d,db8b8355040ace270b4b4b16a86422a6ff2433f849b0a9ec471fc1a4850b0c05,28,2242,dbd1c939576a7663effb627147d67716f784fdbd66c3c96d04199cd345a05eae,71e6acd5edbff45d255ec0d33ae04ea2aa4e594b644b6b50d7801bccfe500875,canonical,71e6acd5edbff45d255ec0d33ae04ea2aa4e594b644b6b50d7801bccfe500875,b0d344e7657faa49544fc6728ecef42bb1a7621256c0628386f9fe91a087205d,0.7962674935766076,3.1,1546,676cab65b9b07066c8c72e25df53757479a1bc870f4f849d8b593086fd660279,3,3.9.13,1,20260731,5100bea53cb66b6856be449df66ac83a65e9dd4175d12d66f8048169560e14e0,e54e16e62e9c0b7ad0dfc31cc028298aa92904a3dbd789ef8e88b598d4883088,482e21de1fe3f417f862b63d19767746db3a829786b690234ef4253d1c69c21a,5
b9efd61abfad4d7ffcbfb6344b1f4f05950241b802fe93e8035038eeedefd138,4b4d5afdaaf9bbcd8958ad7662e6f973b3201fd548c97d2e7365dff940c4d49d,db8b8355040ace270b4b4b16a86422a6ff2433f849b0a9ec471fc1a4850b0c05,28,2242,dbd1c939576a7663effb627147d67716f784fdbd66c3c96d04199cd345a05eae,71e6acd5edbff45d255ec0d33ae04ea2aa4e594b644b6b50d7801bccfe500875,canonical,71e6acd5edbff45d255ec0d33ae04ea2aa4e594b644b6b50d7801bccfe500875,b0d344e7657faa49544fc6728ecef42bb1a7621256c0628386f9fe91a087205d,0.7962674935766076,3.1,1546,676cab65b9b07066c8c72e25df53757479a1bc870f4f849d8b593086fd660279,4,3.9.13,1,20260731,5100bea53cb66b6856be449df66ac83a65e9dd4175d12d66f8048169560e14e0,e54e16e62e9c0b7ad0dfc31cc028298aa92904a3dbd789ef8e88b598d4883088,482e21de1fe3f417f862b63d19767746db3a829786b690234ef4253d1c69c21a,5
b9efd61abfad4d7ffcbfb6344b1f4f05950241b802fe93e8035038eeedefd138,4b4d5afdaaf9bbcd8958ad7662e6f973b3201fd548c97d2e7365dff940c4d49d,db8b8355040ace270b4b4b16a86422a6ff2433f849b0a9ec471fc1a4850b0c05,28,2242,dbd1c939576a7663effb627147d67716f784fdbd66c3c96d04199cd345a05eae,71e6acd5edbff45d255ec0d33ae04ea2aa4e594b644b6b50d7801bccfe500875,canonical,71e6acd5edbff45d255ec0d33ae04ea2aa4e594b644b6b50d7801bccfe500875,b0d344e7657faa49544fc6728ecef42bb1a7621256c0628386f9fe91a087205d,0.7962674935766076,3.1,1546,676cab65b9b07066c8c72e25df53757479a1bc870f4f849d8b593086fd660279,5,3.9.13,1,20260731,5100bea53cb66b6856be449df66ac83a65e9dd4175d12d66f8048169560e14e0,e54e16e62e9c0b7ad0dfc31cc028298aa92904a3dbd789ef8e88b598d4883088,482e21de1fe3f417f862b63d19767746db3a829786b690234ef4253d1c69c21a,5
b9efd61abfad4d7ffcbfb6344b1f4f05950241b802fe93e8035038eeedefd138,4b4d5afdaaf9bbcd8958ad7662e6f973b3201fd548c97d2e7365dff940c4d49d,db8b8355040ace270b4b4b16a86422a6ff2433f849b0a9ec471fc1a4850b0c05,28,2242,dbd1c939576a7663effb627147d67716f784fdbd66c3c96d04199cd345a05eae,71e6acd5edbff45d255ec0d33ae04ea2aa4e594b644b6b50d7801bccfe500875,canonical,71e6acd5edbff45d255ec0d33ae04ea2aa4e594b644b6b50d7801bccfe500875,b0d344e7657faa49544fc6728ecef42bb1a7621256c0628386f9fe91a087205d,0.7962674935766076,3.1,1546,676cab65b9b07066c8c72e25df53757479a1bc870f4f849d8b593086fd660279,1,3.9.13,2,20260731,0151760465ed6b84b2284ca3390f3b25d05f3cb93f8ce627d6f28c7cf289db8e,a73623ebc5e28b967868c7a0ceef3ab4e15eae0cb7fb7dc1cfe2d65843f72b6a,5c2800b3b737701c37f1029c6957bef810d638ded004b7ec4d6188e86ec721f3,5
b9efd61abfad4d7ffcbfb6344b1f4f05950241b802fe93e8035038eeedefd138,4b4d5afdaaf9bbcd8958ad7662e6f973b3201fd548c97d2e7365dff940c4d49d,db8b8355040ace270b4b4b16a86422a6ff2433f849b0a9ec471fc1a4850b0c05,28,2242,dbd1c939576a7663effb627147d67716f784fdbd66c3c96d04199cd345a05eae,71e6acd5edbff45d255ec0d33ae04ea2aa4e594b644b6b50d7801bccfe500875,canonical,71e6acd5edbff45d255ec0d33ae04ea2aa4e594b644b6b50d7801bccfe500875,b0d344e7657faa49544fc6728ecef42bb1a7621256c0628386f9fe91a087205d,0.7962674935766076,3.1,1546,676cab65b9b07066c8c72e25df53757479a1bc870f4f849d8b593086fd660279,2,3.9.13,2,20260731,0151760465ed6b84b2284ca3390f3b25d05f3cb93f8ce627d6f28c7cf289db8e,a73623ebc5e28b967868c7a0ceef3ab4e15eae0cb7fb7dc1cfe2d65843f72b6a,5c2800b3b737701c37f1029c6957bef810d638ded004b7ec4d6188e86ec721f3,5
b9efd61abfad4d7ffcbfb6344b1f4f05950241b802fe93e8035038eeedefd138,4b4d5afdaaf9bbcd8958ad7662e6f973b3201fd548c97d2e7365dff940c4d49d,db8b8355040ace270b4b4b16a86422a6ff2433f849b0a9ec471fc1a4850b0c05,28,2242,dbd1c939576a7663effb627147d67716f784fdbd66c3c96d04199cd345a05eae,71e6acd5edbff45d255ec0d33ae04ea2aa4e594b644b6b50d7801bccfe500875,canonical,71e6acd5edbff45d255ec0d33ae04ea2aa4e594b644b6b50d7801bccfe500875,b0d344e7657faa49544fc6728ecef42bb1a7621256c0628386f9fe91a087205d,0.7962674935766076,3.1,1546,676cab65b9b07066c8c72e25df53757479a1bc870f4f849d8b593086fd660279,3,3.9.13,2,20260731,0151760465ed6b84b2284ca3390f3b25d05f3cb93f8ce627d6f28c7cf289db8e,a73623ebc5e28b967868c7a0ceef3ab4e15eae0cb7fb7dc1cfe2d65843f72b6a,5c2800b3b737701c37f1029c6957bef810d638ded004b7ec4d6188e86ec721f3,5
b9efd61abfad4d7ffcbfb6344b1f4f05950241b802fe93e8035038eeedefd138,4b4d5afdaaf9bbcd8958ad7662e6f973b3201fd548c97d2e7365dff940c4d49d,db8b8355040ace270b4b4b16a86422a6ff2433f849b0a9ec471fc1a4850b0c05,28,2242,dbd1c939576a7663effb627147d67716f784fdbd66c3c96d04199cd345a05eae,71e6acd5edbff45d255ec0d33ae04ea2aa4e594b644b6b50d7801bccfe500875,canonical,71e6acd5edbff45d255ec0d33ae04ea2aa4e594b644b6b50d7801bccfe500875,b0d344e7657faa49544fc6728ecef42bb1a7621256c0628386f9fe91a087205d,0.7962674935766076,3.1,1546,676cab65b9b07066c8c72e25df53757479a1bc870f4f849d8b593086fd660279,4,3.9.13,2,20260731,0151760465ed6b84b2284ca3390f3b25d05f3cb93f8ce627d6f28c7cf289db8e,a73623ebc5e28b967868c7a0ceef3ab4e15eae0cb7fb7dc1cfe2d65843f72b6a,5c2800b3b737701c37f1029c6957bef810d638ded004b7ec4d6188e86ec721f3,5
b9efd61abfad4d7ffcbfb6344b1f4f05950241b802fe93e8035038eeedefd138,4b4d5afdaaf9bbcd8958ad7662e6f973b3201fd548c97d2e7365dff940c4d49d,db8b8355040ace270b4b4b16a86422a6ff2433f849b0a9ec471fc1a4850b0c05,28,2242,dbd1c939576a7663effb627147d67716f784fdbd66c3c96d04199cd345a05eae,71e6acd5edbff45d255ec0d33ae04ea2aa4e594b644b6b50d7801bccfe500875,canonical,71e6acd5edbff45d255ec0d33ae04ea2aa4e594b644b6b50d7801bccfe500875,b0d344e7657faa49544fc6728ecef42bb1a7621256c0628386f9fe91a087205d,0.7962674935766076,3.1,1546,676cab65b9b07066c8c72e25df53757479a1bc870f4f849d8b593086fd660279,5,3.9.13,2,20260731,0151760465ed6b84b2284ca3390f3b25d05f3cb93f8ce627d6f28c7cf289db8e,a73623ebc5e28b967868c7a0ceef3ab4e15eae0cb7fb7dc1cfe2d65843f72b6a,5c2800b3b737701c37f1029c6957bef810d638ded004b7ec4d6188e86ec721f3,5
b9efd61abfad4d7ffcbfb6344b1f4f05950241b802fe93e8035038eeedefd138,4b4d5afdaaf9bbcd8958ad7662e6f973b3201fd548c97d2e7365dff940c4d49d,db8b8355040ace270b4b4b16a86422a6ff2433f849b0a9ec471fc1a4850b0c05,28,2242,dbd1c939576a7663effb627147d67716f784fdbd66c3c96d04199cd345a05eae,71e6acd5edbff45d255ec0d33ae04ea2aa4e594b644b6b50d7801bccfe500875,canonical,71e6acd5edbff45d255ec0d33ae04ea2aa4e594b644b6b50d7801bccfe500875,b0d344e7657faa49544fc6728ecef42bb1a7621256c0628386f9fe91a087205d,0.7962674935766076,3.1,1546,676cab65b9b07066c8c72e25df53757479a1bc870f4f849d8b593086fd660279,1,3.9.13,42,20260731,c6399cbea6d535dd072149f952ba3a97d44269906d6ffe36f2366305c90e4f25,fe1ff0e7eb42b91b76c8338216bc80c2c54aa29d969649b35be02853f8ca265e,56027aec183e5951834e7e49341f9159551835f6e621aea6d30e1ea3cf33219e,5
b9efd61abfad4d7ffcbfb6344b1f4f05950241b802fe93e8035038eeedefd138,4b4d5afdaaf9bbcd8958ad7662e6f973b3201fd548c97d2e7365dff940c4d49d,db8b8355040ace270b4b4b16a86422a6ff2433f849b0a9ec471fc1a4850b0c05,28,2242,dbd1c939576a7663effb627147d67716f784fdbd66c3c96d04199cd345a05eae,71e6acd5edbff45d255ec0d33ae04ea2aa4e594b644b6b50d7801bccfe500875,canonical,71e6acd5edbff45d255ec0d33ae04ea2aa4e594b644b6b50d7801bccfe500875,b0d344e7657faa49544fc6728ecef42bb1a7621256c0628386f9fe91a087205d,0.7962674935766076,3.1,1546,676cab65b9b07066c8c72e25df53757479a1bc870f4f849d8b593086fd660279,2,3.9.13,42,20260731,c6399cbea6d535dd072149f952ba3a97d44269906d6ffe36f2366305c90e4f25,fe1ff0e7eb42b91b76c8338216bc80c2c54aa29d969649b35be02853f8ca265e,56027aec183e5951834e7e49341f9159551835f6e621aea6d30e1ea3cf33219e,5
b9efd61abfad4d7ffcbfb6344b1f4f05950241b802fe93e8035038eeedefd138,4b4d5afdaaf9bbcd8958ad7662e6f973b3201fd548c97d2e7365dff940c4d49d,db8b8355040ace270b4b4b16a86422a6ff2433f849b0a9ec471fc1a4850b0c05,28,2242,dbd1c939576a7663effb627147d67716f784fdbd66c3c96d04199cd345a05eae,71e6acd5edbff45d255ec0d33ae04ea2aa4e594b644b6b50d7801bccfe500875,canonical,71e6acd5edbff45d255ec0d33ae04ea2aa4e594b644b6b50d7801bccfe500875,b0d344e7657faa49544fc6728ecef42bb1a7621256c0628386f9fe91a087205d,0.7962674935766076,3.1,1546,676cab65b9b07066c8c72e25df53757479a1bc870f4f849d8b593086fd660279,3,3.9.13,42,20260731,c6399cbea6d535dd072149f952ba3a97d44269906d6ffe36f2366305c90e4f25,fe1ff0e7eb42b91b76c8338216bc80c2c54aa29d969649b35be02853f8ca265e,56027aec183e5951834e7e49341f9159551835f6e621aea6d30e1ea3cf33219e,5
b9efd61abfad4d7ffcbfb6344b1f4f05950241b802fe93e8035038eeedefd138,4b4d5afdaaf9bbcd8958ad7662e6f973b3201fd548c97d2e7365dff940c4d49d,db8b8355040ace270b4b4b16a86422a6ff2433f849b0a9ec471fc1a4850b0c05,28,2242,dbd1c939576a7663effb627147d67716f784fdbd66c3c96d04199cd345a05eae,71e6acd5edbff45d255ec0d33ae04ea2aa4e594b644b6b50d7801bccfe500875,canonical,71e6acd5edbff45d255ec0d33ae04ea2aa4e594b644b6b50d7801bccfe500875,b0d344e7657faa49544fc6728ecef42bb1a7621256c0628386f9fe91a087205d,0.7962674935766076,3.1,1546,676cab65b9b07066c8c72e25df53757479a1bc870f4f849d8b593086fd660279,4,3.9.13,42,20260731,c6399cbea6d535dd072149f952ba3a97d44269906d6ffe36f2366305c90e4f25,fe1ff0e7eb42b91b76c8338216bc80c2c54aa29d969649b35be02853f8ca265e,56027aec183e5951834e7e49341f9159551835f6e621aea6d30e1ea3cf33219e,5
b9efd61abfad4d7ffcbfb6344b1f4f05950241b802fe93e8035038eeedefd138,4b4d5afdaaf9bbcd8958ad7662e6f973b3201fd548c97d2e7365dff940c4d49d,db8b8355040ace270b4b4b16a86422a6ff2433f849b0a9ec471fc1a4850b0c05,28,2242,dbd1c939576a7663effb627147d67716f784fdbd66c3c96d04199cd345a05eae,71e6acd5edbff45d255ec0d33ae04ea2aa4e594b644b6b50d7801bccfe500875,canonical,71e6acd5edbff45d255ec0d33ae04ea2aa4e594b644b6b50d7801bccfe500875,b0d344e7657faa49544fc6728ecef42bb1a7621256c0628386f9fe91a087205d,0.7962674935766076,3.1,1546,676cab65b9b07066c8c72e25df53757479a1bc870f4f849d8b593086fd660279,5,3.9.13,42,20260731,c6399cbea6d535dd072149f952ba3a97d44269906d6ffe36f2366305c90e4f25,fe1ff0e7eb42b91b76c8338216bc80c2c54aa29d969649b35be02853f8ca265e,56027aec183e5951834e7e49341f9159551835f6e621aea6d30e1ea3cf33219e,5
b9efd61abfad4d7ffcbfb6344b1f4f05950241b802fe93e8035038eeedefd138,4b4d5afdaaf9bbcd8958ad7662e6f973b3201fd548c97d2e7365dff940c4d49d,db8b8355040ace270b4b4b16a86422a6ff2433f849b0a9ec471fc1a4850b0c05,28,2242,dbd1c939576a7663effb627147d67716f784fdbd66c3c96d04199cd345a05eae,71e6acd5edbff45d255ec0d33ae04ea2aa4e594b644b6b50d7801bccfe500875,canonical,71e6acd5edbff45d255ec0d33ae04ea2aa4e594b644b6b50d7801bccfe500875,b0d344e7657faa49544fc6728ecef42bb1a7621256c0628386f9fe91a087205d,0.7962674935766076,3.1,1546,676cab65b9b07066c8c72e25df53757479a1bc870f4f849d8b593086fd660279,1,3.9.13,20260731,20260731,fb161e42aa7fe130ed91fb7443f65564dc9aba13935e4e9ea4dfd7fb6dccba48,ede1da6e62685560301b7d6e89deeb9eb0e4bd4c2d7a3e16d0f823a87e6d5048,4075c79172b92c29d6955229bf8e96300d3a2908da2175d8ee9e22ec48df0278,5
b9efd61abfad4d7ffcbfb6344b1f4f05950241b802fe93e8035038eeedefd138,4b4d5afdaaf9bbcd8958ad7662e6f973b3201fd548c97d2e7365dff940c4d49d,db8b8355040ace270b4b4b16a86422a6ff2433f849b0a9ec471fc1a4850b0c05,28,2242,dbd1c939576a7663effb627147d67716f784fdbd66c3c96d04199cd345a05eae,71e6acd5edbff45d255ec0d33ae04ea2aa4e594b644b6b50d7801bccfe500875,canonical,71e6acd5edbff45d255ec0d33ae04ea2aa4e594b644b6b50d7801bccfe500875,b0d344e7657faa49544fc6728ecef42bb1a7621256c0628386f9fe91a087205d,0.7962674935766076,3.1,1546,676cab65b9b07066c8c72e25df53757479a1bc870f4f849d8b593086fd660279,2,3.9.13,20260731,20260731,fb161e42aa7fe130ed91fb7443f65564dc9aba13935e4e9ea4dfd7fb6dccba48,ede1da6e62685560301b7d6e89deeb9eb0e4bd4c2d7a3e16d0f823a87e6d5048,4075c79172b92c29d6955229bf8e96300d3a2908da2175d8ee9e22ec48df0278,5
b9efd61abfad4d7ffcbfb6344b1f4f05950241b802fe93e8035038eeedefd138,4b4d5afdaaf9bbcd8958ad7662e6f973b3201fd548c97d2e7365dff940c4d49d,db8b8355040ace270b4b4b16a86422a6ff2433f849b0a9ec471fc1a4850b0c05,28,2242,dbd1c939576a7663effb627147d67716f784fdbd66c3c96d04199cd345a05eae,71e6acd5edbff45d255ec0d33ae04ea2aa4e594b644b6b50d7801bccfe500875,canonical,71e6acd5edbff45d255ec0d33ae04ea2aa4e594b644b6b50d7801bccfe500875,b0d344e7657faa49544fc6728ecef42bb1a7621256c0628386f9fe91a087205d,0.7962674935766076,3.1,1546,676cab65b9b07066c8c72e25df53757479a1bc870f4f849d8b593086fd660279,3,3.9.13,20260731,20260731,fb161e42aa7fe130ed91fb7443f65564dc9aba13935e4e9ea4dfd7fb6dccba48,ede1da6e62685560301b7d6e89deeb9eb0e4bd4c2d7a3e16d0f823a87e6d5048,4075c79172b92c29d6955229bf8e96300d3a2908da2175d8ee9e22ec48df0278,5
b9efd61abfad4d7ffcbfb6344b1f4f05950241b802fe93e8035038eeedefd138,4b4d5afdaaf9bbcd8958ad7662e6f973b3201fd548c97d2e7365dff940c4d49d,db8b8355040ace270b4b4b16a86422a6ff2433f849b0a9ec471fc1a4850b0c05,28,2242,dbd1c939576a7663effb627147d67716f784fdbd66c3c96d04199cd345a05eae,71e6acd5edbff45d255ec0d33ae04ea2aa4e594b644b6b50d7801bccfe500875,canonical,71e6acd5edbff45d255ec0d33ae04ea2aa4e594b644b6b50d7801bccfe500875,b0d344e7657faa49544fc6728ecef42bb1a7621256c0628386f9fe91a087205d,0.7962674935766076,3.1,1546,676cab65b9b07066c8c72e25df53757479a1bc870f4f849d8b593086fd660279,4,3.9.13,20260731,20260731,fb161e42aa7fe130ed91fb7443f65564dc9aba13935e4e9ea4dfd7fb6dccba48,ede1da6e62685560301b7d6e89deeb9eb0e4bd4c2d7a3e16d0f823a87e6d5048,4075c79172b92c29d6955229bf8e96300d3a2908da2175d8ee9e22ec48df0278,5
b9efd61abfad4d7ffcbfb6344b1f4f05950241b802fe93e8035038eeedefd138,4b4d5afdaaf9bbcd8958ad7662e6f973b3201fd548c97d2e7365dff940c4d49d,db8b8355040ace270b4b4b16a86422a6ff2433f849b0a9ec471fc1a4850b0c05,28,2242,dbd1c939576a7663effb627147d67716f784fdbd66c3c96d04199cd345a05eae,71e6acd5edbff45d255ec0d33ae04ea2aa4e594b644b6b50d7801bccfe500875,canonical,71e6acd5edbff45d255ec0d33ae04ea2aa4e594b644b6b50d7801bccfe500875,b0d344e7657faa49544fc6728ecef42bb1a7621256c0628386f9fe91a087205d,0.7962674935766076,3.1,1546,676cab65b9b07066c8c72e25df53757479a1bc870f4f849d8b593086fd660279,5,3.9.13,20260731,20260731,fb161e42aa7fe130ed91fb7443f65564dc9aba13935e4e9ea4dfd7fb6dccba48,ede1da6e62685560301b7d6e89deeb9eb0e4bd4c2d7a3e16d0f823a87e6d5048,4075c79172b92c29d6955229bf8e96300d3a2908da2175d8ee9e22ec48df0278,5
b7b3ab9c29df7152fe78445fad6feb22a3d958f57041bb4abc2c8b30ab900d72,bba7746a3f9983dcd096017764f1b092aba913346c731897e9b6439463b3cdd2,e0a002051b666aeaeafe5cb29d3d2cf8a6ad744034f4b7cb0b9dd3af839e6911,21,1344,f5b452b10920355d5169ce0170050184a7fd2139d78b3d6db9f34470c2cb7a1c,71e6acd5edbff45d255ec0d33ae04ea2aa4e594b644b6b50d7801bccfe500875,canonical,71e6acd5edbff45d255ec0d33ae04ea2aa4e594b644b6b50d7801bccfe500875,ddeeb9afc3e8331f05f98b70dd7fa617976504518449a849311bf396019844d4,0.7851714821417686,3.1,975,041c33b735278810e5d7a8969ac544230613fcfe3fcbf73b041268c694fcb5b4,1,3.9.13,0,20260731,5464e286d7e183a9200ae06600656f5d4e3751aea66c6401ff15d98718f6aafc,ba1f745125dbca01461caa19ff58e5ed7d875f712372a840df49598c711ee083,c5903c253534354f041aba65b135da3f5e53efa921649d628e79a7b71282ada6,10
b7b3ab9c29df7152fe78445fad6feb22a3d958f57041bb4abc2c8b30ab900d72,bba7746a3f9983dcd096017764f1b092aba913346c731897e9b6439463b3cdd2,e0a002051b666aeaeafe5cb29d3d2cf8a6ad744034f4b7cb0b9dd3af839e6911,21,1344,f5b452b10920355d5169ce0170050184a7fd2139d78b3d6db9f34470c2cb7a1c,71e6acd5edbff45d255ec0d33ae04ea2aa4e594b644b6b50d7801bccfe500875,canonical,71e6acd5edbff45d255ec0d33ae04ea2aa4e594b644b6b50d7801bccfe500875,ddeeb9afc3e8331f05f98b70dd7fa617976504518449a849311bf396019844d4,0.7851714821417686,3.1,975,041c33b735278810e5d7a8969ac544230613fcfe3fcbf73b041268c694fcb5b4,2,3.9.13,0,20260731,5464e286d7e183a9200ae06600656f5d4e3751aea66c6401ff15d98718f6aafc,ba1f745125dbca01461caa19ff58e5ed7d875f712372a840df49598c711ee083,c5903c253534354f041aba65b135da3f5e53efa921649d628e79a7b71282ada6,10
b7b3ab9c29df7152fe78445fad6feb22a3d958f57041bb4abc2c8b30ab900d72,bba7746a3f9983dcd096017764f1b092aba913346c731897e9b6439463b3cdd2,e0a002051b666aeaeafe5cb29d3d2cf8a6ad744034f4b7cb0b9dd3af839e6911,21,1344,f5b452b10920355d5169ce0170050184a7fd2139d78b3d6db9f34470c2cb7a1c,71e6acd5edbff45d255ec0d33ae04ea2aa4e594b644b6b50d7801bccfe500875,canonical,71e6acd5edbff45d255ec0d33ae04ea2aa4e594b644b6b50d7801bccfe500875,ddeeb9afc3e8331f05f98b70dd7fa617976504518449a849311bf396019844d4,0.7851714821417686,3.1,975,041c33b735278810e5d7a8969ac544230613fcfe3fcbf73b041268c694fcb5b4,3,3.9.13,0,20260731,5464e286d7e183a9200ae06600656f5d4e3751aea66c6401ff15d98718f6aafc,ba1f745125dbca01461caa19ff58e5ed7d875f712372a840df49598c711ee083,c5903c253534354f041aba65b135da3f5e53efa921649d628e79a7b71282ada6,10
b7b3ab9c29df7152fe78445fad6feb22a3d958f57041bb4abc2c8b30ab900d72,bba7746a3f9983dcd096017764f1b092aba913346c731897e9b6439463b3cdd2,e0a002051b666aeaeafe5cb29d3d2cf8a6ad744034f4b7cb0b9dd3af839e6911,21,1344,f5b452b10920355d5169ce0170050184a7fd2139d78b3d6db9f34470c2cb7a1c,71e6acd5edbff45d255ec0d33ae04ea2aa4e594b644b6b50d7801bccfe500875,canonical,71e6acd5edbff45d255ec0d33ae04ea2aa4e594b644b6b50d7801bccfe500875,ddeeb9afc3e8331f05f98b70dd7fa617976504518449a849311bf396019844d4,0.7851714821417686,3.1,975,041c33b735278810e5d7a8969ac544230613fcfe3fcbf73b041268c694fcb5b4,4,3.9.13,0,20260731,5464e286d7e183a9200ae06600656f5d4e3751aea66c6401ff15d98718f6aafc,ba1f745125dbca01461caa19ff58e5ed7d875f712372a840df49598c711ee083,c5903c253534354f041aba65b135da3f5e53efa921649d628e79a7b71282ada6,10
b7b3ab9c29df7152fe78445fad6feb22a3d958f57041bb4abc2c8b30ab900d72,bba7746a3f9983dcd096017764f1b092aba913346c731897e9b6439463b3cdd2,e0a002051b666aeaeafe5cb29d3d2cf8a6ad744034f4b7cb0b9dd3af839e6911,21,1344,f5b452b10920355d5169ce0170050184a7fd2139d78b3d6db9f34470c2cb7a1c,71e6acd5edbff45d255ec0d33ae04ea2aa4e594b644b6b50d7801bccfe500875,canonical,71e6acd5edbff45d255ec0d33ae04ea2aa4e594b644b6b50d7801bccfe500875,ddeeb9afc3e8331f05f98b70dd7fa617976504518449a849311bf396019844d4,0.7851714821417686,3.1,975,041c33b735278810e5d7a8969ac544230613fcfe3fcbf73b041268c694fcb5b4,5,3.9.13,0,20260731,5464e286d7e183a9200ae06600656f5d4e3751aea66c6401ff15d98718f6aafc,ba1f745125dbca01461caa19ff58e5ed7d875f712372a840df49598c711ee083,c5903c253534354f041aba65b135da3f5e53efa921649d628e79a7b71282ada6,10
b7b3ab9c29df7152fe78445fad6feb22a3d958f57041bb4abc2c8b30ab900d72,bba7746a3f9983dcd096017764f1b092aba913346c731897e9b6439463b3cdd2,e0a002051b666aeaeafe5cb29d3d2cf8a6ad744034f4b7cb0b9dd3af839e6911,21,1344,f5b452b10920355d5169ce0170050184a7fd2139d78b3d6db9f34470c2cb7a1c,71e6acd5edbff45d255ec0d33ae04ea2aa4e594b644b6b50d7801bccfe500875,canonical,71e6acd5edbff45d255ec0d33ae04ea2aa4e594b644b6b50d7801bccfe500875,ddeeb9afc3e8331f05f98b70dd7fa617976504518449a849311bf396019844d4,0.7851714821417686,3.1,975,041c33b735278810e5d7a8969ac544230613fcfe3fcbf73b041268c694fcb5b4,6,3.9.13,0,20260731,5464e286d7e183a9200ae06600656f5d4e3751aea66c6401ff15d98718f6aafc,ba1f745125dbca01461caa19ff58e5ed7d875f712372a840df49598c711ee083,c5903c253534354f041aba65b135da3f5e53efa921649d628e79a7b71282ada6,10
b7b3ab9c29df7152fe78445fad6feb22a3d958f57041bb4abc2c8b30ab900d72,bba7746a3f9983dcd096017764f1b092aba913346c731897e9b6439463b3cdd2,e0a002051b666aeaeafe5cb29d3d2cf8a6ad744034f4b7cb0b9dd3af839e6911,21,1344,f5b452b10920355d5169ce0170050184a7fd2139d78b3d6db9f34470c2cb7a1c,71e6acd5edbff45d255ec0d33ae04ea2aa4e594b644b6b50d7801bccfe500875,canonical,71e6acd5edbff45d255ec0d33ae04ea2aa4e594b644b6b50d7801bccfe500875,ddeeb9afc3e8331f05f98b70dd7fa617976504518449a849311bf396019844d4,0.7851714821417686,3.1,975,041c33b735278810e5d7a8969ac544230613fcfe3fcbf73b041268c694fcb5b4,7,3.9.13,0,20260731,5464e286d7e183a9200ae06600656f5d4e3751aea66c6401ff15d98718f6aafc,ba1f745125dbca01461caa19ff58e5ed7d875f712372a840df49598c711ee083,c5903c253534354f041aba65b135da3f5e53efa921649d628e79a7b71282ada6,10
b7b3ab9c29df7152fe78445fad6feb22a3d958f57041bb4abc2c8b30ab900d72,bba7746a3f9983dcd096017764f1b092aba913346c731897e9b6439463b3cdd2,e0a002051b666aeaeafe5cb29d3d2cf8a6ad744034f4b7cb0b9dd3af839e6911,21,1344,f5b452b10920355d5169ce0170050184a7fd2139d78b3d6db9f34470c2cb7a1c,71e6acd5edbff45d255ec0d33ae04ea2aa4e594b644b6b50d7801bccfe500875,canonical,71e6acd5edbff45d255ec0d33ae04ea2aa4e594b644b6b50d7801bccfe500875,ddeeb9afc3e8331f05f98b70dd7fa617976504518449a849311bf396019844d4,0.7851714821417686,3.1,975,041c33b735278810e5d7a8969ac544230613fcfe3fcbf73b041268c694fcb5b4,8,3.9.13,0,20260731,5464e286d7e183a9200ae06600656f5d4e3751aea66c6401ff15d98718f6aafc,ba1f745125dbca01461caa19ff58e5ed7d875f712372a840df49598c711ee083,c5903c253534354f041aba65b135da3f5e53efa921649d628e79a7b71282ada6,10
b7b3ab9c29df7152fe78445fad6feb22a3d958f57041bb4abc2c8b30ab900d72,bba7746a3f9983dcd096017764f1b092aba913346c731897e9b6439463b3cdd2,e0a002051b666aeaeafe5cb29d3d2cf8a6ad744034f4b7cb0b9dd3af839e6911,21,1344,f5b452b10920355d5169ce0170050184a7fd2139d78b3d6db9f34470c2cb7a1c,71e6acd5edbff45d255ec0d33ae04ea2aa4e594b644b6b50d7801bccfe500875,canonical,71e6acd5edbff45d255ec0d33ae04ea2aa4e594b644b6b50d7801bccfe500875,ddeeb9afc3e8331f05f98b70dd7fa617976504518449a849311bf396019844d4,0.7851714821417686,3.1,975,041c33b735278810e5d7a8969ac544230613fcfe3fcbf73b041268c694fcb5b4,9,3.9.13,0,20260731,5464e286d7e183a9200ae06600656f5d4e3751aea66c6401ff15d98718f6aafc,ba1f745125dbca01461caa19ff58e5ed7d875f712372a840df49598c711ee083,c5903c253534354f041aba65b135da3f5e53efa921649d628e79a7b71282ada6,10
b7b3ab9c29df7152fe78445fad6feb22a3d958f57041bb4abc2c8b30ab900d72,bba7746a3f9983dcd096017764f1b092aba913346c731897e9b6439463b3cdd2,e0a002051b666aeaeafe5cb29d3d2cf8a6ad744034f4b7cb0b9dd3af839e6911,21,1344,f5b452b10920355d5169ce0170050184a7fd2139d78b3d6db9f34470c2cb7a1c,71e6acd5edbff45d255ec0d33ae04ea2aa4e594b644b6b50d7801bccfe500875,canonical,71e6acd5edbff45d255ec0d33ae04ea2aa4e594b644b6b50d7801bccfe500875,ddeeb9afc3e8331f05f98b70dd7fa617976504518449a849311bf396019844d4,0.7851714821417686,3.1,975,041c33b735278810e5d7a8969ac544230613fcfe3fcbf73b041268c694fcb5b4,10,3.9.13,0,20260731,5464e286d7e183a9200ae06600656f5d4e3751aea66c6401ff15d98718f6aafc,ba1f745125dbca01461caa19ff58e5ed7d875f712372a840df49598c711ee083,c5903c253534354f041aba65b135da3f5e53efa921649d628e79a7b71282ada6,10
b7b3ab9c29df7152fe78445fad6feb22a3d958f57041bb4abc2c8b30ab900d72,bba7746a3f9983dcd096017764f1b092aba913346c731897e9b6439463b3cdd2,e0a002051b666aeaeafe5cb29d3d2cf8a6ad744034f4b7cb0b9dd3af839e6911,21,1344,f5b452b10920355d5169ce0170050184a7fd2139d78b3d6db9f34470c2cb7a1c,71e6acd5edbff45d255ec0d33ae04ea2aa4e594b644b6b50d7801bccfe500875,canonical,71e6acd5edbff45d255ec0d33ae04ea2aa4e594b644b6b50d7801bccfe500875,ddeeb9afc3e8331f05f98b70dd7fa617976504518449a849311bf396019844d4,0.7851714821417686,3.1,975,041c33b735278810e5d7a8969ac544230613fcfe3fcbf73b041268c694fcb5b4,11,3.9.13,0,20260731,5464e286d7e183a9200ae06600656f5d4e3751aea66c6401ff15d98718f6aafc,ba1f745125dbca01461caa19ff58e5ed7d875f712372a840df49598c711ee083,c5903c253534354f041aba65b135da3f5e53efa921649d628e79a7b71282ada6,10
b7b3ab9c29df7152fe78445fad6feb22a3d958f57041bb4abc2c8b30ab900d72,bba7746a3f9983dcd096017764f1b092aba913346c731897e9b6439463b3cdd2,e0a002051b666aeaeafe5cb29d3d2cf8a6ad744034f4b7cb0b9dd3af839e6911,21,1344,f5b452b10920355d5169ce0170050184a7fd2139d78b3d6db9f34470c2cb7a1c,71e6acd5edbff45d255ec0d33ae04ea2aa4e594b644b6b50d7801bccfe500875,canonical,71e6acd5edbff45d255ec0d33ae04ea2aa4e594b644b6b50d7801bccfe500875,ddeeb9afc3e8331f05f98b70dd7fa617976504518449a849311bf396019844d4,0.7851714821417686,3.1,975,041c33b735278810e5d7a8969ac544230613fcfe3fcbf73b041268c694fcb5b4,12,3.9.13,0,20260731,5464e286d7e183a9200ae06600656f5d4e3751aea66c6401ff15d98718f6aafc,ba1f745125dbca01461caa19ff58e5ed7d875f712372a840df49598c711ee083,c5903c253534354f041aba65b135da3f5e53efa921649d628e79a7b71282ada6,10
b7b3ab9c29df7152fe78445fad6feb22a3d958f57041bb4abc2c8b30ab900d72,bba7746a3f9983dcd096017764f1b092aba913346c731897e9b6439463b3cdd2,e0a002051b666aeaeafe5cb29d3d2cf8a6ad744034f4b7cb0b9dd3af839e6911,21,1344,f5b452b10920355d5169ce0170050184a7fd2139d78b3d6db9f34470c2cb7a1c,71e6acd5edbff45d255ec0d33ae04ea2aa4e594b644b6b50d7801bccfe500875,canonical,71e6acd5edbff45d255ec0d33ae04ea2aa4e594b644b6b50d7801bccfe500875,ddeeb9afc3e8331f05f98b70dd7fa617976504518449a849311bf396019844d4,0.7851714821417686,3.1,975,041c33b735278810e5d7a8969ac544230613fcfe3fcbf73b041268c694fcb5b4,13,3.9.13,0,20260731,5464e286d7e183a9200ae06600656f5d4e3751aea66c6401ff15d98718f6aafc,ba1f745125dbca01461caa19ff58e5ed7d875f712372a840df49598c711ee083,c5903c253534354f041aba65b135da3f5e53efa921649d628e79a7b71282ada6,10
b7b3ab9c29df7152fe78445fad6feb22a3d958f57041bb4abc2c8b30ab900d72,bba7746a3f9983dcd096017764f1b092aba913346c731897e9b6439463b3cdd2,e0a002051b666aeaeafe5cb29d3d2cf8a6ad744034f4b7cb0b9dd3af839e6911,21,1344,f5b452b10920355d5169ce0170050184a7fd2139d78b3d6db9f34470c2cb7a1c,71e6acd5edbff45d255ec0d33ae04ea2aa4e594b644b6b50d7801bccfe500875,canonical,71e6acd5edbff45d255ec0d33ae04ea2aa4e594b644b6b50d7801bccfe500875,ddeeb9afc3e8331f05f98b70dd7fa617976504518449a849311bf396019844d4,0.7851714821417686,3.1,975,041c33b735278810e5d7a8969ac544230613fcfe3fcbf73b041268c694fcb5b4,14,3.9.13,0,20260731,5464e286d7e183a9200ae06600656f5d4e3751aea66c6401ff15d98718f6aafc,ba1f745125dbca01461caa19ff58e5ed7d875f712372a840df49598c711ee083,c5903c253534354f041aba65b135da3f5e53efa921649d628e79a7b71282ada6,10
b7b3ab9c29df7152fe78445fad6feb22a3d958f57041bb4abc2c8b30ab900d72,bba7746a3f9983dcd096017764f1b092aba913346c731897e9b6439463b3cdd2,e0a002051b666aeaeafe5cb29d3d2cf8a6ad744034f4b7cb0b9dd3af839e6911,21,1344,f5b452b10920355d5169ce0170050184a7fd2139d78b3d6db9f34470c2cb7a1c,71e6acd5edbff45d255ec0d33ae04ea2aa4e594b644b6b50d7801bccfe500875,canonical,71e6acd5edbff45d255ec0d33ae04ea2aa4e594b644b6b50d7801bccfe500875,ddeeb9afc3e8331f05f98b70dd7fa617976504518449a849311bf396019844d4,0.7851714821417686,3.1,975,041c33b735278810e5d7a8969ac544230613fcfe3fcbf73b041268c694fcb5b4,15,3.9.13,0,20260731,5464e286d7e183a9200ae06600656f5d4e3751aea66c6401ff15d98718f6aafc,ba1f745125dbca01461caa19ff58e5ed7d875f712372a840df49598c711ee083,c5903c253534354f041aba65b135da3f5e53efa921649d628e79a7b71282ada6,10
b7b3ab9c29df7152fe78445fad6feb22a3d958f57041bb4abc2c8b30ab900d72,bba7746a3f9983dcd096017764f1b092aba913346c731897e9b6439463b3cdd2,e0a002051b666aeaeafe5cb29d3d2cf8a6ad744034f4b7cb0b9dd3af839e6911,21,1344,f5b452b10920355d5169ce0170050184a7fd2139d78b3d6db9f34470c2cb7a1c,71e6acd5edbff45d255ec0d33ae04ea2aa4e594b644b6b50d7801bccfe500875,canonical,71e6acd5edbff45d255ec0d33ae04ea2aa4e594b644b6b50d7801bccfe500875,ddeeb9afc3e8331f05f98b70dd7fa617976504518449a849311bf396019844d4,0.7851714821417686,3.1,975,041c33b735278810e5d7a8969ac544230613fcfe3fcbf73b041268c694fcb5b4,16,3.9.13,0,20260731,5464e286d7e183a9200ae06600656f5d4e3751aea66c6401ff15d98718f6aafc,ba1f745125dbca01461caa19ff58e5ed7d875f712372a840df49598c711ee083,c5903c253534354f041aba65b135da3f5e53efa921649d628e79a7b71282ada6,10
b7b3ab9c29df7152fe78445fad6feb22a3d958f57041bb4abc2c8b30ab900d72,bba7746a3f9983dcd096017764f1b092aba913346c731897e9b6439463b3cdd2,e0a002051b666aeaeafe5cb29d3d2cf8a6ad744034f4b7cb0b9dd3af839e6911,21,1344,f5b452b10920355d5169ce0170050184a7fd2139d78b3d6db9f34470c2cb7a1c,71e6acd5edbff45d255ec0d33ae04ea2aa4e594b644b6b50d7801bccfe500875,canonical,71e6acd5edbff45d255ec0d33ae04ea2aa4e594b644b6b50d7801bccfe500875,ddeeb9afc3e8331f05f98b70dd7fa617976504518449a849311bf396019844d4,0.7851714821417686,3.1,975,041c33b735278810e5d7a8969ac544230613fcfe3fcbf73b041268c694fcb5b4,17,3.9.13,0,20260731,5464e286d7e183a9200ae06600656f5d4e3751aea66c6401ff15d98718f6aafc,ba1f745125dbca01461caa19ff58e5ed7d875f712372a840df49598c711ee083,c5903c253534354f041aba65b135da3f5e53efa921649d628e79a7b71282ada6,10
b7b3ab9c29df7152fe78445fad6feb22a3d958f57041bb4abc2c8b30ab900d72,bba7746a3f9983dcd096017764f1b092aba913346c731897e9b6439463b3cdd2,e0a002051b666aeaeafe5cb29d3d2cf8a6ad744034f4b7cb0b9dd3af839e6911,21,1344,f5b452b10920355d5169ce0170050184a7fd2139d78b3d6db9f34470c2cb7a1c,71e6acd5edbff45d255ec0d33ae04ea2aa4e594b644b6b50d7801bccfe500875,canonical,71e6acd5edbff45d255ec0d33ae04ea2aa4e594b644b6b50d7801bccfe500875,ddeeb9afc3e8331f05f98b70dd7fa617976504518449a849311bf396019844d4,0.7851714821417686,3.1,975,041c33b735278810e5d7a8969ac544230613fcfe3fcbf73b041268c694fcb5b4,18,3.9.13,0,20260731,5464e286d7e183a9200ae06600656f5d4e3751aea66c6401ff15d98718f6aafc,ba1f745125dbca01461caa19ff58e5ed7d875f712372a840df49598c711ee083,c5903c253534354f041aba65b135da3f5e53efa921649d628e79a7b71282ada6,10
b7b3ab9c29df7152fe78445fad6feb22a3d958f57041bb4abc2c8b30ab900d72,bba7746a3f9983dcd096017764f1b092aba913346c731897e9b6439463b3cdd2,e0a002051b666aeaeafe5cb29d3d2cf8a6ad744034f4b7cb0b9dd3af839e6911,21,1344,f5b452b10920355d5169ce0170050184a7fd2139d78b3d6db9f34470c2cb7a1c,71e6acd5edbff45d255ec0d33ae04ea2aa4e594b644b6b50d7801bccfe500875,canonical,71e6acd5edbff45d255ec0d33ae04ea2aa4e594b644b6b50d7801bccfe500875,ddeeb9afc3e8331f05f98b70dd7fa617976504518449a849311bf396019844d4,0.7851714821417686,3.1,975,041c33b735278810e5d7a8969ac544230613fcfe3fcbf73b041268c694fcb5b4,19,3.9.13,0,20260731,5464e286d7e183a9200ae06600656f5d4e3751aea66c6401ff15d98718f6aafc,ba1f745125dbca01461caa19ff58e5ed7d875f712372a840df49598c711ee083,c5903c253534354f041aba65b135da3f5e53efa921649d628e79a7b71282ada6,10
b7b3ab9c29df7152fe78445fad6feb22a3d958f57041bb4abc2c8b30ab900d72,bba7746a3f9983dcd096017764f1b092aba913346c731897e9b6439463b3cdd2,e0a002051b666aeaeafe5cb29d3d2cf8a6ad744034f4b7cb0b9dd3af839e6911,21,1344,f5b452b10920355d5169ce0170050184a7fd2139d78b3d6db9f34470c2cb7a1c,71e6acd5edbff45d255ec0d33ae04ea2aa4e594b644b6b50d7801bccfe500875,canonical,71e6acd5edbff45d255ec0d33ae04ea2aa4e594b644b6b50d7801bccfe500875,ddeeb9afc3e8331f05f98b70dd7fa617976504518449a849311bf396019844d4,0.7851714821417686,3.1,975,041c33b735278810e5d7a8969ac544230613fcfe3fcbf73b041268c694fcb5b4,20,3.9.13,0,20260731,5464e286d7e183a9200ae06600656f5d4e3751aea66c6401ff15d98718f6aafc,ba1f745125dbca01461caa19ff58e5ed7d875f712372a840df49598c711ee083,c5903c253534354f041aba65b135da3f5e53efa921649d628e79a7b71282ada6,10
b7b3ab9c29df7152fe78445fad6feb22a3d958f57041bb4abc2c8b30ab900d72,bba7746a3f9983dcd096017764f1b092aba913346c731897e9b6439463b3cdd2,e0a002051b666aeaeafe5cb29d3d2cf8a6ad744034f4b7cb0b9dd3af839e6911,21,1344,f5b452b10920355d5169ce0170050184a7fd2139d78b3d6db9f34470c2cb7a1c,71e6acd5edbff45d255ec0d33ae04ea2aa4e594b644b6b50d7801bccfe500875,canonical,71e6acd5edbff45d255ec0d33ae04ea2aa4e594b644b6b50d7801bccfe500875,ddeeb9afc3e8331f05f98b70dd7fa617976504518449a849311bf396019844d4,0.7851714821417686,3.1,975,041c33b735278810e5d7a8969ac544230613fcfe3fcbf73b041268c694fcb5b4,1,3.9.13,1,20260731,6924fcbdc1837601efbbb9c22844dd1117f3b4d696dae2f1891d4fb2f2028115,2ed96333fd064d8991489631cfb08c90eff85a928a6a3c916631ecb54511d180,b987f6d1a0417aab176e9b60d5ae7ecd36ac6c39ce724ba802ad448fe28d45db,10
b7b3ab9c29df7152fe78445fad6feb22a3d958f57041bb4abc2c8b30ab900d72,bba7746a3f9983dcd096017764f1b092aba913346c731897e9b6439463b3cdd2,e0a002051b666aeaeafe5cb29d3d2cf8a6ad744034f4b7cb0b9dd3af839e6911,21,1344,f5b452b10920355d5169ce0170050184a7fd2139d78b3d6db9f34470c2cb7a1c,71e6acd5edbff45d255ec0d33ae04ea2aa4e594b644b6b50d7801bccfe500875,canonical,71e6acd5edbff45d255ec0d33ae04ea2aa4e594b644b6b50d7801bccfe500875,ddeeb9afc3e8331f05f98b70dd7fa617976504518449a849311bf396019844d4,0.7851714821417686,3.1,975,041c33b735278810e5d7a8969ac544230613fcfe3fcbf73b041268c694fcb5b4,2,3.9.13,1,20260731,6924fcbdc1837601efbbb9c22844dd1117f3b4d696dae2f1891d4fb2f2028115,2ed96333fd064d8991489631cfb08c90eff85a928a6a3c916631ecb54511d180,b987f6d1a0417aab176e9b60d5ae7ecd36ac6c39ce724ba802ad448fe28d45db,10
b7b3ab9c29df7152fe78445fad6feb22a3d958f57041bb4abc2c8b30ab900d72,bba7746a3f9983dcd096017764f1b092aba913346c731897e9b6439463b3cdd2,e0a002051b666aeaeafe5cb29d3d2cf8a6ad744034f4b7cb0b9dd3af839e6911,21,1344,f5b452b10920355d5169ce0170050184a7fd2139d78b3d6db9f34470c2cb7a1c,71e6acd5edbff45d255ec0d33ae04ea2aa4e594b644b6b50d7801bccfe500875,canonical,71e6acd5edbff45d255ec0d33ae04ea2aa4e594b644b6b50d7801bccfe500875,ddeeb9afc3e8331f05f98b70dd7fa617976504518449a849311bf396019844d4,0.7851714821417686,3.1,975,041c33b735278810e5d7a8969ac544230613fcfe3fcbf73b041268c694fcb5b4,3,3.9.13,1,20260731,6924fcbdc1837601efbbb9c22844dd1117f3b4d696dae2f1891d4fb2f2028115,2ed96333fd064d8991489631cfb08c90eff85a928a6a3c916631ecb54511d180,b987f6d1a0417aab176e9b60d5ae7ecd36ac6c39ce724ba802ad448fe28d45db,10
b7b3ab9c29df7152fe78445fad6feb22a3d958f57041bb4abc2c8b30ab900d72,bba7746a3f9983dcd096017764f1b092aba913346c731897e9b6439463b3cdd2,e0a002051b666aeaeafe5cb29d3d2cf8a6ad744034f4b7cb0b9dd3af839e6911,21,1344,f5b452b10920355d5169ce0170050184a7fd2139d78b3d6db9f34470c2cb7a1c,71e6acd5edbff45d255ec0d33ae04ea2aa4e594b644b6b50d7801bccfe500875,canonical,71e6acd5edbff45d255ec0d33ae04ea2aa4e594b644b6b50d7801bccfe500875,ddeeb9afc3e8331f05f98b70dd7fa617976504518449a849311bf396019844d4,0.7851714821417686,3.1,975,041c33b735278810e5d7a8969ac544230613fcfe3fcbf73b041268c694fcb5b4,4,3.9.13,1,20260731,6924fcbdc1837601efbbb9c22844dd1117f3b4d696dae2f1891d4fb2f2028115,2ed96333fd064d8991489631cfb08c90eff85a928a6a3c916631ecb54511d180,b987f6d1a0417aab176e9b60d5ae7ecd36ac6c39ce724ba802ad448fe28d45db,10
b7b3ab9c29df7152fe78445fad6feb22a3d958f57041bb4abc2c8b30ab900d72,bba7746a3f9983dcd096017764f1b092aba913346c731897e9b6439463b3cdd2,e0a002051b666aeaeafe5cb29d3d2cf8a6ad744034f4b7cb0b9dd3af839e6911,21,1344,f5b452b10920355d5169ce0170050184a7fd2139d78b3d6db9f34470c2cb7a1c,71e6acd5edbff45d255ec0d33ae04ea2aa4e594b644b6b50d7801bccfe500875,canonical,71e6acd5edbff45d255ec0d33ae04ea2aa4e594b644b6b50d7801bccfe500875,ddeeb9afc3e8331f05f98b70dd7fa617976504518449a849311bf396019844d4,0.7851714821417686,3.1,975,041c33b735278810e5d7a8969ac544230613fcfe3fcbf73b041268c694fcb5b4,5,3.9.13,1,20260731,6924fcbdc1837601efbbb9c22844dd1117f3b4d696dae2f1891d4fb2f2028115,2ed96333fd064d8991489631cfb08c90eff85a928a6a3c916631ecb54511d180,b987f6d1a0417aab176e9b60d5ae7ecd36ac6c39ce724ba802ad448fe28d45db,10
b7b3ab9c29df7152fe78445fad6feb22a3d958f57041bb4abc2c8b30ab900d72,bba7746a3f9983dcd096017764f1b092aba913346c731897e9b6439463b3cdd2,e0a002051b666aeaeafe5cb29d3d2cf8a6ad744034f4b7cb0b9dd3af839e6911,21,1344,f5b452b10920355d5169ce0170050184a7fd2139d78b3d6db9f34470c2cb7a1c,71e6acd5edbff45d255ec0d33ae04ea2aa4e594b644b6b50d7801bccfe500875,canonical,71e6acd5edbff45d255ec0d33ae04ea2aa4e594b644b6b50d7801bccfe500875,ddeeb9afc3e8331f05f98b70dd7fa617976504518449a849311bf396019844d4,0.7851714821417686,3.1,975,041c33b735278810e5d7a8969ac544230613fcfe3fcbf73b041268c694fcb5b4,1,3.9.13,2,20260731,4c520e627c9b7666a26d8c6d828711d643d2427e20c2e25416c11240818a0a73,b18450e42a3fb945bb225a03bdb5c6695bb54a593622b42e04cc15975ae95e16,48124f195578fa6075a231a00f580288debc9702f984fa4d2c9fa0a2d3f39748,10
b7b3ab9c29df7152fe78445fad6feb22a3d958f57041bb4abc2c8b30ab900d72,bba7746a3f9983dcd096017764f1b092aba913346c731897e9b6439463b3cdd2,e0a002051b666aeaeafe5cb29d3d2cf8a6ad744034f4b7cb0b9dd3af839e6911,21,1344,f5b452b10920355d5169ce0170050184a7fd2139d78b3d6db9f34470c2cb7a1c,71e6acd5edbff45d255ec0d33ae04ea2aa4e594b644b6b50d7801bccfe500875,canonical,71e6acd5edbff45d255ec0d33ae04ea2aa4e594b644b6b50d7801bccfe500875,ddeeb9afc3e8331f05f98b70dd7fa617976504518449a849311bf396019844d4,0.7851714821417686,3.1,975,041c33b735278810e5d7a8969ac544230613fcfe3fcbf73b041268c694fcb5b4,2,3.9.13,2,20260731,4c520e627c9b7666a26d8c6d828711d643d2427e20c2e25416c11240818a0a73,b18450e42a3fb945bb225a03bdb5c6695bb54a593622b42e04cc15975ae95e16,48124f195578fa6075a231a00f580288debc9702f984fa4d2c9fa0a2d3f39748,10
b7b3ab9c29df7152fe78445fad6feb22a3d958f57041bb4abc2c8b30ab900d72,bba7746a3f9983dcd096017764f1b092aba913346c731897e9b6439463b3cdd2,e0a002051b666aeaeafe5cb29d3d2cf8a6ad744034f4b7cb0b9dd3af839e6911,21,1344,f5b452b10920355d5169ce0170050184a7fd2139d78b3d6db9f34470c2cb7a1c,71e6acd5edbff45d255ec0d33ae04ea2aa4e594b644b6b50d7801bccfe500875,canonical,71e6acd5edbff45d255ec0d33ae04ea2aa4e594b644b6b50d7801bccfe500875,ddeeb9afc3e8331f05f98b70dd7fa617976504518449a849311bf396019844d4,0.7851714821417686,3.1,975,041c33b735278810e5d7a8969ac544230613fcfe3fcbf73b041268c694fcb5b4,3,3.9.13,2,20260731,4c520e627c9b7666a26d8c6d828711d643d2427e20c2e25416c11240818a0a73,b18450e42a3fb945bb225a03bdb5c6695bb54a593622b42e04cc15975ae95e16,48124f195578fa6075a231a00f580288debc9702f984fa4d2c9fa0a2d3f39748,10
b7b3ab9c29df7152fe78445fad6feb22a3d958f57041bb4abc2c8b30ab900d72,bba7746a3f9983dcd096017764f1b092aba913346c731897e9b6439463b3cdd2,e0a002051b666aeaeafe5cb29d3d2cf8a6ad744034f4b7cb0b9dd3af839e6911,21,1344,f5b452b10920355d5169ce0170050184a7fd2139d78b3d6db9f34470c2cb7a1c,71e6acd5edbff45d255ec0d33ae04ea2aa4e594b644b6b50d7801bccfe500875,canonical,71e6acd5edbff45d255ec0d33ae04ea2aa4e594b644b6b50d7801bccfe500875,ddeeb9afc3e8331f05f98b70dd7fa617976504518449a849311bf396019844d4,0.7851714821417686,3.1,975,041c33b735278810e5d7a8969ac544230613fcfe3fcbf73b041268c694fcb5b4,4,3.9.13,2,20260731,4c520e627c9b7666a26d8c6d828711d643d2427e20c2e25416c11240818a0a73,b18450e42a3fb945bb225a03bdb5c6695bb54a593622b42e04cc15975ae95e16,48124f195578fa6075a231a00f580288debc9702f984fa4d2c9fa0a2d3f39748,10
b7b3ab9c29df7152fe78445fad6feb22a3d958f57041bb4abc2c8b30ab900d72,bba7746a3f9983dcd096017764f1b092aba913346c731897e9b6439463b3cdd2,e0a002051b666aeaeafe5cb29d3d2cf8a6ad744034f4b7cb0b9dd3af839e6911,21,1344,f5b452b10920355d5169ce0170050184a7fd2139d78b3d6db9f34470c2cb7a1c,71e6acd5edbff45d255ec0d33ae04ea2aa4e594b644b6b50d7801bccfe500875,canonical,71e6acd5edbff45d255ec0d33ae04ea2aa4e594b644b6b50d7801bccfe500875,ddeeb9afc3e8331f05f98b70dd7fa617976504518449a849311bf396019844d4,0.7851714821417686,3.1,975,041c33b735278810e5d7a8969ac544230613fcfe3fcbf73b041268c694fcb5b4,5,3.9.13,2,20260731,4c520e627c9b7666a26d8c6d828711d643d2427e20c2e25416c11240818a0a73,b18450e42a3fb945bb225a03bdb5c6695bb54a593622b42e04cc15975ae95e16,48124f195578fa6075a231a00f580288debc9702f984fa4d2c9fa0a2d3f39748,10
b7b3ab9c29df7152fe78445fad6feb22a3d958f57041bb4abc2c8b30ab900d72,bba7746a3f9983dcd096017764f1b092aba913346c731897e9b6439463b3cdd2,e0a002051b666aeaeafe5cb29d3d2cf8a6ad744034f4b7cb0b9dd3af839e6911,21,1344,f5b452b10920355d5169ce0170050184a7fd2139d78b3d6db9f34470c2cb7a1c,71e6acd5edbff45d255ec0d33ae04ea2aa4e594b644b6b50d7801bccfe500875,canonical,71e6acd5edbff45d255ec0d33ae04ea2aa4e594b644b6b50d7801bccfe500875,ddeeb9afc3e8331f05f98b70dd7fa617976504518449a849311bf396019844d4,0.7851714821417686,3.1,975,041c33b735278810e5d7a8969ac544230613fcfe3fcbf73b041268c694fcb5b4,1,3.9.13,42,20260731,cd8a6c7208c1fff5524e5a3fecf2e0b8fd811aace27d013e8b12243ebc5db84e,884a9e0b6c7a54680bdc7482c874fcc7ed337ad09297d14a282d44c62b500008,25f4a7e344090c2ffaab0d8d1f428342cb32acf2f9b5486dd9e35dc20f7d4346,10
b7b3ab9c29df7152fe78445fad6feb22a3d958f57041bb4abc2c8b30ab900d72,bba7746a3f9983dcd096017764f1b092aba913346c731897e9b6439463b3cdd2,e0a002051b666aeaeafe5cb29d3d2cf8a6ad744034f4b7cb0b9dd3af839e6911,21,1344,f5b452b10920355d5169ce0170050184a7fd2139d78b3d6db9f34470c2cb7a1c,71e6acd5edbff45d255ec0d33ae04ea2aa4e594b644b6b50d7801bccfe500875,canonical,71e6acd5edbff45d255ec0d33ae04ea2aa4e594b644b6b50d7801bccfe500875,ddeeb9afc3e8331f05f98b70dd7fa617976504518449a849311bf396019844d4,0.7851714821417686,3.1,975,041c33b735278810e5d7a8969ac544230613fcfe3fcbf73b041268c694fcb5b4,2,3.9.13,42,20260731,cd8a6c7208c1fff5524e5a3fecf2e0b8fd811aace27d013e8b12243ebc5db84e,884a9e0b6c7a54680bdc7482c874fcc7ed337ad09297d14a282d44c62b500008,25f4a7e344090c2ffaab0d8d1f428342cb32acf2f9b5486dd9e35dc20f7d4346,10
b7b3ab9c29df7152fe78445fad6feb22a3d958f57041bb4abc2c8b30ab900d72,bba7746a3f9983dcd096017764f1b092aba913346c731897e9b6439463b3cdd2,e0a002051b666aeaeafe5cb29d3d2cf8a6ad744034f4b7cb0b9dd3af839e6911,21,1344,f5b452b10920355d5169ce0170050184a7fd2139d78b3d6db9f34470c2cb7a1c,71e6acd5edbff45d255ec0d33ae04ea2aa4e594b644b6b50d7801bccfe500875,canonical,71e6acd5edbff45d255ec0d33ae04ea2aa4e594b644b6b50d7801bccfe500875,ddeeb9afc3e8331f05f98b70dd7fa617976504518449a849311bf396019844d4,0.7851714821417686,3.1,975,041c33b735278810e5d7a8969ac544230613fcfe3fcbf73b041268c694fcb5b4,3,3.9.13,42,20260731,cd8a6c7208c1fff5524e5a3fecf2e0b8fd811aace27d013e8b12243ebc5db84e,884a9e0b6c7a54680bdc7482c874fcc7ed337ad09297d14a282d44c62b500008,25f4a7e344090c2ffaab0d8d1f428342cb32acf2f9b5486dd9e35dc20f7d4346,10
b7b3ab9c29df7152fe78445fad6feb22a3d958f57041bb4abc2c8b30ab900d72,bba7746a3f9983dcd096017764f1b092aba913346c731897e9b6439463b3cdd2,e0a002051b666aeaeafe5cb29d3d2cf8a6ad744034f4b7cb0b9dd3af839e6911,21,1344,f5b452b10920355d5169ce0170050184a7fd2139d78b3d6db9f34470c2cb7a1c,71e6acd5edbff45d255ec0d33ae04ea2aa4e594b644b6b50d7801bccfe500875,canonical,71e6acd5edbff45d255ec0d33ae04ea2aa4e594b644b6b50d7801bccfe500875,ddeeb9afc3e8331f05f98b70dd7fa617976504518449a849311bf396019844d4,0.7851714821417686,3.1,975,041c33b735278810e5d7a8969ac544230613fcfe3fcbf73b041268c694fcb5b4,4,3.9.13,42,20260731,cd8a6c7208c1fff5524e5a3fecf2e0b8fd811aace27d013e8b12243ebc5db84e,884a9e0b6c7a54680bdc7482c874fcc7ed337ad09297d14a282d44c62b500008,25f4a7e344090c2ffaab0d8d1f428342cb32acf2f9b5486dd9e35dc20f7d4346,10
b7b3ab9c29df7152fe78445fad6feb22a3d958f57041bb4abc2c8b30ab900d72,bba7746a3f9983dcd096017764f1b092aba913346c731897e9b6439463b3cdd2,e0a002051b666aeaeafe5cb29d3d2cf8a6ad744034f4b7cb0b9dd3af839e6911,21,1344,f5b452b10920355d5169ce0170050184a7fd2139d78b3d6db9f34470c2cb7a1c,71e6acd5edbff45d255ec0d33ae04ea2aa4e594b644b6b50d7801bccfe500875,canonical,71e6acd5edbff45d255ec0d33ae04ea2aa4e594b644b6b50d7801bccfe500875,ddeeb9afc3e8331f05f98b70dd7fa617976504518449a849311bf396019844d4,0.7851714821417686,3.1,975,041c33b735278810e5d7a8969ac544230613fcfe3fcbf73b041268c694fcb5b4,5,3.9.13,42,20260731,cd8a6c7208c1fff5524e5a3fecf2e0b8fd811aace27d013e8b12243ebc5db84e,884a9e0b6c7a54680bdc7482c874fcc7ed337ad09297d14a282d44c62b500008,25f4a7e344090c2ffaab0d8d1f428342cb32acf2f9b5486dd9e35dc20f7d4346,10
b7b3ab9c29df7152fe78445fad6feb22a3d958f57041bb4abc2c8b30ab900d72,bba7746a3f9983dcd096017764f1b092aba913346c731897e9b6439463b3cdd2,e0a002051b666aeaeafe5cb29d3d2cf8a6ad744034f4b7cb0b9dd3af839e6911,21,1344,f5b452b10920355d5169ce0170050184a7fd2139d78b3d6db9f34470c2cb7a1c,71e6acd5edbff45d255ec0d33ae04ea2aa4e594b644b6b50d7801bccfe500875,canonical,71e6acd5edbff45d255ec0d33ae04ea2aa4e594b644b6b50d7801bccfe500875,ddeeb9afc3e8331f05f98b70dd7fa617976504518449a849311bf396019844d4,0.7851714821417686,3.1,975,041c33b735278810e5d7a8969ac544230613fcfe3fcbf73b041268c694fcb5b4,1,3.9.13,20260731,20260731,d2ed249ac68a4b857af6ae5ceb556fc4e25d855ace928ec37d74e52449674b59,71cf43c462394ddd1f35718958bec0e7fb030a764fd31125b044266841db0243,7277951a9260a919887155ff9985578ece0bd67e3603a68a155021b032de2bd2,10
b7b3ab9c29df7152fe78445fad6feb22a3d958f57041bb4abc2c8b30ab900d72,bba7746a3f9983dcd096017764f1b092aba913346c731897e9b6439463b3cdd2,e0a002051b666aeaeafe5cb29d3d2cf8a6ad744034f4b7cb0b9dd3af839e6911,21,1344,f5b452b10920355d5169ce0170050184a7fd2139d78b3d6db9f34470c2cb7a1c,71e6acd5edbff45d255ec0d33ae04ea2aa4e594b644b6b50d7801bccfe500875,canonical,71e6acd5edbff45d255ec0d33ae04ea2aa4e594b644b6b50d7801bccfe500875,ddeeb9afc3e8331f05f98b70dd7fa617976504518449a849311bf396019844d4,0.7851714821417686,3.1,975,041c33b735278810e5d7a8969ac544230613fcfe3fcbf73b041268c694fcb5b4,2,3.9.13,20260731,20260731,d2ed249ac68a4b857af6ae5ceb556fc4e25d855ace928ec37d74e52449674b59,71cf43c462394ddd1f35718958bec0e7fb030a764fd31125b044266841db0243,7277951a9260a919887155ff9985578ece0bd67e3603a68a155021b032de2bd2,10
b7b3ab9c29df7152fe78445fad6feb22a3d958f57041bb4abc2c8b30ab900d72,bba7746a3f9983dcd096017764f1b092aba913346c731897e9b6439463b3cdd2,e0a002051b666aeaeafe5cb29d3d2cf8a6ad744034f4b7cb0b9dd3af839e6911,21,1344,f5b452b10920355d5169ce0170050184a7fd2139d78b3d6db9f34470c2cb7a1c,71e6acd5edbff45d255ec0d33ae04ea2aa4e594b644b6b50d7801bccfe500875,canonical,71e6acd5edbff45d255ec0d33ae04ea2aa4e594b644b6b50d7801bccfe500875,ddeeb9afc3e8331f05f98b70dd7fa617976504518449a849311bf396019844d4,0.7851714821417686,3.1,975,041c33b735278810e5d7a8969ac544230613fcfe3fcbf73b041268c694fcb5b4,3,3.9.13,20260731,20260731,d2ed249ac68a4b857af6ae5ceb556fc4e25d855ace928ec37d74e52449674b59,71cf43c462394ddd1f35718958bec0e7fb030a764fd31125b044266841db0243,7277951a9260a919887155ff9985578ece0bd67e3603a68a155021b032de2bd2,10
b7b3ab9c29df7152fe78445fad6feb22a3d958f57041bb4abc2c8b30ab900d72,bba7746a3f9983dcd096017764f1b092aba913346c731897e9b6439463b3cdd2,e0a002051b666aeaeafe5cb29d3d2cf8a6ad744034f4b7cb0b9dd3af839e6911,21,1344,f5b452b10920355d5169ce0170050184a7fd2139d78b3d6db9f34470c2cb7a1c,71e6acd5edbff45d255ec0d33ae04ea2aa4e594b644b6b50d7801bccfe500875,canonical,71e6acd5edbff45d255ec0d33ae04ea2aa4e594b644b6b50d7801bccfe500875,ddeeb9afc3e8331f05f98b70dd7fa617976504518449a849311bf396019844d4,0.7851714821417686,3.1,975,041c33b735278810e5d7a8969ac544230613fcfe3fcbf73b041268c694fcb5b4,4,3.9.13,20260731,20260731,d2ed249ac68a4b857af6ae5ceb556fc4e25d855ace928ec37d74e52449674b59,71cf43c462394ddd1f35718958bec0e7fb030a764fd31125b044266841db0243,7277951a9260a919887155ff9985578ece0bd67e3603a68a155021b032de2bd2,10
b7b3ab9c29df7152fe78445fad6feb22a3d958f57041bb4abc2c8b30ab900d72,bba7746a3f9983dcd096017764f1b092aba913346c731897e9b6439463b3cdd2,e0a002051b666aeaeafe5cb29d3d2cf8a6ad744034f4b7cb0b9dd3af839e6911,21,1344,f5b452b10920355d5169ce0170050184a7fd2139d78b3d6db9f34470c2cb7a1c,71e6acd5edbff45d255ec0d33ae04ea2aa4e594b644b6b50d7801bccfe500875,canonical,71e6acd5edbff45d255ec0d33ae04ea2aa4e594b644b6b50d7801bccfe500875,ddeeb9afc3e8331f05f98b70dd7fa617976504518449a849311bf396019844d4,0.7851714821417686,3.1,975,041c33b735278810e5d7a8969ac544230613fcfe3fcbf73b041268c694fcb5b4,5,3.9.13,20260731,20260731,d2ed249ac68a4b857af6ae5ceb556fc4e25d855ace928ec37d74e52449674b59,71cf43c462394ddd1f35718958bec0e7fb030a764fd31125b044266841db0243,7277951a9260a919887155ff9985578ece0bd67e3603a68a155021b032de2bd2,10
13d1393daf9c23384d66a849a1176a2efd1c2b2ac7d714ae6d82c0b1bdc780e3,45720b3744cf727786c2918dde976d6d4ff6af8631122fb43dce55c4ee4b8b6b,164480e4ddec1cd45912f9ecbb21827e007f4ebd216d1bf4a9047f3baa5bcbb8,35,9462,66ccdc7158ecacd02520aae281657f0aaca1ab96b975c6856903585220e9be37,71e6acd5edbff45d255ec0d33ae04ea2aa4e594b644b6b50d7801bccfe500875,raw,71e6acd5edbff45d255ec0d33ae04ea2aa4e594b644b6b50d7801bccfe500875,77658f0c734e3b80c9b3426a9ecaba35501cde0227d8fc50b03c0d28f4146812,0.7969220043681785,3.1,6367,ac52befcc419d15de7742bab78ac27a125a830858691a92bf3d47921eb2f2753,1,3.9.13,0,20260731,13d1393daf9c23384d66a849a1176a2efd1c2b2ac7d714ae6d82c0b1bdc780e3,45720b3744cf727786c2918dde976d6d4ff6af8631122fb43dce55c4ee4b8b6b,164480e4ddec1cd45912f9ecbb21827e007f4ebd216d1bf4a9047f3baa5bcbb8,1
13d1393daf9c23384d66a849a1176a2efd1c2b2ac7d714ae6d82c0b1bdc780e3,45720b3744cf727786c2918dde976d6d4ff6af8631122fb43dce55c4ee4b8b6b,164480e4ddec1cd45912f9ecbb21827e007f4ebd216d1bf4a9047f3baa5bcbb8,35,9462,66ccdc7158ecacd02520aae281657f0aaca1ab96b975c6856903585220e9be37,71e6acd5edbff45d255ec0d33ae04ea2aa4e594b644b6b50d7801bccfe500875,raw,71e6acd5edbff45d255ec0d33ae04ea2aa4e594b644b6b50d7801bccfe500875,77658f0c734e3b80c9b3426a9ecaba35501cde0227d8fc50b03c0d28f4146812,0.7969220043681785,3.1,6367,ac52befcc419d15de7742bab78ac27a125a830858691a92bf3d47921eb2f2753,2,3.9.13,0,20260731,13d1393daf9c23384d66a849a1176a2efd1c2b2ac7d714ae6d82c0b1bdc780e3,45720b3744cf727786c2918dde976d6d4ff6af8631122fb43dce55c4ee4b8b6b,164480e4ddec1cd45912f9ecbb21827e007f4ebd216d1bf4a9047f3baa5bcbb8,1
13d1393daf9c23384d66a849a1176a2efd1c2b2ac7d714ae6d82c0b1bdc780e3,45720b3744cf727786c2918dde976d6d4ff6af8631122fb43dce55c4ee4b8b6b,164480e4ddec1cd45912f9ecbb21827e007f4ebd216d1bf4a9047f3baa5bcbb8,35,9462,66ccdc7158ecacd02520aae281657f0aaca1ab96b975c6856903585220e9be37,71e6acd5edbff45d255ec0d33ae04ea2aa4e594b644b6b50d7801bccfe500875,raw,71e6acd5edbff45d255ec0d33ae04ea2aa4e594b644b6b50d7801bccfe500875,77658f0c734e3b80c9b3426a9ecaba35501cde0227d8fc50b03c0d28f4146812,0.7969220043681785,3.1,6367,ac52befcc419d15de7742bab78ac27a125a830858691a92bf3d47921eb2f2753,3,3.9.13,0,20260731,13d1393daf9c23384d66a849a1176a2efd1c2b2ac7d714ae6d82c0b1bdc780e3,45720b3744cf727786c2918dde976d6d4ff6af8631122fb43dce55c4ee4b8b6b,164480e4ddec1cd45912f9ecbb21827e007f4ebd216d1bf4a9047f3baa5bcbb8,1
13d1393daf9c23384d66a849a1176a2efd1c2b2ac7d714ae6d82c0b1bdc780e3,45720b3744cf727786c2918dde976d6d4ff6af8631122fb43dce55c4ee4b8b6b,164480e4ddec1cd45912f9ecbb21827e007f4ebd216d1bf4a9047f3baa5bcbb8,35,9462,66ccdc7158ecacd02520aae281657f0aaca1ab96b975c6856903585220e9be37,71e6acd5edbff45d255ec0d33ae04ea2aa4e594b644b6b50d7801bccfe500875,raw,71e6acd5edbff45d255ec0d33ae04ea2aa4e594b644b6b50d7801bccfe500875,77658f0c734e3b80c9b3426a9ecaba35501cde0227d8fc50b03c0d28f4146812,0.7969220043681785,3.1,6367,ac52befcc419d15de7742bab78ac27a125a830858691a92bf3d47921eb2f2753,4,3.9.13,0,20260731,13d1393daf9c23384d66a849a1176a2efd1c2b2ac7d714ae6d82c0b1bdc780e3,45720b3744cf727786c2918dde976d6d4ff6af8631122fb43dce55c4ee4b8b6b,164480e4ddec1cd45912f9ecbb21827e007f4ebd216d1bf4a9047f3baa5bcbb8,1
13d1393daf9c23384d66a849a1176a2efd1c2b2ac7d714ae6d82c0b1bdc780e3,45720b3744cf727786c2918dde976d6d4ff6af8631122fb43dce55c4ee4b8b6b,164480e4ddec1cd45912f9ecbb21827e007f4ebd216d1bf4a9047f3baa5bcbb8,35,9462,66ccdc7158ecacd02520aae281657f0aaca1ab96b975c6856903585220e9be37,71e6acd5edbff45d255ec0d33ae04ea2aa4e594b644b6b50d7801bccfe500875,raw,71e6acd5edbff45d255ec0d33ae04ea2aa4e594b644b6b50d7801bccfe500875,77658f0c734e3b80c9b3426a9ecaba35501cde0227d8fc50b03c0d28f4146812,0.7969220043681785,3.1,6367,ac52befcc419d15de7742bab78ac27a125a830858691a92bf3d47921eb2f2753,5,3.9.13,0,20260731,13d1393daf9c23384d66a849a1176a2efd1c2b2ac7d714ae6d82c0b1bdc780e3,45720b3744cf727786c2918dde976d6d4ff6af8631122fb43dce55c4ee4b8b6b,164480e4ddec1cd45912f9ecbb21827e007f4ebd216d1bf4a9047f3baa5bcbb8,1
13d1393daf9c23384d66a849a1176a2efd1c2b2ac7d714ae6d82c0b1bdc780e3,45720b3744cf727786c2918dde976d6d4ff6af8631122fb43dce55c4ee4b8b6b,164480e4ddec1cd45912f9ecbb21827e007f4ebd216d1bf4a9047f3baa5bcbb8,35,9462,66ccdc7158ecacd02520aae281657f0aaca1ab96b975c6856903585220e9be37,71e6acd5edbff45d255ec0d33ae04ea2aa4e594b644b6b50d7801bccfe500875,raw,71e6acd5edbff45d255ec0d33ae04ea2aa4e594b644b6b50d7801bccfe500875,77658f0c734e3b80c9b3426a9ecaba35501cde0227d8fc50b03c0d28f4146812,0.7969220043681785,3.1,6367,ac52befcc419d15de7742bab78ac27a125a830858691a92bf3d47921eb2f2753,6,3.9.13,0,20260731,13d1393daf9c23384d66a849a1176a2efd1c2b2ac7d714ae6d82c0b1bdc780e3,45720b3744cf727786c2918dde976d6d4ff6af8631122fb43dce55c4ee4b8b6b,164480e4ddec1cd45912f9ecbb21827e007f4ebd216d1bf4a9047f3baa5bcbb8,1
13d1393daf9c23384d66a849a1176a2efd1c2b2ac7d714ae6d82c0b1bdc780e3,45720b3744cf727786c2918dde976d6d4ff6af8631122fb43dce55c4ee4b8b6b,164480e4ddec1cd45912f9ecbb21827e007f4ebd216d1bf4a9047f3baa5bcbb8,35,9462,66ccdc7158ecacd02520aae281657f0aaca1ab96b975c6856903585220e9be37,71e6acd5edbff45d255ec0d33ae04ea2aa4e594b644b6b50d7801bccfe500875,raw,71e6acd5edbff45d255ec0d33ae04ea2aa4e594b644b6b50d7801bccfe500875,77658f0c734e3b80c9b3426a9ecaba35501cde0227d8fc50b03c0d28f4146812,0.7969220043681785,3.1,6367,ac52befcc419d15de7742bab78ac27a125a830858691a92bf3d47921eb2f2753,7,3.9.13,0,20260731,13d1393daf9c23384d66a849a1176a2efd1c2b2ac7d714ae6d82c0b1bdc780e3,45720b3744cf727786c2918dde976d6d4ff6af8631122fb43dce55c4ee4b8b6b,164480e4ddec1cd45912f9ecbb21827e007f4ebd216d1bf4a9047f3baa5bcbb8,1
13d1393daf9c23384d66a849a1176a2efd1c2b2ac7d714ae6d82c0b1bdc780e3,45720b3744cf727786c2918dde976d6d4ff6af8631122fb43dce55c4ee4b8b6b,164480e4ddec1cd45912f9ecbb21827e007f4ebd216d1bf4a9047f3baa5bcbb8,35,9462,66ccdc7158ecacd02520aae281657f0aaca1ab96b975c6856903585220e9be37,71e6acd5edbff45d255ec0d33ae04ea2aa4e594b644b6b50d7801bccfe500875,raw,71e6acd5edbff45d255ec0d33ae04ea2aa4e594b644b6b50d7801bccfe500875,77658f0c734e3b80c9b3426a9ecaba35501cde0227d8fc50b03c0d28f4146812,0.7969220043681785,3.1,6367,ac52befcc419d15de7742bab78ac27a125a830858691a92bf3d47921eb2f2753,8,3.9.13,0,20260731,13d1393daf9c23384d66a849a1176a2efd1c2b2ac7d714ae6d82c0b1bdc780e3,45720b3744cf727786c2918dde976d6d4ff6af8631122fb43dce55c4ee4b8b6b,164480e4ddec1cd45912f9ecbb21827e007f4ebd216d1bf4a9047f3baa5bcbb8,1
13d1393daf9c23384d66a849a1176a2efd1c2b2ac7d714ae6d82c0b1bdc780e3,45720b3744cf727786c2918dde976d6d4ff6af8631122fb43dce55c4ee4b8b6b,164480e4ddec1cd45912f9ecbb21827e007f4ebd216d1bf4a9047f3baa5bcbb8,35,9462,66ccdc7158ecacd02520aae281657f0aaca1ab96b975c6856903585220e9be37,71e6acd5edbff45d255ec0d33ae04ea2aa4e594b644b6b50d7801bccfe500875,raw,71e6acd5edbff45d255ec0d33ae04ea2aa4e594b644b6b50d7801bccfe500875,77658f0c734e3b80c9b3426a9ecaba35501cde0227d8fc50b03c0d28f4146812,0.7969220043681785,3.1,6367,ac52befcc419d15de7742bab78ac27a125a830858691a92bf3d47921eb2f2753,9,3.9.13,0,20260731,13d1393daf9c23384d66a849a1176a2efd1c2b2ac7d714ae6d82c0b1bdc780e3,45720b3744cf727786c2918dde976d6d4ff6af8631122fb43dce55c4ee4b8b6b,164480e4ddec1cd45912f9ecbb21827e007f4ebd216d1bf4a9047f3baa5bcbb8,1
13d1393daf9c23384d66a849a1176a2efd1c2b2ac7d714ae6d82c0b1bdc780e3,45720b3744cf727786c2918dde976d6d4ff6af8631122fb43dce55c4ee4b8b6b,164480e4ddec1cd45912f9ecbb21827e007f4ebd216d1bf4a9047f3baa5bcbb8,35,9462,66ccdc7158ecacd02520aae281657f0aaca1ab96b975c6856903585220e9be37,71e6acd5edbff45d255ec0d33ae04ea2aa4e594b644b6b50d7801bccfe500875,raw,71e6acd5edbff45d255ec0d33ae04ea2aa4e594b644b6b50d7801bccfe500875,77658f0c734e3b80c9b3426a9ecaba35501cde0227d8fc50b03c0d28f4146812,0.7969220043681785,3.1,6367,ac52befcc419d15de7742bab78ac27a125a830858691a92bf3d47921eb2f2753,10,3.9.13,0,20260731,13d1393daf9c23384d66a849a1176a2efd1c2b2ac7d714ae6d82c0b1bdc780e3,45720b3744cf727786c2918dde976d6d4ff6af8631122fb43dce55c4ee4b8b6b,164480e4ddec1cd45912f9ecbb21827e007f4ebd216d1bf4a9047f3baa5bcbb8,1
13d1393daf9c23384d66a849a1176a2efd1c2b2ac7d714ae6d82c0b1bdc780e3,45720b3744cf727786c2918dde976d6d4ff6af8631122fb43dce55c4ee4b8b6b,164480e4ddec1cd45912f9ecbb21827e007f4ebd216d1bf4a9047f3baa5bcbb8,35,9462,66ccdc7158ecacd02520aae281657f0aaca1ab96b975c6856903585220e9be37,71e6acd5edbff45d255ec0d33ae04ea2aa4e594b644b6b50d7801bccfe500875,raw,71e6acd5edbff45d255ec0d33ae04ea2aa4e594b644b6b50d7801bccfe500875,77658f0c734e3b80c9b3426a9ecaba35501cde0227d8fc50b03c0d28f4146812,0.7969220043681785,3.1,6367,ac52befcc419d15de7742bab78ac27a125a830858691a92bf3d47921eb2f2753,11,3.9.13,0,20260731,13d1393daf9c23384d66a849a1176a2efd1c2b2ac7d714ae6d82c0b1bdc780e3,45720b3744cf727786c2918dde976d6d4ff6af8631122fb43dce55c4ee4b8b6b,164480e4ddec1cd45912f9ecbb21827e007f4ebd216d1bf4a9047f3baa5bcbb8,1
13d1393daf9c23384d66a849a1176a2efd1c2b2ac7d714ae6d82c0b1bdc780e3,45720b3744cf727786c2918dde976d6d4ff6af8631122fb43dce55c4ee4b8b6b,164480e4ddec1cd45912f9ecbb21827e007f4ebd216d1bf4a9047f3baa5bcbb8,35,9462,66ccdc7158ecacd02520aae281657f0aaca1ab96b975c6856903585220e9be37,71e6acd5edbff45d255ec0d33ae04ea2aa4e594b644b6b50d7801bccfe500875,raw,71e6acd5edbff45d255ec0d33ae04ea2aa4e594b644b6b50d7801bccfe500875,77658f0c734e3b80c9b3426a9ecaba35501cde0227d8fc50b03c0d28f4146812,0.7969220043681785,3.1,6367,ac52befcc419d15de7742bab78ac27a125a830858691a92bf3d47921eb2f2753,12,3.9.13,0,20260731,13d1393daf9c23384d66a849a1176a2efd1c2b2ac7d714ae6d82c0b1bdc780e3,45720b3744cf727786c2918dde976d6d4ff6af8631122fb43dce55c4ee4b8b6b,164480e4ddec1cd45912f9ecbb21827e007f4ebd216d1bf4a9047f3baa5bcbb8,1
13d1393daf9c23384d66a849a1176a2efd1c2b2ac7d714ae6d82c0b1bdc780e3,45720b3744cf727786c2918dde976d6d4ff6af8631122fb43dce55c4ee4b8b6b,164480e4ddec1cd45912f9ecbb21827e007f4ebd216d1bf4a9047f3baa5bcbb8,35,9462,66ccdc7158ecacd02520aae281657f0aaca1ab96b975c6856903585220e9be37,71e6acd5edbff45d255ec0d33ae04ea2aa4e594b644b6b50d7801bccfe500875,raw,71e6acd5edbff45d255ec0d33ae04ea2aa4e594b644b6b50d7801bccfe500875,77658f0c734e3b80c9b3426a9ecaba35501cde0227d8fc50b03c0d28f4146812,0.7969220043681785,3.1,6367,ac52befcc419d15de7742bab78ac27a125a830858691a92bf3d47921eb2f2753,13,3.9.13,0,20260731,13d1393daf9c23384d66a849a1176a2efd1c2b2ac7d714ae6d82c0b1bdc780e3,45720b3744cf727786c2918dde976d6d4ff6af8631122fb43dce55c4ee4b8b6b,164480e4ddec1cd45912f9ecbb21827e007f4ebd216d1bf4a9047f3baa5bcbb8,1
13d1393daf9c23384d66a849a1176a2efd1c2b2ac7d714ae6d82c0b1bdc780e3,45720b3744cf727786c2918dde976d6d4ff6af8631122fb43dce55c4ee4b8b6b,164480e4ddec1cd45912f9ecbb21827e007f4ebd216d1bf4a9047f3baa5bcbb8,35,9462,66ccdc7158ecacd02520aae281657f0aaca1ab96b975c6856903585220e9be37,71e6acd5edbff45d255ec0d33ae04ea2aa4e594b644b6b50d7801bccfe500875,raw,71e6acd5edbff45d255ec0d33ae04ea2aa4e594b644b6b50d7801bccfe500875,77658f0c734e3b80c9b3426a9ecaba35501cde0227d8fc50b03c0d28f4146812,0.7969220043681785,3.1,6367,ac52befcc419d15de7742bab78ac27a125a830858691a92bf3d47921eb2f2753,14,3.9.13,0,20260731,13d1393daf9c23384d66a849a1176a2efd1c2b2ac7d714ae6d82c0b1bdc780e3,45720b3744cf727786c2918dde976d6d4ff6af8631122fb43dce55c4ee4b8b6b,164480e4ddec1cd45912f9ecbb21827e007f4ebd216d1bf4a9047f3baa5bcbb8,1
13d1393daf9c23384d66a849a1176a2efd1c2b2ac7d714ae6d82c0b1bdc780e3,45720b3744cf727786c2918dde976d6d4ff6af8631122fb43dce55c4ee4b8b6b,164480e4ddec1cd45912f9ecbb21827e007f4ebd216d1bf4a9047f3baa5bcbb8,35,9462,66ccdc7158ecacd02520aae281657f0aaca1ab96b975c6856903585220e9be37,71e6acd5edbff45d255ec0d33ae04ea2aa4e594b644b6b50d7801bccfe500875,raw,71e6acd5edbff45d255ec0d33ae04ea2aa4e594b644b6b50d7801bccfe500875,77658f0c734e3b80c9b3426a9ecaba35501cde0227d8fc50b03c0d28f4146812,0.7969220043681785,3.1,6367,ac52befcc419d15de7742bab78ac27a125a830858691a92bf3d47921eb2f2753,15,3.9.13,0,20260731,13d1393daf9c23384d66a849a1176a2efd1c2b2ac7d714ae6d82c0b1bdc780e3,45720b3744cf727786c2918dde976d6d4ff6af8631122fb43dce55c4ee4b8b6b,164480e4ddec1cd45912f9ecbb21827e007f4ebd216d1bf4a9047f3baa5bcbb8,1
13d1393daf9c23384d66a849a1176a2efd1c2b2ac7d714ae6d82c0b1bdc780e3,45720b3744cf727786c2918dde976d6d4ff6af8631122fb43dce55c4ee4b8b6b,164480e4ddec1cd45912f9ecbb21827e007f4ebd216d1bf4a9047f3baa5bcbb8,35,9462,66ccdc7158ecacd02520aae281657f0aaca1ab96b975c6856903585220e9be37,71e6acd5edbff45d255ec0d33ae04ea2aa4e594b644b6b50d7801bccfe500875,raw,71e6acd5edbff45d255ec0d33ae04ea2aa4e594b644b6b50d7801bccfe500875,77658f0c734e3b80c9b3426a9ecaba35501cde0227d8fc50b03c0d28f4146812,0.7969220043681785,3.1,6367,ac52befcc419d15de7742bab78ac27a125a830858691a92bf3d47921eb2f2753,16,3.9.13,0,20260731,13d1393daf9c23384d66a849a1176a2efd1c2b2ac7d714ae6d82c0b1bdc780e3,45720b3744cf727786c2918dde976d6d4ff6af8631122fb43dce55c4ee4b8b6b,164480e4ddec1cd45912f9ecbb21827e007f4ebd216d1bf4a9047f3baa5bcbb8,1
13d1393daf9c23384d66a849a1176a2efd1c2b2ac7d714ae6d82c0b1bdc780e3,45720b3744cf727786c2918dde976d6d4ff6af8631122fb43dce55c4ee4b8b6b,164480e4ddec1cd45912f9ecbb21827e007f4ebd216d1bf4a9047f3baa5bcbb8,35,9462,66ccdc7158ecacd02520aae281657f0aaca1ab96b975c6856903585220e9be37,71e6acd5edbff45d255ec0d33ae04ea2aa4e594b644b6b50d7801bccfe500875,raw,71e6acd5edbff45d255ec0d33ae04ea2aa4e594b644b6b50d7801bccfe500875,77658f0c734e3b80c9b3426a9ecaba35501cde0227d8fc50b03c0d28f4146812,0.7969220043681785,3.1,6367,ac52befcc419d15de7742bab78ac27a125a830858691a92bf3d47921eb2f2753,17,3.9.13,0,20260731,13d1393daf9c23384d66a849a1176a2efd1c2b2ac7d714ae6d82c0b1bdc780e3,45720b3744cf727786c2918dde976d6d4ff6af8631122fb43dce55c4ee4b8b6b,164480e4ddec1cd45912f9ecbb21827e007f4ebd216d1bf4a9047f3baa5bcbb8,1
13d1393daf9c23384d66a849a1176a2efd1c2b2ac7d714ae6d82c0b1bdc780e3,45720b3744cf727786c2918dde976d6d4ff6af8631122fb43dce55c4ee4b8b6b,164480e4ddec1cd45912f9ecbb21827e007f4ebd216d1bf4a9047f3baa5bcbb8,35,9462,66ccdc7158ecacd02520aae281657f0aaca1ab96b975c6856903585220e9be37,71e6acd5edbff45d255ec0d33ae04ea2aa4e594b644b6b50d7801bccfe500875,raw,71e6acd5edbff45d255ec0d33ae04ea2aa4e594b644b6b50d7801bccfe500875,77658f0c734e3b80c9b3426a9ecaba35501cde0227d8fc50b03c0d28f4146812,0.7969220043681785,3.1,6367,ac52befcc419d15de7742bab78ac27a125a830858691a92bf3d47921eb2f2753,18,3.9.13,0,20260731,13d1393daf9c23384d66a849a1176a2efd1c2b2ac7d714ae6d82c0b1bdc780e3,45720b3744cf727786c2918dde976d6d4ff6af8631122fb43dce55c4ee4b8b6b,164480e4ddec1cd45912f9ecbb21827e007f4ebd216d1bf4a9047f3baa5bcbb8,1
13d1393daf9c23384d66a849a1176a2efd1c2b2ac7d714ae6d82c0b1bdc780e3,45720b3744cf727786c2918dde976d6d4ff6af8631122fb43dce55c4ee4b8b6b,164480e4ddec1cd45912f9ecbb21827e007f4ebd216d1bf4a9047f3baa5bcbb8,35,9462,66ccdc7158ecacd02520aae281657f0aaca1ab96b975c6856903585220e9be37,71e6acd5edbff45d255ec0d33ae04ea2aa4e594b644b6b50d7801bccfe500875,raw,71e6acd5edbff45d255ec0d33ae04ea2aa4e594b644b6b50d7801bccfe500875,77658f0c734e3b80c9b3426a9ecaba35501cde0227d8fc50b03c0d28f4146812,0.7969220043681785,3.1,6367,ac52befcc419d15de7742bab78ac27a125a830858691a92bf3d47921eb2f2753,19,3.9.13,0,20260731,13d1393daf9c23384d66a849a1176a2efd1c2b2ac7d714ae6d82c0b1bdc780e3,45720b3744cf727786c2918dde976d6d4ff6af8631122fb43dce55c4ee4b8b6b,164480e4ddec1cd45912f9ecbb21827e007f4ebd216d1bf4a9047f3baa5bcbb8,1
13d1393daf9c23384d66a849a1176a2efd1c2b2ac7d714ae6d82c0b1bdc780e3,45720b3744cf727786c2918dde976d6d4ff6af8631122fb43dce55c4ee4b8b6b,164480e4ddec1cd45912f9ecbb21827e007f4ebd216d1bf4a9047f3baa5bcbb8,35,9462,66ccdc7158ecacd02520aae281657f0aaca1ab96b975c6856903585220e9be37,71e6acd5edbff45d255ec0d33ae04ea2aa4e594b644b6b50d7801bccfe500875,raw,71e6acd5edbff45d255ec0d33ae04ea2aa4e594b644b6b50d7801bccfe500875,77658f0c734e3b80c9b3426a9ecaba35501cde0227d8fc50b03c0d28f4146812,0.7969220043681785,3.1,6367,ac52befcc419d15de7742bab78ac27a125a830858691a92bf3d47921eb2f2753,20,3.9.13,0,20260731,13d1393daf9c23384d66a849a1176a2efd1c2b2ac7d714ae6d82c0b1bdc780e3,45720b3744cf727786c2918dde976d6d4ff6af8631122fb43dce55c4ee4b8b6b,164480e4ddec1cd45912f9ecbb21827e007f4ebd216d1bf4a9047f3baa5bcbb8,1
13d1393daf9c23384d66a849a1176a2efd1c2b2ac7d714ae6d82c0b1bdc780e3,45720b3744cf727786c2918dde976d6d4ff6af8631122fb43dce55c4ee4b8b6b,164480e4ddec1cd45912f9ecbb21827e007f4ebd216d1bf4a9047f3baa5bcbb8,35,9462,66ccdc7158ecacd02520aae281657f0aaca1ab96b975c6856903585220e9be37,71e6acd5edbff45d255ec0d33ae04ea2aa4e594b644b6b50d7801bccfe500875,raw,71e6acd5edbff45d255ec0d33ae04ea2aa4e594b644b6b50d7801bccfe500875,77658f0c734e3b80c9b3426a9ecaba35501cde0227d8fc50b03c0d28f4146812,0.7969220043681785,3.1,6367,ac52befcc419d15de7742bab78ac27a125a830858691a92bf3d47921eb2f2753,1,3.9.13,1,20260731,13d1393daf9c23384d66a849a1176a2efd1c2b2ac7d714ae6d82c0b1bdc780e3,45720b3744cf727786c2918dde976d6d4ff6af8631122fb43dce55c4ee4b8b6b,164480e4ddec1cd45912f9ecbb21827e007f4ebd216d1bf4a9047f3baa5bcbb8,1
13d1393daf9c23384d66a849a1176a2efd1c2b2ac7d714ae6d82c0b1bdc780e3,45720b3744cf727786c2918dde976d6d4ff6af8631122fb43dce55c4ee4b8b6b,164480e4ddec1cd45912f9ecbb21827e007f4ebd216d1bf4a9047f3baa5bcbb8,35,9462,66ccdc7158ecacd02520aae281657f0aaca1ab96b975c6856903585220e9be37,71e6acd5edbff45d255ec0d33ae04ea2aa4e594b644b6b50d7801bccfe500875,raw,71e6acd5edbff45d255ec0d33ae04ea2aa4e594b644b6b50d7801bccfe500875,77658f0c734e3b80c9b3426a9ecaba35501cde0227d8fc50b03c0d28f4146812,0.7969220043681785,3.1,6367,ac52befcc419d15de7742bab78ac27a125a830858691a92bf3d47921eb2f2753,2,3.9.13,1,20260731,13d1393daf9c23384d66a849a1176a2efd1c2b2ac7d714ae6d82c0b1bdc780e3,45720b3744cf727786c2918dde976d6d4ff6af8631122fb43dce55c4ee4b8b6b,164480e4ddec1cd45912f9ecbb21827e007f4ebd216d1bf4a9047f3baa5bcbb8,1
13d1393daf9c23384d66a849a1176a2efd1c2b2ac7d714ae6d82c0b1bdc780e3,45720b3744cf727786c2918dde976d6d4ff6af8631122fb43dce55c4ee4b8b6b,164480e4ddec1cd45912f9ecbb21827e007f4ebd216d1bf4a9047f3baa5bcbb8,35,9462,66ccdc7158ecacd02520aae281657f0aaca1ab96b975c6856903585220e9be37,71e6acd5edbff45d255ec0d33ae04ea2aa4e594b644b6b50d7801bccfe500875,raw,71e6acd5edbff45d255ec0d33ae04ea2aa4e594b644b6b50d7801bccfe500875,77658f0c734e3b80c9b3426a9ecaba35501cde0227d8fc50b03c0d28f4146812,0.7969220043681785,3.1,6367,ac52befcc419d15de7742bab78ac27a125a830858691a92bf3d47921eb2f2753,3,3.9.13,1,20260731,13d1393daf9c23384d66a849a1176a2efd1c2b2ac7d714ae6d82c0b1bdc780e3,45720b3744cf727786c2918dde976d6d4ff6af8631122fb43dce55c4ee4b8b6b,164480e4ddec1cd45912f9ecbb21827e007f4ebd216d1bf4a9047f3baa5bcbb8,1
13d1393daf9c23384d66a849a1176a2efd1c2b2ac7d714ae6d82c0b1bdc780e3,45720b3744cf727786c2918dde976d6d4ff6af8631122fb43dce55c4ee4b8b6b,164480e4ddec1cd45912f9ecbb21827e007f4ebd216d1bf4a9047f3baa5bcbb8,35,9462,66ccdc7158ecacd02520aae281657f0aaca1ab96b975c6856903585220e9be37,71e6acd5edbff45d255ec0d33ae04ea2aa4e594b644b6b50d7801bccfe500875,raw,71e6acd5edbff45d255ec0d33ae04ea2aa4e594b644b6b50d7801bccfe500875,77658f0c734e3b80c9b3426a9ecaba35501cde0227d8fc50b03c0d28f4146812,0.7969220043681785,3.1,6367,ac52befcc419d15de7742bab78ac27a125a830858691a92bf3d47921eb2f2753,4,3.9.13,1,20260731,13d1393daf9c23384d66a849a1176a2efd1c2b2ac7d714ae6d82c0b1bdc780e3,45720b3744cf727786c2918dde976d6d4ff6af8631122fb43dce55c4ee4b8b6b,164480e4ddec1cd45912f9ecbb21827e007f4ebd216d1bf4a9047f3baa5bcbb8,1
13d1393daf9c23384d66a849a1176a2efd1c2b2ac7d714ae6d82c0b1bdc780e3,45720b3744cf727786c2918dde976d6d4ff6af8631122fb43dce55c4ee4b8b6b,164480e4ddec1cd45912f9ecbb21827e007f4ebd216d1bf4a9047f3baa5bcbb8,35,9462,66ccdc7158ecacd02520aae281657f0aaca1ab96b975c6856903585220e9be37,71e6acd5edbff45d255ec0d33ae04ea2aa4e594b644b6b50d7801bccfe500875,raw,71e6acd5edbff45d255ec0d33ae04ea2aa4e594b644b6b50d7801bccfe500875,77658f0c734e3b80c9b3426a9ecaba35501cde0227d8fc50b03c0d28f4146812,0.7969220043681785,3.1,6367,ac52befcc419d15de7742bab78ac27a125a830858691a92bf3d47921eb2f2753,5,3.9.13,1,20260731,13d1393daf9c23384d66a849a1176a2efd1c2b2ac7d714ae6d82c0b1bdc780e3,45720b3744cf727786c2918dde976d6d4ff6af8631122fb43dce55c4ee4b8b6b,164480e4ddec1cd45912f9ecbb21827e007f4ebd216d1bf4a9047f3baa5bcbb8,1
13d1393daf9c23384d66a849a1176a2efd1c2b2ac7d714ae6d82c0b1bdc780e3,45720b3744cf727786c2918dde976d6d4ff6af8631122fb43dce55c4ee4b8b6b,164480e4ddec1cd45912f9ecbb21827e007f4ebd216d1bf4a9047f3baa5bcbb8,35,9462,66ccdc7158ecacd02520aae281657f0aaca1ab96b975c6856903585220e9be37,71e6acd5edbff45d255ec0d33ae04ea2aa4e594b644b6b50d7801bccfe500875,raw,71e6acd5edbff45d255ec0d33ae04ea2aa4e594b644b6b50d7801bccfe500875,77658f0c734e3b80c9b3426a9ecaba35501cde0227d8fc50b03c0d28f4146812,0.7969220043681785,3.1,6367,ac52befcc419d15de7742bab78ac27a125a830858691a92bf3d47921eb2f2753,1,3.9.13,2,20260731,13d1393daf9c23384d66a849a1176a2efd1c2b2ac7d714ae6d82c0b1bdc780e3,45720b3744cf727786c2918dde976d6d4ff6af8631122fb43dce55c4ee4b8b6b,164480e4ddec1cd45912f9ecbb21827e007f4ebd216d1bf4a9047f3baa5bcbb8,1
13d1393daf9c23384d66a849a1176a2efd1c2b2ac7d714ae6d82c0b1bdc780e3,45720b3744cf727786c2918dde976d6d4ff6af8631122fb43dce55c4ee4b8b6b,164480e4ddec1cd45912f9ecbb21827e007f4ebd216d1bf4a9047f3baa5bcbb8,35,9462,66ccdc7158ecacd02520aae281657f0aaca1ab96b975c6856903585220e9be37,71e6acd5edbff45d255ec0d33ae04ea2aa4e594b644b6b50d7801bccfe500875,raw,71e6acd5edbff45d255ec0d33ae04ea2aa4e594b644b6b50d7801bccfe500875,77658f0c734e3b80c9b3426a9ecaba35501cde0227d8fc50b03c0d28f4146812,0.7969220043681785,3.1,6367,ac52befcc419d15de7742bab78ac27a125a830858691a92bf3d47921eb2f2753,2,3.9.13,2,20260731,13d1393daf9c23384d66a849a1176a2efd1c2b2ac7d714ae6d82c0b1bdc780e3,45720b3744cf727786c2918dde976d6d4ff6af8631122fb43dce55c4ee4b8b6b,164480e4ddec1cd45912f9ecbb21827e007f4ebd216d1bf4a9047f3baa5bcbb8,1
13d1393daf9c23384d66a849a1176a2efd1c2b2ac7d714ae6d82c0b1bdc780e3,45720b3744cf727786c2918dde976d6d4ff6af8631122fb43dce55c4ee4b8b6b,164480e4ddec1cd45912f9ecbb21827e007f4ebd216d1bf4a9047f3baa5bcbb8,35,9462,66ccdc7158ecacd02520aae281657f0aaca1ab96b975c6856903585220e9be37,71e6acd5edbff45d255ec0d33ae04ea2aa4e594b644b6b50d7801bccfe500875,raw,71e6acd5edbff45d255ec0d33ae04ea2aa4e594b644b6b50d7801bccfe500875,77658f0c734e3b80c9b3426a9ecaba35501cde0227d8fc50b03c0d28f4146812,0.7969220043681785,3.1,6367,ac52befcc419d15de7742bab78ac27a125a830858691a92bf3d47921eb2f2753,3,3.9.13,2,20260731,13d1393daf9c23384d66a849a1176a2efd1c2b2ac7d714ae6d82c0b1bdc780e3,45720b3744cf727786c2918dde976d6d4ff6af8631122fb43dce55c4ee4b8b6b,164480e4ddec1cd45912f9ecbb21827e007f4ebd216d1bf4a9047f3baa5bcbb8,1
13d1393daf9c23384d66a849a1176a2efd1c2b2ac7d714ae6d82c0b1bdc780e3,45720b3744cf727786c2918dde976d6d4ff6af8631122fb43dce55c4ee4b8b6b,164480e4ddec1cd45912f9ecbb21827e007f4ebd216d1bf4a9047f3baa5bcbb8,35,9462,66ccdc7158ecacd02520aae281657f0aaca1ab96b975c6856903585220e9be37,71e6acd5edbff45d255ec0d33ae04ea2aa4e594b644b6b50d7801bccfe500875,raw,71e6acd5edbff45d255ec0d33ae04ea2aa4e594b644b6b50d7801bccfe500875,77658f0c734e3b80c9b3426a9ecaba35501cde0227d8fc50b03c0d28f4146812,0.7969220043681785,3.1,6367,ac52befcc419d15de7742bab78ac27a125a830858691a92bf3d47921eb2f2753,4,3.9.13,2,20260731,13d1393daf9c23384d66a849a1176a2efd1c2b2ac7d714ae6d82c0b1bdc780e3,45720b3744cf727786c2918dde976d6d4ff6af8631122fb43dce55c4ee4b8b6b,164480e4ddec1cd45912f9ecbb21827e007f4ebd216d1bf4a9047f3baa5bcbb8,1
13d1393daf9c23384d66a849a1176a2efd1c2b2ac7d714ae6d82c0b1bdc780e3,45720b3744cf727786c2918dde976d6d4ff6af8631122fb43dce55c4ee4b8b6b,164480e4ddec1cd45912f9ecbb21827e007f4ebd216d1bf4a9047f3baa5bcbb8,35,9462,66ccdc7158ecacd02520aae281657f0aaca1ab96b975c6856903585220e9be37,71e6acd5edbff45d255ec0d33ae04ea2aa4e594b644b6b50d7801bccfe500875,raw,71e6acd5edbff45d255ec0d33ae04ea2aa4e594b644b6b50d7801bccfe500875,77658f0c734e3b80c9b3426a9ecaba35501cde0227d8fc50b03c0d28f4146812,0.7969220043681785,3.1,6367,ac52befcc419d15de7742bab78ac27a125a830858691a92bf3d47921eb2f2753,5,3.9.13,2,20260731,13d1393daf9c23384d66a849a1176a2efd1c2b2ac7d714ae6d82c0b1bdc780e3,45720b3744cf727786c2918dde976d6d4ff6af8631122fb43dce55c4ee4b8b6b,164480e4ddec1cd45912f9ecbb21827e007f4ebd216d1bf4a9047f3baa5bcbb8,1
13d1393daf9c23384d66a849a1176a2efd1c2b2ac7d714ae6d82c0b1bdc780e3,45720b3744cf727786c2918dde976d6d4ff6af8631122fb43dce55c4ee4b8b6b,164480e4ddec1cd45912f9ecbb21827e007f4ebd216d1bf4a9047f3baa5bcbb8,35,9462,66ccdc7158ecacd02520aae281657f0aaca1ab96b975c6856903585220e9be37,71e6acd5edbff45d255ec0d33ae04ea2aa4e594b644b6b50d7801bccfe500875,raw,71e6acd5edbff45d255ec0d33ae04ea2aa4e594b644b6b50d7801bccfe500875,77658f0c734e3b80c9b3426a9ecaba35501cde0227d8fc50b03c0d28f4146812,0.7969220043681785,3.1,6367,ac52befcc419d15de7742bab78ac27a125a830858691a92bf3d47921eb2f2753,1,3.9.13,42,20260731,13d1393daf9c23384d66a849a1176a2efd1c2b2ac7d714ae6d82c0b1bdc780e3,45720b3744cf727786c2918dde976d6d4ff6af8631122fb43dce55c4ee4b8b6b,164480e4ddec1cd45912f9ecbb21827e007f4ebd216d1bf4a9047f3baa5bcbb8,1
13d1393daf9c23384d66a849a1176a2efd1c2b2ac7d714ae6d82c0b1bdc780e3,45720b3744cf727786c2918dde976d6d4ff6af8631122fb43dce55c4ee4b8b6b,164480e4ddec1cd45912f9ecbb21827e007f4ebd216d1bf4a9047f3baa5bcbb8,35,9462,66ccdc7158ecacd02520aae281657f0aaca1ab96b975c6856903585220e9be37,71e6acd5edbff45d255ec0d33ae04ea2aa4e594b644b6b50d7801bccfe500875,raw,71e6acd5edbff45d255ec0d33ae04ea2aa4e594b644b6b50d7801bccfe500875,77658f0c734e3b80c9b3426a9ecaba35501cde0227d8fc50b03c0d28f4146812,0.7969220043681785,3.1,6367,ac52befcc419d15de7742bab78ac27a125a830858691a92bf3d47921eb2f2753,2,3.9.13,42,20260731,13d1393daf9c23384d66a849a1176a2efd1c2b2ac7d714ae6d82c0b1bdc780e3,45720b3744cf727786c2918dde976d6d4ff6af8631122fb43dce55c4ee4b8b6b,164480e4ddec1cd45912f9ecbb21827e007f4ebd216d1bf4a9047f3baa5bcbb8,1
13d1393daf9c23384d66a849a1176a2efd1c2b2ac7d714ae6d82c0b1bdc780e3,45720b3744cf727786c2918dde976d6d4ff6af8631122fb43dce55c4ee4b8b6b,164480e4ddec1cd45912f9ecbb21827e007f4ebd216d1bf4a9047f3baa5bcbb8,35,9462,66ccdc7158ecacd02520aae281657f0aaca1ab96b975c6856903585220e9be37,71e6acd5edbff45d255ec0d33ae04ea2aa4e594b644b6b50d7801bccfe500875,raw,71e6acd5edbff45d255ec0d33ae04ea2aa4e594b644b6b50d7801bccfe500875,77658f0c734e3b80c9b3426a9ecaba35501cde0227d8fc50b03c0d28f4146812,0.7969220043681785,3.1,6367,ac52befcc419d15de7742bab78ac27a125a830858691a92bf3d47921eb2f2753,3,3.9.13,42,20260731,13d1393daf9c23384d66a849a1176a2efd1c2b2ac7d714ae6d82c0b1bdc780e3,45720b3744cf727786c2918dde976d6d4ff6af8631122fb43dce55c4ee4b8b6b,164480e4ddec1cd45912f9ecbb21827e007f4ebd216d1bf4a9047f3baa5bcbb8,1
13d1393daf9c23384d66a849a1176a2efd1c2b2ac7d714ae6d82c0b1bdc780e3,45720b3744cf727786c2918dde976d6d4ff6af8631122fb43dce55c4ee4b8b6b,164480e4ddec1cd45912f9ecbb21827e007f4ebd216d1bf4a9047f3baa5bcbb8,35,9462,66ccdc7158ecacd02520aae281657f0aaca1ab96b975c6856903585220e9be37,71e6acd5edbff45d255ec0d33ae04ea2aa4e594b644b6b50d7801bccfe500875,raw,71e6acd5edbff45d255ec0d33ae04ea2aa4e594b644b6b50d7801bccfe500875,77658f0c734e3b80c9b3426a9ecaba35501cde0227d8fc50b03c0d28f4146812,0.7969220043681785,3.1,6367,ac52befcc419d15de7742bab78ac27a125a830858691a92bf3d47921eb2f2753,4,3.9.13,42,20260731,13d1393daf9c23384d66a849a1176a2efd1c2b2ac7d714ae6d82c0b1bdc780e3,45720b3744cf727786c2918dde976d6d4ff6af8631122fb43dce55c4ee4b8b6b,164480e4ddec1cd45912f9ecbb21827e007f4ebd216d1bf4a9047f3baa5bcbb8,1
13d1393daf9c23384d66a849a1176a2efd1c2b2ac7d714ae6d82c0b1bdc780e3,45720b3744cf727786c2918dde976d6d4ff6af8631122fb43dce55c4ee4b8b6b,164480e4ddec1cd45912f9ecbb21827e007f4ebd216d1bf4a9047f3baa5bcbb8,35,9462,66ccdc7158ecacd02520aae281657f0aaca1ab96b975c6856903585220e9be37,71e6acd5edbff45d255ec0d33ae04ea2aa4e594b644b6b50d7801bccfe500875,raw,71e6acd5edbff45d255ec0d33ae04ea2aa4e594b644b6b50d7801bccfe500875,77658f0c734e3b80c9b3426a9ecaba35501cde0227d8fc50b03c0d28f4146812,0.7969220043681785,3.1,6367,ac52befcc419d15de7742bab78ac27a125a830858691a92bf3d47921eb2f2753,5,3.9.13,42,20260731,13d1393daf9c23384d66a849a1176a2efd1c2b2ac7d714ae6d82c0b1bdc780e3,45720b3744cf727786c2918dde976d6d4ff6af8631122fb43dce55c4ee4b8b6b,164480e4ddec1cd45912f9ecbb21827e007f4ebd216d1bf4a9047f3baa5bcbb8,1
13d1393daf9c23384d66a849a1176a2efd1c2b2ac7d714ae6d82c0b1bdc780e3,45720b3744cf727786c2918dde976d6d4ff6af8631122fb43dce55c4ee4b8b6b,164480e4ddec1cd45912f9ecbb21827e007f4ebd216d1bf4a9047f3baa5bcbb8,35,9462,66ccdc7158ecacd02520aae281657f0aaca1ab96b975c6856903585220e9be37,71e6acd5edbff45d255ec0d33ae04ea2aa4e594b644b6b50d7801bccfe500875,raw,71e6acd5edbff45d255ec0d33ae04ea2aa4e594b644b6b50d7801bccfe500875,77658f0c734e3b80c9b3426a9ecaba35501cde0227d8fc50b03c0d28f4146812,0.7969220043681785,3.1,6367,ac52befcc419d15de7742bab78ac27a125a830858691a92bf3d47921eb2f2753,1,3.9.13,20260731,20260731,13d1393daf9c23384d66a849a1176a2efd1c2b2ac7d714ae6d82c0b1bdc780e3,45720b3744cf727786c2918dde976d6d4ff6af8631122fb43dce55c4ee4b8b6b,164480e4ddec1cd45912f9ecbb21827e007f4ebd216d1bf4a9047f3baa5bcbb8,1
13d1393daf9c23384d66a849a1176a2efd1c2b2ac7d714ae6d82c0b1bdc780e3,45720b3744cf727786c2918dde976d6d4ff6af8631122fb43dce55c4ee4b8b6b,164480e4ddec1cd45912f9ecbb21827e007f4ebd216d1bf4a9047f3baa5bcbb8,35,9462,66ccdc7158ecacd02520aae281657f0aaca1ab96b975c6856903585220e9be37,71e6acd5edbff45d255ec0d33ae04ea2aa4e594b644b6b50d7801bccfe500875,raw,71e6acd5edbff45d255ec0d33ae04ea2aa4e594b644b6b50d7801bccfe500875,77658f0c734e3b80c9b3426a9ecaba35501cde0227d8fc50b03c0d28f4146812,0.7969220043681785,3.1,6367,ac52befcc419d15de7742bab78ac27a125a830858691a92bf3d47921eb2f2753,2,3.9.13,20260731,20260731,13d1393daf9c23384d66a849a1176a2efd1c2b2ac7d714ae6d82c0b1bdc780e3,45720b3744cf727786c2918dde976d6d4ff6af8631122fb43dce55c4ee4b8b6b,164480e4ddec1cd45912f9ecbb21827e007f4ebd216d1bf4a9047f3baa5bcbb8,1
13d1393daf9c23384d66a849a1176a2efd1c2b2ac7d714ae6d82c0b1bdc780e3,45720b3744cf727786c2918dde976d6d4ff6af8631122fb43dce55c4ee4b8b6b,164480e4ddec1cd45912f9ecbb21827e007f4ebd216d1bf4a9047f3baa5bcbb8,35,9462,66ccdc7158ecacd02520aae281657f0aaca1ab96b975c6856903585220e9be37,71e6acd5edbff45d255ec0d33ae04ea2aa4e594b644b6b50d7801bccfe500875,raw,71e6acd5edbff45d255ec0d33ae04ea2aa4e594b644b6b50d7801bccfe500875,77658f0c734e3b80c9b3426a9ecaba35501cde0227d8fc50b03c0d28f4146812,0.7969220043681785,3.1,6367,ac52befcc419d15de7742bab78ac27a125a830858691a92bf3d47921eb2f2753,3,3.9.13,20260731,20260731,13d1393daf9c23384d66a849a1176a2efd1c2b2ac7d714ae6d82c0b1bdc780e3,45720b3744cf727786c2918dde976d6d4ff6af8631122fb43dce55c4ee4b8b6b,164480e4ddec1cd45912f9ecbb21827e007f4ebd216d1bf4a9047f3baa5bcbb8,1
13d1393daf9c23384d66a849a1176a2efd1c2b2ac7d714ae6d82c0b1bdc780e3,45720b3744cf727786c2918dde976d6d4ff6af8631122fb43dce55c4ee4b8b6b,164480e4ddec1cd45912f9ecbb21827e007f4ebd216d1bf4a9047f3baa5bcbb8,35,9462,66ccdc7158ecacd02520aae281657f0aaca1ab96b975c6856903585220e9be37,71e6acd5edbff45d255ec0d33ae04ea2aa4e594b644b6b50d7801bccfe500875,raw,71e6acd5edbff45d255ec0d33ae04ea2aa4e594b644b6b50d7801bccfe500875,77658f0c734e3b80c9b3426a9ecaba35501cde0227d8fc50b03c0d28f4146812,0.7969220043681785,3.1,6367,ac52befcc419d15de7742bab78ac27a125a830858691a92bf3d47921eb2f2753,4,3.9.13,20260731,20260731,13d1393daf9c23384d66a849a1176a2efd1c2b2ac7d714ae6d82c0b1bdc780e3,45720b3744cf727786c2918dde976d6d4ff6af8631122fb43dce55c4ee4b8b6b,164480e4ddec1cd45912f9ecbb21827e007f4ebd216d1bf4a9047f3baa5bcbb8,1
13d1393daf9c23384d66a849a1176a2efd1c2b2ac7d714ae6d82c0b1bdc780e3,45720b3744cf727786c2918dde976d6d4ff6af8631122fb43dce55c4ee4b8b6b,164480e4ddec1cd45912f9ecbb21827e007f4ebd216d1bf4a9047f3baa5bcbb8,35,9462,66ccdc7158ecacd02520aae281657f0aaca1ab96b975c6856903585220e9be37,71e6acd5edbff45d255ec0d33ae04ea2aa4e594b644b6b50d7801bccfe500875,raw,71e6acd5edbff45d255ec0d33ae04ea2aa4e594b644b6b50d7801bccfe500875,77658f0c734e3b80c9b3426a9ecaba35501cde0227d8fc50b03c0d28f4146812,0.7969220043681785,3.1,6367,ac52befcc419d15de7742bab78ac27a125a830858691a92bf3d47921eb2f2753,5,3.9.13,20260731,20260731,13d1393daf9c23384d66a849a1176a2efd1c2b2ac7d714ae6d82c0b1bdc780e3,45720b3744cf727786c2918dde976d6d4ff6af8631122fb43dce55c4ee4b8b6b,164480e4ddec1cd45912f9ecbb21827e007f4ebd216d1bf4a9047f3baa5bcbb8,1
0587a11767844526166f54efc0e992e496068af4f76992796452d5115da902b0,da59c9aceda5f43e3f9be7e7addd6521e1bc9aeae09373b4de077ee1cb987687,cabdf7ff745af98561bfabbdd5966b1e49f6a07c70b51a9eab68079ee61e124f,33,4713,870619387f55f1ad6e083171c09240979ebbd50d055ea504cbec878a1bf0f181,71e6acd5edbff45d255ec0d33ae04ea2aa4e594b644b6b50d7801bccfe500875,raw,71e6acd5edbff45d255ec0d33ae04ea2aa4e594b644b6b50d7801bccfe500875,516dbe8f820b22dc0d789889c17ed26e4c6bf01d6de64c912e52e8d68e70d8cb,0.7967549513113744,3.1,3199,622c0d5bc3816963793352f035cec561eef9a3c3b91b0385b113a2995b8e5162,1,3.9.13,0,20260731,0587a11767844526166f54efc0e992e496068af4f76992796452d5115da902b0,da59c9aceda5f43e3f9be7e7addd6521e1bc9aeae09373b4de077ee1cb987687,cabdf7ff745af98561bfabbdd5966b1e49f6a07c70b51a9eab68079ee61e124f,2
0587a11767844526166f54efc0e992e496068af4f76992796452d5115da902b0,da59c9aceda5f43e3f9be7e7addd6521e1bc9aeae09373b4de077ee1cb987687,cabdf7ff745af98561bfabbdd5966b1e49f6a07c70b51a9eab68079ee61e124f,33,4713,870619387f55f1ad6e083171c09240979ebbd50d055ea504cbec878a1bf0f181,71e6acd5edbff45d255ec0d33ae04ea2aa4e594b644b6b50d7801bccfe500875,raw,71e6acd5edbff45d255ec0d33ae04ea2aa4e594b644b6b50d7801bccfe500875,516dbe8f820b22dc0d789889c17ed26e4c6bf01d6de64c912e52e8d68e70d8cb,0.7967549513113744,3.1,3199,622c0d5bc3816963793352f035cec561eef9a3c3b91b0385b113a2995b8e5162,2,3.9.13,0,20260731,0587a11767844526166f54efc0e992e496068af4f76992796452d5115da902b0,da59c9aceda5f43e3f9be7e7addd6521e1bc9aeae09373b4de077ee1cb987687,cabdf7ff745af98561bfabbdd5966b1e49f6a07c70b51a9eab68079ee61e124f,2
0587a11767844526166f54efc0e992e496068af4f76992796452d5115da902b0,da59c9aceda5f43e3f9be7e7addd6521e1bc9aeae09373b4de077ee1cb987687,cabdf7ff745af98561bfabbdd5966b1e49f6a07c70b51a9eab68079ee61e124f,33,4713,870619387f55f1ad6e083171c09240979ebbd50d055ea504cbec878a1bf0f181,71e6acd5edbff45d255ec0d33ae04ea2aa4e594b644b6b50d7801bccfe500875,raw,71e6acd5edbff45d255ec0d33ae04ea2aa4e594b644b6b50d7801bccfe500875,516dbe8f820b22dc0d789889c17ed26e4c6bf01d6de64c912e52e8d68e70d8cb,0.7967549513113744,3.1,3199,622c0d5bc3816963793352f035cec561eef9a3c3b91b0385b113a2995b8e5162,3,3.9.13,0,20260731,0587a11767844526166f54efc0e992e496068af4f76992796452d5115da902b0,da59c9aceda5f43e3f9be7e7addd6521e1bc9aeae09373b4de077ee1cb987687,cabdf7ff745af98561bfabbdd5966b1e49f6a07c70b51a9eab68079ee61e124f,2
0587a11767844526166f54efc0e992e496068af4f76992796452d5115da902b0,da59c9aceda5f43e3f9be7e7addd6521e1bc9aeae09373b4de077ee1cb987687,cabdf7ff745af98561bfabbdd5966b1e49f6a07c70b51a9eab68079ee61e124f,33,4713,870619387f55f1ad6e083171c09240979ebbd50d055ea504cbec878a1bf0f181,71e6acd5edbff45d255ec0d33ae04ea2aa4e594b644b6b50d7801bccfe500875,raw,71e6acd5edbff45d255ec0d33ae04ea2aa4e594b644b6b50d7801bccfe500875,516dbe8f820b22dc0d789889c17ed26e4c6bf01d6de64c912e52e8d68e70d8cb,0.7967549513113744,3.1,3199,622c0d5bc3816963793352f035cec561eef9a3c3b91b0385b113a2995b8e5162,4,3.9.13,0,20260731,0587a11767844526166f54efc0e992e496068af4f76992796452d5115da902b0,da59c9aceda5f43e3f9be7e7addd6521e1bc9aeae09373b4de077ee1cb987687,cabdf7ff745af98561bfabbdd5966b1e49f6a07c70b51a9eab68079ee61e124f,2
0587a11767844526166f54efc0e992e496068af4f76992796452d5115da902b0,da59c9aceda5f43e3f9be7e7addd6521e1bc9aeae09373b4de077ee1cb987687,cabdf7ff745af98561bfabbdd5966b1e49f6a07c70b51a9eab68079ee61e124f,33,4713,870619387f55f1ad6e083171c09240979ebbd50d055ea504cbec878a1bf0f181,71e6acd5edbff45d255ec0d33ae04ea2aa4e594b644b6b50d7801bccfe500875,raw,71e6acd5edbff45d255ec0d33ae04ea2aa4e594b644b6b50d7801bccfe500875,516dbe8f820b22dc0d789889c17ed26e4c6bf01d6de64c912e52e8d68e70d8cb,0.7967549513113744,3.1,3199,622c0d5bc3816963793352f035cec561eef9a3c3b91b0385b113a2995b8e5162,5,3.9.13,0,20260731,0587a11767844526166f54efc0e992e496068af4f76992796452d5115da902b0,da59c9aceda5f43e3f9be7e7addd6521e1bc9aeae09373b4de077ee1cb987687,cabdf7ff745af98561bfabbdd5966b1e49f6a07c70b51a9eab68079ee61e124f,2
0587a11767844526166f54efc0e992e496068af4f76992796452d5115da902b0,da59c9aceda5f43e3f9be7e7addd6521e1bc9aeae09373b4de077ee1cb987687,cabdf7ff745af98561bfabbdd5966b1e49f6a07c70b51a9eab68079ee61e124f,33,4713,870619387f55f1ad6e083171c09240979ebbd50d055ea504cbec878a1bf0f181,71e6acd5edbff45d255ec0d33ae04ea2aa4e594b644b6b50d7801bccfe500875,raw,71e6acd5edbff45d255ec0d33ae04ea2aa4e594b644b6b50d7801bccfe500875,516dbe8f820b22dc0d789889c17ed26e4c6bf01d6de64c912e52e8d68e70d8cb,0.7967549513113744,3.1,3199,622c0d5bc3816963793352f035cec561eef9a3c3b91b0385b113a2995b8e5162,6,3.9.13,0,20260731,0587a11767844526166f54efc0e992e496068af4f76992796452d5115da902b0,da59c9aceda5f43e3f9be7e7addd6521e1bc9aeae09373b4de077ee1cb987687,cabdf7ff745af98561bfabbdd5966b1e49f6a07c70b51a9eab68079ee61e124f,2
0587a11767844526166f54efc0e992e496068af4f76992796452d5115da902b0,da59c9aceda5f43e3f9be7e7addd6521e1bc9aeae09373b4de077ee1cb987687,cabdf7ff745af98561bfabbdd5966b1e49f6a07c70b51a9eab68079ee61e124f,33,4713,870619387f55f1ad6e083171c09240979ebbd50d055ea504cbec878a1bf0f181,71e6acd5edbff45d255ec0d33ae04ea2aa4e594b644b6b50d7801bccfe500875,raw,71e6acd5edbff45d255ec0d33ae04ea2aa4e594b644b6b50d7801bccfe500875,516dbe8f820b22dc0d789889c17ed26e4c6bf01d6de64c912e52e8d68e70d8cb,0.7967549513113744,3.1,3199,622c0d5bc3816963793352f035cec561eef9a3c3b91b0385b113a2995b8e5162,7,3.9.13,0,20260731,0587a11767844526166f54efc0e992e496068af4f76992796452d5115da902b0,da59c9aceda5f43e3f9be7e7addd6521e1bc9aeae09373b4de077ee1cb987687,cabdf7ff745af98561bfabbdd5966b1e49f6a07c70b51a9eab68079ee61e124f,2
0587a11767844526166f54efc0e992e496068af4f76992796452d5115da902b0,da59c9aceda5f43e3f9be7e7addd6521e1bc9aeae09373b4de077ee1cb987687,cabdf7ff745af98561bfabbdd5966b1e49f6a07c70b51a9eab68079ee61e124f,33,4713,870619387f55f1ad6e083171c09240979ebbd50d055ea504cbec878a1bf0f181,71e6acd5edbff45d255ec0d33ae04ea2aa4e594b644b6b50d7801bccfe500875,raw,71e6acd5edbff45d255ec0d33ae04ea2aa4e594b644b6b50d7801bccfe500875,516dbe8f820b22dc0d789889c17ed26e4c6bf01d6de64c912e52e8d68e70d8cb,0.7967549513113744,3.1,3199,622c0d5bc3816963793352f035cec561eef9a3c3b91b0385b113a2995b8e5162,8,3.9.13,0,20260731,0587a11767844526166f54efc0e992e496068af4f76992796452d5115da902b0,da59c9aceda5f43e3f9be7e7addd6521e1bc9aeae09373b4de077ee1cb987687,cabdf7ff745af98561bfabbdd5966b1e49f6a07c70b51a9eab68079ee61e124f,2
0587a11767844526166f54efc0e992e496068af4f76992796452d5115da902b0,da59c9aceda5f43e3f9be7e7addd6521e1bc9aeae09373b4de077ee1cb987687,cabdf7ff745af98561bfabbdd5966b1e49f6a07c70b51a9eab68079ee61e124f,33,4713,870619387f55f1ad6e083171c09240979ebbd50d055ea504cbec878a1bf0f181,71e6acd5edbff45d255ec0d33ae04ea2aa4e594b644b6b50d7801bccfe500875,raw,71e6acd5edbff45d255ec0d33ae04ea2aa4e594b644b6b50d7801bccfe500875,516dbe8f820b22dc0d789889c17ed26e4c6bf01d6de64c912e52e8d68e70d8cb,0.7967549513113744,3.1,3199,622c0d5bc3816963793352f035cec561eef9a3c3b91b0385b113a2995b8e5162,9,3.9.13,0,20260731,0587a11767844526166f54efc0e992e496068af4f76992796452d5115da902b0,da59c9aceda5f43e3f9be7e7addd6521e1bc9aeae09373b4de077ee1cb987687,cabdf7ff745af98561bfabbdd5966b1e49f6a07c70b51a9eab68079ee61e124f,2
0587a11767844526166f54efc0e992e496068af4f76992796452d5115da902b0,da59c9aceda5f43e3f9be7e7addd6521e1bc9aeae09373b4de077ee1cb987687,cabdf7ff745af98561bfabbdd5966b1e49f6a07c70b51a9eab68079ee61e124f,33,4713,870619387f55f1ad6e083171c09240979ebbd50d055ea504cbec878a1bf0f181,71e6acd5edbff45d255ec0d33ae04ea2aa4e594b644b6b50d7801bccfe500875,raw,71e6acd5edbff45d255ec0d33ae04ea2aa4e594b644b6b50d7801bccfe500875,516dbe8f820b22dc0d789889c17ed26e4c6bf01d6de64c912e52e8d68e70d8cb,0.7967549513113744,3.1,3199,622c0d5bc3816963793352f035cec561eef9a3c3b91b0385b113a2995b8e5162,10,3.9.13,0,20260731,0587a11767844526166f54efc0e992e496068af4f76992796452d5115da902b0,da59c9aceda5f43e3f9be7e7addd6521e1bc9aeae09373b4de077ee1cb987687,cabdf7ff745af98561bfabbdd5966b1e49f6a07c70b51a9eab68079ee61e124f,2
0587a11767844526166f54efc0e992e496068af4f76992796452d5115da902b0,da59c9aceda5f43e3f9be7e7addd6521e1bc9aeae09373b4de077ee1cb987687,cabdf7ff745af98561bfabbdd5966b1e49f6a07c70b51a9eab68079ee61e124f,33,4713,870619387f55f1ad6e083171c09240979ebbd50d055ea504cbec878a1bf0f181,71e6acd5edbff45d255ec0d33ae04ea2aa4e594b644b6b50d7801bccfe500875,raw,71e6acd5edbff45d255ec0d33ae04ea2aa4e594b644b6b50d7801bccfe500875,516dbe8f820b22dc0d789889c17ed26e4c6bf01d6de64c912e52e8d68e70d8cb,0.7967549513113744,3.1,3199,622c0d5bc3816963793352f035cec561eef9a3c3b91b0385b113a2995b8e5162,11,3.9.13,0,20260731,0587a11767844526166f54efc0e992e496068af4f76992796452d5115da902b0,da59c9aceda5f43e3f9be7e7addd6521e1bc9aeae09373b4de077ee1cb987687,cabdf7ff745af98561bfabbdd5966b1e49f6a07c70b51a9eab68079ee61e124f,2
0587a11767844526166f54efc0e992e496068af4f76992796452d5115da902b0,da59c9aceda5f43e3f9be7e7addd6521e1bc9aeae09373b4de077ee1cb987687,cabdf7ff745af98561bfabbdd5966b1e49f6a07c70b51a9eab68079ee61e124f,33,4713,870619387f55f1ad6e083171c09240979ebbd50d055ea504cbec878a1bf0f181,71e6acd5edbff45d255ec0d33ae04ea2aa4e594b644b6b50d7801bccfe500875,raw,71e6acd5edbff45d255ec0d33ae04ea2aa4e594b644b6b50d7801bccfe500875,516dbe8f820b22dc0d789889c17ed26e4c6bf01d6de64c912e52e8d68e70d8cb,0.7967549513113744,3.1,3199,622c0d5bc3816963793352f035cec561eef9a3c3b91b0385b113a2995b8e5162,12,3.9.13,0,20260731,0587a11767844526166f54efc0e992e496068af4f76992796452d5115da902b0,da59c9aceda5f43e3f9be7e7addd6521e1bc9aeae09373b4de077ee1cb987687,cabdf7ff745af98561bfabbdd5966b1e49f6a07c70b51a9eab68079ee61e124f,2
0587a11767844526166f54efc0e992e496068af4f76992796452d5115da902b0,da59c9aceda5f43e3f9be7e7addd6521e1bc9aeae09373b4de077ee1cb987687,cabdf7ff745af98561bfabbdd5966b1e49f6a07c70b51a9eab68079ee61e124f,33,4713,870619387f55f1ad6e083171c09240979ebbd50d055ea504cbec878a1bf0f181,71e6acd5edbff45d255ec0d33ae04ea2aa4e594b644b6b50d7801bccfe500875,raw,71e6acd5edbff45d255ec0d33ae04ea2aa4e594b644b6b50d7801bccfe500875,516dbe8f820b22dc0d789889c17ed26e4c6bf01d6de64c912e52e8d68e70d8cb,0.7967549513113744,3.1,3199,622c0d5bc3816963793352f035cec561eef9a3c3b91b0385b113a2995b8e5162,13,3.9.13,0,20260731,0587a11767844526166f54efc0e992e496068af4f76992796452d5115da902b0,da59c9aceda5f43e3f9be7e7addd6521e1bc9aeae09373b4de077ee1cb987687,cabdf7ff745af98561bfabbdd5966b1e49f6a07c70b51a9eab68079ee61e124f,2
0587a11767844526166f54efc0e992e496068af4f76992796452d5115da902b0,da59c9aceda5f43e3f9be7e7addd6521e1bc9aeae09373b4de077ee1cb987687,cabdf7ff745af98561bfabbdd5966b1e49f6a07c70b51a9eab68079ee61e124f,33,4713,870619387f55f1ad6e083171c09240979ebbd50d055ea504cbec878a1bf0f181,71e6acd5edbff45d255ec0d33ae04ea2aa4e594b644b6b50d7801bccfe500875,raw,71e6acd5edbff45d255ec0d33ae04ea2aa4e594b644b6b50d7801bccfe500875,516dbe8f820b22dc0d789889c17ed26e4c6bf01d6de64c912e52e8d68e70d8cb,0.7967549513113744,3.1,3199,622c0d5bc3816963793352f035cec561eef9a3c3b91b0385b113a2995b8e5162,14,3.9.13,0,20260731,0587a11767844526166f54efc0e992e496068af4f76992796452d5115da902b0,da59c9aceda5f43e3f9be7e7addd6521e1bc9aeae09373b4de077ee1cb987687,cabdf7ff745af98561bfabbdd5966b1e49f6a07c70b51a9eab68079ee61e124f,2
0587a11767844526166f54efc0e992e496068af4f76992796452d5115da902b0,da59c9aceda5f43e3f9be7e7addd6521e1bc9aeae09373b4de077ee1cb987687,cabdf7ff745af98561bfabbdd5966b1e49f6a07c70b51a9eab68079ee61e124f,33,4713,870619387f55f1ad6e083171c09240979ebbd50d055ea504cbec878a1bf0f181,71e6acd5edbff45d255ec0d33ae04ea2aa4e594b644b6b50d7801bccfe500875,raw,71e6acd5edbff45d255ec0d33ae04ea2aa4e594b644b6b50d7801bccfe500875,516dbe8f820b22dc0d789889c17ed26e4c6bf01d6de64c912e52e8d68e70d8cb,0.7967549513113744,3.1,3199,622c0d5bc3816963793352f035cec561eef9a3c3b91b0385b113a2995b8e5162,15,3.9.13,0,20260731,0587a11767844526166f54efc0e992e496068af4f76992796452d5115da902b0,da59c9aceda5f43e3f9be7e7addd6521e1bc9aeae09373b4de077ee1cb987687,cabdf7ff745af98561bfabbdd5966b1e49f6a07c70b51a9eab68079ee61e124f,2
0587a11767844526166f54efc0e992e496068af4f76992796452d5115da902b0,da59c9aceda5f43e3f9be7e7addd6521e1bc9aeae09373b4de077ee1cb987687,cabdf7ff745af98561bfabbdd5966b1e49f6a07c70b51a9eab68079ee61e124f,33,4713,870619387f55f1ad6e083171c09240979ebbd50d055ea504cbec878a1bf0f181,71e6acd5edbff45d255ec0d33ae04ea2aa4e594b644b6b50d7801bccfe500875,raw,71e6acd5edbff45d255ec0d33ae04ea2aa4e594b644b6b50d7801bccfe500875,516dbe8f820b22dc0d789889c17ed26e4c6bf01d6de64c912e52e8d68e70d8cb,0.7967549513113744,3.1,3199,622c0d5bc3816963793352f035cec561eef9a3c3b91b0385b113a2995b8e5162,16,3.9.13,0,20260731,0587a11767844526166f54efc0e992e496068af4f76992796452d5115da902b0,da59c9aceda5f43e3f9be7e7addd6521e1bc9aeae09373b4de077ee1cb987687,cabdf7ff745af98561bfabbdd5966b1e49f6a07c70b51a9eab68079ee61e124f,2
0587a11767844526166f54efc0e992e496068af4f76992796452d5115da902b0,da59c9aceda5f43e3f9be7e7addd6521e1bc9aeae09373b4de077ee1cb987687,cabdf7ff745af98561bfabbdd5966b1e49f6a07c70b51a9eab68079ee61e124f,33,4713,870619387f55f1ad6e083171c09240979ebbd50d055ea504cbec878a1bf0f181,71e6acd5edbff45d255ec0d33ae04ea2aa4e594b644b6b50d7801bccfe500875,raw,71e6acd5edbff45d255ec0d33ae04ea2aa4e594b644b6b50d7801bccfe500875,516dbe8f820b22dc0d789889c17ed26e4c6bf01d6de64c912e52e8d68e70d8cb,0.7967549513113744,3.1,3199,622c0d5bc3816963793352f035cec561eef9a3c3b91b0385b113a2995b8e5162,17,3.9.13,0,20260731,0587a11767844526166f54efc0e992e496068af4f76992796452d5115da902b0,da59c9aceda5f43e3f9be7e7addd6521e1bc9aeae09373b4de077ee1cb987687,cabdf7ff745af98561bfabbdd5966b1e49f6a07c70b51a9eab68079ee61e124f,2
0587a11767844526166f54efc0e992e496068af4f76992796452d5115da902b0,da59c9aceda5f43e3f9be7e7addd6521e1bc9aeae09373b4de077ee1cb987687,cabdf7ff745af98561bfabbdd5966b1e49f6a07c70b51a9eab68079ee61e124f,33,4713,870619387f55f1ad6e083171c09240979ebbd50d055ea504cbec878a1bf0f181,71e6acd5edbff45d255ec0d33ae04ea2aa4e594b644b6b50d7801bccfe500875,raw,71e6acd5edbff45d255ec0d33ae04ea2aa4e594b644b6b50d7801bccfe500875,516dbe8f820b22dc0d789889c17ed26e4c6bf01d6de64c912e52e8d68e70d8cb,0.7967549513113744,3.1,3199,622c0d5bc3816963793352f035cec561eef9a3c3b91b0385b113a2995b8e5162,18,3.9.13,0,20260731,0587a11767844526166f54efc0e992e496068af4f76992796452d5115da902b0,da59c9aceda5f43e3f9be7e7addd6521e1bc9aeae09373b4de077ee1cb987687,cabdf7ff745af98561bfabbdd5966b1e49f6a07c70b51a9eab68079ee61e124f,2
0587a11767844526166f54efc0e992e496068af4f76992796452d5115da902b0,da59c9aceda5f43e3f9be7e7addd6521e1bc9aeae09373b4de077ee1cb987687,cabdf7ff745af98561bfabbdd5966b1e49f6a07c70b51a9eab68079ee61e124f,33,4713,870619387f55f1ad6e083171c09240979ebbd50d055ea504cbec878a1bf0f181,71e6acd5edbff45d255ec0d33ae04ea2aa4e594b644b6b50d7801bccfe500875,raw,71e6acd5edbff45d255ec0d33ae04ea2aa4e594b644b6b50d7801bccfe500875,516dbe8f820b22dc0d789889c17ed26e4c6bf01d6de64c912e52e8d68e70d8cb,0.7967549513113744,3.1,3199,622c0d5bc3816963793352f035cec561eef9a3c3b91b0385b113a2995b8e5162,19,3.9.13,0,20260731,0587a11767844526166f54efc0e992e496068af4f76992796452d5115da902b0,da59c9aceda5f43e3f9be7e7addd6521e1bc9aeae09373b4de077ee1cb987687,cabdf7ff745af98561bfabbdd5966b1e49f6a07c70b51a9eab68079ee61e124f,2
0587a11767844526166f54efc0e992e496068af4f76992796452d5115da902b0,da59c9aceda5f43e3f9be7e7addd6521e1bc9aeae09373b4de077ee1cb987687,cabdf7ff745af98561bfabbdd5966b1e49f6a07c70b51a9eab68079ee61e124f,33,4713,870619387f55f1ad6e083171c09240979ebbd50d055ea504cbec878a1bf0f181,71e6acd5edbff45d255ec0d33ae04ea2aa4e594b644b6b50d7801bccfe500875,raw,71e6acd5edbff45d255ec0d33ae04ea2aa4e594b644b6b50d7801bccfe500875,516dbe8f820b22dc0d789889c17ed26e4c6bf01d6de64c912e52e8d68e70d8cb,0.7967549513113744,3.1,3199,622c0d5bc3816963793352f035cec561eef9a3c3b91b0385b113a2995b8e5162,20,3.9.13,0,20260731,0587a11767844526166f54efc0e992e496068af4f76992796452d5115da902b0,da59c9aceda5f43e3f9be7e7addd6521e1bc9aeae09373b4de077ee1cb987687,cabdf7ff745af98561bfabbdd5966b1e49f6a07c70b51a9eab68079ee61e124f,2
b48c7cd86d16b90bb901a0ee207a39d269ac7ba38cfc3e527b99cd782f97337c,ef2f85d5b30f91e683ffa4a3ac74f154a052099fcf565a03d54623bd2dd386dc,431f1221642cf53aed9fd186d0c53eaf1f9a4ce788d2a950aba735e1d0d93ddb,31,4713,870619387f55f1ad6e083171c09240979ebbd50d055ea504cbec878a1bf0f181,71e6acd5edbff45d255ec0d33ae04ea2aa4e594b644b6b50d7801bccfe500875,raw,71e6acd5edbff45d255ec0d33ae04ea2aa4e594b644b6b50d7801bccfe500875,516dbe8f820b22dc0d789889c17ed26e4c6bf01d6de64c912e52e8d68e70d8cb,0.7969684027217852,3.1,3199,d79b76f29b52c6fe88e68fcde9c454f0bc068e1f6f668bc34acb90e8434ceb3f,1,3.9.13,1,20260731,b48c7cd86d16b90bb901a0ee207a39d269ac7ba38cfc3e527b99cd782f97337c,ef2f85d5b30f91e683ffa4a3ac74f154a052099fcf565a03d54623bd2dd386dc,431f1221642cf53aed9fd186d0c53eaf1f9a4ce788d2a950aba735e1d0d93ddb,2
b48c7cd86d16b90bb901a0ee207a39d269ac7ba38cfc3e527b99cd782f97337c,ef2f85d5b30f91e683ffa4a3ac74f154a052099fcf565a03d54623bd2dd386dc,431f1221642cf53aed9fd186d0c53eaf1f9a4ce788d2a950aba735e1d0d93ddb,31,4713,870619387f55f1ad6e083171c09240979ebbd50d055ea504cbec878a1bf0f181,71e6acd5edbff45d255ec0d33ae04ea2aa4e594b644b6b50d7801bccfe500875,raw,71e6acd5edbff45d255ec0d33ae04ea2aa4e594b644b6b50d7801bccfe500875,516dbe8f820b22dc0d789889c17ed26e4c6bf01d6de64c912e52e8d68e70d8cb,0.7969684027217852,3.1,3199,d79b76f29b52c6fe88e68fcde9c454f0bc068e1f6f668bc34acb90e8434ceb3f,2,3.9.13,1,20260731,b48c7cd86d16b90bb901a0ee207a39d269ac7ba38cfc3e527b99cd782f97337c,ef2f85d5b30f91e683ffa4a3ac74f154a052099fcf565a03d54623bd2dd386dc,431f1221642cf53aed9fd186d0c53eaf1f9a4ce788d2a950aba735e1d0d93ddb,2
b48c7cd86d16b90bb901a0ee207a39d269ac7ba38cfc3e527b99cd782f97337c,ef2f85d5b30f91e683ffa4a3ac74f154a052099fcf565a03d54623bd2dd386dc,431f1221642cf53aed9fd186d0c53eaf1f9a4ce788d2a950aba735e1d0d93ddb,31,4713,870619387f55f1ad6e083171c09240979ebbd50d055ea504cbec878a1bf0f181,71e6acd5edbff45d255ec0d33ae04ea2aa4e594b644b6b50d7801bccfe500875,raw,71e6acd5edbff45d255ec0d33ae04ea2aa4e594b644b6b50d7801bccfe500875,516dbe8f820b22dc0d789889c17ed26e4c6bf01d6de64c912e52e8d68e70d8cb,0.7969684027217852,3.1,3199,d79b76f29b52c6fe88e68fcde9c454f0bc068e1f6f668bc34acb90e8434ceb3f,3,3.9.13,1,20260731,b48c7cd86d16b90bb901a0ee207a39d269ac7ba38cfc3e527b99cd782f97337c,ef2f85d5b30f91e683ffa4a3ac74f154a052099fcf565a03d54623bd2dd386dc,431f1221642cf53aed9fd186d0c53eaf1f9a4ce788d2a950aba735e1d0d93ddb,2
b48c7cd86d16b90bb901a0ee207a39d269ac7ba38cfc3e527b99cd782f97337c,ef2f85d5b30f91e683ffa4a3ac74f154a052099fcf565a03d54623bd2dd386dc,431f1221642cf53aed9fd186d0c53eaf1f9a4ce788d2a950aba735e1d0d93ddb,31,4713,870619387f55f1ad6e083171c09240979ebbd50d055ea504cbec878a1bf0f181,71e6acd5edbff45d255ec0d33ae04ea2aa4e594b644b6b50d7801bccfe500875,raw,71e6acd5edbff45d255ec0d33ae04ea2aa4e594b644b6b50d7801bccfe500875,516dbe8f820b22dc0d789889c17ed26e4c6bf01d6de64c912e52e8d68e70d8cb,0.7969684027217852,3.1,3199,d79b76f29b52c6fe88e68fcde9c454f0bc068e1f6f668bc34acb90e8434ceb3f,4,3.9.13,1,20260731,b48c7cd86d16b90bb901a0ee207a39d269ac7ba38cfc3e527b99cd782f97337c,ef2f85d5b30f91e683ffa4a3ac74f154a052099fcf565a03d54623bd2dd386dc,431f1221642cf53aed9fd186d0c53eaf1f9a4ce788d2a950aba735e1d0d93ddb,2
b48c7cd86d16b90bb901a0ee207a39d269ac7ba38cfc3e527b99cd782f97337c,ef2f85d5b30f91e683ffa4a3ac74f154a052099fcf565a03d54623bd2dd386dc,431f1221642cf53aed9fd186d0c53eaf1f9a4ce788d2a950aba735e1d0d93ddb,31,4713,870619387f55f1ad6e083171c09240979ebbd50d055ea504cbec878a1bf0f181,71e6acd5edbff45d255ec0d33ae04ea2aa4e594b644b6b50d7801bccfe500875,raw,71e6acd5edbff45d255ec0d33ae04ea2aa4e594b644b6b50d7801bccfe500875,516dbe8f820b22dc0d789889c17ed26e4c6bf01d6de64c912e52e8d68e70d8cb,0.7969684027217852,3.1,3199,d79b76f29b52c6fe88e68fcde9c454f0bc068e1f6f668bc34acb90e8434ceb3f,5,3.9.13,1,20260731,b48c7cd86d16b90bb901a0ee207a39d269ac7ba38cfc3e527b99cd782f97337c,ef2f85d5b30f91e683ffa4a3ac74f154a052099fcf565a03d54623bd2dd386dc,431f1221642cf53aed9fd186d0c53eaf1f9a4ce788d2a950aba735e1d0d93ddb,2
2eb2f3c02157a1569daa6fa9af225118633f012916c52cc0cfdd07f4d4256495,5fa745b6f2fc0faaea5b984eb14905d3f6155a1c82bbeb8abe56010421aabcf1,d57e36038ec33259e9bce5c35f5c0a9db655f7f9166c00bb6742430b0576aa73,31,4713,870619387f55f1ad6e083171c09240979ebbd50d055ea504cbec878a1bf0f181,71e6acd5edbff45d255ec0d33ae04ea2aa4e594b644b6b50d7801bccfe500875,raw,71e6acd5edbff45d255ec0d33ae04ea2aa4e594b644b6b50d7801bccfe500875,516dbe8f820b22dc0d789889c17ed26e4c6bf01d6de64c912e52e8d68e70d8cb,0.7968416582280433,3.1,3199,63c23c320c7d0c31bc09aebe6824d5b24d11395251e11707062083faffc4c54f,1,3.9.13,2,20260731,2eb2f3c02157a1569daa6fa9af225118633f012916c52cc0cfdd07f4d4256495,5fa745b6f2fc0faaea5b984eb14905d3f6155a1c82bbeb8abe56010421aabcf1,d57e36038ec33259e9bce5c35f5c0a9db655f7f9166c00bb6742430b0576aa73,2
2eb2f3c02157a1569daa6fa9af225118633f012916c52cc0cfdd07f4d4256495,5fa745b6f2fc0faaea5b984eb14905d3f6155a1c82bbeb8abe56010421aabcf1,d57e36038ec33259e9bce5c35f5c0a9db655f7f9166c00bb6742430b0576aa73,31,4713,870619387f55f1ad6e083171c09240979ebbd50d055ea504cbec878a1bf0f181,71e6acd5edbff45d255ec0d33ae04ea2aa4e594b644b6b50d7801bccfe500875,raw,71e6acd5edbff45d255ec0d33ae04ea2aa4e594b644b6b50d7801bccfe500875,516dbe8f820b22dc0d789889c17ed26e4c6bf01d6de64c912e52e8d68e70d8cb,0.7968416582280433,3.1,3199,63c23c320c7d0c31bc09aebe6824d5b24d11395251e11707062083faffc4c54f,2,3.9.13,2,20260731,2eb2f3c02157a1569daa6fa9af225118633f012916c52cc0cfdd07f4d4256495,5fa745b6f2fc0faaea5b984eb14905d3f6155a1c82bbeb8abe56010421aabcf1,d57e36038ec33259e9bce5c35f5c0a9db655f7f9166c00bb6742430b0576aa73,2
2eb2f3c02157a1569daa6fa9af225118633f012916c52cc0cfdd07f4d4256495,5fa745b6f2fc0faaea5b984eb14905d3f6155a1c82bbeb8abe56010421aabcf1,d57e36038ec33259e9bce5c35f5c0a9db655f7f9166c00bb6742430b0576aa73,31,4713,870619387f55f1ad6e083171c09240979ebbd50d055ea504cbec878a1bf0f181,71e6acd5edbff45d255ec0d33ae04ea2aa4e594b644b6b50d7801bccfe500875,raw,71e6acd5edbff45d255ec0d33ae04ea2aa4e594b644b6b50d7801bccfe500875,516dbe8f820b22dc0d789889c17ed26e4c6bf01d6de64c912e52e8d68e70d8cb,0.7968416582280433,3.1,3199,63c23c320c7d0c31bc09aebe6824d5b24d11395251e11707062083faffc4c54f,3,3.9.13,2,20260731,2eb2f3c02157a1569daa6fa9af225118633f012916c52cc0cfdd07f4d4256495,5fa745b6f2fc0faaea5b984eb14905d3f6155a1c82bbeb8abe56010421aabcf1,d57e36038ec33259e9bce5c35f5c0a9db655f7f9166c00bb6742430b0576aa73,2
2eb2f3c02157a1569daa6fa9af225118633f012916c52cc0cfdd07f4d4256495,5fa745b6f2fc0faaea5b984eb14905d3f6155a1c82bbeb8abe56010421aabcf1,d57e36038ec33259e9bce5c35f5c0a9db655f7f9166c00bb6742430b0576aa73,31,4713,870619387f55f1ad6e083171c09240979ebbd50d055ea504cbec878a1bf0f181,71e6acd5edbff45d255ec0d33ae04ea2aa4e594b644b6b50d7801bccfe500875,raw,71e6acd5edbff45d255ec0d33ae04ea2aa4e594b644b6b50d7801bccfe500875,516dbe8f820b22dc0d789889c17ed26e4c6bf01d6de64c912e52e8d68e70d8cb,0.7968416582280433,3.1,3199,63c23c320c7d0c31bc09aebe6824d5b24d11395251e11707062083faffc4c54f,4,3.9.13,2,20260731,2eb2f3c02157a1569daa6fa9af225118633f012916c52cc0cfdd07f4d4256495,5fa745b6f2fc0faaea5b984eb14905d3f6155a1c82bbeb8abe56010421aabcf1,d57e36038ec33259e9bce5c35f5c0a9db655f7f9166c00bb6742430b0576aa73,2
2eb2f3c02157a1569daa6fa9af225118633f012916c52cc0cfdd07f4d4256495,5fa745b6f2fc0faaea5b984eb14905d3f6155a1c82bbeb8abe56010421aabcf1,d57e36038ec33259e9bce5c35f5c0a9db655f7f9166c00bb6742430b0576aa73,31,4713,870619387f55f1ad6e083171c09240979ebbd50d055ea504cbec878a1bf0f181,71e6acd5edbff45d255ec0d33ae04ea2aa4e594b644b6b50d7801bccfe500875,raw,71e6acd5edbff45d255ec0d33ae04ea2aa4e594b644b6b50d7801bccfe500875,516dbe8f820b22dc0d789889c17ed26e4c6bf01d6de64c912e52e8d68e70d8cb,0.7968416582280433,3.1,3199,63c23c320c7d0c31bc09aebe6824d5b24d11395251e11707062083faffc4c54f,5,3.9.13,2,20260731,2eb2f3c02157a1569daa6fa9af225118633f012916c52cc0cfdd07f4d4256495,5fa745b6f2fc0faaea5b984eb14905d3f6155a1c82bbeb8abe56010421aabcf1,d57e36038ec33259e9bce5c35f5c0a9db655f7f9166c00bb6742430b0576aa73,2
42100b6b18f66700e779d74f8f6a6b5260e073e847bd5458afb149bfe1448847,86e117bef4691733fa75eaf2cd06d28224189e13910691ae7c7a18f4439ea681,e8f9d5afcfbbe9668383534183947039b15d2e894fba17b83e81785b0fa0721d,32,4713,870619387f55f1ad6e083171c09240979ebbd50d055ea504cbec878a1bf0f181,71e6acd5edbff45d255ec0d33ae04ea2aa4e594b644b6b50d7801bccfe500875,raw,71e6acd5edbff45d255ec0d33ae04ea2aa4e594b644b6b50d7801bccfe500875,516dbe8f820b22dc0d789889c17ed26e4c6bf01d6de64c912e52e8d68e70d8cb,0.7966022539777434,3.1,3199,2c4944c4ae17b0480cb32f0b5b130b2cfc8f9826fcee53c9f69e9fd3fcf02b9a,1,3.9.13,42,20260731,42100b6b18f66700e779d74f8f6a6b5260e073e847bd5458afb149bfe1448847,86e117bef4691733fa75eaf2cd06d28224189e13910691ae7c7a18f4439ea681,e8f9d5afcfbbe9668383534183947039b15d2e894fba17b83e81785b0fa0721d,2
42100b6b18f66700e779d74f8f6a6b5260e073e847bd5458afb149bfe1448847,86e117bef4691733fa75eaf2cd06d28224189e13910691ae7c7a18f4439ea681,e8f9d5afcfbbe9668383534183947039b15d2e894fba17b83e81785b0fa0721d,32,4713,870619387f55f1ad6e083171c09240979ebbd50d055ea504cbec878a1bf0f181,71e6acd5edbff45d255ec0d33ae04ea2aa4e594b644b6b50d7801bccfe500875,raw,71e6acd5edbff45d255ec0d33ae04ea2aa4e594b644b6b50d7801bccfe500875,516dbe8f820b22dc0d789889c17ed26e4c6bf01d6de64c912e52e8d68e70d8cb,0.7966022539777434,3.1,3199,2c4944c4ae17b0480cb32f0b5b130b2cfc8f9826fcee53c9f69e9fd3fcf02b9a,2,3.9.13,42,20260731,42100b6b18f66700e779d74f8f6a6b5260e073e847bd5458afb149bfe1448847,86e117bef4691733fa75eaf2cd06d28224189e13910691ae7c7a18f4439ea681,e8f9d5afcfbbe9668383534183947039b15d2e894fba17b83e81785b0fa0721d,2
42100b6b18f66700e779d74f8f6a6b5260e073e847bd5458afb149bfe1448847,86e117bef4691733fa75eaf2cd06d28224189e13910691ae7c7a18f4439ea681,e8f9d5afcfbbe9668383534183947039b15d2e894fba17b83e81785b0fa0721d,32,4713,870619387f55f1ad6e083171c09240979ebbd50d055ea504cbec878a1bf0f181,71e6acd5edbff45d255ec0d33ae04ea2aa4e594b644b6b50d7801bccfe500875,raw,71e6acd5edbff45d255ec0d33ae04ea2aa4e594b644b6b50d7801bccfe500875,516dbe8f820b22dc0d789889c17ed26e4c6bf01d6de64c912e52e8d68e70d8cb,0.7966022539777434,3.1,3199,2c4944c4ae17b0480cb32f0b5b130b2cfc8f9826fcee53c9f69e9fd3fcf02b9a,3,3.9.13,42,20260731,42100b6b18f66700e779d74f8f6a6b5260e073e847bd5458afb149bfe1448847,86e117bef4691733fa75eaf2cd06d28224189e13910691ae7c7a18f4439ea681,e8f9d5afcfbbe9668383534183947039b15d2e894fba17b83e81785b0fa0721d,2
42100b6b18f66700e779d74f8f6a6b5260e073e847bd5458afb149bfe1448847,86e117bef4691733fa75eaf2cd06d28224189e13910691ae7c7a18f4439ea681,e8f9d5afcfbbe9668383534183947039b15d2e894fba17b83e81785b0fa0721d,32,4713,870619387f55f1ad6e083171c09240979ebbd50d055ea504cbec878a1bf0f181,71e6acd5edbff45d255ec0d33ae04ea2aa4e594b644b6b50d7801bccfe500875,raw,71e6acd5edbff45d255ec0d33ae04ea2aa4e594b644b6b50d7801bccfe500875,516dbe8f820b22dc0d789889c17ed26e4c6bf01d6de64c912e52e8d68e70d8cb,0.7966022539777434,3.1,3199,2c4944c4ae17b0480cb32f0b5b130b2cfc8f9826fcee53c9f69e9fd3fcf02b9a,4,3.9.13,42,20260731,42100b6b18f66700e779d74f8f6a6b5260e073e847bd5458afb149bfe1448847,86e117bef4691733fa75eaf2cd06d28224189e13910691ae7c7a18f4439ea681,e8f9d5afcfbbe9668383534183947039b15d2e894fba17b83e81785b0fa0721d,2
42100b6b18f66700e779d74f8f6a6b5260e073e847bd5458afb149bfe1448847,86e117bef4691733fa75eaf2cd06d28224189e13910691ae7c7a18f4439ea681,e8f9d5afcfbbe9668383534183947039b15d2e894fba17b83e81785b0fa0721d,32,4713,870619387f55f1ad6e083171c09240979ebbd50d055ea504cbec878a1bf0f181,71e6acd5edbff45d255ec0d33ae04ea2aa4e594b644b6b50d7801bccfe500875,raw,71e6acd5edbff45d255ec0d33ae04ea2aa4e594b644b6b50d7801bccfe500875,516dbe8f820b22dc0d789889c17ed26e4c6bf01d6de64c912e52e8d68e70d8cb,0.7966022539777434,3.1,3199,2c4944c4ae17b0480cb32f0b5b130b2cfc8f9826fcee53c9f69e9fd3fcf02b9a,5,3.9.13,42,20260731,42100b6b18f66700e779d74f8f6a6b5260e073e847bd5458afb149bfe1448847,86e117bef4691733fa75eaf2cd06d28224189e13910691ae7c7a18f4439ea681,e8f9d5afcfbbe9668383534183947039b15d2e894fba17b83e81785b0fa0721d,2
2ff547ccf7d6abc01b4423989badac9f00fd114a21fe026fef53c3487b861dbd,e674af35862e15210f657ffd1c952bbf49667f372ffaee2a8ade4aeed7742cb8,036531853bb69604053150ee8e0358cb0daa8b56a00ea25ae3e75175da74a566,30,4713,870619387f55f1ad6e083171c09240979ebbd50d055ea504cbec878a1bf0f181,71e6acd5edbff45d255ec0d33ae04ea2aa4e594b644b6b50d7801bccfe500875,raw,71e6acd5edbff45d255ec0d33ae04ea2aa4e594b644b6b50d7801bccfe500875,516dbe8f820b22dc0d789889c17ed26e4c6bf01d6de64c912e52e8d68e70d8cb,0.7970506377080826,3.1,3199,075f39017736c5b2dc825d29ded3c8ead0c5dd08d8239ceb51654eb979f63b07,1,3.9.13,20260731,20260731,2ff547ccf7d6abc01b4423989badac9f00fd114a21fe026fef53c3487b861dbd,e674af35862e15210f657ffd1c952bbf49667f372ffaee2a8ade4aeed7742cb8,036531853bb69604053150ee8e0358cb0daa8b56a00ea25ae3e75175da74a566,2
2ff547ccf7d6abc01b4423989badac9f00fd114a21fe026fef53c3487b861dbd,e674af35862e15210f657ffd1c952bbf49667f372ffaee2a8ade4aeed7742cb8,036531853bb69604053150ee8e0358cb0daa8b56a00ea25ae3e75175da74a566,30,4713,870619387f55f1ad6e083171c09240979ebbd50d055ea504cbec878a1bf0f181,71e6acd5edbff45d255ec0d33ae04ea2aa4e594b644b6b50d7801bccfe500875,raw,71e6acd5edbff45d255ec0d33ae04ea2aa4e594b644b6b50d7801bccfe500875,516dbe8f820b22dc0d789889c17ed26e4c6bf01d6de64c912e52e8d68e70d8cb,0.7970506377080826,3.1,3199,075f39017736c5b2dc825d29ded3c8ead0c5dd08d8239ceb51654eb979f63b07,2,3.9.13,20260731,20260731,2ff547ccf7d6abc01b4423989badac9f00fd114a21fe026fef53c3487b861dbd,e674af35862e15210f657ffd1c952bbf49667f372ffaee2a8ade4aeed7742cb8,036531853bb69604053150ee8e0358cb0daa8b56a00ea25ae3e75175da74a566,2
2ff547ccf7d6abc01b4423989badac9f00fd114a21fe026fef53c3487b861dbd,e674af35862e15210f657ffd1c952bbf49667f372ffaee2a8ade4aeed7742cb8,036531853bb69604053150ee8e0358cb0daa8b56a00ea25ae3e75175da74a566,30,4713,870619387f55f1ad6e083171c09240979ebbd50d055ea504cbec878a1bf0f181,71e6acd5edbff45d255ec0d33ae04ea2aa4e594b644b6b50d7801bccfe500875,raw,71e6acd5edbff45d255ec0d33ae04ea2aa4e594b644b6b50d7801bccfe500875,516dbe8f820b22dc0d789889c17ed26e4c6bf01d6de64c912e52e8d68e70d8cb,0.7970506377080826,3.1,3199,075f39017736c5b2dc825d29ded3c8ead0c5dd08d8239ceb51654eb979f63b07,3,3.9.13,20260731,20260731,2ff547ccf7d6abc01b4423989badac9f00fd114a21fe026fef53c3487b861dbd,e674af35862e15210f657ffd1c952bbf49667f372ffaee2a8ade4aeed7742cb8,036531853bb69604053150ee8e0358cb0daa8b56a00ea25ae3e75175da74a566,2
2ff547ccf7d6abc01b4423989badac9f00fd114a21fe026fef53c3487b861dbd,e674af35862e15210f657ffd1c952bbf49667f372ffaee2a8ade4aeed7742cb8,036531853bb69604053150ee8e0358cb0daa8b56a00ea25ae3e75175da74a566,30,4713,870619387f55f1ad6e083171c09240979ebbd50d055ea504cbec878a1bf0f181,71e6acd5edbff45d255ec0d33ae04ea2aa4e594b644b6b50d7801bccfe500875,raw,71e6acd5edbff45d255ec0d33ae04ea2aa4e594b644b6b50d7801bccfe500875,516dbe8f820b22dc0d789889c17ed26e4c6bf01d6de64c912e52e8d68e70d8cb,0.7970506377080826,3.1,3199,075f39017736c5b2dc825d29ded3c8ead0c5dd08d8239ceb51654eb979f63b07,4,3.9.13,20260731,20260731,2ff547ccf7d6abc01b4423989badac9f00fd114a21fe026fef53c3487b861dbd,e674af35862e15210f657ffd1c952bbf49667f372ffaee2a8ade4aeed7742cb8,036531853bb69604053150ee8e0358cb0daa8b56a00ea25ae3e75175da74a566,2
2ff547ccf7d6abc01b4423989badac9f00fd114a21fe026fef53c3487b861dbd,e674af35862e15210f657ffd1c952bbf49667f372ffaee2a8ade4aeed7742cb8,036531853bb69604053150ee8e0358cb0daa8b56a00ea25ae3e75175da74a566,30,4713,870619387f55f1ad6e083171c09240979ebbd50d055ea504cbec878a1bf0f181,71e6acd5edbff45d255ec0d33ae04ea2aa4e594b644b6b50d7801bccfe500875,raw,71e6acd5edbff45d255ec0d33ae04ea2aa4e594b644b6b50d7801bccfe500875,516dbe8f820b22dc0d789889c17ed26e4c6bf01d6de64c912e52e8d68e70d8cb,0.7970506377080826,3.1,3199,075f39017736c5b2dc825d29ded3c8ead0c5dd08d8239ceb51654eb979f63b07,5,3.9.13,20260731,20260731,2ff547ccf7d6abc01b4423989badac9f00fd114a21fe026fef53c3487b861dbd,e674af35862e15210f657ffd1c952bbf49667f372ffaee2a8ade4aeed7742cb8,036531853bb69604053150ee8e0358cb0daa8b56a00ea25ae3e75175da74a566,2
8ace0171931bd9eff1f2d73ceb983804de8b13bcca1d3f00daad0b8257e41fdf,25714a9a7cc091efbbf56a982cf73d71ea10106b0537765bd826faa1711c259f,411442a9ae07a0f4f83f0f2195e27604631787033ffa79d59f706d2f3afd9b8e,25,2242,dbd1c939576a7663effb627147d67716f784fdbd66c3c96d04199cd345a05eae,71e6acd5edbff45d255ec0d33ae04ea2aa4e594b644b6b50d7801bccfe500875,raw,71e6acd5edbff45d255ec0d33ae04ea2aa4e594b644b6b50d7801bccfe500875,b0d344e7657faa49544fc6728ecef42bb1a7621256c0628386f9fe91a087205d,0.7956977868170634,3.1,1546,9f23dffe1ffc450bbc50f1f7818be473d4966caf67a9652e28630beab8be08b6,1,3.9.13,0,20260731,8ace0171931bd9eff1f2d73ceb983804de8b13bcca1d3f00daad0b8257e41fdf,25714a9a7cc091efbbf56a982cf73d71ea10106b0537765bd826faa1711c259f,411442a9ae07a0f4f83f0f2195e27604631787033ffa79d59f706d2f3afd9b8e,5
8ace0171931bd9eff1f2d73ceb983804de8b13bcca1d3f00daad0b8257e41fdf,25714a9a7cc091efbbf56a982cf73d71ea10106b0537765bd826faa1711c259f,411442a9ae07a0f4f83f0f2195e27604631787033ffa79d59f706d2f3afd9b8e,25,2242,dbd1c939576a7663effb627147d67716f784fdbd66c3c96d04199cd345a05eae,71e6acd5edbff45d255ec0d33ae04ea2aa4e594b644b6b50d7801bccfe500875,raw,71e6acd5edbff45d255ec0d33ae04ea2aa4e594b644b6b50d7801bccfe500875,b0d344e7657faa49544fc6728ecef42bb1a7621256c0628386f9fe91a087205d,0.7956977868170634,3.1,1546,9f23dffe1ffc450bbc50f1f7818be473d4966caf67a9652e28630beab8be08b6,2,3.9.13,0,20260731,8ace0171931bd9eff1f2d73ceb983804de8b13bcca1d3f00daad0b8257e41fdf,25714a9a7cc091efbbf56a982cf73d71ea10106b0537765bd826faa1711c259f,411442a9ae07a0f4f83f0f2195e27604631787033ffa79d59f706d2f3afd9b8e,5
8ace0171931bd9eff1f2d73ceb983804de8b13bcca1d3f00daad0b8257e41fdf,25714a9a7cc091efbbf56a982cf73d71ea10106b0537765bd826faa1711c259f,411442a9ae07a0f4f83f0f2195e27604631787033ffa79d59f706d2f3afd9b8e,25,2242,dbd1c939576a7663effb627147d67716f784fdbd66c3c96d04199cd345a05eae,71e6acd5edbff45d255ec0d33ae04ea2aa4e594b644b6b50d7801bccfe500875,raw,71e6acd5edbff45d255ec0d33ae04ea2aa4e594b644b6b50d7801bccfe500875,b0d344e7657faa49544fc6728ecef42bb1a7621256c0628386f9fe91a087205d,0.7956977868170634,3.1,1546,9f23dffe1ffc450bbc50f1f7818be473d4966caf67a9652e28630beab8be08b6,3,3.9.13,0,20260731,8ace0171931bd9eff1f2d73ceb983804de8b13bcca1d3f00daad0b8257e41fdf,25714a9a7cc091efbbf56a982cf73d71ea10106b0537765bd826faa1711c259f,411442a9ae07a0f4f83f0f2195e27604631787033ffa79d59f706d2f3afd9b8e,5
8ace0171931bd9eff1f2d73ceb983804de8b13bcca1d3f00daad0b8257e41fdf,25714a9a7cc091efbbf56a982cf73d71ea10106b0537765bd826faa1711c259f,411442a9ae07a0f4f83f0f2195e27604631787033ffa79d59f706d2f3afd9b8e,25,2242,dbd1c939576a7663effb627147d67716f784fdbd66c3c96d04199cd345a05eae,71e6acd5edbff45d255ec0d33ae04ea2aa4e594b644b6b50d7801bccfe500875,raw,71e6acd5edbff45d255ec0d33ae04ea2aa4e594b644b6b50d7801bccfe500875,b0d344e7657faa49544fc6728ecef42bb1a7621256c0628386f9fe91a087205d,0.7956977868170634,3.1,1546,9f23dffe1ffc450bbc50f1f7818be473d4966caf67a9652e28630beab8be08b6,4,3.9.13,0,20260731,8ace0171931bd9eff1f2d73ceb983804de8b13bcca1d3f00daad0b8257e41fdf,25714a9a7cc091efbbf56a982cf73d71ea10106b0537765bd826faa1711c259f,411442a9ae07a0f4f83f0f2195e27604631787033ffa79d59f706d2f3afd9b8e,5
8ace0171931bd9eff1f2d73ceb983804de8b13bcca1d3f00daad0b8257e41fdf,25714a9a7cc091efbbf56a982cf73d71ea10106b0537765bd826faa1711c259f,411442a9ae07a0f4f83f0f2195e27604631787033ffa79d59f706d2f3afd9b8e,25,2242,dbd1c939576a7663effb627147d67716f784fdbd66c3c96d04199cd345a05eae,71e6acd5edbff45d255ec0d33ae04ea2aa4e594b644b6b50d7801bccfe500875,raw,71e6acd5edbff45d255ec0d33ae04ea2aa4e594b644b6b50d7801bccfe500875,b0d344e7657faa49544fc6728ecef42bb1a7621256c0628386f9fe91a087205d,0.7956977868170634,3.1,1546,9f23dffe1ffc450bbc50f1f7818be473d4966caf67a9652e28630beab8be08b6,5,3.9.13,0,20260731,8ace0171931bd9eff1f2d73ceb983804de8b13bcca1d3f00daad0b8257e41fdf,25714a9a7cc091efbbf56a982cf73d71ea10106b0537765bd826faa1711c259f,411442a9ae07a0f4f83f0f2195e27604631787033ffa79d59f706d2f3afd9b8e,5
8ace0171931bd9eff1f2d73ceb983804de8b13bcca1d3f00daad0b8257e41fdf,25714a9a7cc091efbbf56a982cf73d71ea10106b0537765bd826faa1711c259f,411442a9ae07a0f4f83f0f2195e27604631787033ffa79d59f706d2f3afd9b8e,25,2242,dbd1c939576a7663effb627147d67716f784fdbd66c3c96d04199cd345a05eae,71e6acd5edbff45d255ec0d33ae04ea2aa4e594b644b6b50d7801bccfe500875,raw,71e6acd5edbff45d255ec0d33ae04ea2aa4e594b644b6b50d7801bccfe500875,b0d344e7657faa49544fc6728ecef42bb1a7621256c0628386f9fe91a087205d,0.7956977868170634,3.1,1546,9f23dffe1ffc450bbc50f1f7818be473d4966caf67a9652e28630beab8be08b6,6,3.9.13,0,20260731,8ace0171931bd9eff1f2d73ceb983804de8b13bcca1d3f00daad0b8257e41fdf,25714a9a7cc091efbbf56a982cf73d71ea10106b0537765bd826faa1711c259f,411442a9ae07a0f4f83f0f2195e27604631787033ffa79d59f706d2f3afd9b8e,5
8ace0171931bd9eff1f2d73ceb983804de8b13bcca1d3f00daad0b8257e41fdf,25714a9a7cc091efbbf56a982cf73d71ea10106b0537765bd826faa1711c259f,411442a9ae07a0f4f83f0f2195e27604631787033ffa79d59f706d2f3afd9b8e,25,2242,dbd1c939576a7663effb627147d67716f784fdbd66c3c96d04199cd345a05eae,71e6acd5edbff45d255ec0d33ae04ea2aa4e594b644b6b50d7801bccfe500875,raw,71e6acd5edbff45d255ec0d33ae04ea2aa4e594b644b6b50d7801bccfe500875,b0d344e7657faa49544fc6728ecef42bb1a7621256c0628386f9fe91a087205d,0.7956977868170634,3.1,1546,9f23dffe1ffc450bbc50f1f7818be473d4966caf67a9652e28630beab8be08b6,7,3.9.13,0,20260731,8ace0171931bd9eff1f2d73ceb983804de8b13bcca1d3f00daad0b8257e41fdf,25714a9a7cc091efbbf56a982cf73d71ea10106b0537765bd826faa1711c259f,411442a9ae07a0f4f83f0f2195e27604631787033ffa79d59f706d2f3afd9b8e,5
8ace0171931bd9eff1f2d73ceb983804de8b13bcca1d3f00daad0b8257e41fdf,25714a9a7cc091efbbf56a982cf73d71ea10106b0537765bd826faa1711c259f,411442a9ae07a0f4f83f0f2195e27604631787033ffa79d59f706d2f3afd9b8e,25,2242,dbd1c939576a7663effb627147d67716f784fdbd66c3c96d04199cd345a05eae,71e6acd5edbff45d255ec0d33ae04ea2aa4e594b644b6b50d7801bccfe500875,raw,71e6acd5edbff45d255ec0d33ae04ea2aa4e594b644b6b50d7801bccfe500875,b0d344e7657faa49544fc6728ecef42bb1a7621256c0628386f9fe91a087205d,0.7956977868170634,3.1,1546,9f23dffe1ffc450bbc50f1f7818be473d4966caf67a9652e28630beab8be08b6,8,3.9.13,0,20260731,8ace0171931bd9eff1f2d73ceb983804de8b13bcca1d3f00daad0b8257e41fdf,25714a9a7cc091efbbf56a982cf73d71ea10106b0537765bd826faa1711c259f,411442a9ae07a0f4f83f0f2195e27604631787033ffa79d59f706d2f3afd9b8e,5
8ace0171931bd9eff1f2d73ceb983804de8b13bcca1d3f00daad0b8257e41fdf,25714a9a7cc091efbbf56a982cf73d71ea10106b0537765bd826faa1711c259f,411442a9ae07a0f4f83f0f2195e27604631787033ffa79d59f706d2f3afd9b8e,25,2242,dbd1c939576a7663effb627147d67716f784fdbd66c3c96d04199cd345a05eae,71e6acd5edbff45d255ec0d33ae04ea2aa4e594b644b6b50d7801bccfe500875,raw,71e6acd5edbff45d255ec0d33ae04ea2aa4e594b644b6b50d7801bccfe500875,b0d344e7657faa49544fc6728ecef42bb1a7621256c0628386f9fe91a087205d,0.7956977868170634,3.1,1546,9f23dffe1ffc450bbc50f1f7818be473d4966caf67a9652e28630beab8be08b6,9,3.9.13,0,20260731,8ace0171931bd9eff1f2d73ceb983804de8b13bcca1d3f00daad0b8257e41fdf,25714a9a7cc091efbbf56a982cf73d71ea10106b0537765bd826faa1711c259f,411442a9ae07a0f4f83f0f2195e27604631787033ffa79d59f706d2f3afd9b8e,5
8ace0171931bd9eff1f2d73ceb983804de8b13bcca1d3f00daad0b8257e41fdf,25714a9a7cc091efbbf56a982cf73d71ea10106b0537765bd826faa1711c259f,411442a9ae07a0f4f83f0f2195e27604631787033ffa79d59f706d2f3afd9b8e,25,2242,dbd1c939576a7663effb627147d67716f784fdbd66c3c96d04199cd345a05eae,71e6acd5edbff45d255ec0d33ae04ea2aa4e594b644b6b50d7801bccfe500875,raw,71e6acd5edbff45d255ec0d33ae04ea2aa4e594b644b6b50d7801bccfe500875,b0d344e7657faa49544fc6728ecef42bb1a7621256c0628386f9fe91a087205d,0.7956977868170634,3.1,1546,9f23dffe1ffc450bbc50f1f7818be473d4966caf67a9652e28630beab8be08b6,10,3.9.13,0,20260731,8ace0171931bd9eff1f2d73ceb983804de8b13bcca1d3f00daad0b8257e41fdf,25714a9a7cc091efbbf56a982cf73d71ea10106b0537765bd826faa1711c259f,411442a9ae07a0f4f83f0f2195e27604631787033ffa79d59f706d2f3afd9b8e,5
8ace0171931bd9eff1f2d73ceb983804de8b13bcca1d3f00daad0b8257e41fdf,25714a9a7cc091efbbf56a982cf73d71ea10106b0537765bd826faa1711c259f,411442a9ae07a0f4f83f0f2195e27604631787033ffa79d59f706d2f3afd9b8e,25,2242,dbd1c939576a7663effb627147d67716f784fdbd66c3c96d04199cd345a05eae,71e6acd5edbff45d255ec0d33ae04ea2aa4e594b644b6b50d7801bccfe500875,raw,71e6acd5edbff45d255ec0d33ae04ea2aa4e594b644b6b50d7801bccfe500875,b0d344e7657faa49544fc6728ecef42bb1a7621256c0628386f9fe91a087205d,0.7956977868170634,3.1,1546,9f23dffe1ffc450bbc50f1f7818be473d4966caf67a9652e28630beab8be08b6,11,3.9.13,0,20260731,8ace0171931bd9eff1f2d73ceb983804de8b13bcca1d3f00daad0b8257e41fdf,25714a9a7cc091efbbf56a982cf73d71ea10106b0537765bd826faa1711c259f,411442a9ae07a0f4f83f0f2195e27604631787033ffa79d59f706d2f3afd9b8e,5
8ace0171931bd9eff1f2d73ceb983804de8b13bcca1d3f00daad0b8257e41fdf,25714a9a7cc091efbbf56a982cf73d71ea10106b0537765bd826faa1711c259f,411442a9ae07a0f4f83f0f2195e27604631787033ffa79d59f706d2f3afd9b8e,25,2242,dbd1c939576a7663effb627147d67716f784fdbd66c3c96d04199cd345a05eae,71e6acd5edbff45d255ec0d33ae04ea2aa4e594b644b6b50d7801bccfe500875,raw,71e6acd5edbff45d255ec0d33ae04ea2aa4e594b644b6b50d7801bccfe500875,b0d344e7657faa49544fc6728ecef42bb1a7621256c0628386f9fe91a087205d,0.7956977868170634,3.1,1546,9f23dffe1ffc450bbc50f1f7818be473d4966caf67a9652e28630beab8be08b6,12,3.9.13,0,20260731,8ace0171931bd9eff1f2d73ceb983804de8b13bcca1d3f00daad0b8257e41fdf,25714a9a7cc091efbbf56a982cf73d71ea10106b0537765bd826faa1711c259f,411442a9ae07a0f4f83f0f2195e27604631787033ffa79d59f706d2f3afd9b8e,5
8ace0171931bd9eff1f2d73ceb983804de8b13bcca1d3f00daad0b8257e41fdf,25714a9a7cc091efbbf56a982cf73d71ea10106b0537765bd826faa1711c259f,411442a9ae07a0f4f83f0f2195e27604631787033ffa79d59f706d2f3afd9b8e,25,2242,dbd1c939576a7663effb627147d67716f784fdbd66c3c96d04199cd345a05eae,71e6acd5edbff45d255ec0d33ae04ea2aa4e594b644b6b50d7801bccfe500875,raw,71e6acd5edbff45d255ec0d33ae04ea2aa4e594b644b6b50d7801bccfe500875,b0d344e7657faa49544fc6728ecef42bb1a7621256c0628386f9fe91a087205d,0.7956977868170634,3.1,1546,9f23dffe1ffc450bbc50f1f7818be473d4966caf67a9652e28630beab8be08b6,13,3.9.13,0,20260731,8ace0171931bd9eff1f2d73ceb983804de8b13bcca1d3f00daad0b8257e41fdf,25714a9a7cc091efbbf56a982cf73d71ea10106b0537765bd826faa1711c259f,411442a9ae07a0f4f83f0f2195e27604631787033ffa79d59f706d2f3afd9b8e,5
8ace0171931bd9eff1f2d73ceb983804de8b13bcca1d3f00daad0b8257e41fdf,25714a9a7cc091efbbf56a982cf73d71ea10106b0537765bd826faa1711c259f,411442a9ae07a0f4f83f0f2195e27604631787033ffa79d59f706d2f3afd9b8e,25,2242,dbd1c939576a7663effb627147d67716f784fdbd66c3c96d04199cd345a05eae,71e6acd5edbff45d255ec0d33ae04ea2aa4e594b644b6b50d7801bccfe500875,raw,71e6acd5edbff45d255ec0d33ae04ea2aa4e594b644b6b50d7801bccfe500875,b0d344e7657faa49544fc6728ecef42bb1a7621256c0628386f9fe91a087205d,0.7956977868170634,3.1,1546,9f23dffe1ffc450bbc50f1f7818be473d4966caf67a9652e28630beab8be08b6,14,3.9.13,0,20260731,8ace0171931bd9eff1f2d73ceb983804de8b13bcca1d3f00daad0b8257e41fdf,25714a9a7cc091efbbf56a982cf73d71ea10106b0537765bd826faa1711c259f,411442a9ae07a0f4f83f0f2195e27604631787033ffa79d59f706d2f3afd9b8e,5
8ace0171931bd9eff1f2d73ceb983804de8b13bcca1d3f00daad0b8257e41fdf,25714a9a7cc091efbbf56a982cf73d71ea10106b0537765bd826faa1711c259f,411442a9ae07a0f4f83f0f2195e27604631787033ffa79d59f706d2f3afd9b8e,25,2242,dbd1c939576a7663effb627147d67716f784fdbd66c3c96d04199cd345a05eae,71e6acd5edbff45d255ec0d33ae04ea2aa4e594b644b6b50d7801bccfe500875,raw,71e6acd5edbff45d255ec0d33ae04ea2aa4e594b644b6b50d7801bccfe500875,b0d344e7657faa49544fc6728ecef42bb1a7621256c0628386f9fe91a087205d,0.7956977868170634,3.1,1546,9f23dffe1ffc450bbc50f1f7818be473d4966caf67a9652e28630beab8be08b6,15,3.9.13,0,20260731,8ace0171931bd9eff1f2d73ceb983804de8b13bcca1d3f00daad0b8257e41fdf,25714a9a7cc091efbbf56a982cf73d71ea10106b0537765bd826faa1711c259f,411442a9ae07a0f4f83f0f2195e27604631787033ffa79d59f706d2f3afd9b8e,5
8ace0171931bd9eff1f2d73ceb983804de8b13bcca1d3f00daad0b8257e41fdf,25714a9a7cc091efbbf56a982cf73d71ea10106b0537765bd826faa1711c259f,411442a9ae07a0f4f83f0f2195e27604631787033ffa79d59f706d2f3afd9b8e,25,2242,dbd1c939576a7663effb627147d67716f784fdbd66c3c96d04199cd345a05eae,71e6acd5edbff45d255ec0d33ae04ea2aa4e594b644b6b50d7801bccfe500875,raw,71e6acd5edbff45d255ec0d33ae04ea2aa4e594b644b6b50d7801bccfe500875,b0d344e7657faa49544fc6728ecef42bb1a7621256c0628386f9fe91a087205d,0.7956977868170634,3.1,1546,9f23dffe1ffc450bbc50f1f7818be473d4966caf67a9652e28630beab8be08b6,16,3.9.13,0,20260731,8ace0171931bd9eff1f2d73ceb983804de8b13bcca1d3f00daad0b8257e41fdf,25714a9a7cc091efbbf56a982cf73d71ea10106b0537765bd826faa1711c259f,411442a9ae07a0f4f83f0f2195e27604631787033ffa79d59f706d2f3afd9b8e,5
8ace0171931bd9eff1f2d73ceb983804de8b13bcca1d3f00daad0b8257e41fdf,25714a9a7cc091efbbf56a982cf73d71ea10106b0537765bd826faa1711c259f,411442a9ae07a0f4f83f0f2195e27604631787033ffa79d59f706d2f3afd9b8e,25,2242,dbd1c939576a7663effb627147d67716f784fdbd66c3c96d04199cd345a05eae,71e6acd5edbff45d255ec0d33ae04ea2aa4e594b644b6b50d7801bccfe500875,raw,71e6acd5edbff45d255ec0d33ae04ea2aa4e594b644b6b50d7801bccfe500875,b0d344e7657faa49544fc6728ecef42bb1a7621256c0628386f9fe91a087205d,0.7956977868170634,3.1,1546,9f23dffe1ffc450bbc50f1f7818be473d4966caf67a9652e28630beab8be08b6,17,3.9.13,0,20260731,8ace0171931bd9eff1f2d73ceb983804de8b13bcca1d3f00daad0b8257e41fdf,25714a9a7cc091efbbf56a982cf73d71ea10106b0537765bd826faa1711c259f,411442a9ae07a0f4f83f0f2195e27604631787033ffa79d59f706d2f3afd9b8e,5
8ace0171931bd9eff1f2d73ceb983804de8b13bcca1d3f00daad0b8257e41fdf,25714a9a7cc091efbbf56a982cf73d71ea10106b0537765bd826faa1711c259f,411442a9ae07a0f4f83f0f2195e27604631787033ffa79d59f706d2f3afd9b8e,25,2242,dbd1c939576a7663effb627147d67716f784fdbd66c3c96d04199cd345a05eae,71e6acd5edbff45d255ec0d33ae04ea2aa4e594b644b6b50d7801bccfe500875,raw,71e6acd5edbff45d255ec0d33ae04ea2aa4e594b644b6b50d7801bccfe500875,b0d344e7657faa49544fc6728ecef42bb1a7621256c0628386f9fe91a087205d,0.7956977868170634,3.1,1546,9f23dffe1ffc450bbc50f1f7818be473d4966caf67a9652e28630beab8be08b6,18,3.9.13,0,20260731,8ace0171931bd9eff1f2d73ceb983804de8b13bcca1d3f00daad0b8257e41fdf,25714a9a7cc091efbbf56a982cf73d71ea10106b0537765bd826faa1711c259f,411442a9ae07a0f4f83f0f2195e27604631787033ffa79d59f706d2f3afd9b8e,5
8ace0171931bd9eff1f2d73ceb983804de8b13bcca1d3f00daad0b8257e41fdf,25714a9a7cc091efbbf56a982cf73d71ea10106b0537765bd826faa1711c259f,411442a9ae07a0f4f83f0f2195e27604631787033ffa79d59f706d2f3afd9b8e,25,2242,dbd1c939576a7663effb627147d67716f784fdbd66c3c96d04199cd345a05eae,71e6acd5edbff45d255ec0d33ae04ea2aa4e594b644b6b50d7801bccfe500875,raw,71e6acd5edbff45d255ec0d33ae04ea2aa4e594b644b6b50d7801bccfe500875,b0d344e7657faa49544fc6728ecef42bb1a7621256c0628386f9fe91a087205d,0.7956977868170634,3.1,1546,9f23dffe1ffc450bbc50f1f7818be473d4966caf67a9652e28630beab8be08b6,19,3.9.13,0,20260731,8ace0171931bd9eff1f2d73ceb983804de8b13bcca1d3f00daad0b8257e41fdf,25714a9a7cc091efbbf56a982cf73d71ea10106b0537765bd826faa1711c259f,411442a9ae07a0f4f83f0f2195e27604631787033ffa79d59f706d2f3afd9b8e,5
8ace0171931bd9eff1f2d73ceb983804de8b13bcca1d3f00daad0b8257e41fdf,25714a9a7cc091efbbf56a982cf73d71ea10106b0537765bd826faa1711c259f,411442a9ae07a0f4f83f0f2195e27604631787033ffa79d59f706d2f3afd9b8e,25,2242,dbd1c939576a7663effb627147d67716f784fdbd66c3c96d04199cd345a05eae,71e6acd5edbff45d255ec0d33ae04ea2aa4e594b644b6b50d7801bccfe500875,raw,71e6acd5edbff45d255ec0d33ae04ea2aa4e594b644b6b50d7801bccfe500875,b0d344e7657faa49544fc6728ecef42bb1a7621256c0628386f9fe91a087205d,0.7956977868170634,3.1,1546,9f23dffe1ffc450bbc50f1f7818be473d4966caf67a9652e28630beab8be08b6,20,3.9.13,0,20260731,8ace0171931bd9eff1f2d73ceb983804de8b13bcca1d3f00daad0b8257e41fdf,25714a9a7cc091efbbf56a982cf73d71ea10106b0537765bd826faa1711c259f,411442a9ae07a0f4f83f0f2195e27604631787033ffa79d59f706d2f3afd9b8e,5
5100bea53cb66b6856be449df66ac83a65e9dd4175d12d66f8048169560e14e0,e54e16e62e9c0b7ad0dfc31cc028298aa92904a3dbd789ef8e88b598d4883088,482e21de1fe3f417f862b63d19767746db3a829786b690234ef4253d1c69c21a,26,2242,dbd1c939576a7663effb627147d67716f784fdbd66c3c96d04199cd345a05eae,71e6acd5edbff45d255ec0d33ae04ea2aa4e594b644b6b50d7801bccfe500875,raw,71e6acd5edbff45d255ec0d33ae04ea2aa4e594b644b6b50d7801bccfe500875,b0d344e7657faa49544fc6728ecef42bb1a7621256c0628386f9fe91a087205d,0.7955541407309554,3.1,1546,abb6668f8fc10ee2ae81327c4f265fddca8e377120fa0e3fe8a01e0666ad01b9,1,3.9.13,1,20260731,5100bea53cb66b6856be449df66ac83a65e9dd4175d12d66f8048169560e14e0,e54e16e62e9c0b7ad0dfc31cc028298aa92904a3dbd789ef8e88b598d4883088,482e21de1fe3f417f862b63d19767746db3a829786b690234ef4253d1c69c21a,5
5100bea53cb66b6856be449df66ac83a65e9dd4175d12d66f8048169560e14e0,e54e16e62e9c0b7ad0dfc31cc028298aa92904a3dbd789ef8e88b598d4883088,482e21de1fe3f417f862b63d19767746db3a829786b690234ef4253d1c69c21a,26,2242,dbd1c939576a7663effb627147d67716f784fdbd66c3c96d04199cd345a05eae,71e6acd5edbff45d255ec0d33ae04ea2aa4e594b644b6b50d7801bccfe500875,raw,71e6acd5edbff45d255ec0d33ae04ea2aa4e594b644b6b50d7801bccfe500875,b0d344e7657faa49544fc6728ecef42bb1a7621256c0628386f9fe91a087205d,0.7955541407309554,3.1,1546,abb6668f8fc10ee2ae81327c4f265fddca8e377120fa0e3fe8a01e0666ad01b9,2,3.9.13,1,20260731,5100bea53cb66b6856be449df66ac83a65e9dd4175d12d66f8048169560e14e0,e54e16e62e9c0b7ad0dfc31cc028298aa92904a3dbd789ef8e88b598d4883088,482e21de1fe3f417f862b63d19767746db3a829786b690234ef4253d1c69c21a,5
5100bea53cb66b6856be449df66ac83a65e9dd4175d12d66f8048169560e14e0,e54e16e62e9c0b7ad0dfc31cc028298aa92904a3dbd789ef8e88b598d4883088,482e21de1fe3f417f862b63d19767746db3a829786b690234ef4253d1c69c21a,26,2242,dbd1c939576a7663effb627147d67716f784fdbd66c3c96d04199cd345a05eae,71e6acd5edbff45d255ec0d33ae04ea2aa4e594b644b6b50d7801bccfe500875,raw,71e6acd5edbff45d255ec0d33ae04ea2aa4e594b644b6b50d7801bccfe500875,b0d344e7657faa49544fc6728ecef42bb1a7621256c0628386f9fe91a087205d,0.7955541407309554,3.1,1546,abb6668f8fc10ee2ae81327c4f265fddca8e377120fa0e3fe8a01e0666ad01b9,3,3.9.13,1,20260731,5100bea53cb66b6856be449df66ac83a65e9dd4175d12d66f8048169560e14e0,e54e16e62e9c0b7ad0dfc31cc028298aa92904a3dbd789ef8e88b598d4883088,482e21de1fe3f417f862b63d19767746db3a829786b690234ef4253d1c69c21a,5
5100bea53cb66b6856be449df66ac83a65e9dd4175d12d66f8048169560e14e0,e54e16e62e9c0b7ad0dfc31cc028298aa92904a3dbd789ef8e88b598d4883088,482e21de1fe3f417f862b63d19767746db3a829786b690234ef4253d1c69c21a,26,2242,dbd1c939576a7663effb627147d67716f784fdbd66c3c96d04199cd345a05eae,71e6acd5edbff45d255ec0d33ae04ea2aa4e594b644b6b50d7801bccfe500875,raw,71e6acd5edbff45d255ec0d33ae04ea2aa4e594b644b6b50d7801bccfe500875,b0d344e7657faa49544fc6728ecef42bb1a7621256c0628386f9fe91a087205d,0.7955541407309554,3.1,1546,abb6668f8fc10ee2ae81327c4f265fddca8e377120fa0e3fe8a01e0666ad01b9,4,3.9.13,1,20260731,5100bea53cb66b6856be449df66ac83a65e9dd4175d12d66f8048169560e14e0,e54e16e62e9c0b7ad0dfc31cc028298aa92904a3dbd789ef8e88b598d4883088,482e21de1fe3f417f862b63d19767746db3a829786b690234ef4253d1c69c21a,5
5100bea53cb66b6856be449df66ac83a65e9dd4175d12d66f8048169560e14e0,e54e16e62e9c0b7ad0dfc31cc028298aa92904a3dbd789ef8e88b598d4883088,482e21de1fe3f417f862b63d19767746db3a829786b690234ef4253d1c69c21a,26,2242,dbd1c939576a7663effb627147d67716f784fdbd66c3c96d04199cd345a05eae,71e6acd5edbff45d255ec0d33ae04ea2aa4e594b644b6b50d7801bccfe500875,raw,71e6acd5edbff45d255ec0d33ae04ea2aa4e594b644b6b50d7801bccfe500875,b0d344e7657faa49544fc6728ecef42bb1a7621256c0628386f9fe91a087205d,0.7955541407309554,3.1,1546,abb6668f8fc10ee2ae81327c4f265fddca8e377120fa0e3fe8a01e0666ad01b9,5,3.9.13,1,20260731,5100bea53cb66b6856be449df66ac83a65e9dd4175d12d66f8048169560e14e0,e54e16e62e9c0b7ad0dfc31cc028298aa92904a3dbd789ef8e88b598d4883088,482e21de1fe3f417f862b63d19767746db3a829786b690234ef4253d1c69c21a,5
0151760465ed6b84b2284ca3390f3b25d05f3cb93f8ce627d6f28c7cf289db8e,a73623ebc5e28b967868c7a0ceef3ab4e15eae0cb7fb7dc1cfe2d65843f72b6a,5c2800b3b737701c37f1029c6957bef810d638ded004b7ec4d6188e86ec721f3,26,2242,dbd1c939576a7663effb627147d67716f784fdbd66c3c96d04199cd345a05eae,71e6acd5edbff45d255ec0d33ae04ea2aa4e594b644b6b50d7801bccfe500875,raw,71e6acd5edbff45d255ec0d33ae04ea2aa4e594b644b6b50d7801bccfe500875,b0d344e7657faa49544fc6728ecef42bb1a7621256c0628386f9fe91a087205d,0.7964351301769141,3.1,1546,dc0c6407acf90890e774a4b1ff9e48dcd00222a97541e9407f0d596e600e37f7,1,3.9.13,2,20260731,0151760465ed6b84b2284ca3390f3b25d05f3cb93f8ce627d6f28c7cf289db8e,a73623ebc5e28b967868c7a0ceef3ab4e15eae0cb7fb7dc1cfe2d65843f72b6a,5c2800b3b737701c37f1029c6957bef810d638ded004b7ec4d6188e86ec721f3,5
0151760465ed6b84b2284ca3390f3b25d05f3cb93f8ce627d6f28c7cf289db8e,a73623ebc5e28b967868c7a0ceef3ab4e15eae0cb7fb7dc1cfe2d65843f72b6a,5c2800b3b737701c37f1029c6957bef810d638ded004b7ec4d6188e86ec721f3,26,2242,dbd1c939576a7663effb627147d67716f784fdbd66c3c96d04199cd345a05eae,71e6acd5edbff45d255ec0d33ae04ea2aa4e594b644b6b50d7801bccfe500875,raw,71e6acd5edbff45d255ec0d33ae04ea2aa4e594b644b6b50d7801bccfe500875,b0d344e7657faa49544fc6728ecef42bb1a7621256c0628386f9fe91a087205d,0.7964351301769141,3.1,1546,dc0c6407acf90890e774a4b1ff9e48dcd00222a97541e9407f0d596e600e37f7,2,3.9.13,2,20260731,0151760465ed6b84b2284ca3390f3b25d05f3cb93f8ce627d6f28c7cf289db8e,a73623ebc5e28b967868c7a0ceef3ab4e15eae0cb7fb7dc1cfe2d65843f72b6a,5c2800b3b737701c37f1029c6957bef810d638ded004b7ec4d6188e86ec721f3,5
0151760465ed6b84b2284ca3390f3b25d05f3cb93f8ce627d6f28c7cf289db8e,a73623ebc5e28b967868c7a0ceef3ab4e15eae0cb7fb7dc1cfe2d65843f72b6a,5c2800b3b737701c37f1029c6957bef810d638ded004b7ec4d6188e86ec721f3,26,2242,dbd1c939576a7663effb627147d67716f784fdbd66c3c96d04199cd345a05eae,71e6acd5edbff45d255ec0d33ae04ea2aa4e594b644b6b50d7801bccfe500875,raw,71e6acd5edbff45d255ec0d33ae04ea2aa4e594b644b6b50d7801bccfe500875,b0d344e7657faa49544fc6728ecef42bb1a7621256c0628386f9fe91a087205d,0.7964351301769141,3.1,1546,dc0c6407acf90890e774a4b1ff9e48dcd00222a97541e9407f0d596e600e37f7,3,3.9.13,2,20260731,0151760465ed6b84b2284ca3390f3b25d05f3cb93f8ce627d6f28c7cf289db8e,a73623ebc5e28b967868c7a0ceef3ab4e15eae0cb7fb7dc1cfe2d65843f72b6a,5c2800b3b737701c37f1029c6957bef810d638ded004b7ec4d6188e86ec721f3,5
0151760465ed6b84b2284ca3390f3b25d05f3cb93f8ce627d6f28c7cf289db8e,a73623ebc5e28b967868c7a0ceef3ab4e15eae0cb7fb7dc1cfe2d65843f72b6a,5c2800b3b737701c37f1029c6957bef810d638ded004b7ec4d6188e86ec721f3,26,2242,dbd1c939576a7663effb627147d67716f784fdbd66c3c96d04199cd345a05eae,71e6acd5edbff45d255ec0d33ae04ea2aa4e594b644b6b50d7801bccfe500875,raw,71e6acd5edbff45d255ec0d33ae04ea2aa4e594b644b6b50d7801bccfe500875,b0d344e7657faa49544fc6728ecef42bb1a7621256c0628386f9fe91a087205d,0.7964351301769141,3.1,1546,dc0c6407acf90890e774a4b1ff9e48dcd00222a97541e9407f0d596e600e37f7,4,3.9.13,2,20260731,0151760465ed6b84b2284ca3390f3b25d05f3cb93f8ce627d6f28c7cf289db8e,a73623ebc5e28b967868c7a0ceef3ab4e15eae0cb7fb7dc1cfe2d65843f72b6a,5c2800b3b737701c37f1029c6957bef810d638ded004b7ec4d6188e86ec721f3,5
0151760465ed6b84b2284ca3390f3b25d05f3cb93f8ce627d6f28c7cf289db8e,a73623ebc5e28b967868c7a0ceef3ab4e15eae0cb7fb7dc1cfe2d65843f72b6a,5c2800b3b737701c37f1029c6957bef810d638ded004b7ec4d6188e86ec721f3,26,2242,dbd1c939576a7663effb627147d67716f784fdbd66c3c96d04199cd345a05eae,71e6acd5edbff45d255ec0d33ae04ea2aa4e594b644b6b50d7801bccfe500875,raw,71e6acd5edbff45d255ec0d33ae04ea2aa4e594b644b6b50d7801bccfe500875,b0d344e7657faa49544fc6728ecef42bb1a7621256c0628386f9fe91a087205d,0.7964351301769141,3.1,1546,dc0c6407acf90890e774a4b1ff9e48dcd00222a97541e9407f0d596e600e37f7,5,3.9.13,2,20260731,0151760465ed6b84b2284ca3390f3b25d05f3cb93f8ce627d6f28c7cf289db8e,a73623ebc5e28b967868c7a0ceef3ab4e15eae0cb7fb7dc1cfe2d65843f72b6a,5c2800b3b737701c37f1029c6957bef810d638ded004b7ec4d6188e86ec721f3,5
c6399cbea6d535dd072149f952ba3a97d44269906d6ffe36f2366305c90e4f25,fe1ff0e7eb42b91b76c8338216bc80c2c54aa29d969649b35be02853f8ca265e,56027aec183e5951834e7e49341f9159551835f6e621aea6d30e1ea3cf33219e,25,2242,dbd1c939576a7663effb627147d67716f784fdbd66c3c96d04199cd345a05eae,71e6acd5edbff45d255ec0d33ae04ea2aa4e594b644b6b50d7801bccfe500875,raw,71e6acd5edbff45d255ec0d33ae04ea2aa4e594b644b6b50d7801bccfe500875,b0d344e7657faa49544fc6728ecef42bb1a7621256c0628386f9fe91a087205d,0.796417920171381,3.1,1546,15af3391b6831d11219b9f7d1872c26e83d768869bd79ac7641e225ce78a18ca,1,3.9.13,42,20260731,c6399cbea6d535dd072149f952ba3a97d44269906d6ffe36f2366305c90e4f25,fe1ff0e7eb42b91b76c8338216bc80c2c54aa29d969649b35be02853f8ca265e,56027aec183e5951834e7e49341f9159551835f6e621aea6d30e1ea3cf33219e,5
c6399cbea6d535dd072149f952ba3a97d44269906d6ffe36f2366305c90e4f25,fe1ff0e7eb42b91b76c8338216bc80c2c54aa29d969649b35be02853f8ca265e,56027aec183e5951834e7e49341f9159551835f6e621aea6d30e1ea3cf33219e,25,2242,dbd1c939576a7663effb627147d67716f784fdbd66c3c96d04199cd345a05eae,71e6acd5edbff45d255ec0d33ae04ea2aa4e594b644b6b50d7801bccfe500875,raw,71e6acd5edbff45d255ec0d33ae04ea2aa4e594b644b6b50d7801bccfe500875,b0d344e7657faa49544fc6728ecef42bb1a7621256c0628386f9fe91a087205d,0.796417920171381,3.1,1546,15af3391b6831d11219b9f7d1872c26e83d768869bd79ac7641e225ce78a18ca,2,3.9.13,42,20260731,c6399cbea6d535dd072149f952ba3a97d44269906d6ffe36f2366305c90e4f25,fe1ff0e7eb42b91b76c8338216bc80c2c54aa29d969649b35be02853f8ca265e,56027aec183e5951834e7e49341f9159551835f6e621aea6d30e1ea3cf33219e,5
c6399cbea6d535dd072149f952ba3a97d44269906d6ffe36f2366305c90e4f25,fe1ff0e7eb42b91b76c8338216bc80c2c54aa29d969649b35be02853f8ca265e,56027aec183e5951834e7e49341f9159551835f6e621aea6d30e1ea3cf33219e,25,2242,dbd1c939576a7663effb627147d67716f784fdbd66c3c96d04199cd345a05eae,71e6acd5edbff45d255ec0d33ae04ea2aa4e594b644b6b50d7801bccfe500875,raw,71e6acd5edbff45d255ec0d33ae04ea2aa4e594b644b6b50d7801bccfe500875,b0d344e7657faa49544fc6728ecef42bb1a7621256c0628386f9fe91a087205d,0.796417920171381,3.1,1546,15af3391b6831d11219b9f7d1872c26e83d768869bd79ac7641e225ce78a18ca,3,3.9.13,42,20260731,c6399cbea6d535dd072149f952ba3a97d44269906d6ffe36f2366305c90e4f25,fe1ff0e7eb42b91b76c8338216bc80c2c54aa29d969649b35be02853f8ca265e,56027aec183e5951834e7e49341f9159551835f6e621aea6d30e1ea3cf33219e,5
c6399cbea6d535dd072149f952ba3a97d44269906d6ffe36f2366305c90e4f25,fe1ff0e7eb42b91b76c8338216bc80c2c54aa29d969649b35be02853f8ca265e,56027aec183e5951834e7e49341f9159551835f6e621aea6d30e1ea3cf33219e,25,2242,dbd1c939576a7663effb627147d67716f784fdbd66c3c96d04199cd345a05eae,71e6acd5edbff45d255ec0d33ae04ea2aa4e594b644b6b50d7801bccfe500875,raw,71e6acd5edbff45d255ec0d33ae04ea2aa4e594b644b6b50d7801bccfe500875,b0d344e7657faa49544fc6728ecef42bb1a7621256c0628386f9fe91a087205d,0.796417920171381,3.1,1546,15af3391b6831d11219b9f7d1872c26e83d768869bd79ac7641e225ce78a18ca,4,3.9.13,42,20260731,c6399cbea6d535dd072149f952ba3a97d44269906d6ffe36f2366305c90e4f25,fe1ff0e7eb42b91b76c8338216bc80c2c54aa29d969649b35be02853f8ca265e,56027aec183e5951834e7e49341f9159551835f6e621aea6d30e1ea3cf33219e,5
c6399cbea6d535dd072149f952ba3a97d44269906d6ffe36f2366305c90e4f25,fe1ff0e7eb42b91b76c8338216bc80c2c54aa29d969649b35be02853f8ca265e,56027aec183e5951834e7e49341f9159551835f6e621aea6d30e1ea3cf33219e,25,2242,dbd1c939576a7663effb627147d67716f784fdbd66c3c96d04199cd345a05eae,71e6acd5edbff45d255ec0d33ae04ea2aa4e594b644b6b50d7801bccfe500875,raw,71e6acd5edbff45d255ec0d33ae04ea2aa4e594b644b6b50d7801bccfe500875,b0d344e7657faa49544fc6728ecef42bb1a7621256c0628386f9fe91a087205d,0.796417920171381,3.1,1546,15af3391b6831d11219b9f7d1872c26e83d768869bd79ac7641e225ce78a18ca,5,3.9.13,42,20260731,c6399cbea6d535dd072149f952ba3a97d44269906d6ffe36f2366305c90e4f25,fe1ff0e7eb42b91b76c8338216bc80c2c54aa29d969649b35be02853f8ca265e,56027aec183e5951834e7e49341f9159551835f6e621aea6d30e1ea3cf33219e,5
fb161e42aa7fe130ed91fb7443f65564dc9aba13935e4e9ea4dfd7fb6dccba48,ede1da6e62685560301b7d6e89deeb9eb0e4bd4c2d7a3e16d0f823a87e6d5048,4075c79172b92c29d6955229bf8e96300d3a2908da2175d8ee9e22ec48df0278,26,2242,dbd1c939576a7663effb627147d67716f784fdbd66c3c96d04199cd345a05eae,71e6acd5edbff45d255ec0d33ae04ea2aa4e594b644b6b50d7801bccfe500875,raw,71e6acd5edbff45d255ec0d33ae04ea2aa4e594b644b6b50d7801bccfe500875,b0d344e7657faa49544fc6728ecef42bb1a7621256c0628386f9fe91a087205d,0.7963969066534362,3.1,1546,7e13abd00fa58c7224621227d3f4667817af5d505a7eb2d0a245e4b79ff46f8f,1,3.9.13,20260731,20260731,fb161e42aa7fe130ed91fb7443f65564dc9aba13935e4e9ea4dfd7fb6dccba48,ede1da6e62685560301b7d6e89deeb9eb0e4bd4c2d7a3e16d0f823a87e6d5048,4075c79172b92c29d6955229bf8e96300d3a2908da2175d8ee9e22ec48df0278,5
fb161e42aa7fe130ed91fb7443f65564dc9aba13935e4e9ea4dfd7fb6dccba48,ede1da6e62685560301b7d6e89deeb9eb0e4bd4c2d7a3e16d0f823a87e6d5048,4075c79172b92c29d6955229bf8e96300d3a2908da2175d8ee9e22ec48df0278,26,2242,dbd1c939576a7663effb627147d67716f784fdbd66c3c96d04199cd345a05eae,71e6acd5edbff45d255ec0d33ae04ea2aa4e594b644b6b50d7801bccfe500875,raw,71e6acd5edbff45d255ec0d33ae04ea2aa4e594b644b6b50d7801bccfe500875,b0d344e7657faa49544fc6728ecef42bb1a7621256c0628386f9fe91a087205d,0.7963969066534362,3.1,1546,7e13abd00fa58c7224621227d3f4667817af5d505a7eb2d0a245e4b79ff46f8f,2,3.9.13,20260731,20260731,fb161e42aa7fe130ed91fb7443f65564dc9aba13935e4e9ea4dfd7fb6dccba48,ede1da6e62685560301b7d6e89deeb9eb0e4bd4c2d7a3e16d0f823a87e6d5048,4075c79172b92c29d6955229bf8e96300d3a2908da2175d8ee9e22ec48df0278,5
fb161e42aa7fe130ed91fb7443f65564dc9aba13935e4e9ea4dfd7fb6dccba48,ede1da6e62685560301b7d6e89deeb9eb0e4bd4c2d7a3e16d0f823a87e6d5048,4075c79172b92c29d6955229bf8e96300d3a2908da2175d8ee9e22ec48df0278,26,2242,dbd1c939576a7663effb627147d67716f784fdbd66c3c96d04199cd345a05eae,71e6acd5edbff45d255ec0d33ae04ea2aa4e594b644b6b50d7801bccfe500875,raw,71e6acd5edbff45d255ec0d33ae04ea2aa4e594b644b6b50d7801bccfe500875,b0d344e7657faa49544fc6728ecef42bb1a7621256c0628386f9fe91a087205d,0.7963969066534362,3.1,1546,7e13abd00fa58c7224621227d3f4667817af5d505a7eb2d0a245e4b79ff46f8f,3,3.9.13,20260731,20260731,fb161e42aa7fe130ed91fb7443f65564dc9aba13935e4e9ea4dfd7fb6dccba48,ede1da6e62685560301b7d6e89deeb9eb0e4bd4c2d7a3e16d0f823a87e6d5048,4075c79172b92c29d6955229bf8e96300d3a2908da2175d8ee9e22ec48df0278,5
fb161e42aa7fe130ed91fb7443f65564dc9aba13935e4e9ea4dfd7fb6dccba48,ede1da6e62685560301b7d6e89deeb9eb0e4bd4c2d7a3e16d0f823a87e6d5048,4075c79172b92c29d6955229bf8e96300d3a2908da2175d8ee9e22ec48df0278,26,2242,dbd1c939576a7663effb627147d67716f784fdbd66c3c96d04199cd345a05eae,71e6acd5edbff45d255ec0d33ae04ea2aa4e594b644b6b50d7801bccfe500875,raw,71e6acd5edbff45d255ec0d33ae04ea2aa4e594b644b6b50d7801bccfe500875,b0d344e7657faa49544fc6728ecef42bb1a7621256c0628386f9fe91a087205d,0.7963969066534362,3.1,1546,7e13abd00fa58c7224621227d3f4667817af5d505a7eb2d0a245e4b79ff46f8f,4,3.9.13,20260731,20260731,fb161e42aa7fe130ed91fb7443f65564dc9aba13935e4e9ea4dfd7fb6dccba48,ede1da6e62685560301b7d6e89deeb9eb0e4bd4c2d7a3e16d0f823a87e6d5048,4075c79172b92c29d6955229bf8e96300d3a2908da2175d8ee9e22ec48df0278,5
fb161e42aa7fe130ed91fb7443f65564dc9aba13935e4e9ea4dfd7fb6dccba48,ede1da6e62685560301b7d6e89deeb9eb0e4bd4c2d7a3e16d0f823a87e6d5048,4075c79172b92c29d6955229bf8e96300d3a2908da2175d8ee9e22ec48df0278,26,2242,dbd1c939576a7663effb627147d67716f784fdbd66c3c96d04199cd345a05eae,71e6acd5edbff45d255ec0d33ae04ea2aa4e594b644b6b50d7801bccfe500875,raw,71e6acd5edbff45d255ec0d33ae04ea2aa4e594b644b6b50d7801bccfe500875,b0d344e7657faa49544fc6728ecef42bb1a7621256c0628386f9fe91a087205d,0.7963969066534362,3.1,1546,7e13abd00fa58c7224621227d3f4667817af5d505a7eb2d0a245e4b79ff46f8f,5,3.9.13,20260731,20260731,fb161e42aa7fe130ed91fb7443f65564dc9aba13935e4e9ea4dfd7fb6dccba48,ede1da6e62685560301b7d6e89deeb9eb0e4bd4c2d7a3e16d0f823a87e6d5048,4075c79172b92c29d6955229bf8e96300d3a2908da2175d8ee9e22ec48df0278,5
5464e286d7e183a9200ae06600656f5d4e3751aea66c6401ff15d98718f6aafc,ba1f745125dbca01461caa19ff58e5ed7d875f712372a840df49598c711ee083,c5903c253534354f041aba65b135da3f5e53efa921649d628e79a7b71282ada6,22,1344,f5b452b10920355d5169ce0170050184a7fd2139d78b3d6db9f34470c2cb7a1c,71e6acd5edbff45d255ec0d33ae04ea2aa4e594b644b6b50d7801bccfe500875,raw,71e6acd5edbff45d255ec0d33ae04ea2aa4e594b644b6b50d7801bccfe500875,ddeeb9afc3e8331f05f98b70dd7fa617976504518449a849311bf396019844d4,0.7858423086877339,3.1,975,4031fd2ccc9bc07ba0c0cc359b5bc11ab3440d33862d3d66688890360361bfb9,1,3.9.13,0,20260731,5464e286d7e183a9200ae06600656f5d4e3751aea66c6401ff15d98718f6aafc,ba1f745125dbca01461caa19ff58e5ed7d875f712372a840df49598c711ee083,c5903c253534354f041aba65b135da3f5e53efa921649d628e79a7b71282ada6,10
5464e286d7e183a9200ae06600656f5d4e3751aea66c6401ff15d98718f6aafc,ba1f745125dbca01461caa19ff58e5ed7d875f712372a840df49598c711ee083,c5903c253534354f041aba65b135da3f5e53efa921649d628e79a7b71282ada6,22,1344,f5b452b10920355d5169ce0170050184a7fd2139d78b3d6db9f34470c2cb7a1c,71e6acd5edbff45d255ec0d33ae04ea2aa4e594b644b6b50d7801bccfe500875,raw,71e6acd5edbff45d255ec0d33ae04ea2aa4e594b644b6b50d7801bccfe500875,ddeeb9afc3e8331f05f98b70dd7fa617976504518449a849311bf396019844d4,0.7858423086877339,3.1,975,4031fd2ccc9bc07ba0c0cc359b5bc11ab3440d33862d3d66688890360361bfb9,2,3.9.13,0,20260731,5464e286d7e183a9200ae06600656f5d4e3751aea66c6401ff15d98718f6aafc,ba1f745125dbca01461caa19ff58e5ed7d875f712372a840df49598c711ee083,c5903c253534354f041aba65b135da3f5e53efa921649d628e79a7b71282ada6,10
5464e286d7e183a9200ae06600656f5d4e3751aea66c6401ff15d98718f6aafc,ba1f745125dbca01461caa19ff58e5ed7d875f712372a840df49598c711ee083,c5903c253534354f041aba65b135da3f5e53efa921649d628e79a7b71282ada6,22,1344,f5b452b10920355d5169ce0170050184a7fd2139d78b3d6db9f34470c2cb7a1c,71e6acd5edbff45d255ec0d33ae04ea2aa4e594b644b6b50d7801bccfe500875,raw,71e6acd5edbff45d255ec0d33ae04ea2aa4e594b644b6b50d7801bccfe500875,ddeeb9afc3e8331f05f98b70dd7fa617976504518449a849311bf396019844d4,0.7858423086877339,3.1,975,4031fd2ccc9bc07ba0c0cc359b5bc11ab3440d33862d3d66688890360361bfb9,3,3.9.13,0,20260731,5464e286d7e183a9200ae06600656f5d4e3751aea66c6401ff15d98718f6aafc,ba1f745125dbca01461caa19ff58e5ed7d875f712372a840df49598c711ee083,c5903c253534354f041aba65b135da3f5e53efa921649d628e79a7b71282ada6,10
5464e286d7e183a9200ae06600656f5d4e3751aea66c6401ff15d98718f6aafc,ba1f745125dbca01461caa19ff58e5ed7d875f712372a840df49598c711ee083,c5903c253534354f041aba65b135da3f5e53efa921649d628e79a7b71282ada6,22,1344,f5b452b10920355d5169ce0170050184a7fd2139d78b3d6db9f34470c2cb7a1c,71e6acd5edbff45d255ec0d33ae04ea2aa4e594b644b6b50d7801bccfe500875,raw,71e6acd5edbff45d255ec0d33ae04ea2aa4e594b644b6b50d7801bccfe500875,ddeeb9afc3e8331f05f98b70dd7fa617976504518449a849311bf396019844d4,0.7858423086877339,3.1,975,4031fd2ccc9bc07ba0c0cc359b5bc11ab3440d33862d3d66688890360361bfb9,4,3.9.13,0,20260731,5464e286d7e183a9200ae06600656f5d4e3751aea66c6401ff15d98718f6aafc,ba1f745125dbca01461caa19ff58e5ed7d875f712372a840df49598c711ee083,c5903c253534354f041aba65b135da3f5e53efa921649d628e79a7b71282ada6,10
5464e286d7e183a9200ae06600656f5d4e3751aea66c6401ff15d98718f6aafc,ba1f745125dbca01461caa19ff58e5ed7d875f712372a840df49598c711ee083,c5903c253534354f041aba65b135da3f5e53efa921649d628e79a7b71282ada6,22,1344,f5b452b10920355d5169ce0170050184a7fd2139d78b3d6db9f34470c2cb7a1c,71e6acd5edbff45d255ec0d33ae04ea2aa4e594b644b6b50d7801bccfe500875,raw,71e6acd5edbff45d255ec0d33ae04ea2aa4e594b644b6b50d7801bccfe500875,ddeeb9afc3e8331f05f98b70dd7fa617976504518449a849311bf396019844d4,0.7858423086877339,3.1,975,4031fd2ccc9bc07ba0c0cc359b5bc11ab3440d33862d3d66688890360361bfb9,5,3.9.13,0,20260731,5464e286d7e183a9200ae06600656f5d4e3751aea66c6401ff15d98718f6aafc,ba1f745125dbca01461caa19ff58e5ed7d875f712372a840df49598c711ee083,c5903c253534354f041aba65b135da3f5e53efa921649d628e79a7b71282ada6,10
5464e286d7e183a9200ae06600656f5d4e3751aea66c6401ff15d98718f6aafc,ba1f745125dbca01461caa19ff58e5ed7d875f712372a840df49598c711ee083,c5903c253534354f041aba65b135da3f5e53efa921649d628e79a7b71282ada6,22,1344,f5b452b10920355d5169ce0170050184a7fd2139d78b3d6db9f34470c2cb7a1c,71e6acd5edbff45d255ec0d33ae04ea2aa4e594b644b6b50d7801bccfe500875,raw,71e6acd5edbff45d255ec0d33ae04ea2aa4e594b644b6b50d7801bccfe500875,ddeeb9afc3e8331f05f98b70dd7fa617976504518449a849311bf396019844d4,0.7858423086877339,3.1,975,4031fd2ccc9bc07ba0c0cc359b5bc11ab3440d33862d3d66688890360361bfb9,6,3.9.13,0,20260731,5464e286d7e183a9200ae06600656f5d4e3751aea66c6401ff15d98718f6aafc,ba1f745125dbca01461caa19ff58e5ed7d875f712372a840df49598c711ee083,c5903c253534354f041aba65b135da3f5e53efa921649d628e79a7b71282ada6,10
5464e286d7e183a9200ae06600656f5d4e3751aea66c6401ff15d98718f6aafc,ba1f745125dbca01461caa19ff58e5ed7d875f712372a840df49598c711ee083,c5903c253534354f041aba65b135da3f5e53efa921649d628e79a7b71282ada6,22,1344,f5b452b10920355d5169ce0170050184a7fd2139d78b3d6db9f34470c2cb7a1c,71e6acd5edbff45d255ec0d33ae04ea2aa4e594b644b6b50d7801bccfe500875,raw,71e6acd5edbff45d255ec0d33ae04ea2aa4e594b644b6b50d7801bccfe500875,ddeeb9afc3e8331f05f98b70dd7fa617976504518449a849311bf396019844d4,0.7858423086877339,3.1,975,4031fd2ccc9bc07ba0c0cc359b5bc11ab3440d33862d3d66688890360361bfb9,7,3.9.13,0,20260731,5464e286d7e183a9200ae06600656f5d4e3751aea66c6401ff15d98718f6aafc,ba1f745125dbca01461caa19ff58e5ed7d875f712372a840df49598c711ee083,c5903c253534354f041aba65b135da3f5e53efa921649d628e79a7b71282ada6,10
5464e286d7e183a9200ae06600656f5d4e3751aea66c6401ff15d98718f6aafc,ba1f745125dbca01461caa19ff58e5ed7d875f712372a840df49598c711ee083,c5903c253534354f041aba65b135da3f5e53efa921649d628e79a7b71282ada6,22,1344,f5b452b10920355d5169ce0170050184a7fd2139d78b3d6db9f34470c2cb7a1c,71e6acd5edbff45d255ec0d33ae04ea2aa4e594b644b6b50d7801bccfe500875,raw,71e6acd5edbff45d255ec0d33ae04ea2aa4e594b644b6b50d7801bccfe500875,ddeeb9afc3e8331f05f98b70dd7fa617976504518449a849311bf396019844d4,0.7858423086877339,3.1,975,4031fd2ccc9bc07ba0c0cc359b5bc11ab3440d33862d3d66688890360361bfb9,8,3.9.13,0,20260731,5464e286d7e183a9200ae06600656f5d4e3751aea66c6401ff15d98718f6aafc,ba1f745125dbca01461caa19ff58e5ed7d875f712372a840df49598c711ee083,c5903c253534354f041aba65b135da3f5e53efa921649d628e79a7b71282ada6,10
5464e286d7e183a9200ae06600656f5d4e3751aea66c6401ff15d98718f6aafc,ba1f745125dbca01461caa19ff58e5ed7d875f712372a840df49598c711ee083,c5903c253534354f041aba65b135da3f5e53efa921649d628e79a7b71282ada6,22,1344,f5b452b10920355d5169ce0170050184a7fd2139d78b3d6db9f34470c2cb7a1c,71e6acd5edbff45d255ec0d33ae04ea2aa4e594b644b6b50d7801bccfe500875,raw,71e6acd5edbff45d255ec0d33ae04ea2aa4e594b644b6b50d7801bccfe500875,ddeeb9afc3e8331f05f98b70dd7fa617976504518449a849311bf396019844d4,0.7858423086877339,3.1,975,4031fd2ccc9bc07ba0c0cc359b5bc11ab3440d33862d3d66688890360361bfb9,9,3.9.13,0,20260731,5464e286d7e183a9200ae06600656f5d4e3751aea66c6401ff15d98718f6aafc,ba1f745125dbca01461caa19ff58e5ed7d875f712372a840df49598c711ee083,c5903c253534354f041aba65b135da3f5e53efa921649d628e79a7b71282ada6,10
5464e286d7e183a9200ae06600656f5d4e3751aea66c6401ff15d98718f6aafc,ba1f745125dbca01461caa19ff58e5ed7d875f712372a840df49598c711ee083,c5903c253534354f041aba65b135da3f5e53efa921649d628e79a7b71282ada6,22,1344,f5b452b10920355d5169ce0170050184a7fd2139d78b3d6db9f34470c2cb7a1c,71e6acd5edbff45d255ec0d33ae04ea2aa4e594b644b6b50d7801bccfe500875,raw,71e6acd5edbff45d255ec0d33ae04ea2aa4e594b644b6b50d7801bccfe500875,ddeeb9afc3e8331f05f98b70dd7fa617976504518449a849311bf396019844d4,0.7858423086877339,3.1,975,4031fd2ccc9bc07ba0c0cc359b5bc11ab3440d33862d3d66688890360361bfb9,10,3.9.13,0,20260731,5464e286d7e183a9200ae06600656f5d4e3751aea66c6401ff15d98718f6aafc,ba1f745125dbca01461caa19ff58e5ed7d875f712372a840df49598c711ee083,c5903c253534354f041aba65b135da3f5e53efa921649d628e79a7b71282ada6,10
5464e286d7e183a9200ae06600656f5d4e3751aea66c6401ff15d98718f6aafc,ba1f745125dbca01461caa19ff58e5ed7d875f712372a840df49598c711ee083,c5903c253534354f041aba65b135da3f5e53efa921649d628e79a7b71282ada6,22,1344,f5b452b10920355d5169ce0170050184a7fd2139d78b3d6db9f34470c2cb7a1c,71e6acd5edbff45d255ec0d33ae04ea2aa4e594b644b6b50d7801bccfe500875,raw,71e6acd5edbff45d255ec0d33ae04ea2aa4e594b644b6b50d7801bccfe500875,ddeeb9afc3e8331f05f98b70dd7fa617976504518449a849311bf396019844d4,0.7858423086877339,3.1,975,4031fd2ccc9bc07ba0c0cc359b5bc11ab3440d33862d3d66688890360361bfb9,11,3.9.13,0,20260731,5464e286d7e183a9200ae06600656f5d4e3751aea66c6401ff15d98718f6aafc,ba1f745125dbca01461caa19ff58e5ed7d875f712372a840df49598c711ee083,c5903c253534354f041aba65b135da3f5e53efa921649d628e79a7b71282ada6,10
5464e286d7e183a9200ae06600656f5d4e3751aea66c6401ff15d98718f6aafc,ba1f745125dbca01461caa19ff58e5ed7d875f712372a840df49598c711ee083,c5903c253534354f041aba65b135da3f5e53efa921649d628e79a7b71282ada6,22,1344,f5b452b10920355d5169ce0170050184a7fd2139d78b3d6db9f34470c2cb7a1c,71e6acd5edbff45d255ec0d33ae04ea2aa4e594b644b6b50d7801bccfe500875,raw,71e6acd5edbff45d255ec0d33ae04ea2aa4e594b644b6b50d7801bccfe500875,ddeeb9afc3e8331f05f98b70dd7fa617976504518449a849311bf396019844d4,0.7858423086877339,3.1,975,4031fd2ccc9bc07ba0c0cc359b5bc11ab3440d33862d3d66688890360361bfb9,12,3.9.13,0,20260731,5464e286d7e183a9200ae06600656f5d4e3751aea66c6401ff15d98718f6aafc,ba1f745125dbca01461caa19ff58e5ed7d875f712372a840df49598c711ee083,c5903c253534354f041aba65b135da3f5e53efa921649d628e79a7b71282ada6,10
5464e286d7e183a9200ae06600656f5d4e3751aea66c6401ff15d98718f6aafc,ba1f745125dbca01461caa19ff58e5ed7d875f712372a840df49598c711ee083,c5903c253534354f041aba65b135da3f5e53efa921649d628e79a7b71282ada6,22,1344,f5b452b10920355d5169ce0170050184a7fd2139d78b3d6db9f34470c2cb7a1c,71e6acd5edbff45d255ec0d33ae04ea2aa4e594b644b6b50d7801bccfe500875,raw,71e6acd5edbff45d255ec0d33ae04ea2aa4e594b644b6b50d7801bccfe500875,ddeeb9afc3e8331f05f98b70dd7fa617976504518449a849311bf396019844d4,0.7858423086877339,3.1,975,4031fd2ccc9bc07ba0c0cc359b5bc11ab3440d33862d3d66688890360361bfb9,13,3.9.13,0,20260731,5464e286d7e183a9200ae06600656f5d4e3751aea66c6401ff15d98718f6aafc,ba1f745125dbca01461caa19ff58e5ed7d875f712372a840df49598c711ee083,c5903c253534354f041aba65b135da3f5e53efa921649d628e79a7b71282ada6,10
5464e286d7e183a9200ae06600656f5d4e3751aea66c6401ff15d98718f6aafc,ba1f745125dbca01461caa19ff58e5ed7d875f712372a840df49598c711ee083,c5903c253534354f041aba65b135da3f5e53efa921649d628e79a7b71282ada6,22,1344,f5b452b10920355d5169ce0170050184a7fd2139d78b3d6db9f34470c2cb7a1c,71e6acd5edbff45d255ec0d33ae04ea2aa4e594b644b6b50d7801bccfe500875,raw,71e6acd5edbff45d255ec0d33ae04ea2aa4e594b644b6b50d7801bccfe500875,ddeeb9afc3e8331f05f98b70dd7fa617976504518449a849311bf396019844d4,0.7858423086877339,3.1,975,4031fd2ccc9bc07ba0c0cc359b5bc11ab3440d33862d3d66688890360361bfb9,14,3.9.13,0,20260731,5464e286d7e183a9200ae06600656f5d4e3751aea66c6401ff15d98718f6aafc,ba1f745125dbca01461caa19ff58e5ed7d875f712372a840df49598c711ee083,c5903c253534354f041aba65b135da3f5e53efa921649d628e79a7b71282ada6,10
5464e286d7e183a9200ae06600656f5d4e3751aea66c6401ff15d98718f6aafc,ba1f745125dbca01461caa19ff58e5ed7d875f712372a840df49598c711ee083,c5903c253534354f041aba65b135da3f5e53efa921649d628e79a7b71282ada6,22,1344,f5b452b10920355d5169ce0170050184a7fd2139d78b3d6db9f34470c2cb7a1c,71e6acd5edbff45d255ec0d33ae04ea2aa4e594b644b6b50d7801bccfe500875,raw,71e6acd5edbff45d255ec0d33ae04ea2aa4e594b644b6b50d7801bccfe500875,ddeeb9afc3e8331f05f98b70dd7fa617976504518449a849311bf396019844d4,0.7858423086877339,3.1,975,4031fd2ccc9bc07ba0c0cc359b5bc11ab3440d33862d3d66688890360361bfb9,15,3.9.13,0,20260731,5464e286d7e183a9200ae06600656f5d4e3751aea66c6401ff15d98718f6aafc,ba1f745125dbca01461caa19ff58e5ed7d875f712372a840df49598c711ee083,c5903c253534354f041aba65b135da3f5e53efa921649d628e79a7b71282ada6,10
5464e286d7e183a9200ae06600656f5d4e3751aea66c6401ff15d98718f6aafc,ba1f745125dbca01461caa19ff58e5ed7d875f712372a840df49598c711ee083,c5903c253534354f041aba65b135da3f5e53efa921649d628e79a7b71282ada6,22,1344,f5b452b10920355d5169ce0170050184a7fd2139d78b3d6db9f34470c2cb7a1c,71e6acd5edbff45d255ec0d33ae04ea2aa4e594b644b6b50d7801bccfe500875,raw,71e6acd5edbff45d255ec0d33ae04ea2aa4e594b644b6b50d7801bccfe500875,ddeeb9afc3e8331f05f98b70dd7fa617976504518449a849311bf396019844d4,0.7858423086877339,3.1,975,4031fd2ccc9bc07ba0c0cc359b5bc11ab3440d33862d3d66688890360361bfb9,16,3.9.13,0,20260731,5464e286d7e183a9200ae06600656f5d4e3751aea66c6401ff15d98718f6aafc,ba1f745125dbca01461caa19ff58e5ed7d875f712372a840df49598c711ee083,c5903c253534354f041aba65b135da3f5e53efa921649d628e79a7b71282ada6,10
5464e286d7e183a9200ae06600656f5d4e3751aea66c6401ff15d98718f6aafc,ba1f745125dbca01461caa19ff58e5ed7d875f712372a840df49598c711ee083,c5903c253534354f041aba65b135da3f5e53efa921649d628e79a7b71282ada6,22,1344,f5b452b10920355d5169ce0170050184a7fd2139d78b3d6db9f34470c2cb7a1c,71e6acd5edbff45d255ec0d33ae04ea2aa4e594b644b6b50d7801bccfe500875,raw,71e6acd5edbff45d255ec0d33ae04ea2aa4e594b644b6b50d7801bccfe500875,ddeeb9afc3e8331f05f98b70dd7fa617976504518449a849311bf396019844d4,0.7858423086877339,3.1,975,4031fd2ccc9bc07ba0c0cc359b5bc11ab3440d33862d3d66688890360361bfb9,17,3.9.13,0,20260731,5464e286d7e183a9200ae06600656f5d4e3751aea66c6401ff15d98718f6aafc,ba1f745125dbca01461caa19ff58e5ed7d875f712372a840df49598c711ee083,c5903c253534354f041aba65b135da3f5e53efa921649d628e79a7b71282ada6,10
5464e286d7e183a9200ae06600656f5d4e3751aea66c6401ff15d98718f6aafc,ba1f745125dbca01461caa19ff58e5ed7d875f712372a840df49598c711ee083,c5903c253534354f041aba65b135da3f5e53efa921649d628e79a7b71282ada6,22,1344,f5b452b10920355d5169ce0170050184a7fd2139d78b3d6db9f34470c2cb7a1c,71e6acd5edbff45d255ec0d33ae04ea2aa4e594b644b6b50d7801bccfe500875,raw,71e6acd5edbff45d255ec0d33ae04ea2aa4e594b644b6b50d7801bccfe500875,ddeeb9afc3e8331f05f98b70dd7fa617976504518449a849311bf396019844d4,0.7858423086877339,3.1,975,4031fd2ccc9bc07ba0c0cc359b5bc11ab3440d33862d3d66688890360361bfb9,18,3.9.13,0,20260731,5464e286d7e183a9200ae06600656f5d4e3751aea66c6401ff15d98718f6aafc,ba1f745125dbca01461caa19ff58e5ed7d875f712372a840df49598c711ee083,c5903c253534354f041aba65b135da3f5e53efa921649d628e79a7b71282ada6,10
5464e286d7e183a9200ae06600656f5d4e3751aea66c6401ff15d98718f6aafc,ba1f745125dbca01461caa19ff58e5ed7d875f712372a840df49598c711ee083,c5903c253534354f041aba65b135da3f5e53efa921649d628e79a7b71282ada6,22,1344,f5b452b10920355d5169ce0170050184a7fd2139d78b3d6db9f34470c2cb7a1c,71e6acd5edbff45d255ec0d33ae04ea2aa4e594b644b6b50d7801bccfe500875,raw,71e6acd5edbff45d255ec0d33ae04ea2aa4e594b644b6b50d7801bccfe500875,ddeeb9afc3e8331f05f98b70dd7fa617976504518449a849311bf396019844d4,0.7858423086877339,3.1,975,4031fd2ccc9bc07ba0c0cc359b5bc11ab3440d33862d3d66688890360361bfb9,19,3.9.13,0,20260731,5464e286d7e183a9200ae06600656f5d4e3751aea66c6401ff15d98718f6aafc,ba1f745125dbca01461caa19ff58e5ed7d875f712372a840df49598c711ee083,c5903c253534354f041aba65b135da3f5e53efa921649d628e79a7b71282ada6,10
5464e286d7e183a9200ae06600656f5d4e3751aea66c6401ff15d98718f6aafc,ba1f745125dbca01461caa19ff58e5ed7d875f712372a840df49598c711ee083,c5903c253534354f041aba65b135da3f5e53efa921649d628e79a7b71282ada6,22,1344,f5b452b10920355d5169ce0170050184a7fd2139d78b3d6db9f34470c2cb7a1c,71e6acd5edbff45d255ec0d33ae04ea2aa4e594b644b6b50d7801bccfe500875,raw,71e6acd5edbff45d255ec0d33ae04ea2aa4e594b644b6b50d7801bccfe500875,ddeeb9afc3e8331f05f98b70dd7fa617976504518449a849311bf396019844d4,0.7858423086877339,3.1,975,4031fd2ccc9bc07ba0c0cc359b5bc11ab3440d33862d3d66688890360361bfb9,20,3.9.13,0,20260731,5464e286d7e183a9200ae06600656f5d4e3751aea66c6401ff15d98718f6aafc,ba1f745125dbca01461caa19ff58e5ed7d875f712372a840df49598c711ee083,c5903c253534354f041aba65b135da3f5e53efa921649d628e79a7b71282ada6,10
6924fcbdc1837601efbbb9c22844dd1117f3b4d696dae2f1891d4fb2f2028115,2ed96333fd064d8991489631cfb08c90eff85a928a6a3c916631ecb54511d180,b987f6d1a0417aab176e9b60d5ae7ecd36ac6c39ce724ba802ad448fe28d45db,20,1344,f5b452b10920355d5169ce0170050184a7fd2139d78b3d6db9f34470c2cb7a1c,71e6acd5edbff45d255ec0d33ae04ea2aa4e594b644b6b50d7801bccfe500875,raw,71e6acd5edbff45d255ec0d33ae04ea2aa4e594b644b6b50d7801bccfe500875,ddeeb9afc3e8331f05f98b70dd7fa617976504518449a849311bf396019844d4,0.7846128064957263,3.1,975,de1d2f78aeb17941d50d6c5c8c6a1f0b942c9863ba949bc1d2f71d91eeeed363,1,3.9.13,1,20260731,6924fcbdc1837601efbbb9c22844dd1117f3b4d696dae2f1891d4fb2f2028115,2ed96333fd064d8991489631cfb08c90eff85a928a6a3c916631ecb54511d180,b987f6d1a0417aab176e9b60d5ae7ecd36ac6c39ce724ba802ad448fe28d45db,10
6924fcbdc1837601efbbb9c22844dd1117f3b4d696dae2f1891d4fb2f2028115,2ed96333fd064d8991489631cfb08c90eff85a928a6a3c916631ecb54511d180,b987f6d1a0417aab176e9b60d5ae7ecd36ac6c39ce724ba802ad448fe28d45db,20,1344,f5b452b10920355d5169ce0170050184a7fd2139d78b3d6db9f34470c2cb7a1c,71e6acd5edbff45d255ec0d33ae04ea2aa4e594b644b6b50d7801bccfe500875,raw,71e6acd5edbff45d255ec0d33ae04ea2aa4e594b644b6b50d7801bccfe500875,ddeeb9afc3e8331f05f98b70dd7fa617976504518449a849311bf396019844d4,0.7846128064957263,3.1,975,de1d2f78aeb17941d50d6c5c8c6a1f0b942c9863ba949bc1d2f71d91eeeed363,2,3.9.13,1,20260731,6924fcbdc1837601efbbb9c22844dd1117f3b4d696dae2f1891d4fb2f2028115,2ed96333fd064d8991489631cfb08c90eff85a928a6a3c916631ecb54511d180,b987f6d1a0417aab176e9b60d5ae7ecd36ac6c39ce724ba802ad448fe28d45db,10
6924fcbdc1837601efbbb9c22844dd1117f3b4d696dae2f1891d4fb2f2028115,2ed96333fd064d8991489631cfb08c90eff85a928a6a3c916631ecb54511d180,b987f6d1a0417aab176e9b60d5ae7ecd36ac6c39ce724ba802ad448fe28d45db,20,1344,f5b452b10920355d5169ce0170050184a7fd2139d78b3d6db9f34470c2cb7a1c,71e6acd5edbff45d255ec0d33ae04ea2aa4e594b644b6b50d7801bccfe500875,raw,71e6acd5edbff45d255ec0d33ae04ea2aa4e594b644b6b50d7801bccfe500875,ddeeb9afc3e8331f05f98b70dd7fa617976504518449a849311bf396019844d4,0.7846128064957263,3.1,975,de1d2f78aeb17941d50d6c5c8c6a1f0b942c9863ba949bc1d2f71d91eeeed363,3,3.9.13,1,20260731,6924fcbdc1837601efbbb9c22844dd1117f3b4d696dae2f1891d4fb2f2028115,2ed96333fd064d8991489631cfb08c90eff85a928a6a3c916631ecb54511d180,b987f6d1a0417aab176e9b60d5ae7ecd36ac6c39ce724ba802ad448fe28d45db,10
6924fcbdc1837601efbbb9c22844dd1117f3b4d696dae2f1891d4fb2f2028115,2ed96333fd064d8991489631cfb08c90eff85a928a6a3c916631ecb54511d180,b987f6d1a0417aab176e9b60d5ae7ecd36ac6c39ce724ba802ad448fe28d45db,20,1344,f5b452b10920355d5169ce0170050184a7fd2139d78b3d6db9f34470c2cb7a1c,71e6acd5edbff45d255ec0d33ae04ea2aa4e594b644b6b50d7801bccfe500875,raw,71e6acd5edbff45d255ec0d33ae04ea2aa4e594b644b6b50d7801bccfe500875,ddeeb9afc3e8331f05f98b70dd7fa617976504518449a849311bf396019844d4,0.7846128064957263,3.1,975,de1d2f78aeb17941d50d6c5c8c6a1f0b942c9863ba949bc1d2f71d91eeeed363,4,3.9.13,1,20260731,6924fcbdc1837601efbbb9c22844dd1117f3b4d696dae2f1891d4fb2f2028115,2ed96333fd064d8991489631cfb08c90eff85a928a6a3c916631ecb54511d180,b987f6d1a0417aab176e9b60d5ae7ecd36ac6c39ce724ba802ad448fe28d45db,10
6924fcbdc1837601efbbb9c22844dd1117f3b4d696dae2f1891d4fb2f2028115,2ed96333fd064d8991489631cfb08c90eff85a928a6a3c916631ecb54511d180,b987f6d1a0417aab176e9b60d5ae7ecd36ac6c39ce724ba802ad448fe28d45db,20,1344,f5b452b10920355d5169ce0170050184a7fd2139d78b3d6db9f34470c2cb7a1c,71e6acd5edbff45d255ec0d33ae04ea2aa4e594b644b6b50d7801bccfe500875,raw,71e6acd5edbff45d255ec0d33ae04ea2aa4e594b644b6b50d7801bccfe500875,ddeeb9afc3e8331f05f98b70dd7fa617976504518449a849311bf396019844d4,0.7846128064957263,3.1,975,de1d2f78aeb17941d50d6c5c8c6a1f0b942c9863ba949bc1d2f71d91eeeed363,5,3.9.13,1,20260731,6924fcbdc1837601efbbb9c22844dd1117f3b4d696dae2f1891d4fb2f2028115,2ed96333fd064d8991489631cfb08c90eff85a928a6a3c916631ecb54511d180,b987f6d1a0417aab176e9b60d5ae7ecd36ac6c39ce724ba802ad448fe28d45db,10
4c520e627c9b7666a26d8c6d828711d643d2427e20c2e25416c11240818a0a73,b18450e42a3fb945bb225a03bdb5c6695bb54a593622b42e04cc15975ae95e16,48124f195578fa6075a231a00f580288debc9702f984fa4d2c9fa0a2d3f39748,22,1344,f5b452b10920355d5169ce0170050184a7fd2139d78b3d6db9f34470c2cb7a1c,71e6acd5edbff45d255ec0d33ae04ea2aa4e594b644b6b50d7801bccfe500875,raw,71e6acd5edbff45d255ec0d33ae04ea2aa4e594b644b6b50d7801bccfe500875,ddeeb9afc3e8331f05f98b70dd7fa617976504518449a849311bf396019844d4,0.7852614010342894,3.1,975,9022af76d4895deaf7b4490ac537a381c7b130ef25ac16ae75309c4a9d0060e7,1,3.9.13,2,20260731,4c520e627c9b7666a26d8c6d828711d643d2427e20c2e25416c11240818a0a73,b18450e42a3fb945bb225a03bdb5c6695bb54a593622b42e04cc15975ae95e16,48124f195578fa6075a231a00f580288debc9702f984fa4d2c9fa0a2d3f39748,10
4c520e627c9b7666a26d8c6d828711d643d2427e20c2e25416c11240818a0a73,b18450e42a3fb945bb225a03bdb5c6695bb54a593622b42e04cc15975ae95e16,48124f195578fa6075a231a00f580288debc9702f984fa4d2c9fa0a2d3f39748,22,1344,f5b452b10920355d5169ce0170050184a7fd2139d78b3d6db9f34470c2cb7a1c,71e6acd5edbff45d255ec0d33ae04ea2aa4e594b644b6b50d7801bccfe500875,raw,71e6acd5edbff45d255ec0d33ae04ea2aa4e594b644b6b50d7801bccfe500875,ddeeb9afc3e8331f05f98b70dd7fa617976504518449a849311bf396019844d4,0.7852614010342894,3.1,975,9022af76d4895deaf7b4490ac537a381c7b130ef25ac16ae75309c4a9d0060e7,2,3.9.13,2,20260731,4c520e627c9b7666a26d8c6d828711d643d2427e20c2e25416c11240818a0a73,b18450e42a3fb945bb225a03bdb5c6695bb54a593622b42e04cc15975ae95e16,48124f195578fa6075a231a00f580288debc9702f984fa4d2c9fa0a2d3f39748,10
4c520e627c9b7666a26d8c6d828711d643d2427e20c2e25416c11240818a0a73,b18450e42a3fb945bb225a03bdb5c6695bb54a593622b42e04cc15975ae95e16,48124f195578fa6075a231a00f580288debc9702f984fa4d2c9fa0a2d3f39748,22,1344,f5b452b10920355d5169ce0170050184a7fd2139d78b3d6db9f34470c2cb7a1c,71e6acd5edbff45d255ec0d33ae04ea2aa4e594b644b6b50d7801bccfe500875,raw,71e6acd5edbff45d255ec0d33ae04ea2aa4e594b644b6b50d7801bccfe500875,ddeeb9afc3e8331f05f98b70dd7fa617976504518449a849311bf396019844d4,0.7852614010342894,3.1,975,9022af76d4895deaf7b4490ac537a381c7b130ef25ac16ae75309c4a9d0060e7,3,3.9.13,2,20260731,4c520e627c9b7666a26d8c6d828711d643d2427e20c2e25416c11240818a0a73,b18450e42a3fb945bb225a03bdb5c6695bb54a593622b42e04cc15975ae95e16,48124f195578fa6075a231a00f580288debc9702f984fa4d2c9fa0a2d3f39748,10
4c520e627c9b7666a26d8c6d828711d643d2427e20c2e25416c11240818a0a73,b18450e42a3fb945bb225a03bdb5c6695bb54a593622b42e04cc15975ae95e16,48124f195578fa6075a231a00f580288debc9702f984fa4d2c9fa0a2d3f39748,22,1344,f5b452b10920355d5169ce0170050184a7fd2139d78b3d6db9f34470c2cb7a1c,71e6acd5edbff45d255ec0d33ae04ea2aa4e594b644b6b50d7801bccfe500875,raw,71e6acd5edbff45d255ec0d33ae04ea2aa4e594b644b6b50d7801bccfe500875,ddeeb9afc3e8331f05f98b70dd7fa617976504518449a849311bf396019844d4,0.7852614010342894,3.1,975,9022af76d4895deaf7b4490ac537a381c7b130ef25ac16ae75309c4a9d0060e7,4,3.9.13,2,20260731,4c520e627c9b7666a26d8c6d828711d643d2427e20c2e25416c11240818a0a73,b18450e42a3fb945bb225a03bdb5c6695bb54a593622b42e04cc15975ae95e16,48124f195578fa6075a231a00f580288debc9702f984fa4d2c9fa0a2d3f39748,10
4c520e627c9b7666a26d8c6d828711d643d2427e20c2e25416c11240818a0a73,b18450e42a3fb945bb225a03bdb5c6695bb54a593622b42e04cc15975ae95e16,48124f195578fa6075a231a00f580288debc9702f984fa4d2c9fa0a2d3f39748,22,1344,f5b452b10920355d5169ce0170050184a7fd2139d78b3d6db9f34470c2cb7a1c,71e6acd5edbff45d255ec0d33ae04ea2aa4e594b644b6b50d7801bccfe500875,raw,71e6acd5edbff45d255ec0d33ae04ea2aa4e594b644b6b50d7801bccfe500875,ddeeb9afc3e8331f05f98b70dd7fa617976504518449a849311bf396019844d4,0.7852614010342894,3.1,975,9022af76d4895deaf7b4490ac537a381c7b130ef25ac16ae75309c4a9d0060e7,5,3.9.13,2,20260731,4c520e627c9b7666a26d8c6d828711d643d2427e20c2e25416c11240818a0a73,b18450e42a3fb945bb225a03bdb5c6695bb54a593622b42e04cc15975ae95e16,48124f195578fa6075a231a00f580288debc9702f984fa4d2c9fa0a2d3f39748,10
cd8a6c7208c1fff5524e5a3fecf2e0b8fd811aace27d013e8b12243ebc5db84e,884a9e0b6c7a54680bdc7482c874fcc7ed337ad09297d14a282d44c62b500008,25f4a7e344090c2ffaab0d8d1f428342cb32acf2f9b5486dd9e35dc20f7d4346,21,1344,f5b452b10920355d5169ce0170050184a7fd2139d78b3d6db9f34470c2cb7a1c,71e6acd5edbff45d255ec0d33ae04ea2aa4e594b644b6b50d7801bccfe500875,raw,71e6acd5edbff45d255ec0d33ae04ea2aa4e594b644b6b50d7801bccfe500875,ddeeb9afc3e8331f05f98b70dd7fa617976504518449a849311bf396019844d4,0.7852095669746767,3.1,975,9f604c27a64769fd56c9e2170c308de4304692dd775c70f02da287a8e6445ef3,1,3.9.13,42,20260731,cd8a6c7208c1fff5524e5a3fecf2e0b8fd811aace27d013e8b12243ebc5db84e,884a9e0b6c7a54680bdc7482c874fcc7ed337ad09297d14a282d44c62b500008,25f4a7e344090c2ffaab0d8d1f428342cb32acf2f9b5486dd9e35dc20f7d4346,10
cd8a6c7208c1fff5524e5a3fecf2e0b8fd811aace27d013e8b12243ebc5db84e,884a9e0b6c7a54680bdc7482c874fcc7ed337ad09297d14a282d44c62b500008,25f4a7e344090c2ffaab0d8d1f428342cb32acf2f9b5486dd9e35dc20f7d4346,21,1344,f5b452b10920355d5169ce0170050184a7fd2139d78b3d6db9f34470c2cb7a1c,71e6acd5edbff45d255ec0d33ae04ea2aa4e594b644b6b50d7801bccfe500875,raw,71e6acd5edbff45d255ec0d33ae04ea2aa4e594b644b6b50d7801bccfe500875,ddeeb9afc3e8331f05f98b70dd7fa617976504518449a849311bf396019844d4,0.7852095669746767,3.1,975,9f604c27a64769fd56c9e2170c308de4304692dd775c70f02da287a8e6445ef3,2,3.9.13,42,20260731,cd8a6c7208c1fff5524e5a3fecf2e0b8fd811aace27d013e8b12243ebc5db84e,884a9e0b6c7a54680bdc7482c874fcc7ed337ad09297d14a282d44c62b500008,25f4a7e344090c2ffaab0d8d1f428342cb32acf2f9b5486dd9e35dc20f7d4346,10
cd8a6c7208c1fff5524e5a3fecf2e0b8fd811aace27d013e8b12243ebc5db84e,884a9e0b6c7a54680bdc7482c874fcc7ed337ad09297d14a282d44c62b500008,25f4a7e344090c2ffaab0d8d1f428342cb32acf2f9b5486dd9e35dc20f7d4346,21,1344,f5b452b10920355d5169ce0170050184a7fd2139d78b3d6db9f34470c2cb7a1c,71e6acd5edbff45d255ec0d33ae04ea2aa4e594b644b6b50d7801bccfe500875,raw,71e6acd5edbff45d255ec0d33ae04ea2aa4e594b644b6b50d7801bccfe500875,ddeeb9afc3e8331f05f98b70dd7fa617976504518449a849311bf396019844d4,0.7852095669746767,3.1,975,9f604c27a64769fd56c9e2170c308de4304692dd775c70f02da287a8e6445ef3,3,3.9.13,42,20260731,cd8a6c7208c1fff5524e5a3fecf2e0b8fd811aace27d013e8b12243ebc5db84e,884a9e0b6c7a54680bdc7482c874fcc7ed337ad09297d14a282d44c62b500008,25f4a7e344090c2ffaab0d8d1f428342cb32acf2f9b5486dd9e35dc20f7d4346,10
cd8a6c7208c1fff5524e5a3fecf2e0b8fd811aace27d013e8b12243ebc5db84e,884a9e0b6c7a54680bdc7482c874fcc7ed337ad09297d14a282d44c62b500008,25f4a7e344090c2ffaab0d8d1f428342cb32acf2f9b5486dd9e35dc20f7d4346,21,1344,f5b452b10920355d5169ce0170050184a7fd2139d78b3d6db9f34470c2cb7a1c,71e6acd5edbff45d255ec0d33ae04ea2aa4e594b644b6b50d7801bccfe500875,raw,71e6acd5edbff45d255ec0d33ae04ea2aa4e594b644b6b50d7801bccfe500875,ddeeb9afc3e8331f05f98b70dd7fa617976504518449a849311bf396019844d4,0.7852095669746767,3.1,975,9f604c27a64769fd56c9e2170c308de4304692dd775c70f02da287a8e6445ef3,4,3.9.13,42,20260731,cd8a6c7208c1fff5524e5a3fecf2e0b8fd811aace27d013e8b12243ebc5db84e,884a9e0b6c7a54680bdc7482c874fcc7ed337ad09297d14a282d44c62b500008,25f4a7e344090c2ffaab0d8d1f428342cb32acf2f9b5486dd9e35dc20f7d4346,10
cd8a6c7208c1fff5524e5a3fecf2e0b8fd811aace27d013e8b12243ebc5db84e,884a9e0b6c7a54680bdc7482c874fcc7ed337ad09297d14a282d44c62b500008,25f4a7e344090c2ffaab0d8d1f428342cb32acf2f9b5486dd9e35dc20f7d4346,21,1344,f5b452b10920355d5169ce0170050184a7fd2139d78b3d6db9f34470c2cb7a1c,71e6acd5edbff45d255ec0d33ae04ea2aa4e594b644b6b50d7801bccfe500875,raw,71e6acd5edbff45d255ec0d33ae04ea2aa4e594b644b6b50d7801bccfe500875,ddeeb9afc3e8331f05f98b70dd7fa617976504518449a849311bf396019844d4,0.7852095669746767,3.1,975,9f604c27a64769fd56c9e2170c308de4304692dd775c70f02da287a8e6445ef3,5,3.9.13,42,20260731,cd8a6c7208c1fff5524e5a3fecf2e0b8fd811aace27d013e8b12243ebc5db84e,884a9e0b6c7a54680bdc7482c874fcc7ed337ad09297d14a282d44c62b500008,25f4a7e344090c2ffaab0d8d1f428342cb32acf2f9b5486dd9e35dc20f7d4346,10
d2ed249ac68a4b857af6ae5ceb556fc4e25d855ace928ec37d74e52449674b59,71cf43c462394ddd1f35718958bec0e7fb030a764fd31125b044266841db0243,7277951a9260a919887155ff9985578ece0bd67e3603a68a155021b032de2bd2,21,1344,f5b452b10920355d5169ce0170050184a7fd2139d78b3d6db9f34470c2cb7a1c,71e6acd5edbff45d255ec0d33ae04ea2aa4e594b644b6b50d7801bccfe500875,raw,71e6acd5edbff45d255ec0d33ae04ea2aa4e594b644b6b50d7801bccfe500875,ddeeb9afc3e8331f05f98b70dd7fa617976504518449a849311bf396019844d4,0.7851928450865623,3.1,975,0fdb65910686ca874cd63df016edb36261adb871ba9e8c6dbcaa42b6f91ead9b,1,3.9.13,20260731,20260731,d2ed249ac68a4b857af6ae5ceb556fc4e25d855ace928ec37d74e52449674b59,71cf43c462394ddd1f35718958bec0e7fb030a764fd31125b044266841db0243,7277951a9260a919887155ff9985578ece0bd67e3603a68a155021b032de2bd2,10
d2ed249ac68a4b857af6ae5ceb556fc4e25d855ace928ec37d74e52449674b59,71cf43c462394ddd1f35718958bec0e7fb030a764fd31125b044266841db0243,7277951a9260a919887155ff9985578ece0bd67e3603a68a155021b032de2bd2,21,1344,f5b452b10920355d5169ce0170050184a7fd2139d78b3d6db9f34470c2cb7a1c,71e6acd5edbff45d255ec0d33ae04ea2aa4e594b644b6b50d7801bccfe500875,raw,71e6acd5edbff45d255ec0d33ae04ea2aa4e594b644b6b50d7801bccfe500875,ddeeb9afc3e8331f05f98b70dd7fa617976504518449a849311bf396019844d4,0.7851928450865623,3.1,975,0fdb65910686ca874cd63df016edb36261adb871ba9e8c6dbcaa42b6f91ead9b,2,3.9.13,20260731,20260731,d2ed249ac68a4b857af6ae5ceb556fc4e25d855ace928ec37d74e52449674b59,71cf43c462394ddd1f35718958bec0e7fb030a764fd31125b044266841db0243,7277951a9260a919887155ff9985578ece0bd67e3603a68a155021b032de2bd2,10
d2ed249ac68a4b857af6ae5ceb556fc4e25d855ace928ec37d74e52449674b59,71cf43c462394ddd1f35718958bec0e7fb030a764fd31125b044266841db0243,7277951a9260a919887155ff9985578ece0bd67e3603a68a155021b032de2bd2,21,1344,f5b452b10920355d5169ce0170050184a7fd2139d78b3d6db9f34470c2cb7a1c,71e6acd5edbff45d255ec0d33ae04ea2aa4e594b644b6b50d7801bccfe500875,raw,71e6acd5edbff45d255ec0d33ae04ea2aa4e594b644b6b50d7801bccfe500875,ddeeb9afc3e8331f05f98b70dd7fa617976504518449a849311bf396019844d4,0.7851928450865623,3.1,975,0fdb65910686ca874cd63df016edb36261adb871ba9e8c6dbcaa42b6f91ead9b,3,3.9.13,20260731,20260731,d2ed249ac68a4b857af6ae5ceb556fc4e25d855ace928ec37d74e52449674b59,71cf43c462394ddd1f35718958bec0e7fb030a764fd31125b044266841db0243,7277951a9260a919887155ff9985578ece0bd67e3603a68a155021b032de2bd2,10
d2ed249ac68a4b857af6ae5ceb556fc4e25d855ace928ec37d74e52449674b59,71cf43c462394ddd1f35718958bec0e7fb030a764fd31125b044266841db0243,7277951a9260a919887155ff9985578ece0bd67e3603a68a155021b032de2bd2,21,1344,f5b452b10920355d5169ce0170050184a7fd2139d78b3d6db9f34470c2cb7a1c,71e6acd5edbff45d255ec0d33ae04ea2aa4e594b644b6b50d7801bccfe500875,raw,71e6acd5edbff45d255ec0d33ae04ea2aa4e594b644b6b50d7801bccfe500875,ddeeb9afc3e8331f05f98b70dd7fa617976504518449a849311bf396019844d4,0.7851928450865623,3.1,975,0fdb65910686ca874cd63df016edb36261adb871ba9e8c6dbcaa42b6f91ead9b,4,3.9.13,20260731,20260731,d2ed249ac68a4b857af6ae5ceb556fc4e25d855ace928ec37d74e52449674b59,71cf43c462394ddd1f35718958bec0e7fb030a764fd31125b044266841db0243,7277951a9260a919887155ff9985578ece0bd67e3603a68a155021b032de2bd2,10
d2ed249ac68a4b857af6ae5ceb556fc4e25d855ace928ec37d74e52449674b59,71cf43c462394ddd1f35718958bec0e7fb030a764fd31125b044266841db0243,7277951a9260a919887155ff9985578ece0bd67e3603a68a155021b032de2bd2,21,1344,f5b452b10920355d5169ce0170050184a7fd2139d78b3d6db9f34470c2cb7a1c,71e6acd5edbff45d255ec0d33ae04ea2aa4e594b644b6b50d7801bccfe500875,raw,71e6acd5edbff45d255ec0d33ae04ea2aa4e594b644b6b50d7801bccfe500875,ddeeb9afc3e8331f05f98b70dd7fa617976504518449a849311bf396019844d4,0.7851928450865623,3.1,975,0fdb65910686ca874cd63df016edb36261adb871ba9e8c6dbcaa42b6f91ead9b,5,3.9.13,20260731,20260731,d2ed249ac68a4b857af6ae5ceb556fc4e25d855ace928ec37d74e52449674b59,71cf43c462394ddd1f35718958bec0e7fb030a764fd31125b044266841db0243,7277951a9260a919887155ff9985578ece0bd67e3603a68a155021b032de2bd2,10
