"BLOCK_ID","SOURCE_UNIT_IDS","MS_R05_PROPOSITION","EN_R02_PROPOSITION","QUALIFIER_PRESERVED","POPULATION_PRESERVED","DENOMINATOR_PRESERVED","CLAIM_STRENGTH_PRESERVED","FIGURE_TABLE_FORMULA_DEPENDENCY_PRESERVED","DECISION","SEVERITY","CORRECTION_REQUIRED","NOTES"
"THREAT-P002","THREAT-U002","THREAT-U002: Construct: GitHub Reference relations approximate explicit knowledge pointers and collaboration context between projects, but observable Reference evidence is not the full knowledge-flow construct; flows via mailing lists, IM, meetings, design docs, release notes, forums or private channels are not covered; conclusions are GitHub-observable association evidence, not a complete account of knowledge flow in DBMS ecosystems","THREAT-P002:  ### 6.1 Construct Validity  We use Reference relations in GitHub collaboration logs to characterize observable explicit-reference directions and their collaboration contexts, and we construct project-level RefQ relations from the project-mappable subset of this evidence. The observation scope of Reference evidence is limited to explicit reference traces that can be extracted from GitHub; information exchanged through mailing lists, instant messaging, meetings, design documents, release notes, forums, or private discussions lies outside this study's observation scope. Our conclusions should therefore be read as project-association evidence derived from observable GitHub Reference evidence, not as a measurement or comprehensive characterization of knowledge-flow processes.","PASS","PASS","PASS / NOT_APPLICABLE","PASS","PASS","PASS","INFO","NO","SOURCE_DELTA_PROPAGATION; triggers=R02-001; intended_semantic_change=YES; MS-R05 THREAT-U002: Reference evidence = observable explicit-reference direction/context; not a knowledge-flow measure; affirmative ""approximate explicit knowledge pointers"" removed; observability channels kept."
"INTRO-P010","INTRO-U011;INTRO-U022","INTRO-U011: The construction problem is constrained by observation: only the 294 seeds have complete source observation; expanded targets enter mainly because seeds reference them and their source behaviour is not fully observed; source role, target role and direction-ignored first-order view must be separated to avoid reading expanded targets' low out-degree as project behaviour || INTRO-U022: C3: characterises source role, target role and first-order undirected view separately under asymmetric observation; RQ2a–c form the structural empirical centre, RQ1 gives evidence-boundary support, RQ3 a bounded subdomain comparison; avoids reading source-incomplete expanded targets as project behaviour","INTRO-P010:  The construction problem is further constrained by an observation boundary. Source behavior is observed completely only for the 294 seed DBMS projects; expanded target nodes enter the network because seed projects reference them through admitted Reference records, and their own source behavior is not fully observed. Source role, target role, and the direction-ignored first-order structural view therefore have to be analyzed separately, and the low out-degree of expanded targets cannot be read as a characteristic of project behavior.","PASS","PASS","PASS / NOT_APPLICABLE","PASS","PASS","PASS","INFO","NO","SOURCE_DELTA_PROPAGATION; triggers=R02-054; intended_semantic_change=YES; MS-R05 INTRO-U011: ""主要因为"" -> ""因""; single admission path via admitted Reference records."
"RES-RQ1-FIG001","RES-RQ1-U002","RES-RQ1-U002: Figure 1 caption: (A) record flow 3,748,078 scanned → −120 out-of-seed → 3,747,958 admitted → 1,586,047 project-mappable / 1,686,729 non-project / 475,182 unresolved; (B) composition of eight source event types; (C) target-membership shares within event type; all counts are Reference records; only the project-mappable subset enters RefQN; non-project resources do not become nodes; diagram is not the final topology","RES-RQ1-FIG001:  **Figure 1. Observable Reference evidence and the project-mappable boundary.** (A) Reference-record flow for the 294 analysis seed projects: of 3,748,078 scanned input records, source admission excludes 120 out-of-seed records and retains 3,747,958 admitted source-observation records, which are divided by target membership into 1,586,047 project-mappable, 1,686,729 non-project, and 475,182 unresolved records. (B) Complete composition of the eight referencing entity types in the admitted-record universe. (C) Shares of project-mappable, non-project, and unresolved targets within each event type. All counts are Reference records; only the subset that maps uniquely to projects enters the project-level RefQN, so the figure shows evidence composition rather than network topology.","PASS","PASS","PASS / NOT_APPLICABLE","PASS","PASS","PASS","INFO","NO","SOURCE_DELTA_PROPAGATION;ENGLISH_EDIT; triggers=R02-042;R02-043;R02-052; intended_semantic_change=YES; MS-R05 RES-RQ1-U002: panel B = referencing entity types (src_entity_type); panel C keeps ""within each event type"". | One reading constraint; panel identities and all values unchanged; panel C remains event-type based."
"RES-RQ1-T001","RES-RQ1-U005","RES-RQ1-U005: Table 4.1 referencing-entity types: IssueComment 1,816,696 (48.47%); Push 1,165,990 (31.11%); PullRequest 335,530 (8.95%); Issue 168,876 (4.51%); Release 96,690 (2.58%); other 164,176 (4.38%); total 3,747,958","RES-RQ1-T001:  **Table 4.1. Distribution of referencing entity types**  | Referencing entity type | References | Share (%) | |---|---:|---:| | IssueComment | 1,816,696 | 48.47 | | Push | 1,165,990 | 31.11 | | PullRequest | 335,530 | 8.95 | | Issue | 168,876 | 4.51 | | Release | 96,690 | 2.58 | | Other exported types | 164,176 | 4.38 | | Total | 3,747,958 | 100.00 |","PASS","PASS","PASS / NOT_APPLICABLE","PASS","PASS","PASS","INFO","NO","SOURCE_DELTA_PROPAGATION_ALIGNED_NO_TEXT_CHANGE; triggers=R02-043; intended_semantic_change=NO; MS-R05 RES-RQ1-U005 adds the canonical label ""referencing entity type(s)""; STYLE-R01-EN title and header already use it; values/order unchanged."
"METH-P047","METH-U066","METH-U066: Dimension 1: Referencing Entity (source-side carriers: IssueComment, Push, PullRequest, Issue …) and Referenced Entity (targets incl. GitHub_Service_External_Links, PullRequest, Actor, Commit, Issue …)","METH-P047:  1. **Referencing and referenced entity types.** - *Referencing entity type*: the source-side carrier that initiates a Reference, including IssueComment, Push, PullRequest, Issue, Release, and others; used to analyze how references originate in different collaboration contexts. *Entity* is a GH_CoRE schema term: GH_CoRE represents the typed records and objects that can act as Reference endpoints through its `ObjEntity` type abstraction, so an entity type need not be a persistent domain object. GH_CoRE outputs the source-side entity type (`src_entity_type`), the target-side entity type (`tar_entity_type`), and the event type (`event_type`) as separate fields, and the referencing-side category statistics of this study use the source-side entity-type field. - *Referenced entity type*: the referenced resource object; in addition to the referencing entity types, it includes GitHub_Service_External_Links, PullRequest, Actor, Commit, Issue, and others; used to characterize the composition of observable referenced objects.","PASS","PASS","PASS / NOT_APPLICABLE","PASS","PASS","PASS","INFO","NO","SOURCE_DELTA_PROPAGATION; triggers=R02-043; intended_semantic_change=YES; MS-R05 METH-U066: GH_CoRE ObjEntity schema clarification; src_entity_type / tar_entity_type / event_type separate; canonical referencing/referenced entity type labels; no implementation trivia (setattr/apply_F) in main text."
"AVAIL-P004","AVAIL-U004","AVAIL-U004: Appendix A is a reproducibility and boundary appendix (identity, audits, analysis-to-RQ mapping, statistical/semantic boundaries); technical provenance, not an independent archive or availability statement; details are not a basis for interpreting main results","AVAIL-P004:  ## 8 Supplementary Material  Appendix A serves as a reproduction and boundary record. It records the reproducibility identity, membership/observation audits, analysis-to-RQ mapping, and statistical/semantic boundaries to support result reproduction, traceability, and verification of the interpretation boundaries already stated in the main text. It adds no new empirical interpretation and is not an independent basis for claims beyond the conclusions of the main text.","PASS","PASS","PASS / NOT_APPLICABLE","PASS","PASS","PASS","INFO","NO","SOURCE_DELTA_PROPAGATION; triggers=R02-050; intended_semantic_change=YES; MS-R05 AVAIL-U004: reproduction + traceability + verification of already-stated boundaries; no new interpretation; archive/availability-statement clause dropped as in MS-R05."
"APP-P001","APP-U001","APP-U001: Appendix purpose: run identity, membership/observation records, artifact-to-RQ mapping, interpretation boundaries","APP-P001:  ## Appendix A: Reproducibility and Boundary Record  This appendix records the run identity, membership/observation records, artifact-to-RQ mapping, and interpretation boundaries to support result reproduction, traceability, and checking of the interpretation boundaries stated in the main text; it adds no empirical interpretation beyond the main text.","PASS","PASS","PASS / NOT_APPLICABLE","PASS","PASS","PASS","INFO","NO","SOURCE_DELTA_PROPAGATION; triggers=R02-050; intended_semantic_change=YES; MS-R05 APP-U001: bounded appendix role aligned with Section 8."
"INTRO-P001","INTRO-U001","INTRO-U001: Motivation: observable but under-explained cross-project Reference evidence in OSS DBMS ecosystems; DBMS projects form long-lived collaborative ecosystems; DBMS is a meaningful vertical setting without presupposing it differs from all other OSS","INTRO-P001:  ## 1 Introduction  ### 1.1 Observable Reference Evidence in the Open-Source DBMS Ecosystem  Open-source database management system (DBMS) ecosystems leave observable cross-project Reference evidence whose project-level meaning has not yet been adequately explained. Open-source DBMS projects such as MySQL, PostgreSQL, SQLite, MongoDB, Redis, ClickHouse, and TiDB serve a large number of downstream applications, and they have also formed continuously evolving collaborative ecosystems around kernel implementation, storage mechanisms, query execution, extension interfaces, and operational tooling. Long-term maintenance, compatibility constraints, extension mechanisms, and links to standards, drivers, tools, and test resources make DBMS a meaningful vertical setting for examining explicit Reference evidence and project-level structural relations, without presupposing that DBMS projects differ from all other OSS projects. (Throughout the paper, capitalized *Reference* denotes the explicit-reference relation type defined in §3.3.1.)","PASS","PASS","PASS / NOT_APPLICABLE","PASS","PASS","PASS","INFO","NO","ENGLISH_EDIT; triggers=R02-027;R02-029; intended_semantic_change=NO; Opening sentence per R02-029 target shape; capitalization convention moved to end of paragraph; B5 clause kept."
"INTRO-P002A;INTRO-P002B","INTRO-U002;INTRO-U003;INTRO-U008","INTRO-U002: OSS research broadened from single projects to cross-project dependency, governance, diffusion and socio-technical coordination; DBMS extensibility and DBMS adoption studies show extension mechanisms, system adaptation and adoption contexts are independently examinable domain problems; hence DBMS as a vertical setting, not proof of all collaboration motives || INTRO-U003: DBMS has technical semantic constraints; prior work shows multi-database model use and FOSS source/schema co-evolution; references in Issue/PR/Commit/comments can leave traceable evidence of problem localisation, solution comparison, dependency explanation or context; building project-level relations must preserve direction, membership, aggregation strength and interpretation boundary || INTRO-U008: Blincoe 2015/2019 and IREL give precedents for project-level cross-reference networks and URL/Num/SHA extraction with identity/rename resolution; the paper separates the observable fine-grained evidence universe (RQ1) from the quotient-eligible project-mappable subset (RefQ); second-order relations only as method boundary/future work; DBMS references to specs, benchmarks, compatibility issues and other implementations give a domain-specific empirical environment","INTRO-P002A:  From a software-ecosystem perspective, open-source research has broadened from single-project quality, contributor participation, and code evolution to cross-project dependencies, ecosystem governance, knowledge diffusion, and socio-technical coordination [@francobedoya2017ossecosystems; @manikas2013ecosystemslr; @manikas2016revisitingecosystems]. Within the DBMS setting, prior studies have examined DBMS extensibility and DBMS adoption in open-source projects, showing that extension mechanisms, system adaptation, and adoption contexts can be studied as domain problems in their own right [@kim2025dbmsextensibility; @paiva2025dbmsadoption]. Other empirical work has documented the use of multiple database models in open-source projects and the joint evolution of source code and schemas in FOSS projects [@benats2021multidatabasemodels; @vassiliadis2023sourceschemaevolution]. These established domain phenomena, together with the cross-project toolchain context of DBMS and technical concerns such as SQL dialects, transactions, replication, storage, and query processing, motivate DBMS as an empirical setting for examining collaboration contexts, explicit Reference targets, and inter-project structural relations. We do not read these studies as evidence for all collaboration or Reference motives. || INTRO-P002B:  This evidence originates in collaboration records. When maintainers reference other projects, standards documents, test cases, code implementations, or earlier discussions in issues, pull requests, commits, and comments, they can leave traceable evidence of problem localization, solution comparison, dependency notes, or added context. In DBMS projects, references to external specifications, performance benchmarks, compatibility issues, and other implementations make the setting a domain-specific empirical environment for examining such cross-project evidence. Building project-level relations from these collaboration traces therefore requires preserving the direction, project membership, and aggregated strength of the Reference evidence, together with the conditions under which it can be interpreted.","PASS","PASS","PASS / NOT_APPLICABLE","PASS","PASS","PASS","INFO","NO","SPLIT;ENGLISH_EDIT; triggers=R02-004; intended_semantic_change=NO; Split by function: (A) literature + DBMS setting (7 citation keys unchanged and attached to the same propositions); (B) Reference traces + construction requirement as closing sentence leading to §1.2. DBMS long-term-maintenance rationale stated once (P001)."
"INTRO-P003","INTRO-U004","INTRO-U004: Reference Coupling kept as related construct and motivation; Blincoe 2015/2019 mapped cross-project references to a project-level directed graph with pair counts as weights for ecosystem/community or dependency-oriented analysis; they note graph direction is cross-reference direction, not dependency direction; aggregation/direction/count weighting not claimed as novelty; RC not used as the name of the mathematical object","INTRO-P003:  ### 1.2 Reference Coupling, Graph Coarsening, and the Reference Quotient  We treat Reference Coupling as a related software-engineering construct and a source of motivation. Blincoe et al. mapped GitHub cross-project references to a project-level directed graph, used the project-pair cross-reference count as the edge weight, and applied the resulting network to ecosystem/community or dependency-oriented analysis; edge direction in that graph reflects the direction of cross-referencing and need not correspond to the semantic direction of an actual technical dependency [@blincoe2015ecosystems; @blincoe2019referencecoupling]. Project-level aggregation, direction, and count weighting therefore have clear precedents (§2.2), and we use a different name for our mathematical object.","PASS","PASS","PASS / NOT_APPLICABLE","PASS","PASS","PASS","INFO","NO","ENGLISH_EDIT; triggers=R02-011;R02-030;R02-055; intended_semantic_change=NO; No-novelty statement kept as positive precedent statement + pointer to canonical RC positioning (§2.2)."
"INTRO-P004","INTRO-U005","INTRO-U005: Mathematical basis from graph reduction/coarsening and quotient networks (Loukas; Sánchez-García; Xiao et al. 2008); here the partition comes from artifact-to-project semantic membership, not symmetry/automorphism/equitable/spectral; RefQ inherits no symmetry or spectral guarantees","INTRO-P004:  Our mathematical vocabulary comes from the graph reduction/coarsening and quotient-network literature, which describes coarsening through a surjective many-to-one vertex mapping, contraction sets, and the induced partition [@loukas2019graphreduction], quotient networks built from a partition's characteristic matrix that can in general be directed and weighted [@sanchezgarcia2020quotientnetwork], and network quotients and structural coarsening [@xiao2008networkquotients] (§2.3). In our setting, the partition is induced by artifact-to-project semantic membership, so RefQ borrows this language without inheriting the symmetry or spectral guarantees of that literature (§3.3.2).","PASS","PASS","PASS / NOT_APPLICABLE","PASS","PASS","PASS","INFO","NO","ENGLISH_EDIT; triggers=R02-011;R02-055; intended_semantic_change=NO; One sentence per boundary; symmetry/automorphism/equitable/spectral list kept at canonical RW-P010."
"INTRO-P005","INTRO-U006;INTRO-U010","INTRO-U006: Defines RefQ (relation after semantic-membership quotient) and RefQN (its network); Project-level RefQN fully observes the source side of 294 seeds and extends targets to identifiable referenced projects; RefQ semantically formalizes existing direct project-reference aggregation, is not a new quotient operator; keeps direction, membership and aggregated evidence strength; does not automatically denote package/code dependency, adoption, causal influence or task resolution || INTRO-U010: Prior project-reference work has shown cross-project references support directed count-weighted project-level analysis; pair-edge representation alone does not fully express eligibility, identity/membership, internal and non-project handling, edge-evidence semantics and source-observation completeness; the paper writes these as an explicit contract rather than claiming prior work never handled them, and avoids misreading edges as dependency, importance or complete knowledge transfer","INTRO-P005:  Building on these precedents, we refer to the higher-level relation obtained by applying a semantic-membership quotient to fine-grained Reference evidence as the Reference Quotient (RefQ), and to its network representation as the Reference Quotient Network (RefQN). The project-level RefQN studied here observes the source side of 294 seed DBMS projects completely and extends the target side to identifiable referenced projects. RefQ is a semantic formalization of existing direct project-reference aggregation, not a new quotient operator: it retains direction, project membership, and the aggregated strength of the evidence, but does not by itself denote package or code dependency, technology adoption, causal influence, task resolution, project importance, or complete knowledge transfer (§3.3.3).","PASS","PASS","PASS / NOT_APPLICABLE","PASS","PASS","PASS","INFO","NO","ENGLISH_EDIT; triggers=R02-001;R02-052;R02-055; intended_semantic_change=NO; B1/B10 list kept (single list, essential section boundary); ""complete knowledge transfer"" is an allowed explicit negative boundary."
"INTRO-P006","INTRO-U007;INTRO-U008","INTRO-U007: First-order relation is Q=M^T R_P M via membership-induced quotient operator; QQ^T (shared-target) and Q^T Q (shared-source) are derived second-order relations; K=XΦX^T another shared-reference projection; the difference lies in construction operator and semantics, not necessarily in matrix values (degenerate coincidences possible) || INTRO-U008: Blincoe 2015/2019 and IREL give precedents for project-level cross-reference networks and URL/Num/SHA extraction with identity/rename resolution; the paper separates the observable fine-grained evidence universe (RQ1) from the quotient-eligible project-mappable subset (RefQ); second-order relations only as method boundary/future work; DBMS references to specs, benchmarks, compatibility issues and other implementations give a domain-specific empirical environment","INTRO-P006:  The relation studied in this paper is first-order: the RefQ matrix \(Q\) is constructed directly from the fine-grained Reference relation by a membership-induced quotient operator (§3.3.3). Second-order relations derived from it (shared-target, shared-source, and shared-reference projections, as well as bibliographic-coupling and co-citation relations) differ from \(Q\) in construction and semantics; they are used here only to delimit the method or to indicate future work.","PASS","PASS","PASS / NOT_APPLICABLE","PASS","PASS","PASS","INFO","NO","ENGLISH_EDIT; triggers=R02-011;R02-012;R02-031; intended_semantic_change=NO; Second-order relations named in words with pointer to §3.3.3; formal expressions and degenerate-coincidence clause retained in METH-P037."
"INTRO-P008","INTRO-U009","INTRO-U009: Construction problem: how to lift traceable fine-grained evidence that meets project-mapping conditions to an interpretable project-level relation via explicit endpoint eligibility, semantic membership, aggregation, self-loop/non-project policy and interpretation boundaries; not simple record grouping, since these decisions jointly determine construction and interpretation","INTRO-P008:  ### 1.3 Research Gap and Objectives  The first problem we address is therefore one of project-level relation construction: how to lift the project-mappable part of fine-grained Reference evidence, through a quotient construction based on semantic membership, into an interpretable project-level structural relation while preserving the traceability of that evidence. The problem goes beyond grouping records, because a set of construction decisions jointly determines how the relation is built and read: endpoint eligibility (which endpoints are project-mappable), semantic membership, direction, weight aggregation, the self-loop and non-project policies, observation completeness, and the conditions for interpretation.","PASS","PASS","PASS / NOT_APPLICABLE","PASS","PASS","PASS","INFO","NO","ENGLISH_EDIT; triggers=R02-018;R02-019;R02-055; intended_semantic_change=NO; Two overlapping lists merged into one canonical list of construction decisions."
"INTRO-P009","INTRO-U010","INTRO-U010: Prior project-reference work has shown cross-project references support directed count-weighted project-level analysis; pair-edge representation alone does not fully express eligibility, identity/membership, internal and non-project handling, edge-evidence semantics and source-observation completeness; the paper writes these as an explicit contract rather than claiming prior work never handled them, and avoids misreading edges as dependency, importance or complete knowledge transfer","INTRO-P009:  Prior project-reference work has shown that cross-project references can support directed, count-weighted project-level analysis. A project-pair edge representation alone, however, does not fully express these decisions when heterogeneous artifact-level evidence is lifted to a project-level relation, in particular project identity, the handling of project-internal and non-project references, and source-observation completeness [@blincoe2015ecosystems; @blincoe2019referencecoupling; @liu2022irel]. We therefore state these construction and observation decisions explicitly as a set of rules, without implying that prior work ignored them.","PASS","PASS","PASS / NOT_APPLICABLE","PASS","PASS","PASS","INFO","NO","ENGLISH_EDIT; triggers=R02-019;R02-055; intended_semantic_change=NO; Gap statement refers back to the canonical list; non-adversarial clause kept positively."
"INTRO-P011","INTRO-U012","INTRO-U012: Within these construction and observation boundaries, the paper uses the OSS DBMS vertical as empirical setting, defines and instantiates Project-level RefQN, and analyses evidence composition, source/target roles, the undirected view and bounded subdomain differences; stronger task-level relation identification and downstream relation analysis are outside the main contribution and only an interface; RefQ remains a traceable project-level relation with explicit membership and aggregation contract","INTRO-P011:  Under these construction and observation conditions, we use open-source DBMS projects as the empirical setting in which we define and instantiate the project-level RefQN, and we analyze its evidence composition, source and target roles, undirected structural view, and subdomain differences within the stated limits. Task-level relation identification with stronger semantics and downstream relation analysis lie outside the main contribution: RefQ itself is a traceable project-level structural relation with explicitly defined membership and aggregation rules, which later analyses requiring stronger semantics can take as input.","PASS","PASS","PASS / NOT_APPLICABLE","PASS","PASS","PASS","INFO","NO","ENGLISH_EDIT; triggers=R02-018;R02-032;R02-052; intended_semantic_change=NO; ""layered interface for later relation assets"" and noun ""vertical"" replaced by concrete input-to-later-analyses wording; no platform implication."
"INTRO-P012","INTRO-U013;INTRO-U022","INTRO-U013: Lead-in: research questions around the relation asset || INTRO-U022: C3: characterises source role, target role and first-order undirected view separately under asymmetric observation; RQ2a–c form the structural empirical centre, RQ1 gives evidence-boundary support, RQ3 a bounded subdomain comparison; avoids reading source-incomplete expanded targets as project behaviour","INTRO-P012:  ### 1.4 Research Questions and Contributions  Around RefQ as a relation asset (a traceable project-level relation that can be inspected and used as input to later analyses), we pose five research questions. RQ1 addresses the evidence layer; RQ2a, RQ2b, and RQ2c address the project-level RefQN from the source role, the target role, and the direction-ignored structural view, respectively; and RQ3 compares DBMS subdomains within the resulting limits.","PASS","PASS","PASS / NOT_APPLICABLE","PASS","PASS","PASS","INFO","NO","ENGLISH_EDIT; triggers=R02-018;R02-032;R02-052; intended_semantic_change=NO; ""relation asset"" glossed at first use."
"INTRO-P014","INTRO-U015","INTRO-U015: RQ2a: in Project-level RefQN, how are the active reference scope and aggregated reference strength of the 294 seeds distributed, and how do seed-to-seed and seed-to-expanded RefQ relations differ?","INTRO-P014: - **RQ2a**: In the project-level Reference Quotient Network, how are the outgoing Reference scope and aggregated Reference strength of the 294 seed DBMS projects distributed, and how do seed-to-seed and seed-to-expanded RefQ relations differ?","PASS","PASS","PASS / NOT_APPLICABLE","PASS","PASS","PASS","INFO","NO","ENGLISH_EDIT; triggers=R02-027;R02-052; intended_semantic_change=NO; Capitalization only."
"INTRO-P015","INTRO-U016","INTRO-U016: RQ2b: in Project-level RefQN, which projects are pointed to by multiple seeds, and what concentration structure do their coverage and aggregated strength show?","INTRO-P015: - **RQ2b**: In the project-level Reference Quotient Network, which projects are pointed to by multiple seed DBMS projects, and what concentration structure do their target coverage and aggregated Reference strength exhibit?","PASS","PASS","PASS / NOT_APPLICABLE","PASS","PASS","PASS","INFO","NO","ENGLISH_EDIT; triggers=R02-027;R02-052; intended_semantic_change=NO; Capitalization only."
"INTRO-P016","INTRO-U017","INTRO-U017: RQ2c: ignoring RefQ direction, what connectivity, local clustering, modular neighbourhoods and bridge structure does the derived undirected view show?","INTRO-P016: - **RQ2c**: When the direction of RefQ relations is ignored, what connectivity, local clustering, modular neighborhoods, and bridging structure does the undirected structural view derived from the project-level Reference Quotient Network exhibit?","PASS","PASS","PASS / NOT_APPLICABLE","PASS","PASS","PASS","INFO","NO","ENGLISH_EDIT; triggers=R02-052; intended_semantic_change=NO; Capitalization only."
"INTRO-P017","INTRO-U018","INTRO-U018: RQ3: after controlling for multi-label handling, multiple testing and observation boundaries, which robust differences do DBMS subdomains show in fine-grained Reference composition, RefQ source/target roles and definable local-structure metrics?","INTRO-P017: - **RQ3**: After accounting for multi-label handling, multiple testing, and the observation boundary, what robust differences are observed across DBMS subdomains in fine-grained Reference composition, RefQ source and target roles, and definable local-structure metrics?","PASS","PASS","PASS / NOT_APPLICABLE","PASS","PASS","PASS","INFO","NO","AUTHOR_DECISION_EDIT; triggers=R02-020; intended_semantic_change=NO; Author/project decision: ""accounting for"" replaces ""controlling for"" (no covariate adjustment implied); Chinese RQ3 unchanged."
"INTRO-P018","INTRO-U019;INTRO-U024","INTRO-U019: Lead-in: four contributions || INTRO-U024: Synthesis: contributions centre on project-level RefQ construction, supported by evidence boundary and observation-aware analysis of RefQN, with DBMS subdomain comparison testing locality and label sensitivity","INTRO-P018:  The paper makes four contributions. They center on the construction of project-level RefQ: the evidence boundary and the observation-aware analysis support the empirical characterization of the project-level RefQN, and the comparison of DBMS subdomains examines whether subdomain differences are limited to a subset of metrics and sensitive to the label mode.","PASS","PASS","PASS / NOT_APPLICABLE","PASS","PASS","PASS","INFO","NO","ENGLISH_EDIT; triggers=R02-014;R02-052; intended_semantic_change=NO; ""tests its locality"" replaced by what is examined."
"INTRO-P020","INTRO-U021","INTRO-U021: C2: instantiates the evidence and observation boundaries of this construction in the DBMS vertical: separates the observable evidence universe from the quotient-eligible subset; specifies non-project evidence, self-loops, membership resolution, seed-centred source observation and expanded-target asymmetry; ""more entity types"" is not itself a contribution","INTRO-P020:  Second, we instantiate the evidence and observation boundaries of this construction in the open-source DBMS ecosystem. We distinguish the observable fine-grained Reference evidence universe from the quotient-eligible, project-mappable subset and make explicit the handling of non-project evidence, self-loops, membership resolution, seed-centered source observation, and expanded-target asymmetry. The contribution lies in this explicit handling rather than in the number of entity types supported.","PASS","PASS","PASS / NOT_APPLICABLE","PASS","PASS","PASS","INFO","NO","ENGLISH_EDIT; triggers=R02-032;R02-033; intended_semantic_change=NO; C2 boundary kept, phrased positively."
"INTRO-P021","INTRO-U022","INTRO-U022: C3: characterises source role, target role and first-order undirected view separately under asymmetric observation; RQ2a–c form the structural empirical centre, RQ1 gives evidence-boundary support, RQ3 a bounded subdomain comparison; avoids reading source-incomplete expanded targets as project behaviour","INTRO-P021:  Third, we characterize source roles, target roles, and the first-order undirected structural view separately under asymmetric observation. RQ2a, RQ2b, and RQ2c form the structural empirical core of the project-level RefQN; RQ1 provides evidence-boundary support; and RQ3 provides a constrained comparison of DBMS subdomains.","PASS","PASS","PASS / NOT_APPLICABLE","PASS","PASS","PASS","INFO","NO","ENGLISH_EDIT; triggers=R02-018;R02-052; intended_semantic_change=NO; C3 roles and order unchanged."
"INTRO-P022","INTRO-U023","INTRO-U023: C4: provides RefQ as a traceable, weaker-semantic project-level relation asset that retains source and boundary of observable evidence, usable for candidate screening and structural inspection, and as an interface for later analyses needing stronger semantic validation (technical dependency, task resolution)","INTRO-P022:  Fourth, we provide RefQ as a traceable project-level structural relation asset whose semantics are weaker than those of dependency or task relations. It preserves the provenance and limits of observable Reference evidence, can be used for candidate screening and structural inspection, and can serve as input to later relation analyses, such as technical dependency or task resolution, that require stronger semantic validation.","PASS","PASS","PASS / NOT_APPLICABLE","PASS","PASS","PASS","INFO","NO","ENGLISH_EDIT; triggers=R02-032; intended_semantic_change=NO; ""weaker semantics"" given its referent (T44); ""interface"" rendered as input to later analyses; RefQ does not itself validate dependency/task resolution."
"INTRO-P023","ABS-U001;RES-RQ1-U001;RES-RQ1-U006;RES-RQ1-U009;RES-RQ2A-U001;RES-RQ2B-U001;RES-RQ2C-U001;RES-RQ2C-U002;RES-RQ3-U011;CONC-U002","ABS-U001: Abstract: cross-project explicit references beyond package/code dependency; lifting them to traceable project-level relations needs membership, aggregation and observation semantics; RefQ aggregates directed fine-grained references via artifact-to-project membership into weighted directed RefQN; 294 seeds; IssueComment main source carrier, external links main target; heterogeneous source scope and target coverage; first-order undirected view broadly connected but Louvain seed-sensitive; subdomain differences only in some role/local-structure metrics and vary with label handling; RefQ gives traceable project-level structural representation || RES-RQ1-U001: 3,747,958 admitted source-observation records after source admission; RQ1 examines referencing entities, referenced entities and self-reference ratio; overall, DBMS Reference evidence shows discussion-embedded origins, external-resource orientation and between-project proportion differences; Tables 4.1 and 4.2 give compact global distributions || RES-RQ1-U006: Shares computed on 3,747,958 admitted records; ""other exported types"" is display aggregation; IssueComment is the main referencing carrier, Push second; Reference evidence occurs heavily in observable contexts of problem discussion, solution clarification, maintenance communication and development activity; global shares describe composition only, not task resolution, discussion quality or organisational mechanism || RES-RQ1-U009: GitHub_Service_External_Links is the main referenced object, followed by PullRequest, Actor, Issue, Commit and file changes; observed targets include external resources, change artifacts and social entities; frequencies describe only the admitted-record universe, not dependency, adoption, project importance or collaboration influence || RES-RQ2A-U001: Of 294 seeds, 262 have ≥1 cross-project out-edge and 32 have out-degree 0 in this view; the gap between quantiles and maxima in Fig. 2 and Table 4.6c indicates that a few seed sources have much higher active reference scope and aggregated strength than typical values; no distribution fitting was done, so no power-law or scale-free claim || RES-RQ2B-U001: The cross-project edge table has 6,322 observable targets: 110 analysis seeds and 6,212 expanded targets; Fig. 2 and Table 4.6d show most targets are pointed to by one seed source while a few receive broader coverage or larger repeated-reference weight || RES-RQ2C-U001: U(G_RefQ) ignores direction of directed cross-project edges and merges reciprocals; it remains a first-order structural view, not QQ^T, Q^T Q, shared-reference or shared-neighbour projection; Table 4.6e shows an LCC covering 97.86% of the node domain with a few components and isolates; local clustering is low || RES-RQ2C-U002: With NetworkX Louvain at random seed 20260731 the LCC splits into 35 algorithmic communities, modularity 0.797; this canonical partition is a deterministic reference realisation; across 50 random seeds 32–37 communities, 42/50 ARI-to-canonical < 0.9, min ARI 0.682, min pairwise ARI 0.609; results support only an algorithmic modular-neighbourhood interpretation under the current view and modularity objective, not a unique, stable or semantic DBMS community structure || RES-RQ3-U011: RQ3 answer: Reference-composition metrics show no FDR-supported group differences in both label modes; some RefQ role, local-structure and project-age features pass only under include_mixed; no feature passes FDR in both modes; category labels are metadata, not Louvain communities, latent classes or causal mechanisms || CONC-U002: Under seed-centred observation source and target roles are markedly asymmetric; the first-order undirected network is broadly connected, but the Louvain algorithmic partition is sensitive to the random seed; subdomain differences are local and label-mode sensitive rather than a cross-mode robust regularity","INTRO-P023:  At the evidence level (RQ1), Reference evidence in the seed projects is concentrated in discussion contexts; IssueComment is the main referencing carrier, and GitHub service and external links form the largest referenced-entity category. At the project level (RQ2a–RQ2c), source and target roles are markedly asymmetric under seed-centered observation, and the first-order undirected view of the seed-centered observed RefQN is broadly connected, although its Louvain partition is sensitive to the random seed. Across DBMS subdomains (RQ3), some role, local-structure, and project-age features pass BH-FDR correction under only one label mode, and none passes under both.","PASS","PASS","PASS / NOT_APPLICABLE","PASS","PASS","PASS","INFO","NO","ENGLISH_EDIT; triggers=R02-005;R02-008; intended_semantic_change=NO; T62 full form kept; ""main referenced objects"" -> largest referenced-entity category; seed-centered qualifier; single FDR term."
"RW-P003","RW-U003","RW-U003: Two premises from ecosystem research: structural analysis needs explicit scenario boundaries (OSS not homogeneous); inter-project relation interpretation needs traceable collaboration facts; DBMS used as constrained setting; RefQ rules later","RW-P003:  Two premises follow from this ecosystem literature. First, ecosystem-level structural analysis needs an explicitly bounded empirical setting rather than treating all open-source projects as a homogeneous sample. Second, interpretations of inter-project relations need to be grounded in traceable collaboration records.","PASS","PASS","PASS / NOT_APPLICABLE","PASS","PASS","PASS","INFO","NO","ENGLISH_EDIT; triggers=R02-034; intended_semantic_change=NO; "
"RW-P004","RW-U004","RW-U004: GitHub autolinked references and Issue/PR linking documented by GitHub Docs; Xiao et al. (commit-message links), Lima et al. (Discussions links), Wang et al. (code-review shared links) cover specific mechanisms/scenarios, not a jointly exhaustive Reference taxonomy; compared with dependency declarations, references can complement explicit knowledge pointing and context organisation","RW-P004:  ### 2.2 Cross-project References and Reference Coupling  References are a common explicit or semi-explicit form of connection in open-source collaboration. GitHub's official documentation describes autolinked references and issue/PR linking [@githubdocs2026autolinked; @githubdocs2026linkingprissue], and empirical studies have examined links in specific settings: commit messages [@xiao2023commitlinks], GitHub Discussions [@lima2025discussionlinks], and modern code review [@wang2021sharedlinks]. These sources cover particular platform mechanisms or linking settings rather than jointly defining an exhaustive Reference taxonomy. Compared with dependency declarations, references can add explicit knowledge pointers and contextual organization to the collaboration process: issues and PRs may point to similar problems or implementation options, external documents may supply normative grounds, and commits may help locate the origin of a change.","PASS","PASS","PASS / NOT_APPLICABLE","PASS","PASS","PASS","INFO","NO","ENGLISH_EDIT; triggers=R02-001; intended_semantic_change=NO; Possibility statement about references in general (RW-U004, unchanged in MS-R05); not a claim that RefQ measures knowledge flow; wording smoothed only."
"RW-P011","RW-U012","RW-U012: RefQ must be distinguished from common projections: Kessler's bibliographic coupling is a second-order relation induced by shared cited objects, not the same construction as Blincoe's direct aggregation; the paper does not build QQ^T, Q^T Q or K=XΦX^T; core object is Q=M^T R_P M (first-order membership-induced quotient)","RW-P011:  RefQ must also be distinguished from common network projections. Bibliographic coupling in Kessler's sense is a second-order relation induced by shared cited objects and is not the same construction as the direct cross-project Reference aggregation studied by Blincoe et al. [@kessler1963bibliographiccoupling]. Our core object, \(Q=M^\top R_PM\), is a membership-induced quotient/coarsening of an existing first-order directed Reference relation; shared-target, shared-source, and shared-reference projections are second-order constructions that we do not build (§3.3.3).","PASS","PASS","PASS / NOT_APPLICABLE","PASS","PASS","PASS","INFO","NO","ENGLISH_EDIT; triggers=R02-011;R02-012; intended_semantic_change=NO; Kessler distinction kept (A00B fixed); second-order list compressed to one clause + pointer; inline K formula moved to Methods only."
"RW-P013","RW-U014","RW-U014: Different DBMS subdomains may form different reference scenarios (relational: SQL compatibility, optimisation, isolation; document: data model, drivers, conversion; key-value/cache: performance tests, failure reproduction; graph: query languages, algorithms, external knowledge resources); multi-database and schema-evolution studies motivate heterogeneity; these examples are only testable motivation for RQ3, not proven RefQ differences","RW-P013:  Different DBMS subdomains may give rise to different referencing contexts. Relational database projects may discuss SQL compatibility, query optimization, and transaction isolation; document databases may reference data models, driver interfaces, and data-conversion schemes; key-value stores and caching systems may focus on performance testing, failure reproduction, and implementation details; and graph databases may connect to query languages, graph algorithms, and external knowledge resources. Prior studies of multiple database models and of source/schema evolution motivate this domain heterogeneity [@benats2021multidatabasemodels; @vassiliadis2023sourceschemaevolution], but here these examples serve only as testable motivation for RQ3, not as RefQ differences already established by the literature. Motivated by such differences in technical goals and collaboration cultures, our constrained comparison examines whether Reference evidence composition, RefQ source and target roles, and local structural metrics differ across DBMS subdomains.","PASS","PASS","PASS / NOT_APPLICABLE","PASS","PASS","PASS","INFO","NO","ENGLISH_EDIT; triggers=R02-013; intended_semantic_change=NO; Causal ""affect"" replaced by across-subdomain comparison; motivation retained."
"RW-P014","RW-U015;RW-U003","RW-U015: Hence OSS DBMS is only a constrained empirical setting whose data and technical context suffice to observe Project-level RefQN structural cues and interpretation boundaries || RW-U003: Two premises from ecosystem research: structural analysis needs explicit scenario boundaries (OSS not homogeneous); inter-project relation interpretation needs traceable collaboration facts; DBMS used as constrained setting; RefQ rules later","RW-P014:  Open-source DBMS therefore serves only as a bounded empirical setting. Its collaboration data and technical context are sufficient for observing the structural patterns of the project-level RefQN and the conditions under which they can be interpreted; the specific RefQ construction and interpretation rules are given in Section 3.","PASS","PASS","PASS / NOT_APPLICABLE","PASS","PASS","PASS","INFO","NO","ENGLISH_EDIT; triggers=R02-018;R02-034;R02-052; intended_semantic_change=NO; ""structural cues""/""setting boundaries"" smoothed; scope unchanged (DBMS only)."
"RW-P015","RW-U016","RW-U016: Gap synthesis: RC gives directed count-weighted project-level network precedent; IREL extraction and identity/rename precedent; coarsening/quotient literature gives mapping, partition, block-aggregation vocabulary; these address empirical networks, identity, or mathematical aggregation, but have not organised endpoint eligibility, semantic membership, non-project/self-loop policy, source-observation completeness and interpretation boundaries into a unified, traceable first-order construction; the implicit-to-explicit formalization gap is operationalised as the RefQ construction-and-observation contract; second-order/shared-reference/task-level relations are not core","RW-P015:  ### 2.5 Summary of the Research Gap  In sum, Reference Coupling provides an empirical precedent for directed, count-weighted project-level networks; IREL provides a precedent for Reference extraction and project-identity and rename resolution; and the graph-coarsening, contraction, and quotient-network literature provides the mathematical vocabulary of many-to-one mappings, partitions, and block aggregation [@blincoe2015ecosystems; @blincoe2019referencecoupling; @liu2022irel; @loukas2019graphreduction; @sanchezgarcia2020quotientnetwork; @xiao2008networkquotients]. These strands address empirical networks, identity resolution, or mathematical aggregation, but they have not yet organized the construction decisions identified in §1.3 for heterogeneous fine-grained Reference evidence into a unified, traceable first-order project-level construction. We address this implicit-to-explicit formalization gap with the RefQ construction and observation contract described in Section 3; second-order, shared-reference, and task-level relations lie outside the core of this paper.","PASS","PASS","PASS / NOT_APPLICABLE","PASS","PASS","PASS","INFO","NO","ENGLISH_EDIT; triggers=R02-019; intended_semantic_change=NO; Canonical decision list referenced rather than re-enumerated."
"METH-P001","METH-U001;METH-U002","METH-U001: Section roadmap: sample construction, Reference extraction and source admission, semantic-membership RefQN construction, metrics and statistics; GH_CoRE (GitHub_Collaboration_Relation_Extraction) processes observable collaboration information; RefQ construction rules defined on artifact-to-project membership || METH-U002: Method chain stages; data units and observation boundaries collected in §3.2.3; §4 reports results under these definitions","METH-P001:  ## 3 Research Method  This section describes, in turn, sample construction (§3.1), Reference relation extraction, entity validation, and source admission (§3.2), construction of the project-level RefQN from semantic membership (§3.3), and operational metrics and statistical analysis (§3.4). We process observable collaboration data with GH_CoRE (GitHub_Collaboration_Relation_Extraction) and define the construction rules of the Reference Quotient on the basis of an artifact-to-project membership mapping. The method chain thus separates upstream project and observation-sample construction, the processing of historical events into fine-grained Reference evidence, project-level quotient construction, and the definition of metrics and tests. The data units and observation boundaries of each stage are summarized in §3.2.3, and Section 4 reports the empirical results under these operational definitions.","PASS","PASS","PASS / NOT_APPLICABLE","PASS","PASS","PASS","INFO","NO","ENGLISH_EDIT; triggers=R02-036;R02-052; intended_semantic_change=NO; Roadmap aligned with §3.2 heading; GH_CoRE introduced once here."
"METH-P003","METH-U004","METH-U004: Layer 1: existing DBMS/repository annotation and selection provide candidates and open-source eligibility; dbdb.io, DB-Engines and category metadata used for domain organisation and sample description; technical diversity is descriptive coverage; no re-executed domain/category/licence predicates, and descriptive goals do not replace inclusion criteria","METH-P003:  1. **Upstream DBMS/open-source project curation.** Existing DBMS/repository annotation and selection processes provide the candidate projects and their open-source eligibility; dbdb.io, DB-Engines, and category metadata are used for domain curation and sample description [@dbdb2026databaseofdatabases; @dbengines2026ranking]. Technical diversity is reported as descriptive sample coverage. We do not re-execute a separate set of domain, category, or license predicates, and these descriptive attributes do not replace the actual inclusion criteria.","PASS","PASS","PASS / NOT_APPLICABLE","PASS","PASS","PASS","INFO","NO","ENGLISH_EDIT; triggers=R02-003; intended_semantic_change=NO; "
"METH-P004","METH-U005","METH-U005: Layer 2: activity threshold on frozen activity statistics — repo_name non-empty and i_pr_rec_cnt >= 10 → 301 candidates; i_pr_rec_cnt is an implementation field name and is not rewritten as an unverified Issue/PR event-count definition","METH-P004: 2. **Activity candidate threshold.** In the project-activity statistics used for sampling, a project qualifies as an activity candidate if it has a non-empty repository name (`repo_name`) and a value of at least 10 in the activity field `i_pr_rec_cnt`; this yields 301 candidate projects. `i_pr_rec_cnt` is the implementation's field name, and we do not reinterpret it as an Issue/PR event-count definition that the recorded evidence does not support.","PASS","PASS","PASS / NOT_APPLICABLE","PASS","PASS","PASS","INFO","NO","ENGLISH_EDIT; triggers=R02-003; intended_semantic_change=NO; ""frozen"" removed; condition stated first in words; A00B-fixed field-name note retained."
"METH-P007","METH-U008","METH-U008: 294 analysis seeds are the source-side observation set; other counts (record flow, eligible records, RefQN nodes/edges, LCC) are centralised in §3.2.3; upstream OSDB data base is for identification, extraction and boundary description, not the experimental sample","METH-P007:  The 294 analysis seed projects form the source-side observation set. All other counts, namely the Reference-record flow, quotient-eligible records, project-level RefQN nodes and edges, and the LCC, are reported on a single basis in §3.2.3. The upstream OSDB (open-source DBMS) data foundation is used for project identification, relation extraction, and describing the expansion boundary; it is not itself the experimental sample of this study.","PASS","PASS","PASS / NOT_APPLICABLE","PASS","PASS","PASS","INFO","NO","ENGLISH_EDIT; triggers=R02-035;R02-052; intended_semantic_change=NO; OSDB defined at first use."
"METH-P010","METH-U012","METH-U012: GH_CoRE input: persisted Issue/PR/Commit/Comment and event/action records of the 294 seeds in 2023 with metadata; output: fine-grained Reference relations with event and repository provenance","METH-P010:  #### 3.1.3 GH_CoRE Processing Chain and Traceability Controls  The GH_CoRE processing chain constructs collaborative Reference relations. Its input is the persisted Issue, Pull Request, Commit, Comment, and event/action records and related metadata of the 294 analysis seed projects in the 2023 observation window; its output is fine-grained Reference relations with event and repository provenance. The chain proceeds as follows:","PASS","PASS","PASS / NOT_APPLICABLE","PASS","PASS","PASS","INFO","NO","ENGLISH_EDIT; triggers=R02-036; intended_semantic_change=NO; "
"METH-P012","METH-U014","METH-U014: The overview does not treat optional Reference-record dedup as an executed stage; GH_CoRE credibility claims are limited to rule-based extraction, object validation, attribute completion and scope checks, not classifier performance evaluation","METH-P012:  Accordingly, our claims about GH_CoRE concern rule-based extraction, object validation, attribute completion, and scope and definition checks, not the performance of a classification model.","PASS","PASS","PASS / NOT_APPLICABLE","PASS","PASS","PASS","INFO","NO","ENGLISH_EDIT; triggers=R02-023;R02-036; intended_semantic_change=NO; Classifier caveat stated once here (removed from THREAT-P005)."
"METH-P013","METH-U015","METH-U015: Builds on IREL's rule framework for inter-project reference identification, extended for DBMS with entity validation, attribute completion and membership resolution; GH_CoRE is the paper's implementation; cross-repo Issue/PR, in-repo number and PR–Issue linking rules also follow GitHub Docs","METH-P013:  ### 3.2 Reference Relation Extraction and Entity Validation  #### 3.2.1 Rules for Identifying Cross-Project References  Our GH_CoRE implementation builds on the IREL rule framework for identifying references between GitHub projects and extends it with entity validation, attribute completion, and membership resolution for the DBMS setting [@liu2022irel]. The rules for cross-repository Issue/PR references, in-repository number references, and links between pull requests and issues also follow GitHub's documentation of autolinked references and PR–issue linking [@githubdocs2026autolinked; @githubdocs2026linkingprissue]. For DBMS projects, we use the following identification rules:","PASS","PASS","PASS / NOT_APPLICABLE","PASS","PASS","PASS","INFO","NO","ENGLISH_EDIT; triggers=R02-036; intended_semantic_change=NO; "
"METH-P015","METH-U018","METH-U018: Source admission: keep relation_type == Reference; row-level event repository must equal the seed's annotated github_repo_id (event_repo_id = github_repo_id); only matching rows enter the seed's source-observation view; admission precedes membership registry, profile accumulation and edge aggregation; out-of-seed rows stay in upstream assets; project-mappable targets need not be seeds and are retained as expanded targets","METH-P015:  #### 3.2.2 Reference Extraction Procedure  The analysis first retains relation records of type Reference (`relation_type == Reference`) and then applies a strict source-admission rule to each record: the repository of the historical event must be the seed's primary repository as annotated in the project annotation (`event_repo_id == github_repo_id`). Only matching records enter that seed's source-observation view, and source admission is applied before the membership registry, profile accumulation, and edge aggregation. The resulting out-of-seed source records remain in the upstream historical data but do not belong to the seed's source-observation view. A project-mappable target need not belong to the 294 seeds and can be retained as an expanded target.","PASS","PASS","PASS / NOT_APPLICABLE","PASS","PASS","PASS","INFO","NO","ENGLISH_EDIT; triggers=R02-003;R02-018;R02-028; intended_semantic_change=NO; Admission rule (event_repo_id == github_repo_id, A00B fixed) stated in words first, field names once at definition; row -> record."
"METH-P016","METH-U017;METH-U019;METH-U014","METH-U017: Extraction and admission have two layers; upstream GH_CoRE may pre-process or suppress redundant content fields, duplicate candidate matches and object lookups; these extraction-level controls are not record-level deduplication of retained Reference rows || METH-U019: No additional record-level deduplication after source admission; admitted records keep their multiplicity (no event/source/target dedup); each retained quotient-eligible row contributes one weight unit (§3.3.3); configuration reference_dedup_rule = none recorded in Appendix A || METH-U014: The overview does not treat optional Reference-record dedup as an executed stage; GH_CoRE credibility claims are limited to rule-based extraction, object validation, attribute completion and scope checks, not classifier performance evaluation","METH-P016:  Source-admitted Reference records are retained with their given multiplicity: no event-, source-, or target-level record deduplication is applied after source admission, and each retained record that satisfies quotient eligibility contributes one weight unit under the unit-weight rule of §3.3.3. Upstream, GH_CoRE may standardize or suppress redundant content fields, repeated candidate matches, and object look-ups; this extraction-level suppression is distinct from record-level deduplication of admitted Reference records, which is not an executed stage of the processing chain in §3.1.3. The corresponding configuration entry, `reference_dedup_rule = none`, is part of the reproducibility record in Appendix A.","PASS","PASS","PASS / NOT_APPLICABLE","PASS","PASS","PASS","INFO","NO","ENGLISH_EDIT; triggers=R02-015;R02-028; intended_semantic_change=NO; Positive retention/multiplicity rule first, then one extraction-vs-deduplication contrast; reference_dedup_rule = none pointer kept."
"METH-P017","METH-U020;METH-U021","METH-U020: Purpose of the data/scope mapping table: avoid mixing upstream base, seed sample, Reference records, RefQN and LCC || METH-U021: Admission arithmetic: 3,748,078 scanned − 120 out-of-seed = 3,747,958 admitted; only project-mappable endpoints with unique membership enter quotient eligibility; remaining target classes still serve RQ1 composition","METH-P017:  #### 3.2.3 Data Sources, Analysis Scopes, and Mapping to Research Questions  The table below keeps the upstream data foundation, the seed sample, the underlying Reference records, the project-level RefQN, and the largest connected component (LCC) distinct by summarizing the data sources, analysis scopes, analytical uses, and corresponding research questions used in the results. Source admission maps the scanned input Reference records to the admitted source-observation universe as follows: 3,748,078 scanned records − 120 out-of-seed source records = 3,747,958 admitted records. Only endpoints that are project-mappable and satisfy unique membership then take part in quotient eligibility; the remaining record-level target classifications still serve the RQ1 analysis of evidence composition. In the table, the *node domain* is the declared RefQN node set of all project nodes, *edge-observed* nodes are those incident to at least one observed edge, and *directed sensitivity edges* are the directed edges of the declared LCC sensitivity view.","PASS","PASS","PASS / NOT_APPLICABLE","PASS","PASS","PASS","INFO","NO","ENGLISH_EDIT; triggers=R02-035;R02-052; intended_semantic_change=NO; Glosses for node domain / edge-observed / directed sensitivity edges; no new metric."
"METH-T001","METH-U022","METH-U022: Data/scope mapping table (7 rows): upstream OSDB base; 294 seed sample; scanned/admitted records; Project-level RefQN (6,506 node domain, 6,505 edge-observed, 9,884 directed edges incl. 289 self-loops, 9,595 cross-project; from 1,586,047 project-mappable records); LCC (6,367 nodes, 9,462 undirected edges, 9,510 directed sensitivity edges); subdomain labels; Appendix A record","METH-T001:  **Data and scope mapping**  | Data item / analysis scope | Count or range | Source or construction | Analytical use | RQ | In main results | Main boundary | |---|---|---|---|---|---|---| | Upstream OSDB data foundation | broader source dataset; not an analysis denominator | Upstream OSDB data foundation and GH_CoRE processing outputs, used for project identification, relation extraction, and describing the expansion boundary | Provides project-identification background, extraction context, and the expansion boundary | Sampling background for RQ1/RQ2a/RQ2b/RQ2c/RQ3 | No | Not the experimental sample of this study | | Seed DBMS project sample | 294 projects | Upstream DBMS/open-source curation, followed by the activity candidate threshold (non-empty `repo_name`, `i_pr_rec_cnt >= 10`) and the requirement that the expected 2023 evidence file be available | Source-side sample, project-level descriptive statistics, self-reference ratio, and subdomain comparison | RQ1/RQ2a/RQ3 | Yes | Denotes only the source-side seeds, not all network nodes | | Scanned / admitted Reference records | 3,748,078 scanned; 3,747,958 admitted | Extracted from the collaboration logs of the 294 seed projects by GH_CoRE, with source admission, validation, and standardization | Reference-type distributions, collaboration interaction intensity, external-reference orientation, and part of the subdomain comparison | RQ1; part of RQ3 | Yes | Scanned input and admitted observation are reported separately; limited to explicit or semi-structured References observable on GitHub | | Project-level RefQN | 6,506-node domain; 6,505 edge-observed nodes; 9,884 directed edges (including 289 self-loops); 9,595 cross-project edges | 1,586,047 project-mappable Reference records coarsened by artifact-to-project membership into a weighted directed quotient network | Source role (including seed-to-seed / seed-to-expanded), target role, and directed project-level RefQ structure | RQ2a/RQ2b | Yes | Contains the seed projects and the referenced expanded targets; not an induced subgraph on the 294 seeds only; complete source observation only for the 294 seeds | | RefQN largest connected component | 6,367 nodes; 9,462 deduplicated undirected edges; 9,510 directed sensitivity edges | Connected subgraph extracted from the undirected derived structural view of the Project-level RefQN for clustering coefficients, Louvain algorithmic community detection, and structural-position analysis | Clustering, Louvain algorithmic community detection, and structural brokerage candidate analysis | RQ2c | Yes | Interpreted on the primary counting basis of deduplicated undirected edges, with directed edges used only as a sensitivity check; the undirected view is a first-order undirected view, not a shared-reference projection | | Subdomain labels and project-level metrics | See §4.3 and Tables 4.7 and 4.8 | Compiled from seed-project subdomain labels, Reference types, project-level network features, and project-age variables | Subdomain differences, project-level network features, and cross-sectional age-association comparison | RQ3 | Yes | Mixed labels, multi-label projects, differences in group size, and multiple testing affect interpretation | | Appendix A reproducibility and boundary record | See Appendix A.1–A.4 | Compiled from reproducibility identity, membership/observation records, analysis-to-RQ mapping, and statistical/semantic boundaries | Supports traceability and interpretation boundaries | Supports RQ1/RQ2a/RQ2b/RQ2c/RQ3 | Supplementary | Does not change the reported main results |","PASS","PASS","PASS / NOT_APPLICABLE","PASS","PASS","PASS","INFO","NO","ENGLISH_EDIT; triggers=R02-003;R02-007; intended_semantic_change=NO; Table wording only; values unchanged. | Non-seed nodes named ""expanded targets""; values unchanged."
"METH-P019","METH-U025","METH-U025: Core GH_CoRE fact is the fine-grained Reference relation; retained entity kinds listed; Reference denotes explicit reference from a source entity/artifact to a target entity/artifact/resource; observed fine-grained graph defined next","METH-P019:  The core fact in the GH_CoRE output is the fine-grained Reference relation. From the collaboration-extraction results we retain entities such as Actor, Repo, Issue, PullRequest, Comment, Commit, FileChange, GitHub service links, and external resources, and we use the **Reference** relation to describe an explicit reference from a source entity/artifact to a target entity/artifact/resource. Throughout the paper, capitalized *Reference* denotes this relation type (the records with `relation_type == Reference` in the GH_CoRE output) and the terms derived from it, such as Reference record, Reference evidence, Reference weight, and non-self Reference share; established compounds such as *self-reference ratio* and *cross-reference* keep their lowercase form, and lowercase *reference* is used for the general notion and for terms from prior work. The corresponding fine-grained observed graph is defined as","PASS","PASS","PASS / NOT_APPLICABLE","PASS","PASS","PASS","INFO","NO","ENGLISH_EDIT; triggers=R02-027; intended_semantic_change=NO; One explicit capitalization rule for derived compounds; ledger metric names preserved."
"METH-P020","METH-U027","METH-U027: V_R^obs = entities/resources in window; E_R^obs ⊆ V×V traceable Reference relations; w_R(u,v) Reference weight under the stated retention and dedup rules; because source evidence comes from 294 seeds, this is a seed-centred observed graph, not a complete GitHub/OSS ecosystem graph","METH-P020:  where \(V_R^{obs}\) is the set of fine-grained entities or resources appearing in the observation window, \(E_R^{obs}\subseteq V_R^{obs}\times V_R^{obs}\) is the set of traceable Reference relations, and \(w_R(u,v)\) is the Reference weight from \(u\) to \(v\) under the retention and multiplicity rules of §3.2.2. Because source Reference evidence comes from the GitHub collaboration logs of the 294 analysis seed DBMS projects, this graph is a seed-centered observed graph rather than a complete GitHub/OSS ecosystem graph.","PASS","PASS","PASS / NOT_APPLICABLE","PASS","PASS","PASS","INFO","NO","ENGLISH_EDIT; triggers=R02-021; intended_semantic_change=NO; No retained-record deduplication was performed."
"METH-P024","METH-U034","METH-U034: After repository/project resolution each entity in V_P maps to exactly one project; unresolved, uncertain or ambiguous entities are excluded unless uniquely disambiguated; eligible types (Issue, PR, Commit, Comment, FileChange, Repo); non-project external resources (standards, papers, Stack Overflow, plain URLs, some GitHub service resources) do not enter RefQN but stay in RQ1; EventAction metadata keep context and are not endpoints of Q; quotient acts on G_P^obs = G_R^obs[V_P]","METH-P024:  After repository/project resolution, every entity admitted to \(V_P\) must map to exactly one project. Entities that cannot be resolved, whose membership is uncertain, or whose mapping is ambiguous do not enter \(V_P\) unless repository/project resolution and the unique-membership rule assign them to exactly one project. Only entities that satisfy this premise, such as GitHub Issues, PRs, Commits, Comments, FileChanges, or Repos, take part in the project-level quotient.","PASS","PASS","PASS / NOT_APPLICABLE","PASS","PASS","PASS","INFO","NO","ENGLISH_EDIT; triggers=R02-022; intended_semantic_change=NO; Dangling ""disambiguation rule defined here"" replaced by the operative condition; no new rule invented."
"METH-P028","METH-U039","METH-U039: The partition comes from semantic project membership, not community algorithms, shared neighbours, structural similarity or partition learning; Loukas's many-to-one coarsening map, contraction sets and induced partition give mathematical background, and his framework adds connectivity/locality conditions; the paper borrows only the language and does not require locality; RefQ is defined by block aggregation/quotient construction on the semantic membership partition","METH-P028:  This partition derives from the semantic membership of entities in projects rather than from a community algorithm, shared neighbors, structural similarity, or a partition-learning procedure. The many-to-one coarsening map, contraction sets, and induced partition discussed by Loukas provide the mathematical background for this coarsening language [@loukas2019graphreduction]; his framework additionally imposes connectivity/locality conditions on contraction sets, which our membership blocks, being fixed by external semantic membership, are not required to satisfy. The precise definition of RefQ is therefore block aggregation (quotient construction) on the semantic membership partition: the partition is first formed from the artifact-to-project membership mapping, and directed Reference weights are then aggregated between blocks.","PASS","PASS","PASS / NOT_APPLICABLE","PASS","PASS","PASS","INFO","NO","ENGLISH_EDIT; triggers=R02-011;R02-015; intended_semantic_change=NO; Canonical Loukas scope kept in full; redundant closing negation removed."
"METH-P031","METH-U044","METH-U044: Semantics: under the current window and processing rules, one or more fine-grained entities of a explicitly Reference one or more entities of b; retained evidence aggregated into a directed project-level weight; preserves direction, membership, evidence multiplicity/weight and traceability back to evidence; does not automatically denote package dependency, code dependency, technology adoption, implicit knowledge process, causal influence, collaboration dependency or an Issue resolved by a PR","METH-P031:  Under the observation window and processing rules of this study, this relation means that one or more fine-grained entities belonging to project \(a\) have explicit Reference relations to one or more fine-grained entities belonging to project \(b\), and that the retained fine-grained evidence is aggregated into a directed project-level weight. The relation preserves source/target direction, project membership, evidence multiplicity/weight, and the possibility of tracing a project-level edge back to the underlying Reference evidence. It does not by itself denote a package dependency, a code dependency, technology adoption, an implicit knowledge process, causal influence, a collaboration dependency, or an issue resolved by a PR.","PASS","PASS","PASS / NOT_APPLICABLE","PASS","PASS","PASS","INFO","NO","ENGLISH_EDIT; triggers=R02-018; intended_semantic_change=NO; B1/B10 canonical negative list unchanged (R02-059 overlap)."
"METH-P032","METH-U045","METH-U045: Unit-weight implementation: each admitted, quotient-eligible record contributes 1 unit to its ordered source–target project pair; edge weight is the block-sum of retained records; this is the current operationalisation, not a general theorem of quotient networks","METH-P032:  In the unit-weight implementation adopted here, each fine-grained Reference record that passes source admission and satisfies quotient eligibility contributes 1 unit to the RefQ weight of its ordered source-project/target-project pair, so that a project-level edge weight is the block-sum of these retained records. This unit weighting is an operational choice of this study.","PASS","PASS","PASS / NOT_APPLICABLE","PASS","PASS","PASS","INFO","NO","ENGLISH_EDIT; triggers=R02-037; intended_semantic_change=NO; "
"METH-P037","METH-U054;METH-U055","METH-U054: Project-level RefQN is a weighted directed quotient network; Q=M^T R_P M is the paper's unnormalised Reference block-sum formalisation — not Sánchez-García's standard normalised formula and not an externally defined RefQ operator; Q defines the first-order relation via semantic membership, endpoint eligibility, self-loop and observation contract; QQ^T (shared-target) and Q^T Q (shared-source) are second-order relations from different operators with different semantics, even if values coincide in degenerate cases || METH-U055: K=XΦX^T shared-reference projection is also a second-order construction and is not in the main experiment","METH-P037:  The project-level RefQN is therefore a weighted directed quotient network. \(Q=M^\top R_PM\) is the unnormalized Reference block-sum formalization that we define from the multiplicity of Reference evidence; it is neither the standard normalized quotient formula of Sánchez-García nor an operator defined in prior literature. Through the semantic membership, endpoint eligibility, and self-loop rules and the observation contract (§3.3.4) of this paper, \(Q\) defines the first-order Reference Quotient relation. By contrast, \(QQ^\top\) derives a shared-target second-order relation from \(Q\), and \(Q^\top Q\) derives a shared-source second-order relation. These are generated by different relation-construction operators and carry different semantics; even if matrix values happen to coincide in special degenerate cases, a second-order shared-neighbor relation should not be treated as the first-order RefQ relation of this paper. The shared-reference projection \(K=X\Phi X^\top\), which relates projects through objects they reference in common, is likewise a second-order construction and does not enter the main analysis.","PASS","PASS","PASS / NOT_APPLICABLE","PASS","PASS","PASS","INFO","NO","ENGLISH_EDIT; triggers=R02-012;R02-037;R02-052; intended_semantic_change=NO; Canonical B6 home kept in full; K given a verbal gloss; X and Phi not defined in MS-R05 and not newly defined (no invented notation)."
"METH-P038","METH-U056;METH-U063","METH-U056: Source observation set of Project-level RefQN = 294 analysis seeds; objects referenced by seeds and reliably mapped to GitHub projects enter as expanded targets; hence a seed-centred observed Reference Quotient Network, not a closed ecosystem network with complete source behaviour for all nodes || METH-U063: The observation boundary separates 294 source-complete seeds from source-incomplete expanded targets; full record/weight/node/edge/LCC numbers only in the §3.2.3 table; self-loop preservation vs cross-project exclusion remains a view choice that does not change Q's first-order definition","METH-P038:  #### 3.3.4 Project-Level RefQN and Observation Boundary  In our instance, the source observation set of the project-level RefQN consists of the 294 analysis seed DBMS projects. Objects referenced by these seed projects that can be reliably mapped to a GitHub repository/project enter the network as expanded target projects. Under this observation contract, the observation boundary separates the 294 source-complete analysis seed projects, whose source behavior is completely observed, from source-incomplete expanded target projects. The RefQN is therefore a seed-centered observed Reference Quotient Network, not a closed ecosystem network in which the source behavior of every node is fully observed. Record, weight, node, edge, and LCC counts are consolidated in the mapping table of §3.2.3.","PASS","PASS","PASS / NOT_APPLICABLE","PASS","PASS","PASS","INFO","NO","ENGLISH_EDIT; triggers=R02-018;R02-052; intended_semantic_change=NO; ""current"" removed; source-complete/incomplete unchanged."
"METH-P042","METH-U060","METH-U060: expanded project node: project-level node of RefQN, including the 294 seeds and other GitHub projects referenced by them","METH-P042: - **Expanded project node**: any project-level node of the RefQN, that is, one of the 294 seed projects or another GitHub project referenced by them; this node-set term is broader than *expanded target* (§3.4.1), which denotes only a project-mappable target outside the seed source set;","PASS","PASS","PASS / NOT_APPLICABLE","PASS","PASS","PASS","INFO","NO","AUTHOR_DECISION_EDIT; triggers=R02-007;R02-052; intended_semantic_change=NO; Author decision: node-set term kept; explicit contrast with expanded target added."
"METH-P043","METH-U061","METH-U061: external non-project reference: documents, standards, papers, Stack Overflow pages, plain URLs or GitHub service resources not mappable to a GitHub project; used for RQ1 composition and external-reference orientation, not RefQN nodes","METH-P043: - **External non-project reference**: external documentation, standards, papers, Stack Overflow pages, ordinary URLs, or GitHub service resources that cannot be mapped to a GitHub repository/project; these objects are used in the RQ1 analysis of Reference evidence composition and external-reference orientation (how much Reference evidence points to such resources) but are not RefQN nodes.","PASS","PASS","PASS / NOT_APPLICABLE","PASS","PASS","PASS","INFO","NO","ENGLISH_EDIT; triggers=R02-005; intended_semantic_change=NO; External-reference orientation defined once."
"METH-P045","METH-U064","METH-U064: Terminology: non-self Reference = admitted records whose target is not mapped to the source's project (external-project + non-project + unresolved); external-project/cross-project = source and target mapped to different projects; non-project = target not mapped to a project node; expanded target = project-mappable target outside the seed set; field external_reference_share keeps its name but means non-self Reference share; non_project_reference_share means only non-project share","METH-P045:  ### 3.4 Metrics and Statistical Analysis  #### 3.4.1 Descriptive Metrics  We use the following terms consistently. **Non-self Reference** refers to all admitted records whose target does not map to the same project as their source; it comprises external-project, non-project, and unresolved records. **External-project** (cross-project) refers only to records whose source and target map to different projects. **Non-project** refers to records whose target does not map to a project node; where needed, *external resource* is used as a general description. **Expanded target** refers to a project-mappable target outside the seed-source set in the observation model of this study. The implementation field `external_reference_share` denotes the non-self Reference share; `non_project_reference_share` denotes only the non-project Reference share.","PASS","PASS","PASS / NOT_APPLICABLE","PASS","PASS","PASS","INFO","NO","ENGLISH_EDIT; triggers=R02-003;R02-007;R02-018; intended_semantic_change=NO; "
"METH-P048","METH-U067","METH-U067: Dimension 2 (population: admitted Reference-bearing issue/PR-related source contexts): active_issue_pr_count = unique repo_id#issue_or_pr_number keys for rows with source prefixes I_/IC_/PR_/PRR_/PRRC_ (context breadth; not all active Issues/PRs; not complexity); comment_per_issue = unique source entities per context (not comment count, depth or quality); comment_reference_density = Reference rows per related source entity (not total references per comment)","METH-P048: 2. **Collaboration-context metrics** (population: admitted Reference-bearing issue/PR-related source contexts). - *Reference-bearing issue/PR context count* (`active_issue_pr_count`): for admitted Reference records whose source entity ID has the prefix `I_`, `IC_`, `PR_`, `PRR_`, or `PRRC_`, we parse `repo_id#issue_or_pr_number` and count unique issue/PR keys. The metric describes Reference-bearing context breadth; despite its field name, it does not count all active issues/PRs of a repository. - *Unique source entities per Reference-bearing issue/PR context* (`comment_per_issue`): `comment_related_unique_source_count / active_issue_pr_count`. The numerator counts unique admitted source entity IDs with the five prefixes above, covering Issue, IssueComment, PullRequest, PullRequestReview, and PullRequestReviewComment, so the metric is not a comment count. - *Reference-row density per issue/PR-related source entity* (`comment_reference_density`): `comment_body_ref_count / comment_related_unique_source_count`, where `comment_body_ref_count` is the number of admitted Reference records whose source entity has one of the five prefixes. The metric is a per-entity Reference-record density, not total references divided by the number of comments.","PASS","PASS","PASS / NOT_APPLICABLE","PASS","PASS","PASS","INFO","NO","ENGLISH_EDIT; triggers=R02-003;R02-015;R02-028; intended_semantic_change=NO; Field names kept once at definition; field-name-specific negations only; metric name aligned with ledger T57; quality/complexity guards carried by RES-RQ1-P010."
"METH-P049","METH-U068","METH-U068: Dimension 3: self_reference_ratio = self-reference records / total (same-project mapped source and target); external_reference_share = non-self share = 1 − self ratio (field name kept for reproducibility); non_project_reference_share = non-project records / total; project_age_years_at_2023_end = (2023-12-31 − repo_created_at).days/365.25; 291 of 294 non-missing, 3 missing, no imputation, complete cases; single 2023 window is not a longitudinal design","METH-P049: 3. **Reference composition and project age.** - *Self-reference ratio* (`self_reference_ratio`): `self_reference_records / total_reference_records`, where self-reference records are admitted records whose source and target are both mappable and map to the same project. - *Non-self Reference share* (`external_reference_share`): `(total_reference_records - self_reference_records) / total_reference_records`, equivalently `(external_project_reference_records + non_project_reference_records + unresolved_target_reference_records) / total_reference_records`. The field name is retained for historical reproducibility; its meaning is the full non-self share, not an external-resource URL share or a non-project share. Under these operational definitions, `self_reference_ratio + external_reference_share = 1`. - *Non-project Reference share* (`non_project_reference_share`): `non_project_reference_records / total_reference_records`; it counts only admitted records whose target is classified as non-project, is one component of the non-self side, and is not synonymous with `external_reference_share`. - *Project-age-related characteristics* (`project_age_years_at_2023_end`): computed as `(2023-12-31 UTC - frozen repo_created_at).days / 365.25`. Of the 294 seeds, 291 have a non-missing age and 3 are missing; no imputation is performed, and age analyses use complete cases. The variable is used to examine cross-sectional associations between project age and the composition/context metrics above; a single 2023 observation window does not constitute a longitudinal design.","PASS","PASS","PASS / NOT_APPLICABLE","PASS","PASS","PASS","INFO","NO","ENGLISH_EDIT; triggers=R02-003;R02-028; intended_semantic_change=NO; R02-059 overlap: METH-P049 negations unchanged; only ""frozen"" removed from prose (code span untouched). | row -> record in prose; METH-P049 negations unchanged."
"METH-P053","METH-U072","METH-U072: Undirected structural view: U(G_RefQ) only ignores direction of first-order edges and merges reciprocal relations, generating no shared-reference relation; LCC node/edge counts, average clustering and transitivity; Louvain on the LCC of U(G_RefQ) with weight=""weight"", seed=20260731, weighted modularity; local clustering weight=None; approximate betweenness normalized=True, k=500, seed=20260731, weight=None — an unweighted approximate betweenness used only as a structural brokerage candidate metric","METH-P053: 3. **Undirected structural-view metrics.** - \(U(G_{\mathrm{RefQ}})\) only ignores the direction of first-order RefQ edges and merges reciprocal relations; it generates no shared-reference relation. - LCC node and edge counts, average clustering, and transitivity describe connectivity and local clustering. - Louvain algorithmic communities are computed on the LCC of the first-order \(U(G_{\mathrm{RefQ}})\), weighted by edge weight and with random seed 20260731 (`weight=""weight""`, `seed=20260731`); modularity is likewise weighted by edge weight [@blondel2008louvain; @newman2006modularity]. - Local clustering is computed unweighted (`weight=None`). Approximate betweenness is normalized, unweighted, and estimated from k = 500 sampled nodes with random seed 20260731 (`normalized=True`, `k=500`, `seed=20260731`, `weight=None`); it serves only as a structural brokerage candidate metric.","PASS","PASS","PASS / NOT_APPLICABLE","PASS","PASS","PASS","INFO","NO","ENGLISH_EDIT; triggers=R02-003;R02-006; intended_semantic_change=NO; Words first, parameters once in parentheses at the definition site."
"METH-P059","METH-U078","METH-U078: BH-FDR once per label mode across all computed feature-level p-values (not per feature); include_mixed lets multi-label projects count in several categories; exclude_mixed_or_multilabel keeps single-label projects only; ""robust across label handling"" only if FDR-significant in both modes; single-mode results labelled label-mode sensitive","METH-P059: 4. **FDR and multi-label sensitivity.** We compare subdomains under two label modes (label operationalizations): `include_mixed` allows a project to be counted repeatedly under multiple category labels, whereas `exclude_mixed_or_multilabel` retains only single-label projects. Within each label mode, a single Benjamini–Hochberg false discovery rate (BH-FDR) correction is applied jointly to all feature-level Kruskal–Wallis p-values actually computed under that mode, rather than separately for each feature [@benjamini1995fdr]. Only results that pass FDR correction under both label modes are called robust across label modes; results that reach the threshold under only one mode are labeled label-mode sensitive.","PASS","PASS","PASS / NOT_APPLICABLE","PASS","PASS","PASS","INFO","NO","ENGLISH_EDIT; triggers=R02-056; intended_semantic_change=NO; ""label mode (label operationalization)"" at first Methods occurrence; sentence order changed, content unchanged."
"RES-RQ1-P001","RES-RQ1-U001","RES-RQ1-U001: 3,747,958 admitted source-observation records after source admission; RQ1 examines referencing entities, referenced entities and self-reference ratio; overall, DBMS Reference evidence shows discussion-embedded origins, external-resource orientation and between-project proportion differences; Tables 4.1 and 4.2 give compact global distributions","RES-RQ1-P001:  ### 4.1 RQ1: Fine-Grained Reference Behavior, Collaboration Interaction, and External Reference Orientation  #### 4.1.1 Reference Type Distributions and Reference Evidence Composition  To answer RQ1, we examine the composition of referencing entities, referenced entities, and self-references in the admitted-record universe (this subsection), three project-level context metrics (§4.1.2), and their cross-sectional association with project age (§4.1.3). After source admission, the GitHub collaboration logs of the 294 seed DBMS projects yield 3,747,958 admitted source-observation Reference records (Figure 1). The referencing side shows from which collaboration contexts References originate, the referenced side shows which objects they point to, and the self-reference ratio characterizes the composition of project-internal versus non-self Reference evidence. Tables 4.1 and 4.2 report compact global distributions over the admitted-record universe.","PASS","PASS","PASS / NOT_APPLICABLE","PASS","PASS","PASS","INFO","NO","ENGLISH_EDIT; triggers=R02-005; intended_semantic_change=NO; "
"RES-RQ1-P002","RES-RQ1-U003;RES-RQ1-U006;RES-RQ1-U005","RES-RQ1-U003: Referencing-entity distribution answers ""where References originate""; in DBMS projects References are not only attached to commits but embedded in Issue comments, change descriptions and issue tracking; Table 4.1 shows the relative position of collaborative discussion, automated updates and active development activity || RES-RQ1-U006: Shares computed on 3,747,958 admitted records; ""other exported types"" is display aggregation; IssueComment is the main referencing carrier, Push second; Reference evidence occurs heavily in observable contexts of problem discussion, solution clarification, maintenance communication and development activity; global shares describe composition only, not task resolution, discussion quality or organisational mechanism || RES-RQ1-U005: Table 4.1 referencing-entity types: IssueComment 1,816,696 (48.47%); Push 1,165,990 (31.11%); PullRequest 335,530 (8.95%); Issue 168,876 (4.51%); Release 96,690 (2.58%); other 164,176 (4.38%); total 3,747,958","RES-RQ1-P002:  **Referencing entity types.** IssueComment is the main referencing carrier (48.47% of admitted records), followed by Push (31.11%; Table 4.1). Reference evidence in DBMS projects is thus embedded in issue comments, change descriptions, and the issue-tracking process as well as in code commits, and Table 4.1 shows the relative position of collaborative discussion, automated updates, and active development in Reference behavior. The distribution indicates that Reference evidence occurs largely in observable contexts of problem discussion, solution clarification, maintenance communication, and development activity. These shares describe where Reference evidence occurs, not task resolution, discussion quality, or organizational mechanisms.","PASS","PASS","PASS / NOT_APPLICABLE","PASS","PASS","PASS","INFO","NO","ENGLISH_EDIT; triggers=R02-002;R02-043; intended_semantic_change=NO; Positive-scope lead; one targeted guard; run-in label uses canonical term."
"RES-RQ1-P003","RES-RQ1-U004;RES-RQ1-U006","RES-RQ1-U004: Display rule: categories listed by frozen count until ≥95% cumulative coverage; categories with ≥5% share are never merged into Other; the long tail is display aggregation; 5% is a display rule, not a significance level || RES-RQ1-U006: Shares computed on 3,747,958 admitted records; ""other exported types"" is display aggregation; IssueComment is the main referencing carrier, Push second; Reference evidence occurs heavily in observable contexts of problem discussion, solution clarification, maintenance communication and development activity; global shares describe composition only, not task resolution, discussion quality or organisational mechanism","RES-RQ1-P003:  *Note.* Shares are computed over the 3,747,958 admitted source-observation records. To keep the tables compact without hiding substantive categories, Tables 4.1 and 4.2 list categories in descending order of count until cumulative coverage reaches at least 95%, and no category with an individual share of 5% or more is merged into ""Other exported types"", which aggregates the remaining long-tail categories for display only; the 5% cutoff is a display rule.","PASS","PASS","PASS / NOT_APPLICABLE","PASS","PASS","PASS","INFO","NO","ENGLISH_EDIT; triggers=R02-002;R02-003; intended_semantic_change=NO; Display rule stated positively; ""frozen counts"" -> ""count""; no rule changed."
"RES-RQ1-P004","RES-RQ1-U007;RES-RQ1-U009;RES-RQ1-U008","RES-RQ1-U007: Referenced-entity distribution answers ""what References point to""; target side reflects external resources, complete change units, persons/organisations and specific issue/commit records; Table 4.2 characterises external-resource orientation and target composition, not ecological dependency || RES-RQ1-U009: GitHub_Service_External_Links is the main referenced object, followed by PullRequest, Actor, Issue, Commit and file changes; observed targets include external resources, change artifacts and social entities; frequencies describe only the admitted-record universe, not dependency, adoption, project importance or collaboration influence || RES-RQ1-U008: Table 4.2 referenced-entity types: GitHub_Service_External_Links 1,629,327 (43.47%); PullRequest 671,986 (17.93%); Actor 475,651 (12.69%); Issue 281,648 (7.51%); Commit 255,009 (6.80%); GitHub_Files_FileChanges 193,391 (5.16%); Repo 74,468 (1.99%); other 166,478 (4.44%); total 3,747,958","RES-RQ1-P004:  **Referenced entity types.** GitHub_Service_External_Links is the largest referenced-entity category (43.47%), followed by PullRequest, Actor, Issue, Commit, and file changes (Table 4.2). Whereas the referencing side leans toward collaboration contexts, the referenced side reflects more directly which external resources, whole change units, people or organizational entities, and specific issue and commit records DBMS projects reference during development; Table 4.2 thus characterizes the external-reference orientation and the referenced-object composition of DBMS Reference evidence. Observed targets combine external resources, change artifacts, and social entities. These frequencies describe the admitted-record universe; they are not evidence of ecosystem-level dependency, adoption, project importance, or specific collaboration influence.","PASS","PASS","PASS / NOT_APPLICABLE","PASS","PASS","PASS","INFO","NO","ENGLISH_EDIT; triggers=R02-002;R02-005;R02-038;R02-043; intended_semantic_change=NO; ""main referenced object"" -> ""largest referenced-entity category"" (43.47%, not a majority); ""ecological"" -> ""ecosystem-level""."
"RES-RQ1-P005","RES-RQ1-U010;RES-RQ1-U011","RES-RQ1-U010: Self-reference ratio = internal Reference records / all observable records of a project; across 294 seeds mean 41.82%, median 39.47%, SD 23.89%, Q1 25.75%, Q3 59.06%; distribution only shows between-project differences in evidence composition, not stronger knowledge processes, organisational properties or capability constructs || RES-RQ1-U011: Project cases: WiredTiger 84.08% (12,891 of 15,332); SSDB and GreatSQL 0.00%; H2 39.83%; cases only illustrate distribution positions, not quality or mechanism","RES-RQ1-P005:  **Self-reference.** The self-reference ratio, i.e., the share of a project's observable Reference records that are project-internal, describes how projects differ in the project-internal/non-self composition of their Reference evidence. Across the 294 seed DBMS projects, the project-level self-reference ratio has a mean of 41.82%, a median of 39.47%, and a standard deviation of 23.89%, with a 25th percentile of 25.75% and a 75th percentile of 59.06%. This distribution indicates that the composition of Reference evidence differs between projects; it does not measure stronger constructs such as knowledge processes, organizational properties, or capabilities. In the project profiles, WiredTiger has a self-reference ratio of 84.08% (12,891 of its 15,332 Reference records are self-references), SSDB and GreatSQL both have 0.00%, and H2 has 39.83%; these cases illustrate positions in the distribution rather than project quality or mechanisms.","PASS","PASS","PASS / NOT_APPLICABLE","PASS","PASS","PASS","INFO","NO","ENGLISH_EDIT; triggers=R02-001;R02-002;R02-003;R02-005; intended_semantic_change=NO; ""stronger"" read as qualifying all three constructs (更强的知识过程、组织属性或能力构念), removing the partial-knowledge-process residue; ""current files"" removed; values unchanged."
"RES-RQ1-P007","RES-RQ1-U016;RES-RQ1-U014","RES-RQ1-U016: Context-count metric is strongly right-skewed with high kurtosis; few projects have high breadth, most lie in the low range; CockroachDB is the observed maximum; no core–periphery structure, lifecycle or specific distribution model is supported || RES-RQ1-U014: Context breadth = number of unique Reference-bearing repo_id#issue_or_pr_number contexts in the period; statistics in Table 4.3","RES-RQ1-P007:  **Context breadth.** Reference-bearing context breadth (§3.4.1) is clearly right-skewed with high kurtosis (Table 4.3): a few projects have high context breadth, whereas most fall in a low count range, and CockroachDB has the largest observed value. This skew describes the distribution only; it does not identify a core–periphery structure or support a lifecycle or distribution-model interpretation.","PASS","PASS","PASS / NOT_APPLICABLE","PASS","PASS","PASS","INFO","NO","ENGLISH_EDIT; triggers=R02-002;R02-018; intended_semantic_change=NO; Redefinition replaced by pointer; single targeted guard."
"RES-RQ1-P008","RES-RQ1-U019","RES-RQ1-U019: Also right-skewed with high-value projects; describes unique related source entities per Reference-bearing context; not comment count; not used to infer problem complexity, collaboration quality or resolution effect","RES-RQ1-P008:  **Source-entity intensity per context.** The number of unique related source entities per Reference-bearing context is likewise right-skewed, with some high-value projects (Table 4.4). As defined in §3.4.1, it counts source entities rather than comments.","PASS","PASS","PASS / NOT_APPLICABLE","PASS","PASS","PASS","INFO","NO","ENGLISH_EDIT; triggers=R02-002; intended_semantic_change=NO; Inference guards consolidated in RES-RQ1-P010."
"RES-RQ1-P009","RES-RQ1-U022","RES-RQ1-U022: A few projects have high Reference-row density (AlaSQL, pubkey/rxdb); the metric is Reference records per related source entity, not references per comment and not a measure of discussion process or quality; RQ3 found no FDR-robust subdomain difference for it","RES-RQ1-P009:  **Reference-row density.** A few projects have a high Reference-row density (Table 4.5), with AlaSQL and pubkey/rxdb as high-value cases. The metric counts Reference records per related source entity rather than references per comment, and RQ3 (§4.3) finds no FDR-supported subdomain difference for it.","PASS","PASS","PASS / NOT_APPLICABLE","PASS","PASS","PASS","INFO","NO","ENGLISH_EDIT; triggers=R02-002;R02-018;R02-045; intended_semantic_change=NO; Discussion-quality guard consolidated in RES-RQ1-P010; present tense for the cross-RQ finding."
"RES-RQ1-P010","RES-RQ1-U023;RES-RQ1-U013","RES-RQ1-U023: Tables 4.3–4.5 show between-project heterogeneity and right-skew for all three metrics (within the support of the statistics); they describe different units, none substitutes for another, and none is upgraded to collaboration quality, problem complexity or behaviour beyond the observation scope || RES-RQ1-U013: §4.1.2 route: three project-level metrics — context breadth, unique source entities per context, Reference-row density per source entity; they do not cover all collaboration activity; no distribution-type or causal inference","RES-RQ1-P010:  Taken together, the reported statistics in Tables 4.3–4.5 indicate between-project heterogeneity and right-skewed distributions for all three metrics. The three metrics describe different observation units and cover only Reference-bearing contexts rather than all collaboration activity, so none can substitute for another, and none supports inferences about collaboration or discussion quality, problem complexity or resolution, distribution type, causal mechanism, or behavior beyond the observation scope.","PASS","PASS","PASS / NOT_APPLICABLE","PASS","PASS","PASS","INFO","NO","ENGLISH_EDIT; triggers=R02-002; intended_semantic_change=NO; Single closing guard for §4.1.2 now also carries the discussion-quality and problem-resolution items moved from P008/P009; hedge kept as ""reported statistics ... indicate""."
"RES-RQ1-P011","RES-RQ1-U024;RES-RQ1-U025","RES-RQ1-U024: §4.1.3 examines cross-sectional association of project age with self-reference ratio, non-self share (external_reference_share), non-project share and Reference-row density (comment_reference_density); single 2023 window, age is an attribute in that window; only Spearman associations, not longitudinal change || RES-RQ1-U025: 291 seeds with valid age form the correlation sample; Table 4.6a shows all four Spearman associations are weak; self-reference ratio and its complement non-self share have opposite signs; non-project share and Reference-row density show weak positive correlations","RES-RQ1-P011:  #### 4.1.3 Cross-Sectional Association between Reference Behavior and Project Age  We next examine the association between project age and four metrics: the self-reference ratio, the non-self Reference share, the non-project Reference share, and the Reference-row density per issue/PR-related source entity. The 291 seed projects with a valid project age form the correlation sample. All four Spearman associations are weak (Table 4.6a). The self-reference ratio is weakly negatively associated with project age, and the non-self Reference share, its complement, mirrors this association by construction; the non-project Reference share and the Reference-row density show weak positive correlations.","PASS","PASS","PASS / NOT_APPLICABLE","PASS","PASS","PASS","INFO","NO","ENGLISH_EDIT; triggers=R02-003;R02-039; intended_semantic_change=NO; Complementary association stated as mirror by construction; field names left to Methods and Table 4.6a."
"RES-RQ1-P013","RES-RQ1-U001;RES-RQ1-U012;RES-RQ1-U002","RES-RQ1-U001: 3,747,958 admitted source-observation records after source admission; RQ1 examines referencing entities, referenced entities and self-reference ratio; overall, DBMS Reference evidence shows discussion-embedded origins, external-resource orientation and between-project proportion differences; Tables 4.1 and 4.2 give compact global distributions || RES-RQ1-U012: Across the three views, DBMS Reference behaviour includes context organisation in discussion and change processes and between-project differences in internal/external proportions; self-reference ratio is used only descriptively here and not for group inference beyond the analysis scope || RES-RQ1-U002: Figure 1 caption: (A) record flow 3,748,078 scanned → −120 out-of-seed → 3,747,958 admitted → 1,586,047 project-mappable / 1,686,729 non-project / 475,182 unresolved; (B) composition of eight source event types; (C) target-membership shares within event type; all counts are Reference records; only the project-mappable subset enters RefQN; non-project resources do not become nodes; diagram is not the final topology","RES-RQ1-P013:  In answer to RQ1, Reference evidence in the DBMS seed projects is concentrated in discussion contexts, with IssueComment as the main referencing entity type; GitHub_Service_External_Links is the largest referenced-entity category; and the distribution between project-internal and non-self References differs across projects. Taken together, the referencing entity types, the referenced entity types, and the self-reference ratio indicate that DBMS Reference behavior includes context organization within discussion and change processes as well as between-project differences in the proportion of project-internal versus non-self Reference evidence. Only the project-mappable subset of this evidence (1,586,047 records; Figure 1A) enters the project-level RefQN analyzed in RQ2; the self-reference ratio serves here as a descriptive indicator of evidence composition rather than as a basis for between-group inference beyond this analysis.","PASS","PASS","PASS / NOT_APPLICABLE","PASS","PASS","PASS","INFO","NO","ENGLISH_EDIT; triggers=R02-005;R02-043;R02-052; intended_semantic_change=NO; RQ1 answered in RQ1 terms (project-internal vs non-self); ""points largely to external resources"" removed; T62 full form kept."
"RES-RQ2-P001","RES-RQ2-U001","RES-RQ2-U001: Three non-interchangeable analytical roles: RQ2a interprets only source behaviour of 294 seeds; RQ2b observable targets referenced by ≥1 seed; RQ2c the undirected view derived from cross-project RefQ edges; expanded targets' source rows are not symmetrically observed, so their low out-degree is not a project behaviour trait","RES-RQ2-P001:  ### 4.2 RQ2a/RQ2b/RQ2c: Role-Specific Structural Views of the Project-Level RefQN  This section separates three analytical roles. RQ2a interprets only the source behavior of the 294 source-complete seed projects; RQ2b interprets the observable targets referenced by at least one seed project; and RQ2c interprets the direction-ignored first-order structural view derived from cross-project RefQ edges. Because expanded targets are source-incomplete, their low out-degree cannot be interpreted as a characteristic of project behavior.","PASS","PASS","PASS / NOT_APPLICABLE","PASS","PASS","PASS","INFO","NO","ENGLISH_EDIT; triggers=R02-003;R02-047;R02-057; intended_semantic_change=NO; ""not observed symmetrically"" -> defined term source-incomplete; canonical view term at first RQ2 mention; B2 guard kept."
"RES-RQ2-P002","RES-RQ2-U002;RES-RQ2-U004","RES-RQ2-U002: Table 4.6b summarises full directed RefQN, cross-project directed view (self-loops removed) and its first-order undirected view with node domain, edge-observed nodes, edge counts and weights; target-weight shares use cross-project total weight 138,974 as denominator; 9,547 undirected edges are not used in place of directed edge counts || RES-RQ2-U004: Figure 2 summarises source/target roles; §4.2a and §4.2b interpret source-side distribution and target-side concentration","RES-RQ2-P002:  Table 4.6b summarizes the full directed RefQN, the cross-project directed view after self-loop removal, and its first-order undirected derived view, distinguishing the node domain, edge-observed nodes, edge counts, and aggregated weight. The target-weight shares reported below use the cross-project total weight of 138,974 as denominator, and the 9,547 undirected edges are reported separately from the directed edge count. Figure 2 summarizes the source and target roles, which §4.2a and §4.2b interpret as the source-side distribution and the target-side concentration, respectively.","PASS","PASS","PASS / NOT_APPLICABLE","PASS","PASS","PASS","INFO","NO","ENGLISH_EDIT; triggers=R02-003; intended_semantic_change=NO; "
"RES-RQ2-FIG001","RES-RQ2-U005","RES-RQ2-U005: Figure 2 caption: (A) out-degree CCDF of 294 source-complete seeds; (B) out-strength CCDF; (C) observable-target in-degree, in-strength and coverage quantiles (denominator 294; Q1/Median/Q3/Max 1/1/1/42, 1/2/5/3,430, 0.34%/0.34%/0.34%/14.29%); (D) target-weight Top-1/10/50 shares on denominator 138,974 (2.47%/16.00%/48.99%); metrics describe the current seed-centred observed RefQN, not project importance or a distribution model","RES-RQ2-FIG001:  **Figure 2. Source- and target-role views of the project-level RefQN (RQ2a/RQ2b).** (A) Out-degree CCDF of the 294 source-complete seed projects. (B) Out-strength CCDF of the same source set. (C) Quantile profiles of in-degree, in-strength, and target coverage for observable targets; coverage uses the 294 seed sources as denominator, and the Q1/Median/Q3/Max labels are 1/1/1/42, 1/2/5/3,430, and 0.34%/0.34%/0.34%/14.29%, respectively. (D) Top-1, Top-10, and Top-50 target-weight shares (2.47%/16.00%/48.99%), with the cross-project RefQ total weight of 138,974 as denominator. These metrics describe the seed-centered observed RefQN, not project importance or a distribution model.","PASS","PASS","PASS / NOT_APPLICABLE","PASS","PASS","PASS","INFO","NO","ENGLISH_EDIT; triggers=R02-018;R02-052; intended_semantic_change=NO; "
"RES-RQ2A-P001","RES-RQ2A-U001;RES-RQ2A-U003","RES-RQ2A-U001: Of 294 seeds, 262 have ≥1 cross-project out-edge and 32 have out-degree 0 in this view; the gap between quantiles and maxima in Fig. 2 and Table 4.6c indicates that a few seed sources have much higher active reference scope and aggregated strength than typical values; no distribution fitting was done, so no power-law or scale-free claim || RES-RQ2A-U003: Table 4.6c source role: out-degree Q1 3, median 11, Q3 39, max 352; out-strength 5 / 26.50 / 192.75 / 43,574; HHI 0.0563 / 0.1589 / 0.3585 / 1.0000; top-target share 14.46% / 28.45% / 50.00% / 100.00%","RES-RQ2A-P001:  #### 4.2a RQ2a: Outgoing Reference Scope and Strength on the Source Side  Among the 294 source-complete seed projects, 262 have at least one cross-project out-edge and 32 have an out-degree of 0 in the cross-project view (Figure 2A–B; Table 4.6c). The quantiles and the maxima are far apart (median out-degree 11 versus a maximum of 352; median out-strength 26.50 versus a maximum of 43,574), indicating that a few seed sources have substantially higher outgoing Reference scope and aggregated strength than typical values. Because no distribution model was fitted, we make no power-law or scale-free claim.","PASS","PASS","PASS / NOT_APPLICABLE","PASS","PASS","PASS","INFO","NO","ENGLISH_EDIT; triggers=R02-018;R02-027;R02-040; intended_semantic_change=NO; Population folded into finding sentence; ""current view"" -> ""cross-project view""."
"RES-RQ2A-P003","RES-RQ2A-U005","RES-RQ2A-U005: By out-strength the top five are OpenSearch 43,574, qdrant 5,013, Hazelcast 5,000, Velox 4,445, CockroachDB 4,236; the ranking reflects aggregated outgoing Reference weight in the observed scope, not quality, influence or knowledge-output capacity; ordering by out-degree can differ, so scope and repeated-reference strength are interpreted separately","RES-RQ2A-P003:  Ranked by out-strength, OpenSearch, qdrant, Hazelcast, Velox, and CockroachDB occupy the top five positions, with out-strengths of 43,574, 5,013, 5,000, 4,445, and 4,236, respectively. This ranking reflects aggregated outgoing Reference weight within the observation scope, not project quality, influence, or knowledge-output capacity. Because the order of projects can differ when they are ranked by out-degree, outgoing Reference scope and repeated Reference strength should be interpreted separately.","PASS","PASS","PASS / NOT_APPLICABLE","PASS","PASS","PASS","INFO","NO","ENGLISH_EDIT; triggers=R02-018;R02-027; intended_semantic_change=NO; "
"RES-RQ2A-P004","RES-RQ2A-U001;RES-RQ2A-U002;RES-RQ2A-U005","RES-RQ2A-U001: Of 294 seeds, 262 have ≥1 cross-project out-edge and 32 have out-degree 0 in this view; the gap between quantiles and maxima in Fig. 2 and Table 4.6c indicates that a few seed sources have much higher active reference scope and aggregated strength than typical values; no distribution fitting was done, so no power-law or scale-free claim || RES-RQ2A-U002: Table 4.6c shows seed-to-expanded relations dominate in count and weight; ""expanded"" only denotes non-seed target membership, not an independent ecosystem, and not complete source observation || RES-RQ2A-U005: By out-strength the top five are OpenSearch 43,574, qdrant 5,013, Hazelcast 5,000, Velox 4,445, CockroachDB 4,236; the ranking reflects aggregated outgoing Reference weight in the observed scope, not quality, influence or knowledge-output capacity; ordering by out-degree can differ, so scope and repeated-reference strength are interpreted separately","RES-RQ2A-P004:  In answer to RQ2a, within the source-complete seed population, a few seed sources have substantially higher outgoing Reference scope and aggregated Reference strength than typical values; seed-to-expanded relations dominate seed-to-seed relations in both count and weight; and outgoing Reference scope and repeated Reference strength need to be interpreted separately.","PASS","PASS","PASS / NOT_APPLICABLE","PASS","PASS","PASS","INFO","NO","ENGLISH_EDIT; triggers=R02-027; intended_semantic_change=NO; Capitalization only; R02-066 no-change synthesis block otherwise preserved."
"RES-RQ2B-P001","RES-RQ2B-U001;RES-RQ2B-U004","RES-RQ2B-U001: The cross-project edge table has 6,322 observable targets: 110 analysis seeds and 6,212 expanded targets; Fig. 2 and Table 4.6d show most targets are pointed to by one seed source while a few receive broader coverage or larger repeated-reference weight || RES-RQ2B-U004: Target coverage denominator is always the 294 seed sources; e.g., max in-degree 42 = 14.29% seed coverage; it counts how many seeds point to a target, not the target's overall importance in the GitHub ecosystem","RES-RQ2B-P001:  #### 4.2b RQ2b: Coverage and Concentration on the Target Side  Most of the 6,322 observable targets in the cross-project view are pointed to by only one seed source, whereas a few targets receive broader coverage or larger repeated Reference weight (Figure 2C; Table 4.6d). Of these targets, 110 are analysis seed projects and 6,212 are expanded targets. Target coverage (§3.4.2) uses the 294 seed sources as denominator; the maximum in-degree of 42, for example, corresponds to a seed coverage of 14.29%.","PASS","PASS","PASS / NOT_APPLICABLE","PASS","PASS","PASS","INFO","NO","ENGLISH_EDIT; triggers=R02-002;R02-003;R02-007;R02-027;R02-040; intended_semantic_change=NO; Finding first; coverage definition replaced by pointer; importance guard kept once in RES-RQ2B-P003; ""cross-project edge table"" removed."
"RES-RQ2B-P002","RES-RQ2B-U002","RES-RQ2B-U002: Target-weight shares use cross-project total 138,974 as denominator; largest target weight 3,430 = top-1 share 2.47%; 6,191 expanded targets are absent from current DBMS metadata, meaning metadata unavailable, not that they are non-software or lack a technical domain","RES-RQ2B-P002:  Target-weight concentration is shown in Figure 2D and Table 4.6d. All shares use the cross-project RefQ total weight of 138,974 as denominator, and the largest target weight, 3,430, corresponds to a top-1 share of 2.47%. Of the expanded targets, 6,191 do not appear in the DBMS metadata used in this study; this indicates only that category metadata are unavailable for them, not that they are non-software projects or lack a technical domain.","PASS","PASS","PASS / NOT_APPLICABLE","PASS","PASS","PASS","INFO","NO","ENGLISH_EDIT; triggers=R02-018; intended_semantic_change=NO; "
"RES-RQ2B-P003","RES-RQ2B-U001;RES-RQ2B-U002;RES-RQ2B-U003;RES-RQ2B-U004;RES-RQ2-U005","RES-RQ2B-U001: The cross-project edge table has 6,322 observable targets: 110 analysis seeds and 6,212 expanded targets; Fig. 2 and Table 4.6d show most targets are pointed to by one seed source while a few receive broader coverage or larger repeated-reference weight || RES-RQ2B-U002: Target-weight shares use cross-project total 138,974 as denominator; largest target weight 3,430 = top-1 share 2.47%; 6,191 expanded targets are absent from current DBMS metadata, meaning metadata unavailable, not that they are non-software or lack a technical domain || RES-RQ2B-U003: Table 4.6d: observable targets 6,322; seed targets 110; expanded targets 6,212; in-degree median/max 1/42; in-strength median/max 2/3,430; top-1 2.47%; top-10 16.00%; top-50 48.99% || RES-RQ2B-U004: Target coverage denominator is always the 294 seed sources; e.g., max in-degree 42 = 14.29% seed coverage; it counts how many seeds point to a target, not the target's overall importance in the GitHub ecosystem || RES-RQ2-U005: Figure 2 caption: (A) out-degree CCDF of 294 source-complete seeds; (B) out-strength CCDF; (C) observable-target in-degree, in-strength and coverage quantiles (denominator 294; Q1/Median/Q3/Max 1/1/1/42, 1/2/5/3,430, 0.34%/0.34%/0.34%/14.29%); (D) target-weight Top-1/10/50 shares on denominator 138,974 (2.47%/16.00%/48.99%); metrics describe the current seed-centred observed RefQN, not project importance or a distribution model","RES-RQ2B-P003:  In answer to RQ2b, within the observable target population, most targets are pointed to by a single seed source, whereas coverage and aggregated Reference weight are concentrated in a limited set of targets (the top 50 targets hold 48.99% of the cross-project weight). These quantities describe the seed-centered observed network, not the importance of targets in the wider ecosystem.","PASS","PASS","PASS / NOT_APPLICABLE","PASS","PASS","PASS","INFO","NO","ENGLISH_EDIT; triggers=R02-027; intended_semantic_change=NO; Canonical location of the target-importance guard."
"RES-RQ2C-P001","RES-RQ2C-U001","RES-RQ2C-U001: U(G_RefQ) ignores direction of directed cross-project edges and merges reciprocals; it remains a first-order structural view, not QQ^T, Q^T Q, shared-reference or shared-neighbour projection; Table 4.6e shows an LCC covering 97.86% of the node domain with a few components and isolates; local clustering is low","RES-RQ2C-P001:  #### 4.2c RQ2c: Undirected Derived Structural View  The direction-ignored first-order structural view \(U(G_{\mathrm{RefQ}})\), obtained from the directed cross-project edges by ignoring direction and merging reciprocal relations, is broadly connected within the seed-centered observed RefQN: its largest connected component covers 97.86% of the node domain, a small number of other components and isolates remain, and local clustering is low (Table 4.6e; Figure 3A). Figure 3B compares LCC coverage, average clustering, and modularity for this canonical seed-centered observed view with the two other declared observation-boundary views. The undirected view remains first-order rather than a second-order projection (§3.3.3); its interpretation under source-incomplete observation of expanded targets is discussed in §6.3.","PASS; view identity retained but definition absent","PASS","PASS / NOT_APPLICABLE","PASS","PASS","PASS_WITH_TRACEABILITY_GAP","E1","YES","ENGLISH_EDIT; triggers=R02-008;R02-009;R02-011;R02-057; intended_semantic_change=NO; Seed-centered qualifier; one §6.3 pointer (no B3 duplication); Figure 3B cross-reference using mapping-supported semantics only (three declared observation-boundary views); B6 kept as short clause."
"RES-RQ2C-P002","RES-RQ2C-U002","RES-RQ2C-U002: With NetworkX Louvain at random seed 20260731 the LCC splits into 35 algorithmic communities, modularity 0.797; this canonical partition is a deterministic reference realisation; across 50 random seeds 32–37 communities, 42/50 ARI-to-canonical < 0.9, min ARI 0.682, min pairwise ARI 0.609; results support only an algorithmic modular-neighbourhood interpretation under the current view and modularity objective, not a unique, stable or semantic DBMS community structure","RES-RQ2C-P002:  Modular organization is observable, but the exact partition is sensitive to the random seed. With random seed 20260731, the NetworkX Louvain implementation partitions the LCC into 35 algorithmic communities with a modularity of 0.797; this canonical partition is a deterministic reference realization. A sensitivity analysis over 50 random-seed runs yields 32–37 communities; in 42/50 runs, the adjusted Rand index (ARI) to the canonical partition is below 0.9, the minimum ARI is 0.682, and the minimum pairwise ARI is 0.609 (Figure 3C). The results therefore support only an algorithmic modular-neighborhood interpretation under this undirected view and modularity objective, not a unique, stable, or semantic DBMS community structure; exact values are given in Table 4.6e and the supplementary material.","PASS","PASS","PASS / NOT_APPLICABLE","PASS","PASS","PASS","INFO","NO","ENGLISH_EDIT; triggers=R02-006;R02-018; intended_semantic_change=NO; ""random seed"" for RNG sense; values unchanged."
"RES-RQ2C-FIG001","RES-RQ2C-U003","RES-RQ2C-U003: Figure 3 caption: (A) U(G_RefQ) summary and size distribution of 35 algorithmic communities; (B) LCC coverage, average clustering and modularity across canonical seed-centred, seed-only induced and multi-seed target views (independent scales); (C) community count, modularity and ARI-to-canonical over 50 seed runs, seed 20260731 deterministic reference; first-order undirected view; community labels are not stable real communities or a DBMS taxonomy","RES-RQ2C-FIG001:  **Figure 3. First-order undirected RefQ structure and the algorithmic modular-neighborhood view (RQ2c).** (A) Structural summary of \(U(G_{\mathrm{RefQ}})\) and the size distribution of the 35 algorithmic communities. (B) LCC coverage, average clustering, and modularity across the three declared observation-boundary views: the canonical seed-centered observed view, the seed-only induced view, and the multi-seed target view (in these view names, *seed* refers to seed projects), each metric on its own scale. (C) Community count, modularity, and ARI-to-canonical sensitivity over 50 random-seed runs; random seed 20260731 gives the deterministic reference realization. Community labels are algorithmic partition labels and do not denote stable real-world communities or a DBMS taxonomy.","PASS; view identity retained but definition absent","PASS","PASS / NOT_APPLICABLE","PASS","PASS","PASS_WITH_TRACEABILITY_GAP","E1","YES","ENGLISH_EDIT; triggers=R02-006;R02-009;R02-042; intended_semantic_change=NO; Panel B glossed only with mapping-supported semantics (""observation-boundary views""); exact definitions of seed-only induced / multi-seed target views DEFERRED_NEEDS_SOURCE_DEFINITION; panel identities and values unchanged."
"RES-RQ2C-P003","RES-RQ2C-U005","RES-RQ2C-U005: Table 4.6f lists the top five structural brokerage candidates by approximate betweenness, led by ClickHouse and OpenSearch; the metric uses a fixed 500-node unweighted approximate-betweenness sample and only describes bridge-like positions in the current LCC shortest-path structure; community IDs are algorithmic labels; no project importance, knowledge flow or organisational coordination","RES-RQ2C-P003:  Table 4.6f lists the five structural brokerage candidates with the highest approximate betweenness, with ClickHouse and OpenSearch at the top. The metric is based on unweighted approximate betweenness sampled over a fixed set of 500 nodes and describes only bridge-like positions in the shortest-path structure of the LCC; the candidates are not evidence of project importance, knowledge flow, or organizational coordination.","PASS","PASS","PASS / NOT_APPLICABLE","PASS","PASS","PASS","INFO","NO","ENGLISH_EDIT; triggers=R02-018; intended_semantic_change=NO; "
"RES-RQ2C-P006","RES-RQ2C-U001;RES-RQ2C-U002;RES-RQ2C-U005","RES-RQ2C-U001: U(G_RefQ) ignores direction of directed cross-project edges and merges reciprocals; it remains a first-order structural view, not QQ^T, Q^T Q, shared-reference or shared-neighbour projection; Table 4.6e shows an LCC covering 97.86% of the node domain with a few components and isolates; local clustering is low || RES-RQ2C-U002: With NetworkX Louvain at random seed 20260731 the LCC splits into 35 algorithmic communities, modularity 0.797; this canonical partition is a deterministic reference realisation; across 50 random seeds 32–37 communities, 42/50 ARI-to-canonical < 0.9, min ARI 0.682, min pairwise ARI 0.609; results support only an algorithmic modular-neighbourhood interpretation under the current view and modularity objective, not a unique, stable or semantic DBMS community structure || RES-RQ2C-U005: Table 4.6f lists the top five structural brokerage candidates by approximate betweenness, led by ClickHouse and OpenSearch; the metric uses a fixed 500-node unweighted approximate-betweenness sample and only describes bridge-like positions in the current LCC shortest-path structure; community IDs are algorithmic labels; no project importance, knowledge flow or organisational coordination","RES-RQ2C-P006:  In answer to RQ2c, the first-order undirected view of the seed-centered observed RefQN is broadly connected and shows low local clustering; modular organization is observable, but the exact Louvain partition is sensitive to the random seed; and structural brokerage candidates describe only bridge-like positions in this view.","PASS","PASS","PASS / NOT_APPLICABLE","PASS","PASS","PASS","INFO","NO","ENGLISH_EDIT; triggers=R02-008; intended_semantic_change=NO; Seed-centered qualifier added to closing answer."
"HEADING-4.3","(heading;§4.3 RQ3 section title)","(heading: source-unit summary absent from A02 alignment || §4.3 RQ3 section title): source-unit summary absent from A02 alignment","Heading present in candidate: ### 4.3 RQ3: Extent and Heterogeneity of DBMS Subdomain Differences","PASS","PASS","PASS / NOT_APPLICABLE","PASS","PASS","PASS","INFO","NO","ENGLISH_EDIT; triggers=R02-014; intended_semantic_change=NO; Heading wording only (no structural change): ""Locality"" no longer used for the limited-to-some-metrics sense.; candidate target ID missing: HEADING-4.3; heading is unmarked by source comment but appears verbatim in candidate."
"RES-RQ3-P001","RES-RQ3-U001","RES-RQ3-U001: RQ3 compares Reference composition, RefQ role/local-structure features and project age under include_mixed and exclude_mixed_or_multilabel; include_mixed lets multi-label projects enter multiple groups; exclude keeps single-label projects; Kruskal-Wallis with effect sizes and BH-FDR","RES-RQ3-P001:  ### 4.3 RQ3: Extent and Heterogeneity of DBMS Subdomain Differences  To answer RQ3, we compare Reference composition, RefQ role and local-structure features, and project age across DBMS subdomains under the two label modes defined in §3.4.3, `include_mixed` and `exclude_mixed_or_multilabel`, using Kruskal–Wallis tests and reporting effect sizes and BH-FDR-corrected results (Figure 4; Tables 4.7 and 4.8).","PASS","PASS","PASS / NOT_APPLICABLE","PASS","PASS","PASS","INFO","NO","ENGLISH_EDIT; triggers=R02-044; intended_semantic_change=NO; "
"RES-RQ3-FIG001","RES-RQ3-U002","RES-RQ3-U002: Figure 4 caption: (A–D) category-level mean/median of four Reference-composition metrics; circle/square = mean/median; filled/open = include_mixed/exclude_mixed_or_multilabel; (E) rank eta-squared (η_H²) with BH-FDR status; dot/triangle = two label modes; filled/open = reject/not reject; text and Table 4.8 interpret the mode-sensitive inferential result; category labels are not algorithmic communities or causal mechanisms","RES-RQ3-FIG001:  **Figure 4. Observed subdomain variation and BH-FDR-corrected role/structure comparison under two label modes (RQ3).** (A–D) Category-level mean and median of the four Reference composition metrics; circles and squares distinguish mean and median, and filled and open markers distinguish `include_mixed` and `exclude_mixed_or_multilabel`. (E) Rank eta-squared (\(\eta_H^2\)) and BH-FDR status; dots and triangles distinguish the two label modes, and filled and open markers indicate BH-FDR rejected and not rejected. Category labels are DBMS metadata, not algorithmic communities or causal mechanisms; Table 4.8 gives the mode-sensitive inferential result.","PASS","PASS","PASS / NOT_APPLICABLE","PASS","PASS","PASS","INFO","NO","ENGLISH_EDIT; triggers=R02-042; intended_semantic_change=NO; ""FDR-bounded"" and ""reject/not reject"" clarified; rank eta-squared unchanged; panel identities unchanged."
"RES-RQ3-P002","RES-RQ3-U003","RES-RQ3-U003: Under include_mixed, category medians of non-self Reference share (external_reference_share) vary, e.g., Object Oriented 50.59% vs Search Engine 64.03%, but these are descriptive differences; none of the four composition metrics passes FDR in include_mixed or in exclude_mixed_or_multilabel","RES-RQ3-P002:  #### 4.3.1 Subdomain Comparison of Reference Composition  None of the four Reference composition metrics passed FDR correction under either label mode (Figure 4A–D; Table 4.8). Descriptively, the `include_mixed` statistics show some range in the median non-self Reference share across subdomains, for example 50.59% for Object Oriented and 64.03% for Search Engine (Table 4.7); these differences are descriptive only.","PASS","PASS","PASS / NOT_APPLICABLE","PASS","PASS","PASS","INFO","NO","ENGLISH_EDIT; triggers=R02-003;R02-044; intended_semantic_change=NO; B8 realized by precise wording; values unchanged."
"RES-RQ3-T001(title)","RES-RQ3-U004","RES-RQ3-U004: Table 4.7 include_mixed composition medians for 10 categories (Document 79 … Wide column 11)","RES-RQ3-T001 table title is present: **Table 4.7. Reference composition of all DBMS subdomains (include_mixed)**; source table body and numeric cells present.","PASS","PASS","PASS / NOT_APPLICABLE","PASS","PASS","PASS","INFO","NO","ENGLISH_EDIT; triggers=R02-044; intended_semantic_change=NO; Title wording only; values and rows unchanged.; candidate target ID missing: RES-RQ3-T001(title); normalized source target id to the actual table marker RES-RQ3-T001."
"RES-RQ3-P003","RES-RQ3-U005","RES-RQ3-U005: Table 4.7 presents all 10 include_mixed category rows; category labels describe DBMS metadata, not RQ2c algorithmic communities; differences do not support inferences about project openness, task resolution or organisational capacity","RES-RQ3-P003:  Table 4.7 presents all 10 subdomains under `include_mixed`. The subdomain labels describe DBMS metadata rather than the algorithmic communities of RQ2c, and the descriptive differences do not support inferences about project openness, task resolution, or organizational capability.","PASS","PASS","PASS / NOT_APPLICABLE","PASS","PASS","PASS","INFO","NO","ENGLISH_EDIT; triggers=R02-044; intended_semantic_change=NO; B4 home kept."
"RES-RQ3-P005","RES-RQ3-U007","RES-RQ3-U007: In the table, external_reference_share is a frozen output field meaning non-self Reference share; comment_reference_density means Reference rows per issue/PR-related source entity; identifiers unchanged, mapping stated here","RES-RQ3-P005:  *Note.* Features are listed by their implementation field names; `external_reference_share` is the non-self Reference share, and `comment_reference_density` is the Reference-row density per issue/PR-related source entity (§3.4.1).","PASS","PASS","PASS / NOT_APPLICABLE","PASS","PASS","PASS","INFO","NO","ENGLISH_EDIT; triggers=R02-003;R02-028; intended_semantic_change=NO; ""frozen output field name"" removed; semantic mapping kept."
"RES-RQ3-P006","RES-RQ3-U009","RES-RQ3-U009: Out-degree example: include_mixed H=23.708, raw p=0.00479, FDR p=0.0132, η_H²=0.042; exclude_mixed_or_multilabel H=10.075, raw p=0.122, FDR p=0.223, η_H²=0.021; higher precision in result files; label handling changes the group-comparison outcome","RES-RQ3-P006:  Out-degree illustrates the pattern. Under `include_mixed`, the Kruskal–Wallis test gives \(H=23.708\), raw \(p=0.00479\), FDR-adjusted \(p=0.0132\), and \(\eta_H^2=0.042\); under `exclude_mixed_or_multilabel`, it gives \(H=10.075\), raw \(p=0.122\), FDR-adjusted \(p=0.223\), and \(\eta_H^2=0.021\). Higher-precision values are retained in the analysis outputs underlying Table 4.8. This contrast shows that the label mode changes the outcome of the group comparison.","PASS","PASS","PASS / NOT_APPLICABLE","PASS","PASS","PASS","INFO","NO","ENGLISH_EDIT; triggers=R02-003;R02-056; intended_semantic_change=NO; "
"RES-RQ3-P007","RES-RQ3-U010","RES-RQ3-U010: Project age at end-2023 is a cross-sectional attribute, not a time series; include_mixed H=33.095, raw p=0.000129, FDR p=0.00141, η_H²=0.069; exclude H=13.305, raw p=0.0384, FDR p=0.106, η_H²=0.038; subdomain age differences are also label-sensitive","RES-RQ3-P007:  #### 4.3.3 Project-Age Comparison and Interpretation Boundary  Project age at the end of 2023 is a cross-sectional attribute, not a time series. Under `include_mixed`, project age gives \(H=33.095\), raw \(p=0.000129\), FDR-adjusted \(p=0.00141\), and \(\eta_H^2=0.069\); under `exclude_mixed_or_multilabel`, it gives \(H=13.305\), raw \(p=0.0384\), FDR-adjusted \(p=0.106\), and \(\eta_H^2=0.038\). Higher-precision values are retained in the corresponding analysis outputs. Subdomain differences in project age are likewise sensitive to the label mode.","PASS","PASS","PASS / NOT_APPLICABLE","PASS","PASS","PASS","INFO","NO","ENGLISH_EDIT; triggers=R02-003;R02-056; intended_semantic_change=NO; "
"RES-RQ3-P008","RES-RQ3-U011","RES-RQ3-U011: RQ3 answer: Reference-composition metrics show no FDR-supported group differences in both label modes; some RefQ role, local-structure and project-age features pass only under include_mixed; no feature passes FDR in both modes; category labels are metadata, not Louvain communities, latent classes or causal mechanisms","RES-RQ3-P008:  In answer to RQ3, the Reference composition metrics show no FDR-supported between-subdomain differences under either label mode; some RefQ role, local-structure, and project-age features pass the FDR threshold only under `include_mixed`; and no feature passes FDR correction under both label modes. As noted above, the subdomain labels are metadata, not Louvain communities, latent classes, or causal mechanisms.","PASS","PASS","PASS / NOT_APPLICABLE","PASS","PASS","PASS","INFO","NO","ENGLISH_EDIT; triggers=R02-044;R02-045; intended_semantic_change=NO; Present tense for established findings; negative findings kept."
"DISC-P001","DISC-U001","DISC-U001: RefQ's empirical meaning lies not in reading GitHub References as code dependency or task resolution but in placing traceable fine-grained evidence within an explicit project-level construction boundary; RQ1 shows why eligibility and project mapping must precede project-level structure — evidence comes from discussion, external resources and internal contexts and cannot be folded directly into topology; RefQ complements package-dependency/code-call views by retaining explicit collaborative references","DISC-P001:  ## 5 Discussion  ### 5.1 Interpretive Significance of the Reference Quotient in Open-Source DBMS Ecosystems  Our results indicate that the empirical value of RefQ lies in placing traceable fine-grained Reference evidence within explicit project-level construction rules, rather than in reading GitHub References directly as code dependencies or task resolution. RQ1 shows why this placement matters: the observable evidence arises at the same time from collaborative discussion, external resources, and project-internal contexts, so it requires explicit eligibility and project-mapping rules before it can be read as project-level structure. RefQ thereby complements package-dependency and code-call views by retaining explicit collaborative references that those relation types do not directly encode.","PASS","PASS","PASS / NOT_APPLICABLE","PASS","PASS","PASS","INFO","NO","ENGLISH_EDIT; triggers=R02-018;R02-055; intended_semantic_change=NO; Positive proposition + one targeted ""rather than"" contrast."
"DISC-P002","DISC-U002;DISC-U010","DISC-U002: RQ2a–c distinguish three observation roles rather than repeating one metric: source activity, target coverage, first-order structural position; source/target asymmetry is the interpretation contract of the seed-centred observed graph, not a reporting detail; central positions and brokerage candidates are observed network positions, not project importance, governance effectiveness or causal knowledge-flow mechanisms || DISC-U010: RefQ is a traceable weak-semantic project-level structural relation: RQ1 constrains its evidence base, RQ2 gives role-based characterisation, RQ3 supports only bounded local comparison; algorithmic communities and brokerage candidates remain positions in the current view, not stable semantic communities, organisational mechanisms or causal conclusions","DISC-P002:  RQ2a, RQ2b, and RQ2c are valuable because they separate three observation roles instead of repeating one network metric. Source activity concerns which projects initiate references; target coverage concerns how many seed projects point to a target; and first-order structural position describes the local structure derived from direct RefQ relations. Because only the seeds are source-complete, the source/target asymmetry is a condition for interpreting the seed-centered observed graph rather than a reporting detail, and the direction-ignored view combines both roles under the same observation limits (§6.3). Central positions, algorithmic communities, and structural brokerage candidates therefore denote positions observed in this structural view, not stable semantic communities, project importance, governance effectiveness, or causal knowledge-flow mechanisms.","PASS","PASS","PASS / NOT_APPLICABLE","PASS","PASS","PASS","INFO","NO","ENGLISH_EDIT; triggers=R02-001;R02-018;R02-055; intended_semantic_change=NO; Measurement meaning of role asymmetry made explicit from existing observation contract (no new result); B4/B7/B9/B10 combined guard kept once; ""causal knowledge-flow mechanisms"" is an allowed explicit negative boundary."
"DISC-P003","DISC-U003","DISC-U003: RQ3 shows DBMS subdomain differences are local, metric-dependent and label-mode sensitive; supports retaining label-mode and metric-type boundaries when interpreting RefQ relations, not generalising category variation into an ecosystem-wide regularity","DISC-P003:  RQ3, in turn, indicates that differences between DBMS subdomains are confined to a subset of metrics, dependent on the metric, and sensitive to the label mode. This result supports treating the label mode and the metric type as explicit conditions when interpreting RefQ relations, rather than generalizing subdomain-level variation into a uniform regularity of the DBMS ecosystem as a whole.","PASS","PASS","PASS / NOT_APPLICABLE","PASS","PASS","PASS","INFO","NO","ENGLISH_EDIT; triggers=R02-014;R02-018; intended_semantic_change=NO; ""local"" -> ""confined to a subset of metrics""."
"DISC-P005","DISC-U005","DISC-U005: Formalisation lets observable and quotient-eligible evidence be tracked separately, roles be interpreted within their own boundaries, and project-level relations remain traceable to evidence; DBMS discussion contexts (specs, drivers, tool chains, test frameworks, implementation experience) give domain background; ""discussion-driven"" only describes concentration in discussion contexts and implies no collaboration culture, causal knowledge exchange or task-resolution mechanism","DISC-P005:  ### 5.2 Relation to Prior Work on OSS Reference Networks  The formalization makes three things separately trackable: observable evidence and quotient-eligible evidence (RQ1); the source role, the target role, and the first-order structural view, each within its own observation limits (RQ2a–RQ2c); and the trace path from each project-level relation back to the underlying Reference evidence. In the DBMS setting, external specifications, drivers, toolchains, test frameworks, and implementation experience discussed in collaboration contexts provide domain background for this evidence; its concentration in discussion contexts, however, describes only where the evidence occurs and implies no collaboration culture, causal knowledge exchange, or task-resolution mechanism.","PASS","PASS","PASS / NOT_APPLICABLE","PASS","PASS","PASS","INFO","NO","ENGLISH_EDIT; triggers=R02-001;R02-016;R02-055; intended_semantic_change=NO; Moved to open §5.2 with the measurement proposition; floating domain-background sentence given a role; T62 meaning restriction kept; ""causal knowledge exchange"" allowed negative boundary."
"DISC-P004","DISC-U004","DISC-U004: Prior direct project-reference aggregation, extraction/identity handling and quotient/coarsening vocabulary give empirical and mathematical precedents; the paper does not claim novelty for aggregation, direction, count weighting or generic coarsening, nor presents RefQ as replacing Reference Coupling; the bounded methodological contribution is formalising/reframing these operations as checkable eligibility, membership, aggregation, observation and interpretation contracts","DISC-P004:  In relation to prior work, these operations have clear precedents in direct project-reference aggregation [@blincoe2015ecosystems; @blincoe2019referencecoupling], Reference extraction and identity handling [@liu2022irel], and quotient/coarsening vocabulary [@loukas2019graphreduction; @sanchezgarcia2020quotientnetwork; @xiao2008networkquotients] (§2.5). The bounded methodological contribution of RefQ is to formalize and reframe these existing operations as a checkable construction and observation contract that covers eligibility, semantic membership, aggregation, observation, and interpretation, not to replace Reference Coupling or to introduce a generic graph-coarsening algorithm.","PASS","PASS","PASS / NOT_APPLICABLE","PASS","PASS","PASS","INFO","NO","ENGLISH_EDIT; triggers=R02-011;R02-016;R02-055; intended_semantic_change=NO; No-novelty repetition compressed to a precedent statement + pointer; six citation keys kept in the same three groups; ""not a replacement of Reference Coupling"" and ""bounded methodological contribution"" preserved."
"DISC-P005;DISC-P004","DISC-U004;DISC-U005","DISC-U004: Prior direct project-reference aggregation, extraction/identity handling and quotient/coarsening vocabulary give empirical and mathematical precedents; the paper does not claim novelty for aggregation, direction, count weighting or generic coarsening, nor presents RefQ as replacing Reference Coupling; the bounded methodological contribution is formalising/reframing these operations as checkable eligibility, membership, aggregation, observation and interpretation contracts || DISC-U005: Formalisation lets observable and quotient-eligible evidence be tracked separately, roles be interpreted within their own boundaries, and project-level relations remain traceable to evidence; DBMS discussion contexts (specs, drivers, tool chains, test frameworks, implementation experience) give domain background; ""discussion-driven"" only describes concentration in discussion contexts and implies no collaboration culture, causal knowledge exchange or task-resolution mechanism","DISC-P005:  ### 5.2 Relation to Prior Work on OSS Reference Networks  The formalization makes three things separately trackable: observable evidence and quotient-eligible evidence (RQ1); the source role, the target role, and the first-order structural view, each within its own observation limits (RQ2a–RQ2c); and the trace path from each project-level relation back to the underlying Reference evidence. In the DBMS setting, external specifications, drivers, toolchains, test frameworks, and implementation experience discussed in collaboration contexts provide domain background for this evidence; its concentration in discussion contexts, however, describes only where the evidence occurs and implies no collaboration culture, causal knowledge exchange, or task-resolution mechanism. || DISC-P004:  In relation to prior work, these operations have clear precedents in direct project-reference aggregation [@blincoe2015ecosystems; @blincoe2019referencecoupling], Reference extraction and identity handling [@liu2022irel], and quotient/coarsening vocabulary [@loukas2019graphreduction; @sanchezgarcia2020quotientnetwork; @xiao2008networkquotients] (§2.5). The bounded methodological contribution of RefQ is to formalize and reframe these existing operations as a checkable construction and observation contract that covers eligibility, semantic membership, aggregation, observation, and interpretation, not to replace Reference Coupling or to introduce a generic graph-coarsening algorithm.","PASS","PASS","PASS / NOT_APPLICABLE","PASS","PASS","PASS","INFO","NO","LOCAL_REORDER; triggers=R02-016; intended_semantic_change=NO; Within-subsection reorder: §5.2 opens with the measurement proposition (DISC-P005) before prior-work relation (DISC-P004)."
"DISC-P007","DISC-U007","DISC-U007: Bounded uses: screening source-active projects; identifying targets with broader coverage under seed-centred observation; locating bridge-like structural candidates; prioritising qualitative/manual review cases; organising explicit Reference evidence for ecosystem analysis; candidate level only — not project quality ranking, governance judgement or automated maintenance decisions","DISC-P007:  ### 5.3 Practical Implications and Boundaries of Use  RefQ can be used to screen source-active projects, identify target projects with broader coverage under seed-centered observation, locate bridge-like structural candidates, prioritize cases for qualitative or manual review, and organize explicit Reference evidence for software-ecosystem analysis. These uses remain at the candidate level and do not constitute project-quality rankings, assessments of governance effectiveness, or automated maintenance decisions.","PASS","PASS","PASS / NOT_APPLICABLE","PASS","PASS","PASS","INFO","NO","ENGLISH_EDIT; triggers=R02-051; intended_semantic_change=NO; "
"DISC-P009","DISC-U009;DISC-U010","DISC-U009: Three-layer synthesis (construction boundary → structural characterisation → domain comparison): RQ1 evidence-boundary support; RQ2a–c structural centre; RQ3 subdomain comparison and label-mode sensitivity; observation roles, operators and denominators are not interchangeable || DISC-U010: RefQ is a traceable weak-semantic project-level structural relation: RQ1 constrains its evidence base, RQ2 gives role-based characterisation, RQ3 supports only bounded local comparison; algorithmic communities and brokerage candidates remain positions in the current view, not stable semantic communities, organisational mechanisms or causal conclusions","DISC-P009:  ### 5.4 Synthesis across Research Questions and Interpretation Boundaries  Across the research questions, the results form three layers: construction boundary, structural characterization, and domain comparison. RQ1 provides evidence-boundary support by delimiting the conditions under which observable evidence enters project-level construction; RQ2a, RQ2b, and RQ2c form the structural empirical core, interpreting source activity, target coverage, and first-order undirected structural position, respectively; and RQ3 examines DBMS subdomain differences and their label-mode sensitivity. The observation roles, operators, and denominators of the three layers are not interchangeable. Together, these layers indicate that RefQ is a traceable, weak-semantic project-level structural relation: RQ1 constrains its evidence base, RQ2 provides a role-specific structural characterization, and RQ3 supports only a bounded comparison of subdomains.","PASS","PASS","PASS / NOT_APPLICABLE","PASS","PASS","PASS","INFO","NO","ENGLISH_EDIT; triggers=R02-014; intended_semantic_change=NO; "
"THREAT-P004","THREAT-U004","THREAT-U004: Internal: threats from extraction, entity validation, membership mapping/repository resolution and quotient construction; GitHub Docs describe autolink and PR–Issue syntax; IREL gives the rule framework; GH_CoRE uses rules, regex and API validation; may miss version numbers, short hashes, URL variants, dead links, implicit references or include ambiguous matches — a limitation of the method, not an empirical error rate from the docs; entity-type and membership errors propagate; automated events may amplify some types; aggregation loses artifact semantics","THREAT-P004:  ### 6.2 Internal Validity  Threats to internal validity arise mainly from Reference extraction, entity validation, membership mapping and repository resolution, and quotient construction. GitHub Docs describe the platform syntax and linking mechanisms of autolinked references and PR–issue linking [@githubdocs2026autolinked; @githubdocs2026linkingprissue], and IREL provides a rule framework for identifying references between GitHub projects [@liu2022irel]. On this basis, the GH_CoRE processing chain uses rules, regular-expression patterns, and the GitHub API to validate accessible objects. Rule-based extraction may still miss version numbers, short hashes, URL variants, dead links, or implicit references in natural language, and it may include ambiguous matches. We report these as limitations of our method, not as empirical false-positive or false-negative rates derived from the platform documentation. Errors in fine-grained entity typing and repository membership resolution propagate into RefQ relations, and automated events may amplify some Reference types. Finally, membership-induced aggregation makes project-level structure more analyzable at the cost of specific artifact semantics.","PASS","PASS","PASS / NOT_APPLICABLE","PASS","PASS","PASS","INFO","NO","ENGLISH_EDIT; triggers=R02-046; intended_semantic_change=NO; Syntax clarified; meaning fixed by A00B unchanged."
"THREAT-P005","THREAT-U005","THREAT-U005: Mitigation: text normalisation, reachability checks, attribute completion, upstream duplicate control and multiplicity checks, entity-type review, membership and construction checks; metric interpretation distinguishes referencing/referenced entities, self-reference, non-project references and RefQ relations; not framed as classifier validation; controls reduce but do not eliminate extraction and membership error; provenance supports review","THREAT-P005:  We mitigate these risks at three levels. For extraction, the processing chain applies text standardization, reachability checks, attribute completion, and upstream control of duplicated content and candidate matches. For membership and resolution, it reviews fine-grained entity types and checks membership mapping. For aggregation and interpretation, it checks the Reference-record multiplicity convention and the quotient-construction rules, and our metrics keep referencing entity types, referenced entity types, self-references, non-project external references, and project-mappable RefQ relations distinct. These quality controls reduce, but do not eliminate, extraction and membership-resolution errors, and the associated provenance and processing-chain records support re-examination.","PASS","PASS","PASS / NOT_APPLICABLE","PASS","PASS","PASS","INFO","NO","ENGLISH_EDIT; triggers=R02-023;R02-043; intended_semantic_change=NO; Controls grouped by risk; ""reduce, but do not eliminate"" kept; classifier caveat stated once in METH-P012."
"THREAT-P007","THREAT-U007","THREAT-U007: DBMS technical/maintenance context limits extrapolation to web frameworks, ML libraries, mobile apps or cloud-native infrastructure; systematic cross-domain differences need dedicated comparison; current RefQN is seed-centred: 294 seeds complete source observation, expanded targets not symmetric; findings are bounded to the OSS DBMS setting, not a complete GitHub network or universal OSS regularity","THREAT-P007:  The study also focuses on DBMS technical and maintenance contexts, which limits direct extrapolation of the results to projects such as web frameworks, machine-learning libraries, mobile applications, or cloud-native infrastructure; whether systematic cross-domain differences exist would require dedicated comparative studies. Our results are therefore bounded empirical findings in the studied open-source DBMS setting; they do not describe a complete GitHub ecosystem network or a general regularity of all OSS ecosystems.","PASS","PASS","PASS / NOT_APPLICABLE","PASS","PASS","PASS","INFO","NO","ENGLISH_EDIT; triggers=R02-049; intended_semantic_change=NO; "
"THREAT-P008","THREAT-U008;THREAT-U007","THREAT-U008: Observation/network-boundary validity: expanded targets enter because the 294 seeds reference them, not by independent source sampling; under the current observation contract seeds are source-complete and expanded targets source-incomplete, so missing/unobserved expanded-target source behaviour is not observed zero activity; metric validity depends on the declared population — RQ2a source-complete seeds, RQ2b observable targets, RQ2c direction-ignored first-order view; ignoring direction neither restores missing source observations nor turns the seed-centred network into a complete ecosystem network; design defines the boundary, which defines the scope of metric interpretation || THREAT-U007: DBMS technical/maintenance context limits extrapolation to web frameworks, ML libraries, mobile apps or cloud-native infrastructure; systematic cross-domain differences need dedicated comparison; current RefQN is seed-centred: 294 seeds complete source observation, expanded targets not symmetric; findings are bounded to the OSS DBMS setting, not a complete GitHub network or universal OSS regularity","THREAT-P008:  **Observation / network-boundary validity.** The RefQN is a seed-centered observed quotient network: under the observation contract, the 294 seed projects are source-complete, whereas expanded target projects are source-incomplete. Expanded targets enter the RefQN because the 294 seed projects reference them; they are not a project population obtained through independent source sampling, and their missing or unobserved source behavior cannot be interpreted as observed zero activity. Accordingly, the valid interpretation of each metric depends on its declared analysis population: RQ2a uses the source-complete seed population, RQ2b uses the observable target population, and RQ2c uses the direction-ignored structural view derived from first-order RefQ relations. Ignoring direction does not restore missing source observations, nor does it turn the seed-centered network into a fully observed software ecosystem network. The research design thus defines the observation boundary, which in turn sets the scope within which metric interpretations apply.","PASS","PASS","PASS / NOT_APPLICABLE","PASS","PASS","PASS","INFO","NO","ENGLISH_EDIT; triggers=R02-018;R02-047; intended_semantic_change=NO; Duplicated S1/S3 merged into one positive source-complete/source-incomplete statement; missing != observed zero, B3, population mapping, and not-independently-sampled all retained."
"THREAT-P009","THREAT-U009","THREAT-U009: Conclusion validity: statistical chain (descriptives, Spearman, Kruskal-Wallis, rank eta-squared, BH-FDR, two label-mode sensitivity); approximate betweenness uses a fixed 500-node sample and random seed so it only describes candidate positions in the current LCC; conclusions bounded to current data, mapping and observation boundary; non-significant results not written as support; local or descriptive differences not generalised","THREAT-P009:  ### 6.4 Conclusion Validity  Our statistical chain comprises descriptive statistics, Spearman cross-sectional association, the Kruskal–Wallis test, rank eta-squared (\(\eta_H^2\)), Benjamini–Hochberg FDR correction, and a sensitivity comparison under the two label modes `include_mixed` and `exclude_mixed_or_multilabel`. For structural brokerage, approximate betweenness depends on a fixed 500-node sample and a random seed, and it describes only candidate positions in the shortest-path structure of the LCC. All of these conclusions are bounded by the observed data, analysis mappings, and observation boundary; non-significant results are not reported as supporting evidence, and significant or descriptive differences confined to a subset of metrics are not extended to global regularities.","PASS","PASS","PASS / NOT_APPLICABLE","PASS","PASS","PASS","INFO","NO","ENGLISH_EDIT; triggers=R02-014;R02-018;R02-048; intended_semantic_change=NO; Two reasons separated (sampling dependence; candidate-position semantics); no third reason added."
"CONC-P002","CONC-U002","CONC-U002: Under seed-centred observation source and target roles are markedly asymmetric; the first-order undirected network is broadly connected, but the Louvain algorithmic partition is sensitive to the random seed; subdomain differences are local and label-mode sensitive rather than a cross-mode robust regularity","CONC-P002:  The empirical results show that, under seed-centered observation, source and target roles are markedly asymmetric; the first-order undirected network is broadly connected, but its Louvain algorithmic partition is sensitive to the random seed; and subdomain differences are confined to a subset of metrics and sensitive to the label mode rather than forming a uniform regularity that is robust across label modes.","PASS","PASS","PASS / NOT_APPLICABLE","PASS","PASS","PASS","INFO","NO","ENGLISH_EDIT; triggers=R02-014; intended_semantic_change=NO; Conclusion structure (R02-062) preserved."
"CONC-P005","CONC-U004","CONC-U004: Conclusions bounded by GitHub observability, Reference extraction, membership mapping, time window and statistical methods; future work: cross-year data, Reference semantic classification, node/edge deletion simulation, multi-source collaboration data, manual topic annotation of algorithmic communities to study structural evolution; shared-reference projection, QQ^T, Q^T Q or K=XΦX^T only as future second-order directions","CONC-P005:  Future work could combine multi-year data, semantic classification of references, node/edge deletion simulations, multi-source collaboration data, and manual thematic labeling of algorithmic communities to examine the structural evolution of the DBMS project-level RefQN; second-order relations such as shared-target, shared-source, and shared-reference projections remain future directions.","PASS","PASS","PASS / NOT_APPLICABLE","PASS","PASS","PASS","INFO","NO","ENGLISH_EDIT; triggers=R02-011;R02-012;R02-052; intended_semantic_change=NO; Second-order formulas named in words (formal expressions remain in Methods); all future directions preserved."
"METH-P011","METH-U013","METH-U013: Six-step pipeline: event ingestion and time boundary; text normalisation; candidate reference detection; object validation and attribute completion; normalised relation output with provenance; project-level preparation for admission, membership, eligibility and coarsening while keeping seed/expanded boundary","METH-P011:  1. **Historical event ingestion and time window**: read the persisted 2023 event records, retaining event repository identity and time fields; 2. **Text/content standardization**: apply rule-based preprocessing to content fields and candidate contexts; 3. **Candidate reference identification**: identify explicit or semi-structured traces such as cross-repository numbers, in-repository numbers, commit hashes, file paths, GitHub service links, and external URLs; 4. **Object validation and attribute completion**: check API reachability and validity for accessible objects, complete object attributes, and determine the fine-grained entity type; 5. **Standardized relation output**: output structured Reference rows that retain the relation type, source/target entity, event id/time, match metadata, and repository provenance; 6. **Project-level preparation**: provide aggregatable fields for subsequent source admission, unique membership, quotient eligibility, and membership-induced graph coarsening, while retaining the observation boundary between seed sources and expanded targets.","PASS","PASS","PASS / NOT_APPLICABLE","PASS","PASS","PASS","INFO","NO","ENGLISH_EDIT; triggers=R02-003;R02-018; intended_semantic_change=NO; "
"METH-P025","METH-U034","METH-U034: After repository/project resolution each entity in V_P maps to exactly one project; unresolved, uncertain or ambiguous entities are excluded unless uniquely disambiguated; eligible types (Issue, PR, Commit, Comment, FileChange, Repo); non-project external resources (standards, papers, Stack Overflow, plain URLs, some GitHub service resources) do not enter RefQN but stay in RQ1; EventAction metadata keep context and are not endpoints of Q; quotient acts on G_P^obs = G_R^obs[V_P]","METH-P025:  Non-project external resources that cannot be mapped to a repository, such as standards documents, papers, Stack Overflow pages, ordinary URLs, and some GitHub service resources, do not enter the project-level RefQN; they remain in the RQ1 analysis of fine-grained Reference behavior. EventAction and other event metadata preserve the triggering context and do not automatically become endpoints of \(Q\). The project-level quotient thus operates on \(G_P^{obs}=G_R^{obs}[V_P]\), or equivalently on the relation subgraph that retains only project-mappable Reference endpoints.","PASS","PASS","PASS / NOT_APPLICABLE","PASS","PASS","PASS","INFO","NO","ENGLISH_EDIT; triggers=R02-052; intended_semantic_change=NO; "
"METH-P040","METH-U058","METH-U058: analysis seed project: the 294 DBMS seeds included by §3.1.1 layered sample construction with frozen 2023 Reference evidence","METH-P040:  - **Analysis seed project**: one of the 294 DBMS seed projects included under the three-layer sample-construction procedure of §3.1.1 and with 2023 Reference evidence available for analysis;","PASS","PASS","PASS / NOT_APPLICABLE","PASS","PASS","PASS","INFO","NO","ENGLISH_EDIT; triggers=R02-003; intended_semantic_change=NO; "
"METH-P050","METH-U069","METH-U069: Metrics built by observation role so that source behaviour, target coverage and undirected structural position are not conflated into one notion of ""centrality""","METH-P050:  #### 3.4.2 Network Topology Metrics  We organize the project-level RefQN metrics by observation role, so that source behavior, target coverage, and undirected structural position are not conflated into a single notion of ""centrality"".","PASS","PASS","PASS / NOT_APPLICABLE","PASS","PASS","PASS","INFO","NO","ENGLISH_EDIT; triggers=R02-052; intended_semantic_change=NO; "
"METH-P058","METH-U077","METH-U077: Kruskal-Wallis across subdomains for composition, source/target role, local clustering, approximate betweenness and project age, reporting rank eta-squared η_H²; per feature keep categories with ≥5 non-missing observations; test only if ≥2 eligible categories; η_H² = (H−k+1)/(n−k), negative estimates truncated at 0 via max(0, …)","METH-P058: 3. **Between-subdomain comparison.** For Reference composition, RefQ source/target roles, local clustering, approximate betweenness, and project age, we use the Kruskal–Wallis test [@kruskal1952ranks] and report the rank eta-squared (\(\eta_H^2\)) effect size. For each feature, only categories with at least 5 non-missing observations for that feature are retained, and the test is computed only when at least two eligible categories exist. With test statistic \(H\), number of eligible groups \(k\), and total number of observations \(n\), \(\eta_H^2=(H-k+1)/(n-k)\); the implementation truncates negative estimates to 0 as `max(0, (H - k + 1) / (n - k))` [@tomczak2014effectsize].","PASS","PASS","PASS / NOT_APPLICABLE","PASS","PASS","PASS","INFO","NO","ENGLISH_EDIT; triggers=R02-018; intended_semantic_change=NO; "
"THREAT-P011","THREAT-U011","THREAT-U011: API visibility, rate limits, permissions and mutability of external resources may prevent byte-level reconstruction of every external object; reproduction means rebuilding analysis objects under the same field definitions and processing-chain contracts","THREAT-P011:  The object visibility, rate limits, and permission limits of the GitHub API, together with the mutability of external resources, may prevent future re-examination from reconstructing every external object byte for byte. Reproduction should therefore be understood as rebuilding the analysis objects under the same field definitions and processing-chain rules, without a guarantee that every external object remains available or semantically unchanged.","PASS","PASS","PASS / NOT_APPLICABLE","PASS","PASS","PASS","INFO","NO","ENGLISH_EDIT; triggers=R02-018; intended_semantic_change=NO; "
"AVAIL-P001","AVAIL-U001","AVAIL-U001: Uses public GitHub collaboration logs; GH_CoRE produces records, aggregate metrics and RefQN; an existing public relation/data release with Zenodo entry (DOI 10.5281/zenodo.18817348) is linked from the project README; Appendix A records reproducibility identity; the existing archive and the final replication package are not the same scope/version and must be reconciled before submission","AVAIL-P001:  ## 7 Data and Code Availability  This study uses observable data from public GitHub projects, including collaboration logs, issues, pull requests, commits, and comments, and generates Reference records, aggregate metrics, and the project-level RefQN with the GH_CoRE processing chain. A public relation/data release already exists, and the current project README provides its Zenodo archive entry (DOI: 10.5281/zenodo.18817348); Appendix A additionally records the reproducibility identity of the current scientific/supplemental package. The existing public data archive and the final replication package for submission are not the same in scope or version, and the correspondence between the Zenodo version and the finally frozen processed data, derived outputs, and reproducibility metadata still has to be checked before submission.","PASS","PASS","PASS / NOT_APPLICABLE","PASS","PASS","PASS","INFO","NO","ENGLISH_EDIT; triggers=R02-052; intended_semantic_change=NO; "
"AVAIL-P002","AVAIL-U002","AVAIL-U002: Within platform terms, privacy/licence limits and author permission, the archive may cover the DBMS project list and selection rules, processed Reference records or de-identified edge tables, RefQN node/edge tables, derived outputs and reproducibility metadata; raw user text, external links and mutable content are not unconditionally redistributed","AVAIL-P002:  Within the limits allowed by platform terms, privacy and licensing boundaries, and author confirmation, the public archive may include the list of DBMS projects and the selection rules, processed Reference records or de-identified edge tables, the node and edge tables of the project-level RefQN, derived analysis outputs, and the metadata and protocols needed for reproduction. No unconditional commitment is made to redistribute raw GitHub user-generated text, external links, or mutable platform content.","PASS","PASS","PASS / NOT_APPLICABLE","PASS","PASS","PASS","INFO","NO","ENGLISH_EDIT; triggers=R02-052; intended_semantic_change=NO; "
"ABS-P001","ABS-U001","ABS-U001: Abstract: cross-project explicit references beyond package/code dependency; lifting them to traceable project-level relations needs membership, aggregation and observation semantics; RefQ aggregates directed fine-grained references via artifact-to-project membership into weighted directed RefQN; 294 seeds; IssueComment main source carrier, external links main target; heterogeneous source scope and target coverage; first-order undirected view broadly connected but Louvain seed-sensitive; subdomain differences only in some role/local-structure metrics and vary with label handling; RefQ gives traceable project-level structural representation","ABS-P001:  ## Abstract  Explicit references in open-source software projects can record cross-project associations that lie beyond package dependencies and code calls. Lifting such fine-grained collaborative references to interpretable and traceable project-level relations, however, requires explicit semantics for project membership, aggregation, and observation. We introduce the Reference Quotient (RefQ), which aggregates fine-grained directed Reference relations into a weighted, directed, project-level Reference Quotient Network (RefQN) on the basis of artifact-to-project semantic membership. Using 294 open-source DBMS projects as source-side seeds, we analyze the composition of Reference evidence, project-level source and target roles, first-order undirected structural characteristics, and subdomain differences; because source behavior is observed completely for the seeds but not for the expanded targets they reference, source roles, target roles, and the direction-ignored view are interpreted separately. Results show that IssueComment is the main referencing carrier and that GitHub service and external links form the largest referenced-entity category. Projects differ markedly in their outgoing Reference scope and in the coverage they receive as targets. The first-order undirected view of the seed-centered observed RefQN is broadly connected, but its Louvain partition is sensitive to the random seed. Subdomain differences appear mainly in some network-role and local-structure metrics and vary with label handling. In the studied open-source DBMS setting, RefQ provides a traceable project-level structural representation of explicit references and can be used to characterize cross-project Reference roles and the organization of the resulting network.","PASS","PASS","PASS / NOT_APPLICABLE","PASS","PASS","PASS","INFO","NO","ENGLISH_EDIT; triggers=R02-005;R02-008;R02-010;R02-027;R02-053; intended_semantic_change=NO; ""mainly"" preserved; compact observation-asymmetry clause folded into the data sentence; ""external links are the main referenced objects"" -> ""GitHub service and external links form the largest referenced-entity category"" (no majority claim); ""can record""; final use bounded to studied DBMS setting; seed-centered qualifier on undirected view; no new numbers; no ""none robust"" clause."
"TITLE-P001","TITLE-U001","TITLE-U001: Title: from artifact-level references to project-level Reference Quotient networks; empirical study of the open-source DBMS ecosystem","TITLE-P001: # From Artifact-Level References to Project-Level Reference Quotient Networks: An Empirical Study of the Open-Source DBMS Ecosystem","PASS","PASS","PASS / NOT_APPLICABLE","PASS","PASS","PASS","INFO","NO","PROCESS_METADATA_COMMENT_ADDED; triggers=; intended_semantic_change=NO; Invisible HTML role comment (EN-R02 role, MS-R05 source, not promoted) inserted after the title comment; title text unchanged."
