project_id,undirected_degree,undirected_strength,local_clustering,betweenness_brokerage,community_id
60246359,359,1086.0,0.0023653537915687,0.1096036616113537,0
334274271,307,43595.0,0.0016393093610951,0.0900653925279902,6
17165658,310,2234.0,0.0039252531579496,0.0798060652369892,3
11225014,233,1734.0,0.0031078881160278,0.0783770523825827,2
453068084,317,2037.0,0.0029948488599608,0.0764347808839273,1
16563587,272,4257.0,0.0032287822878228,0.0715368059117939,7
6838921,188,1708.0,0.0066560473318921,0.0707821325908919,2
507775,157,2068.0,0.0067777233382328,0.0593237829955027,5
138754790,219,635.0,0.0033932386577855,0.0590711025647511,0
358917318,181,1449.0,0.0100675260896255,0.0553318079031865,1
166515022,186,1640.0,0.0097646033129904,0.0500848912273275,3
197814629,34,692.0,0.0338680926916221,0.0498676586463276,4
268163609,179,5015.0,0.0043939489046513,0.0432319549990842,1
156018,110,390.0,0.0035029190992493,0.0423373491154989,0
6934395,66,775.0,0.02004662004662,0.0383454410557775,8
190416463,24,96.0,0.0507246376811594,0.0360093474033373,7
422821402,100,983.0,0.0024242424242424,0.0355860320034638,2
208728772,117,437.0,0.0042735042735042,0.0319946276008287,17
41986369,145,1354.0,0.0081417624521072,0.0309297985799314,2
302827809,127,418.0,0.0104986876640419,0.0307173895847096,1
388946490,121,4748.0,0.0111570247933884,0.030337966939215,8
351806852,138,1802.0,0.0009520787051729,0.0295863813276271,10
150954997,119,627.0,0.0116792479703745,0.0283790708161515,2
619008516,42,49.0,0.0348432055749128,0.0279946497863604,0
75425073,69,839.0,0.000852514919011,0.0279134137301904,8
385634291,123,3721.0,0.0070638411302145,0.0277003984033744,2
5349565,71,1047.0,0.0229376257545271,0.0276665780852998,8
130688011,115,4192.0,0.005949656750572,0.0270945727624246,16
3786237,142,5017.0,0.0033962641094795,0.0260746526007304,4
546206616,86,767.0,0.0027359781121751,0.0248499292955652,15
23357588,21,550.0,0.0761904761904762,0.0242441312699247,4
19961085,125,314.0,0.0074838709677419,0.0240059885276696,3
341631350,95,680.0,0.0087346024636058,0.0230894908900883,5
23096959,32,440.0,0.0826612903225806,0.0228253716076626,7
49876476,118,240.0,0.0,0.0225442033110478,9
52855516,21,45.0,0.0714285714285714,0.0221538096910426,18
11008207,95,2380.0,0.0035834266517357,0.0220878098706467,14
7437073,78,486.0,0.0,0.0220826011060388,4
20587599,90,322.0,0.0157303370786516,0.0217440242646058,3
480217156,114,372.0,0.0125756870051234,0.0216636008587483,1
30449481,80,1850.0,0.0085443037974683,0.0215595773045057,13
9342529,62,889.0,0.0195663670015864,0.0211689327435844,5
911980,79,660.0,0.0,0.0210064929506057,0
20300177,32,244.0,0.0725806451612903,0.0209627993774486,4
114619105,131,652.0,0.0098649442160892,0.0209315668295056,3
6358188,118,392.0,0.0040562074460379,0.0207828233180542,4
99919302,71,182.0,0.0221327967806841,0.0191374158495211,7
11695619,91,1136.0,0.0,0.0187956651086051,4
51905353,28,201.0,0.1269841269841269,0.0186641639405513,7
927442,21,2200.0,0.0904761904761904,0.0181821998765725,11
105944401,95,268.0,0.012094064949608,0.018151387548038,11
660776503,83,135.0,0.0044078754040552,0.0161575046921665,10
724712,25,125.0,0.1233333333333333,0.0159607528951384,10
7691631,14,23.0,0.1098901098901098,0.015920776750837,14
48833910,71,585.0,0.0185110663983903,0.0156932961066808,2
44781140,51,210.0,0.0047058823529411,0.0154784682426764,11
198683574,57,344.0,0.0081453634085213,0.0145225087966772,2
77385607,88,2978.0,0.0065308254963427,0.0145033327242319,4
496817075,101,2029.0,0.0085148514851485,0.0136706904344891,1
86868560,43,355.0,0.0,0.0134785143240241,0
510607652,54,103.0,0.0013976240391334,0.0134044089955507,21
542714,50,141.0,0.0040816326530612,0.0133861626337316,13
206444,57,211.0,0.037593984962406,0.0133091556396519,3
357707809,116,2076.0,0.0091454272863568,0.0132432663227709,1
13124802,68,166.0,0.0127304653204565,0.0131197563523263,1
49412556,52,266.0,0.0158371040723981,0.0125026473459594,1
359952601,14,37.0,0.0989010989010989,0.0122084576341004,11
2524488,39,192.0,0.0094466936572199,0.0119435562799646,4
84240850,33,676.0,0.0075757575757575,0.0118835492888241,11
60377070,59,1589.0,0.0011689070718877,0.0117558483775881,18
95614931,58,1676.0,0.0,0.0115731241584839,20
189476904,10,271.0,0.0444444444444444,0.0112347885006778,16
192625955,16,81.0,0.0333333333333333,0.0112280348371129,2
1050944,46,97.0,0.0019323671497584,0.0112011925604877,4
543276238,26,39.0,0.0,0.0110383528950186,0
34533675,60,128.0,0.0073446327683615,0.0110220547115546,3
27522271,27,639.0,0.0626780626780626,0.0107955717456858,14
184286875,11,44.0,0.109090909090909,0.0104702278533015,16
79317191,49,88.0,0.0017006802721088,0.0100250358911819,19
3678731,10,409.0,0.0222222222222222,0.0092087696330682,8
4463453,19,312.0,0.0175438596491228,0.0091697661357822,1
31792824,10,21.0,0.1111111111111111,0.0090665944011983,5
206417,47,165.0,0.0,0.0088684571796936,12
1362490,15,154.0,0.0476190476190476,0.0086311101562168,12
29759715,16,38.0,0.0916666666666666,0.0086057300178776,0
41349039,39,1360.0,0.0161943319838056,0.008554619825908,14
1064563,25,869.0,0.07,0.0084631202363355,4
60075331,8,34.0,0.0,0.0084206121609738,8
5844474,23,160.0,0.0,0.0082654901378777,1
206424,33,61.0,0.0075757575757575,0.0082355088284645,9
2410676,13,192.0,0.0256410256410256,0.0082179344606303,1
81598961,15,28.0,0.1142857142857142,0.0081486021036161,0
94593596,39,288.0,0.0377867746288798,0.0079558547155116,2
158975124,42,307.0,0.0,0.00772489830926,4
18260583,18,85.0,0.0326797385620915,0.0076268408317056,3
613723,15,28.0,0.0095238095238095,0.0075125928440967,28
48617634,23,37.0,0.0,0.0074437457042383,30
160999,28,64.0,0.0238095238095238,0.0074209089653393,4
25780780,27,240.0,0.0,0.0073439532142868,25
19257422,41,463.0,0.0134146341463414,0.0073115895847554,18
6650539,31,48.0,0.0021505376344086,0.0072946116192823,13
168712350,13,29.0,0.0512820512820512,0.0072872317820286,0
133442384,2,3.0,0.0,0.0072438714212063,34
95817032,42,178.0,0.0,0.0072094251771811,24
20580498,11,58.0,0.1272727272727272,0.0071720979312911,2
2649214,43,180.0,0.0,0.0071372382568732,3
266444815,8,11.0,0.0,0.007094279976673,34
33745913,34,74.0,0.0089126559714795,0.0069830049750796,4
23247808,30,66.0,0.0022988505747126,0.0069490784785344,14
182849188,39,241.0,0.0472334682860998,0.0069278814090305,3
270858421,11,15.0,0.0,0.0068993845015142,15
148087762,21,1933.0,0.0,0.0068228658622989,29
298763623,40,111.0,0.0064102564102564,0.0068062693524546,0
24560307,16,90.0,0.0416666666666666,0.006653295908707,1
346976717,40,1980.0,0.0102564102564102,0.0065099746024892,20
27729907,18,520.0,0.065359477124183,0.0065043173132716,2
27729880,11,29.0,0.1636363636363636,0.0064053064456782,2
396856161,66,414.0,0.0065268065268065,0.0063963666884874,2
196353673,20,46.0,0.0,0.0062850433911355,4
90541149,32,40.0,0.0604838709677419,0.0061889397559356,0
192625525,12,461.0,0.0909090909090909,0.0061399758452158,1
276293034,28,76.0,0.0052910052910052,0.0060341101890614,9
187269923,2,5.0,0.0,0.0060276552650211,31
2045207,23,392.0,0.0395256916996047,0.0060060098194408,4
305513242,13,117.0,0.0,0.005878692355969,31
31315021,37,1858.0,0.0,0.0058780211630766,12
75821432,19,51.0,0.1695906432748538,0.0058610686750511,0
339993112,47,194.0,0.0046253469010175,0.0058264706629898,23
125824259,41,100.0,0.0048780487804878,0.0057693146451958,22
349627612,12,14.0,0.0151515151515151,0.0055656816863151,10
27522241,19,210.0,0.0467836257309941,0.0054467551244587,2
5695907,20,237.0,0.0526315789473684,0.0053661557418886,4
24494032,21,65.0,0.0476190476190476,0.0050102459962208,9
507829396,11,31.0,0.0363636363636363,0.004971049229939,2
664452562,12,29.0,0.0151515151515151,0.0049699701703072,7
442441933,12,186.0,0.0303030303030303,0.0049600789500651,1
114187903,37,147.0,0.045045045045045,0.0048601594071589,12
146459443,23,61.0,0.0,0.0048561677035638,15
31006158,8,13.0,0.0,0.0048145102390867,5
1917262,22,140.0,0.0043290043290043,0.0047003783121611,26
20929025,4,36.0,0.0,0.004661023640038,7
210716005,7,111.0,0.0,0.0045997038958465,13
20089857,25,280.0,0.0333333333333333,0.0045378305866233,12
12499251,11,69.0,0.1272727272727272,0.0043643722265795,1
456549280,24,42.0,0.0543478260869565,0.0043149895968998,0
607441698,24,85.0,0.0036231884057971,0.0040689352766694,15
11061773,6,229.0,0.0,0.0040090603767564,13
13310527,11,76.0,0.1636363636363636,0.0040060295767285,7
396867188,54,727.0,0.0090845562543675,0.0037877950645099,4
678214856,30,137.0,0.0436781609195402,0.0037870540014923,0
93163073,8,34.0,0.0714285714285714,0.0037747661570481,14
196057608,14,55.0,0.0769230769230769,0.0037634089365381,13
220186120,45,542.0,0.0,0.0036529452061889,2
52300938,7,12.0,0.0952380952380952,0.0036293260905755,0
215566462,9,66.0,0.0833333333333333,0.0035925655948124,2
19816070,30,76.0,0.0,0.0035872650439895,9
84458512,14,79.0,0.0329670329670329,0.0035518980855257,3
3370128,9,157.0,0.0555555555555555,0.0034341074935281,4
791522,11,30.0,0.0181818181818181,0.0034116905921308,28
13078968,11,42.0,0.0363636363636363,0.0033937921052338,4
606433492,38,79.0,0.0625889046941678,0.0033524450176377,0
141376301,26,88.0,0.0246153846153846,0.0033248065368499,12
47973088,15,48.0,0.0666666666666666,0.0032950412434318,4
149121954,11,43.0,0.2545454545454545,0.0032935129456134,5
49670957,19,31.0,0.0,0.0032913932283698,4
50647838,13,21.0,0.0128205128205128,0.0032626998105156,11
644742603,10,38.0,0.0222222222222222,0.0032548709895633,11
462329984,13,559.0,0.0641025641025641,0.0032256205515107,8
528766495,12,29.0,0.0151515151515151,0.003201831152044,12
67836789,14,680.0,0.1318681318681318,0.0032013206875539,1
449924556,12,487.0,0.0151515151515151,0.0031389901662382,19
4604367,13,188.0,0.0,0.0031333245414927,4
6452529,10,16.0,0.0,0.0031286814462583,18
44662669,7,19.0,0.238095238095238,0.0030746827496694,0
287743349,10,435.0,0.0444444444444444,0.0030496940857511,4
150013328,22,41.0,0.0129870129870129,0.0029389013250609,10
204033634,5,15.0,0.1,0.0029319247129099,7
714074,18,51.0,0.0,0.0029071109412032,25
20675635,11,46.0,0.3272727272727272,0.0028939898940236,8
198466472,23,106.0,0.0,0.0028734907740492,1
63809205,7,17.0,0.0,0.0028187213649986,5
184463891,7,11.0,0.0476190476190476,0.0027755985835351,3
310611,10,53.0,0.2,0.0027531385202625,4
372536760,38,48.0,0.0597439544807965,0.0026847837692302,0
1357199,12,64.0,0.0454545454545454,0.0026419308208991,1
91715647,6,24.0,0.0,0.0026342889410789,12
5683653,10,23.0,0.0888888888888888,0.0026320891233965,4
276042304,7,18.0,0.0,0.0026277520879835,1
260749683,6,11.0,0.0666666666666666,0.0026268221422739,1
27729926,11,340.0,0.1272727272727272,0.0025640665914671,4
552661142,5,27.0,0.0,0.002553606758852,15
7083240,8,16.0,0.1785714285714285,0.002511775553165,13
16189524,39,317.0,0.0,0.0024986022044552,4
201403923,5,8.0,0.0,0.0024729418828571,20
323389945,4,5.0,0.0,0.0024707729767255,0
3037907,10,49.0,0.0888888888888888,0.0024650324278247,4
45732002,16,236.0,0.0,0.0024335891903782,4
259445878,9,307.0,0.1111111111111111,0.0024227482952453,2
997338,8,161.0,0.0357142857142857,0.002409400355201,12
20473418,9,18.0,0.1666666666666666,0.0023931264121768,3
23086893,7,20.0,0.0952380952380952,0.0023762604204338,0
23088740,8,159.0,0.0357142857142857,0.0023545522050892,3
65600975,5,8.0,0.1,0.0023420393461968,5
7357595,3,5.0,0.0,0.002313953374158,0
23641816,6,13.0,0.0666666666666666,0.0023111891924834,0
50874442,26,2119.0,0.0,0.0023054040172732,11
257485422,7,154.0,0.0,0.0022745591293726,14
9120526,7,102.0,0.0952380952380952,0.0022729516924045,7
54005538,15,25.0,0.019047619047619,0.0022633725140133,0
574694308,16,48.0,0.0,0.0022050834110515,27
288487894,10,380.0,0.0666666666666666,0.0021701536662281,16
36439741,6,6.0,0.0,0.0021531126788439,15
28233924,6,35.0,0.1333333333333333,0.0021010443011117,2
581145740,22,242.0,0.0303030303030303,0.0020724189795133,0
27522282,13,117.0,0.0641025641025641,0.0020471243028515,2
52034309,6,98.0,0.0666666666666666,0.0020091583174528,2
184981,16,28.0,0.0,0.0020019640744683,2
33440467,2,5.0,0.0,0.0019839887854476,8
81227005,7,7.0,0.0476190476190476,0.0019794348057371,15
35440404,6,48.0,0.1333333333333333,0.0019772483372115,8
4524181,7,604.0,0.0952380952380952,0.0019595468302483,8
23315232,14,19.0,0.0,0.0019206186613748,19
574588439,18,50.0,0.065359477124183,0.0019156291271627,0
288485773,9,305.0,0.1111111111111111,0.0019127556297217,16
6247705,10,119.0,0.1777777777777777,0.0019074040157842,13
574877,8,74.0,0.2142857142857142,0.0018893939161528,4
501687,9,58.0,0.2222222222222222,0.0018727761096768,5
196414933,6,157.0,0.3333333333333333,0.0018674945206808,2
27576132,10,1026.0,0.1555555555555555,0.0018589103398523,2
510375115,40,572.0,0.0423076923076923,0.0018561141735115,1
639434928,13,95.0,0.0,0.0018062852328303,13
27522295,13,179.0,0.0641025641025641,0.0017945822109119,13
200299178,7,95.0,0.1428571428571428,0.0017899059945752,2
205262760,5,13.0,0.1,0.0017753751838189,2
420965027,23,45.0,0.0553359683794466,0.0017378652027297,1
7823926,15,204.0,0.1142857142857142,0.0017117652553683,2
551374215,16,24.0,0.0583333333333333,0.0016998617771825,0
200437066,5,24.0,0.1,0.001666800581449,6
80087836,21,122.0,0.0333333333333333,0.0016620311571233,14
4407129,10,33.0,0.0666666666666666,0.0016442635242135,0
192624594,10,160.0,0.1111111111111111,0.0016358076291052,2
520096046,15,30.0,0.0,0.0016016835690557,5
518164214,9,9.0,0.2222222222222222,0.0015723144189981,0
3788366,11,18.0,0.0,0.0015713387030816,33
2211243,6,12.0,0.0666666666666666,0.0015606008238683,0
176278485,8,15.0,0.0357142857142857,0.0015456045173944,26
192626254,7,32.0,0.0476190476190476,0.0015354681490568,1
187943341,4,23.0,0.1666666666666666,0.0015141050791564,7
39468142,7,91.0,0.1904761904761904,0.001497226213662,18
2604249,11,51.0,0.2909090909090909,0.0014789832236002,5
96431386,5,17.0,0.1,0.0014519050528827,15
55072677,10,28.0,0.0222222222222222,0.0014423729424793,14
13655949,5,17.0,0.0,0.001427555621155,0
56128733,17,34.0,0.0441176470588235,0.0014249638292926,12
34685800,7,86.0,0.0952380952380952,0.0014035134894783,4
197176365,5,44.0,0.0,0.0013982366429576,1
2755696,5,17.0,0.1,0.001391247138675,15
23418517,10,42.0,0.3777777777777777,0.0013859419128996,3
21193524,9,63.0,0.1111111111111111,0.001382860319082,3
2325298,8,10.0,0.2142857142857142,0.0013823663669361,0
363150,4,79.0,0.0,0.001331348833009,3
569041,4,57.0,0.1666666666666666,0.0013139908575725,0
302322,4,19.0,0.5,0.0013090082242299,5
661663226,12,294.0,0.0303030303030303,0.0013052825819225,27
23405758,11,13.0,0.0545454545454545,0.0012999732200673,5
158256479,9,182.0,0.4444444444444444,0.0012840156851482,3
1374129,12,24.0,0.0,0.0012690085164687,4
7502247,11,16.0,0.0,0.0012652623404384,9
17381605,3,5.0,0.0,0.0012565578071156,28
258933250,8,85.0,0.4285714285714285,0.001227389968716,1
195895847,9,13.0,0.0,0.0011984452179201,5
95247959,5,34.0,0.2,0.0011828027734981,4
13404515,6,9.0,0.1333333333333333,0.0011789510260312,4
35144191,7,41.0,0.5238095238095238,0.0011745588355535,3
32538871,9,124.0,0.1111111111111111,0.0011691819344467,4
242202166,8,194.0,0.1071428571428571,0.0011486027384727,2
302670797,5,11.0,0.0,0.0011484230566419,7
15500883,8,163.0,0.0357142857142857,0.0011361046337859,1
92329433,10,16.0,0.0,0.0011232838593867,26
344711168,11,733.0,0.0,0.0011225471629457,2
283325,10,99.0,0.0,0.0011035621447643,4
295544240,10,60.0,0.0888888888888888,0.0011011837128357,1
21251069,2,2.0,0.0,0.0010999370921571,8
137869753,9,20.0,0.0,0.0010999075869429,1
15045751,6,6.0,0.0666666666666666,0.0010861019026677,17
20675636,7,35.0,0.3333333333333333,0.0010700887173156,3
605020435,3,6.0,0.0,0.0010557258573178,0
56894212,5,5.0,0.2,0.0010376876938123,13
209881172,2,11.0,0.0,0.001030135412516,5
10637896,8,129.0,0.1428571428571428,0.001029037600069,4
7083242,4,12.0,0.0,0.0009945163864001,2
195619075,12,2493.0,0.0,0.0009923908015582,32
205564111,5,610.0,0.0,0.0009846862866436,29
2544305,7,60.0,0.0476190476190476,0.0009810166337607,6
4950187,11,153.0,0.0181818181818181,0.0009688410782501,4
1148753,9,38.0,0.0277777777777777,0.0009666451657529,4
305438763,3,7.0,0.0,0.0009663837279995,0
206459,6,11.0,0.2666666666666666,0.0009646343929342,3
45721011,5,27.0,0.3,0.0009607337708497,1
35700771,6,131.0,0.0666666666666666,0.0009471619509621,3
22475123,8,8.0,0.0,0.0009448851612697,0
679889516,7,9.0,0.0,0.0009428032218489,8
2606873,7,44.0,0.0,0.0009276045933055,1
241092383,7,425.0,0.1904761904761904,0.0009172476097437,16
180687624,3,3.0,0.0,0.0009141257308534,13
27954927,7,61.0,0.0476190476190476,0.0009128142550836,4
108110,7,21.0,0.0,0.0009100562390067,2
680247452,4,24.0,0.1666666666666666,0.000901556609864,11
10746583,6,58.0,0.2666666666666666,0.0008888084483902,3
252650176,7,26.0,0.1904761904761904,0.0008886969134516,7
299510783,4,8.0,0.1666666666666666,0.000885609342888,1
63749548,3,3.0,0.0,0.0008682446212739,9
177139928,6,34.0,0.1333333333333333,0.0008658451268156,1
473235285,12,36.0,0.0454545454545454,0.000839926749244,13
2888818,10,94.0,0.1777777777777777,0.0008293311240521,3
283187,8,41.0,0.1428571428571428,0.0008280173870595,4
534354967,9,65.0,0.1388888888888889,0.0008163020608748,1
68312233,3,51.0,0.0,0.0008083379915631,0
358917250,11,726.0,0.2181818181818181,0.0007994829959551,1
393235957,7,8.0,0.1428571428571428,0.0007932232352722,1
832680,11,444.0,0.0545454545454545,0.0007905389049819,4
46234189,4,43.0,0.1666666666666666,0.0007892090209041,32
4254338,7,28.0,0.0,0.0007859420814512,5
18351848,6,6.0,0.0,0.0007856693515408,3
87414843,6,7.0,0.0,0.0007856693515408,0
501159254,2,2.0,0.0,0.0007856693515408,22
165536154,3,19.0,0.0,0.0007845486643646,13
87859908,5,40.0,0.0,0.0007823002633595,4
32873313,4,6.0,0.1666666666666666,0.0007773330696128,0
2883574,3,5.0,0.0,0.0007677772186088,1
32741886,5,31.0,0.0,0.0007436366521091,14
106310,6,49.0,0.2,0.0007415014542156,1
159271175,5,107.0,0.0,0.0007115287485803,12
58707550,5,36.0,0.3,0.0007064830249973,10
18765044,5,52.0,0.3,0.0007029100919454,2
3038937,6,23.0,0.3333333333333333,0.0006880415944269,3
28366058,6,623.0,0.1333333333333333,0.0006880079857006,14
95098170,3,13.0,0.3333333333333333,0.0006813594097639,2
146327667,6,7.0,0.2,0.0006809347166752,1
84517704,8,133.0,0.1428571428571428,0.0006743606282159,16
132145189,7,98.0,0.3333333333333333,0.0006738283415768,2
607289185,3,3.0,0.0,0.0006734251221139,19
37326770,8,128.0,0.1785714285714285,0.0006697626899906,2
57912964,3,13.0,0.0,0.0006677106035501,2
55185530,3,3.0,0.0,0.0006578229090094,0
17224514,6,16.0,0.0,0.000657254614284,9
22684655,4,24.0,0.0,0.0006555716136488,20
29261473,4,10.0,0.1666666666666666,0.0006468133029453,0
513542067,8,12.0,0.1071428571428571,0.0006427357431401,10
49401416,7,23.0,0.0,0.0006424993067504,1
15111821,6,45.0,0.2,0.0006387439316865,2
1303538,2,3.0,0.0,0.0006320778444167,0
9074548,6,9.0,0.0,0.0006286170059163,4
496505424,5,7.0,0.0,0.0006285354812326,22
511030127,5,13.0,0.0,0.0006285354812326,3
50140860,4,37.0,0.0,0.000613802157466,4
478288303,12,86.0,0.0,0.0006128817245185,1
6207167,12,1110.0,0.0303030303030303,0.000609390597329,4
186765948,5,20.0,0.1,0.0006088340491473,4
39840932,5,74.0,0.2,0.0006074286662659,17
177210627,4,24.0,0.0,0.0006057932652998,16
30618733,3,4.0,0.0,0.0006018485736313,3
163883279,3,3.0,0.0,0.0005996978020053,10
172750723,4,17.0,0.1666666666666666,0.0005953505409776,6
7634677,6,10.0,0.1333333333333333,0.0005940989266555,0
185861173,4,158.0,0.5,0.0005917007995245,2
4542716,4,5.0,0.0,0.0005897695954795,0
206371,7,134.0,0.0952380952380952,0.0005867429600362,4
105088940,3,1054.0,0.3333333333333333,0.0005743633441351,5
6093316,4,120.0,0.0,0.0005725614629833,13
11171548,2,2.0,0.0,0.0005707466408527,0
307213173,4,15.0,0.0,0.000569314887869,15
301573344,3,7.0,0.0,0.0005678259217121,4
26850443,6,18.0,0.3333333333333333,0.0005642824010041,16
29102367,8,188.0,0.0714285714285714,0.0005640479594105,4
61153677,12,44.0,0.0757575757575757,0.0005605725518607,14
286108332,4,7.0,0.0,0.0005569593398351,2
113678408,11,235.0,0.0181818181818181,0.0005554158711439,4
113678112,9,47.0,0.0,0.0005537483544851,4
151619717,3,3.0,0.0,0.0005467573645994,15
187086161,6,402.0,0.2666666666666666,0.0005427946772886,2
10320116,7,17.0,0.238095238095238,0.0005401740100125,2
39464018,4,8.0,0.3333333333333333,0.0005357888285894,3
79901405,5,11.0,0.0,0.0005322381967302,5
35698342,6,34.0,0.1333333333333333,0.000531213213309,4
6296790,7,40.0,0.0,0.0005299942498849,4
204020546,2,25.0,0.0,0.0005272415906816,8
36891867,2,3.0,0.0,0.0005272415906816,14
19641638,3,5.0,0.3333333333333333,0.000520946173577,4
78870047,4,17.0,0.0,0.0005156560200554,0
537800,8,482.0,0.1071428571428571,0.0004989543502767,18
177727591,6,35.0,0.1333333333333333,0.0004988289179821,2
27096595,7,402.0,0.3809523809523809,0.0004981289098686,2
22711503,9,10.0,0.1111111111111111,0.0004979963221957,0
3060959,8,398.0,0.0357142857142857,0.0004884941538086,14
259542436,6,245.0,0.0,0.000486985836747,17
96004375,4,53.0,0.0,0.0004848711181251,2
1725199,3,4.0,0.0,0.0004839658583719,24
186899882,3,11.0,0.3333333333333333,0.0004838906377545,0
554411496,2,7.0,0.0,0.0004826240333804,0
21985130,5,34.0,0.0,0.0004814281009953,3
30753733,8,71.0,0.1428571428571428,0.0004760438989978,9
865412,5,5.0,0.0,0.0004723858747715,0
453191009,5,10.0,0.1,0.0004714016109244,14
266515876,4,5.0,0.0,0.0004714016109244,0
291675222,4,23.0,0.0,0.0004714016109244,22
316690542,4,6.0,0.0,0.0004714016109244,0
432844875,4,8.0,0.0,0.0004714016109244,10
2744972,2,48.0,0.0,0.0004699411871611,13
192925833,4,13.0,0.1666666666666666,0.0004671144792155,7
560704231,4,4.0,0.0,0.000466441348818,15
220391287,4,160.0,0.0,0.000465660627656,4
192958794,2,2.0,0.0,0.0004594322484407,12
290227969,3,3430.0,0.0,0.0004588577653511,20
2944302,9,19.0,0.0,0.0004561036681543,12
100758341,4,16.0,0.1666666666666666,0.0004535244361104,1
94911145,3,12.0,0.0,0.0004532985898439,4
6731432,4,11.0,0.0,0.0004497522322253,32
1625986,3,4.0,0.3333333333333333,0.0004438444201449,3
348845699,2,3.0,0.0,0.000443526174852,3
18210201,5,161.0,0.2,0.0004374576684285,1
11939484,6,145.0,0.0,0.0004344555858434,12
27146054,6,74.0,0.1333333333333333,0.000434098581222,2
125234630,7,16.0,0.0952380952380952,0.0004327012045868,13
120538653,7,227.0,0.3333333333333333,0.0004322041644059,1
111860063,2,7.0,0.0,0.0004287793332976,0
233147271,2,39.0,0.0,0.0004287793332976,0
22266795,4,27.0,0.0,0.0004286397711135,4
40736127,3,3.0,0.3333333333333333,0.0004227476977352,12
95143992,3,4.0,0.0,0.0004223202927208,11
32193707,3,15.0,0.0,0.0004221595062412,10
206483,5,203.0,0.3,0.0004168889045834,4
3698588,5,50.0,0.2,0.0004023757725642,7
17170044,2,113.0,0.0,0.0004014741008767,4
174204333,2,2.0,0.0,0.0003998223122025,0
584946477,2,2.0,0.0,0.0003998223122025,0
18192493,2,3.0,0.0,0.0003985685727073,6
5099453,2,5.0,0.0,0.0003985685727073,6
23206290,6,193.0,0.2666666666666666,0.0003951405862836,4
30072532,3,10.0,0.0,0.0003888893020352,4
78234185,5,12.0,0.0,0.0003862777716257,2
70107786,3,10.0,0.0,0.0003850325699392,10
5870069,5,33.0,0.3,0.000382249656652,0
18369373,5,26.0,0.2,0.0003807820237451,2
11599760,5,36.0,0.1,0.000376736993884,10
2928948,5,196.0,0.4,0.0003740416771335,6
51620247,5,130.0,0.0,0.0003722081191869,13
459025965,6,55.0,0.2666666666666666,0.000369786459356,1
14509169,3,5.0,0.3333333333333333,0.0003691011843474,5
22234992,2,2.0,0.0,0.0003687126076242,2
27890669,8,102.0,0.3571428571428571,0.000363773661127,1
12574344,5,46.0,0.1,0.000362122928909,18
421101922,3,53.0,0.0,0.0003601812599618,2
104231541,3,8.0,0.0,0.0003591670257974,3
335342,4,54.0,0.5,0.0003560616149192,6
36817457,3,3.0,0.0,0.0003551903406621,19
28352089,6,75.0,0.2666666666666666,0.0003545353798238,2
56729247,6,35.0,0.0666666666666666,0.0003541925648611,4
57160728,4,6.0,0.0,0.0003537856032489,1
22844864,2,2.0,0.0,0.0003531599596909,11
512901698,6,30.0,0.2,0.0003504511828249,1
70676032,3,5.0,0.0,0.0003495538830526,1
14173176,4,26.0,0.0,0.0003475689314712,3
858127,4,56.0,0.3333333333333333,0.0003462991520487,3
18128548,5,77.0,0.1,0.0003443813333373,4
28710753,4,26.0,0.5,0.0003407159263558,12
36502,3,18.0,0.0,0.0003402339488918,11
5174103,5,16.0,0.3,0.0003397286301579,3
22938893,3,30.0,0.0,0.0003394202760642,7
125266328,3,190.0,0.0,0.0003391035036074,12
7056202,3,8.0,0.0,0.0003381943337766,8
27051771,6,15.0,0.0666666666666666,0.0003361331107696,2
96237042,5,21.0,0.4,0.0003267704515582,2
88674404,3,5.0,0.3333333333333333,0.0003259714840296,2
3407114,3,13.0,0.0,0.0003254270460151,4
11380094,5,12.0,0.0,0.0003246984559855,29
207663235,5,6.0,0.1,0.0003228287483182,0
141339868,4,604.0,0.1666666666666666,0.0003223848577798,7
22360263,8,104.0,0.25,0.0003218800198155,1
15510677,2,5.0,0.0,0.0003199576420728,1
14812739,3,6.0,0.0,0.000317732867127,0
715605,4,28.0,0.1666666666666666,0.0003163407486296,4
27193779,2,3.0,0.0,0.0003149324329237,8
628503457,4,5.0,0.0,0.0003149109908476,15
441299511,6,8.0,0.0,0.000314744402258,1
113678874,9,42.0,0.0,0.0003145946098086,4
385356389,3,5.0,0.0,0.0003142677406163,0
64404140,3,8.0,0.0,0.0003142677406163,2
91593042,3,4.0,0.0,0.0003142677406163,32
20537104,3,4.0,0.0,0.000313639205135,7
7561862,3,3.0,0.0,0.000313639205135,2
33816473,6,323.0,0.0666666666666666,0.0003110499171322,4
73235061,12,150.0,0.0,0.0003090295794471,4
93290292,6,26.0,0.2,0.000309019422388,3
263727855,3,9.0,0.3333333333333333,0.0003089398809353,1
71133469,4,2335.0,0.0,0.000306413149396,32
204671232,2,7.0,0.0,0.0003045814147453,0
393499763,2,2.0,0.0,0.0002990951625593,14
435375021,5,39.0,0.7,0.0002965732655838,8
31976266,5,7.0,0.0,0.0002934106747665,4
574428026,4,6.0,0.0,0.0002930889660276,0
19608522,6,129.0,0.3333333333333333,0.0002920676325018,2
25777459,4,100.0,0.0,0.0002886895902576,1
908607,3,11.0,0.3333333333333333,0.0002874862188386,3
14367737,7,297.0,0.1428571428571428,0.0002865525363624,1
17372733,2,2.0,0.0,0.0002830710409453,17
113678857,8,386.0,0.0714285714285714,0.0002827173849563,4
30676648,4,145.0,0.1666666666666666,0.0002806836416999,4
354090893,3,2043.0,0.3333333333333333,0.0002765110125684,6
210997817,9,19.0,0.0,0.0002747405995748,1
16916235,2,4.0,0.0,0.0002713826870884,0
49401134,3,3.0,0.6666666666666666,0.0002685440398339,0
167499157,3,87.0,0.3333333333333333,0.0002680811738758,2
31197250,5,8.0,0.1,0.0002664452489643,19
606125384,7,38.0,0.0,0.0002619809377986,4
3320710,6,89.0,0.3333333333333333,0.0002615050401176,1
206686299,17,216.0,0.0,0.0002611533532789,4
33832372,6,227.0,0.1333333333333333,0.0002596265734488,1
29326047,3,105.0,0.0,0.0002589247351858,1
91151442,5,37.0,0.2,0.0002586184326239,1
27483832,4,6.0,0.5,0.0002546911811355,2
92969352,3,8.0,0.0,0.0002542192557039,16
71823870,4,7.0,0.3333333333333333,0.0002508734750749,17
206341,6,71.0,0.0,0.0002502872449168,4
53548867,3,3.0,0.3333333333333333,0.0002491465024199,3
50904245,4,7.0,0.3333333333333333,0.0002457155463599,5
113100288,3,4.0,0.0,0.0002443900033578,20
206402,4,7.0,0.3333333333333333,0.0002386494770577,18
165289175,5,17.0,0.1,0.0002361884968512,1
82552640,2,3.0,0.0,0.0002355051668566,1
52507351,6,9.0,0.0666666666666666,0.0002335999241261,4
16907502,3,22.0,0.0,0.0002331723471697,18
8507859,3,107.0,0.0,0.0002329260621377,7
62117812,5,6.0,0.0,0.000231191067946,4
624131986,2,3.0,0.0,0.0002276663997744,0
17359057,5,16.0,0.1,0.0002265144378972,4
50594316,3,4.0,0.0,0.000226344607204,12
24130045,4,4.0,0.1666666666666666,0.0002223571482694,1
124802455,4,65.0,0.1666666666666666,0.0002151549020263,1
45226685,5,69.0,0.3,0.0002127825745166,2
438112499,2,5.0,0.0,0.0002116452995407,2
18106269,4,9.0,0.1666666666666666,0.0002110323149923,0
159005377,2,3.0,0.0,0.0002077514993388,2
94702898,5,144.0,0.3,0.0002046543125696,1
523043277,3,3.0,0.3333333333333333,0.0002043805546062,15
46089560,4,10.0,0.0,0.0002013614180078,14
32238354,2,4.0,0.0,0.0002007338604352,25
31180321,3,3.0,0.3333333333333333,0.0001994080606856,7
1680733,5,40.0,0.0,0.0001969547625754,4
449091292,3,15.0,0.3333333333333333,0.0001967746017529,1
26658897,4,10.0,0.0,0.0001961104288133,13
60111626,5,102.0,0.2,0.0001959774228461,4
511691380,3,63.0,0.0,0.0001930737822,15
118668940,2,2.0,0.0,0.0001921997080891,0
37346186,2,2.0,0.0,0.0001919821612131,0
55626935,2,2.0,0.0,0.0001919821612131,0
54980593,3,30.0,0.0,0.0001902470443715,12
17812502,4,37.0,0.0,0.0001899402267774,6
11125589,2,2.0,0.0,0.0001885574923503,4
380971085,2,2.0,0.0,0.0001880401039095,4
108979839,2,11.0,0.0,0.000185029086204,2
212936374,5,137.0,0.1,0.0001847177540017,1
31288958,4,52.0,0.3333333333333333,0.0001844751828213,2
72889410,3,16.0,0.0,0.0001844394683361,5
434708679,2,234.0,0.0,0.0001840354179127,27
35697461,5,26.0,0.1,0.0001834330329015,4
347277349,2,4.0,0.0,0.0001824564097762,1
113678133,6,51.0,0.0,0.0001822932024517,4
30828052,2,2.0,0.0,0.0001819648127879,21
13624859,2,17.0,0.0,0.0001813554280036,13
186332888,8,26.0,0.0,0.000180882508856,2
232539879,4,43.0,0.5,0.0001797392870436,2
6818061,5,245.0,0.0,0.0001794436783426,4
2328181,3,3.0,0.0,0.0001790526112936,12
298328,3,12.0,0.0,0.0001788927675826,4
365244061,4,12.0,0.3333333333333333,0.0001779340599034,5
501776658,4,20.0,0.1666666666666666,0.0001777114907802,1
8039659,5,6.0,0.0,0.0001772872698909,4
91074692,3,4.0,0.3333333333333333,0.0001770081291774,7
17527989,3,3.0,0.0,0.0001747854125377,10
198350484,2,2.0,0.0,0.0001734654183649,5
10416648,4,6.0,0.1666666666666666,0.00017342161497,3
53311716,3,126.0,0.3333333333333333,0.0001721317533225,2
454981666,7,75.0,0.0,0.000172079948023,2
252745692,2,2.0,0.0,0.000170878549354,2
38829639,5,54.0,0.3,0.0001707841533974,3
20773773,2,6.0,0.0,0.0001702005681715,2
19330466,3,5.0,0.0,0.0001697760392064,8
528342545,5,64.0,0.3,0.0001692597141787,16
745749,4,37.0,0.1666666666666666,0.0001687982617125,20
94262864,6,116.0,0.3333333333333333,0.0001676957069445,1
9433979,2,2.0,0.0,0.0001664799293987,13
7730829,3,40.0,0.0,0.0001656281294426,12
11654790,3,5.0,0.0,0.0001651939847682,13
67006105,3,3.0,0.0,0.0001642228055647,1
19873619,2,6.0,0.0,0.0001634694388365,0
113677984,7,86.0,0.0,0.0001624113577946,4
187523334,4,4.0,0.1666666666666666,0.0001622705474734,0
19953044,3,5.0,0.0,0.0001616015859222,14
2651432,4,8.0,0.6666666666666666,0.0001615310845189,0
627720881,2,2.0,0.0,0.0001609820123615,4
162869571,2,2.0,0.0,0.0001599282378726,0
20188259,4,40.0,0.1666666666666666,0.0001581026333645,1
411979983,7,41.0,0.0,0.0001577302363067,19
222887140,2,5.0,0.0,0.0001571338703081,2
34839383,2,2.0,0.0,0.0001571338703081,3
37285717,2,6.0,0.0,0.0001571338703081,3
41058054,2,2.0,0.0,0.0001571338703081,7
49244766,2,3.0,0.0,0.0001571338703081,4
57401138,2,2.0,0.0,0.0001571338703081,0
5761553,2,10.0,0.0,0.0001571338703081,0
664816265,2,2.0,0.0,0.0001571338703081,2
67904342,2,3.0,0.0,0.0001571338703081,0
722854801,2,2.0,0.0,0.0001571338703081,1
52420005,2,4.0,0.0,0.0001568196025675,0
596892,5,18.0,0.0,0.0001566244908037,14
6148317,3,6.0,0.6666666666666666,0.0001560592179472,2
20275545,5,20.0,0.0,0.0001558296882455,18
85504501,4,4.0,0.0,0.0001547602930047,9
658518,2,6.0,0.0,0.0001521675959744,20
33258973,4,9.0,0.1666666666666666,0.0001521115927927,18
40395126,2,2.0,0.0,0.0001520700813576,24
216797458,2,19.0,0.0,0.0001509357934674,1
490359003,2,3.0,0.0,0.0001509357934674,1
12488647,3,40.0,0.0,0.0001494511826275,4
609056915,2,2.0,0.0,0.0001489973200094,0
468576060,2,6.0,0.0,0.0001486767820134,15
50565430,2,22.0,0.0,0.0001484909669392,7
412240914,4,101.0,0.1666666666666666,0.0001479390541104,1
367429065,5,8.0,0.3,0.000147755772916,2
198616978,2,2.0,0.0,0.0001470683889111,19
26002040,2,3.0,0.0,0.0001465975014727,6
49442815,2,60.0,0.0,0.0001465975014727,6
6503675,3,49.0,0.3333333333333333,0.0001464649115076,2
156939672,2,9.0,0.0,0.0001463054802189,15
139969620,2,2.0,0.0,0.0001458845978093,4
221058575,4,68.0,0.5,0.0001452580223898,1
201517171,6,209.0,0.3333333333333333,0.0001445562185148,1
178576091,4,5.0,0.5,0.0001392220955641,7
412132838,2,9.0,0.0,0.0001386544151542,10
1756350,5,19.0,0.1,0.0001382894554812,4
49662222,4,30.0,0.0,0.0001378168685797,9
96382888,5,35.0,0.1,0.0001371796717515,1
14125254,3,19.0,0.3333333333333333,0.0001364241148272,2
75744278,2,18.0,0.0,0.0001359207176621,2
88962042,3,15.0,0.0,0.0001350810275412,4
20078379,2,2.0,0.0,0.0001349099347499,0
113678275,8,28.0,0.0,0.0001345365540828,4
63421322,4,31.0,0.8333333333333334,0.0001342600849348,0
11309795,2,7.0,0.0,0.0001341830695315,5
521438915,2,2.0,0.0,0.0001341033597416,3
12682522,3,5.0,0.3333333333333333,0.0001329849417795,5
119439276,3,15.0,0.0,0.0001294950668799,4
317940258,2,9.0,0.0,0.0001290500254861,11
41473746,4,40.0,0.1666666666666666,0.0001287868398651,16
47671127,2,5.0,0.0,0.0001270948974102,0
35894511,5,260.0,0.1,0.000126447542424,1
376951839,2,2.0,0.0,0.0001257486325533,2
374927,2,15.0,0.0,0.0001245277168245,12
9524057,3,7.0,0.3333333333333333,0.0001223314529113,11
30405191,3,14.0,0.3333333333333333,0.0001222751821099,0
31339163,4,64.0,0.1666666666666666,0.0001187195451002,3
22531552,3,127.0,0.3333333333333333,0.0001182275334173,16
68964263,3,12.0,0.3333333333333333,0.0001174461622687,2
126412363,3,10.0,0.3333333333333333,0.0001169988383395,8
48714685,2,2.0,0.0,0.0001154627806381,2
407242578,2,408.0,0.0,0.0001140038240706,1
8514,3,4.0,0.6666666666666666,0.0001138560707358,2
32097112,2,3.0,0.0,0.0001114726661033,6
11481074,2,6.0,0.0,0.0001111421534215,7
172104891,2,3.0,0.0,0.0001111421534215,1
618492,2,3.0,0.0,0.0001111421534215,1
113678093,3,22.0,0.0,0.0001105070643386,4
5663857,4,130.0,0.0,0.0001102140017806,4
253290187,4,35.0,0.1666666666666666,0.0001097736120847,1
52115335,4,11.0,0.5,0.0001086737431985,1
113678153,4,39.0,0.0,0.0001085943241305,4
5909706,2,5.0,0.0,0.0001081574251365,0
65214191,2,2.0,0.0,0.0001081529360032,0
143436277,3,4.0,0.0,0.0001080808124488,8
14696091,3,184.0,0.0,0.0001080618668183,4
26255337,2,18.0,0.0,0.0001079971528552,17
518574859,2,2.0,0.0,0.0001077162447751,10
1187853,6,38.0,0.0,0.0001073635312154,4
67372977,2,2.0,0.0,0.0001055438935897,11
67793333,3,12.0,0.3333333333333333,0.000104094060562,2
38307428,2,8.0,0.0,0.0001035125790423,1
26731785,3,43.0,0.6666666666666666,0.0001029742363555,1
27522247,2,2.0,0.0,0.0001020174120797,2
34139230,3,6.0,0.6666666666666666,0.0001019883322726,0
323231688,4,292.0,0.1666666666666666,0.0001002205841381,1
26983101,2,9.0,0.0,9.871951125487868e-05,9
60977924,4,8.0,0.1666666666666666,9.853969143230238e-05,3
102343794,4,14.0,0.0,9.767123128408342e-05,7
25890500,2,3.0,0.0,9.586955954896969e-05,0
230595891,3,4.0,0.0,9.565147604424911e-05,18
17391973,3,36.0,0.0,9.341429837888427e-05,17
34007506,2,11.0,0.0,9.236215649874564e-05,4
3432266,2,110.0,0.0,9.17299932612856e-05,4
184128064,2,2.0,0.0,9.130274934230976e-05,10
11208890,3,4.0,0.3333333333333333,9.097963563123594e-05,2
14076122,2,2.0,0.0,9.053800251639846e-05,3
55077261,4,113.0,0.1666666666666666,8.960512717360565e-05,1
357284448,3,51.0,0.0,8.904334700368277e-05,1
529504107,2,2.0,0.0,8.833381996868794e-05,21
22478116,2,2.0,0.0,8.78982770762873e-05,23
17451182,2,3.0,0.0,8.721711916076337e-05,2
221862,3,20.0,0.0,8.642559834158568e-05,4
81355383,2,23.0,0.0,8.615977049909249e-05,2
28061676,2,3.0,0.0,8.566689850788348e-05,11
5152285,2,13.0,0.0,8.393771232229846e-05,6
445340244,3,11.0,0.0,8.339781771067641e-05,4
13855476,2,2.0,0.0,8.153131684597238e-05,23
5682770,3,3.0,0.3333333333333333,7.958939676924951e-05,10
156108485,2,2.0,0.0,7.925485223493754e-05,17
17286587,3,6.0,0.0,7.8569336296272e-05,4
4164482,3,7.0,0.0,7.810332889358201e-05,7
102216161,2,3.0,0.0,7.788757993403448e-05,8
47371310,5,33.0,0.2,7.768470969185168e-05,1
38744670,2,4.0,0.0,7.383551726424663e-05,11
779570,3,3.0,0.3333333333333333,7.326120278342288e-05,3
57920736,4,136.0,0.1666666666666666,7.230944137437906e-05,1
31830551,3,7.0,0.3333333333333333,7.218694932380898e-05,1
20321688,3,84.0,0.0,7.193873059575733e-05,6
25881432,3,23.0,0.0,7.193873059575733e-05,6
263991304,3,442.0,0.0,7.193873059575733e-05,4
28992330,3,231.0,0.0,7.193873059575733e-05,4
15122806,2,2.0,0.0,7.169719616639136e-05,0
182466444,2,3.0,0.0,7.138689538041213e-05,2
13628513,3,48.0,0.0,7.104415978494807e-05,2
1123727,4,65.0,0.1666666666666666,7.075675051519886e-05,4
69940348,3,12.0,0.0,6.981606659972892e-05,4
10610797,3,90.0,0.0,6.969317040325963e-05,4
3211618,2,2.0,0.0,6.928697418653559e-05,0
22446506,5,204.0,0.2,6.907588129458382e-05,1
31315121,5,853.0,0.2,6.907588129458382e-05,1
137362393,2,8.0,0.0,6.899616540418678e-05,1
1062572,2,3.0,0.0,6.839712472535358e-05,26
181782286,2,2.0,0.0,6.83128469439319e-05,17
286973214,2,13.0,0.0,6.79684386347559e-05,10
295810364,2,38.0,0.0,6.79684386347559e-05,10
29923817,2,4.0,0.0,6.784139340785863e-05,4
204009988,2,5.0,0.0,6.757538364982583e-05,11
26039547,2,19.0,0.0,6.660504876563399e-05,0
28330263,2,2.0,0.0,6.660504876563399e-05,0
375736511,2,3.0,0.0,6.501082538434512e-05,3
3168225,3,29.0,0.0,6.496520319008554e-05,2
7613257,2,68.0,0.0,6.31051126234633e-05,12
68465360,2,119.0,0.0,6.264224855710453e-05,12
330622921,2,2.0,0.0,6.220613890050197e-05,15
90796663,2,20.0,0.0,6.177751684623374e-05,13
23845253,2,4.0,0.0,6.142528931476129e-05,2
567634,2,13.0,0.0,6.112325650571701e-05,4
38505249,2,3.0,0.0,6.064757586306823e-05,27
30667298,3,27.0,0.0,6.035678126474489e-05,1
228908078,3,32.0,0.3333333333333333,6.000952332167832e-05,10
54412018,2,3.0,0.0,5.99215753990145e-05,13
11225909,3,28.0,0.0,5.9799027518452165e-05,6
186022916,3,24.0,0.0,5.977910339743531e-05,2
15345331,2,7.0,0.0,5.861350672127845e-05,2
308027791,2,31.0,0.0,5.813023486077838e-05,1
372172254,2,38.0,0.0,5.813023486077838e-05,1
440338104,2,20.0,0.0,5.813023486077838e-05,1
91860126,2,23.0,0.0,5.813023486077838e-05,10
206403,5,8.0,0.0,5.801101590789048e-05,4
198288319,4,176.0,0.1666666666666666,5.722972564943917e-05,1
62350380,4,227.0,0.1666666666666666,5.722972564943917e-05,1
90821930,2,2.0,0.0,5.712396596154537e-05,1
333867901,2,9.0,0.0,5.687767394763581e-05,5
442430,2,2.0,0.0,5.687767394763581e-05,5
50370190,2,2.0,0.0,5.6829897281389496e-05,3
18004019,2,3.0,0.0,5.672540583621498e-05,1
245704608,2,2.0,0.0,5.672540583621498e-05,10
516821813,2,2.0,0.0,5.672540583621498e-05,10
39443258,2,2.0,0.0,5.537479111320284e-05,19
29197565,2,3.0,0.0,5.527392705649605e-05,1
79874569,4,41.0,0.1666666666666666,5.476554007053664e-05,1
931135,2,2.0,0.0,5.463883193768944e-05,3
139914932,2,3.0,0.0,5.4583571415331775e-05,4
509092193,2,10.0,0.0,5.4583571415331775e-05,9
298565987,3,893.0,0.3333333333333333,5.45536455984881e-05,16
91218588,3,8.0,0.3333333333333333,5.4225160219025584e-05,1
113106184,2,2.0,0.0,5.3570277200144e-05,2
206317,2,2.0,0.0,5.320913835859642e-05,9
17420913,5,16.0,0.5,5.289852370646479e-05,1
471621386,2,2.0,0.0,5.265312601317919e-05,20
2560988,3,22.0,0.0,5.2036153101119945e-05,4
66030306,2,114.0,0.0,5.163968774525043e-05,6
182926332,2,2.0,0.0,5.139491673588027e-05,17
17234665,2,3.0,0.0,5.1276311353231664e-05,8
305468604,2,2.0,0.0,5.075349345152921e-05,1
46291330,2,2.0,0.0,5.035096141698639e-05,3
326269244,2,2.0,0.0,5.021931083274533e-05,1
442405131,2,2.0,0.0,4.923894764734889e-05,3
63537249,2,4.0,0.0,4.904755110016897e-05,14
31629751,2,10.0,0.0,4.88454154974066e-05,14
56550961,2,2.0,0.0,4.884283411447842e-05,2
569267,2,2.0,0.0,4.819855740763938e-05,23
114735865,3,18.0,0.6666666666666666,4.7450697858016845e-05,1
114705611,3,45.0,0.0,4.706784985317384e-05,1
14934771,3,43.0,0.0,4.706784985317384e-05,1
213836768,3,170.0,0.0,4.706784985317384e-05,1
433273516,6,135.0,0.6,4.6394268633917496e-05,1
82580,2,2.0,0.0,4.586867732160042e-05,11
520455244,2,5.0,0.0,4.572801179816796e-05,19
100060912,7,7.0,0.0952380952380952,4.56342528186169e-05,0
159294525,7,7.0,0.0952380952380952,4.56342528186169e-05,0
1903522,7,7.0,0.0952380952380952,4.56342528186169e-05,0
24420506,7,7.0,0.0952380952380952,4.56342528186169e-05,0
477896448,7,8.0,0.0952380952380952,4.56342528186169e-05,0
49086513,7,7.0,0.0952380952380952,4.56342528186169e-05,0
35697550,3,9.0,0.3333333333333333,4.558269680506624e-05,13
113678772,4,30.0,0.0,4.536502294379932e-05,4
113678060,3,32.0,0.0,4.528671834640746e-05,4
286301447,2,2.0,0.0,4.48442788136705e-05,0
90506918,2,2.0,0.0,4.48442788136705e-05,0
111431261,3,3.0,0.6666666666666666,4.48374773283956e-05,2
7004897,2,22.0,0.0,4.34884372676128e-05,2
1287669,3,4.0,0.3333333333333333,4.323615703738768e-05,8
200696780,3,3.0,0.3333333333333333,4.301922280210789e-05,14
205417,2,3.0,0.0,4.298422157714073e-05,3
68181694,2,2.0,0.0,4.298422157714073e-05,3
1604991,2,2.0,0.0,4.264357506107395e-05,10
16345015,2,3.0,0.0,4.261613365687357e-05,4
25872841,2,26.0,0.0,4.213680151675748e-05,2
56420035,2,12.0,0.0,4.213680151675748e-05,2
85069480,2,22.0,0.0,4.213680151675748e-05,2
69857712,3,8.0,0.0,4.212328953102051e-05,1
564623768,2,2.0,0.0,4.212311380095058e-05,10
14212940,3,3.0,0.3333333333333333,4.148515802554881e-05,3
367261349,2,38.0,0.0,4.136934465280199e-05,1
513208282,2,4.0,0.0,4.060926273662843e-05,17
9283927,3,14.0,0.3333333333333333,3.980260653823377e-05,3
147511063,2,7.0,0.0,3.9432636106608506e-05,3
210029529,2,5.0,0.0,3.9432636106608506e-05,3
109480449,3,11.0,0.0,3.875553478011257e-05,3
216494674,4,66.0,0.6666666666666666,3.866778894306614e-05,1
280428986,3,9.0,0.3333333333333333,3.866778894306614e-05,1
16554739,3,16.0,0.6666666666666666,3.795609193298075e-05,5
23982180,2,3.0,0.0,3.771288541256344e-05,18
147963112,2,11.0,0.0,3.735503704978152e-05,14
2700159,2,2.0,0.0,3.71188392836466e-05,9
65987043,2,2.0,0.0,3.71188392836466e-05,9
223490876,3,129.0,0.6666666666666666,3.698317096144082e-05,8
16211818,2,49.0,0.0,3.678147887772657e-05,8
76474200,3,56.0,0.6666666666666666,3.674514792175692e-05,3
18906266,2,3.0,0.0,3.6502400438617626e-05,7
197015643,2,10.0,0.0,3.613897020427636e-05,24
309512982,2,2.0,0.0,3.605313888035956e-05,3
113677956,2,3.0,0.0,3.5764826496629144e-05,4
559857046,2,6.0,0.0,3.560661817304694e-05,3
2359378,2,9.0,0.0,3.5328625669758093e-05,9
223485832,4,92.0,0.3333333333333333,3.477895202093389e-05,1
58821882,4,17.0,0.1666666666666666,3.359173416606634e-05,2
173055585,2,14.0,0.0,3.326335236266691e-05,10
21946092,2,45.0,0.0,3.326335236266691e-05,1
45446294,3,8.0,0.6666666666666666,3.312048886908107e-05,2
46394186,2,22.0,0.0,3.312048886908107e-05,2
57333709,2,8.0,0.0,3.312048886908107e-05,2
59526988,2,5.0,0.0,3.312048886908107e-05,2
571342238,3,319.0,0.6666666666666666,3.3066867634109e-05,7
310302823,2,2.0,0.0,3.300607505009021e-05,4
117965972,2,6.0,0.0,3.293176153913091e-05,1
335164964,2,3.0,0.0,3.293176153913091e-05,1
22484898,2,5.0,0.0,3.268484716607914e-05,0
38581626,2,2.0,0.0,3.266137540317228e-05,0
170366344,3,8.0,0.3333333333333333,3.176396732064644e-05,14
1451352,2,7.0,0.0,3.1572283105223945e-05,25
29849956,2,56.0,0.0,3.1572283105223945e-05,25
5569059,2,7.0,0.0,3.1572283105223945e-05,25
2056549,2,11.0,0.0,3.145016572636733e-05,22
27549019,3,3.0,0.0,3.1417149268949415e-05,3
13273703,3,4.0,0.3333333333333333,3.121414823888087e-05,3
146575135,2,6.0,0.0,3.1198064165082713e-05,4
208698479,2,6.0,0.0,3.083981143048418e-05,12
84088596,2,2.0,0.0,3.048496455977194e-05,4
66737655,3,6.0,0.0,3.0336203199852705e-05,2
8804093,3,6.0,0.3333333333333333,3.0270209388643865e-05,3
525526295,2,2.0,0.0,3.0114119363799908e-05,13
157919688,2,2.0,0.0,3.0003821567513152e-05,10
22305416,3,12.0,0.3333333333333333,2.957787329124708e-05,3
39283837,2,29.0,0.0,2.913852322948807e-05,3
263463271,2,17.0,0.0,2.9124372060890165e-05,4
2988730,2,6.0,0.0,2.9124372060890165e-05,4
105711679,2,21.0,0.0,2.873450453510624e-05,2
638739649,2,4.0,0.0,2.8714938296336475e-05,17
177049645,2,5.0,0.0,2.824982247017375e-05,1
23500865,5,11.0,0.3,2.7718248789481195e-05,2
136494223,2,14.0,0.0,2.7626393034116364e-05,2
75104123,2,195.0,0.0,2.7480152160297977e-05,13
452337765,2,5.0,0.0,2.743360641315386e-05,6
7939844,2,2.0,0.0,2.7330720169985835e-05,10
343576900,7,8.0,0.3809523809523809,2.7286724090408404e-05,11
71948498,2,2.0,0.0,2.7112959995945446e-05,10
488802963,2,13.0,0.0,2.700593654976473e-05,12
81810486,2,5.0,0.0,2.700593654976473e-05,12
38279790,3,13.0,0.3333333333333333,2.6705424470530515e-05,3
1099265,2,2.0,0.0,2.6693752545657317e-05,0
20653934,2,7.0,0.0,2.643620281194468e-05,2
230795797,2,2.0,0.0,2.588575097430744e-05,3
116641240,2,4.0,0.0,2.586636690048896e-05,4
316556151,2,9.0,0.0,2.586636690048896e-05,4
191817804,2,16.0,0.0,2.525276920406841e-05,8
363245888,3,14.0,0.3333333333333333,2.5233608019238683e-05,1
289034413,2,59.0,0.0,2.4893470898958973e-05,2
121663790,2,5.0,0.0,2.479628580890755e-05,3
782679,2,2.0,0.0,2.479628580890755e-05,3
22525984,4,14.0,0.0,2.453273273379505e-05,4
6765281,4,50.0,0.1666666666666666,2.4347096416696552e-05,4
160919119,2,4.0,0.0,2.3991726106974336e-05,15
2752522,2,4.0,0.0,2.393903171757284e-05,3
26459635,2,2.0,0.0,2.3572381624220916e-05,1
37290678,2,7.0,0.0,2.3572381624220916e-05,1
635979215,2,32.0,0.0,2.32287243534542e-05,2
19308738,2,28.0,0.0,2.3021206235151893e-05,4
177428838,3,23.0,0.0,2.2377289480140928e-05,1
33352201,3,40.0,0.0,2.1713716687078628e-05,2
411318591,3,5.0,0.6666666666666666,2.1688126821980936e-05,1
74106774,2,2.0,0.0,2.1688126821980936e-05,1
208060770,3,6.0,0.0,2.148001838609661e-05,1
10262364,3,21.0,0.0,2.1461277439552967e-05,4
135060366,2,7.0,0.0,2.143345587227977e-05,1
31986253,2,125.0,0.0,2.143345587227977e-05,1
42685794,2,27.0,0.0,2.143345587227977e-05,1
84983058,2,69.0,0.0,2.143345587227977e-05,1
89145566,2,44.0,0.0,2.143345587227977e-05,1
263442622,2,4.0,0.0,2.139162753808391e-05,18
6427744,4,9.0,0.0,2.1274623060252463e-05,4
438419937,2,4.0,0.0,2.125294136482632e-05,15
598342280,2,11.0,0.0,2.125294136482632e-05,15
498785517,2,8.0,0.0,2.117948064058413e-05,1
23664475,2,5.0,0.0,2.110853966056349e-05,14
11233996,2,112.0,0.0,2.1013021635035198e-05,4
17192780,2,18.0,0.0,2.0704404872812228e-05,2
11486644,2,6.0,0.0,2.0273618822073893e-05,3
41632796,2,3.0,0.0,2.024365012678428e-05,2
32363061,3,63.0,0.3333333333333333,2.0142884426812668e-05,1
53757700,3,90.0,0.3333333333333333,2.0142884426812668e-05,1
206339,4,32.0,0.0,1.96486008491917e-05,4
98346885,2,74.0,0.0,1.9489869141883023e-05,12
164047061,4,5.0,0.3333333333333333,1.9123565211089056e-05,1
201584981,2,140.0,0.0,1.892819882306386e-05,1
277186121,2,2.0,0.0,1.863214672146843e-05,1
149824037,2,3.0,0.0,1.838381787240809e-05,3
36960321,3,45.0,0.0,1.7875384259031926e-05,14
116995448,2,6.0,0.0,1.7231890921728578e-05,13
90299507,2,6.0,0.0,1.7231890921728578e-05,13
15785507,2,6.0,0.0,1.680022751670034e-05,13
32246828,2,7.0,0.0,1.67761197664751e-05,3
526908111,2,2.0,0.0,1.6731877467596114e-05,0
402945349,3,4.0,0.6666666666666666,1.660852094965702e-05,7
458058,2,2.0,0.0,1.6214328172306422e-05,2
14281190,2,3.0,0.0,1.615847524838399e-05,4
336739753,3,12.0,0.6666666666666666,1.5817019621816963e-05,1
669011066,2,3.0,0.0,1.5817019621816963e-05,1
240846407,2,19.0,0.0,1.5503665095711555e-05,3
151233646,2,3.0,0.0,1.4898616112147828e-05,18
68294628,3,64.0,0.3333333333333333,1.3790274118558529e-05,1
324754415,2,23.0,0.0,1.3600070537262351e-05,1
300752838,2,5.0,0.0,1.3465727273433568e-05,13
50229487,4,30.0,0.5,1.3105605862098467e-05,5
113678351,2,21.0,0.0,1.3042389782902193e-05,4
7170058,2,2.0,0.0,1.2996451569610185e-05,0
35823699,2,3.0,0.0,1.263689280309338e-05,2
372630017,2,3.0,0.0,1.218819621002234e-05,0
160615620,3,17.0,0.6666666666666666,1.20343234436317e-05,1
230310173,3,7.0,0.6666666666666666,1.20343234436317e-05,1
116140523,2,3.0,0.0,1.20343234436317e-05,1
155652490,2,20.0,0.0,1.20343234436317e-05,1
21954009,2,2.0,0.0,1.20343234436317e-05,1
226417174,2,15.0,0.0,1.20343234436317e-05,1
338640454,2,17.0,0.0,1.20343234436317e-05,1
39527318,2,5.0,0.0,1.20343234436317e-05,1
70352157,2,11.0,0.0,1.20343234436317e-05,1
73561616,2,23.0,0.0,1.20343234436317e-05,1
87358441,2,2.0,0.0,1.20343234436317e-05,1
97316835,2,19.0,0.0,1.20343234436317e-05,1
66509131,3,36.0,0.3333333333333333,1.1975058324987145e-05,2
19684359,4,24.0,0.8333333333333334,1.1912129883934947e-05,3
447060287,3,4.0,0.6666666666666666,1.1912129883934947e-05,1
133431470,2,3.0,0.0,1.1750352936588162e-05,0
91837954,2,12.0,0.0,1.1746332622841102e-05,4
155243481,2,3.0,0.0,1.137826090599294e-05,26
178956163,2,15.0,0.0,1.136734952214935e-05,2
961036,2,4.0,0.0,1.0201883770572554e-05,4
10230369,2,8.0,0.0,1.015024197998118e-05,4
35697158,2,2.0,0.0,1.015024197998118e-05,3
97753277,2,3.0,0.0,1.015024197998118e-05,3
76978254,2,2.0,0.0,9.990121971599612e-06,1
63625434,2,22.0,0.0,9.77082503411591e-06,2
24063576,2,473.0,0.0,9.70560477490303e-06,19
129883659,2,34.0,0.0,9.55480558820021e-06,4
24182261,2,3.0,0.0,9.006272541596528e-06,0
165758293,2,2.0,0.0,8.930929258868299e-06,3
30062547,3,57.0,0.0,8.817954407075093e-06,1
54503347,2,19.0,0.0,8.789922752800172e-06,16
158310651,2,3.0,0.0,8.745965325943331e-06,24
182299236,2,10.0,0.0,8.732191995381682e-06,11
178249461,2,7.0,0.0,8.684919041260494e-06,14
28738447,4,7.0,0.0,8.550610229019125e-06,4
31261793,2,4.0,0.0,8.447230812532944e-06,9
1341324,2,8.0,0.0,8.374382200744536e-06,13
193784341,2,126.0,0.0,8.367638722298547e-06,2
558374870,2,2.0,0.0,8.359524672251592e-06,1
56342508,2,2.0,0.0,8.359524672251592e-06,1
635073227,2,14.0,0.0,8.359524672251592e-06,1
72700804,2,2.0,0.0,7.296700118488291e-06,3
301742,2,3.0,0.0,6.700851752393144e-06,11
143220272,2,53.0,0.0,6.542813889550311e-06,1
38488726,2,133.0,0.0,5.737132881109506e-06,4
126238614,2,20.0,0.0,5.675726103187965e-06,2
150988662,2,33.0,0.0,5.675726103187965e-06,2
95902102,3,28.0,0.3333333333333333,5.4945304466077455e-06,1
1388495,2,6.0,0.0,5.466027614454359e-06,12
21540759,2,2.0,0.0,5.412295371600576e-06,2
85795396,2,13.0,0.0,5.076818484122664e-06,4
438518303,2,2.0,0.0,4.974719326238804e-06,2
389256017,3,83.0,0.3333333333333333,4.72275292840255e-06,1
1126087,2,130.0,0.0,4.513448681452607e-06,12
11403699,2,17.0,0.0,4.513448681452607e-06,12
100649664,2,81.0,0.0,3.8001521469589136e-06,1
155240458,2,5.0,0.0,3.8001521469589136e-06,1
164668916,2,23.0,0.0,3.8001521469589136e-06,1
296977951,2,20.0,0.0,3.8001521469589136e-06,1
52425435,2,6.0,0.0,3.8001521469589136e-06,1
67305738,2,10.0,0.0,3.8001521469589136e-06,1
197858776,2,2.0,0.0,3.797685675385096e-06,2
329445418,2,3.0,0.0,3.514612651480779e-06,1
20904437,2,18.0,0.0,3.463111939296601e-06,17
682834027,2,6.0,0.0,3.459956397930113e-06,5
39062978,2,3.0,0.0,3.3189523106188235e-06,4
549230701,2,2.0,0.0,3.161844171640705e-06,13
22700054,3,55.0,0.6666666666666666,3.1208266155872894e-06,2
2700147,2,8.0,0.0,2.886613676133626e-06,11
17714713,2,6.0,0.0,2.641610689693345e-06,3
254351989,2,3.0,0.0,2.5472058482204195e-06,1
108050,2,39.0,0.0,2.4748144683229787e-06,4
197584193,2,5.0,0.0,2.210841260645592e-06,5
265902625,2,2.0,0.0,2.023207020903181e-06,0
199684110,2,20.0,0.0,1.6943782996488331e-06,1
77338532,2,2.0,0.0,1.6943782996488331e-06,1
140609832,2,3.0,0.0,1.5031896086354044e-06,1
240488592,2,2.0,0.0,1.2214289580966696e-06,0
35699223,2,28.0,0.0,9.62855907532402e-07,4
97518356,2,4.0,0.0,6.007368153386434e-07,3
129072319,3,3.0,0.0,2.163479548219843e-07,2
165954705,2,4.0,0.0,1.780850530159198e-07,4
24355992,4,9.0,1.0,0.0,1
32184830,4,12.0,1.0,0.0,5
109162639,3,17.0,1.0,0.0,2
11452538,3,49.0,1.0,0.0,2
224021526,3,35.0,1.0,0.0,2
22855240,3,64.0,1.0,0.0,2
31933589,3,25.0,1.0,0.0,3
38973038,3,44.0,1.0,0.0,5
401850253,3,34.0,1.0,0.0,1
548730031,3,5.0,1.0,0.0,3
65430363,3,5.0,1.0,0.0,1
101767772,2,54.0,1.0,0.0,1
102969245,2,2.0,1.0,0.0,0
105379569,2,63.0,1.0,0.0,1
109330128,2,13.0,1.0,0.0,2
11006053,2,3.0,1.0,0.0,0
112655189,2,3.0,1.0,0.0,2
118105436,2,5.0,1.0,0.0,1
120606279,2,2.0,1.0,0.0,19
121587063,2,6.0,1.0,0.0,1
127420809,2,29.0,1.0,0.0,1
129717717,2,29.0,1.0,0.0,2
129954828,2,41.0,1.0,0.0,3
1357796,2,8.0,1.0,0.0,26
1361792,2,5.0,1.0,0.0,3
136510559,2,5.0,1.0,0.0,1
139314347,2,4.0,1.0,0.0,0
143328315,2,3.0,1.0,0.0,1
143867478,2,8.0,1.0,0.0,2
145156191,2,8.0,1.0,0.0,2
145434487,2,4.0,1.0,0.0,2
148464499,2,2.0,1.0,0.0,3
151832185,2,2.0,1.0,0.0,1
154744163,2,3.0,1.0,0.0,2
155119796,2,7.0,1.0,0.0,1
155368246,2,7.0,1.0,0.0,5
157310998,2,2.0,1.0,0.0,8
158477175,2,13.0,1.0,0.0,0
159109434,2,7.0,1.0,0.0,3
159907380,2,162.0,1.0,0.0,2
161681291,2,5.0,1.0,0.0,1
167949879,2,15.0,1.0,0.0,3
173431969,2,8.0,1.0,0.0,3
199921433,2,6.0,1.0,0.0,0
200663555,2,3.0,1.0,0.0,0
201455508,2,38.0,1.0,0.0,2
202483348,2,4.0,1.0,0.0,8
203461509,2,30.0,1.0,0.0,6
206791328,2,5.0,1.0,0.0,0
21088403,2,3.0,1.0,0.0,5
21099,2,10.0,1.0,0.0,3
213947642,2,3.0,1.0,0.0,8
2174666,2,3.0,1.0,0.0,0
219891102,2,23.0,1.0,0.0,3
221993778,2,4.0,1.0,0.0,12
222791664,2,2.0,1.0,0.0,0
22734848,2,111.0,1.0,0.0,1
229877920,2,8.0,1.0,0.0,1
23061798,2,2.0,1.0,0.0,8
24725038,2,76.0,1.0,0.0,1
24776728,2,189.0,1.0,0.0,8
254450741,2,11.0,1.0,0.0,3
267482252,2,5.0,1.0,0.0,1
269073533,2,19.0,1.0,0.0,2
27790789,2,6.0,1.0,0.0,3
296296855,2,5.0,1.0,0.0,0
2992074,2,3.0,1.0,0.0,1
299220196,2,25.0,1.0,0.0,1
301727732,2,73.0,1.0,0.0,1
304537599,2,22.0,1.0,0.0,2
306769011,2,782.0,1.0,0.0,16
30945132,2,3.0,1.0,0.0,3
315538318,2,10.0,1.0,0.0,2
315885410,2,2.0,1.0,0.0,1
31728565,2,6.0,1.0,0.0,1
323830219,2,2003.0,1.0,0.0,6
330600696,2,4.0,1.0,0.0,1
334164334,2,2.0,1.0,0.0,15
33753632,2,5.0,1.0,0.0,3
33880218,2,17.0,1.0,0.0,3
33880730,2,17.0,1.0,0.0,12
33884891,2,7.0,1.0,0.0,3
341374920,2,16.0,1.0,0.0,5
343853530,2,16.0,1.0,0.0,8
34414315,2,17.0,1.0,0.0,8
35197979,2,125.0,1.0,0.0,8
356069432,2,4.0,1.0,0.0,3
36653430,2,11.0,1.0,0.0,2
37171746,2,9.0,1.0,0.0,2
373315216,2,36.0,1.0,0.0,6
38373338,2,3.0,1.0,0.0,0
391153869,2,4.0,1.0,0.0,3
39176169,2,3.0,1.0,0.0,1
393288578,2,278.0,1.0,0.0,2
394028369,2,12.0,1.0,0.0,7
397996130,2,7.0,1.0,0.0,9
398164186,2,2.0,1.0,0.0,2
39874513,2,2.0,1.0,0.0,2
39907649,2,3.0,1.0,0.0,2
40539602,2,2.0,1.0,0.0,0
410442633,2,2.0,1.0,0.0,0
416231913,2,11.0,1.0,0.0,2
420777439,2,13.0,1.0,0.0,1
423907006,2,7.0,1.0,0.0,2
43441403,2,5.0,1.0,0.0,7
436236826,2,4.0,1.0,0.0,0
436551874,2,8.0,1.0,0.0,17
436912897,2,3.0,1.0,0.0,3
444345682,2,2.0,1.0,0.0,1
450439333,2,32.0,1.0,0.0,18
45423600,2,37.0,1.0,0.0,3
467151498,2,2.0,1.0,0.0,2
467355866,2,3.0,1.0,0.0,1
467580471,2,2.0,1.0,0.0,10
470569742,2,2.0,1.0,0.0,2
473555568,2,37.0,1.0,0.0,2
476372928,2,3.0,1.0,0.0,3
47848761,2,5.0,1.0,0.0,3
480401263,2,2.0,1.0,0.0,2
487009502,2,7.0,1.0,0.0,0
50387722,2,2.0,1.0,0.0,0
5092588,2,2.0,1.0,0.0,1
515881221,2,3.0,1.0,0.0,17
515951203,2,15.0,1.0,0.0,1
527526335,2,7.0,1.0,0.0,0
530754347,2,2.0,1.0,0.0,5
53292445,2,10.0,1.0,0.0,2
53628424,2,42.0,1.0,0.0,2
53954979,2,10.0,1.0,0.0,7
551076626,2,2.0,1.0,0.0,3
559669561,2,7.0,1.0,0.0,8
561964390,2,6.0,1.0,0.0,0
56353740,2,2.0,1.0,0.0,3
571929,2,3.0,1.0,0.0,0
573483804,2,2.0,1.0,0.0,27
5757735,2,2.0,1.0,0.0,3
58132544,2,17.0,1.0,0.0,0
58146669,2,145.0,1.0,0.0,8
5839692,2,2.0,1.0,0.0,3
599173337,2,2.0,1.0,0.0,2
60188025,2,5.0,1.0,0.0,7
605938979,2,2.0,1.0,0.0,7
607721298,2,5.0,1.0,0.0,1
608906465,2,8.0,1.0,0.0,8
61524054,2,18.0,1.0,0.0,2
61567949,2,6.0,1.0,0.0,2
621929252,2,4.0,1.0,0.0,1
627774285,2,2.0,1.0,0.0,2
627846703,2,4.0,1.0,0.0,1
628739599,2,7.0,1.0,0.0,0
63044524,2,21.0,1.0,0.0,3
631805185,2,21.0,1.0,0.0,5
63375710,2,3.0,1.0,0.0,7
639046841,2,3.0,1.0,0.0,0
63995402,2,16.0,1.0,0.0,2
646423,2,24.0,1.0,0.0,10
654024495,2,8.0,1.0,0.0,1
66311167,2,18.0,1.0,0.0,4
668673665,2,7.0,1.0,0.0,3
6742151,2,5.0,1.0,0.0,3
7035651,2,3.0,1.0,0.0,3
714809540,2,8.0,1.0,0.0,5
7276954,2,2.0,1.0,0.0,3
731515911,2,6.0,1.0,0.0,3
76214676,2,96.0,1.0,0.0,1
78678862,2,2.0,1.0,0.0,0
790938,2,9.0,1.0,0.0,28
79188507,2,12.0,1.0,0.0,2
79954708,2,13.0,1.0,0.0,2
80964373,2,9.0,1.0,0.0,1
81384578,2,6.0,1.0,0.0,0
8397993,2,2.0,1.0,0.0,2
86367047,2,2.0,1.0,0.0,1
86870924,2,20.0,1.0,0.0,3
88956492,2,2.0,1.0,0.0,2
89943162,2,158.0,1.0,0.0,8
9155431,2,2.0,1.0,0.0,0
9156682,2,46.0,1.0,0.0,6
92569428,2,2.0,1.0,0.0,2
9290699,2,5.0,1.0,0.0,3
9384267,2,6.0,1.0,0.0,5
9454675,2,46.0,1.0,0.0,9
95084858,2,2.0,1.0,0.0,3
96570421,2,6.0,1.0,0.0,7
9801644,2,2.0,1.0,0.0,1
991475,2,3.0,1.0,0.0,7
100285497,1,1.0,0.0,0.0,2
100470837,1,34.0,0.0,0.0,18
100656827,1,201.0,0.0,0.0,29
100683024,1,3.0,0.0,0.0,4
100728550,1,1.0,0.0,0.0,0
10080335,1,1.0,0.0,0.0,0
100921897,1,1.0,0.0,0.0,6
10095297,1,2.0,0.0,0.0,3
100982449,1,1.0,0.0,0.0,2
101107622,1,31.0,0.0,0.0,7
101325844,1,2.0,0.0,0.0,0
101408117,1,3.0,0.0,0.0,5
10160141,1,2.0,0.0,0.0,0
101664763,1,3.0,0.0,0.0,11
10166531,1,4.0,0.0,0.0,2
10176240,1,1.0,0.0,0.0,12
101769985,1,15.0,0.0,0.0,11
101807531,1,8.0,0.0,0.0,0
101808120,1,2.0,0.0,0.0,5
102025276,1,1.0,0.0,0.0,12
1020639,1,38.0,0.0,0.0,12
102083576,1,1.0,0.0,0.0,5
102180889,1,1.0,0.0,0.0,2
102268227,1,4.0,0.0,0.0,7
1023109,1,1.0,0.0,0.0,28
10232128,1,6.0,0.0,0.0,8
102390943,1,1.0,0.0,0.0,2
10247874,1,2.0,0.0,0.0,0
102534028,1,1.0,0.0,0.0,0
102601749,1,1.0,0.0,0.0,27
102692863,1,2.0,0.0,0.0,18
10270722,1,1.0,0.0,0.0,2
102726009,1,1.0,0.0,0.0,3
102765966,1,1.0,0.0,0.0,3
10277647,1,1.0,0.0,0.0,3
102792138,1,27.0,0.0,0.0,7
1028340,1,1.0,0.0,0.0,3
10302694,1,1.0,0.0,0.0,0
103115020,1,1.0,0.0,0.0,2
103172419,1,1.0,0.0,0.0,21
10319059,1,1.0,0.0,0.0,2
103195470,1,4.0,0.0,0.0,11
10323585,1,1.0,0.0,0.0,13
103275720,1,1.0,0.0,0.0,1
103506984,1,7.0,0.0,0.0,4
103530053,1,1.0,0.0,0.0,2
103603776,1,2.0,0.0,0.0,8
103619486,1,1.0,0.0,0.0,9
10364381,1,3.0,0.0,0.0,25
103706410,1,1.0,0.0,0.0,10
103940483,1,1.0,0.0,0.0,0
10394615,1,3.0,0.0,0.0,6
103980089,1,3.0,0.0,0.0,0
104061241,1,2.0,0.0,0.0,9
104064722,1,2.0,0.0,0.0,9
104110775,1,1.0,0.0,0.0,3
104327447,1,88.0,0.0,0.0,3
104354828,1,1.0,0.0,0.0,30
10437688,1,1.0,0.0,0.0,6
1045976,1,1.0,0.0,0.0,3
105066063,1,1.0,0.0,0.0,5
105069363,1,1.0,0.0,0.0,3
105195750,1,2.0,0.0,0.0,0
10522120,1,1.0,0.0,0.0,3
105262714,1,1.0,0.0,0.0,2
105300706,1,2.0,0.0,0.0,11
105672026,1,1.0,0.0,0.0,4
105712749,1,1.0,0.0,0.0,10
105769029,1,1.0,0.0,0.0,19
1059430,1,1.0,0.0,0.0,4
105963253,1,1.0,0.0,0.0,14
106016020,1,1.0,0.0,0.0,0
106024057,1,2.0,0.0,0.0,0
106060031,1,1.0,0.0,0.0,11
106192858,1,2.0,0.0,0.0,2
106239956,1,1.0,0.0,0.0,2
1062897,1,1.0,0.0,0.0,9
10637893,1,16.0,0.0,0.0,4
106402526,1,1.0,0.0,0.0,0
106481151,1,3.0,0.0,0.0,3
10649374,1,1.0,0.0,0.0,5
106520420,1,2.0,0.0,0.0,0
106698888,1,2.0,0.0,0.0,7
106737290,1,1.0,0.0,0.0,7
106805892,1,3.0,0.0,0.0,4
106898220,1,3.0,0.0,0.0,19
10691398,1,1.0,0.0,0.0,21
10744183,1,1.0,0.0,0.0,10
107505869,1,1.0,0.0,0.0,1
10757154,1,1.0,0.0,0.0,14
107708884,1,1.0,0.0,0.0,2
107775870,1,1.0,0.0,0.0,0
107914493,1,1.0,0.0,0.0,0
10805187,1,1.0,0.0,0.0,4
108110706,1,1.0,0.0,0.0,0
108169607,1,1.0,0.0,0.0,4
108187130,1,18.0,0.0,0.0,26
108306129,1,8.0,0.0,0.0,8
10835647,1,2.0,0.0,0.0,2
10854028,1,8.0,0.0,0.0,5
108761645,1,1.0,0.0,0.0,12
108764455,1,1.0,0.0,0.0,12
10885469,1,2.0,0.0,0.0,20
108883568,1,25.0,0.0,0.0,2
108883966,1,3.0,0.0,0.0,14
108908685,1,3.0,0.0,0.0,8
108920680,1,1.0,0.0,0.0,0
109145553,1,1.0,0.0,0.0,1
109401999,1,2.0,0.0,0.0,0
109404010,1,3.0,0.0,0.0,1
109404123,1,1.0,0.0,0.0,3
109711622,1,3.0,0.0,0.0,0
109803086,1,3.0,0.0,0.0,13
10985948,1,1.0,0.0,0.0,34
109997238,1,2.0,0.0,0.0,11
110020935,1,1.0,0.0,0.0,0
11002815,1,14.0,0.0,0.0,3
110100447,1,1.0,0.0,0.0,6
11031412,1,1.0,0.0,0.0,7
1103607,1,2.0,0.0,0.0,5
110613089,1,1.0,0.0,0.0,17
110772190,1,2.0,0.0,0.0,2
110902512,1,1.0,0.0,0.0,1
11131631,1,287.0,0.0,0.0,8
111364256,1,1.0,0.0,0.0,7
111465030,1,1.0,0.0,0.0,2
111510376,1,1.0,0.0,0.0,3
11162159,1,2.0,0.0,0.0,2
111641659,1,1.0,0.0,0.0,2
11203131,1,1.0,0.0,0.0,4
11206255,1,29.0,0.0,0.0,7
11208105,1,2.0,0.0,0.0,4
112100818,1,1.0,0.0,0.0,12
112219764,1,1.0,0.0,0.0,2
112302758,1,1.0,0.0,0.0,1
11247824,1,1.0,0.0,0.0,3
112504288,1,31.0,0.0,0.0,2
11262602,1,4.0,0.0,0.0,9
112638589,1,2.0,0.0,0.0,2
112736538,1,1.0,0.0,0.0,5
11293703,1,1.0,0.0,0.0,13
113089820,1,2.0,0.0,0.0,2
113111202,1,1.0,0.0,0.0,0
113455762,1,5.0,0.0,0.0,0
113512596,1,1.0,0.0,0.0,2
11362278,1,2.0,0.0,0.0,3
113678303,1,3.0,0.0,0.0,4
113678674,1,29.0,0.0,0.0,4
11369509,1,1.0,0.0,0.0,4
113701924,1,3.0,0.0,0.0,13
11384368,1,1.0,0.0,0.0,4
113912678,1,1.0,0.0,0.0,3
113918130,1,13.0,0.0,0.0,2
11393110,1,8.0,0.0,0.0,2
114023960,1,1.0,0.0,0.0,3
11408729,1,2.0,0.0,0.0,4
114312965,1,2.0,0.0,0.0,3
114363116,1,1.0,0.0,0.0,0
11445479,1,1.0,0.0,0.0,4
11452676,1,3.0,0.0,0.0,0
114577229,1,1.0,0.0,0.0,1
114682244,1,1.0,0.0,0.0,0
114705574,1,29.0,0.0,0.0,1
11482978,1,3.0,0.0,0.0,3
114948816,1,1.0,0.0,0.0,8
115039706,1,1.0,0.0,0.0,1
115191628,1,3.0,0.0,0.0,4
115316912,1,1.0,0.0,0.0,7
115575640,1,1.0,0.0,0.0,25
115740402,1,1.0,0.0,0.0,5
115758461,1,1.0,0.0,0.0,17
115969499,1,1.0,0.0,0.0,19
11597120,1,1.0,0.0,0.0,2
116038660,1,3.0,0.0,0.0,3
11608365,1,2.0,0.0,0.0,9
116165188,1,4.0,0.0,0.0,3
116259506,1,17.0,0.0,0.0,2
11633363,1,2.0,0.0,0.0,9
116585275,1,1.0,0.0,0.0,22
116659368,1,1.0,0.0,0.0,0
11676453,1,3.0,0.0,0.0,2
116867981,1,6.0,0.0,0.0,8
116871310,1,2.0,0.0,0.0,9
116955501,1,1.0,0.0,0.0,3
11696086,1,1.0,0.0,0.0,4
11696117,1,1.0,0.0,0.0,4
11708465,1,4.0,0.0,0.0,4
11726616,1,1.0,0.0,0.0,1
117380983,1,3.0,0.0,0.0,1
11753735,1,1.0,0.0,0.0,4
117701523,1,1.0,0.0,0.0,4
117906003,1,1.0,0.0,0.0,9
118498743,1,3.0,0.0,0.0,20
118517813,1,43.0,0.0,0.0,1
118649335,1,1.0,0.0,0.0,0
118764574,1,1.0,0.0,0.0,0
11892534,1,1.0,0.0,0.0,11
119205516,1,1.0,0.0,0.0,1
119272629,1,1.0,0.0,0.0,20
1194027,1,1.0,0.0,0.0,11
119419195,1,2.0,0.0,0.0,10
119460813,1,1.0,0.0,0.0,1
119590498,1,2.0,0.0,0.0,19
11966919,1,11.0,0.0,0.0,4
11974348,1,1.0,0.0,0.0,5
119818775,1,1.0,0.0,0.0,12
120011481,1,2.0,0.0,0.0,16
120157734,1,3.0,0.0,0.0,19
120325908,1,9.0,0.0,0.0,3
1204125,1,1.0,0.0,0.0,3
120511966,1,1.0,0.0,0.0,1
1207300,1,2.0,0.0,0.0,2
12079212,1,1.0,0.0,0.0,9
12080551,1,1.0,0.0,0.0,12
120894,1,1.0,0.0,0.0,0
120938309,1,1.0,0.0,0.0,9
1210290,1,2.0,0.0,0.0,9
121086193,1,2.0,0.0,0.0,14
121236494,1,3.0,0.0,0.0,5
121337784,1,1.0,0.0,0.0,11
12140830,1,5.0,0.0,0.0,3
121554427,1,4.0,0.0,0.0,4
121676470,1,3.0,0.0,0.0,0
12179494,1,1.0,0.0,0.0,3
121834895,1,1.0,0.0,0.0,11
121870635,1,1.0,0.0,0.0,7
121898717,1,1.0,0.0,0.0,7
12191244,1,99.0,0.0,0.0,13
122193808,1,14.0,0.0,0.0,5
122235145,1,3.0,0.0,0.0,11
122282812,1,1.0,0.0,0.0,4
122505634,1,1.0,0.0,0.0,4
122508361,1,1.0,0.0,0.0,14
122782022,1,10.0,0.0,0.0,0
123020983,1,4.0,0.0,0.0,4
123068215,1,5.0,0.0,0.0,17
123148813,1,1.0,0.0,0.0,14
123303402,1,1.0,0.0,0.0,20
123345344,1,1.0,0.0,0.0,3
123410,1,1.0,0.0,0.0,4
12344532,1,3.0,0.0,0.0,3
123475536,1,2.0,0.0,0.0,0
123518148,1,4.0,0.0,0.0,0
123590537,1,6.0,0.0,0.0,0
123649788,1,1.0,0.0,0.0,17
123684665,1,1.0,0.0,0.0,0
123690489,1,15.0,0.0,0.0,3
12390121,1,1.0,0.0,0.0,13
123986201,1,1.0,0.0,0.0,1
123993596,1,1.0,0.0,0.0,18
124042164,1,2.0,0.0,0.0,11
12421065,1,1.0,0.0,0.0,4
12426527,1,2.0,0.0,0.0,5
124275922,1,1.0,0.0,0.0,13
124290783,1,4.0,0.0,0.0,8
124315604,1,1.0,0.0,0.0,2
12440855,1,1.0,0.0,0.0,2
124409889,1,28.0,0.0,0.0,0
124417205,1,1.0,0.0,0.0,1
124564425,1,1.0,0.0,0.0,3
124602093,1,6.0,0.0,0.0,2
124657854,1,1.0,0.0,0.0,14
124701774,1,1.0,0.0,0.0,3
12488845,1,5.0,0.0,0.0,14
125238132,1,1118.0,0.0,0.0,7
125366028,1,7.0,0.0,0.0,0
12550138,1,52.0,0.0,0.0,12
1257070,1,1.0,0.0,0.0,0
12584841,1,4.0,0.0,0.0,4
125863507,1,4.0,0.0,0.0,13
126215645,1,7.0,0.0,0.0,2
126250425,1,3.0,0.0,0.0,21
126382836,1,1.0,0.0,0.0,11
126465227,1,1.0,0.0,0.0,0
126914245,1,1.0,0.0,0.0,10
127026401,1,1.0,0.0,0.0,13
127101557,1,1.0,0.0,0.0,2
12711522,1,9.0,0.0,0.0,2
12712630,1,2.0,0.0,0.0,23
127201711,1,1.0,0.0,0.0,2
127224346,1,1.0,0.0,0.0,0
127268366,1,1.0,0.0,0.0,2
127425805,1,1.0,0.0,0.0,14
12791642,1,1.0,0.0,0.0,4
128089774,1,1.0,0.0,0.0,1
128096570,1,12.0,0.0,0.0,11
128529416,1,1.0,0.0,0.0,10
128693525,1,1.0,0.0,0.0,10
128778692,1,21.0,0.0,0.0,13
128842710,1,189.0,0.0,0.0,8
128887107,1,3.0,0.0,0.0,2
129137599,1,1.0,0.0,0.0,4
12920091,1,1.0,0.0,0.0,16
129449094,1,1.0,0.0,0.0,4
129549229,1,1.0,0.0,0.0,8
1295612,1,1.0,0.0,0.0,4
129563456,1,2.0,0.0,0.0,1
129640825,1,1.0,0.0,0.0,4
129648001,1,2.0,0.0,0.0,2
12974177,1,1.0,0.0,0.0,4
130013,1,1.0,0.0,0.0,1
130040931,1,11.0,0.0,0.0,6
130084383,1,1.0,0.0,0.0,0
130107902,1,1.0,0.0,0.0,0
130140573,1,5.0,0.0,0.0,13
130237506,1,3.0,0.0,0.0,29
130370449,1,1.0,0.0,0.0,14
130386123,1,1.0,0.0,0.0,3
130546049,1,1.0,0.0,0.0,3
13057937,1,4.0,0.0,0.0,0
130727736,1,6.0,0.0,0.0,0
130865762,1,1.0,0.0,0.0,17
13092745,1,4.0,0.0,0.0,8
131014812,1,1.0,0.0,0.0,28
131339601,1,1.0,0.0,0.0,2
131347954,1,150.0,0.0,0.0,8
131364545,1,1.0,0.0,0.0,9
131389850,1,7.0,0.0,0.0,1
131403312,1,6.0,0.0,0.0,3
13150250,1,1.0,0.0,0.0,0
131584258,1,1.0,0.0,0.0,0
131738270,1,1.0,0.0,0.0,0
13191344,1,1.0,0.0,0.0,3
132057885,1,1.0,0.0,0.0,5
13222351,1,1.0,0.0,0.0,4
132232698,1,1.0,0.0,0.0,2
132313422,1,1.0,0.0,0.0,2
13238459,1,1.0,0.0,0.0,10
132518310,1,2.0,0.0,0.0,2
1325587,1,1.0,0.0,0.0,10
13258039,1,680.0,0.0,0.0,10
132776693,1,1.0,0.0,0.0,18
133067498,1,58.0,0.0,0.0,2
133092972,1,1.0,0.0,0.0,30
133134007,1,3.0,0.0,0.0,15
133238084,1,1.0,0.0,0.0,2
133275023,1,10.0,0.0,0.0,14
133411492,1,237.0,0.0,0.0,7
1334607,1,14.0,0.0,0.0,4
133491254,1,1.0,0.0,0.0,3
13379995,1,1.0,0.0,0.0,13
134018330,1,1.0,0.0,0.0,17
134603838,1,3.0,0.0,0.0,7
134683798,1,10.0,0.0,0.0,5
134862372,1,4.0,0.0,0.0,0
135175513,1,1.0,0.0,0.0,11
135201145,1,1.0,0.0,0.0,1
13524719,1,1.0,0.0,0.0,15
135356868,1,1.0,0.0,0.0,9
13539049,1,1.0,0.0,0.0,2
135618791,1,2.0,0.0,0.0,11
135798749,1,2.0,0.0,0.0,7
135900664,1,3.0,0.0,0.0,8
136060027,1,1.0,0.0,0.0,4
136202695,1,1.0,0.0,0.0,3
1362764,1,1.0,0.0,0.0,3
13655592,1,60.0,0.0,0.0,12
13674972,1,1.0,0.0,0.0,2
136806005,1,2.0,0.0,0.0,12
1368195,1,2.0,0.0,0.0,20
136926865,1,1.0,0.0,0.0,2
137101956,1,1.0,0.0,0.0,11
137137466,1,1.0,0.0,0.0,3
137247827,1,3.0,0.0,0.0,2
137255598,1,1.0,0.0,0.0,0
1372698,1,23.0,0.0,0.0,12
137430744,1,1.0,0.0,0.0,11
137444487,1,254.0,0.0,0.0,29
13745124,1,48.0,0.0,0.0,6
137451403,1,1.0,0.0,0.0,9
137724480,1,1.0,0.0,0.0,14
137814779,1,291.0,0.0,0.0,12
137855319,1,13.0,0.0,0.0,12
13793886,1,1.0,0.0,0.0,3
138105554,1,6.0,0.0,0.0,2
138290517,1,3.0,0.0,0.0,11
138411034,1,1.0,0.0,0.0,7
138596205,1,1.0,0.0,0.0,17
138597372,1,10.0,0.0,0.0,1
13868694,1,3.0,0.0,0.0,0
138707242,1,2.0,0.0,0.0,4
138717670,1,6.0,0.0,0.0,2
138867419,1,1.0,0.0,0.0,1
139076329,1,1.0,0.0,0.0,0
139201883,1,4.0,0.0,0.0,24
139405400,1,3.0,0.0,0.0,21
139499718,1,30.0,0.0,0.0,1
139543029,1,3.0,0.0,0.0,12
139545213,1,1.0,0.0,0.0,12
1397974,1,1.0,0.0,0.0,6
13998001,1,1.0,0.0,0.0,4
140029949,1,59.0,0.0,0.0,29
14003349,1,1.0,0.0,0.0,8
140034345,1,1.0,0.0,0.0,8
140053781,1,1.0,0.0,0.0,10
14008364,1,1.0,0.0,0.0,2
1402936,1,1.0,0.0,0.0,8
140325970,1,1.0,0.0,0.0,0
140482476,1,4.0,0.0,0.0,4
140656334,1,7.0,0.0,0.0,8
14115755,1,1.0,0.0,0.0,0
14128006,1,5.0,0.0,0.0,14
141345580,1,43.0,0.0,0.0,1
14135470,1,1.0,0.0,0.0,3
14143026,1,1.0,0.0,0.0,1
141451032,1,2.0,0.0,0.0,0
141621344,1,1.0,0.0,0.0,14
141846986,1,1.0,0.0,0.0,29
141877580,1,1.0,0.0,0.0,1
142017296,1,18.0,0.0,0.0,3
14210523,1,98.0,0.0,0.0,25
142161875,1,11.0,0.0,0.0,4
142369435,1,1.0,0.0,0.0,8
14243858,1,1.0,0.0,0.0,10
142473200,1,1.0,0.0,0.0,22
1425437,1,1.0,0.0,0.0,9
142720484,1,2.0,0.0,0.0,1
142890794,1,1.0,0.0,0.0,26
143040428,1,69.0,0.0,0.0,0
14313288,1,1.0,0.0,0.0,11
143262333,1,2.0,0.0,0.0,0
143321848,1,2.0,0.0,0.0,24
143344440,1,1.0,0.0,0.0,19
143379187,1,3.0,0.0,0.0,0
143839054,1,1.0,0.0,0.0,1
143840299,1,1.0,0.0,0.0,1
143841882,1,3.0,0.0,0.0,1
14389056,1,10.0,0.0,0.0,0
14401179,1,1.0,0.0,0.0,6
144025618,1,1.0,0.0,0.0,18
144073539,1,1.0,0.0,0.0,12
144092408,1,1.0,0.0,0.0,2
144403787,1,1.0,0.0,0.0,2
144419645,1,3.0,0.0,0.0,3
14447732,1,2.0,0.0,0.0,0
144573225,1,1.0,0.0,0.0,2
1446467,1,1.0,0.0,0.0,12
144708327,1,1.0,0.0,0.0,2
144749268,1,1.0,0.0,0.0,19
144751911,1,11.0,0.0,0.0,1
144752087,1,5.0,0.0,0.0,1
144952955,1,12.0,0.0,0.0,0
144987904,1,1.0,0.0,0.0,4
144999365,1,19.0,0.0,0.0,12
1450115,1,2.0,0.0,0.0,3
145036770,1,1.0,0.0,0.0,1
145076038,1,1.0,0.0,0.0,7
145263040,1,1.0,0.0,0.0,5
145303551,1,3.0,0.0,0.0,4
14532176,1,1.0,0.0,0.0,13
145749701,1,1.0,0.0,0.0,2
145880460,1,2.0,0.0,0.0,19
1458923,1,1.0,0.0,0.0,10
145900295,1,18.0,0.0,0.0,4
14594941,1,3.0,0.0,0.0,3
145976381,1,2.0,0.0,0.0,13
1460385,1,1.0,0.0,0.0,17
146116598,1,2.0,0.0,0.0,2
14624255,1,4.0,0.0,0.0,5
14627445,1,1.0,0.0,0.0,2
146285756,1,1.0,0.0,0.0,30
146285827,1,1.0,0.0,0.0,2
146313205,1,1.0,0.0,0.0,4
146468829,1,2.0,0.0,0.0,13
146510094,1,1.0,0.0,0.0,11
146678664,1,1.0,0.0,0.0,2
146722095,1,1.0,0.0,0.0,13
1468280,1,1.0,0.0,0.0,31
146879533,1,1.0,0.0,0.0,33
147069330,1,4.0,0.0,0.0,13
147069989,1,4.0,0.0,0.0,3
147195610,1,1.0,0.0,0.0,5
147213800,1,1.0,0.0,0.0,3
147342506,1,3.0,0.0,0.0,5
147566119,1,1.0,0.0,0.0,3
147740437,1,1.0,0.0,0.0,7
147767244,1,1.0,0.0,0.0,1
147809547,1,1.0,0.0,0.0,4
147850769,1,1.0,0.0,0.0,4
14812631,1,1.0,0.0,0.0,0
148137989,1,4.0,0.0,0.0,5
148253885,1,6.0,0.0,0.0,6
14829536,1,1.0,0.0,0.0,1
1483979,1,2.0,0.0,0.0,3
148546580,1,1.0,0.0,0.0,3
148666822,1,6.0,0.0,0.0,2
148698815,1,5.0,0.0,0.0,0
148723815,1,1.0,0.0,0.0,4
149026292,1,2.0,0.0,0.0,1
14904540,1,1.0,0.0,0.0,25
149199408,1,1.0,0.0,0.0,2
1493089,1,1.0,0.0,0.0,28
149355527,1,1.0,0.0,0.0,1
149638165,1,8.0,0.0,0.0,13
149782046,1,5.0,0.0,0.0,7
150110305,1,1.0,0.0,0.0,0
150154628,1,112.0,0.0,0.0,8
150225803,1,3.0,0.0,0.0,1
150307921,1,1.0,0.0,0.0,1
150444746,1,1.0,0.0,0.0,0
150468186,1,1.0,0.0,0.0,17
15056182,1,1.0,0.0,0.0,3
15062869,1,26.0,0.0,0.0,7
151068206,1,1.0,0.0,0.0,1
151122650,1,27.0,0.0,0.0,4
151231787,1,1.0,0.0,0.0,11
1512899,1,1.0,0.0,0.0,22
151298737,1,9.0,0.0,0.0,1
151455245,1,1.0,0.0,0.0,7
151717145,1,2.0,0.0,0.0,4
151740965,1,2.0,0.0,0.0,4
151760169,1,1.0,0.0,0.0,2
15176189,1,1.0,0.0,0.0,31
151846403,1,1.0,0.0,0.0,10
151898169,1,1.0,0.0,0.0,5
152034043,1,1.0,0.0,0.0,2
15208514,1,3.0,0.0,0.0,3
15213446,1,1.0,0.0,0.0,0
1523106,1,1.0,0.0,0.0,11
152424770,1,1.0,0.0,0.0,5
153180924,1,1.0,0.0,0.0,8
153279483,1,3.0,0.0,0.0,3
153315627,1,1.0,0.0,0.0,20
153460371,1,1.0,0.0,0.0,0
15357351,1,1.0,0.0,0.0,2
153694833,1,14.0,0.0,0.0,0
1538047,1,1.0,0.0,0.0,5
153882884,1,3.0,0.0,0.0,2
15389347,1,1.0,0.0,0.0,4
153996559,1,2.0,0.0,0.0,0
1539978,1,1.0,0.0,0.0,4
154318300,1,2.0,0.0,0.0,3
15437182,1,2.0,0.0,0.0,10
154422394,1,82.0,0.0,0.0,14
15450627,1,1.0,0.0,0.0,3
15452919,1,1.0,0.0,0.0,1
154606109,1,5.0,0.0,0.0,3
154832451,1,1.0,0.0,0.0,4
154962060,1,1.0,0.0,0.0,0
15502383,1,1.0,0.0,0.0,15
155136567,1,1.0,0.0,0.0,2
155220641,1,1.0,0.0,0.0,15
155286170,1,1.0,0.0,0.0,1
155379486,1,23.0,0.0,0.0,0
155609504,1,2.0,0.0,0.0,1
155740984,1,1.0,0.0,0.0,4
155749886,1,1.0,0.0,0.0,2
155858802,1,1.0,0.0,0.0,2
155941061,1,1.0,0.0,0.0,0
156066420,1,1.0,0.0,0.0,14
156111871,1,2.0,0.0,0.0,12
156204572,1,1.0,0.0,0.0,0
15625834,1,7.0,0.0,0.0,8
156599958,1,1.0,0.0,0.0,3
156606443,1,1.0,0.0,0.0,6
15661465,1,28.0,0.0,0.0,4
156968527,1,4.0,0.0,0.0,2
157008425,1,4.0,0.0,0.0,2
15730865,1,1.0,0.0,0.0,0
157397583,1,1.0,0.0,0.0,4
157422219,1,1.0,0.0,0.0,0
157463841,1,4.0,0.0,0.0,1
157514605,1,1.0,0.0,0.0,2
1575956,1,3.0,0.0,0.0,4
157629873,1,1.0,0.0,0.0,0
157680689,1,2.0,0.0,0.0,2
157821911,1,1.0,0.0,0.0,4
157827731,1,20.0,0.0,0.0,4
157863033,1,1.0,0.0,0.0,0
15807269,1,43.0,0.0,0.0,6
15823460,1,1.0,0.0,0.0,0
158403775,1,17.0,0.0,0.0,7
158437146,1,1.0,0.0,0.0,11
15861701,1,7.0,0.0,0.0,3
158756762,1,2.0,0.0,0.0,2
1588844,1,1.0,0.0,0.0,0
158906962,1,1.0,0.0,0.0,12
159049339,1,1.0,0.0,0.0,0
159351868,1,11.0,0.0,0.0,13
159548561,1,20.0,0.0,0.0,1
159568404,1,2.0,0.0,0.0,3
15992970,1,2.0,0.0,0.0,1
15993599,1,3.0,0.0,0.0,12
15993609,1,1.0,0.0,0.0,12
15993612,1,6.0,0.0,0.0,12
15993613,1,1.0,0.0,0.0,12
15993616,1,1.0,0.0,0.0,12
15993618,1,1.0,0.0,0.0,12
16019737,1,5.0,0.0,0.0,2
160253491,1,1.0,0.0,0.0,2
160367623,1,1.0,0.0,0.0,2
160689777,1,1.0,0.0,0.0,0
160735013,1,9.0,0.0,0.0,1
160784930,1,2.0,0.0,0.0,14
161001,1,1.0,0.0,0.0,5
161155314,1,1.0,0.0,0.0,7
161525880,1,2.0,0.0,0.0,3
161674141,1,1.0,0.0,0.0,2
161689193,1,1.0,0.0,0.0,1
161843366,1,1.0,0.0,0.0,2
161951219,1,1.0,0.0,0.0,9
161979323,1,1.0,0.0,0.0,21
162168274,1,3.0,0.0,0.0,5
162201964,1,1.0,0.0,0.0,0
162484658,1,17.0,0.0,0.0,7
162548942,1,1.0,0.0,0.0,12
162643764,1,1.0,0.0,0.0,1
162725910,1,11.0,0.0,0.0,7
162864176,1,4.0,0.0,0.0,7
16287235,1,17.0,0.0,0.0,6
16296100,1,1.0,0.0,0.0,4
163071182,1,1.0,0.0,0.0,4
16309670,1,1.0,0.0,0.0,11
163185206,1,1.0,0.0,0.0,0
163387337,1,1.0,0.0,0.0,9
163568212,1,1.0,0.0,0.0,0
163653257,1,1.0,0.0,0.0,1
163847389,1,3.0,0.0,0.0,0
163853205,1,1.0,0.0,0.0,10
164008820,1,51.0,0.0,0.0,2
164026325,1,2.0,0.0,0.0,3
164074287,1,1.0,0.0,0.0,3
164267980,1,1.0,0.0,0.0,7
16431132,1,5.0,0.0,0.0,3
164354270,1,1.0,0.0,0.0,10
1644196,1,1.0,0.0,0.0,0
1646466,1,1.0,0.0,0.0,16
164789751,1,1.0,0.0,0.0,10
164896915,1,1.0,0.0,0.0,0
16489874,1,95.0,0.0,0.0,6
164999650,1,1.0,0.0,0.0,22
165021340,1,9.0,0.0,0.0,0
165087274,1,1.0,0.0,0.0,1
165092572,1,1.0,0.0,0.0,2
16514887,1,1.0,0.0,0.0,2
16523712,1,2.0,0.0,0.0,25
165332779,1,1.0,0.0,0.0,1
165478163,1,3.0,0.0,0.0,1
165561258,1,1.0,0.0,0.0,1
16556373,1,2.0,0.0,0.0,5
16587283,1,1.0,0.0,0.0,3
165957180,1,3.0,0.0,0.0,2
16597023,1,1.0,0.0,0.0,0
166244463,1,2.0,0.0,0.0,10
166274005,1,1.0,0.0,0.0,3
166282681,1,836.0,0.0,0.0,3
166314916,1,2.0,0.0,0.0,3
166319643,1,1.0,0.0,0.0,8
166363507,1,1.0,0.0,0.0,15
166397747,1,1.0,0.0,0.0,4
166480286,1,2.0,0.0,0.0,3
166483718,1,1.0,0.0,0.0,29
16652218,1,1.0,0.0,0.0,2
166545969,1,1.0,0.0,0.0,1
166571755,1,1.0,0.0,0.0,16
166575621,1,1.0,0.0,0.0,3
1666245,1,1.0,0.0,0.0,19
166763279,1,10.0,0.0,0.0,3
167017214,1,4.0,0.0,0.0,3
1670832,1,1.0,0.0,0.0,12
167093203,1,1.0,0.0,0.0,8
167317243,1,16.0,0.0,0.0,2
16740838,1,1.0,0.0,0.0,22
167553735,1,3.0,0.0,0.0,1
167596974,1,1.0,0.0,0.0,0
167615437,1,127.0,0.0,0.0,11
167666671,1,3.0,0.0,0.0,7
167756292,1,1.0,0.0,0.0,10
167839176,1,2.0,0.0,0.0,1
167926123,1,1.0,0.0,0.0,2
16795933,1,3.0,0.0,0.0,12
168011367,1,1.0,0.0,0.0,2
168043047,1,2.0,0.0,0.0,3
1680909,1,2.0,0.0,0.0,4
168183392,1,1.0,0.0,0.0,9
168370,1,2.0,0.0,0.0,12
168736310,1,2177.0,0.0,0.0,6
168736372,1,1.0,0.0,0.0,6
168870773,1,2.0,0.0,0.0,4
169087223,1,1.0,0.0,0.0,7
169454043,1,1.0,0.0,0.0,22
169608259,1,2.0,0.0,0.0,5
169656159,1,4.0,0.0,0.0,1
16980777,1,5.0,0.0,0.0,5
16994340,1,1.0,0.0,0.0,10
17002442,1,7.0,0.0,0.0,3
170134290,1,1.0,0.0,0.0,30
170411418,1,19.0,0.0,0.0,2
170439169,1,1.0,0.0,0.0,1
170570699,1,1.0,0.0,0.0,1
1705960,1,2.0,0.0,0.0,4
170681535,1,2.0,0.0,0.0,9
170740248,1,1.0,0.0,0.0,9
17085874,1,1.0,0.0,0.0,3
171396748,1,1.0,0.0,0.0,17
171460321,1,1.0,0.0,0.0,6
171486120,1,2.0,0.0,0.0,31
172000765,1,1.0,0.0,0.0,0
172142138,1,2.0,0.0,0.0,2
172155554,1,1.0,0.0,0.0,6
172281423,1,1.0,0.0,0.0,0
17238321,1,1.0,0.0,0.0,4
172401332,1,3.0,0.0,0.0,1
17241201,1,1.0,0.0,0.0,3
172421430,1,1.0,0.0,0.0,0
172456427,1,21.0,0.0,0.0,0
172491601,1,1.0,0.0,0.0,4
172705585,1,1.0,0.0,0.0,11
172799788,1,1.0,0.0,0.0,15
173009358,1,3.0,0.0,0.0,2
17310686,1,2.0,0.0,0.0,3
1731413,1,8.0,0.0,0.0,17
173228436,1,1.0,0.0,0.0,0
173454206,1,1.0,0.0,0.0,0
173458129,1,5.0,0.0,0.0,3
173709830,1,22.0,0.0,0.0,18
173952378,1,1.0,0.0,0.0,0
173972535,1,1.0,0.0,0.0,0
174265685,1,1.0,0.0,0.0,1
174378326,1,2.0,0.0,0.0,9
174381831,1,1.0,0.0,0.0,1
174417748,1,2.0,0.0,0.0,14
174522026,1,1.0,0.0,0.0,7
174581882,1,1.0,0.0,0.0,6
1746398,1,4.0,0.0,0.0,28
175096978,1,1.0,0.0,0.0,0
175100306,1,1.0,0.0,0.0,14
175129788,1,2.0,0.0,0.0,3
17516793,1,2.0,0.0,0.0,0
175232615,1,1.0,0.0,0.0,1
175296188,1,1.0,0.0,0.0,15
175425051,1,1.0,0.0,0.0,2
175458368,1,2.0,0.0,0.0,2
175592968,1,5.0,0.0,0.0,3
17559913,1,1.0,0.0,0.0,1
1756541,1,4.0,0.0,0.0,4
175910132,1,1.0,0.0,0.0,7
1759835,1,1.0,0.0,0.0,2
176172924,1,1.0,0.0,0.0,7
17620347,1,2.0,0.0,0.0,13
176524785,1,2.0,0.0,0.0,4
176821351,1,1.0,0.0,0.0,0
17720373,1,2.0,0.0,0.0,5
177216640,1,1.0,0.0,0.0,0
17748183,1,2.0,0.0,0.0,0
177659629,1,1.0,0.0,0.0,2
178017670,1,1.0,0.0,0.0,5
1780633,1,4.0,0.0,0.0,17
178199416,1,13.0,0.0,0.0,3
178303050,1,2.0,0.0,0.0,2
178381879,1,1.0,0.0,0.0,2
178394770,1,1.0,0.0,0.0,3
178462204,1,1.0,0.0,0.0,0
178462340,1,2.0,0.0,0.0,4
178486642,1,1.0,0.0,0.0,8
178626720,1,1.0,0.0,0.0,20
178628673,1,5.0,0.0,0.0,2
178710662,1,1.0,0.0,0.0,14
178738123,1,4.0,0.0,0.0,4
17884290,1,16.0,0.0,0.0,13
178964735,1,2.0,0.0,0.0,9
178991158,1,1.0,0.0,0.0,1
179258435,1,1.0,0.0,0.0,9
179344069,1,2.0,0.0,0.0,0
179492861,1,1.0,0.0,0.0,1
179553396,1,2.0,0.0,0.0,33
179603362,1,1.0,0.0,0.0,0
179637219,1,1.0,0.0,0.0,4
179866722,1,3.0,0.0,0.0,0
180155433,1,22.0,0.0,0.0,2
180226750,1,1.0,0.0,0.0,4
18030517,1,1.0,0.0,0.0,0
1804055,1,2.0,0.0,0.0,3
180414458,1,1.0,0.0,0.0,11
180481986,1,1.0,0.0,0.0,2
180508509,1,2.0,0.0,0.0,3
1807659,1,1.0,0.0,0.0,31
180863671,1,4.0,0.0,0.0,24
18097275,1,1.0,0.0,0.0,20
181510702,1,12.0,0.0,0.0,4
181624025,1,1.0,0.0,0.0,11
181715383,1,1.0,0.0,0.0,2
181738376,1,3.0,0.0,0.0,3
18174590,1,4.0,0.0,0.0,1
18193978,1,2.0,0.0,0.0,8
181939935,1,1.0,0.0,0.0,14
182128122,1,2.0,0.0,0.0,1
182145736,1,1.0,0.0,0.0,1
183030217,1,2.0,0.0,0.0,3
183095067,1,2.0,0.0,0.0,1
183126028,1,1.0,0.0,0.0,2
18314451,1,4.0,0.0,0.0,2
18320947,1,1.0,0.0,0.0,20
183247201,1,7.0,0.0,0.0,2
183302822,1,1.0,0.0,0.0,11
183365721,1,1.0,0.0,0.0,2
183477487,1,2.0,0.0,0.0,1
183559023,1,1.0,0.0,0.0,1
183781681,1,9.0,0.0,0.0,7
183929744,1,1.0,0.0,0.0,1
18413405,1,6.0,0.0,0.0,2
184148355,1,13.0,0.0,0.0,1
184149296,1,16.0,0.0,0.0,11
184227406,1,1.0,0.0,0.0,2
184304089,1,1.0,0.0,0.0,23
184312964,1,1.0,0.0,0.0,5
184460,1,1.0,0.0,0.0,0
184484074,1,1.0,0.0,0.0,21
1845223,1,6.0,0.0,0.0,3
184635772,1,6.0,0.0,0.0,2
184636558,1,3.0,0.0,0.0,4
184654298,1,1.0,0.0,0.0,0
18469325,1,6.0,0.0,0.0,25
184734634,1,1.0,0.0,0.0,10
184792968,1,1.0,0.0,0.0,2
18492045,1,1.0,0.0,0.0,8
184955020,1,1.0,0.0,0.0,10
185240903,1,4.0,0.0,0.0,3
185278617,1,2.0,0.0,0.0,17
185478926,1,1.0,0.0,0.0,15
185651869,1,1.0,0.0,0.0,30
186904487,1,1.0,0.0,0.0,23
187042471,1,1.0,0.0,0.0,1
187113923,1,1.0,0.0,0.0,11
18712703,1,1.0,0.0,0.0,5
187231162,1,1.0,0.0,0.0,11
1874483,1,8.0,0.0,0.0,3
187694683,1,1.0,0.0,0.0,7
187811455,1,3.0,0.0,0.0,27
187847963,1,1.0,0.0,0.0,2
18785884,1,2.0,0.0,0.0,21
187879115,1,1.0,0.0,0.0,3
18800032,1,4.0,0.0,0.0,15
188057676,1,2.0,0.0,0.0,30
1885237,1,1.0,0.0,0.0,0
188779637,1,1.0,0.0,0.0,3
188811692,1,1.0,0.0,0.0,34
188828946,1,1.0,0.0,0.0,3
188836864,1,1.0,0.0,0.0,1
18891741,1,13.0,0.0,0.0,12
18893367,1,1.0,0.0,0.0,14
189012294,1,40.0,0.0,0.0,0
189029839,1,2.0,0.0,0.0,4
189044704,1,1.0,0.0,0.0,2
189447606,1,1.0,0.0,0.0,22
189621607,1,14.0,0.0,0.0,2
19000107,1,2.0,0.0,0.0,4
190051296,1,1.0,0.0,0.0,1
190163438,1,4.0,0.0,0.0,1
19016985,1,1.0,0.0,0.0,3
190198180,1,1.0,0.0,0.0,12
19030037,1,1.0,0.0,0.0,5
190478838,1,1.0,0.0,0.0,8
190704068,1,2.0,0.0,0.0,11
1908577,1,5.0,0.0,0.0,4
190994178,1,4.0,0.0,0.0,7
19101720,1,1.0,0.0,0.0,20
191163758,1,13.0,0.0,0.0,6
191249232,1,1.0,0.0,0.0,4
19128505,1,1.0,0.0,0.0,1
191316757,1,3.0,0.0,0.0,5
19138780,1,2.0,0.0,0.0,2
191461487,1,6.0,0.0,0.0,7
1915437,1,9.0,0.0,0.0,12
1916228,1,2.0,0.0,0.0,0
191655189,1,4.0,0.0,0.0,7
191751505,1,56.0,0.0,0.0,17
191779319,1,1.0,0.0,0.0,1
191838304,1,4.0,0.0,0.0,8
191880399,1,1.0,0.0,0.0,11
191937949,1,1.0,0.0,0.0,10
191942768,1,25.0,0.0,0.0,4
191973776,1,1.0,0.0,0.0,2
191988685,1,5.0,0.0,0.0,2
192345200,1,3.0,0.0,0.0,3
192366753,1,1.0,0.0,0.0,7
19244865,1,8.0,0.0,0.0,2
192587835,1,1.0,0.0,0.0,3
192625306,1,11.0,0.0,0.0,13
192631273,1,2.0,0.0,0.0,14
192689401,1,1.0,0.0,0.0,1
192768713,1,1.0,0.0,0.0,2
192805335,1,1.0,0.0,0.0,16
193056466,1,1.0,0.0,0.0,0
1931356,1,1.0,0.0,0.0,0
193156399,1,1.0,0.0,0.0,7
193215554,1,1.0,0.0,0.0,18
19323986,1,2.0,0.0,0.0,3
19330736,1,8.0,0.0,0.0,1
193500153,1,2.0,0.0,0.0,16
193784379,1,17.0,0.0,0.0,2
193929371,1,1.0,0.0,0.0,7
19449303,1,2.0,0.0,0.0,5
194617274,1,1.0,0.0,0.0,19
194645305,1,3.0,0.0,0.0,0
194829679,1,1.0,0.0,0.0,2
19485249,1,2.0,0.0,0.0,0
195088274,1,1.0,0.0,0.0,4
19512853,1,1.0,0.0,0.0,2
195277793,1,2.0,0.0,0.0,1
195747855,1,2.0,0.0,0.0,3
19582982,1,4.0,0.0,0.0,14
195927552,1,3.0,0.0,0.0,15
19618350,1,12.0,0.0,0.0,0
196253599,1,8.0,0.0,0.0,0
196358205,1,1.0,0.0,0.0,11
196555066,1,3.0,0.0,0.0,3
196587809,1,2.0,0.0,0.0,33
196629842,1,1.0,0.0,0.0,1
196639786,1,1.0,0.0,0.0,28
196650278,1,7.0,0.0,0.0,0
196680411,1,7.0,0.0,0.0,4
196758769,1,1.0,0.0,0.0,10
19689699,1,1.0,0.0,0.0,3
197077443,1,2.0,0.0,0.0,11
197139729,1,2.0,0.0,0.0,9
197220033,1,1.0,0.0,0.0,4
197281609,1,1.0,0.0,0.0,4
197299111,1,1.0,0.0,0.0,8
197367072,1,1.0,0.0,0.0,3
19746601,1,1.0,0.0,0.0,1
197658090,1,2.0,0.0,0.0,14
197709259,1,1.0,0.0,0.0,4
197730309,1,1.0,0.0,0.0,3
19794451,1,15.0,0.0,0.0,2
198009353,1,1.0,0.0,0.0,16
1983092,1,1.0,0.0,0.0,0
198484780,1,1.0,0.0,0.0,5
198711527,1,2.0,0.0,0.0,7
198802259,1,1.0,0.0,0.0,4
198966166,1,7.0,0.0,0.0,1
199041238,1,1.0,0.0,0.0,4
199060308,1,1.0,0.0,0.0,2
1993762,1,1.0,0.0,0.0,9
199398069,1,1.0,0.0,0.0,15
199488860,1,1.0,0.0,0.0,5
199703788,1,1.0,0.0,0.0,2
19975250,1,1.0,0.0,0.0,3
199813084,1,1.0,0.0,0.0,26
199863976,1,1.0,0.0,0.0,1
199940050,1,1.0,0.0,0.0,8
199997323,1,1.0,0.0,0.0,3
200030123,1,1.0,0.0,0.0,21
20015974,1,1.0,0.0,0.0,4
200259335,1,1.0,0.0,0.0,13
200271950,1,1.0,0.0,0.0,11
20031333,1,1.0,0.0,0.0,0
200346067,1,1.0,0.0,0.0,2
2003641,1,1.0,0.0,0.0,3
20037550,1,77.0,0.0,0.0,18
200458979,1,1.0,0.0,0.0,4
200511807,1,90.0,0.0,0.0,1
20072342,1,1.0,0.0,0.0,0
20101515,1,1.0,0.0,0.0,0
201103120,1,2.0,0.0,0.0,8
201118306,1,1.0,0.0,0.0,2
201284004,1,1.0,0.0,0.0,0
201284016,1,2.0,0.0,0.0,11
201441751,1,2.0,0.0,0.0,17
201885288,1,2.0,0.0,0.0,4
201975309,1,1.0,0.0,0.0,0
202061775,1,1.0,0.0,0.0,12
202127068,1,41.0,0.0,0.0,5
20236160,1,1.0,0.0,0.0,0
202379383,1,2.0,0.0,0.0,1
20245398,1,1.0,0.0,0.0,3
20248082,1,2.0,0.0,0.0,3
20248084,1,1.0,0.0,0.0,5
202936427,1,1.0,0.0,0.0,3
20312497,1,6.0,0.0,0.0,30
203132746,1,2.0,0.0,0.0,10
203150729,1,1.0,0.0,0.0,0
203259544,1,1.0,0.0,0.0,7
2032665,1,2.0,0.0,0.0,6
203267660,1,1.0,0.0,0.0,10
203410297,1,1.0,0.0,0.0,4
203461790,1,1.0,0.0,0.0,3
203537234,1,5.0,0.0,0.0,3
203553224,1,1.0,0.0,0.0,11
203589409,1,1.0,0.0,0.0,0
20364355,1,2.0,0.0,0.0,4
203668074,1,2.0,0.0,0.0,1
203697873,1,173.0,0.0,0.0,16
203863933,1,1.0,0.0,0.0,11
20388420,1,2.0,0.0,0.0,3
204086862,1,1.0,0.0,0.0,3
20415251,1,1.0,0.0,0.0,3
204253808,1,1.0,0.0,0.0,14
204513717,1,1.0,0.0,0.0,11
204553191,1,1.0,0.0,0.0,1
204593825,1,1.0,0.0,0.0,26
204631624,1,1.0,0.0,0.0,2
204727434,1,10.0,0.0,0.0,0
204788647,1,4.0,0.0,0.0,8
204888772,1,3.0,0.0,0.0,2
20491274,1,68.0,0.0,0.0,2
2049404,1,2.0,0.0,0.0,4
204949228,1,1.0,0.0,0.0,1
204949916,1,1.0,0.0,0.0,0
20543575,1,2.0,0.0,0.0,9
2055965,1,1.0,0.0,0.0,3
20570214,1,1.0,0.0,0.0,3
205870847,1,1.0,0.0,0.0,5
205966957,1,2.0,0.0,0.0,15
206130163,1,2.0,0.0,0.0,7
206228780,1,2.0,0.0,0.0,3
206320,1,6.0,0.0,0.0,4
206337472,1,1.0,0.0,0.0,6
206372614,1,14.0,0.0,0.0,0
206378,1,3.0,0.0,0.0,3
206396,1,4.0,0.0,0.0,3
206398,1,1.0,0.0,0.0,5
206427,1,13.0,0.0,0.0,4
20647396,1,1.0,0.0,0.0,3
206632,1,1.0,0.0,0.0,3
20675634,1,3.0,0.0,0.0,0
206917262,1,1.0,0.0,0.0,5
206917473,1,1.0,0.0,0.0,0
20736043,1,8.0,0.0,0.0,0
207363466,1,1.0,0.0,0.0,11
2074703,1,1.0,0.0,0.0,0
207585477,1,1.0,0.0,0.0,14
207618995,1,3.0,0.0,0.0,7
208047461,1,2.0,0.0,0.0,0
208243336,1,1.0,0.0,0.0,11
20831114,1,1.0,0.0,0.0,2
208509888,1,1.0,0.0,0.0,0
208795891,1,1.0,0.0,0.0,0
209101661,1,1.0,0.0,0.0,24
209217594,1,4.0,0.0,0.0,9
209491653,1,1.0,0.0,0.0,11
209600930,1,1.0,0.0,0.0,2
209642759,1,3.0,0.0,0.0,8
209657662,1,1.0,0.0,0.0,2
21052744,1,1.0,0.0,0.0,4
210583017,1,1.0,0.0,0.0,5
210788647,1,3.0,0.0,0.0,2
210909024,1,3.0,0.0,0.0,7
210933087,1,9.0,0.0,0.0,3
211165922,1,2.0,0.0,0.0,0
21125024,1,17.0,0.0,0.0,25
2112962,1,1.0,0.0,0.0,10
211309920,1,5.0,0.0,0.0,5
211340922,1,1.0,0.0,0.0,0
2113660,1,2.0,0.0,0.0,2
211494818,1,1.0,0.0,0.0,3
212378409,1,1.0,0.0,0.0,16
212382406,1,1.0,0.0,0.0,3
212459447,1,1.0,0.0,0.0,9
212465715,1,31.0,0.0,0.0,3
212709818,1,1.0,0.0,0.0,1
212786426,1,1.0,0.0,0.0,3
212857695,1,20.0,0.0,0.0,16
212984760,1,1.0,0.0,0.0,3
21303988,1,2.0,0.0,0.0,3
21306961,1,11.0,0.0,0.0,2
21338027,1,38.0,0.0,0.0,13
213417638,1,2.0,0.0,0.0,4
2134191,1,1.0,0.0,0.0,5
213449445,1,1.0,0.0,0.0,0
213633271,1,10.0,0.0,0.0,17
213701835,1,1.0,0.0,0.0,24
213717832,1,1.0,0.0,0.0,14
213793403,1,1.0,0.0,0.0,2
213852395,1,1.0,0.0,0.0,2
214215524,1,2.0,0.0,0.0,0
214266955,1,16.0,0.0,0.0,2
214273093,1,1.0,0.0,0.0,3
214350064,1,6.0,0.0,0.0,3
214361893,1,2.0,0.0,0.0,15
21440127,1,94.0,0.0,0.0,7
214487724,1,21.0,0.0,0.0,1
214566843,1,4.0,0.0,0.0,4
21467907,1,2.0,0.0,0.0,3
21488145,1,7.0,0.0,0.0,2
214996328,1,1.0,0.0,0.0,12
215108366,1,205.0,0.0,0.0,16
215231163,1,3.0,0.0,0.0,2
215263010,1,6.0,0.0,0.0,0
215532341,1,1.0,0.0,0.0,2
215570371,1,6.0,0.0,0.0,17
215638242,1,1.0,0.0,0.0,5
215875945,1,1.0,0.0,0.0,0
21591001,1,5.0,0.0,0.0,2
215948042,1,5.0,0.0,0.0,8
216069489,1,4.0,0.0,0.0,26
216143574,1,1.0,0.0,0.0,1
216207542,1,1.0,0.0,0.0,3
216254547,1,4.0,0.0,0.0,4
216283035,1,14.0,0.0,0.0,10
216478215,1,2.0,0.0,0.0,2
216581567,1,3.0,0.0,0.0,3
216847853,1,5.0,0.0,0.0,1
21686666,1,1.0,0.0,0.0,1
21704134,1,1.0,0.0,0.0,2
217067290,1,1.0,0.0,0.0,0
21708091,1,1.0,0.0,0.0,0
21708754,1,1.0,0.0,0.0,2
217354397,1,1.0,0.0,0.0,1
21759652,1,2.0,0.0,0.0,3
217627454,1,1.0,0.0,0.0,3
21772838,1,1.0,0.0,0.0,1
218006898,1,1.0,0.0,0.0,2
218025521,1,2.0,0.0,0.0,0
218158416,1,1.0,0.0,0.0,7
218396611,1,5.0,0.0,0.0,18
218525428,1,2.0,0.0,0.0,18
218559411,1,3.0,0.0,0.0,9
218629347,1,1.0,0.0,0.0,0
218852626,1,1.0,0.0,0.0,5
219035799,1,1.0,0.0,0.0,5
219045178,1,2.0,0.0,0.0,1
219061541,1,8.0,0.0,0.0,14
219505677,1,1.0,0.0,0.0,0
219515346,1,2.0,0.0,0.0,3
219865964,1,4.0,0.0,0.0,1
219915319,1,1.0,0.0,0.0,0
22017842,1,1.0,0.0,0.0,9
220362473,1,8.0,0.0,0.0,3
220602533,1,5.0,0.0,0.0,3
220778874,1,1.0,0.0,0.0,10
220808376,1,2.0,0.0,0.0,0
221177708,1,3.0,0.0,0.0,9
221407234,1,1.0,0.0,0.0,0
221437306,1,3.0,0.0,0.0,0
221574203,1,1.0,0.0,0.0,18
221584272,1,1.0,0.0,0.0,0
221600181,1,1.0,0.0,0.0,5
221654776,1,2.0,0.0,0.0,0
221787679,1,1.0,0.0,0.0,2
221981891,1,59.0,0.0,0.0,8
221989665,1,1.0,0.0,0.0,6
222023566,1,1.0,0.0,0.0,0
222364980,1,5.0,0.0,0.0,15
222501873,1,1.0,0.0,0.0,22
222735791,1,18.0,0.0,0.0,16
222960238,1,7.0,0.0,0.0,7
22321368,1,3.0,0.0,0.0,0
223241444,1,6.0,0.0,0.0,24
223268020,1,1.0,0.0,0.0,0
223420284,1,1.0,0.0,0.0,0
223442049,1,23.0,0.0,0.0,22
223708643,1,10.0,0.0,0.0,6
22374529,1,1.0,0.0,0.0,6
223794069,1,1.0,0.0,0.0,2
224104199,1,2.0,0.0,0.0,11
224225724,1,2.0,0.0,0.0,9
224289715,1,48.0,0.0,0.0,2
22432442,1,37.0,0.0,0.0,1
224374031,1,4.0,0.0,0.0,6
22442659,1,1.0,0.0,0.0,20
224592887,1,162.0,0.0,0.0,8
224674233,1,1.0,0.0,0.0,13
22479136,1,1.0,0.0,0.0,7
225419211,1,3.0,0.0,0.0,0
225497783,1,5.0,0.0,0.0,2
22558387,1,1.0,0.0,0.0,19
225690537,1,803.0,0.0,0.0,14
22571838,1,7.0,0.0,0.0,1
225885766,1,1.0,0.0,0.0,16
22608597,1,1.0,0.0,0.0,4
226151984,1,1.0,0.0,0.0,0
226167176,1,1.0,0.0,0.0,12
226354201,1,2.0,0.0,0.0,2
22660515,1,1.0,0.0,0.0,12
226668025,1,2.0,0.0,0.0,6
226724438,1,1.0,0.0,0.0,0
226992639,1,1.0,0.0,0.0,22
227300707,1,1.0,0.0,0.0,3
227460322,1,1.0,0.0,0.0,7
227465592,1,1.0,0.0,0.0,8
227542815,1,2.0,0.0,0.0,1
227805015,1,2.0,0.0,0.0,2
228117837,1,3.0,0.0,0.0,0
228390865,1,1.0,0.0,0.0,3
22841549,1,2.0,0.0,0.0,1
228435476,1,1.0,0.0,0.0,2
228829544,1,1.0,0.0,0.0,1
22883472,1,2.0,0.0,0.0,4
228868155,1,3.0,0.0,0.0,7
228925870,1,1.0,0.0,0.0,2
229011395,1,1.0,0.0,0.0,0
229030654,1,1.0,0.0,0.0,2
229145432,1,7.0,0.0,0.0,13
229315360,1,1.0,0.0,0.0,0
22959046,1,1.0,0.0,0.0,9
229959677,1,1.0,0.0,0.0,2
230075785,1,5.0,0.0,0.0,17
23013460,1,1.0,0.0,0.0,7
230219297,1,1.0,0.0,0.0,4
23050110,1,39.0,0.0,0.0,4
230737113,1,1.0,0.0,0.0,15
230847070,1,4.0,0.0,0.0,2
230993380,1,1.0,0.0,0.0,2
231150319,1,2.0,0.0,0.0,13
231268,1,3.0,0.0,0.0,12
231798478,1,1.0,0.0,0.0,0
231824392,1,1.0,0.0,0.0,10
232099133,1,1.0,0.0,0.0,2
232160635,1,1.0,0.0,0.0,7
23235250,1,1.0,0.0,0.0,4
23254194,1,1.0,0.0,0.0,32
23277480,1,1.0,0.0,0.0,3
233320086,1,2.0,0.0,0.0,5
23335281,1,1.0,0.0,0.0,29
23351479,1,3.0,0.0,0.0,4
233563057,1,1.0,0.0,0.0,3
23356570,1,2.0,0.0,0.0,9
23362234,1,3.0,0.0,0.0,2
23368445,1,1.0,0.0,0.0,0
233938764,1,1.0,0.0,0.0,3
2339555,1,1.0,0.0,0.0,0
233984636,1,1.0,0.0,0.0,0
234167893,1,1.0,0.0,0.0,8
234270760,1,1.0,0.0,0.0,3
23465977,1,3.0,0.0,0.0,13
234727608,1,1.0,0.0,0.0,10
234798675,1,1.0,0.0,0.0,10
234839116,1,5.0,0.0,0.0,2
234890761,1,1.0,0.0,0.0,0
23496893,1,1.0,0.0,0.0,9
235075339,1,14.0,0.0,0.0,26
235590808,1,1.0,0.0,0.0,1
235638810,1,1.0,0.0,0.0,3
23572616,1,1.0,0.0,0.0,5
2358108,1,1.0,0.0,0.0,4
235819600,1,2.0,0.0,0.0,0
235822784,1,1.0,0.0,0.0,14
235860204,1,1.0,0.0,0.0,3
235866201,1,3.0,0.0,0.0,3
235901813,1,2.0,0.0,0.0,0
236055696,1,6.0,0.0,0.0,2
236106066,1,2.0,0.0,0.0,14
23622727,1,33.0,0.0,0.0,2
2365549,1,1.0,0.0,0.0,5
236570305,1,1.0,0.0,0.0,8
236570369,1,11.0,0.0,0.0,3
23670203,1,1.0,0.0,0.0,5
236824540,1,26.0,0.0,0.0,24
236828515,1,1.0,0.0,0.0,11
236953554,1,19.0,0.0,0.0,1
237159,1,6.0,0.0,0.0,4
23727431,1,14.0,0.0,0.0,7
237360465,1,4.0,0.0,0.0,4
237402828,1,1.0,0.0,0.0,15
237409088,1,1.0,0.0,0.0,3
237459124,1,2.0,0.0,0.0,13
237523442,1,1.0,0.0,0.0,2
237547093,1,3.0,0.0,0.0,12
237617513,1,3.0,0.0,0.0,3
237707489,1,1.0,0.0,0.0,16
237844675,1,2.0,0.0,0.0,1
23797421,1,1.0,0.0,0.0,3
23821422,1,5.0,0.0,0.0,8
238290996,1,2.0,0.0,0.0,1
23837751,1,3.0,0.0,0.0,9
2383782,1,1.0,0.0,0.0,3
238683847,1,1.0,0.0,0.0,0
239253118,1,1.0,0.0,0.0,2
23930639,1,3.0,0.0,0.0,4
239381576,1,1.0,0.0,0.0,2
239416281,1,1.0,0.0,0.0,0
2394379,1,10.0,0.0,0.0,4
239469102,1,2.0,0.0,0.0,5
2396600,1,6.0,0.0,0.0,8
239770490,1,1.0,0.0,0.0,8
239781275,1,1.0,0.0,0.0,14
24000265,1,27.0,0.0,0.0,12
2401217,1,1.0,0.0,0.0,28
240151150,1,118.0,0.0,0.0,29
240215314,1,1.0,0.0,0.0,6
240317939,1,9.0,0.0,0.0,27
240328897,1,1.0,0.0,0.0,4
240466,1,3.0,0.0,0.0,3
240543078,1,1.0,0.0,0.0,0
240819531,1,3.0,0.0,0.0,19
240912221,1,1.0,0.0,0.0,3
240949621,1,1.0,0.0,0.0,1
240971435,1,1.0,0.0,0.0,0
241163393,1,1.0,0.0,0.0,0
241268229,1,434.0,0.0,0.0,29
241506979,1,1.0,0.0,0.0,1
24167016,1,2.0,0.0,0.0,4
241853427,1,1.0,0.0,0.0,3
241903378,1,2.0,0.0,0.0,2
24195339,1,2.0,0.0,0.0,4
242094505,1,1.0,0.0,0.0,3
2423322,1,3.0,0.0,0.0,8
242479774,1,4.0,0.0,0.0,1
242581770,1,1.0,0.0,0.0,7
242754476,1,2.0,0.0,0.0,10
242765280,1,1.0,0.0,0.0,7
242776849,1,1.0,0.0,0.0,6
242828875,1,2.0,0.0,0.0,1
242856167,1,1.0,0.0,0.0,14
242923033,1,2.0,0.0,0.0,0
242923372,1,17.0,0.0,0.0,2
242970900,1,6.0,0.0,0.0,3
2430537,1,29.0,0.0,0.0,13
243452117,1,3.0,0.0,0.0,3
24349832,1,1.0,0.0,0.0,3
243538828,1,1.0,0.0,0.0,1
243668393,1,1.0,0.0,0.0,9
243808437,1,1.0,0.0,0.0,4
24385451,1,1.0,0.0,0.0,7
244123773,1,52.0,0.0,0.0,4
2441517,1,1.0,0.0,0.0,3
244496643,1,156.0,0.0,0.0,29
244514240,1,1.0,0.0,0.0,0
244554606,1,2.0,0.0,0.0,21
244958571,1,2.0,0.0,0.0,2
244979294,1,4.0,0.0,0.0,3
24499046,1,16.0,0.0,0.0,4
245388716,1,2.0,0.0,0.0,4
246133980,1,1.0,0.0,0.0,7
246338488,1,1.0,0.0,0.0,3
24653868,1,2.0,0.0,0.0,4
24693026,1,1.0,0.0,0.0,9
247111689,1,1.0,0.0,0.0,9
247399816,1,1.0,0.0,0.0,1
247430773,1,1.0,0.0,0.0,2
24747723,1,38.0,0.0,0.0,17
247587757,1,1.0,0.0,0.0,7
247590545,1,1.0,0.0,0.0,2
2476162,1,1.0,0.0,0.0,9
24806180,1,1.0,0.0,0.0,3
2484785,1,1.0,0.0,0.0,22
248537383,1,2.0,0.0,0.0,1
248790367,1,11.0,0.0,0.0,2
248868816,1,6.0,0.0,0.0,7
2489216,1,1.0,0.0,0.0,4
24894902,1,1.0,0.0,0.0,5
249098063,1,26.0,0.0,0.0,4
249152133,1,1.0,0.0,0.0,2
249188235,1,7.0,0.0,0.0,2
249319182,1,2.0,0.0,0.0,10
249466377,1,46.0,0.0,0.0,24
249512698,1,19.0,0.0,0.0,13
24963784,1,20.0,0.0,0.0,8
249722766,1,1.0,0.0,0.0,7
24993138,1,1.0,0.0,0.0,2
249956697,1,4.0,0.0,0.0,20
250110282,1,15.0,0.0,0.0,3
250110372,1,1.0,0.0,0.0,4
250213286,1,1.0,0.0,0.0,17
25026453,1,1.0,0.0,0.0,19
2504175,1,2.0,0.0,0.0,11
250552313,1,1.0,0.0,0.0,0
250652185,1,15.0,0.0,0.0,7
250782700,1,1.0,0.0,0.0,0
251312202,1,1.0,0.0,0.0,0
251420886,1,2.0,0.0,0.0,2
251584398,1,1.0,0.0,0.0,1
2516976,1,1.0,0.0,0.0,1
25174671,1,2.0,0.0,0.0,20
251747948,1,3.0,0.0,0.0,15
25175723,1,1.0,0.0,0.0,18
252325176,1,1.0,0.0,0.0,16
252494861,1,1.0,0.0,0.0,4
252522672,1,2.0,0.0,0.0,0
252523575,1,1.0,0.0,0.0,4
252604066,1,1.0,0.0,0.0,7
252649194,1,1.0,0.0,0.0,1
25287349,1,3.0,0.0,0.0,27
2529486,1,1.0,0.0,0.0,5
25299152,1,1.0,0.0,0.0,14
253103317,1,1.0,0.0,0.0,8
25345759,1,4.0,0.0,0.0,9
253614369,1,2.0,0.0,0.0,1
253650720,1,1.0,0.0,0.0,7
25372501,1,1.0,0.0,0.0,4
254116626,1,2.0,0.0,0.0,2
254149837,1,8.0,0.0,0.0,16
25417964,1,27.0,0.0,0.0,2
254578428,1,1.0,0.0,0.0,11
25459400,1,1.0,0.0,0.0,6
254623350,1,2.0,0.0,0.0,0
254774075,1,83.0,0.0,0.0,1
254865575,1,14.0,0.0,0.0,6
254894997,1,1.0,0.0,0.0,2
25494583,1,1.0,0.0,0.0,2
255043026,1,14.0,0.0,0.0,1
255071936,1,1.0,0.0,0.0,0
255086434,1,1.0,0.0,0.0,3
25516648,1,1.0,0.0,0.0,1
255262523,1,3.0,0.0,0.0,0
255546948,1,3.0,0.0,0.0,9
255592249,1,1.0,0.0,0.0,0
255983152,1,1.0,0.0,0.0,1
256061008,1,3.0,0.0,0.0,5
256133315,1,1.0,0.0,0.0,2
256256737,1,1.0,0.0,0.0,4
256328151,1,1.0,0.0,0.0,0
2564522,1,1.0,0.0,0.0,4
256534527,1,1.0,0.0,0.0,16
256736474,1,1.0,0.0,0.0,0
256942539,1,1.0,0.0,0.0,0
257044091,1,26.0,0.0,0.0,4
257130655,1,1.0,0.0,0.0,0
257145326,1,2.0,0.0,0.0,15
25719147,1,3.0,0.0,0.0,2
25720744,1,1.0,0.0,0.0,4
257240218,1,2.0,0.0,0.0,3
257240581,1,11.0,0.0,0.0,3
257313499,1,1.0,0.0,0.0,15
2575826,1,1.0,0.0,0.0,3
257933864,1,25.0,0.0,0.0,15
2580768,1,1.0,0.0,0.0,5
2580769,1,2.0,0.0,0.0,3
258271226,1,1.0,0.0,0.0,4
258297672,1,2.0,0.0,0.0,3
258546843,1,2.0,0.0,0.0,1
258556027,1,1.0,0.0,0.0,5
258713958,1,1.0,0.0,0.0,17
259281907,1,4.0,0.0,0.0,0
25951358,1,1.0,0.0,0.0,2
259626767,1,23.0,0.0,0.0,2
259710503,1,1.0,0.0,0.0,5
259777710,1,1.0,0.0,0.0,0
259933623,1,4.0,0.0,0.0,2
260167348,1,3.0,0.0,0.0,0
26018608,1,1.0,0.0,0.0,1
2601923,1,38.0,0.0,0.0,12
260236126,1,1.0,0.0,0.0,2
260338399,1,4.0,0.0,0.0,27
260351573,1,1.0,0.0,0.0,22
26038648,1,61.0,0.0,0.0,17
260452791,1,1.0,0.0,0.0,2
260488959,1,3.0,0.0,0.0,2
260889387,1,1.0,0.0,0.0,6
260960262,1,1.0,0.0,0.0,2
261032128,1,1.0,0.0,0.0,31
261141187,1,1.0,0.0,0.0,7
261265804,1,2.0,0.0,0.0,19
26126838,1,1.0,0.0,0.0,9
26127968,1,1.0,0.0,0.0,2
261293951,1,1.0,0.0,0.0,1
261541008,1,1.0,0.0,0.0,2
2615616,1,1.0,0.0,0.0,3
26181278,1,1.0,0.0,0.0,5
261895262,1,1.0,0.0,0.0,10
26210598,1,1.0,0.0,0.0,14
262289747,1,1.0,0.0,0.0,3
262521997,1,43.0,0.0,0.0,2
26289803,1,2.0,0.0,0.0,7
26290249,1,1.0,0.0,0.0,2
263035471,1,3.0,0.0,0.0,3
26311145,1,5.0,0.0,0.0,4
263165647,1,1.0,0.0,0.0,2
263411323,1,11.0,0.0,0.0,8
263472353,1,8.0,0.0,0.0,11
263609668,1,2.0,0.0,0.0,5
263701613,1,1.0,0.0,0.0,27
26371893,1,1.0,0.0,0.0,14
263752806,1,1.0,0.0,0.0,18
264043501,1,1.0,0.0,0.0,3
26426726,1,4.0,0.0,0.0,3
264742473,1,1.0,0.0,0.0,2
264818686,1,1.0,0.0,0.0,29
264855617,1,1.0,0.0,0.0,5
264999390,1,3.0,0.0,0.0,3
265183027,1,1.0,0.0,0.0,2
26521129,1,1.0,0.0,0.0,0
265258032,1,1.0,0.0,0.0,2
265363855,1,1.0,0.0,0.0,1
265444433,1,169.0,0.0,0.0,18
265601040,1,1.0,0.0,0.0,9
265621392,1,1.0,0.0,0.0,2
26562411,1,1.0,0.0,0.0,3
26579900,1,2.0,0.0,0.0,12
26610130,1,2.0,0.0,0.0,28
266179818,1,4.0,0.0,0.0,3
26628954,1,1.0,0.0,0.0,4
2669041,1,1.0,0.0,0.0,2
267024149,1,1.0,0.0,0.0,23
267118495,1,1.0,0.0,0.0,9
267161970,1,9.0,0.0,0.0,2
267273319,1,2.0,0.0,0.0,17
267324234,1,1.0,0.0,0.0,1
267410733,1,1.0,0.0,0.0,0
2675355,1,1.0,0.0,0.0,5
26782461,1,2.0,0.0,0.0,25
26785339,1,1.0,0.0,0.0,2
268179753,1,20.0,0.0,0.0,1
268274269,1,96.0,0.0,0.0,16
26827696,1,1.0,0.0,0.0,5
268568992,1,1.0,0.0,0.0,16
268591722,1,1.0,0.0,0.0,5
268817515,1,1.0,0.0,0.0,16
268833180,1,10.0,0.0,0.0,4
268936983,1,1.0,0.0,0.0,0
269159100,1,2.0,0.0,0.0,5
269177629,1,3.0,0.0,0.0,2
269238359,1,1.0,0.0,0.0,4
26947860,1,1.0,0.0,0.0,4
269560571,1,1.0,0.0,0.0,1
269612753,1,1.0,0.0,0.0,5
270591305,1,1.0,0.0,0.0,3
271140688,1,1.0,0.0,0.0,7
271251138,1,2.0,0.0,0.0,18
271357052,1,1.0,0.0,0.0,0
271409073,1,1.0,0.0,0.0,5
2718248,1,1.0,0.0,0.0,13
271913609,1,1.0,0.0,0.0,10
272244219,1,1.0,0.0,0.0,0
273084758,1,1.0,0.0,0.0,5
273200471,1,5.0,0.0,0.0,18
273382715,1,1.0,0.0,0.0,3
273550906,1,11.0,0.0,0.0,7
27358084,1,1.0,0.0,0.0,14
273601619,1,2.0,0.0,0.0,2
273741035,1,31.0,0.0,0.0,1
2740148,1,1.0,0.0,0.0,5
274077404,1,1.0,0.0,0.0,3
274116286,1,11.0,0.0,0.0,7
274135349,1,19.0,0.0,0.0,2
274705319,1,21.0,0.0,0.0,7
274753366,1,22.0,0.0,0.0,26
274799566,1,2.0,0.0,0.0,8
27500243,1,2.0,0.0,0.0,6
275084371,1,1.0,0.0,0.0,7
275100970,1,1.0,0.0,0.0,2
27522251,1,14.0,0.0,0.0,2
275257814,1,3.0,0.0,0.0,12
27546391,1,1.0,0.0,0.0,4
275516738,1,2.0,0.0,0.0,1
275647768,1,3.0,0.0,0.0,7
275650396,1,3.0,0.0,0.0,3
275707200,1,1.0,0.0,0.0,16
275993885,1,11.0,0.0,0.0,10
276025804,1,5.0,0.0,0.0,3
276136616,1,4.0,0.0,0.0,4
276189831,1,1.0,0.0,0.0,14
276192114,1,2.0,0.0,0.0,5
276293992,1,7.0,0.0,0.0,9
276304668,1,1.0,0.0,0.0,2
276347473,1,2.0,0.0,0.0,16
276535130,1,1.0,0.0,0.0,11
276685482,1,785.0,0.0,0.0,14
276898192,1,1.0,0.0,0.0,0
277189053,1,2.0,0.0,0.0,18
27721932,1,33.0,0.0,0.0,4
27729171,1,1.0,0.0,0.0,0
27759161,1,1.0,0.0,0.0,1
277836190,1,2.0,0.0,0.0,16
277837858,1,1.0,0.0,0.0,1
277852028,1,1.0,0.0,0.0,10
277923166,1,1.0,0.0,0.0,2
278098612,1,1.0,0.0,0.0,1
278640104,1,1.0,0.0,0.0,13
278745987,1,4.0,0.0,0.0,10
27883327,1,1.0,0.0,0.0,4
27889694,1,161.0,0.0,0.0,8
279083788,1,2.0,0.0,0.0,0
279115112,1,1.0,0.0,0.0,3
279134229,1,2.0,0.0,0.0,0
279258716,1,1.0,0.0,0.0,3
27929056,1,48.0,0.0,0.0,7
279376765,1,1.0,0.0,0.0,2
27945817,1,2.0,0.0,0.0,2
279553,1,16.0,0.0,0.0,3
279622976,1,7.0,0.0,0.0,1
279678961,1,6.0,0.0,0.0,2
279745783,1,1.0,0.0,0.0,17
27974762,1,56.0,0.0,0.0,1
27994296,1,15.0,0.0,0.0,3
28011464,1,2.0,0.0,0.0,2
280276446,1,54.0,0.0,0.0,8
280356979,1,2.0,0.0,0.0,0
2804383,1,5.0,0.0,0.0,4
2804438,1,4.0,0.0,0.0,3
280818415,1,1.0,0.0,0.0,22
281550668,1,1.0,0.0,0.0,9
28156794,1,1.0,0.0,0.0,4
281634568,1,4.0,0.0,0.0,16
281870638,1,2.0,0.0,0.0,0
28200583,1,2.0,0.0,0.0,8
282179811,1,1.0,0.0,0.0,10
282229865,1,1.0,0.0,0.0,8
28226810,1,1.0,0.0,0.0,0
282339941,1,5.0,0.0,0.0,3
282416261,1,1.0,0.0,0.0,1
282994686,1,1.0,0.0,0.0,3
283046497,1,1.0,0.0,0.0,10
283187702,1,3.0,0.0,0.0,0
283230219,1,1.0,0.0,0.0,0
283343889,1,3.0,0.0,0.0,5
2835111,1,2.0,0.0,0.0,8
283817011,1,4.0,0.0,0.0,3
283874375,1,11.0,0.0,0.0,8
284165134,1,5.0,0.0,0.0,14
28449431,1,1.0,0.0,0.0,4
28470446,1,2.0,0.0,0.0,18
284745566,1,2.0,0.0,0.0,3
28478401,1,12.0,0.0,0.0,0
28478420,1,12.0,0.0,0.0,0
284949442,1,11.0,0.0,0.0,5
285320805,1,11.0,0.0,0.0,0
28554304,1,1.0,0.0,0.0,0
285669400,1,1.0,0.0,0.0,12
285864234,1,5.0,0.0,0.0,2
285867319,1,15.0,0.0,0.0,1
286732086,1,22.0,0.0,0.0,4
287010125,1,13.0,0.0,0.0,2
287015918,1,1.0,0.0,0.0,4
287193461,1,1.0,0.0,0.0,2
2871998,1,2.0,0.0,0.0,14
287279910,1,2.0,0.0,0.0,13
287336275,1,1.0,0.0,0.0,32
287403351,1,1.0,0.0,0.0,2
28750927,1,1.0,0.0,0.0,3
28782747,1,1.0,0.0,0.0,0
288082909,1,1.0,0.0,0.0,7
28826653,1,1.0,0.0,0.0,2
288349261,1,1.0,0.0,0.0,1
288677911,1,1.0,0.0,0.0,0
28900400,1,32.0,0.0,0.0,3
28905625,1,1.0,0.0,0.0,0
289076255,1,8.0,0.0,0.0,31
289243246,1,3.0,0.0,0.0,1
289379729,1,1.0,0.0,0.0,0
289382944,1,3.0,0.0,0.0,1
28951059,1,1.0,0.0,0.0,3
28975929,1,1.0,0.0,0.0,9
28986292,1,1.0,0.0,0.0,2
290090784,1,1.0,0.0,0.0,32
29028775,1,9.0,0.0,0.0,8
2902935,1,1.0,0.0,0.0,1
290871583,1,1.0,0.0,0.0,4
290899681,1,1.0,0.0,0.0,1
290916665,1,1.0,0.0,0.0,1
29094022,1,1.0,0.0,0.0,25
291038744,1,15.0,0.0,0.0,4
291130821,1,2.0,0.0,0.0,1
291153670,1,2.0,0.0,0.0,3
291308731,1,1.0,0.0,0.0,2
291474609,1,1.0,0.0,0.0,2
2915576,1,1.0,0.0,0.0,0
291570,1,4.0,0.0,0.0,4
291735249,1,1.0,0.0,0.0,1
29178282,1,5.0,0.0,0.0,3
291960479,1,1.0,0.0,0.0,2
292014229,1,1.0,0.0,0.0,1
292053394,1,3.0,0.0,0.0,3
29207621,1,3.0,0.0,0.0,14
29220333,1,1.0,0.0,0.0,4
2923236,1,2.0,0.0,0.0,11
292561501,1,1.0,0.0,0.0,2
292834673,1,10.0,0.0,0.0,0
292853702,1,1.0,0.0,0.0,2
29287955,1,14.0,0.0,0.0,1
292888939,1,1.0,0.0,0.0,7
2928944,1,1.0,0.0,0.0,4
2929393,1,1.0,0.0,0.0,5
29301872,1,1.0,0.0,0.0,6
2931111,1,27.0,0.0,0.0,13
29312746,1,1.0,0.0,0.0,11
29329884,1,1.0,0.0,0.0,0
293399774,1,19.0,0.0,0.0,1
293811116,1,1.0,0.0,0.0,20
293888925,1,9.0,0.0,0.0,11
294129886,1,4.0,0.0,0.0,0
294223530,1,9.0,0.0,0.0,7
294224347,1,1.0,0.0,0.0,7
294578325,1,1.0,0.0,0.0,24
294633672,1,5.0,0.0,0.0,5
294958663,1,1.0,0.0,0.0,24
295027737,1,1.0,0.0,0.0,1
295316675,1,1.0,0.0,0.0,3
29533139,1,2.0,0.0,0.0,0
29551708,1,33.0,0.0,0.0,1
295598569,1,3.0,0.0,0.0,3
295620416,1,153.0,0.0,0.0,18
295695288,1,1.0,0.0,0.0,16
295774370,1,1.0,0.0,0.0,26
295807341,1,3.0,0.0,0.0,14
295885135,1,4.0,0.0,0.0,4
295909370,1,132.0,0.0,0.0,8
296070150,1,1.0,0.0,0.0,4
296235125,1,1.0,0.0,0.0,2
296382547,1,8.0,0.0,0.0,8
296405219,1,1.0,0.0,0.0,0
296547184,1,3.0,0.0,0.0,12
296678196,1,1.0,0.0,0.0,14
296778170,1,2.0,0.0,0.0,6
296934024,1,1.0,0.0,0.0,1
297347284,1,50.0,0.0,0.0,0
297348383,1,1.0,0.0,0.0,4
297728481,1,2.0,0.0,0.0,7
297768162,1,1.0,0.0,0.0,4
297869437,1,1.0,0.0,0.0,9
297975339,1,7.0,0.0,0.0,4
298223290,1,7.0,0.0,0.0,4
298223552,1,1.0,0.0,0.0,4
298439529,1,1.0,0.0,0.0,2
29845767,1,1.0,0.0,0.0,2
298533689,1,1.0,0.0,0.0,10
298726683,1,1.0,0.0,0.0,14
298920362,1,7.0,0.0,0.0,4
299240810,1,1.0,0.0,0.0,2
299276319,1,132.0,0.0,0.0,0
299603525,1,1.0,0.0,0.0,0
299907256,1,1.0,0.0,0.0,2
30004263,1,1.0,0.0,0.0,1
300200809,1,1.0,0.0,0.0,22
300290246,1,3.0,0.0,0.0,0
30030073,1,1.0,0.0,0.0,5
30071587,1,13.0,0.0,0.0,9
300726227,1,4.0,0.0,0.0,8
301695013,1,5.0,0.0,0.0,0
301794968,1,1.0,0.0,0.0,2
30193977,1,1.0,0.0,0.0,17
30203935,1,1.0,0.0,0.0,11
30216244,1,1.0,0.0,0.0,0
302298095,1,3.0,0.0,0.0,0
30270430,1,1.0,0.0,0.0,1
30272,1,1.0,0.0,0.0,0
302982238,1,1.0,0.0,0.0,0
30321994,1,1.0,0.0,0.0,13
303405208,1,1.0,0.0,0.0,1
303703887,1,1.0,0.0,0.0,26
3037278,1,2.0,0.0,0.0,5
303762301,1,2.0,0.0,0.0,14
303803422,1,3.0,0.0,0.0,16
30381877,1,30.0,0.0,0.0,8
30383208,1,1.0,0.0,0.0,7
30389634,1,1.0,0.0,0.0,2
303940930,1,1.0,0.0,0.0,1
303967701,1,1.0,0.0,0.0,4
304146787,1,1.0,0.0,0.0,24
304242794,1,9.0,0.0,0.0,0
3043048,1,10.0,0.0,0.0,8
30434289,1,4.0,0.0,0.0,3
304398999,1,1.0,0.0,0.0,4
304430669,1,9.0,0.0,0.0,0
304432822,1,1.0,0.0,0.0,0
304465394,1,17.0,0.0,0.0,1
305498835,1,2.0,0.0,0.0,3
305514104,1,4.0,0.0,0.0,31
30553392,1,11.0,0.0,0.0,4
305581149,1,1.0,0.0,0.0,2
30567707,1,1.0,0.0,0.0,1
306009386,1,1.0,0.0,0.0,1
306084295,1,6.0,0.0,0.0,1
306382967,1,1.0,0.0,0.0,13
30712202,1,1.0,0.0,0.0,0
307214458,1,3.0,0.0,0.0,0
3072629,1,94.0,0.0,0.0,12
30765938,1,18.0,0.0,0.0,8
307760976,1,76.0,0.0,0.0,16
308044189,1,1.0,0.0,0.0,13
3080628,1,7.0,0.0,0.0,3
30824101,1,1.0,0.0,0.0,5
308653481,1,3.0,0.0,0.0,3
3087541,1,2.0,0.0,0.0,2
309309464,1,1.0,0.0,0.0,0
309513886,1,11.0,0.0,0.0,1
30951894,1,1.0,0.0,0.0,10
309689851,1,1.0,0.0,0.0,10
310143368,1,2.0,0.0,0.0,4
310217738,1,1.0,0.0,0.0,1
310300394,1,1.0,0.0,0.0,0
310666411,1,1.0,0.0,0.0,3
310873272,1,1.0,0.0,0.0,2
311293512,1,1.0,0.0,0.0,9
311344607,1,2.0,0.0,0.0,4
311682575,1,1.0,0.0,0.0,1
311701406,1,2.0,0.0,0.0,5
31185891,1,1.0,0.0,0.0,2
31228039,1,2.0,0.0,0.0,7
31261671,1,8.0,0.0,0.0,3
312851969,1,2.0,0.0,0.0,4
31290528,1,1.0,0.0,0.0,0
313068453,1,1.0,0.0,0.0,5
313091396,1,1.0,0.0,0.0,4
31323121,1,21.0,0.0,0.0,5
313250436,1,3.0,0.0,0.0,21
313347776,1,2.0,0.0,0.0,4
31358787,1,1.0,0.0,0.0,8
313731577,1,2.0,0.0,0.0,7
313801701,1,1.0,0.0,0.0,0
31432573,1,1.0,0.0,0.0,17
314337176,1,9.0,0.0,0.0,2
314384911,1,1.0,0.0,0.0,4
314442029,1,2.0,0.0,0.0,0
314641288,1,1.0,0.0,0.0,9
3148979,1,3.0,0.0,0.0,11
3149948,1,12.0,0.0,0.0,28
31504491,1,2.0,0.0,0.0,21
315591279,1,1.0,0.0,0.0,18
315928700,1,3.0,0.0,0.0,19
315929658,1,1.0,0.0,0.0,6
315990473,1,1.0,0.0,0.0,24
31619713,1,1.0,0.0,0.0,2
31663150,1,2.0,0.0,0.0,0
316738106,1,1.0,0.0,0.0,5
316761074,1,1.0,0.0,0.0,4
316803297,1,1.0,0.0,0.0,14
317173754,1,3.0,0.0,0.0,15
317234849,1,1.0,0.0,0.0,14
317655208,1,1.0,0.0,0.0,7
31772468,1,1.0,0.0,0.0,2
317755107,1,1.0,0.0,0.0,2
3180553,1,38.0,0.0,0.0,13
31806094,1,1.0,0.0,0.0,2
318328445,1,1.0,0.0,0.0,11
318476701,1,2.0,0.0,0.0,9
318608950,1,2.0,0.0,0.0,0
318660317,1,1.0,0.0,0.0,0
319035161,1,1.0,0.0,0.0,0
319059109,1,1.0,0.0,0.0,16
319168169,1,1.0,0.0,0.0,0
31927407,1,12.0,0.0,0.0,8
319459651,1,1.0,0.0,0.0,1
319463560,1,1.0,0.0,0.0,8
319572121,1,1.0,0.0,0.0,1
319701508,1,1.0,0.0,0.0,6
3199002,1,1.0,0.0,0.0,3
320135333,1,1.0,0.0,0.0,4
320146230,1,1.0,0.0,0.0,7
320426156,1,1.0,0.0,0.0,1
320542358,1,2.0,0.0,0.0,1
320929718,1,9.0,0.0,0.0,6
321270638,1,2.0,0.0,0.0,1
32135981,1,1.0,0.0,0.0,13
321386930,1,1.0,0.0,0.0,16
3214406,1,2.0,0.0,0.0,2
321853986,1,1.0,0.0,0.0,8
321908167,1,30.0,0.0,0.0,0
321938,1,2.0,0.0,0.0,3
321960447,1,1.0,0.0,0.0,5
322028429,1,4.0,0.0,0.0,1
322322404,1,24.0,0.0,0.0,14
322347496,1,1.0,0.0,0.0,0
32235223,1,1.0,0.0,0.0,0
322947344,1,1.0,0.0,0.0,19
323035550,1,2.0,0.0,0.0,1
323046430,1,2.0,0.0,0.0,4
3232106,1,2.0,0.0,0.0,9
323363286,1,9.0,0.0,0.0,1
323438715,1,1.0,0.0,0.0,1
32347104,1,1.0,0.0,0.0,0
323751403,1,1.0,0.0,0.0,3
3237873,1,10.0,0.0,0.0,22
323902156,1,10.0,0.0,0.0,1
324487461,1,2.0,0.0,0.0,3
324647622,1,6.0,0.0,0.0,0
324673283,1,1.0,0.0,0.0,1
32500369,1,2.0,0.0,0.0,1
325213317,1,1.0,0.0,0.0,3
325329172,1,3.0,0.0,0.0,2
325329184,1,3.0,0.0,0.0,2
325329228,1,3.0,0.0,0.0,2
325329294,1,3.0,0.0,0.0,2
325329322,1,9.0,0.0,0.0,2
325548909,1,1.0,0.0,0.0,0
32559774,1,1.0,0.0,0.0,1
325701502,1,3.0,0.0,0.0,19
325777713,1,2.0,0.0,0.0,3
32579343,1,5.0,0.0,0.0,1
325822007,1,5.0,0.0,0.0,3
326652944,1,1.0,0.0,0.0,1
326725339,1,7.0,0.0,0.0,2
326744856,1,1.0,0.0,0.0,4
327089870,1,3.0,0.0,0.0,2
327160294,1,1.0,0.0,0.0,2
327310511,1,1.0,0.0,0.0,16
327528642,1,5.0,0.0,0.0,0
327628682,1,91.0,0.0,0.0,18
32769228,1,4.0,0.0,0.0,7
327705279,1,2.0,0.0,0.0,26
32786829,1,1.0,0.0,0.0,26
327874458,1,1.0,0.0,0.0,2
32792022,1,9.0,0.0,0.0,4
32795118,1,3.0,0.0,0.0,33
3280270,1,1.0,0.0,0.0,28
32812675,1,9.0,0.0,0.0,4
328697653,1,1.0,0.0,0.0,0
3287453,1,1.0,0.0,0.0,8
328806334,1,2.0,0.0,0.0,2
32887098,1,1.0,0.0,0.0,1
3291848,1,2.0,0.0,0.0,4
329451761,1,1.0,0.0,0.0,12
329798491,1,1.0,0.0,0.0,20
330085907,1,1.0,0.0,0.0,3
330211847,1,4.0,0.0,0.0,1
330478792,1,1.0,0.0,0.0,10
330488939,1,1.0,0.0,0.0,1
330590745,1,1.0,0.0,0.0,4
330802289,1,3.0,0.0,0.0,2
331456036,1,1.0,0.0,0.0,7
33146014,1,18.0,0.0,0.0,12
33157169,1,2.0,0.0,0.0,8
331611849,1,1.0,0.0,0.0,8
331691688,1,6.0,0.0,0.0,3
331725162,1,1.0,0.0,0.0,2
331918284,1,1.0,0.0,0.0,3
33196459,1,1.0,0.0,0.0,1
332819751,1,1.0,0.0,0.0,2
332845154,1,1.0,0.0,0.0,0
3328856,1,3.0,0.0,0.0,9
333303663,1,2.0,0.0,0.0,1
333356226,1,1.0,0.0,0.0,8
333570243,1,1.0,0.0,0.0,8
334134772,1,2.0,0.0,0.0,0
33413850,1,1.0,0.0,0.0,0
3342055,1,1.0,0.0,0.0,0
334274317,1,18.0,0.0,0.0,6
33456236,1,2.0,0.0,0.0,1
334585300,1,13.0,0.0,0.0,0
33539450,1,1.0,0.0,0.0,3
335671865,1,4.0,0.0,0.0,1
335786381,1,2.0,0.0,0.0,3
335831903,1,1.0,0.0,0.0,12
335846210,1,1.0,0.0,0.0,8
335983019,1,1.0,0.0,0.0,1
335991315,1,1.0,0.0,0.0,3
336150764,1,1.0,0.0,0.0,17
336170831,1,1.0,0.0,0.0,3
336256257,1,3.0,0.0,0.0,5
336298167,1,3.0,0.0,0.0,13
336431585,1,2.0,0.0,0.0,1
337259586,1,24.0,0.0,0.0,1
337713340,1,1.0,0.0,0.0,1
337897840,1,1.0,0.0,0.0,0
337986406,1,11.0,0.0,0.0,12
338025227,1,1.0,0.0,0.0,0
338169115,1,1.0,0.0,0.0,0
338307278,1,1.0,0.0,0.0,16
338771983,1,3.0,0.0,0.0,3
33881440,1,1.0,0.0,0.0,7
33881870,1,1.0,0.0,0.0,6
339098424,1,1.0,0.0,0.0,14
339348284,1,1.0,0.0,0.0,7
33994380,1,1.0,0.0,0.0,2
339993533,1,1.0,0.0,0.0,2
340038528,1,1.0,0.0,0.0,11
3402186,1,1.0,0.0,0.0,0
34039690,1,2.0,0.0,0.0,13
340449391,1,21.0,0.0,0.0,6
34083887,1,1.0,0.0,0.0,0
34087729,1,4.0,0.0,0.0,3
340996636,1,2.0,0.0,0.0,12
34117853,1,1.0,0.0,0.0,11
341316058,1,2.0,0.0,0.0,7
341322737,1,1.0,0.0,0.0,3
34138622,1,1.0,0.0,0.0,3
341429644,1,1.0,0.0,0.0,3
341497177,1,1.0,0.0,0.0,8
341523730,1,2.0,0.0,0.0,0
341636094,1,1.0,0.0,0.0,8
342006158,1,2.0,0.0,0.0,0
342249231,1,1.0,0.0,0.0,33
342551701,1,6.0,0.0,0.0,0
34262857,1,1.0,0.0,0.0,8
343068432,1,31.0,0.0,0.0,1
343191804,1,1.0,0.0,0.0,0
343208836,1,1.0,0.0,0.0,0
343429164,1,101.0,0.0,0.0,10
34351530,1,60.0,0.0,0.0,12
34363047,1,1.0,0.0,0.0,0
343648351,1,11.0,0.0,0.0,20
343668846,1,1.0,0.0,0.0,10
343883550,1,2.0,0.0,0.0,4
34391331,1,15.0,0.0,0.0,0
34406933,1,17.0,0.0,0.0,16
34416282,1,3.0,0.0,0.0,3
34428627,1,2.0,0.0,0.0,1
344411200,1,2.0,0.0,0.0,3
344893038,1,5.0,0.0,0.0,2
34527204,1,4.0,0.0,0.0,1
345321678,1,2.0,0.0,0.0,15
345431021,1,1.0,0.0,0.0,6
345619662,1,20.0,0.0,0.0,16
34562183,1,1.0,0.0,0.0,3
345802860,1,1.0,0.0,0.0,16
345847364,1,1.0,0.0,0.0,2
346005187,1,1.0,0.0,0.0,2
346109201,1,4.0,0.0,0.0,7
346151858,1,1.0,0.0,0.0,1
346315576,1,1.0,0.0,0.0,5
346425226,1,6.0,0.0,0.0,14
34655771,1,1.0,0.0,0.0,13
346561418,1,2.0,0.0,0.0,1
346829005,1,2.0,0.0,0.0,6
346904112,1,1.0,0.0,0.0,5
346907737,1,10.0,0.0,0.0,0
34691715,1,1.0,0.0,0.0,6
3470471,1,12.0,0.0,0.0,2
34705315,1,1.0,0.0,0.0,0
347111615,1,1.0,0.0,0.0,4
347171555,1,3.0,0.0,0.0,2
348444625,1,7.0,0.0,0.0,14
34844615,1,2.0,0.0,0.0,28
34852158,1,1.0,0.0,0.0,1
348789764,1,2.0,0.0,0.0,5
348845583,1,58.0,0.0,0.0,2
348845617,1,1.0,0.0,0.0,2
348871706,1,1.0,0.0,0.0,5
348897374,1,2.0,0.0,0.0,15
34905043,1,1.0,0.0,0.0,19
349172057,1,2.0,0.0,0.0,3
34921116,1,1.0,0.0,0.0,0
349241,1,5.0,0.0,0.0,13
34933072,1,123.0,0.0,0.0,2
349424951,1,1.0,0.0,0.0,4
349570194,1,1.0,0.0,0.0,1
349707098,1,3.0,0.0,0.0,6
349752717,1,9.0,0.0,0.0,1
350416584,1,28.0,0.0,0.0,0
35051820,1,2.0,0.0,0.0,25
350606794,1,6.0,0.0,0.0,1
350645373,1,2.0,0.0,0.0,11
350747449,1,1.0,0.0,0.0,6
35100117,1,1.0,0.0,0.0,13
351019317,1,11.0,0.0,0.0,29
351130822,1,1.0,0.0,0.0,2
35120039,1,1.0,0.0,0.0,2
351353365,1,1.0,0.0,0.0,2
351503108,1,2.0,0.0,0.0,11
351978195,1,1.0,0.0,0.0,1
35228936,1,1.0,0.0,0.0,9
352436122,1,14.0,0.0,0.0,10
352804165,1,17.0,0.0,0.0,7
352933986,1,2.0,0.0,0.0,5
353335347,1,2.0,0.0,0.0,1
35339348,1,3.0,0.0,0.0,10
353523898,1,3.0,0.0,0.0,0
3535411,1,1.0,0.0,0.0,10
353791258,1,1.0,0.0,0.0,31
353886007,1,2.0,0.0,0.0,3
354080507,1,2000.0,0.0,0.0,6
354094562,1,2007.0,0.0,0.0,6
354123935,1,1999.0,0.0,0.0,6
354125784,1,2006.0,0.0,0.0,6
354126484,1,2008.0,0.0,0.0,6
354129853,1,2017.0,0.0,0.0,6
354136133,1,2005.0,0.0,0.0,6
354191236,1,1.0,0.0,0.0,2
35437397,1,7.0,0.0,0.0,4
354375556,1,1.0,0.0,0.0,10
3544424,1,64.0,0.0,0.0,14
354899090,1,2.0,0.0,0.0,6
355015152,1,2004.0,0.0,0.0,6
355027797,1,1997.0,0.0,0.0,6
355029829,1,3.0,0.0,0.0,6
355030559,1,2009.0,0.0,0.0,6
355032495,1,2006.0,0.0,0.0,6
355033263,1,2002.0,0.0,0.0,6
355035157,1,2009.0,0.0,0.0,6
355197173,1,15.0,0.0,0.0,0
355253165,1,2.0,0.0,0.0,2
35529429,1,8.0,0.0,0.0,2
355307023,1,1.0,0.0,0.0,3
355636760,1,3.0,0.0,0.0,2
35566048,1,4.0,0.0,0.0,1
356003512,1,5.0,0.0,0.0,24
356362815,1,2.0,0.0,0.0,1
356756,1,1.0,0.0,0.0,22
35698408,1,39.0,0.0,0.0,4
35699660,1,1.0,0.0,0.0,4
35699831,1,1.0,0.0,0.0,3
35701030,1,3.0,0.0,0.0,4
357107303,1,1.0,0.0,0.0,2
35718616,1,1.0,0.0,0.0,3
35726310,1,2.0,0.0,0.0,8
357287236,1,1.0,0.0,0.0,24
357290698,1,2.0,0.0,0.0,6
357378270,1,1.0,0.0,0.0,6
357462016,1,1.0,0.0,0.0,0
357494593,1,1.0,0.0,0.0,11
357510578,1,3.0,0.0,0.0,6
357524436,1,1.0,0.0,0.0,15
357558544,1,2.0,0.0,0.0,9
357684878,1,1.0,0.0,0.0,4
357720135,1,3.0,0.0,0.0,6
357723952,1,104.0,0.0,0.0,6
357728969,1,1.0,0.0,0.0,0
357794679,1,3.0,0.0,0.0,6
357936578,1,20.0,0.0,0.0,16
358067277,1,35.0,0.0,0.0,10
35810174,1,1.0,0.0,0.0,25
358201880,1,1.0,0.0,0.0,0
35852087,1,1.0,0.0,0.0,27
358735095,1,10.0,0.0,0.0,6
35890081,1,1.0,0.0,0.0,13
358925208,1,1.0,0.0,0.0,11
35897457,1,1.0,0.0,0.0,4
35900688,1,1.0,0.0,0.0,3
359168968,1,1.0,0.0,0.0,2
359199097,1,1.0,0.0,0.0,1
359341902,1,1.0,0.0,0.0,1
359494116,1,1.0,0.0,0.0,20
35958325,1,1.0,0.0,0.0,4
359607103,1,4.0,0.0,0.0,0
359757315,1,1.0,0.0,0.0,4
359757377,1,1.0,0.0,0.0,20
359780596,1,17.0,0.0,0.0,1
359812205,1,182.0,0.0,0.0,16
359965651,1,1.0,0.0,0.0,6
360264486,1,1.0,0.0,0.0,21
3604157,1,16.0,0.0,0.0,4
360436551,1,2.0,0.0,0.0,17
360462210,1,1.0,0.0,0.0,3
3604630,1,1.0,0.0,0.0,7
36046479,1,40.0,0.0,0.0,1
360521076,1,2.0,0.0,0.0,10
360639607,1,1.0,0.0,0.0,5
360734598,1,15.0,0.0,0.0,0
360735059,1,3.0,0.0,0.0,2
360961757,1,1.0,0.0,0.0,19
360998824,1,1.0,0.0,0.0,2
361383146,1,1.0,0.0,0.0,9
36161366,1,2.0,0.0,0.0,4
361767999,1,1.0,0.0,0.0,2
361877033,1,2.0,0.0,0.0,12
362068489,1,1.0,0.0,0.0,3
362220956,1,18.0,0.0,0.0,6
362276910,1,1.0,0.0,0.0,6
362404999,1,1.0,0.0,0.0,3
362529558,1,1.0,0.0,0.0,2
3626075,1,1.0,0.0,0.0,4
36267369,1,1.0,0.0,0.0,28
362712307,1,4.0,0.0,0.0,3
363191223,1,1.0,0.0,0.0,12
363341351,1,3.0,0.0,0.0,6
36377339,1,1.0,0.0,0.0,0
363801746,1,1.0,0.0,0.0,1
363917569,1,1.0,0.0,0.0,4
363920445,1,1.0,0.0,0.0,2
364003912,1,114.0,0.0,0.0,6
36404681,1,1.0,0.0,0.0,13
364189600,1,1.0,0.0,0.0,20
364195857,1,7.0,0.0,0.0,6
36444640,1,1.0,0.0,0.0,2
364534653,1,4.0,0.0,0.0,6
364602128,1,1.0,0.0,0.0,1
364712598,1,1.0,0.0,0.0,6
364741693,1,1.0,0.0,0.0,2
364992209,1,1.0,0.0,0.0,13
365005377,1,1.0,0.0,0.0,0
365099290,1,1.0,0.0,0.0,20
365367675,1,1.0,0.0,0.0,3
36552873,1,1.0,0.0,0.0,2
3655872,1,2.0,0.0,0.0,14
365818754,1,1.0,0.0,0.0,6
366186609,1,7.0,0.0,0.0,6
366300218,1,4.0,0.0,0.0,2
3664596,1,1.0,0.0,0.0,11
36654353,1,1.0,0.0,0.0,0
366767099,1,2.0,0.0,0.0,6
366922019,1,2.0,0.0,0.0,20
367032142,1,1.0,0.0,0.0,1
367077563,1,1.0,0.0,0.0,5
367361729,1,5.0,0.0,0.0,2
36747447,1,25.0,0.0,0.0,1
367668551,1,1.0,0.0,0.0,1
36778364,1,1.0,0.0,0.0,0
367869181,1,4.0,0.0,0.0,0
368135119,1,1.0,0.0,0.0,20
368257515,1,3.0,0.0,0.0,0
368282919,1,5.0,0.0,0.0,11
36835663,1,1.0,0.0,0.0,0
368395082,1,4.0,0.0,0.0,6
368565094,1,2.0,0.0,0.0,7
368626599,1,4.0,0.0,0.0,1
368683828,1,1.0,0.0,0.0,2
36883823,1,35.0,0.0,0.0,8
3689718,1,15.0,0.0,0.0,13
369486739,1,1.0,0.0,0.0,8
369588765,1,1.0,0.0,0.0,3
369656460,1,1.0,0.0,0.0,1
369765180,1,2.0,0.0,0.0,11
370007792,1,8.0,0.0,0.0,14
370488914,1,2.0,0.0,0.0,12
370644553,1,1.0,0.0,0.0,2
370668507,1,9.0,0.0,0.0,10
371068214,1,19.0,0.0,0.0,2
371468,1,1.0,0.0,0.0,5
371660676,1,1.0,0.0,0.0,1
37198116,1,35.0,0.0,0.0,13
372511564,1,6.0,0.0,0.0,1
372536503,1,2.0,0.0,0.0,0
372560122,1,5.0,0.0,0.0,19
372609963,1,3.0,0.0,0.0,0
372675120,1,1.0,0.0,0.0,19
37282287,1,1.0,0.0,0.0,19
37290652,1,4.0,0.0,0.0,1
37308208,1,1.0,0.0,0.0,0
373163805,1,1.0,0.0,0.0,10
373307571,1,6.0,0.0,0.0,6
37334619,1,3.0,0.0,0.0,14
373697868,1,3.0,0.0,0.0,6
373800628,1,1.0,0.0,0.0,3
373940169,1,2.0,0.0,0.0,4
37440338,1,4.0,0.0,0.0,7
374436184,1,1.0,0.0,0.0,9
37445421,1,2.0,0.0,0.0,0
374544800,1,4.0,0.0,0.0,0
374765810,1,4.0,0.0,0.0,0
374846113,1,1.0,0.0,0.0,7
374876908,1,5.0,0.0,0.0,6
37489525,1,95.0,0.0,0.0,12
374992541,1,1.0,0.0,0.0,5
375027048,1,4.0,0.0,0.0,9
375032116,1,1.0,0.0,0.0,11
37510432,1,10.0,0.0,0.0,2
375265367,1,1.0,0.0,0.0,2
375499480,1,1.0,0.0,0.0,2
375543829,1,3.0,0.0,0.0,6
37560288,1,9.0,0.0,0.0,2
375724253,1,1.0,0.0,0.0,1
375842397,1,1.0,0.0,0.0,1
375962860,1,2.0,0.0,0.0,3
376093508,1,2.0,0.0,0.0,6
376172960,1,43.0,0.0,0.0,0
37631091,1,1.0,0.0,0.0,13
377755619,1,2.0,0.0,0.0,2
377881607,1,1.0,0.0,0.0,3
37796696,1,6.0,0.0,0.0,13
378182560,1,6.0,0.0,0.0,24
378817967,1,1.0,0.0,0.0,2
379008980,1,1.0,0.0,0.0,5
37900915,1,1.0,0.0,0.0,27
379174547,1,1.0,0.0,0.0,12
379201052,1,1.0,0.0,0.0,9
379865325,1,2.0,0.0,0.0,7
379939977,1,1.0,0.0,0.0,0
379969359,1,4.0,0.0,0.0,26
380305028,1,7.0,0.0,0.0,12
380944275,1,3.0,0.0,0.0,1
3811518,1,1.0,0.0,0.0,16
381428400,1,1.0,0.0,0.0,18
381455151,1,1.0,0.0,0.0,10
381500711,1,2.0,0.0,0.0,2
38153503,1,1.0,0.0,0.0,6
381666251,1,2.0,0.0,0.0,13
381967785,1,20.0,0.0,0.0,22
38279457,1,1.0,0.0,0.0,3
382800841,1,1.0,0.0,0.0,9
383020697,1,1.0,0.0,0.0,1
383185912,1,10.0,0.0,0.0,2
38329989,1,2.0,0.0,0.0,11
383428435,1,1.0,0.0,0.0,2
383482440,1,1.0,0.0,0.0,0
383530539,1,5.0,0.0,0.0,4
383707539,1,1.0,0.0,0.0,22
383855027,1,1.0,0.0,0.0,6
383875967,1,2014.0,0.0,0.0,6
384131047,1,4.0,0.0,0.0,4
384132842,1,1.0,0.0,0.0,5
384191524,1,1.0,0.0,0.0,10
384403174,1,2.0,0.0,0.0,1
38451868,1,1.0,0.0,0.0,0
385183546,1,59.0,0.0,0.0,2
38525117,1,7.0,0.0,0.0,12
385426741,1,1.0,0.0,0.0,10
385554672,1,2.0,0.0,0.0,3
385658067,1,1.0,0.0,0.0,0
385693693,1,1.0,0.0,0.0,7
385694529,1,1.0,0.0,0.0,7
386053978,1,1.0,0.0,0.0,3
386095335,1,1.0,0.0,0.0,6
38617,1,2.0,0.0,0.0,5
386788697,1,1.0,0.0,0.0,2
387065774,1,1.0,0.0,0.0,4
387157909,1,2.0,0.0,0.0,1
387486196,1,3.0,0.0,0.0,4
387486323,1,3.0,0.0,0.0,4
387547755,1,1.0,0.0,0.0,0
387598861,1,4.0,0.0,0.0,0
3877327,1,1.0,0.0,0.0,2
387876243,1,2.0,0.0,0.0,6
38800748,1,1.0,0.0,0.0,2
388015125,1,1.0,0.0,0.0,6
388225543,1,1.0,0.0,0.0,12
388268970,1,1.0,0.0,0.0,0
388840211,1,4.0,0.0,0.0,2
388880322,1,20.0,0.0,0.0,6
388881093,1,1.0,0.0,0.0,1
388883534,1,1.0,0.0,0.0,6
388884666,1,4.0,0.0,0.0,6
388885253,1,1.0,0.0,0.0,6
388936696,1,2.0,0.0,0.0,6
389390208,1,1.0,0.0,0.0,19
3894929,1,1.0,0.0,0.0,4
389745284,1,1.0,0.0,0.0,12
390240657,1,143.0,0.0,0.0,32
390324364,1,1.0,0.0,0.0,13
39038086,1,1.0,0.0,0.0,0
390505378,1,1.0,0.0,0.0,3
390536799,1,2.0,0.0,0.0,5
39063076,1,2.0,0.0,0.0,7
39107211,1,1.0,0.0,0.0,10
39111193,1,1.0,0.0,0.0,8
3911430,1,1.0,0.0,0.0,0
39144867,1,1.0,0.0,0.0,3
392292114,1,8.0,0.0,0.0,17
39265047,1,2.0,0.0,0.0,10
392714630,1,1.0,0.0,0.0,3
392728007,1,201.0,0.0,0.0,2
39285768,1,1.0,0.0,0.0,0
392918204,1,1.0,0.0,0.0,6
393094567,1,3.0,0.0,0.0,2
393159516,1,19.0,0.0,0.0,10
393562005,1,1.0,0.0,0.0,0
39398382,1,11.0,0.0,0.0,2
394498711,1,5.0,0.0,0.0,11
394523815,1,1.0,0.0,0.0,3
394754122,1,6.0,0.0,0.0,7
394789638,1,1.0,0.0,0.0,0
394929332,1,3.0,0.0,0.0,10
39519916,1,2.0,0.0,0.0,2
395260989,1,1.0,0.0,0.0,2
3954884,1,1.0,0.0,0.0,3
3955647,1,5.0,0.0,0.0,4
395696124,1,1.0,0.0,0.0,1
39573021,1,1.0,0.0,0.0,13
395733062,1,2.0,0.0,0.0,0
395893003,1,6.0,0.0,0.0,7
39592840,1,4.0,0.0,0.0,30
39595126,1,1.0,0.0,0.0,9
396684289,1,1.0,0.0,0.0,0
39720886,1,2.0,0.0,0.0,25
39759972,1,2.0,0.0,0.0,12
397776424,1,14.0,0.0,0.0,10
397826175,1,1.0,0.0,0.0,2
398105002,1,2.0,0.0,0.0,5
39816691,1,1.0,0.0,0.0,7
398251321,1,3.0,0.0,0.0,0
398329217,1,1.0,0.0,0.0,9
39842065,1,4.0,0.0,0.0,12
398732697,1,1.0,0.0,0.0,0
399244124,1,1.0,0.0,0.0,11
39945883,1,1.0,0.0,0.0,4
399925381,1,22.0,0.0,0.0,2
400147654,1,2.0,0.0,0.0,16
40029196,1,1.0,0.0,0.0,22
400492523,1,1.0,0.0,0.0,1
400786610,1,3.0,0.0,0.0,4
401531966,1,1.0,0.0,0.0,0
4015965,1,1.0,0.0,0.0,19
401599965,1,1.0,0.0,0.0,0
401621478,1,1.0,0.0,0.0,3
40200644,1,1.0,0.0,0.0,3
402021456,1,2.0,0.0,0.0,3
40210247,1,2.0,0.0,0.0,11
402121073,1,1.0,0.0,0.0,4
40219422,1,1.0,0.0,0.0,2
40276274,1,1.0,0.0,0.0,13
403020531,1,1.0,0.0,0.0,15
40306512,1,7.0,0.0,0.0,0
403248238,1,1.0,0.0,0.0,1
403331298,1,1.0,0.0,0.0,14
403351442,1,1.0,0.0,0.0,1
403449752,1,1.0,0.0,0.0,10
40345658,1,37.0,0.0,0.0,1
40355094,1,2.0,0.0,0.0,7
403691920,1,1.0,0.0,0.0,15
403744638,1,1.0,0.0,0.0,18
403880807,1,1.0,0.0,0.0,2
404086694,1,4.0,0.0,0.0,3
404143034,1,1.0,0.0,0.0,14
404144554,1,1.0,0.0,0.0,6
404194456,1,47.0,0.0,0.0,8
4044891,1,33.0,0.0,0.0,26
404607321,1,1.0,0.0,0.0,2
40518025,1,1.0,0.0,0.0,24
405898839,1,1.0,0.0,0.0,3
405937971,1,3.0,0.0,0.0,18
40620773,1,1.0,0.0,0.0,7
40667593,1,10.0,0.0,0.0,26
406681532,1,1.0,0.0,0.0,3
4067434,1,4.0,0.0,0.0,12
4069172,1,1.0,0.0,0.0,10
406919684,1,1.0,0.0,0.0,8
406999479,1,1.0,0.0,0.0,2
407142976,1,2.0,0.0,0.0,0
407294153,1,9.0,0.0,0.0,2
40741114,1,1.0,0.0,0.0,0
407468498,1,1.0,0.0,0.0,11
40781628,1,3.0,0.0,0.0,25
407831273,1,2.0,0.0,0.0,0
408387870,1,1.0,0.0,0.0,3
4084908,1,5.0,0.0,0.0,26
408582115,1,14.0,0.0,0.0,6
408656417,1,10.0,0.0,0.0,7
408725643,1,6.0,0.0,0.0,5
408822193,1,1.0,0.0,0.0,1
408996775,1,2.0,0.0,0.0,7
409279159,1,1.0,0.0,0.0,1
409296208,1,1.0,0.0,0.0,8
409307855,1,1.0,0.0,0.0,1
409370186,1,1.0,0.0,0.0,20
409388445,1,2.0,0.0,0.0,2
409392206,1,1.0,0.0,0.0,8
409505495,1,1.0,0.0,0.0,4
409565500,1,1.0,0.0,0.0,16
409808684,1,2.0,0.0,0.0,15
409814339,1,3.0,0.0,0.0,11
409876755,1,5.0,0.0,0.0,1
410009823,1,5.0,0.0,0.0,9
410139456,1,1.0,0.0,0.0,11
410716689,1,4.0,0.0,0.0,3
410766005,1,2.0,0.0,0.0,1
411125610,1,6.0,0.0,0.0,0
411261949,1,3.0,0.0,0.0,0
411442387,1,1.0,0.0,0.0,10
411502985,1,1.0,0.0,0.0,20
411527414,1,2.0,0.0,0.0,17
41175020,1,1.0,0.0,0.0,0
41179827,1,1.0,0.0,0.0,29
412102330,1,2.0,0.0,0.0,2
412264930,1,2.0,0.0,0.0,0
412357715,1,1.0,0.0,0.0,0
412395318,1,1.0,0.0,0.0,1
41242592,1,1.0,0.0,0.0,5
412586952,1,1.0,0.0,0.0,0
4128353,1,4.0,0.0,0.0,8
413071565,1,4.0,0.0,0.0,0
41317079,1,1.0,0.0,0.0,11
413389267,1,2.0,0.0,0.0,24
413873228,1,1.0,0.0,0.0,15
414013547,1,4.0,0.0,0.0,6
41420773,1,1.0,0.0,0.0,3
414314563,1,5.0,0.0,0.0,2
414369883,1,1.0,0.0,0.0,4
414399712,1,4.0,0.0,0.0,11
414411552,1,19.0,0.0,0.0,3
414487414,1,1.0,0.0,0.0,4
414515727,1,1.0,0.0,0.0,16
414613150,1,1.0,0.0,0.0,0
414633085,1,2.0,0.0,0.0,3
414909619,1,2.0,0.0,0.0,5
415117331,1,1.0,0.0,0.0,9
415174355,1,3.0,0.0,0.0,4
415573763,1,1.0,0.0,0.0,20
415741642,1,1.0,0.0,0.0,0
415771369,1,1.0,0.0,0.0,2
415776566,1,13.0,0.0,0.0,1
415895268,1,3.0,0.0,0.0,0
416051323,1,153.0,0.0,0.0,8
416091141,1,10.0,0.0,0.0,8
416141899,1,1.0,0.0,0.0,2
416144775,1,1.0,0.0,0.0,0
416232706,1,1.0,0.0,0.0,20
416232973,1,1.0,0.0,0.0,20
416307049,1,1.0,0.0,0.0,4
416315721,1,10.0,0.0,0.0,0
416356262,1,1.0,0.0,0.0,25
41659639,1,1.0,0.0,0.0,1
41681600,1,1.0,0.0,0.0,1
417011402,1,2.0,0.0,0.0,2
417132124,1,1.0,0.0,0.0,6
417630672,1,2.0,0.0,0.0,0
417633116,1,1.0,0.0,0.0,0
41767943,1,1.0,0.0,0.0,0
417731747,1,8.0,0.0,0.0,9
41824974,1,1.0,0.0,0.0,11
418276612,1,1.0,0.0,0.0,9
418433841,1,1.0,0.0,0.0,1
41881575,1,2.0,0.0,0.0,2
418902234,1,1.0,0.0,0.0,1
419088860,1,2.0,0.0,0.0,16
4192593,1,2.0,0.0,0.0,7
41943138,1,4.0,0.0,0.0,5
41952293,1,2.0,0.0,0.0,8
419571031,1,1.0,0.0,0.0,11
41964498,1,1.0,0.0,0.0,2
41969076,1,1.0,0.0,0.0,3
419705751,1,1.0,0.0,0.0,5
41986662,1,1.0,0.0,0.0,2
420026145,1,1.0,0.0,0.0,6
420067157,1,1.0,0.0,0.0,4
420110427,1,2.0,0.0,0.0,8
420582125,1,1.0,0.0,0.0,1
42078666,1,1.0,0.0,0.0,4
420838357,1,3.0,0.0,0.0,23
420854474,1,7.0,0.0,0.0,23
42149336,1,1.0,0.0,0.0,4
42155092,1,65.0,0.0,0.0,12
421609857,1,1.0,0.0,0.0,13
421704236,1,2.0,0.0,0.0,6
421774239,1,5.0,0.0,0.0,5
422205507,1,7.0,0.0,0.0,23
422359641,1,2.0,0.0,0.0,2
42237038,1,1.0,0.0,0.0,1
422379561,1,52.0,0.0,0.0,7
42244830,1,1.0,0.0,0.0,12
422455952,1,4.0,0.0,0.0,2
4228808,1,14.0,0.0,0.0,4
42300713,1,33.0,0.0,0.0,3
42304749,1,5.0,0.0,0.0,9
423543171,1,6.0,0.0,0.0,8
423691236,1,1.0,0.0,0.0,12
423712737,1,1.0,0.0,0.0,15
423828713,1,2.0,0.0,0.0,11
423942690,1,1.0,0.0,0.0,3
423955808,1,2.0,0.0,0.0,7
42406144,1,25.0,0.0,0.0,24
42408804,1,4.0,0.0,0.0,2
424470669,1,11.0,0.0,0.0,23
42479602,1,1.0,0.0,0.0,1
424898549,1,3.0,0.0,0.0,18
42494717,1,1.0,0.0,0.0,3
4253330,1,2.0,0.0,0.0,3
425358390,1,1.0,0.0,0.0,8
4254325,1,2.0,0.0,0.0,5
4254334,1,2.0,0.0,0.0,5
425833530,1,2.0,0.0,0.0,5
42610470,1,18.0,0.0,0.0,7
42652543,1,16.0,0.0,0.0,0
426543151,1,6.0,0.0,0.0,0
426559977,1,1.0,0.0,0.0,6
426669980,1,3.0,0.0,0.0,0
426758144,1,1.0,0.0,0.0,3
42679047,1,1.0,0.0,0.0,4
42680391,1,14.0,0.0,0.0,0
4268140,1,3.0,0.0,0.0,2
426969608,1,1.0,0.0,0.0,7
426986055,1,3.0,0.0,0.0,0
427247481,1,1.0,0.0,0.0,3
42728217,1,1.0,0.0,0.0,0
427493431,1,1.0,0.0,0.0,0
42763345,1,1.0,0.0,0.0,11
427714336,1,1.0,0.0,0.0,34
427717011,1,1.0,0.0,0.0,15
428231308,1,1.0,0.0,0.0,0
428744086,1,2.0,0.0,0.0,2
42875585,1,2.0,0.0,0.0,3
428931480,1,2.0,0.0,0.0,23
42895929,1,1.0,0.0,0.0,0
429017214,1,1.0,0.0,0.0,18
429043408,1,2.0,0.0,0.0,5
429115636,1,1.0,0.0,0.0,1
429180442,1,2.0,0.0,0.0,6
429236908,1,3.0,0.0,0.0,24
429258530,1,1.0,0.0,0.0,3
429337233,1,1.0,0.0,0.0,4
429630067,1,1.0,0.0,0.0,7
429687384,1,1.0,0.0,0.0,3
4298283,1,5.0,0.0,0.0,3
430286090,1,1.0,0.0,0.0,6
430398283,1,2.0,0.0,0.0,7
430633055,1,1.0,0.0,0.0,13
430756925,1,3.0,0.0,0.0,0
4307702,1,1.0,0.0,0.0,0
431078731,1,1.0,0.0,0.0,3
43111018,1,1.0,0.0,0.0,2
431214669,1,1.0,0.0,0.0,9
43135716,1,2.0,0.0,0.0,0
431388952,1,2.0,0.0,0.0,0
431665427,1,1.0,0.0,0.0,18
431747333,1,1.0,0.0,0.0,4
431885704,1,2.0,0.0,0.0,0
43192623,1,2.0,0.0,0.0,1
43225113,1,36.0,0.0,0.0,2
432838863,1,1.0,0.0,0.0,1
432887132,1,17.0,0.0,0.0,23
432922260,1,8.0,0.0,0.0,23
433101168,1,1.0,0.0,0.0,11
433198567,1,2.0,0.0,0.0,3
433213085,1,1.0,0.0,0.0,0
433653701,1,1.0,0.0,0.0,0
43372634,1,1.0,0.0,0.0,4
433738623,1,1.0,0.0,0.0,0
433759186,1,1.0,0.0,0.0,8
433773425,1,2.0,0.0,0.0,3
433805355,1,3.0,0.0,0.0,10
4339479,1,2.0,0.0,0.0,28
434218673,1,1.0,0.0,0.0,20
43431363,1,2.0,0.0,0.0,4
434434408,1,1.0,0.0,0.0,0
434827479,1,1.0,0.0,0.0,21
434919155,1,21.0,0.0,0.0,2
435468683,1,1.0,0.0,0.0,16
4354801,1,1.0,0.0,0.0,4
43560507,1,1.0,0.0,0.0,4
435908560,1,1.0,0.0,0.0,4
435955533,1,7.0,0.0,0.0,2
436025393,1,1.0,0.0,0.0,10
436088903,1,1.0,0.0,0.0,3
436282917,1,1.0,0.0,0.0,5
436297183,1,2.0,0.0,0.0,12
436466520,1,1.0,0.0,0.0,0
436474538,1,2.0,0.0,0.0,11
43648562,1,1.0,0.0,0.0,3
436520237,1,6.0,0.0,0.0,9
436536364,1,2.0,0.0,0.0,0
436599976,1,8.0,0.0,0.0,2
436664109,1,1.0,0.0,0.0,1
43701787,1,1.0,0.0,0.0,28
43723161,1,1.0,0.0,0.0,32
437485701,1,3.0,0.0,0.0,10
437782928,1,1.0,0.0,0.0,15
437808595,1,2.0,0.0,0.0,4
437879921,1,2.0,0.0,0.0,8
437944910,1,6.0,0.0,0.0,6
438001215,1,1.0,0.0,0.0,0
438013940,1,23.0,0.0,0.0,7
438056248,1,2.0,0.0,0.0,11
438096425,1,10.0,0.0,0.0,6
438175733,1,1.0,0.0,0.0,5
438203376,1,8.0,0.0,0.0,23
438391791,1,2.0,0.0,0.0,7
438414171,1,1.0,0.0,0.0,2
438625184,1,1.0,0.0,0.0,1
438707344,1,5.0,0.0,0.0,0
439011383,1,1.0,0.0,0.0,0
439055966,1,1.0,0.0,0.0,7
439124081,1,1.0,0.0,0.0,5
439140560,1,2.0,0.0,0.0,25
439232298,1,1.0,0.0,0.0,17
439278330,1,3.0,0.0,0.0,13
439348478,1,24.0,0.0,0.0,10
439728561,1,4.0,0.0,0.0,1
43973779,1,2.0,0.0,0.0,31
43976244,1,1.0,0.0,0.0,6
43977215,1,1.0,0.0,0.0,11
43997752,1,1.0,0.0,0.0,9
440262866,1,12.0,0.0,0.0,8
440289940,1,2.0,0.0,0.0,6
440310078,1,1.0,0.0,0.0,3
440346630,1,3.0,0.0,0.0,14
440385562,1,9.0,0.0,0.0,6
440548397,1,1.0,0.0,0.0,2
440582814,1,1.0,0.0,0.0,6
440807399,1,1.0,0.0,0.0,8
440858794,1,3.0,0.0,0.0,6
440884432,1,2.0,0.0,0.0,12
440909617,1,5.0,0.0,0.0,27
441206783,1,3.0,0.0,0.0,6
441658598,1,1.0,0.0,0.0,8
442441672,1,28.0,0.0,0.0,17
442716595,1,1.0,0.0,0.0,0
443226474,1,4.0,0.0,0.0,1
443233186,1,1.0,0.0,0.0,23
4433540,1,6.0,0.0,0.0,3
443730909,1,3.0,0.0,0.0,2
443772950,1,49.0,0.0,0.0,27
443833295,1,1.0,0.0,0.0,4
443997241,1,1.0,0.0,0.0,9
444308997,1,1.0,0.0,0.0,3
444403283,1,2.0,0.0,0.0,3
444784633,1,1.0,0.0,0.0,9
444867182,1,1.0,0.0,0.0,15
44498957,1,1.0,0.0,0.0,2
44518776,1,3.0,0.0,0.0,3
445376431,1,1.0,0.0,0.0,5
445423122,1,1.0,0.0,0.0,3
445431783,1,1.0,0.0,0.0,2
445557289,1,4.0,0.0,0.0,6
445569784,1,1.0,0.0,0.0,7
445627498,1,1.0,0.0,0.0,2
44611390,1,2.0,0.0,0.0,4
446314577,1,2.0,0.0,0.0,11
446567175,1,1.0,0.0,0.0,1
446597121,1,1.0,0.0,0.0,14
44667904,1,43.0,0.0,0.0,0
446687759,1,1.0,0.0,0.0,0
446812177,1,1.0,0.0,0.0,3
446937385,1,1.0,0.0,0.0,11
44702033,1,1.0,0.0,0.0,6
447103949,1,1.0,0.0,0.0,1
447154263,1,1.0,0.0,0.0,0
447225444,1,2.0,0.0,0.0,14
44733039,1,1.0,0.0,0.0,7
447544746,1,1.0,0.0,0.0,2
448111235,1,1.0,0.0,0.0,3
448141955,1,1.0,0.0,0.0,27
448362311,1,2.0,0.0,0.0,4
44838949,1,2.0,0.0,0.0,12
449206656,1,1.0,0.0,0.0,2
44921781,1,2.0,0.0,0.0,0
449438333,1,1.0,0.0,0.0,7
449643557,1,1.0,0.0,0.0,4
449657737,1,2.0,0.0,0.0,3
450019595,1,3.0,0.0,0.0,14
450105602,1,1.0,0.0,0.0,5
450183621,1,1.0,0.0,0.0,8
450466230,1,3.0,0.0,0.0,13
450602159,1,4.0,0.0,0.0,3
45115389,1,2.0,0.0,0.0,28
451254817,1,1.0,0.0,0.0,1
451415113,1,1.0,0.0,0.0,0
451511457,1,1.0,0.0,0.0,6
451543819,1,1.0,0.0,0.0,11
451562730,1,1.0,0.0,0.0,10
451686445,1,1.0,0.0,0.0,10
451988788,1,1.0,0.0,0.0,14
451990498,1,16.0,0.0,0.0,2
45200599,1,1.0,0.0,0.0,9
45202495,1,1.0,0.0,0.0,4
452575658,1,1.0,0.0,0.0,0
452825945,1,30.0,0.0,0.0,8
45305126,1,2.0,0.0,0.0,3
453154263,1,14.0,0.0,0.0,0
453379272,1,3.0,0.0,0.0,1
453540240,1,2.0,0.0,0.0,0
453580393,1,1.0,0.0,0.0,4
453631903,1,1.0,0.0,0.0,2
4537118,1,1.0,0.0,0.0,9
454132203,1,3.0,0.0,0.0,7
454528656,1,1.0,0.0,0.0,2
454636702,1,1.0,0.0,0.0,1
45497910,1,1.0,0.0,0.0,12
45498365,1,1.0,0.0,0.0,11
45516769,1,2.0,0.0,0.0,2
455229168,1,1.0,0.0,0.0,19
455590766,1,1.0,0.0,0.0,14
455600,1,7.0,0.0,0.0,8
4564034,1,3.0,0.0,0.0,4
456672770,1,1.0,0.0,0.0,4
456672881,1,8.0,0.0,0.0,4
456728202,1,3.0,0.0,0.0,1
4569051,1,2.0,0.0,0.0,2
456938055,1,1.0,0.0,0.0,26
45717250,1,1.0,0.0,0.0,6
457577836,1,1431.0,0.0,0.0,6
457619173,1,1.0,0.0,0.0,7
457946259,1,22.0,0.0,0.0,2
457955175,1,3.0,0.0,0.0,19
457979282,1,1.0,0.0,0.0,19
458035827,1,6.0,0.0,0.0,4
458226256,1,1.0,0.0,0.0,7
458283258,1,1.0,0.0,0.0,6
45832751,1,1.0,0.0,0.0,9
458711155,1,2.0,0.0,0.0,11
458793640,1,7.0,0.0,0.0,18
458807284,1,2.0,0.0,0.0,4
45903621,1,20.0,0.0,0.0,6
45938451,1,13.0,0.0,0.0,2
460076120,1,4.0,0.0,0.0,19
460077424,1,1.0,0.0,0.0,15
460293724,1,3.0,0.0,0.0,10
46052837,1,4.0,0.0,0.0,4
46083140,1,1.0,0.0,0.0,1
461140045,1,1.0,0.0,0.0,5
46122460,1,118.0,0.0,0.0,12
461622431,1,1.0,0.0,0.0,21
461846029,1,1.0,0.0,0.0,18
461875582,1,8.0,0.0,0.0,0
461884381,1,12.0,0.0,0.0,1
461899442,1,1.0,0.0,0.0,18
462292,1,1.0,0.0,0.0,2
462355231,1,1.0,0.0,0.0,19
4624165,1,10.0,0.0,0.0,4
462601000,1,1.0,0.0,0.0,2
462611119,1,5.0,0.0,0.0,17
462937884,1,1.0,0.0,0.0,0
463144212,1,1.0,0.0,0.0,0
463209963,1,2.0,0.0,0.0,4
463247491,1,1.0,0.0,0.0,0
463288368,1,3.0,0.0,0.0,0
46328956,1,1.0,0.0,0.0,3
463346794,1,1.0,0.0,0.0,8
463453836,1,1.0,0.0,0.0,1
46347857,1,1.0,0.0,0.0,0
463656695,1,1.0,0.0,0.0,13
463689901,1,2.0,0.0,0.0,1
463750547,1,2.0,0.0,0.0,6
46379698,1,1.0,0.0,0.0,0
46420463,1,1.0,0.0,0.0,0
46425250,1,1.0,0.0,0.0,3
464597232,1,1.0,0.0,0.0,2
464684932,1,7.0,0.0,0.0,6
464893163,1,1.0,0.0,0.0,19
464980742,1,1.0,0.0,0.0,3
465011315,1,3.0,0.0,0.0,18
46504130,1,1.0,0.0,0.0,2
465431114,1,1.0,0.0,0.0,10
4659423,1,2.0,0.0,0.0,2
46598496,1,1.0,0.0,0.0,7
466440406,1,1.0,0.0,0.0,10
466488991,1,9.0,0.0,0.0,0
466498609,1,1.0,0.0,0.0,1
466511672,1,6.0,0.0,0.0,1
466757879,1,1.0,0.0,0.0,6
46712849,1,2.0,0.0,0.0,4
467164901,1,1.0,0.0,0.0,11
467205705,1,2.0,0.0,0.0,10
467305201,1,1.0,0.0,0.0,4
467336443,1,2.0,0.0,0.0,3
467348529,1,18.0,0.0,0.0,23
46755224,1,1.0,0.0,0.0,9
467834013,1,21.0,0.0,0.0,1
4681328,1,22.0,0.0,0.0,3
4685187,1,1.0,0.0,0.0,0
468964083,1,1.0,0.0,0.0,3
46900076,1,6.0,0.0,0.0,3
4690278,1,1.0,0.0,0.0,0
469069490,1,2.0,0.0,0.0,1
46916188,1,24.0,0.0,0.0,5
469345703,1,1.0,0.0,0.0,4
469617187,1,5.0,0.0,0.0,9
469712953,1,1.0,0.0,0.0,2
469828818,1,1.0,0.0,0.0,21
469877060,1,4.0,0.0,0.0,10
469914860,1,33.0,0.0,0.0,1
46998787,1,1.0,0.0,0.0,7
470126561,1,1.0,0.0,0.0,10
470195531,1,1.0,0.0,0.0,3
470405503,1,4.0,0.0,0.0,17
47065398,1,47.0,0.0,0.0,1
470755469,1,16.0,0.0,0.0,7
470873369,1,1.0,0.0,0.0,0
470954148,1,1.0,0.0,0.0,0
47140131,1,2.0,0.0,0.0,5
471459709,1,1.0,0.0,0.0,17
47190624,1,1.0,0.0,0.0,17
47203045,1,1.0,0.0,0.0,7
47219360,1,7.0,0.0,0.0,0
472230828,1,1.0,0.0,0.0,0
472249049,1,2.0,0.0,0.0,0
47264649,1,3.0,0.0,0.0,4
472775521,1,18.0,0.0,0.0,10
472870988,1,2.0,0.0,0.0,3
472893587,1,1.0,0.0,0.0,6
472909832,1,1.0,0.0,0.0,4
472961423,1,1.0,0.0,0.0,3
473614246,1,2.0,0.0,0.0,3
473747677,1,2.0,0.0,0.0,7
474002249,1,2.0,0.0,0.0,0
47409672,1,1.0,0.0,0.0,2
474191681,1,1.0,0.0,0.0,14
474202076,1,2.0,0.0,0.0,6
474609551,1,1.0,0.0,0.0,0
474841422,1,1.0,0.0,0.0,1
474942253,1,3.0,0.0,0.0,1
474982484,1,1.0,0.0,0.0,17
475016659,1,1.0,0.0,0.0,2
475029937,1,68.0,0.0,0.0,0
475599,1,4.0,0.0,0.0,4
47574295,1,1.0,0.0,0.0,2
475909036,1,1.0,0.0,0.0,0
476065101,1,2.0,0.0,0.0,8
476322310,1,1.0,0.0,0.0,0
476381845,1,1.0,0.0,0.0,3
476548123,1,1.0,0.0,0.0,2
47662468,1,1.0,0.0,0.0,33
476635419,1,1.0,0.0,0.0,2
476825711,1,1.0,0.0,0.0,2
476902780,1,3.0,0.0,0.0,3
47711273,1,19.0,0.0,0.0,12
47755262,1,1.0,0.0,0.0,0
47757098,1,1.0,0.0,0.0,4
477925242,1,8.0,0.0,0.0,3
47849203,1,4.0,0.0,0.0,11
478529906,1,4.0,0.0,0.0,5
47854924,1,1.0,0.0,0.0,1
4787459,1,1.0,0.0,0.0,16
47878060,1,2.0,0.0,0.0,11
478886147,1,1.0,0.0,0.0,1
478886268,1,21.0,0.0,0.0,0
479291099,1,1.0,0.0,0.0,0
479292237,1,11.0,0.0,0.0,8
479517597,1,1.0,0.0,0.0,7
47969891,1,1.0,0.0,0.0,1
4797147,1,2.0,0.0,0.0,0
479752228,1,7.0,0.0,0.0,3
479773469,1,1.0,0.0,0.0,21
479861850,1,1.0,0.0,0.0,1
48004987,1,64.0,0.0,0.0,7
480080,1,1.0,0.0,0.0,0
480211114,1,6.0,0.0,0.0,1
480239936,1,4.0,0.0,0.0,10
480309588,1,1.0,0.0,0.0,6
480318757,1,4.0,0.0,0.0,17
48046454,1,5.0,0.0,0.0,4
48062626,1,4.0,0.0,0.0,7
480668717,1,2.0,0.0,0.0,7
480818071,1,2.0,0.0,0.0,0
481324763,1,71.0,0.0,0.0,18
481429011,1,51.0,0.0,0.0,3
481475524,1,3.0,0.0,0.0,11
482457819,1,1.0,0.0,0.0,1
482914040,1,1.0,0.0,0.0,2
483142984,1,21.0,0.0,0.0,1
483146498,1,7.0,0.0,0.0,7
483165434,1,1.0,0.0,0.0,0
483185939,1,18.0,0.0,0.0,0
483457655,1,84.0,0.0,0.0,1
483500211,1,14.0,0.0,0.0,8
483662796,1,3.0,0.0,0.0,2
483667431,1,34.0,0.0,0.0,1
483924,1,1.0,0.0,0.0,4
484214803,1,6.0,0.0,0.0,6
484398532,1,2.0,0.0,0.0,4
484765387,1,1.0,0.0,0.0,9
48491431,1,1.0,0.0,0.0,10
485243264,1,2.0,0.0,0.0,4
485738909,1,1.0,0.0,0.0,8
48578152,1,1.0,0.0,0.0,0
486125557,1,1.0,0.0,0.0,2
486163275,1,6.0,0.0,0.0,27
4861768,1,1.0,0.0,0.0,28
486278040,1,5.0,0.0,0.0,14
486365104,1,1.0,0.0,0.0,3
486605815,1,2.0,0.0,0.0,3
486917300,1,1.0,0.0,0.0,1
487074429,1,114.0,0.0,0.0,6
487515598,1,2.0,0.0,0.0,8
48770856,1,1.0,0.0,0.0,1
487859119,1,3.0,0.0,0.0,0
487932215,1,1.0,0.0,0.0,2
4879511,1,31.0,0.0,0.0,17
488104350,1,1.0,0.0,0.0,15
4882769,1,2.0,0.0,0.0,5
488299528,1,2.0,0.0,0.0,7
488455975,1,3.0,0.0,0.0,6
488592770,1,2.0,0.0,0.0,5
489056993,1,2.0,0.0,0.0,4
489071239,1,3.0,0.0,0.0,33
489184364,1,1.0,0.0,0.0,2
489518412,1,1.0,0.0,0.0,2
489605824,1,2.0,0.0,0.0,8
489737124,1,1.0,0.0,0.0,6
490111123,1,2.0,0.0,0.0,23
490177159,1,1.0,0.0,0.0,0
490212656,1,1.0,0.0,0.0,9
490557661,1,2005.0,0.0,0.0,6
490601958,1,4.0,0.0,0.0,3
49111463,1,1.0,0.0,0.0,7
491161925,1,1.0,0.0,0.0,1
491227630,1,3.0,0.0,0.0,2
491342043,1,1.0,0.0,0.0,4
491419259,1,1.0,0.0,0.0,16
49145686,1,2.0,0.0,0.0,22
491623541,1,4.0,0.0,0.0,3
491653777,1,3.0,0.0,0.0,7
49172647,1,1.0,0.0,0.0,11
491797414,1,6.0,0.0,0.0,1
491802223,1,1.0,0.0,0.0,1
491871393,1,1.0,0.0,0.0,0
491939640,1,1.0,0.0,0.0,10
492062409,1,1.0,0.0,0.0,6
492184868,1,1.0,0.0,0.0,3
492529077,1,2.0,0.0,0.0,23
4925652,1,1.0,0.0,0.0,21
493035916,1,5.0,0.0,0.0,7
4931095,1,2.0,0.0,0.0,5
49324039,1,8.0,0.0,0.0,6
493332759,1,1.0,0.0,0.0,3
493497728,1,5.0,0.0,0.0,1
493522583,1,1.0,0.0,0.0,1
493544360,1,6.0,0.0,0.0,23
493884806,1,1.0,0.0,0.0,1
494107715,1,13.0,0.0,0.0,1
49412249,1,1.0,0.0,0.0,2
494334828,1,1.0,0.0,0.0,6
49441405,1,55.0,0.0,0.0,7
494471755,1,8.0,0.0,0.0,3
494505892,1,5.0,0.0,0.0,1
4946406,1,1.0,0.0,0.0,2
495285029,1,4.0,0.0,0.0,11
495451270,1,1.0,0.0,0.0,3
495464826,1,1.0,0.0,0.0,3
49554190,1,1.0,0.0,0.0,0
495596586,1,1.0,0.0,0.0,11
495770186,1,1.0,0.0,0.0,17
495951099,1,1.0,0.0,0.0,0
496006028,1,4.0,0.0,0.0,1
49609581,1,1.0,0.0,0.0,3
496125850,1,15.0,0.0,0.0,1
496133440,1,1.0,0.0,0.0,5
496145136,1,3.0,0.0,0.0,3
496855992,1,11.0,0.0,0.0,23
49691605,1,1.0,0.0,0.0,3
497022402,1,1.0,0.0,0.0,7
497173054,1,1.0,0.0,0.0,6
497381787,1,2.0,0.0,0.0,10
49756018,1,1.0,0.0,0.0,3
497825138,1,1.0,0.0,0.0,2
4979256,1,2.0,0.0,0.0,0
498085095,1,1.0,0.0,0.0,9
49827098,1,4.0,0.0,0.0,8
49867147,1,66.0,0.0,0.0,4
498688005,1,1.0,0.0,0.0,18
499312846,1,2.0,0.0,0.0,1
49937981,1,1.0,0.0,0.0,3
499651572,1,1.0,0.0,0.0,11
49982695,1,2.0,0.0,0.0,3
499899955,1,1.0,0.0,0.0,4
50007393,1,1.0,0.0,0.0,4
500093,1,1.0,0.0,0.0,9
500338009,1,1.0,0.0,0.0,13
5003951,1,1.0,0.0,0.0,3
50053618,1,1.0,0.0,0.0,5
500595426,1,2.0,0.0,0.0,3
500820281,1,1.0,0.0,0.0,0
50082575,1,1.0,0.0,0.0,1
50107469,1,3.0,0.0,0.0,14
501101518,1,1.0,0.0,0.0,26
5011262,1,6.0,0.0,0.0,2
501399927,1,1.0,0.0,0.0,1
501929647,1,1.0,0.0,0.0,2
502036013,1,3.0,0.0,0.0,1
50204988,1,3.0,0.0,0.0,3
50205233,1,5.0,0.0,0.0,1
502126992,1,1.0,0.0,0.0,0
502225300,1,4.0,0.0,0.0,3
502240118,1,1.0,0.0,0.0,1
50244301,1,1.0,0.0,0.0,3
503029222,1,1.0,0.0,0.0,18
503138887,1,2.0,0.0,0.0,0
503240750,1,1.0,0.0,0.0,3
503577038,1,2.0,0.0,0.0,4
503800558,1,1.0,0.0,0.0,5
503841361,1,1.0,0.0,0.0,9
503900825,1,2.0,0.0,0.0,3
504030060,1,1.0,0.0,0.0,1
504134480,1,9.0,0.0,0.0,23
504295831,1,1.0,0.0,0.0,11
504360264,1,1.0,0.0,0.0,3
504460370,1,1.0,0.0,0.0,1
50538484,1,1.0,0.0,0.0,7
505828636,1,1.0,0.0,0.0,14
50603846,1,1.0,0.0,0.0,2
50629145,1,1.0,0.0,0.0,7
506343924,1,2.0,0.0,0.0,13
506590393,1,5.0,0.0,0.0,0
506592925,1,1.0,0.0,0.0,2
506613299,1,2.0,0.0,0.0,14
506659611,1,3.0,0.0,0.0,2
506746332,1,23.0,0.0,0.0,6
506753162,1,4.0,0.0,0.0,6
506753204,1,1.0,0.0,0.0,6
506915807,1,8.0,0.0,0.0,1
506916087,1,3.0,0.0,0.0,1
507003245,1,1.0,0.0,0.0,1
507086219,1,2.0,0.0,0.0,3
507089401,1,1.0,0.0,0.0,0
507251859,1,1.0,0.0,0.0,0
507414986,1,3.0,0.0,0.0,1
507855351,1,3.0,0.0,0.0,5
507885417,1,1.0,0.0,0.0,2
508014426,1,1.0,0.0,0.0,4
508200407,1,1.0,0.0,0.0,2
508336811,1,1.0,0.0,0.0,0
508414565,1,2.0,0.0,0.0,11
508434677,1,1.0,0.0,0.0,14
508865884,1,1.0,0.0,0.0,6
509101213,1,3.0,0.0,0.0,22
509367294,1,1.0,0.0,0.0,3
509396909,1,1.0,0.0,0.0,0
509532500,1,1.0,0.0,0.0,0
509566212,1,1.0,0.0,0.0,11
509680851,1,3.0,0.0,0.0,5
509766182,1,2.0,0.0,0.0,9
509836733,1,29.0,0.0,0.0,4
509960044,1,1.0,0.0,0.0,3
510103717,1,3.0,0.0,0.0,1
510182286,1,24.0,0.0,0.0,17
510183901,1,1.0,0.0,0.0,0
51018409,1,1.0,0.0,0.0,20
5103785,1,42.0,0.0,0.0,4
510463319,1,26.0,0.0,0.0,21
510653879,1,1.0,0.0,0.0,22
510654075,1,1.0,0.0,0.0,22
510721105,1,1.0,0.0,0.0,6
51073068,1,1.0,0.0,0.0,6
510907833,1,1.0,0.0,0.0,0
510953846,1,1.0,0.0,0.0,8
511043304,1,1.0,0.0,0.0,7
511108827,1,2.0,0.0,0.0,2
511184120,1,1.0,0.0,0.0,19
511235342,1,1.0,0.0,0.0,0
511236791,1,1.0,0.0,0.0,8
511276595,1,2.0,0.0,0.0,24
511745739,1,6.0,0.0,0.0,2
511904347,1,2.0,0.0,0.0,1
51205788,1,1.0,0.0,0.0,2
51206425,1,1.0,0.0,0.0,13
51212044,1,2.0,0.0,0.0,11
51219324,1,2.0,0.0,0.0,2
512398858,1,1.0,0.0,0.0,16
51274370,1,2.0,0.0,0.0,18
51286051,1,1.0,0.0,0.0,4
512918917,1,1.0,0.0,0.0,7
51292821,1,3.0,0.0,0.0,0
513195031,1,1.0,0.0,0.0,6
513328880,1,1.0,0.0,0.0,16
513412912,1,4.0,0.0,0.0,1
513490444,1,1.0,0.0,0.0,2
513543581,1,1.0,0.0,0.0,18
513737416,1,2.0,0.0,0.0,5
513764614,1,7.0,0.0,0.0,1
51378283,1,1.0,0.0,0.0,1
514024958,1,2.0,0.0,0.0,1
51403967,1,1.0,0.0,0.0,8
51456908,1,2.0,0.0,0.0,11
515135906,1,2.0,0.0,0.0,13
515208425,1,1.0,0.0,0.0,0
515238162,1,2.0,0.0,0.0,2
515524532,1,12.0,0.0,0.0,23
51574639,1,1.0,0.0,0.0,0
51584791,1,55.0,0.0,0.0,3
515987842,1,1.0,0.0,0.0,23
516447169,1,2.0,0.0,0.0,6
516464713,1,1.0,0.0,0.0,22
516540438,1,6.0,0.0,0.0,1
516678127,1,5.0,0.0,0.0,2
516747253,1,1.0,0.0,0.0,3
516813356,1,4.0,0.0,0.0,3
516859981,1,3.0,0.0,0.0,2
51740644,1,1.0,0.0,0.0,10
517653557,1,1.0,0.0,0.0,0
517745858,1,1.0,0.0,0.0,0
517833272,1,2.0,0.0,0.0,27
517972406,1,4.0,0.0,0.0,1
518319075,1,1.0,0.0,0.0,8
518393338,1,13.0,0.0,0.0,17
518501680,1,3.0,0.0,0.0,3
518533087,1,1.0,0.0,0.0,0
519003926,1,3.0,0.0,0.0,14
51905338,1,12.0,0.0,0.0,1
51905729,1,14.0,0.0,0.0,3
51954402,1,1.0,0.0,0.0,3
519728947,1,4.0,0.0,0.0,21
519882617,1,1.0,0.0,0.0,0
520058706,1,1.0,0.0,0.0,10
520314886,1,1.0,0.0,0.0,3
520342705,1,1.0,0.0,0.0,1
52037627,1,7.0,0.0,0.0,14
520568524,1,1.0,0.0,0.0,22
520709428,1,34.0,0.0,0.0,7
52071471,1,5.0,0.0,0.0,2
520804429,1,1.0,0.0,0.0,0
520872712,1,2.0,0.0,0.0,11
521075255,1,1.0,0.0,0.0,3
521246855,1,1.0,0.0,0.0,5
521371906,1,4.0,0.0,0.0,3
521695479,1,3.0,0.0,0.0,7
521736914,1,1.0,0.0,0.0,1
522385121,1,1.0,0.0,0.0,3
522386929,1,1.0,0.0,0.0,0
522839183,1,2.0,0.0,0.0,4
522848088,1,1.0,0.0,0.0,4
523070419,1,1.0,0.0,0.0,18
52318322,1,11.0,0.0,0.0,5
523199201,1,3.0,0.0,0.0,27
523428811,1,5.0,0.0,0.0,2
523479704,1,3.0,0.0,0.0,3
523506543,1,1.0,0.0,0.0,0
523660510,1,1.0,0.0,0.0,1
523717821,1,1.0,0.0,0.0,2
523767396,1,1.0,0.0,0.0,14
52382088,1,5.0,0.0,0.0,11
523981741,1,4.0,0.0,0.0,6
524032322,1,1.0,0.0,0.0,5
524100695,1,2.0,0.0,0.0,2
524240295,1,1.0,0.0,0.0,3
524496914,1,2.0,0.0,0.0,0
525087484,1,3.0,0.0,0.0,14
52509220,1,4.0,0.0,0.0,13
525098578,1,2.0,0.0,0.0,5
525304261,1,1.0,0.0,0.0,0
52556695,1,30.0,0.0,0.0,4
525846885,1,1.0,0.0,0.0,10
52589524,1,1.0,0.0,0.0,2
526033780,1,1.0,0.0,0.0,1
52607837,1,1.0,0.0,0.0,4
526080122,1,5.0,0.0,0.0,2
52618352,1,1.0,0.0,0.0,14
526371668,1,1.0,0.0,0.0,3
526530291,1,1.0,0.0,0.0,2
52670913,1,1.0,0.0,0.0,26
526946427,1,1.0,0.0,0.0,1
527061453,1,2.0,0.0,0.0,0
52736898,1,2.0,0.0,0.0,7
527483772,1,2.0,0.0,0.0,14
527522464,1,1.0,0.0,0.0,4
52773157,1,2.0,0.0,0.0,7
527734576,1,2.0,0.0,0.0,0
52776218,1,1.0,0.0,0.0,11
527947052,1,1.0,0.0,0.0,1
527960367,1,1.0,0.0,0.0,3
52804750,1,1.0,0.0,0.0,0
528416224,1,2.0,0.0,0.0,12
528683893,1,1.0,0.0,0.0,27
528791750,1,2.0,0.0,0.0,2
528806629,1,12.0,0.0,0.0,5
528989181,1,1.0,0.0,0.0,4
529112195,1,1.0,0.0,0.0,27
529408708,1,2.0,0.0,0.0,2
52987383,1,2.0,0.0,0.0,11
529878640,1,1.0,0.0,0.0,2
529961568,1,1.0,0.0,0.0,13
530236271,1,3.0,0.0,0.0,3
530449130,1,7.0,0.0,0.0,6
530655405,1,1.0,0.0,0.0,15
530681617,1,3.0,0.0,0.0,5
530712828,1,1.0,0.0,0.0,2
530730261,1,16.0,0.0,0.0,2
530821975,1,3.0,0.0,0.0,0
531019817,1,1.0,0.0,0.0,22
531051081,1,1.0,0.0,0.0,1
531104599,1,1.0,0.0,0.0,3
531326684,1,1.0,0.0,0.0,12
531406663,1,16.0,0.0,0.0,11
5317395,1,8.0,0.0,0.0,12
53174933,1,4.0,0.0,0.0,0
531804872,1,2.0,0.0,0.0,1
531812042,1,1.0,0.0,0.0,11
532163204,1,1.0,0.0,0.0,19
532317850,1,1.0,0.0,0.0,10
532337965,1,1.0,0.0,0.0,2
53238813,1,6.0,0.0,0.0,11
53258252,1,1.0,0.0,0.0,2
532673843,1,2.0,0.0,0.0,1
53277717,1,2.0,0.0,0.0,2
53279870,1,2.0,0.0,0.0,4
532842713,1,4.0,0.0,0.0,20
532844203,1,9.0,0.0,0.0,20
532847167,1,1.0,0.0,0.0,1
53330030,1,1.0,0.0,0.0,5
533543004,1,1.0,0.0,0.0,5
53356367,1,1.0,0.0,0.0,2
533735884,1,2.0,0.0,0.0,2
534150188,1,9.0,0.0,0.0,2
53418103,1,1.0,0.0,0.0,0
534434596,1,1.0,0.0,0.0,6
535259589,1,4.0,0.0,0.0,2
53527070,1,1.0,0.0,0.0,1
535364066,1,3.0,0.0,0.0,5
535581439,1,2.0,0.0,0.0,0
535788760,1,2.0,0.0,0.0,6
53579202,1,1.0,0.0,0.0,5
536010299,1,2.0,0.0,0.0,3
536026761,1,1.0,0.0,0.0,0
536084262,1,1.0,0.0,0.0,1
53618789,1,6.0,0.0,0.0,2
536198098,1,7.0,0.0,0.0,0
5362370,1,12.0,0.0,0.0,10
536457941,1,21.0,0.0,0.0,1
536463007,1,1.0,0.0,0.0,23
536473565,1,1.0,0.0,0.0,1
536597221,1,1.0,0.0,0.0,2
536650342,1,1.0,0.0,0.0,0
536725876,1,1.0,0.0,0.0,16
536871914,1,19.0,0.0,0.0,1
53703126,1,1.0,0.0,0.0,2
53728068,1,3.0,0.0,0.0,4
537394164,1,3.0,0.0,0.0,23
538166046,1,1.0,0.0,0.0,14
538316309,1,1.0,0.0,0.0,21
5383731,1,2.0,0.0,0.0,0
538480445,1,30.0,0.0,0.0,0
538553958,1,1.0,0.0,0.0,21
538626126,1,2.0,0.0,0.0,3
538654002,1,2.0,0.0,0.0,2
538656848,1,10.0,0.0,0.0,3
539006295,1,4.0,0.0,0.0,8
539278717,1,1.0,0.0,0.0,1
539453813,1,3.0,0.0,0.0,0
539846712,1,3.0,0.0,0.0,0
53990057,1,2.0,0.0,0.0,6
539980905,1,1.0,0.0,0.0,1
540192615,1,3.0,0.0,0.0,1
540262346,1,2012.0,0.0,0.0,6
54030871,1,2.0,0.0,0.0,9
540538268,1,1.0,0.0,0.0,1
540545955,1,3.0,0.0,0.0,6
54105920,1,1.0,0.0,0.0,30
541249868,1,2.0,0.0,0.0,1
541281404,1,1.0,0.0,0.0,0
541286837,1,3.0,0.0,0.0,1
541387112,1,1.0,0.0,0.0,1
54141768,1,4.0,0.0,0.0,11
541433150,1,111.0,0.0,0.0,0
54158968,1,6.0,0.0,0.0,8
541611463,1,5.0,0.0,0.0,6
541645085,1,2.0,0.0,0.0,6
541668142,1,1.0,0.0,0.0,1
54168759,1,1.0,0.0,0.0,1
54172699,1,1.0,0.0,0.0,2
54173593,1,42.0,0.0,0.0,7
541788928,1,1.0,0.0,0.0,2
541912656,1,1.0,0.0,0.0,4
542039795,1,1.0,0.0,0.0,3
542065901,1,2.0,0.0,0.0,4
542103239,1,2.0,0.0,0.0,19
542413372,1,16.0,0.0,0.0,2
542452064,1,1.0,0.0,0.0,23
54280778,1,1.0,0.0,0.0,0
5428536,1,1.0,0.0,0.0,2
542858730,1,1.0,0.0,0.0,15
542931741,1,1.0,0.0,0.0,1
543095311,1,1.0,0.0,0.0,5
543114976,1,1.0,0.0,0.0,10
543133848,1,1.0,0.0,0.0,5
543207884,1,1.0,0.0,0.0,17
543218317,1,3.0,0.0,0.0,6
543288517,1,1.0,0.0,0.0,0
543387336,1,5.0,0.0,0.0,0
54360307,1,1.0,0.0,0.0,1
543610387,1,1.0,0.0,0.0,2
543781937,1,1.0,0.0,0.0,6
54378638,1,1.0,0.0,0.0,2
543818184,1,1.0,0.0,0.0,4
54445829,1,1.0,0.0,0.0,10
544719261,1,23.0,0.0,0.0,0
544806613,1,1.0,0.0,0.0,4
544885367,1,3.0,0.0,0.0,4
544996776,1,1.0,0.0,0.0,2
54502204,1,25.0,0.0,0.0,7
545265415,1,1.0,0.0,0.0,11
545702406,1,1.0,0.0,0.0,5
545901542,1,232.0,0.0,0.0,10
54596517,1,1.0,0.0,0.0,2
546547856,1,2.0,0.0,0.0,2
546990739,1,2.0,0.0,0.0,6
547279625,1,1.0,0.0,0.0,4
547948072,1,1.0,0.0,0.0,4
547991185,1,2.0,0.0,0.0,2
548251,1,1.0,0.0,0.0,2
548349609,1,4.0,0.0,0.0,1
548619478,1,1.0,0.0,0.0,1
548823065,1,9.0,0.0,0.0,2
548871033,1,1.0,0.0,0.0,3
549071054,1,1.0,0.0,0.0,3
54994103,1,1.0,0.0,0.0,3
550871856,1,2.0,0.0,0.0,6
550879823,1,50.0,0.0,0.0,13
551224363,1,1.0,0.0,0.0,21
551375812,1,2.0,0.0,0.0,0
551397882,1,8.0,0.0,0.0,2
551440734,1,4.0,0.0,0.0,16
55205848,1,1.0,0.0,0.0,0
553059522,1,2.0,0.0,0.0,5
553234221,1,22.0,0.0,0.0,9
55330340,1,1.0,0.0,0.0,8
553390647,1,9.0,0.0,0.0,1
553986299,1,2.0,0.0,0.0,1
55401642,1,25.0,0.0,0.0,25
554034901,1,1.0,0.0,0.0,0
554147910,1,2.0,0.0,0.0,2
554148984,1,33.0,0.0,0.0,10
554217853,1,1.0,0.0,0.0,3
554225576,1,1.0,0.0,0.0,4
55425573,1,5.0,0.0,0.0,2
5543519,1,1.0,0.0,0.0,4
554365096,1,2.0,0.0,0.0,9
554376586,1,1.0,0.0,0.0,3
554581194,1,1.0,0.0,0.0,1
554750433,1,2.0,0.0,0.0,3
555039849,1,1.0,0.0,0.0,0
555777595,1,1.0,0.0,0.0,19
5561238,1,1.0,0.0,0.0,11
556353076,1,1.0,0.0,0.0,10
55637575,1,1.0,0.0,0.0,21
55643245,1,2.0,0.0,0.0,0
556558958,1,1.0,0.0,0.0,1
556675372,1,1.0,0.0,0.0,9
556677627,1,21.0,0.0,0.0,1
556961506,1,1.0,0.0,0.0,6
557075997,1,1.0,0.0,0.0,2
557135476,1,67.0,0.0,0.0,1
557167289,1,1.0,0.0,0.0,18
557280711,1,2.0,0.0,0.0,1
5573275,1,1.0,0.0,0.0,8
55760054,1,3.0,0.0,0.0,2
557785223,1,1.0,0.0,0.0,3
557927186,1,1.0,0.0,0.0,1
557952665,1,1.0,0.0,0.0,1
557980,1,11.0,0.0,0.0,3
557988291,1,1.0,0.0,0.0,0
558108873,1,2.0,0.0,0.0,0
558211706,1,1.0,0.0,0.0,10
558476533,1,1.0,0.0,0.0,8
558728916,1,1.0,0.0,0.0,3
558921832,1,6.0,0.0,0.0,14
55906763,1,1.0,0.0,0.0,7
559429813,1,1.0,0.0,0.0,0
559767361,1,1.0,0.0,0.0,16
559815862,1,1.0,0.0,0.0,17
560114031,1,1.0,0.0,0.0,2
560182652,1,1.0,0.0,0.0,8
56018561,1,3.0,0.0,0.0,2
560205109,1,1.0,0.0,0.0,1
560292269,1,2.0,0.0,0.0,16
560413356,1,1.0,0.0,0.0,26
560456116,1,3.0,0.0,0.0,0
560495,1,7.0,0.0,0.0,13
560617285,1,2.0,0.0,0.0,11
560621227,1,1.0,0.0,0.0,7
560657499,1,7.0,0.0,0.0,16
560750575,1,326.0,0.0,0.0,2
560789243,1,1.0,0.0,0.0,0
561272182,1,2.0,0.0,0.0,4
561282323,1,1.0,0.0,0.0,14
56128731,1,4.0,0.0,0.0,3
561341270,1,2.0,0.0,0.0,1
561383674,1,3.0,0.0,0.0,0
561476718,1,1.0,0.0,0.0,10
56214716,1,1.0,0.0,0.0,3
562286999,1,1.0,0.0,0.0,30
562377431,1,1.0,0.0,0.0,21
56248127,1,1.0,0.0,0.0,20
562557612,1,1.0,0.0,0.0,7
562658065,1,1.0,0.0,0.0,12
562736699,1,1.0,0.0,0.0,1
562778457,1,1.0,0.0,0.0,6
562892210,1,1.0,0.0,0.0,1
562938446,1,1.0,0.0,0.0,5
562983970,1,1.0,0.0,0.0,5
563014005,1,1.0,0.0,0.0,5
563169255,1,1.0,0.0,0.0,0
563510952,1,5.0,0.0,0.0,2
563782278,1,2.0,0.0,0.0,1
563901154,1,1.0,0.0,0.0,1
564136837,1,1.0,0.0,0.0,1
564181035,1,2.0,0.0,0.0,5
56419418,1,1.0,0.0,0.0,2
56421126,1,2.0,0.0,0.0,2
56422769,1,1.0,0.0,0.0,2
56423106,1,1.0,0.0,0.0,2
56424832,1,1.0,0.0,0.0,2
56425027,1,1.0,0.0,0.0,2
564263024,1,2.0,0.0,0.0,3
564722430,1,1.0,0.0,0.0,0
564884242,1,1.0,0.0,0.0,6
564948381,1,1.0,0.0,0.0,16
565414082,1,5.0,0.0,0.0,1
565419004,1,1.0,0.0,0.0,6
565730722,1,2.0,0.0,0.0,5
565762670,1,1.0,0.0,0.0,2
565776271,1,1.0,0.0,0.0,9
566073,1,1.0,0.0,0.0,3
566275577,1,1.0,0.0,0.0,3
566388914,1,1.0,0.0,0.0,1
566593514,1,2.0,0.0,0.0,1
566614027,1,2.0,0.0,0.0,1
566619097,1,5.0,0.0,0.0,1
566665301,1,4.0,0.0,0.0,1
567184568,1,1.0,0.0,0.0,30
567328069,1,2.0,0.0,0.0,34
567524986,1,11.0,0.0,0.0,6
56760633,1,1.0,0.0,0.0,8
567620849,1,2.0,0.0,0.0,3
568019934,1,1.0,0.0,0.0,30
568807303,1,1.0,0.0,0.0,24
568830741,1,1.0,0.0,0.0,34
56884660,1,3.0,0.0,0.0,11
569050726,1,1.0,0.0,0.0,0
569293325,1,49.0,0.0,0.0,3
569311990,1,2.0,0.0,0.0,3
5694513,1,8.0,0.0,0.0,2
569638288,1,17.0,0.0,0.0,1
569649085,1,11.0,0.0,0.0,2
569763856,1,8.0,0.0,0.0,3
569774736,1,4.0,0.0,0.0,3
569796349,1,1.0,0.0,0.0,21
569901162,1,7.0,0.0,0.0,3
569901336,1,1.0,0.0,0.0,3
56994503,1,1.0,0.0,0.0,10
570024400,1,2.0,0.0,0.0,1
570036022,1,18.0,0.0,0.0,1
570076073,1,6.0,0.0,0.0,1
570104815,1,1.0,0.0,0.0,0
570139152,1,1.0,0.0,0.0,1
570295557,1,1.0,0.0,0.0,11
570380914,1,1.0,0.0,0.0,9
570491818,1,1.0,0.0,0.0,1
570527111,1,1.0,0.0,0.0,3
570575390,1,1.0,0.0,0.0,3
570678664,1,2.0,0.0,0.0,3
570970504,1,1.0,0.0,0.0,9
571017556,1,5.0,0.0,0.0,3
571390155,1,7.0,0.0,0.0,15
571547749,1,1.0,0.0,0.0,17
57182064,1,5.0,0.0,0.0,22
57182606,1,1.0,0.0,0.0,2
571868194,1,3.0,0.0,0.0,1
571874382,1,1.0,0.0,0.0,30
571945396,1,2.0,0.0,0.0,0
57198920,1,2.0,0.0,0.0,0
572035838,1,33.0,0.0,0.0,1
572094413,1,1.0,0.0,0.0,2
57230414,1,3.0,0.0,0.0,0
572389548,1,4.0,0.0,0.0,6
572737300,1,5.0,0.0,0.0,4
572795380,1,1.0,0.0,0.0,0
572972102,1,1.0,0.0,0.0,0
573114199,1,6.0,0.0,0.0,3
573327603,1,1.0,0.0,0.0,1
573587193,1,22.0,0.0,0.0,31
573788038,1,4.0,0.0,0.0,4
574008360,1,4.0,0.0,0.0,1
574425709,1,1.0,0.0,0.0,7
574468978,1,5.0,0.0,0.0,12
574514586,1,1.0,0.0,0.0,1
5746963,1,1.0,0.0,0.0,1
574706151,1,2.0,0.0,0.0,19
574877651,1,1.0,0.0,0.0,8
575177379,1,2.0,0.0,0.0,6
575241620,1,1.0,0.0,0.0,9
575338309,1,1.0,0.0,0.0,1
575954792,1,1.0,0.0,0.0,9
575974366,1,2.0,0.0,0.0,4
576304071,1,1.0,0.0,0.0,1
576336363,1,1.0,0.0,0.0,33
576431865,1,2.0,0.0,0.0,19
576642715,1,2.0,0.0,0.0,1
577711552,1,1.0,0.0,0.0,2
577759670,1,2.0,0.0,0.0,0
577850152,1,201.0,0.0,0.0,8
578021174,1,11.0,0.0,0.0,0
578085423,1,1.0,0.0,0.0,20
578185635,1,2.0,0.0,0.0,25
57870115,1,1.0,0.0,0.0,2
578819146,1,1.0,0.0,0.0,3
57893688,1,1.0,0.0,0.0,0
579214823,1,1.0,0.0,0.0,1
579221694,1,1.0,0.0,0.0,1
579303566,1,1.0,0.0,0.0,7
57939112,1,12.0,0.0,0.0,2
57942251,1,2.0,0.0,0.0,6
579730545,1,7.0,0.0,0.0,14
579853319,1,2.0,0.0,0.0,2
580105330,1,3.0,0.0,0.0,0
580128677,1,2.0,0.0,0.0,10
580135126,1,1.0,0.0,0.0,3
5801666,1,1.0,0.0,0.0,14
580278577,1,1.0,0.0,0.0,21
580396880,1,2.0,0.0,0.0,6
580405044,1,1.0,0.0,0.0,0
580451100,1,1.0,0.0,0.0,1
5805256,1,6.0,0.0,0.0,0
580539035,1,1.0,0.0,0.0,1
58067876,1,7.0,0.0,0.0,1
580788054,1,1.0,0.0,0.0,8
580859914,1,2.0,0.0,0.0,0
580867522,1,2.0,0.0,0.0,6
581655463,1,2.0,0.0,0.0,4
581698190,1,2.0,0.0,0.0,9
58184885,1,9.0,0.0,0.0,2
581861282,1,2.0,0.0,0.0,0
582275863,1,1.0,0.0,0.0,3
58255485,1,1.0,0.0,0.0,3
58256381,1,1.0,0.0,0.0,30
582706245,1,1.0,0.0,0.0,0
582822129,1,2.0,0.0,0.0,3
582862268,1,5.0,0.0,0.0,1
582879665,1,1.0,0.0,0.0,4
5830987,1,3.0,0.0,0.0,3
583136009,1,1.0,0.0,0.0,0
583148820,1,4.0,0.0,0.0,3
583169838,1,1.0,0.0,0.0,27
583248438,1,2.0,0.0,0.0,2
583525400,1,2.0,0.0,0.0,3
583634675,1,1.0,0.0,0.0,1
583827396,1,1.0,0.0,0.0,19
583914239,1,1.0,0.0,0.0,22
584083190,1,4.0,0.0,0.0,10
584359113,1,3.0,0.0,0.0,0
584503581,1,1.0,0.0,0.0,10
584621292,1,1.0,0.0,0.0,9
584668045,1,1.0,0.0,0.0,3
584714008,1,1.0,0.0,0.0,5
584729999,1,1.0,0.0,0.0,0
584808163,1,2.0,0.0,0.0,26
584811128,1,1.0,0.0,0.0,1
584963320,1,2.0,0.0,0.0,29
585106802,1,18.0,0.0,0.0,0
585408551,1,1.0,0.0,0.0,1
585687628,1,3.0,0.0,0.0,12
585692546,1,2.0,0.0,0.0,2
585727736,1,1.0,0.0,0.0,0
586021521,1,1.0,0.0,0.0,0
586025558,1,1.0,0.0,0.0,1
586130341,1,1.0,0.0,0.0,9
586220513,1,11.0,0.0,0.0,0
586254338,1,4.0,0.0,0.0,1
586424450,1,1.0,0.0,0.0,0
586448435,1,3.0,0.0,0.0,8
586468701,1,2.0,0.0,0.0,14
586771395,1,2.0,0.0,0.0,1
586785918,1,23.0,0.0,0.0,0
586818209,1,1.0,0.0,0.0,4
586840327,1,1.0,0.0,0.0,3
587181638,1,2.0,0.0,0.0,9
587193794,1,2.0,0.0,0.0,1
587234510,1,2.0,0.0,0.0,20
587291698,1,1.0,0.0,0.0,6
587362299,1,1.0,0.0,0.0,34
587410624,1,2.0,0.0,0.0,15
587559548,1,1.0,0.0,0.0,0
587564108,1,1.0,0.0,0.0,2
587622851,1,1.0,0.0,0.0,2
587827277,1,1.0,0.0,0.0,1
587870995,1,1.0,0.0,0.0,0
587871835,1,1.0,0.0,0.0,0
587879046,1,3.0,0.0,0.0,5
587943248,1,1.0,0.0,0.0,7
587976355,1,2.0,0.0,0.0,3
5880554,1,1.0,0.0,0.0,27
588125726,1,1.0,0.0,0.0,5
588458626,1,2.0,0.0,0.0,3
588622064,1,1.0,0.0,0.0,3
588657173,1,1.0,0.0,0.0,1
588763142,1,17.0,0.0,0.0,23
588973697,1,2.0,0.0,0.0,29
588982731,1,3.0,0.0,0.0,8
589091184,1,1.0,0.0,0.0,1
589211245,1,1.0,0.0,0.0,2
589268852,1,6.0,0.0,0.0,16
589510868,1,3.0,0.0,0.0,22
589660517,1,1.0,0.0,0.0,3
589679365,1,1.0,0.0,0.0,21
590029543,1,1.0,0.0,0.0,4
590063058,1,1.0,0.0,0.0,3
590166847,1,4.0,0.0,0.0,6
590447108,1,1.0,0.0,0.0,0
590659968,1,1.0,0.0,0.0,6
590762750,1,1.0,0.0,0.0,1
590792931,1,1.0,0.0,0.0,15
591138304,1,1.0,0.0,0.0,2
591167748,1,1.0,0.0,0.0,1
591309502,1,1.0,0.0,0.0,10
591379023,1,6.0,0.0,0.0,9
591550077,1,4.0,0.0,0.0,23
591946735,1,1.0,0.0,0.0,6
592066633,1,1.0,0.0,0.0,0
592112421,1,1.0,0.0,0.0,13
59225160,1,1.0,0.0,0.0,30
592251835,1,1.0,0.0,0.0,2
59239347,1,1.0,0.0,0.0,2
592571625,1,1.0,0.0,0.0,3
592759713,1,1.0,0.0,0.0,19
592857433,1,2.0,0.0,0.0,2
592872331,1,1.0,0.0,0.0,0
592906091,1,1.0,0.0,0.0,8
592933002,1,3.0,0.0,0.0,3
592950097,1,1.0,0.0,0.0,10
59305491,1,1.0,0.0,0.0,3
593066208,1,1.0,0.0,0.0,0
593091353,1,4.0,0.0,0.0,2
593279745,1,5.0,0.0,0.0,0
593346082,1,1.0,0.0,0.0,0
593403754,1,2.0,0.0,0.0,10
593473811,1,2.0,0.0,0.0,1
593569528,1,1.0,0.0,0.0,4
593583946,1,1.0,0.0,0.0,3
593650681,1,1.0,0.0,0.0,25
593688846,1,1.0,0.0,0.0,7
594052621,1,1.0,0.0,0.0,2
594087,1,2.0,0.0,0.0,2
594097958,1,1.0,0.0,0.0,20
594233702,1,2.0,0.0,0.0,7
594295897,1,1.0,0.0,0.0,1
594411134,1,1.0,0.0,0.0,1
594578545,1,2.0,0.0,0.0,9
594627,1,2.0,0.0,0.0,3
594662410,1,1.0,0.0,0.0,18
5947247,1,1.0,0.0,0.0,3
594832601,1,1.0,0.0,0.0,21
595136650,1,1.0,0.0,0.0,2
595148158,1,1.0,0.0,0.0,1
59521862,1,1.0,0.0,0.0,9
595272637,1,1.0,0.0,0.0,3
595299502,1,2.0,0.0,0.0,5
595446941,1,4.0,0.0,0.0,1
595499428,1,1.0,0.0,0.0,11
595551370,1,4.0,0.0,0.0,1
595672011,1,3.0,0.0,0.0,0
595710888,1,1.0,0.0,0.0,2
5958453,1,1.0,0.0,0.0,0
595845716,1,2.0,0.0,0.0,2
596047527,1,1.0,0.0,0.0,11
596080887,1,2.0,0.0,0.0,9
596082836,1,1.0,0.0,0.0,0
596492770,1,1.0,0.0,0.0,3
596533485,1,5.0,0.0,0.0,0
596668153,1,1.0,0.0,0.0,4
596860245,1,2.0,0.0,0.0,12
596888243,1,4.0,0.0,0.0,30
596930360,1,1.0,0.0,0.0,9
596962369,1,2.0,0.0,0.0,9
597033918,1,1.0,0.0,0.0,9
597137891,1,2.0,0.0,0.0,0
597177399,1,1.0,0.0,0.0,5
59771425,1,1.0,0.0,0.0,0
59779262,1,1.0,0.0,0.0,3
598005813,1,2.0,0.0,0.0,30
598055547,1,2.0,0.0,0.0,3
598100760,1,1.0,0.0,0.0,0
598116138,1,6.0,0.0,0.0,11
598141720,1,2.0,0.0,0.0,3
598235761,1,1.0,0.0,0.0,1
598303453,1,1.0,0.0,0.0,2
598321569,1,1.0,0.0,0.0,24
598571781,1,1.0,0.0,0.0,7
598777111,1,2.0,0.0,0.0,9
59878249,1,1.0,0.0,0.0,12
598945250,1,1.0,0.0,0.0,1
599056425,1,1.0,0.0,0.0,6
599057968,1,34.0,0.0,0.0,1
599162152,1,1.0,0.0,0.0,30
599320067,1,3.0,0.0,0.0,6
599547518,1,1.0,0.0,0.0,19
599604319,1,1.0,0.0,0.0,25
599766045,1,1.0,0.0,0.0,3
599781615,1,1.0,0.0,0.0,0
599890488,1,3.0,0.0,0.0,2
599915831,1,4.0,0.0,0.0,1
599928080,1,1.0,0.0,0.0,1
599938138,1,1.0,0.0,0.0,4
599998684,1,8.0,0.0,0.0,11
600034692,1,1.0,0.0,0.0,5
600047029,1,4.0,0.0,0.0,1
600058088,1,2.0,0.0,0.0,1
600088427,1,1.0,0.0,0.0,10
600266034,1,1.0,0.0,0.0,6
600271677,1,2.0,0.0,0.0,8
6007295,1,2.0,0.0,0.0,20
601002785,1,2.0,0.0,0.0,17
601058002,1,1.0,0.0,0.0,13
60106395,1,1.0,0.0,0.0,10
601161044,1,5.0,0.0,0.0,15
601197351,1,2.0,0.0,0.0,5
601458426,1,1.0,0.0,0.0,0
601486187,1,2.0,0.0,0.0,1
601496278,1,1.0,0.0,0.0,9
601599569,1,1.0,0.0,0.0,4
601683538,1,5.0,0.0,0.0,6
601708897,1,1.0,0.0,0.0,0
601810020,1,1.0,0.0,0.0,2
601811994,1,1.0,0.0,0.0,3
601871355,1,12.0,0.0,0.0,0
601971389,1,1.0,0.0,0.0,5
602128143,1,1.0,0.0,0.0,5
602280634,1,1.0,0.0,0.0,2
602329911,1,1.0,0.0,0.0,0
602576644,1,1.0,0.0,0.0,1
602616394,1,3.0,0.0,0.0,0
602665730,1,523.0,0.0,0.0,15
602818637,1,3.0,0.0,0.0,3
602943934,1,1.0,0.0,0.0,3
603165870,1,1.0,0.0,0.0,0
603274419,1,1.0,0.0,0.0,1
60343988,1,3.0,0.0,0.0,23
603442118,1,4.0,0.0,0.0,16
603580711,1,1.0,0.0,0.0,13
603713540,1,1.0,0.0,0.0,0
60374819,1,1.0,0.0,0.0,3
603826598,1,2.0,0.0,0.0,0
603996125,1,1.0,0.0,0.0,0
604144324,1,1.0,0.0,0.0,0
604431792,1,3.0,0.0,0.0,4
60480511,1,1.0,0.0,0.0,15
604843489,1,3.0,0.0,0.0,23
60489644,1,3.0,0.0,0.0,0
605136117,1,1.0,0.0,0.0,4
605161457,1,9.0,0.0,0.0,0
6051812,1,36.0,0.0,0.0,2
60529075,1,12.0,0.0,0.0,5
605408033,1,3.0,0.0,0.0,1
605419213,1,2.0,0.0,0.0,20
60553554,1,1.0,0.0,0.0,7
605563260,1,1.0,0.0,0.0,2
605568634,1,2.0,0.0,0.0,15
605618915,1,3.0,0.0,0.0,0
605743565,1,1.0,0.0,0.0,8
605762688,1,4.0,0.0,0.0,11
605858652,1,4.0,0.0,0.0,23
605898410,1,2.0,0.0,0.0,3
606035201,1,1.0,0.0,0.0,2
606210753,1,1.0,0.0,0.0,6
606302895,1,2.0,0.0,0.0,0
606453630,1,5.0,0.0,0.0,4
6065067,1,1.0,0.0,0.0,6
606621582,1,1.0,0.0,0.0,2
606787132,1,1.0,0.0,0.0,12
606865208,1,1.0,0.0,0.0,4
60705418,1,1.0,0.0,0.0,1
607218649,1,23.0,0.0,0.0,1
607247018,1,7.0,0.0,0.0,0
607407059,1,1.0,0.0,0.0,4
607546570,1,1.0,0.0,0.0,6
607575610,1,3.0,0.0,0.0,0
607714334,1,69.0,0.0,0.0,31
607721976,1,1.0,0.0,0.0,0
607735592,1,2.0,0.0,0.0,3
608030247,1,1.0,0.0,0.0,0
60805080,1,8.0,0.0,0.0,7
608077937,1,1.0,0.0,0.0,3
608177765,1,2.0,0.0,0.0,19
608210107,1,1.0,0.0,0.0,9
608264685,1,1.0,0.0,0.0,0
608298960,1,4.0,0.0,0.0,3
608354159,1,9.0,0.0,0.0,1
608374056,1,3.0,0.0,0.0,5
6083792,1,10.0,0.0,0.0,9
608434458,1,1.0,0.0,0.0,1
608460831,1,2.0,0.0,0.0,14
6085215,1,2.0,0.0,0.0,4
609058193,1,1.0,0.0,0.0,3
609088397,1,3.0,0.0,0.0,10
609628254,1,6.0,0.0,0.0,1
609839563,1,1.0,0.0,0.0,1
609872448,1,1.0,0.0,0.0,9
609977280,1,1.0,0.0,0.0,13
610041753,1,2.0,0.0,0.0,21
610239654,1,1.0,0.0,0.0,1
610371272,1,2.0,0.0,0.0,8
610379912,1,1.0,0.0,0.0,2
610607251,1,1.0,0.0,0.0,1
610621674,1,2.0,0.0,0.0,12
610630837,1,1.0,0.0,0.0,4
610834975,1,2.0,0.0,0.0,3
61105758,1,8.0,0.0,0.0,4
611057711,1,2.0,0.0,0.0,9
611060844,1,1.0,0.0,0.0,9
611146887,1,1.0,0.0,0.0,4
611161787,1,1.0,0.0,0.0,3
611216458,1,1.0,0.0,0.0,0
611452224,1,2.0,0.0,0.0,10
611464972,1,5.0,0.0,0.0,0
611491826,1,1.0,0.0,0.0,2
611593442,1,1.0,0.0,0.0,20
611593704,1,1.0,0.0,0.0,20
611788188,1,1.0,0.0,0.0,3
611858623,1,1.0,0.0,0.0,10
611935351,1,1.0,0.0,0.0,2
611964074,1,5.0,0.0,0.0,3
611979988,1,1.0,0.0,0.0,10
612044539,1,1.0,0.0,0.0,20
612075667,1,1.0,0.0,0.0,1
612277669,1,2.0,0.0,0.0,8
612354784,1,1.0,0.0,0.0,1
612401200,1,1.0,0.0,0.0,21
612534336,1,1.0,0.0,0.0,2
612591211,1,1.0,0.0,0.0,8
612746627,1,1.0,0.0,0.0,2
612771023,1,1.0,0.0,0.0,8
612811519,1,1.0,0.0,0.0,1
613013255,1,1.0,0.0,0.0,1
61306303,1,2.0,0.0,0.0,0
613318340,1,2.0,0.0,0.0,0
613368284,1,1.0,0.0,0.0,19
61349723,1,2.0,0.0,0.0,1
613654122,1,2.0,0.0,0.0,8
613728,1,1.0,0.0,0.0,28
613756126,1,1.0,0.0,0.0,0
613772664,1,1.0,0.0,0.0,0
613781236,1,1.0,0.0,0.0,0
613848580,1,1.0,0.0,0.0,17
614291796,1,2.0,0.0,0.0,1
614669955,1,1.0,0.0,0.0,9
614690658,1,2.0,0.0,0.0,14
614702469,1,1.0,0.0,0.0,3
614746444,1,12.0,0.0,0.0,10
614765452,1,1.0,0.0,0.0,0
614771793,1,1.0,0.0,0.0,17
615079569,1,1.0,0.0,0.0,8
615125383,1,2.0,0.0,0.0,0
615167571,1,1.0,0.0,0.0,2
615466434,1,1.0,0.0,0.0,1
615721582,1,1.0,0.0,0.0,2
616172283,1,1.0,0.0,0.0,2
616230792,1,5.0,0.0,0.0,0
616264853,1,1.0,0.0,0.0,2
616438432,1,12.0,0.0,0.0,1
616517173,1,1.0,0.0,0.0,0
616555895,1,2.0,0.0,0.0,0
616558939,1,1.0,0.0,0.0,3
616774259,1,1.0,0.0,0.0,7
616780501,1,1.0,0.0,0.0,3
616848199,1,1.0,0.0,0.0,10
61691853,1,1.0,0.0,0.0,3
6169821,1,1.0,0.0,0.0,6
617032611,1,1.0,0.0,0.0,2
617051827,1,1.0,0.0,0.0,16
617084880,1,1.0,0.0,0.0,5
61728459,1,1.0,0.0,0.0,20
617470568,1,1.0,0.0,0.0,0
617774068,1,1.0,0.0,0.0,10
617784208,1,1.0,0.0,0.0,19
617798408,1,1.0,0.0,0.0,0
617816604,1,3.0,0.0,0.0,0
617856128,1,1.0,0.0,0.0,1
617868717,1,1.0,0.0,0.0,15
617891484,1,1.0,0.0,0.0,3
617988966,1,1.0,0.0,0.0,5
618104322,1,1.0,0.0,0.0,3
618375305,1,1.0,0.0,0.0,3
618547382,1,2.0,0.0,0.0,2
618575799,1,36.0,0.0,0.0,1
618613272,1,3.0,0.0,0.0,15
61877861,1,3.0,0.0,0.0,1
618929835,1,1.0,0.0,0.0,21
619382345,1,1.0,0.0,0.0,1
61945043,1,5.0,0.0,0.0,3
61962375,1,1.0,0.0,0.0,1
619905460,1,2.0,0.0,0.0,2
619983228,1,1.0,0.0,0.0,32
620021906,1,1.0,0.0,0.0,5
620026838,1,1.0,0.0,0.0,0
620138159,1,2.0,0.0,0.0,2
620191342,1,1.0,0.0,0.0,9
620191422,1,5.0,0.0,0.0,0
620277202,1,1.0,0.0,0.0,2
620373809,1,1.0,0.0,0.0,4
62044191,1,18.0,0.0,0.0,1
62048325,1,1.0,0.0,0.0,2
620610829,1,1.0,0.0,0.0,1
620880066,1,1.0,0.0,0.0,4
62112810,1,9.0,0.0,0.0,13
621160937,1,1.0,0.0,0.0,9
62124667,1,1.0,0.0,0.0,13
62142665,1,1.0,0.0,0.0,2
621434160,1,4.0,0.0,0.0,15
62147469,1,3.0,0.0,0.0,2
621803253,1,3.0,0.0,0.0,6
621809766,1,2.0,0.0,0.0,3
621959440,1,1.0,0.0,0.0,1
621976841,1,1.0,0.0,0.0,15
621980566,1,1.0,0.0,0.0,0
622205108,1,3.0,0.0,0.0,0
62247399,1,1.0,0.0,0.0,1
622753753,1,2.0,0.0,0.0,1
622754400,1,1.0,0.0,0.0,7
623010951,1,1.0,0.0,0.0,5
623135240,1,1.0,0.0,0.0,29
623149777,1,1.0,0.0,0.0,1
623167149,1,2.0,0.0,0.0,8
623177414,1,5.0,0.0,0.0,5
623209546,1,2.0,0.0,0.0,3
623220487,1,1.0,0.0,0.0,19
623276087,1,1.0,0.0,0.0,1
623298152,1,3.0,0.0,0.0,2
623371578,1,2.0,0.0,0.0,12
623378572,1,1.0,0.0,0.0,2
623499199,1,1.0,0.0,0.0,8
6235080,1,1.0,0.0,0.0,3
623536067,1,1.0,0.0,0.0,12
623574682,1,1.0,0.0,0.0,8
623624230,1,1.0,0.0,0.0,1
623666228,1,3.0,0.0,0.0,1
623795348,1,1.0,0.0,0.0,1
623797735,1,1.0,0.0,0.0,14
623944933,1,1.0,0.0,0.0,30
623962571,1,1.0,0.0,0.0,6
623982709,1,1.0,0.0,0.0,0
624163890,1,1.0,0.0,0.0,3
624308170,1,1.0,0.0,0.0,0
624314543,1,3.0,0.0,0.0,11
624470212,1,1.0,0.0,0.0,1
62475947,1,3.0,0.0,0.0,2
624829673,1,1.0,0.0,0.0,5
625186522,1,1.0,0.0,0.0,1
625202272,1,1.0,0.0,0.0,0
625293217,1,2.0,0.0,0.0,16
625550928,1,1.0,0.0,0.0,9
625757751,1,2.0,0.0,0.0,7
62576980,1,79.0,0.0,0.0,0
625808524,1,4.0,0.0,0.0,17
625900156,1,1.0,0.0,0.0,20
626069118,1,4.0,0.0,0.0,1
626103823,1,1.0,0.0,0.0,2
626105373,1,1.0,0.0,0.0,1
62635533,1,15.0,0.0,0.0,2
626372451,1,1.0,0.0,0.0,2
626662104,1,1.0,0.0,0.0,0
626750992,1,1.0,0.0,0.0,2
626766665,1,1.0,0.0,0.0,1
626830281,1,1.0,0.0,0.0,20
626915953,1,1.0,0.0,0.0,24
627000131,1,1.0,0.0,0.0,2
627066574,1,1.0,0.0,0.0,15
627172485,1,11.0,0.0,0.0,6
62725884,1,1.0,0.0,0.0,15
627263225,1,3.0,0.0,0.0,3
627348520,1,1.0,0.0,0.0,5
627404297,1,2.0,0.0,0.0,34
627480054,1,2.0,0.0,0.0,15
627491277,1,1.0,0.0,0.0,9
627700110,1,2.0,0.0,0.0,0
627735,1,2.0,0.0,0.0,20
62774726,1,120.0,0.0,0.0,13
627807212,1,1.0,0.0,0.0,21
627996184,1,3.0,0.0,0.0,15
628024350,1,2.0,0.0,0.0,13
628061501,1,1.0,0.0,0.0,1
628225923,1,3.0,0.0,0.0,0
628340562,1,1.0,0.0,0.0,2
628729877,1,1.0,0.0,0.0,15
628765609,1,2.0,0.0,0.0,15
62895080,1,1.0,0.0,0.0,7
62900174,1,1.0,0.0,0.0,8
629013168,1,1.0,0.0,0.0,5
629281021,1,1.0,0.0,0.0,0
629673149,1,4.0,0.0,0.0,5
629776015,1,6.0,0.0,0.0,2
629882508,1,2.0,0.0,0.0,18
630002417,1,1.0,0.0,0.0,14
63001163,1,2.0,0.0,0.0,4
63014639,1,1.0,0.0,0.0,5
630276874,1,1.0,0.0,0.0,4
630409576,1,4.0,0.0,0.0,6
630558299,1,1.0,0.0,0.0,30
630562932,1,1.0,0.0,0.0,4
63065396,1,1.0,0.0,0.0,2
630720219,1,1.0,0.0,0.0,18
63082527,1,1.0,0.0,0.0,2
630884988,1,6.0,0.0,0.0,1
631023173,1,1.0,0.0,0.0,3
631063572,1,3.0,0.0,0.0,0
631078301,1,1.0,0.0,0.0,2
631208235,1,1.0,0.0,0.0,1
631248785,1,1.0,0.0,0.0,2
631258918,1,2.0,0.0,0.0,29
631322234,1,1.0,0.0,0.0,19
631415205,1,1.0,0.0,0.0,9
631548305,1,2.0,0.0,0.0,0
631612635,1,1.0,0.0,0.0,1
631735243,1,1.0,0.0,0.0,10
631765176,1,1.0,0.0,0.0,2
631796143,1,1.0,0.0,0.0,6
631864957,1,1.0,0.0,0.0,5
63188538,1,1.0,0.0,0.0,2
632011964,1,1.0,0.0,0.0,2
632020895,1,1.0,0.0,0.0,22
632024581,1,2.0,0.0,0.0,0
632090115,1,2.0,0.0,0.0,1
632173110,1,2.0,0.0,0.0,5
63227584,1,1.0,0.0,0.0,0
632622531,1,1.0,0.0,0.0,1
632733680,1,1.0,0.0,0.0,9
632757232,1,5.0,0.0,0.0,9
632852892,1,3.0,0.0,0.0,5
632877536,1,4.0,0.0,0.0,2
632917179,1,2.0,0.0,0.0,13
632945404,1,1.0,0.0,0.0,1
632964098,1,2.0,0.0,0.0,4
6331631,1,1.0,0.0,0.0,17
6333751,1,1.0,0.0,0.0,0
633405945,1,1.0,0.0,0.0,30
633656569,1,1.0,0.0,0.0,15
633817517,1,3.0,0.0,0.0,1
634047220,1,1.0,0.0,0.0,8
634120219,1,2.0,0.0,0.0,7
634122163,1,4.0,0.0,0.0,1
634155809,1,3.0,0.0,0.0,9
634160972,1,6.0,0.0,0.0,10
634826982,1,1.0,0.0,0.0,20
634860610,1,1.0,0.0,0.0,0
635112170,1,1.0,0.0,0.0,15
635119293,1,3.0,0.0,0.0,3
635164092,1,1.0,0.0,0.0,4
635240594,1,3.0,0.0,0.0,15
635492823,1,3.0,0.0,0.0,11
635693873,1,1.0,0.0,0.0,3
636360007,1,1.0,0.0,0.0,3
636423018,1,2.0,0.0,0.0,1
636427565,1,1.0,0.0,0.0,6
636434344,1,2.0,0.0,0.0,5
636450938,1,2.0,0.0,0.0,1
636466287,1,1.0,0.0,0.0,3
63652864,1,3.0,0.0,0.0,7
636611914,1,1.0,0.0,0.0,3
636615657,1,2.0,0.0,0.0,1
636664618,1,1.0,0.0,0.0,0
636720889,1,1.0,0.0,0.0,1
636843026,1,7.0,0.0,0.0,0
637002627,1,1.0,0.0,0.0,17
637123040,1,3.0,0.0,0.0,0
637225484,1,1.0,0.0,0.0,0
637349901,1,2.0,0.0,0.0,17
63746988,1,1.0,0.0,0.0,3
637483840,1,1.0,0.0,0.0,3
637612862,1,1.0,0.0,0.0,7
637615400,1,1.0,0.0,0.0,9
6376337,1,4.0,0.0,0.0,0
637657854,1,77.0,0.0,0.0,1
637671184,1,2.0,0.0,0.0,1
637719089,1,1.0,0.0,0.0,0
637728352,1,1.0,0.0,0.0,0
637784659,1,1.0,0.0,0.0,5
637800402,1,3.0,0.0,0.0,1
637814534,1,1.0,0.0,0.0,0
637928904,1,6.0,0.0,0.0,6
637940116,1,2.0,0.0,0.0,0
637976663,1,1.0,0.0,0.0,0
638001891,1,2.0,0.0,0.0,1
63840208,1,1.0,0.0,0.0,7
638460245,1,1.0,0.0,0.0,1
638496924,1,2.0,0.0,0.0,4
638591290,1,1.0,0.0,0.0,2
638665255,1,1.0,0.0,0.0,1
63925755,1,14.0,0.0,0.0,7
639286370,1,1.0,0.0,0.0,1
6393199,1,1.0,0.0,0.0,12
639411042,1,1.0,0.0,0.0,0
639632172,1,1.0,0.0,0.0,4
639698167,1,6.0,0.0,0.0,1
639712595,1,1.0,0.0,0.0,11
639781117,1,1.0,0.0,0.0,9
639821369,1,1.0,0.0,0.0,2
63990206,1,10.0,0.0,0.0,10
639988823,1,1.0,0.0,0.0,0
640116148,1,3.0,0.0,0.0,3
640183,1,4.0,0.0,0.0,3
640549170,1,1.0,0.0,0.0,2
640837371,1,1.0,0.0,0.0,18
640935346,1,2.0,0.0,0.0,9
640965999,1,1.0,0.0,0.0,4
640972,1,1.0,0.0,0.0,3
641028344,1,4.0,0.0,0.0,4
64113634,1,1.0,0.0,0.0,22
64122791,1,1.0,0.0,0.0,5
641411565,1,1.0,0.0,0.0,2
641719344,1,1.0,0.0,0.0,2
64172663,1,7.0,0.0,0.0,4
641818425,1,1.0,0.0,0.0,12
64188788,1,24.0,0.0,0.0,2
642041202,1,1.0,0.0,0.0,3
642112325,1,1.0,0.0,0.0,3
642140097,1,1.0,0.0,0.0,7
642179302,1,1.0,0.0,0.0,0
642303769,1,1.0,0.0,0.0,1
642457312,1,1.0,0.0,0.0,7
642495775,1,1.0,0.0,0.0,2
642580244,1,1.0,0.0,0.0,10
642737900,1,4.0,0.0,0.0,1
642880013,1,1.0,0.0,0.0,15
642967703,1,2.0,0.0,0.0,2
643013042,1,1.0,0.0,0.0,0
643069380,1,1.0,0.0,0.0,0
6432337,1,1.0,0.0,0.0,1
643327645,1,4.0,0.0,0.0,15
643338729,1,1.0,0.0,0.0,1
643477279,1,4.0,0.0,0.0,3
643590386,1,11.0,0.0,0.0,5
6438280,1,4.0,0.0,0.0,13
643909209,1,1.0,0.0,0.0,17
643985801,1,1.0,0.0,0.0,4
644001205,1,1.0,0.0,0.0,3
64405875,1,1.0,0.0,0.0,5
64409189,1,1.0,0.0,0.0,2
644123568,1,1.0,0.0,0.0,3
644142125,1,1.0,0.0,0.0,1
64431348,1,1.0,0.0,0.0,6
644338428,1,2.0,0.0,0.0,20
6443435,1,2.0,0.0,0.0,17
644648781,1,1.0,0.0,0.0,2
644693223,1,1.0,0.0,0.0,15
644785321,1,1.0,0.0,0.0,1
644900953,1,2.0,0.0,0.0,0
644947217,1,1.0,0.0,0.0,0
645077934,1,4.0,0.0,0.0,12
645176440,1,1.0,0.0,0.0,3
645200728,1,2.0,0.0,0.0,2
645214640,1,1.0,0.0,0.0,3
645237,1,11.0,0.0,0.0,6
645293852,1,2.0,0.0,0.0,10
645378455,1,18.0,0.0,0.0,7
645657466,1,1.0,0.0,0.0,20
645707313,1,1.0,0.0,0.0,9
645711309,1,1.0,0.0,0.0,1
645922806,1,1.0,0.0,0.0,6
645987171,1,1.0,0.0,0.0,0
64638071,1,5.0,0.0,0.0,2
646539567,1,1.0,0.0,0.0,15
646574805,1,2.0,0.0,0.0,1
646904364,1,1.0,0.0,0.0,16
64699530,1,1.0,0.0,0.0,0
647006690,1,1.0,0.0,0.0,16
647018139,1,1.0,0.0,0.0,8
647080117,1,1.0,0.0,0.0,1
647153226,1,1.0,0.0,0.0,23
647220570,1,2.0,0.0,0.0,3
647557800,1,6.0,0.0,0.0,0
64756820,1,2.0,0.0,0.0,13
647616362,1,3.0,0.0,0.0,1
647824125,1,1.0,0.0,0.0,0
647863103,1,4.0,0.0,0.0,5
647863473,1,3.0,0.0,0.0,3
648017819,1,1.0,0.0,0.0,15
648111554,1,1.0,0.0,0.0,6
648351990,1,2.0,0.0,0.0,15
648429440,1,1.0,0.0,0.0,3
648737525,1,1.0,0.0,0.0,15
648763520,1,2.0,0.0,0.0,0
648899724,1,1.0,0.0,0.0,1
64927657,1,1.0,0.0,0.0,3
649627986,1,1.0,0.0,0.0,16
64974630,1,1.0,0.0,0.0,5
6498492,1,1.0,0.0,0.0,9
650162930,1,2.0,0.0,0.0,0
650194867,1,13.0,0.0,0.0,0
650326368,1,1.0,0.0,0.0,21
65046532,1,149.0,0.0,0.0,8
650524865,1,1.0,0.0,0.0,19
650654562,1,3.0,0.0,0.0,15
650790307,1,2.0,0.0,0.0,2
650805128,1,2.0,0.0,0.0,15
650885101,1,1.0,0.0,0.0,9
650959196,1,7.0,0.0,0.0,10
65120226,1,1.0,0.0,0.0,4
651265676,1,1.0,0.0,0.0,1
651278448,1,2.0,0.0,0.0,15
651291604,1,1.0,0.0,0.0,8
651392599,1,1.0,0.0,0.0,15
651410723,1,1.0,0.0,0.0,1
65219131,1,1.0,0.0,0.0,24
65231883,1,3.0,0.0,0.0,13
652391977,1,2.0,0.0,0.0,3
652419906,1,1.0,0.0,0.0,2
65252,1,10.0,0.0,0.0,3
652677937,1,1.0,0.0,0.0,3
652705781,1,13.0,0.0,0.0,19
652800084,1,3.0,0.0,0.0,9
652802536,1,1.0,0.0,0.0,0
653113540,1,1.0,0.0,0.0,1
653302856,1,1.0,0.0,0.0,1
653441796,1,3.0,0.0,0.0,0
653525888,1,1.0,0.0,0.0,2
653907108,1,1.0,0.0,0.0,0
653916863,1,1.0,0.0,0.0,9
653993822,1,5.0,0.0,0.0,0
654146056,1,7.0,0.0,0.0,1
654167374,1,7.0,0.0,0.0,4
654473883,1,4.0,0.0,0.0,8
654609683,1,1.0,0.0,0.0,1
654868272,1,3.0,0.0,0.0,1
654949237,1,1.0,0.0,0.0,1
654972120,1,2.0,0.0,0.0,19
655426302,1,2.0,0.0,0.0,4
655569549,1,2.0,0.0,0.0,5
655686746,1,1.0,0.0,0.0,4
655973045,1,5.0,0.0,0.0,0
655999022,1,2.0,0.0,0.0,5
656099147,1,4.0,0.0,0.0,15
656201452,1,2.0,0.0,0.0,1
656451949,1,1.0,0.0,0.0,12
656493085,1,2.0,0.0,0.0,12
656819196,1,1.0,0.0,0.0,0
657093481,1,1.0,0.0,0.0,0
65711522,1,1.0,0.0,0.0,20
657139254,1,4.0,0.0,0.0,5
65750241,1,2.0,0.0,0.0,8
657892633,1,1.0,0.0,0.0,12
65794292,1,23.0,0.0,0.0,13
65798922,1,2.0,0.0,0.0,7
658064905,1,1.0,0.0,0.0,5
658219396,1,1.0,0.0,0.0,15
658303145,1,1.0,0.0,0.0,15
658602423,1,1.0,0.0,0.0,2
658604256,1,3.0,0.0,0.0,1
658720749,1,1.0,0.0,0.0,5
658917400,1,1.0,0.0,0.0,4
658984669,1,3.0,0.0,0.0,0
658996468,1,1.0,0.0,0.0,5
659043387,1,1.0,0.0,0.0,23
659129670,1,1.0,0.0,0.0,1
65915265,1,5.0,0.0,0.0,2
659205820,1,2.0,0.0,0.0,3
659311942,1,3.0,0.0,0.0,1
659525866,1,3.0,0.0,0.0,1
659662963,1,1.0,0.0,0.0,4
65983699,1,1.0,0.0,0.0,3
659882407,1,3.0,0.0,0.0,0
659936875,1,1.0,0.0,0.0,5
659957668,1,1.0,0.0,0.0,15
660095218,1,3.0,0.0,0.0,22
660154432,1,1.0,0.0,0.0,24
660165769,1,2.0,0.0,0.0,1
660205230,1,8.0,0.0,0.0,15
66023605,1,1.0,0.0,0.0,23
660413117,1,1.0,0.0,0.0,2
660472817,1,1.0,0.0,0.0,1
660517465,1,5.0,0.0,0.0,17
66066769,1,1.0,0.0,0.0,1
660700290,1,1.0,0.0,0.0,0
660782830,1,1.0,0.0,0.0,3
660802589,1,1.0,0.0,0.0,1
661490716,1,2.0,0.0,0.0,11
661495743,1,1.0,0.0,0.0,9
661714104,1,1.0,0.0,0.0,5
661722274,1,1.0,0.0,0.0,0
661747182,1,1.0,0.0,0.0,0
662029190,1,5.0,0.0,0.0,17
662129403,1,1.0,0.0,0.0,16
662230792,1,3.0,0.0,0.0,3
662292489,1,4.0,0.0,0.0,5
662296099,1,2.0,0.0,0.0,18
662390922,1,1.0,0.0,0.0,1
662391505,1,6.0,0.0,0.0,7
662491370,1,1.0,0.0,0.0,4
662528645,1,1.0,0.0,0.0,14
662533076,1,5.0,0.0,0.0,10
663105342,1,1.0,0.0,0.0,0
66314075,1,4.0,0.0,0.0,2
663142926,1,2.0,0.0,0.0,0
66319393,1,2.0,0.0,0.0,3
663194535,1,2.0,0.0,0.0,0
663230755,1,2.0,0.0,0.0,0
663234593,1,1.0,0.0,0.0,0
663235757,1,3.0,0.0,0.0,0
663487567,1,4.0,0.0,0.0,4
66403568,1,2.0,0.0,0.0,7
664229884,1,1.0,0.0,0.0,1
664306200,1,1.0,0.0,0.0,5
664328726,1,6.0,0.0,0.0,1
664363680,1,1.0,0.0,0.0,3
664610555,1,1.0,0.0,0.0,12
664619356,1,5.0,0.0,0.0,1
664686793,1,1.0,0.0,0.0,4
664700615,1,3.0,0.0,0.0,21
664750387,1,1.0,0.0,0.0,3
664873197,1,1.0,0.0,0.0,6
664913428,1,1.0,0.0,0.0,4
664938238,1,1.0,0.0,0.0,10
665040867,1,1.0,0.0,0.0,26
6652220,1,4.0,0.0,0.0,5
665353395,1,1.0,0.0,0.0,8
665462497,1,10.0,0.0,0.0,1
665583256,1,1.0,0.0,0.0,8
66566232,1,1.0,0.0,0.0,2
665687435,1,1.0,0.0,0.0,0
665868048,1,1.0,0.0,0.0,11
665940820,1,3.0,0.0,0.0,1
666012420,1,1.0,0.0,0.0,16
666055104,1,1.0,0.0,0.0,16
666163354,1,1.0,0.0,0.0,13
666260877,1,3.0,0.0,0.0,1
666355905,1,1.0,0.0,0.0,2
666590450,1,11.0,0.0,0.0,15
666701506,1,2.0,0.0,0.0,24
666811174,1,1.0,0.0,0.0,0
666905969,1,1.0,0.0,0.0,0
667068215,1,1.0,0.0,0.0,1
6670942,1,2.0,0.0,0.0,0
667137404,1,1.0,0.0,0.0,1
667297483,1,1.0,0.0,0.0,3
667310700,1,2.0,0.0,0.0,4
667517207,1,1.0,0.0,0.0,6
66767732,1,22.0,0.0,0.0,1
667698077,1,1.0,0.0,0.0,2
667764268,1,1.0,0.0,0.0,3
66781547,1,3.0,0.0,0.0,8
66783467,1,1.0,0.0,0.0,12
667847062,1,1.0,0.0,0.0,27
668128822,1,1.0,0.0,0.0,3
668207668,1,2.0,0.0,0.0,11
66823715,1,1.0,0.0,0.0,3
668344211,1,2.0,0.0,0.0,1
668515688,1,4.0,0.0,0.0,4
66855798,1,26.0,0.0,0.0,8
668597066,1,1.0,0.0,0.0,2
668609448,1,1.0,0.0,0.0,17
668665017,1,6.0,0.0,0.0,0
668887052,1,2.0,0.0,0.0,1
669129391,1,1.0,0.0,0.0,2
669131748,1,1.0,0.0,0.0,2
669168604,1,3.0,0.0,0.0,2
669267591,1,1.0,0.0,0.0,3
66935478,1,1.0,0.0,0.0,9
66944590,1,3.0,0.0,0.0,2
669620183,1,1.0,0.0,0.0,0
669906644,1,1.0,0.0,0.0,0
66992256,1,1.0,0.0,0.0,8
669926526,1,2.0,0.0,0.0,5
669971489,1,1.0,0.0,0.0,1
670087159,1,1.0,0.0,0.0,1
6701057,1,4.0,0.0,0.0,12
670144921,1,1.0,0.0,0.0,0
670159282,1,1.0,0.0,0.0,9
670260734,1,1.0,0.0,0.0,4
670333862,1,11.0,0.0,0.0,10
670479236,1,2.0,0.0,0.0,0
670568984,1,1.0,0.0,0.0,0
670792832,1,1.0,0.0,0.0,8
670969182,1,1.0,0.0,0.0,5
671043970,1,15.0,0.0,0.0,0
671094317,1,1.0,0.0,0.0,1
671133847,1,1.0,0.0,0.0,6
671205843,1,2.0,0.0,0.0,2
671346269,1,1.0,0.0,0.0,16
6714663,1,1.0,0.0,0.0,4
671504259,1,1.0,0.0,0.0,1
671661310,1,1.0,0.0,0.0,3
671795684,1,1.0,0.0,0.0,15
671805105,1,3.0,0.0,0.0,0
671811685,1,1.0,0.0,0.0,15
671825,1,1.0,0.0,0.0,6
671825406,1,1.0,0.0,0.0,1
671838558,1,3.0,0.0,0.0,17
671971248,1,1.0,0.0,0.0,1
672058186,1,5.0,0.0,0.0,0
672138641,1,1.0,0.0,0.0,8
672187135,1,1.0,0.0,0.0,6
672303273,1,6.0,0.0,0.0,9
672478529,1,1.0,0.0,0.0,1
672491464,1,1.0,0.0,0.0,15
67264828,1,3.0,0.0,0.0,3
67273122,1,2.0,0.0,0.0,1
672756585,1,2.0,0.0,0.0,15
672760351,1,1.0,0.0,0.0,11
672826535,1,1.0,0.0,0.0,12
672830505,1,1.0,0.0,0.0,10
672891998,1,1.0,0.0,0.0,11
673127966,1,1.0,0.0,0.0,21
673210244,1,4.0,0.0,0.0,23
673220833,1,2.0,0.0,0.0,1
673267,1,2.0,0.0,0.0,0
673408592,1,2.0,0.0,0.0,3
673419947,1,1.0,0.0,0.0,5
673423409,1,1.0,0.0,0.0,2
673540142,1,1.0,0.0,0.0,2
673545053,1,1.0,0.0,0.0,2
67354721,1,1.0,0.0,0.0,0
673596675,1,1.0,0.0,0.0,5
673810984,1,1.0,0.0,0.0,2
673829675,1,1.0,0.0,0.0,4
67385952,1,3.0,0.0,0.0,2
673962654,1,2.0,0.0,0.0,8
674014858,1,1.0,0.0,0.0,10
674149041,1,1.0,0.0,0.0,15
674155526,1,1.0,0.0,0.0,4
674202099,1,1.0,0.0,0.0,4
674469838,1,4.0,0.0,0.0,19
674520507,1,1.0,0.0,0.0,0
674603270,1,1.0,0.0,0.0,20
674664577,1,1.0,0.0,0.0,8
674718180,1,1.0,0.0,0.0,4
674773779,1,1.0,0.0,0.0,3
674820364,1,1.0,0.0,0.0,2
674831767,1,1.0,0.0,0.0,24
675269342,1,2.0,0.0,0.0,19
675549155,1,2.0,0.0,0.0,1
675602052,1,8.0,0.0,0.0,17
675647299,1,2.0,0.0,0.0,2
675716634,1,1.0,0.0,0.0,5
675740952,1,1.0,0.0,0.0,1
675769914,1,2.0,0.0,0.0,1
675835930,1,10.0,0.0,0.0,1
675859005,1,1.0,0.0,0.0,5
675915182,1,3.0,0.0,0.0,17
675967478,1,1.0,0.0,0.0,1
676024928,1,1.0,0.0,0.0,3
676055846,1,1.0,0.0,0.0,1
676083065,1,1.0,0.0,0.0,26
676097068,1,3.0,0.0,0.0,0
676208116,1,8.0,0.0,0.0,15
676256169,1,1.0,0.0,0.0,14
67626108,1,1.0,0.0,0.0,8
676353955,1,1.0,0.0,0.0,1
676410846,1,10.0,0.0,0.0,15
676419965,1,13.0,0.0,0.0,17
67646563,1,1.0,0.0,0.0,6
676469233,1,7.0,0.0,0.0,10
676646151,1,1.0,0.0,0.0,13
6766558,1,1.0,0.0,0.0,2
67680905,1,1.0,0.0,0.0,14
676842785,1,1.0,0.0,0.0,1
676861139,1,1.0,0.0,0.0,1
676960961,1,1.0,0.0,0.0,0
677038657,1,1.0,0.0,0.0,14
677149938,1,1.0,0.0,0.0,0
677153316,1,1.0,0.0,0.0,6
677181416,1,1.0,0.0,0.0,5
677206856,1,1.0,0.0,0.0,2
677479521,1,1.0,0.0,0.0,3
67753070,1,1.0,0.0,0.0,25
677831399,1,1.0,0.0,0.0,0
678540761,1,2.0,0.0,0.0,15
678615763,1,1.0,0.0,0.0,6
678995193,1,16.0,0.0,0.0,10
679025373,1,4.0,0.0,0.0,1
679249957,1,2.0,0.0,0.0,3
679373403,1,1.0,0.0,0.0,0
679396061,1,1.0,0.0,0.0,3
679628763,1,4.0,0.0,0.0,1
679647890,1,1.0,0.0,0.0,2
679662,1,20.0,0.0,0.0,2
679730958,1,2.0,0.0,0.0,15
679777282,1,5.0,0.0,0.0,1
679807475,1,1.0,0.0,0.0,3
679837577,1,1.0,0.0,0.0,0
680083520,1,2.0,0.0,0.0,3
68009783,1,2.0,0.0,0.0,3
680155679,1,1.0,0.0,0.0,5
68020423,1,2.0,0.0,0.0,30
680533087,1,1.0,0.0,0.0,21
68077781,1,8.0,0.0,0.0,3
680781965,1,1.0,0.0,0.0,25
680783453,1,1.0,0.0,0.0,14
680799,1,12.0,0.0,0.0,12
680804364,1,1.0,0.0,0.0,16
680823106,1,1.0,0.0,0.0,25
680991804,1,2.0,0.0,0.0,0
6810719,1,1.0,0.0,0.0,22
681493020,1,1.0,0.0,0.0,0
681638483,1,11.0,0.0,0.0,10
681705041,1,6.0,0.0,0.0,4
681848059,1,1.0,0.0,0.0,1
681850196,1,1.0,0.0,0.0,2
681882682,1,1.0,0.0,0.0,11
681989124,1,13.0,0.0,0.0,0
682003431,1,1.0,0.0,0.0,12
682081244,1,4.0,0.0,0.0,28
682705890,1,1.0,0.0,0.0,0
68291529,1,90.0,0.0,0.0,6
682923562,1,1.0,0.0,0.0,3
683089774,1,6.0,0.0,0.0,3
683126971,1,1.0,0.0,0.0,3
683498897,1,1.0,0.0,0.0,0
683637737,1,1.0,0.0,0.0,24
684061670,1,2.0,0.0,0.0,0
684104164,1,1.0,0.0,0.0,0
684237441,1,3.0,0.0,0.0,9
684383578,1,2.0,0.0,0.0,0
684396258,1,1.0,0.0,0.0,9
684401320,1,1.0,0.0,0.0,9
684523446,1,1.0,0.0,0.0,1
684595721,1,1.0,0.0,0.0,8
684697496,1,2.0,0.0,0.0,8
684704498,1,1.0,0.0,0.0,1
685139283,1,5.0,0.0,0.0,3
685163084,1,2.0,0.0,0.0,15
685474150,1,3.0,0.0,0.0,2
685771172,1,2.0,0.0,0.0,4
685798215,1,1.0,0.0,0.0,4
685850040,1,2.0,0.0,0.0,9
685868053,1,1.0,0.0,0.0,18
685905563,1,1.0,0.0,0.0,1
685913172,1,9.0,0.0,0.0,3
685997609,1,4.0,0.0,0.0,4
686029152,1,2.0,0.0,0.0,8
686070010,1,1.0,0.0,0.0,4
686215676,1,2.0,0.0,0.0,9
686261276,1,2.0,0.0,0.0,3
686294266,1,3.0,0.0,0.0,0
686974403,1,8.0,0.0,0.0,3
687026542,1,1.0,0.0,0.0,2
687171752,1,2.0,0.0,0.0,0
68731208,1,1.0,0.0,0.0,6
687314385,1,4.0,0.0,0.0,2
687836,1,3.0,0.0,0.0,4
687977547,1,1.0,0.0,0.0,0
687985448,1,1.0,0.0,0.0,10
688065193,1,1.0,0.0,0.0,20
688136681,1,2.0,0.0,0.0,6
688201329,1,1.0,0.0,0.0,0
688208,1,1.0,0.0,0.0,18
688272353,1,2.0,0.0,0.0,3
688337960,1,3.0,0.0,0.0,2
688340615,1,2.0,0.0,0.0,2
68838259,1,2.0,0.0,0.0,0
688428792,1,1.0,0.0,0.0,5
688490223,1,1.0,0.0,0.0,0
688505089,1,1.0,0.0,0.0,1
688508983,1,1.0,0.0,0.0,0
688546384,1,1.0,0.0,0.0,10
688567865,1,2.0,0.0,0.0,4
688568610,1,1.0,0.0,0.0,17
688586835,1,858.0,0.0,0.0,6
688675173,1,1.0,0.0,0.0,3
688760465,1,4.0,0.0,0.0,9
689017703,1,1.0,0.0,0.0,2
689082460,1,1.0,0.0,0.0,8
689097319,1,1.0,0.0,0.0,1
6892935,1,1.0,0.0,0.0,14
68938580,1,1.0,0.0,0.0,0
689504627,1,4.0,0.0,0.0,9
689613409,1,1.0,0.0,0.0,1
68967191,1,1.0,0.0,0.0,3
689853521,1,1.0,0.0,0.0,9
690126042,1,3.0,0.0,0.0,1
690130401,1,1.0,0.0,0.0,10
690165495,1,1.0,0.0,0.0,0
690308434,1,2.0,0.0,0.0,1
690359264,1,1.0,0.0,0.0,0
690638724,1,2.0,0.0,0.0,21
690689043,1,1.0,0.0,0.0,1
690790894,1,1.0,0.0,0.0,2
690824662,1,2.0,0.0,0.0,9
6915445,1,3.0,0.0,0.0,4
691576972,1,1.0,0.0,0.0,7
691638668,1,1.0,0.0,0.0,0
691683,1,1.0,0.0,0.0,4
69170505,1,12.0,0.0,0.0,7
691722422,1,1.0,0.0,0.0,1
691880760,1,5.0,0.0,0.0,4
691974445,1,1.0,0.0,0.0,0
692008436,1,1.0,0.0,0.0,2
692131054,1,1.0,0.0,0.0,19
692609224,1,3.0,0.0,0.0,1
692967348,1,2.0,0.0,0.0,9
6930489,1,193.0,0.0,0.0,8
693201231,1,1.0,0.0,0.0,3
693214374,1,2.0,0.0,0.0,0
693268407,1,2.0,0.0,0.0,3
69365079,1,1.0,0.0,0.0,13
693943569,1,2.0,0.0,0.0,11
693950742,1,5.0,0.0,0.0,3
69400326,1,1.0,0.0,0.0,2
694474426,1,1.0,0.0,0.0,1
694565231,1,1.0,0.0,0.0,15
694616566,1,2.0,0.0,0.0,0
694703339,1,3.0,0.0,0.0,20
694825173,1,1.0,0.0,0.0,2
694838293,1,1.0,0.0,0.0,2
695088395,1,3.0,0.0,0.0,2
695372858,1,1.0,0.0,0.0,0
695630582,1,1.0,0.0,0.0,0
695754575,1,1.0,0.0,0.0,6
69579420,1,2.0,0.0,0.0,4
695953081,1,4.0,0.0,0.0,14
695990001,1,7.0,0.0,0.0,3
696118837,1,2.0,0.0,0.0,9
69614928,1,1.0,0.0,0.0,9
696400903,1,1.0,0.0,0.0,15
696459586,1,1.0,0.0,0.0,0
696522821,1,3.0,0.0,0.0,4
696682425,1,1.0,0.0,0.0,5
696716530,1,2.0,0.0,0.0,4
696816187,1,2.0,0.0,0.0,0
69681666,1,1.0,0.0,0.0,8
696834384,1,6.0,0.0,0.0,0
696899371,1,1.0,0.0,0.0,1
696936357,1,7.0,0.0,0.0,2
6973491,1,27.0,0.0,0.0,4
697733031,1,1.0,0.0,0.0,0
697934018,1,1.0,0.0,0.0,8
697944531,1,1.0,0.0,0.0,1
697976,1,1.0,0.0,0.0,12
69809097,1,5.0,0.0,0.0,1
698476716,1,2.0,0.0,0.0,0
698767645,1,2.0,0.0,0.0,15
6988020,1,4.0,0.0,0.0,25
698819480,1,1.0,0.0,0.0,2
699397588,1,1.0,0.0,0.0,6
699689,1,1.0,0.0,0.0,19
700350060,1,1.0,0.0,0.0,1
700399518,1,3.0,0.0,0.0,6
700539288,1,1.0,0.0,0.0,7
70116337,1,2.0,0.0,0.0,11
701242255,1,1.0,0.0,0.0,23
701260245,1,3.0,0.0,0.0,1
701296964,1,1.0,0.0,0.0,1
701342178,1,1.0,0.0,0.0,0
701355546,1,2.0,0.0,0.0,4
701495725,1,1.0,0.0,0.0,19
701554958,1,1.0,0.0,0.0,0
701574389,1,1.0,0.0,0.0,11
701657527,1,1.0,0.0,0.0,9
70208775,1,6.0,0.0,0.0,7
702868509,1,1.0,0.0,0.0,3
702874453,1,1.0,0.0,0.0,1
703310134,1,2.0,0.0,0.0,9
70346903,1,3.0,0.0,0.0,4
70365100,1,2.0,0.0,0.0,0
703866764,1,1.0,0.0,0.0,2
704252738,1,35.0,0.0,0.0,5
704363799,1,5.0,0.0,0.0,1
704543233,1,7.0,0.0,0.0,15
704583797,1,2.0,0.0,0.0,1
704732969,1,3.0,0.0,0.0,2
704985219,1,5.0,0.0,0.0,4
704991199,1,1.0,0.0,0.0,0
7053637,1,8.0,0.0,0.0,15
705719368,1,2.0,0.0,0.0,1
705749730,1,2.0,0.0,0.0,18
705910402,1,3.0,0.0,0.0,2
705929331,1,2.0,0.0,0.0,9
706110337,1,1.0,0.0,0.0,6
70637366,1,2.0,0.0,0.0,17
706668512,1,1.0,0.0,0.0,4
707178563,1,2.0,0.0,0.0,0
707184445,1,1.0,0.0,0.0,0
707243382,1,23.0,0.0,0.0,2
707276837,1,1.0,0.0,0.0,10
707282555,1,1.0,0.0,0.0,10
707422832,1,1.0,0.0,0.0,15
707560051,1,2.0,0.0,0.0,3
707795660,1,1.0,0.0,0.0,0
708197490,1,1.0,0.0,0.0,5
708477158,1,1.0,0.0,0.0,5
708558420,1,2.0,0.0,0.0,0
708707800,1,1.0,0.0,0.0,5
708945403,1,1.0,0.0,0.0,10
709112357,1,1.0,0.0,0.0,4
709619049,1,1.0,0.0,0.0,8
710418253,1,1.0,0.0,0.0,1
710733215,1,1.0,0.0,0.0,2
711118881,1,2.0,0.0,0.0,4
711582,1,4.0,0.0,0.0,28
711787706,1,1.0,0.0,0.0,1
711976,1,1.0,0.0,0.0,8
711983650,1,1.0,0.0,0.0,9
711993421,1,3.0,0.0,0.0,24
712225029,1,1.0,0.0,0.0,0
712299615,1,1.0,0.0,0.0,1
71253874,1,66.0,0.0,0.0,14
712656763,1,1.0,0.0,0.0,14
713048114,1,2.0,0.0,0.0,4
713304751,1,1.0,0.0,0.0,1
713331229,1,3.0,0.0,0.0,1
713558891,1,1.0,0.0,0.0,10
713582315,1,3.0,0.0,0.0,26
713687624,1,6.0,0.0,0.0,1
713825427,1,1.0,0.0,0.0,14
713926835,1,1.0,0.0,0.0,2
713957550,1,1.0,0.0,0.0,18
71415280,1,1.0,0.0,0.0,1
715015715,1,1.0,0.0,0.0,0
715255303,1,2.0,0.0,0.0,15
715438998,1,1.0,0.0,0.0,1
715591737,1,1.0,0.0,0.0,0
71565220,1,5.0,0.0,0.0,3
715728010,1,1.0,0.0,0.0,7
715751176,1,3.0,0.0,0.0,8
715798276,1,1.0,0.0,0.0,7
715965633,1,1.0,0.0,0.0,13
716081243,1,1.0,0.0,0.0,3
716661693,1,3.0,0.0,0.0,16
717364780,1,15.0,0.0,0.0,1
71822014,1,1.0,0.0,0.0,1
71835381,1,5.0,0.0,0.0,5
718404317,1,1.0,0.0,0.0,3
7184464,1,1.0,0.0,0.0,4
718593705,1,1.0,0.0,0.0,0
71932349,1,1.0,0.0,0.0,29
71939872,1,2.0,0.0,0.0,4
719532471,1,1.0,0.0,0.0,3
719631656,1,7.0,0.0,0.0,2
719950280,1,2.0,0.0,0.0,4
71995937,1,1.0,0.0,0.0,8
719984336,1,5.0,0.0,0.0,23
719988059,1,1.0,0.0,0.0,1
720278827,1,1.0,0.0,0.0,23
720603002,1,2.0,0.0,0.0,4
720760454,1,1.0,0.0,0.0,0
720766402,1,1.0,0.0,0.0,22
72087685,1,162.0,0.0,0.0,8
721065451,1,2.0,0.0,0.0,2
721120511,1,1.0,0.0,0.0,0
721191499,1,1.0,0.0,0.0,9
721643065,1,1.0,0.0,0.0,21
722010879,1,1.0,0.0,0.0,18
722016080,1,1.0,0.0,0.0,1
722083284,1,2.0,0.0,0.0,4
722180249,1,1.0,0.0,0.0,0
722309256,1,1.0,0.0,0.0,1
722414979,1,2.0,0.0,0.0,20
722421663,1,1.0,0.0,0.0,2
722434205,1,1.0,0.0,0.0,9
722682,1,2.0,0.0,0.0,4
72286208,1,1.0,0.0,0.0,1
722908919,1,1.0,0.0,0.0,18
722956234,1,1.0,0.0,0.0,0
72308037,1,3.0,0.0,0.0,19
723497381,1,1.0,0.0,0.0,2
724158871,1,1.0,0.0,0.0,0
724187502,1,5.0,0.0,0.0,2
724712326,1,7.0,0.0,0.0,12
72474275,1,3.0,0.0,0.0,2
724809112,1,1.0,0.0,0.0,3
72486161,1,1.0,0.0,0.0,2
72495579,1,1.0,0.0,0.0,21
725211825,1,2.0,0.0,0.0,1
725322263,1,1.0,0.0,0.0,8
725934563,1,3.0,0.0,0.0,2
72628350,1,1.0,0.0,0.0,4
72667908,1,1.0,0.0,0.0,0
72685026,1,1.0,0.0,0.0,3
727547054,1,5.0,0.0,0.0,2
727806544,1,1.0,0.0,0.0,5
727890387,1,2.0,0.0,0.0,3
727984776,1,1.0,0.0,0.0,14
72815283,1,1.0,0.0,0.0,3
728703084,1,1.0,0.0,0.0,15
72874378,1,2.0,0.0,0.0,3
72888736,1,4.0,0.0,0.0,21
72892565,1,1.0,0.0,0.0,1
729031460,1,3.0,0.0,0.0,2
729075686,1,2.0,0.0,0.0,5
729119717,1,1.0,0.0,0.0,1
729120365,1,2.0,0.0,0.0,1
729425251,1,1.0,0.0,0.0,12
729539784,1,1.0,0.0,0.0,0
72954239,1,2.0,0.0,0.0,16
729889072,1,4.0,0.0,0.0,1
730106711,1,2.0,0.0,0.0,0
730249672,1,1.0,0.0,0.0,1
730636141,1,3.0,0.0,0.0,2
730657398,1,2.0,0.0,0.0,18
730664515,1,2.0,0.0,0.0,33
730732421,1,1.0,0.0,0.0,1
730751175,1,2.0,0.0,0.0,18
730832824,1,2.0,0.0,0.0,8
730883434,1,1.0,0.0,0.0,2
731115289,1,1.0,0.0,0.0,1
731181803,1,2.0,0.0,0.0,8
731287603,1,1.0,0.0,0.0,0
731291060,1,1.0,0.0,0.0,0
731399117,1,2.0,0.0,0.0,9
731560361,1,1.0,0.0,0.0,24
731843084,1,1.0,0.0,0.0,1
731929865,1,1.0,0.0,0.0,9
733067491,1,2.0,0.0,0.0,14
734006403,1,1.0,0.0,0.0,0
734496956,1,1.0,0.0,0.0,5
734642069,1,1.0,0.0,0.0,9
734972901,1,1.0,0.0,0.0,0
73500647,1,3.0,0.0,0.0,21
735462020,1,2.0,0.0,0.0,9
735921183,1,1.0,0.0,0.0,9
735923391,1,1.0,0.0,0.0,8
735981,1,1.0,0.0,0.0,4
7363211,1,19.0,0.0,0.0,2
736527492,1,2.0,0.0,0.0,9
737030210,1,10.0,0.0,0.0,13
737450129,1,1.0,0.0,0.0,0
737476193,1,1.0,0.0,0.0,0
7378480,1,1.0,0.0,0.0,0
73823302,1,1.0,0.0,0.0,2
73948366,1,4.0,0.0,0.0,18
73967674,1,2.0,0.0,0.0,6
74046615,1,2.0,0.0,0.0,3
7408108,1,1.0,0.0,0.0,0
74175805,1,1.0,0.0,0.0,3
7427613,1,1.0,0.0,0.0,31
74385422,1,1.0,0.0,0.0,20
743888972,1,2.0,0.0,0.0,8
74411440,1,1.0,0.0,0.0,20
7444861,1,41.0,0.0,0.0,12
74654732,1,1.0,0.0,0.0,2
74659399,1,1.0,0.0,0.0,4
7467217,1,1.0,0.0,0.0,25
74698620,1,1.0,0.0,0.0,10
74700293,1,1.0,0.0,0.0,0
74705400,1,1.0,0.0,0.0,0
747698,1,3.0,0.0,0.0,2
74896462,1,51.0,0.0,0.0,1
74950504,1,7.0,0.0,0.0,4
750833442,1,1.0,0.0,0.0,1
7508411,1,14.0,0.0,0.0,4
751486,1,1.0,0.0,0.0,28
7515336,1,1.0,0.0,0.0,2
75164823,1,1.0,0.0,0.0,17
75173456,1,3.0,0.0,0.0,3
75190736,1,1.0,0.0,0.0,14
75216133,1,1.0,0.0,0.0,2
75234804,1,1.0,0.0,0.0,0
75244322,1,10.0,0.0,0.0,8
7563814,1,1.0,0.0,0.0,12
75649634,1,31.0,0.0,0.0,2
756856,1,1.0,0.0,0.0,0
75753556,1,1.0,0.0,0.0,4
75800303,1,1.0,0.0,0.0,1
7587038,1,1.0,0.0,0.0,0
75882172,1,1.0,0.0,0.0,5
7589942,1,1.0,0.0,0.0,8
7590000,1,1.0,0.0,0.0,15
7590028,1,2.0,0.0,0.0,8
75918965,1,3.0,0.0,0.0,7
76064827,1,2.0,0.0,0.0,21
76301022,1,1.0,0.0,0.0,0
76336560,1,1.0,0.0,0.0,11
76356815,1,1.0,0.0,0.0,1
76370586,1,1.0,0.0,0.0,0
7639232,1,13.0,0.0,0.0,4
76711509,1,1.0,0.0,0.0,4
76734068,1,1.0,0.0,0.0,2
76748754,1,1.0,0.0,0.0,4
76986795,1,1.0,0.0,0.0,7
77071454,1,1.0,0.0,0.0,2
770901,1,4.0,0.0,0.0,3
771374991,1,1.0,0.0,0.0,1
77308564,1,1.0,0.0,0.0,6
77394483,1,4.0,0.0,0.0,0
77428506,1,13.0,0.0,0.0,1
77570309,1,1.0,0.0,0.0,16
776374,1,1.0,0.0,0.0,12
77703394,1,7.0,0.0,0.0,7
77868600,1,1.0,0.0,0.0,13
77956507,1,21.0,0.0,0.0,1
780266,1,5.0,0.0,0.0,2
7813441,1,10.0,0.0,0.0,13
7833168,1,169.0,0.0,0.0,5
78460122,1,4.0,0.0,0.0,2
78667796,1,1.0,0.0,0.0,4
78670698,1,1.0,0.0,0.0,0
78687528,1,2.0,0.0,0.0,0
78690338,1,11.0,0.0,0.0,1
7875914,1,2.0,0.0,0.0,0
7877397,1,1.0,0.0,0.0,2
78835813,1,15.0,0.0,0.0,2
78874920,1,1.0,0.0,0.0,2
7895139,1,33.0,0.0,0.0,12
790359,1,3.0,0.0,0.0,7
79096817,1,2.0,0.0,0.0,3
7910045,1,1.0,0.0,0.0,4
792993396,1,2.0,0.0,0.0,3
79371642,1,2.0,0.0,0.0,7
79510167,1,1.0,0.0,0.0,3
7961991,1,21.0,0.0,0.0,13
79733281,1,1.0,0.0,0.0,2
79907973,1,2.0,0.0,0.0,5
80084817,1,20.0,0.0,0.0,13
8014055,1,3.0,0.0,0.0,11
80179724,1,146.0,0.0,0.0,8
8024331,1,15.0,0.0,0.0,3
80311370,1,18.0,0.0,0.0,29
80317682,1,2.0,0.0,0.0,4
8036854,1,1.0,0.0,0.0,9
80369237,1,63.0,0.0,0.0,13
80425943,1,12.0,0.0,0.0,2
80430781,1,14.0,0.0,0.0,7
80501529,1,8.0,0.0,0.0,4
80624075,1,1.0,0.0,0.0,0
80640282,1,96.0,0.0,0.0,4
80814363,1,1.0,0.0,0.0,5
80910170,1,1.0,0.0,0.0,2
80945428,1,1.0,0.0,0.0,15
81145663,1,1.0,0.0,0.0,17
81192894,1,1.0,0.0,0.0,1
8119454,1,2.0,0.0,0.0,3
81209935,1,2.0,0.0,0.0,3
81253511,1,2.0,0.0,0.0,1
81387692,1,3.0,0.0,0.0,7
8139951,1,1.0,0.0,0.0,8
815644,1,13.0,0.0,0.0,2
81698600,1,3.0,0.0,0.0,18
81712364,1,2.0,0.0,0.0,14
81770291,1,1.0,0.0,0.0,19
820039,1,2.0,0.0,0.0,9
8226650,1,1.0,0.0,0.0,12
82301030,1,23.0,0.0,0.0,3
8249948,1,4.0,0.0,0.0,4
826897,1,1.0,0.0,0.0,3
8277372,1,1.0,0.0,0.0,10
82783929,1,1.0,0.0,0.0,0
83252983,1,54.0,0.0,0.0,2
83363132,1,5.0,0.0,0.0,11
83364914,1,1.0,0.0,0.0,16
83496508,1,1.0,0.0,0.0,10
83502071,1,579.0,0.0,0.0,11
83552012,1,1.0,0.0,0.0,0
83638422,1,1.0,0.0,0.0,3
8372403,1,2.0,0.0,0.0,5
8373342,1,1.0,0.0,0.0,5
83803176,1,1.0,0.0,0.0,4
8385515,1,1.0,0.0,0.0,7
8385616,1,1.0,0.0,0.0,10
8393979,1,8.0,0.0,0.0,2
83947552,1,3.0,0.0,0.0,10
84038847,1,1.0,0.0,0.0,4
84045805,1,1.0,0.0,0.0,1
84131481,1,1.0,0.0,0.0,2
8413786,1,8.0,0.0,0.0,6
841835,1,1.0,0.0,0.0,0
8425622,1,2.0,0.0,0.0,2
8427964,1,5.0,0.0,0.0,3
84302090,1,1.0,0.0,0.0,3
843222,1,3.0,0.0,0.0,3
84424258,1,1.0,0.0,0.0,0
84596297,1,2.0,0.0,0.0,7
84610043,1,1.0,0.0,0.0,2
8467178,1,1.0,0.0,0.0,4
8484604,1,1.0,0.0,0.0,4
8485842,1,14.0,0.0,0.0,26
84972208,1,2.0,0.0,0.0,0
85005111,1,1.0,0.0,0.0,17
85294562,1,1.0,0.0,0.0,6
85320730,1,3.0,0.0,0.0,0
85327864,1,2.0,0.0,0.0,27
8535507,1,2.0,0.0,0.0,0
8544907,1,7.0,0.0,0.0,6
85508223,1,1.0,0.0,0.0,3
85516979,1,1.0,0.0,0.0,2
85531416,1,2.0,0.0,0.0,8
85802819,1,1.0,0.0,0.0,4
85817267,1,13.0,0.0,0.0,9
86092400,1,1.0,0.0,0.0,11
86103984,1,1.0,0.0,0.0,7
8626555,1,2.0,0.0,0.0,4
86271291,1,1.0,0.0,0.0,1
86329034,1,2.0,0.0,0.0,0
86367123,1,1.0,0.0,0.0,17
8643296,1,1.0,0.0,0.0,1
86497800,1,1.0,0.0,0.0,3
86504302,1,1.0,0.0,0.0,0
86519473,1,2.0,0.0,0.0,1
86639356,1,1.0,0.0,0.0,0
86644608,1,2.0,0.0,0.0,3
86740149,1,1.0,0.0,0.0,2
86742497,1,1.0,0.0,0.0,3
86749899,1,1.0,0.0,0.0,2
8710734,1,2.0,0.0,0.0,5
87143129,1,1.0,0.0,0.0,20
87146293,1,1.0,0.0,0.0,20
87238466,1,5.0,0.0,0.0,1
87245701,1,11.0,0.0,0.0,12
87289313,1,1.0,0.0,0.0,4
873328,1,2.0,0.0,0.0,12
87362999,1,73.0,0.0,0.0,29
87554659,1,2.0,0.0,0.0,0
87735873,1,6.0,0.0,0.0,3
88013053,1,1.0,0.0,0.0,2
88213008,1,5.0,0.0,0.0,9
8825137,1,1.0,0.0,0.0,21
8843683,1,2.0,0.0,0.0,12
88439547,1,1.0,0.0,0.0,0
8844630,1,1.0,0.0,0.0,3
88519607,1,2.0,0.0,0.0,10
88647250,1,1.0,0.0,0.0,1
886774,1,1.0,0.0,0.0,4
8882852,1,1.0,0.0,0.0,0
89026103,1,1.0,0.0,0.0,6
890377,1,1.0,0.0,0.0,9
8909193,1,1.0,0.0,0.0,1
89188193,1,2.0,0.0,0.0,2
89197041,1,4.0,0.0,0.0,14
89215652,1,2.0,0.0,0.0,12
8926444,1,4.0,0.0,0.0,13
89412712,1,1.0,0.0,0.0,5
894162,1,1.0,0.0,0.0,0
89443483,1,1.0,0.0,0.0,13
90137956,1,2.0,0.0,0.0,0
90194616,1,1.0,0.0,0.0,15
90336564,1,1.0,0.0,0.0,2
90364793,1,1.0,0.0,0.0,4
90438444,1,1.0,0.0,0.0,14
904641,1,2.0,0.0,0.0,13
9051843,1,1.0,0.0,0.0,12
90636971,1,9.0,0.0,0.0,2
90752597,1,1.0,0.0,0.0,1
9078984,1,1.0,0.0,0.0,4
90793418,1,1.0,0.0,0.0,7
90798757,1,1.0,0.0,0.0,2
90808126,1,1.0,0.0,0.0,2
908893,1,1.0,0.0,0.0,0
9090933,1,1.0,0.0,0.0,0
90912724,1,6.0,0.0,0.0,0
91054480,1,6.0,0.0,0.0,2
91262163,1,10.0,0.0,0.0,12
91287861,1,1.0,0.0,0.0,14
9155612,1,1.0,0.0,0.0,3
915844,1,20.0,0.0,0.0,0
91611782,1,1.0,0.0,0.0,32
91755273,1,1.0,0.0,0.0,2
91851641,1,39.0,0.0,0.0,0
91851655,1,3.0,0.0,0.0,0
92028780,1,1.0,0.0,0.0,11
92132038,1,10.0,0.0,0.0,2
92313258,1,1.0,0.0,0.0,2
92372653,1,1.0,0.0,0.0,9
924551,1,1.0,0.0,0.0,17
92834468,1,1.0,0.0,0.0,1
92942189,1,1.0,0.0,0.0,1
931039,1,27.0,0.0,0.0,8
93131028,1,1.0,0.0,0.0,25
93163868,1,1.0,0.0,0.0,25
93200555,1,1.0,0.0,0.0,3
93205465,1,3.0,0.0,0.0,0
93205500,1,1.0,0.0,0.0,2
93535342,1,1.0,0.0,0.0,2
93561151,1,28.0,0.0,0.0,2
93619165,1,1.0,0.0,0.0,2
93703838,1,1.0,0.0,0.0,1
93757589,1,13.0,0.0,0.0,1
9377198,1,1.0,0.0,0.0,0
937976,1,1.0,0.0,0.0,0
93948485,1,1.0,0.0,0.0,7
94003494,1,1.0,0.0,0.0,7
94148671,1,13.0,0.0,0.0,2
943149,1,2.0,0.0,0.0,3
94325158,1,3.0,0.0,0.0,18
9435153,1,1.0,0.0,0.0,13
94367677,1,1.0,0.0,0.0,3
94483360,1,12.0,0.0,0.0,8
94562173,1,1.0,0.0,0.0,3
9465623,1,5.0,0.0,0.0,8
9476938,1,1.0,0.0,0.0,4
94773393,1,1.0,0.0,0.0,0
94883751,1,1.0,0.0,0.0,7
94910455,1,3.0,0.0,0.0,5
9495505,1,3.0,0.0,0.0,2
94973335,1,1.0,0.0,0.0,12
95047635,1,2.0,0.0,0.0,3
95147835,1,2.0,0.0,0.0,0
95217595,1,34.0,0.0,0.0,1
9525,1,3.0,0.0,0.0,20
95281387,1,1.0,0.0,0.0,9
95343930,1,5.0,0.0,0.0,3
954637,1,1.0,0.0,0.0,5
95638093,1,1.0,0.0,0.0,0
9571473,1,1.0,0.0,0.0,8
95775164,1,1.0,0.0,0.0,3
95995403,1,1.0,0.0,0.0,0
96011629,1,1.0,0.0,0.0,5
96034473,1,7.0,0.0,0.0,4
9603889,1,2.0,0.0,0.0,2
961487,1,1.0,0.0,0.0,13
9646845,1,1.0,0.0,0.0,7
96575195,1,2.0,0.0,0.0,24
96575829,1,1.0,0.0,0.0,0
96868436,1,1.0,0.0,0.0,5
96965870,1,14.0,0.0,0.0,5
970147,1,2.0,0.0,0.0,2
9703694,1,1.0,0.0,0.0,4
97060860,1,1.0,0.0,0.0,2
97462285,1,1.0,0.0,0.0,33
9749905,1,1.0,0.0,0.0,5
97556265,1,2.0,0.0,0.0,0
97611747,1,2.0,0.0,0.0,5
97977100,1,2.0,0.0,0.0,16
98013453,1,5.0,0.0,0.0,3
9817834,1,1.0,0.0,0.0,13
98198980,1,2.0,0.0,0.0,22
9826184,1,1.0,0.0,0.0,5
98315735,1,3.0,0.0,0.0,2
98498455,1,1.0,0.0,0.0,1
9864166,1,14.0,0.0,0.0,13
98877895,1,3.0,0.0,0.0,0
9891249,1,56.0,0.0,0.0,13
9900098,1,1.0,0.0,0.0,28
990281,1,3.0,0.0,0.0,4
99251094,1,2.0,0.0,0.0,5
99373936,1,1.0,0.0,0.0,0
99412308,1,5.0,0.0,0.0,12
99454887,1,2.0,0.0,0.0,2
9948347,1,1.0,0.0,0.0,8
99612558,1,1.0,0.0,0.0,13
99618772,1,5.0,0.0,0.0,14
99737692,1,4.0,0.0,0.0,2
9993757,1,17.0,0.0,0.0,12
99940552,1,25.0,0.0,0.0,18
