metric,rank,value,cdf,ccdf
directed_cross_project_edge_weight,1,1,0.00010422094841063054,1.0
directed_cross_project_edge_weight,2,1,0.00020844189682126107,0.9998957790515893
directed_cross_project_edge_weight,3,1,0.0003126628452318916,0.9997915581031788
directed_cross_project_edge_weight,4,1,0.00041688379364252214,0.9996873371547681
directed_cross_project_edge_weight,5,1,0.0005211047420531526,0.9995831162063574
directed_cross_project_edge_weight,6,1,0.0006253256904637832,0.9994788952579469
directed_cross_project_edge_weight,7,1,0.0007295466388744137,0.9993746743095362
directed_cross_project_edge_weight,8,1,0.0008337675872850443,0.9992704533611256
directed_cross_project_edge_weight,9,1,0.0009379885356956748,0.999166232412715
directed_cross_project_edge_weight,10,1,0.0010422094841063053,0.9990620114643043
directed_cross_project_edge_weight,11,1,0.0011464304325169358,0.9989577905158937
directed_cross_project_edge_weight,12,1,0.0012506513809275664,0.9988535695674831
directed_cross_project_edge_weight,13,1,0.001354872329338197,0.9987493486190724
directed_cross_project_edge_weight,14,1,0.0014590932777488275,0.9986451276706618
directed_cross_project_edge_weight,15,1,0.001563314226159458,0.9985409067222512
directed_cross_project_edge_weight,16,1,0.0016675351745700886,0.9984366857738406
directed_cross_project_edge_weight,17,1,0.0017717561229807191,0.9983324648254299
directed_cross_project_edge_weight,18,1,0.0018759770713913497,0.9982282438770193
directed_cross_project_edge_weight,19,1,0.0019801980198019802,0.9981240229286087
directed_cross_project_edge_weight,20,1,0.0020844189682126106,0.998019801980198
directed_cross_project_edge_weight,21,1,0.0021886399166232413,0.9979155810317873
directed_cross_project_edge_weight,22,1,0.0022928608650338717,0.9978113600833768
directed_cross_project_edge_weight,23,1,0.0023970818134445024,0.9977071391349661
directed_cross_project_edge_weight,24,1,0.0025013027618551328,0.9976029181865554
directed_cross_project_edge_weight,25,1,0.0026055237102657635,0.9974986972381449
directed_cross_project_edge_weight,26,1,0.002709744658676394,0.9973944762897342
directed_cross_project_edge_weight,27,1,0.0028139656070870246,0.9972902553413237
directed_cross_project_edge_weight,28,1,0.002918186555497655,0.997186034392913
directed_cross_project_edge_weight,29,1,0.0030224075039082857,0.9970818134445023
directed_cross_project_edge_weight,30,1,0.003126628452318916,0.9969775924960917
directed_cross_project_edge_weight,31,1,0.003230849400729547,0.9968733715476811
directed_cross_project_edge_weight,32,1,0.003335070349140177,0.9967691505992704
directed_cross_project_edge_weight,33,1,0.003439291297550808,0.9966649296508598
directed_cross_project_edge_weight,34,1,0.0035435122459614382,0.9965607087024492
directed_cross_project_edge_weight,35,1,0.0036477331943720686,0.9964564877540386
directed_cross_project_edge_weight,36,1,0.0037519541427826993,0.9963522668056279
directed_cross_project_edge_weight,37,1,0.0038561750911933297,0.9962480458572173
directed_cross_project_edge_weight,38,1,0.0039603960396039604,0.9961438249088067
directed_cross_project_edge_weight,39,1,0.004064616988014591,0.996039603960396
directed_cross_project_edge_weight,40,1,0.004168837936425221,0.9959353830119854
directed_cross_project_edge_weight,41,1,0.004273058884835852,0.9958311620635748
directed_cross_project_edge_weight,42,1,0.004377279833246483,0.9957269411151641
directed_cross_project_edge_weight,43,1,0.004481500781657113,0.9956227201667536
directed_cross_project_edge_weight,44,1,0.004585721730067743,0.9955184992183429
directed_cross_project_edge_weight,45,1,0.004689942678478374,0.9954142782699322
directed_cross_project_edge_weight,46,1,0.004794163626889005,0.9953100573215217
directed_cross_project_edge_weight,47,1,0.004898384575299636,0.995205836373111
directed_cross_project_edge_weight,48,1,0.0050026055237102655,0.9951016154247003
directed_cross_project_edge_weight,49,1,0.005106826472120896,0.9949973944762898
directed_cross_project_edge_weight,50,1,0.005211047420531527,0.9948931735278791
directed_cross_project_edge_weight,51,1,0.005315268368942158,0.9947889525794684
directed_cross_project_edge_weight,52,1,0.005419489317352788,0.9946847316310579
directed_cross_project_edge_weight,53,1,0.0055237102657634185,0.9945805106826472
directed_cross_project_edge_weight,54,1,0.005627931214174049,0.9944762897342366
directed_cross_project_edge_weight,55,1,0.005732152162584679,0.994372068785826
directed_cross_project_edge_weight,56,1,0.00583637311099531,0.9942678478374153
directed_cross_project_edge_weight,57,1,0.005940594059405941,0.9941636268890047
directed_cross_project_edge_weight,58,1,0.006044815007816571,0.994059405940594
directed_cross_project_edge_weight,59,1,0.006149035956227201,0.9939551849921834
directed_cross_project_edge_weight,60,1,0.006253256904637832,0.9938509640437728
directed_cross_project_edge_weight,61,1,0.006357477853048463,0.9937467430953622
directed_cross_project_edge_weight,62,1,0.006461698801459094,0.9936425221469516
directed_cross_project_edge_weight,63,1,0.0065659197498697235,0.9935383011985409
directed_cross_project_edge_weight,64,1,0.006670140698280354,0.9934340802501302
directed_cross_project_edge_weight,65,1,0.006774361646690985,0.9933298593017197
directed_cross_project_edge_weight,66,1,0.006878582595101616,0.993225638353309
directed_cross_project_edge_weight,67,1,0.006982803543512246,0.9931214174048983
directed_cross_project_edge_weight,68,1,0.0070870244919228765,0.9930171964564878
directed_cross_project_edge_weight,69,1,0.007191245440333507,0.9929129755080771
directed_cross_project_edge_weight,70,1,0.007295466388744137,0.9928087545596664
directed_cross_project_edge_weight,71,1,0.007399687337154768,0.9927045336112559
directed_cross_project_edge_weight,72,1,0.007503908285565399,0.9926003126628452
directed_cross_project_edge_weight,73,1,0.0076081292339760295,0.9924960917144346
directed_cross_project_edge_weight,74,1,0.007712350182386659,0.992391870766024
directed_cross_project_edge_weight,75,1,0.007816571130797291,0.9922876498176133
directed_cross_project_edge_weight,76,1,0.007920792079207921,0.9921834288692027
directed_cross_project_edge_weight,77,1,0.00802501302761855,0.9920792079207921
directed_cross_project_edge_weight,78,1,0.008129233976029182,0.9919749869723814
directed_cross_project_edge_weight,79,1,0.008233454924439812,0.9918707660239708
directed_cross_project_edge_weight,80,1,0.008337675872850442,0.9917665450755602
directed_cross_project_edge_weight,81,1,0.008441896821261074,0.9916623241271496
directed_cross_project_edge_weight,82,1,0.008546117769671704,0.9915581031787389
directed_cross_project_edge_weight,83,1,0.008650338718082335,0.9914538822303283
directed_cross_project_edge_weight,84,1,0.008754559666492965,0.9913496612819177
directed_cross_project_edge_weight,85,1,0.008858780614903595,0.991245440333507
directed_cross_project_edge_weight,86,1,0.008963001563314227,0.9911412193850964
directed_cross_project_edge_weight,87,1,0.009067222511724857,0.9910369984366858
directed_cross_project_edge_weight,88,1,0.009171443460135487,0.9909327774882751
directed_cross_project_edge_weight,89,1,0.009275664408546118,0.9908285565398645
directed_cross_project_edge_weight,90,1,0.009379885356956748,0.9907243355914539
directed_cross_project_edge_weight,91,1,0.009484106305367378,0.9906201146430432
directed_cross_project_edge_weight,92,1,0.00958832725377801,0.9905158936946327
directed_cross_project_edge_weight,93,1,0.00969254820218864,0.990411672746222
directed_cross_project_edge_weight,94,1,0.009796769150599271,0.9903074517978113
directed_cross_project_edge_weight,95,1,0.009900990099009901,0.9902032308494008
directed_cross_project_edge_weight,96,1,0.010005211047420531,0.9900990099009901
directed_cross_project_edge_weight,97,1,0.010109431995831163,0.9899947889525794
directed_cross_project_edge_weight,98,1,0.010213652944241793,0.9898905680041689
directed_cross_project_edge_weight,99,1,0.010317873892652422,0.9897863470557582
directed_cross_project_edge_weight,100,1,0.010422094841063054,0.9896821261073476
directed_cross_project_edge_weight,101,1,0.010526315789473684,0.989577905158937
directed_cross_project_edge_weight,102,1,0.010630536737884316,0.9894736842105263
directed_cross_project_edge_weight,103,1,0.010734757686294946,0.9893694632621157
directed_cross_project_edge_weight,104,1,0.010838978634705575,0.989265242313705
directed_cross_project_edge_weight,105,1,0.010943199583116207,0.9891610213652944
directed_cross_project_edge_weight,106,1,0.011047420531526837,0.9890568004168838
directed_cross_project_edge_weight,107,1,0.011151641479937467,0.9889525794684731
directed_cross_project_edge_weight,108,1,0.011255862428348098,0.9888483585200626
directed_cross_project_edge_weight,109,1,0.011360083376758728,0.9887441375716519
directed_cross_project_edge_weight,110,1,0.011464304325169358,0.9886399166232412
directed_cross_project_edge_weight,111,1,0.01156852527357999,0.9885356956748307
directed_cross_project_edge_weight,112,1,0.01167274622199062,0.98843147472642
directed_cross_project_edge_weight,113,1,0.011776967170401251,0.9883272537780093
directed_cross_project_edge_weight,114,1,0.011881188118811881,0.9882230328295988
directed_cross_project_edge_weight,115,1,0.011985409067222511,0.9881188118811881
directed_cross_project_edge_weight,116,1,0.012089630015633143,0.9880145909327774
directed_cross_project_edge_weight,117,1,0.012193850964043773,0.9879103699843669
directed_cross_project_edge_weight,118,1,0.012298071912454403,0.9878061490359562
directed_cross_project_edge_weight,119,1,0.012402292860865034,0.9877019280875456
directed_cross_project_edge_weight,120,1,0.012506513809275664,0.987597707139135
directed_cross_project_edge_weight,121,1,0.012610734757686294,0.9874934861907243
directed_cross_project_edge_weight,122,1,0.012714955706096926,0.9873892652423137
directed_cross_project_edge_weight,123,1,0.012819176654507556,0.9872850442939031
directed_cross_project_edge_weight,124,1,0.012923397602918187,0.9871808233454924
directed_cross_project_edge_weight,125,1,0.013027618551328817,0.9870766023970818
directed_cross_project_edge_weight,126,1,0.013131839499739447,0.9869723814486712
directed_cross_project_edge_weight,127,1,0.013236060448150079,0.9868681605002606
directed_cross_project_edge_weight,128,1,0.013340281396560709,0.9867639395518499
directed_cross_project_edge_weight,129,1,0.013444502344971338,0.9866597186034393
directed_cross_project_edge_weight,130,1,0.01354872329338197,0.9865554976550287
directed_cross_project_edge_weight,131,1,0.0136529442417926,0.986451276706618
directed_cross_project_edge_weight,132,1,0.013757165190203232,0.9863470557582074
directed_cross_project_edge_weight,133,1,0.013861386138613862,0.9862428348097968
directed_cross_project_edge_weight,134,1,0.013965607087024491,0.9861386138613861
directed_cross_project_edge_weight,135,1,0.014069828035435123,0.9860343929129755
directed_cross_project_edge_weight,136,1,0.014174048983845753,0.9859301719645649
directed_cross_project_edge_weight,137,1,0.014278269932256383,0.9858259510161542
directed_cross_project_edge_weight,138,1,0.014382490880667015,0.9857217300677437
directed_cross_project_edge_weight,139,1,0.014486711829077644,0.985617509119333
directed_cross_project_edge_weight,140,1,0.014590932777488274,0.9855132881709223
directed_cross_project_edge_weight,141,1,0.014695153725898906,0.9854090672225118
directed_cross_project_edge_weight,142,1,0.014799374674309536,0.9853048462741011
directed_cross_project_edge_weight,143,1,0.014903595622720167,0.9852006253256904
directed_cross_project_edge_weight,144,1,0.015007816571130797,0.9850964043772799
directed_cross_project_edge_weight,145,1,0.015112037519541427,0.9849921834288692
directed_cross_project_edge_weight,146,1,0.015216258467952059,0.9848879624804586
directed_cross_project_edge_weight,147,1,0.015320479416362689,0.984783741532048
directed_cross_project_edge_weight,148,1,0.015424700364773319,0.9846795205836373
directed_cross_project_edge_weight,149,1,0.01552892131318395,0.9845752996352267
directed_cross_project_edge_weight,150,1,0.015633142261594582,0.984471078686816
directed_cross_project_edge_weight,151,1,0.015737363210005212,0.9843668577384054
directed_cross_project_edge_weight,152,1,0.015841584158415842,0.9842626367899948
directed_cross_project_edge_weight,153,1,0.01594580510682647,0.9841584158415841
directed_cross_project_edge_weight,154,1,0.0160500260552371,0.9840541948931735
directed_cross_project_edge_weight,155,1,0.01615424700364773,0.9839499739447629
directed_cross_project_edge_weight,156,1,0.016258467952058365,0.9838457529963522
directed_cross_project_edge_weight,157,1,0.016362688900468995,0.9837415320479417
directed_cross_project_edge_weight,158,1,0.016466909848879625,0.983637311099531
directed_cross_project_edge_weight,159,1,0.016571130797290255,0.9835330901511203
directed_cross_project_edge_weight,160,1,0.016675351745700884,0.9834288692027098
directed_cross_project_edge_weight,161,1,0.016779572694111518,0.9833246482542991
directed_cross_project_edge_weight,162,1,0.016883793642522148,0.9832204273058884
directed_cross_project_edge_weight,163,1,0.016988014590932778,0.9831162063574779
directed_cross_project_edge_weight,164,1,0.017092235539343408,0.9830119854090672
directed_cross_project_edge_weight,165,1,0.017196456487754037,0.9829077644606566
directed_cross_project_edge_weight,166,1,0.01730067743616467,0.982803543512246
directed_cross_project_edge_weight,167,1,0.0174048983845753,0.9826993225638353
directed_cross_project_edge_weight,168,1,0.01750911933298593,0.9825951016154247
directed_cross_project_edge_weight,169,1,0.01761334028139656,0.9824908806670141
directed_cross_project_edge_weight,170,1,0.01771756122980719,0.9823866597186034
directed_cross_project_edge_weight,171,1,0.01782178217821782,0.9822824387701928
directed_cross_project_edge_weight,172,1,0.017926003126628454,0.9821782178217822
directed_cross_project_edge_weight,173,1,0.018030224075039084,0.9820739968733716
directed_cross_project_edge_weight,174,1,0.018134445023449713,0.9819697759249609
directed_cross_project_edge_weight,175,1,0.018238665971860343,0.9818655549765503
directed_cross_project_edge_weight,176,1,0.018342886920270973,0.9817613340281397
directed_cross_project_edge_weight,177,1,0.018447107868681607,0.981657113079729
directed_cross_project_edge_weight,178,1,0.018551328817092236,0.9815528921313184
directed_cross_project_edge_weight,179,1,0.018655549765502866,0.9814486711829078
directed_cross_project_edge_weight,180,1,0.018759770713913496,0.9813444502344971
directed_cross_project_edge_weight,181,1,0.018863991662324126,0.9812402292860865
directed_cross_project_edge_weight,182,1,0.018968212610734756,0.9811360083376759
directed_cross_project_edge_weight,183,1,0.01907243355914539,0.9810317873892652
directed_cross_project_edge_weight,184,1,0.01917665450755602,0.9809275664408547
directed_cross_project_edge_weight,185,1,0.01928087545596665,0.980823345492444
directed_cross_project_edge_weight,186,1,0.01938509640437728,0.9807191245440333
directed_cross_project_edge_weight,187,1,0.01948931735278791,0.9806149035956228
directed_cross_project_edge_weight,188,1,0.019593538301198542,0.9805106826472121
directed_cross_project_edge_weight,189,1,0.019697759249609172,0.9804064616988014
directed_cross_project_edge_weight,190,1,0.019801980198019802,0.9803022407503909
directed_cross_project_edge_weight,191,1,0.019906201146430432,0.9801980198019802
directed_cross_project_edge_weight,192,1,0.020010422094841062,0.9800937988535696
directed_cross_project_edge_weight,193,1,0.020114643043251692,0.979989577905159
directed_cross_project_edge_weight,194,1,0.020218863991662325,0.9798853569567483
directed_cross_project_edge_weight,195,1,0.020323084940072955,0.9797811360083377
directed_cross_project_edge_weight,196,1,0.020427305888483585,0.979676915059927
directed_cross_project_edge_weight,197,1,0.020531526836894215,0.9795726941115164
directed_cross_project_edge_weight,198,1,0.020635747785304845,0.9794684731631058
directed_cross_project_edge_weight,199,1,0.020739968733715478,0.9793642522146951
directed_cross_project_edge_weight,200,1,0.020844189682126108,0.9792600312662845
directed_cross_project_edge_weight,201,1,0.020948410630536738,0.9791558103178739
directed_cross_project_edge_weight,202,1,0.021052631578947368,0.9790515893694632
directed_cross_project_edge_weight,203,1,0.021156852527357998,0.9789473684210527
directed_cross_project_edge_weight,204,1,0.02126107347576863,0.978843147472642
directed_cross_project_edge_weight,205,1,0.02136529442417926,0.9787389265242313
directed_cross_project_edge_weight,206,1,0.02146951537258989,0.9786347055758208
directed_cross_project_edge_weight,207,1,0.02157373632100052,0.9785304846274101
directed_cross_project_edge_weight,208,1,0.02167795726941115,0.9784262636789994
directed_cross_project_edge_weight,209,1,0.02178217821782178,0.9783220427305889
directed_cross_project_edge_weight,210,1,0.021886399166232414,0.9782178217821782
directed_cross_project_edge_weight,211,1,0.021990620114643044,0.9781136008337676
directed_cross_project_edge_weight,212,1,0.022094841063053674,0.978009379885357
directed_cross_project_edge_weight,213,1,0.022199062011464304,0.9779051589369463
directed_cross_project_edge_weight,214,1,0.022303282959874934,0.9778009379885357
directed_cross_project_edge_weight,215,1,0.022407503908285567,0.9776967170401251
directed_cross_project_edge_weight,216,1,0.022511724856696197,0.9775924960917144
directed_cross_project_edge_weight,217,1,0.022615945805106827,0.9774882751433038
directed_cross_project_edge_weight,218,1,0.022720166753517457,0.9773840541948932
directed_cross_project_edge_weight,219,1,0.022824387701928087,0.9772798332464825
directed_cross_project_edge_weight,220,1,0.022928608650338717,0.9771756122980719
directed_cross_project_edge_weight,221,1,0.02303282959874935,0.9770713913496613
directed_cross_project_edge_weight,222,1,0.02313705054715998,0.9769671704012507
directed_cross_project_edge_weight,223,1,0.02324127149557061,0.97686294945284
directed_cross_project_edge_weight,224,1,0.02334549244398124,0.9767587285044294
directed_cross_project_edge_weight,225,1,0.02344971339239187,0.9766545075560188
directed_cross_project_edge_weight,226,1,0.023553934340802503,0.9765502866076081
directed_cross_project_edge_weight,227,1,0.023658155289213133,0.9764460656591974
directed_cross_project_edge_weight,228,1,0.023762376237623763,0.9763418447107869
directed_cross_project_edge_weight,229,1,0.023866597186034393,0.9762376237623762
directed_cross_project_edge_weight,230,1,0.023970818134445022,0.9761334028139657
directed_cross_project_edge_weight,231,1,0.024075039082855652,0.976029181865555
directed_cross_project_edge_weight,232,1,0.024179260031266286,0.9759249609171443
directed_cross_project_edge_weight,233,1,0.024283480979676916,0.9758207399687338
directed_cross_project_edge_weight,234,1,0.024387701928087546,0.9757165190203231
directed_cross_project_edge_weight,235,1,0.024491922876498175,0.9756122980719124
directed_cross_project_edge_weight,236,1,0.024596143824908805,0.9755080771235018
directed_cross_project_edge_weight,237,1,0.02470036477331944,0.9754038561750912
directed_cross_project_edge_weight,238,1,0.02480458572173007,0.9752996352266806
directed_cross_project_edge_weight,239,1,0.0249088066701407,0.97519541427827
directed_cross_project_edge_weight,240,1,0.02501302761855133,0.9750911933298593
directed_cross_project_edge_weight,241,1,0.02511724856696196,0.9749869723814487
directed_cross_project_edge_weight,242,1,0.025221469515372588,0.974882751433038
directed_cross_project_edge_weight,243,1,0.02532569046378322,0.9747785304846274
directed_cross_project_edge_weight,244,1,0.02542991141219385,0.9746743095362168
directed_cross_project_edge_weight,245,1,0.02553413236060448,0.9745700885878061
directed_cross_project_edge_weight,246,1,0.02563835330901511,0.9744658676393955
directed_cross_project_edge_weight,247,1,0.02574257425742574,0.9743616466909849
directed_cross_project_edge_weight,248,1,0.025846795205836375,0.9742574257425742
directed_cross_project_edge_weight,249,1,0.025951016154247004,0.9741532047941637
directed_cross_project_edge_weight,250,1,0.026055237102657634,0.974048983845753
directed_cross_project_edge_weight,251,1,0.026159458051068264,0.9739447628973423
directed_cross_project_edge_weight,252,1,0.026263678999478894,0.9738405419489318
directed_cross_project_edge_weight,253,1,0.026367899947889527,0.9737363210005211
directed_cross_project_edge_weight,254,1,0.026472120896300157,0.9736321000521104
directed_cross_project_edge_weight,255,1,0.026576341844710787,0.9735278791036999
directed_cross_project_edge_weight,256,1,0.026680562793121417,0.9734236581552892
directed_cross_project_edge_weight,257,1,0.026784783741532047,0.9733194372068786
directed_cross_project_edge_weight,258,1,0.026889004689942677,0.973215216258468
directed_cross_project_edge_weight,259,1,0.02699322563835331,0.9731109953100573
directed_cross_project_edge_weight,260,1,0.02709744658676394,0.9730067743616467
directed_cross_project_edge_weight,261,1,0.02720166753517457,0.9729025534132361
directed_cross_project_edge_weight,262,1,0.0273058884835852,0.9727983324648254
directed_cross_project_edge_weight,263,1,0.02741010943199583,0.9726941115164148
directed_cross_project_edge_weight,264,1,0.027514330380406463,0.9725898905680042
directed_cross_project_edge_weight,265,1,0.027618551328817093,0.9724856696195935
directed_cross_project_edge_weight,266,1,0.027722772277227723,0.9723814486711829
directed_cross_project_edge_weight,267,1,0.027826993225638353,0.9722772277227723
directed_cross_project_edge_weight,268,1,0.027931214174048983,0.9721730067743617
directed_cross_project_edge_weight,269,1,0.028035435122459613,0.972068785825951
directed_cross_project_edge_weight,270,1,0.028139656070870246,0.9719645648775403
directed_cross_project_edge_weight,271,1,0.028243877019280876,0.9718603439291298
directed_cross_project_edge_weight,272,1,0.028348097967691506,0.9717561229807191
directed_cross_project_edge_weight,273,1,0.028452318916102136,0.9716519020323084
directed_cross_project_edge_weight,274,1,0.028556539864512766,0.9715476810838979
directed_cross_project_edge_weight,275,1,0.0286607608129234,0.9714434601354872
directed_cross_project_edge_weight,276,1,0.02876498176133403,0.9713392391870767
directed_cross_project_edge_weight,277,1,0.02886920270974466,0.971235018238666
directed_cross_project_edge_weight,278,1,0.02897342365815529,0.9711307972902553
directed_cross_project_edge_weight,279,1,0.02907764460656592,0.9710265763418447
directed_cross_project_edge_weight,280,1,0.02918186555497655,0.9709223553934341
directed_cross_project_edge_weight,281,1,0.029286086503387182,0.9708181344450234
directed_cross_project_edge_weight,282,1,0.029390307451797812,0.9707139134966128
directed_cross_project_edge_weight,283,1,0.029494528400208442,0.9706096925482022
directed_cross_project_edge_weight,284,1,0.02959874934861907,0.9705054715997915
directed_cross_project_edge_weight,285,1,0.0297029702970297,0.9704012506513809
directed_cross_project_edge_weight,286,1,0.029807191245440335,0.9702970297029703
directed_cross_project_edge_weight,287,1,0.029911412193850965,0.9701928087545597
directed_cross_project_edge_weight,288,1,0.030015633142261595,0.970088587806149
directed_cross_project_edge_weight,289,1,0.030119854090672225,0.9699843668577384
directed_cross_project_edge_weight,290,1,0.030224075039082855,0.9698801459093278
directed_cross_project_edge_weight,291,1,0.030328295987493484,0.9697759249609171
directed_cross_project_edge_weight,292,1,0.030432516935904118,0.9696717040125065
directed_cross_project_edge_weight,293,1,0.030536737884314748,0.9695674830640959
directed_cross_project_edge_weight,294,1,0.030640958832725378,0.9694632621156852
directed_cross_project_edge_weight,295,1,0.030745179781136008,0.9693590411672747
directed_cross_project_edge_weight,296,1,0.030849400729546637,0.969254820218864
directed_cross_project_edge_weight,297,1,0.03095362167795727,0.9691505992704533
directed_cross_project_edge_weight,298,1,0.0310578426263679,0.9690463783220428
directed_cross_project_edge_weight,299,1,0.03116206357477853,0.9689421573736321
directed_cross_project_edge_weight,300,1,0.031266284523189164,0.9688379364252214
directed_cross_project_edge_weight,301,1,0.031370505471599794,0.9687337154768109
directed_cross_project_edge_weight,302,1,0.031474726420010424,0.9686294945284002
directed_cross_project_edge_weight,303,1,0.031578947368421054,0.9685252735799896
directed_cross_project_edge_weight,304,1,0.031683168316831684,0.968421052631579
directed_cross_project_edge_weight,305,1,0.03178738926524231,0.9683168316831683
directed_cross_project_edge_weight,306,1,0.03189161021365294,0.9682126107347577
directed_cross_project_edge_weight,307,1,0.03199583116206357,0.9681083897863471
directed_cross_project_edge_weight,308,1,0.0321000521104742,0.9680041688379364
directed_cross_project_edge_weight,309,1,0.03220427305888483,0.9678999478895258
directed_cross_project_edge_weight,310,1,0.03230849400729546,0.9677957269411152
directed_cross_project_edge_weight,311,1,0.0324127149557061,0.9676915059927045
directed_cross_project_edge_weight,312,1,0.03251693590411673,0.9675872850442939
directed_cross_project_edge_weight,313,1,0.03262115685252736,0.9674830640958832
directed_cross_project_edge_weight,314,1,0.03272537780093799,0.9673788431474727
directed_cross_project_edge_weight,315,1,0.03282959874934862,0.967274622199062
directed_cross_project_edge_weight,316,1,0.03293381969775925,0.9671704012506513
directed_cross_project_edge_weight,317,1,0.03303804064616988,0.9670661803022408
directed_cross_project_edge_weight,318,1,0.03314226159458051,0.9669619593538301
directed_cross_project_edge_weight,319,1,0.03324648254299114,0.9668577384054194
directed_cross_project_edge_weight,320,1,0.03335070349140177,0.9667535174570089
directed_cross_project_edge_weight,321,1,0.033454924439812406,0.9666492965085982
directed_cross_project_edge_weight,322,1,0.033559145388223036,0.9665450755601876
directed_cross_project_edge_weight,323,1,0.033663366336633666,0.966440854611777
directed_cross_project_edge_weight,324,1,0.033767587285044295,0.9663366336633663
directed_cross_project_edge_weight,325,1,0.033871808233454925,0.9662324127149557
directed_cross_project_edge_weight,326,1,0.033976029181865555,0.9661281917665451
directed_cross_project_edge_weight,327,1,0.034080250130276185,0.9660239708181344
directed_cross_project_edge_weight,328,1,0.034184471078686815,0.9659197498697238
directed_cross_project_edge_weight,329,1,0.034288692027097445,0.9658155289213132
directed_cross_project_edge_weight,330,1,0.034392912975508075,0.9657113079729025
directed_cross_project_edge_weight,331,1,0.034497133923918705,0.9656070870244919
directed_cross_project_edge_weight,332,1,0.03460135487232934,0.9655028660760813
directed_cross_project_edge_weight,333,1,0.03470557582073997,0.9653986451276707
directed_cross_project_edge_weight,334,1,0.0348097967691506,0.96529442417926
directed_cross_project_edge_weight,335,1,0.03491401771756123,0.9651902032308494
directed_cross_project_edge_weight,336,1,0.03501823866597186,0.9650859822824388
directed_cross_project_edge_weight,337,1,0.03512245961438249,0.9649817613340281
directed_cross_project_edge_weight,338,1,0.03522668056279312,0.9648775403856175
directed_cross_project_edge_weight,339,1,0.03533090151120375,0.9647733194372069
directed_cross_project_edge_weight,340,1,0.03543512245961438,0.9646690984887962
directed_cross_project_edge_weight,341,1,0.03553934340802501,0.9645648775403857
directed_cross_project_edge_weight,342,1,0.03564356435643564,0.964460656591975
directed_cross_project_edge_weight,343,1,0.03574778530484628,0.9643564356435643
directed_cross_project_edge_weight,344,1,0.03585200625325691,0.9642522146951538
directed_cross_project_edge_weight,345,1,0.03595622720166754,0.9641479937467431
directed_cross_project_edge_weight,346,1,0.03606044815007817,0.9640437727983324
directed_cross_project_edge_weight,347,1,0.0361646690984888,0.9639395518499219
directed_cross_project_edge_weight,348,1,0.03626889004689943,0.9638353309015112
directed_cross_project_edge_weight,349,1,0.03637311099531006,0.9637311099531006
directed_cross_project_edge_weight,350,1,0.03647733194372069,0.96362688900469
directed_cross_project_edge_weight,351,1,0.03658155289213132,0.9635226680562793
directed_cross_project_edge_weight,352,1,0.036685773840541946,0.9634184471078687
directed_cross_project_edge_weight,353,1,0.036789994788952576,0.963314226159458
directed_cross_project_edge_weight,354,1,0.03689421573736321,0.9632100052110474
directed_cross_project_edge_weight,355,1,0.03699843668577384,0.9631057842626368
directed_cross_project_edge_weight,356,1,0.03710265763418447,0.9630015633142261
directed_cross_project_edge_weight,357,1,0.0372068785825951,0.9628973423658155
directed_cross_project_edge_weight,358,1,0.03731109953100573,0.9627931214174049
directed_cross_project_edge_weight,359,1,0.03741532047941636,0.9626889004689942
directed_cross_project_edge_weight,360,1,0.03751954142782699,0.9625846795205837
directed_cross_project_edge_weight,361,1,0.03762376237623762,0.962480458572173
directed_cross_project_edge_weight,362,1,0.03772798332464825,0.9623762376237623
directed_cross_project_edge_weight,363,1,0.03783220427305888,0.9622720166753518
directed_cross_project_edge_weight,364,1,0.03793642522146951,0.9621677957269411
directed_cross_project_edge_weight,365,1,0.03804064616988015,0.9620635747785304
directed_cross_project_edge_weight,366,1,0.03814486711829078,0.9619593538301199
directed_cross_project_edge_weight,367,1,0.03824908806670141,0.9618551328817092
directed_cross_project_edge_weight,368,1,0.03835330901511204,0.9617509119332986
directed_cross_project_edge_weight,369,1,0.03845752996352267,0.961646690984888
directed_cross_project_edge_weight,370,1,0.0385617509119333,0.9615424700364773
directed_cross_project_edge_weight,371,1,0.03866597186034393,0.9614382490880667
directed_cross_project_edge_weight,372,1,0.03877019280875456,0.9613340281396561
directed_cross_project_edge_weight,373,1,0.03887441375716519,0.9612298071912454
directed_cross_project_edge_weight,374,1,0.03897863470557582,0.9611255862428348
directed_cross_project_edge_weight,375,1,0.03908285565398645,0.9610213652944242
directed_cross_project_edge_weight,376,1,0.039187076602397085,0.9609171443460135
directed_cross_project_edge_weight,377,1,0.039291297550807715,0.9608129233976029
directed_cross_project_edge_weight,378,1,0.039395518499218345,0.9607087024491923
directed_cross_project_edge_weight,379,1,0.039499739447628975,0.9606044815007817
directed_cross_project_edge_weight,380,1,0.039603960396039604,0.960500260552371
directed_cross_project_edge_weight,381,1,0.039708181344450234,0.9603960396039604
directed_cross_project_edge_weight,382,1,0.039812402292860864,0.9602918186555498
directed_cross_project_edge_weight,383,1,0.039916623241271494,0.9601875977071391
directed_cross_project_edge_weight,384,1,0.040020844189682124,0.9600833767587285
directed_cross_project_edge_weight,385,1,0.040125065138092754,0.9599791558103179
directed_cross_project_edge_weight,386,1,0.040229286086503384,0.9598749348619072
directed_cross_project_edge_weight,387,1,0.04033350703491402,0.9597707139134967
directed_cross_project_edge_weight,388,1,0.04043772798332465,0.959666492965086
directed_cross_project_edge_weight,389,1,0.04054194893173528,0.9595622720166753
directed_cross_project_edge_weight,390,1,0.04064616988014591,0.9594580510682648
directed_cross_project_edge_weight,391,1,0.04075039082855654,0.9593538301198541
directed_cross_project_edge_weight,392,1,0.04085461177696717,0.9592496091714434
directed_cross_project_edge_weight,393,1,0.0409588327253778,0.9591453882230329
directed_cross_project_edge_weight,394,1,0.04106305367378843,0.9590411672746222
directed_cross_project_edge_weight,395,1,0.04116727462219906,0.9589369463262115
directed_cross_project_edge_weight,396,1,0.04127149557060969,0.958832725377801
directed_cross_project_edge_weight,397,1,0.04137571651902032,0.9587285044293903
directed_cross_project_edge_weight,398,1,0.041479937467430956,0.9586242834809797
directed_cross_project_edge_weight,399,1,0.041584158415841586,0.958520062532569
directed_cross_project_edge_weight,400,1,0.041688379364252216,0.9584158415841584
directed_cross_project_edge_weight,401,1,0.041792600312662846,0.9583116206357478
directed_cross_project_edge_weight,402,1,0.041896821261073476,0.9582073996873371
directed_cross_project_edge_weight,403,1,0.042001042209484106,0.9581031787389265
directed_cross_project_edge_weight,404,1,0.042105263157894736,0.9579989577905159
directed_cross_project_edge_weight,405,1,0.042209484106305366,0.9578947368421052
directed_cross_project_edge_weight,406,1,0.042313705054715996,0.9577905158936947
directed_cross_project_edge_weight,407,1,0.042417926003126626,0.957686294945284
directed_cross_project_edge_weight,408,1,0.04252214695153726,0.9575820739968733
directed_cross_project_edge_weight,409,1,0.04262636789994789,0.9574778530484628
directed_cross_project_edge_weight,410,1,0.04273058884835852,0.9573736321000521
directed_cross_project_edge_weight,411,1,0.04283480979676915,0.9572694111516414
directed_cross_project_edge_weight,412,1,0.04293903074517978,0.9571651902032309
directed_cross_project_edge_weight,413,1,0.04304325169359041,0.9570609692548202
directed_cross_project_edge_weight,414,1,0.04314747264200104,0.9569567483064096
directed_cross_project_edge_weight,415,1,0.04325169359041167,0.956852527357999
directed_cross_project_edge_weight,416,1,0.0433559145388223,0.9567483064095883
directed_cross_project_edge_weight,417,1,0.04346013548723293,0.9566440854611777
directed_cross_project_edge_weight,418,1,0.04356435643564356,0.9565398645127671
directed_cross_project_edge_weight,419,1,0.0436685773840542,0.9564356435643564
directed_cross_project_edge_weight,420,1,0.04377279833246483,0.9563314226159458
directed_cross_project_edge_weight,421,1,0.04387701928087546,0.9562272016675352
directed_cross_project_edge_weight,422,1,0.04398124022928609,0.9561229807191245
directed_cross_project_edge_weight,423,1,0.04408546117769672,0.9560187597707139
directed_cross_project_edge_weight,424,1,0.04418968212610735,0.9559145388223033
directed_cross_project_edge_weight,425,1,0.04429390307451798,0.9558103178738927
directed_cross_project_edge_weight,426,1,0.04439812402292861,0.955706096925482
directed_cross_project_edge_weight,427,1,0.04450234497133924,0.9556018759770714
directed_cross_project_edge_weight,428,1,0.04460656591974987,0.9554976550286608
directed_cross_project_edge_weight,429,1,0.0447107868681605,0.9553934340802501
directed_cross_project_edge_weight,430,1,0.044815007816571134,0.9552892131318395
directed_cross_project_edge_weight,431,1,0.044919228764981764,0.9551849921834289
directed_cross_project_edge_weight,432,1,0.045023449713392394,0.9550807712350182
directed_cross_project_edge_weight,433,1,0.045127670661803024,0.9549765502866077
directed_cross_project_edge_weight,434,1,0.045231891610213654,0.954872329338197
directed_cross_project_edge_weight,435,1,0.045336112558624284,0.9547681083897863
directed_cross_project_edge_weight,436,1,0.045440333507034913,0.9546638874413758
directed_cross_project_edge_weight,437,1,0.04554455445544554,0.9545596664929651
directed_cross_project_edge_weight,438,1,0.04564877540385617,0.9544554455445544
directed_cross_project_edge_weight,439,1,0.0457529963522668,0.9543512245961439
directed_cross_project_edge_weight,440,1,0.04585721730067743,0.9542470036477332
directed_cross_project_edge_weight,441,1,0.04596143824908807,0.9541427826993225
directed_cross_project_edge_weight,442,1,0.0460656591974987,0.954038561750912
directed_cross_project_edge_weight,443,1,0.04616988014590933,0.9539343408025013
directed_cross_project_edge_weight,444,1,0.04627410109431996,0.9538301198540907
directed_cross_project_edge_weight,445,1,0.04637832204273059,0.95372589890568
directed_cross_project_edge_weight,446,1,0.04648254299114122,0.9536216779572694
directed_cross_project_edge_weight,447,1,0.04658676393955185,0.9535174570088588
directed_cross_project_edge_weight,448,1,0.04669098488796248,0.9534132360604481
directed_cross_project_edge_weight,449,1,0.04679520583637311,0.9533090151120375
directed_cross_project_edge_weight,450,1,0.04689942678478374,0.9532047941636269
directed_cross_project_edge_weight,451,1,0.04700364773319437,0.9531005732152162
directed_cross_project_edge_weight,452,1,0.047107868681605006,0.9529963522668057
directed_cross_project_edge_weight,453,1,0.047212089630015636,0.952892131318395
directed_cross_project_edge_weight,454,1,0.047316310578426266,0.9527879103699843
directed_cross_project_edge_weight,455,1,0.047420531526836895,0.9526836894215738
directed_cross_project_edge_weight,456,1,0.047524752475247525,0.9525794684731631
directed_cross_project_edge_weight,457,1,0.047628973423658155,0.9524752475247524
directed_cross_project_edge_weight,458,1,0.047733194372068785,0.9523710265763419
directed_cross_project_edge_weight,459,1,0.047837415320479415,0.9522668056279312
directed_cross_project_edge_weight,460,1,0.047941636268890045,0.9521625846795205
directed_cross_project_edge_weight,461,1,0.048045857217300675,0.95205836373111
directed_cross_project_edge_weight,462,1,0.048150078165711305,0.9519541427826993
directed_cross_project_edge_weight,463,1,0.04825429911412194,0.9518499218342887
directed_cross_project_edge_weight,464,1,0.04835852006253257,0.9517457008858781
directed_cross_project_edge_weight,465,1,0.0484627410109432,0.9516414799374674
directed_cross_project_edge_weight,466,1,0.04856696195935383,0.9515372589890568
directed_cross_project_edge_weight,467,1,0.04867118290776446,0.9514330380406462
directed_cross_project_edge_weight,468,1,0.04877540385617509,0.9513288170922355
directed_cross_project_edge_weight,469,1,0.04887962480458572,0.9512245961438249
directed_cross_project_edge_weight,470,1,0.04898384575299635,0.9511203751954143
directed_cross_project_edge_weight,471,1,0.04908806670140698,0.9510161542470037
directed_cross_project_edge_weight,472,1,0.04919228764981761,0.950911933298593
directed_cross_project_edge_weight,473,1,0.04929650859822824,0.9508077123501824
directed_cross_project_edge_weight,474,1,0.04940072954663888,0.9507034914017718
directed_cross_project_edge_weight,475,1,0.04950495049504951,0.9505992704533611
directed_cross_project_edge_weight,476,1,0.04960917144346014,0.9504950495049505
directed_cross_project_edge_weight,477,1,0.04971339239187077,0.9503908285565399
directed_cross_project_edge_weight,478,1,0.0498176133402814,0.9502866076081292
directed_cross_project_edge_weight,479,1,0.04992183428869203,0.9501823866597187
directed_cross_project_edge_weight,480,1,0.05002605523710266,0.950078165711308
directed_cross_project_edge_weight,481,1,0.05013027618551329,0.9499739447628973
directed_cross_project_edge_weight,482,1,0.05023449713392392,0.9498697238144868
directed_cross_project_edge_weight,483,1,0.050338718082334546,0.9497655028660761
directed_cross_project_edge_weight,484,1,0.050442939030745176,0.9496612819176654
directed_cross_project_edge_weight,485,1,0.05054715997915581,0.9495570609692549
directed_cross_project_edge_weight,486,1,0.05065138092756644,0.9494528400208442
directed_cross_project_edge_weight,487,1,0.05075560187597707,0.9493486190724335
directed_cross_project_edge_weight,488,1,0.0508598228243877,0.949244398124023
directed_cross_project_edge_weight,489,1,0.05096404377279833,0.9491401771756123
directed_cross_project_edge_weight,490,1,0.05106826472120896,0.9490359562272017
directed_cross_project_edge_weight,491,1,0.05117248566961959,0.948931735278791
directed_cross_project_edge_weight,492,1,0.05127670661803022,0.9488275143303804
directed_cross_project_edge_weight,493,1,0.05138092756644085,0.9487232933819698
directed_cross_project_edge_weight,494,1,0.05148514851485148,0.9486190724335591
directed_cross_project_edge_weight,495,1,0.05158936946326212,0.9485148514851485
directed_cross_project_edge_weight,496,1,0.05169359041167275,0.9484106305367379
directed_cross_project_edge_weight,497,1,0.05179781136008338,0.9483064095883272
directed_cross_project_edge_weight,498,1,0.05190203230849401,0.9482021886399167
directed_cross_project_edge_weight,499,1,0.05200625325690464,0.948097967691506
directed_cross_project_edge_weight,500,1,0.05211047420531527,0.9479937467430953
directed_cross_project_edge_weight,501,1,0.0522146951537259,0.9478895257946848
directed_cross_project_edge_weight,502,1,0.05231891610213653,0.9477853048462741
directed_cross_project_edge_weight,503,1,0.05242313705054716,0.9476810838978634
directed_cross_project_edge_weight,504,1,0.05252735799895779,0.9475768629494529
directed_cross_project_edge_weight,505,1,0.05263157894736842,0.9474726420010422
directed_cross_project_edge_weight,506,1,0.052735799895779055,0.9473684210526315
directed_cross_project_edge_weight,507,1,0.052840020844189685,0.947264200104221
directed_cross_project_edge_weight,508,1,0.052944241792600315,0.9471599791558103
directed_cross_project_edge_weight,509,1,0.053048462741010945,0.9470557582073997
directed_cross_project_edge_weight,510,1,0.053152683689421575,0.9469515372589891
directed_cross_project_edge_weight,511,1,0.053256904637832204,0.9468473163105784
directed_cross_project_edge_weight,512,1,0.053361125586242834,0.9467430953621678
directed_cross_project_edge_weight,513,1,0.053465346534653464,0.9466388744137572
directed_cross_project_edge_weight,514,1,0.053569567483064094,0.9465346534653465
directed_cross_project_edge_weight,515,1,0.053673788431474724,0.9464304325169359
directed_cross_project_edge_weight,516,1,0.053778009379885354,0.9463262115685253
directed_cross_project_edge_weight,517,1,0.05388223032829599,0.9462219906201147
directed_cross_project_edge_weight,518,1,0.05398645127670662,0.946117769671704
directed_cross_project_edge_weight,519,1,0.05409067222511725,0.9460135487232934
directed_cross_project_edge_weight,520,1,0.05419489317352788,0.9459093277748828
directed_cross_project_edge_weight,521,1,0.05429911412193851,0.9458051068264721
directed_cross_project_edge_weight,522,1,0.05440333507034914,0.9457008858780614
directed_cross_project_edge_weight,523,1,0.05450755601875977,0.9455966649296509
directed_cross_project_edge_weight,524,1,0.0546117769671704,0.9454924439812402
directed_cross_project_edge_weight,525,1,0.05471599791558103,0.9453882230328295
directed_cross_project_edge_weight,526,1,0.05482021886399166,0.945284002084419
directed_cross_project_edge_weight,527,1,0.05492443981240229,0.9451797811360083
directed_cross_project_edge_weight,528,1,0.05502866076081293,0.9450755601875978
directed_cross_project_edge_weight,529,1,0.055132881709223557,0.9449713392391871
directed_cross_project_edge_weight,530,1,0.055237102657634186,0.9448671182907764
directed_cross_project_edge_weight,531,1,0.055341323606044816,0.9447628973423658
directed_cross_project_edge_weight,532,1,0.055445544554455446,0.9446586763939552
directed_cross_project_edge_weight,533,1,0.055549765502866076,0.9445544554455445
directed_cross_project_edge_weight,534,1,0.055653986451276706,0.944450234497134
directed_cross_project_edge_weight,535,1,0.055758207399687336,0.9443460135487233
directed_cross_project_edge_weight,536,1,0.055862428348097966,0.9442417926003127
directed_cross_project_edge_weight,537,1,0.055966649296508596,0.944137571651902
directed_cross_project_edge_weight,538,1,0.056070870244919226,0.9440333507034914
directed_cross_project_edge_weight,539,1,0.05617509119332986,0.9439291297550808
directed_cross_project_edge_weight,540,1,0.05627931214174049,0.9438249088066701
directed_cross_project_edge_weight,541,1,0.05638353309015112,0.9437206878582595
directed_cross_project_edge_weight,542,1,0.05648775403856175,0.9436164669098489
directed_cross_project_edge_weight,543,1,0.05659197498697238,0.9435122459614382
directed_cross_project_edge_weight,544,1,0.05669619593538301,0.9434080250130277
directed_cross_project_edge_weight,545,1,0.05680041688379364,0.943303804064617
directed_cross_project_edge_weight,546,1,0.05690463783220427,0.9431995831162063
directed_cross_project_edge_weight,547,1,0.0570088587806149,0.9430953621677958
directed_cross_project_edge_weight,548,1,0.05711307972902553,0.9429911412193851
directed_cross_project_edge_weight,549,1,0.05721730067743616,0.9428869202709744
directed_cross_project_edge_weight,550,1,0.0573215216258468,0.9427826993225639
directed_cross_project_edge_weight,551,1,0.05742574257425743,0.9426784783741532
directed_cross_project_edge_weight,552,1,0.05752996352266806,0.9425742574257425
directed_cross_project_edge_weight,553,1,0.05763418447107869,0.942470036477332
directed_cross_project_edge_weight,554,1,0.05773840541948932,0.9423658155289213
directed_cross_project_edge_weight,555,1,0.05784262636789995,0.9422615945805107
directed_cross_project_edge_weight,556,1,0.05794684731631058,0.9421573736321001
directed_cross_project_edge_weight,557,1,0.05805106826472121,0.9420531526836894
directed_cross_project_edge_weight,558,1,0.05815528921313184,0.9419489317352788
directed_cross_project_edge_weight,559,1,0.05825951016154247,0.9418447107868682
directed_cross_project_edge_weight,560,1,0.0583637311099531,0.9417404898384575
directed_cross_project_edge_weight,561,1,0.058467952058363734,0.9416362688900469
directed_cross_project_edge_weight,562,1,0.058572173006774364,0.9415320479416363
directed_cross_project_edge_weight,563,1,0.058676393955184994,0.9414278269932257
directed_cross_project_edge_weight,564,1,0.058780614903595624,0.941323606044815
directed_cross_project_edge_weight,565,1,0.058884835852006254,0.9412193850964043
directed_cross_project_edge_weight,566,1,0.058989056800416884,0.9411151641479938
directed_cross_project_edge_weight,567,1,0.059093277748827513,0.9410109431995831
directed_cross_project_edge_weight,568,1,0.05919749869723814,0.9409067222511724
directed_cross_project_edge_weight,569,1,0.05930171964564877,0.9408025013027619
directed_cross_project_edge_weight,570,1,0.0594059405940594,0.9406982803543512
directed_cross_project_edge_weight,571,1,0.05951016154247003,0.9405940594059405
directed_cross_project_edge_weight,572,1,0.05961438249088067,0.94048983845753
directed_cross_project_edge_weight,573,1,0.0597186034392913,0.9403856175091193
directed_cross_project_edge_weight,574,1,0.05982282438770193,0.9402813965607087
directed_cross_project_edge_weight,575,1,0.05992704533611256,0.9401771756122981
directed_cross_project_edge_weight,576,1,0.06003126628452319,0.9400729546638874
directed_cross_project_edge_weight,577,1,0.06013548723293382,0.9399687337154768
directed_cross_project_edge_weight,578,1,0.06023970818134445,0.9398645127670662
directed_cross_project_edge_weight,579,1,0.06034392912975508,0.9397602918186555
directed_cross_project_edge_weight,580,1,0.06044815007816571,0.9396560708702449
directed_cross_project_edge_weight,581,1,0.06055237102657634,0.9395518499218343
directed_cross_project_edge_weight,582,1,0.06065659197498697,0.9394476289734237
directed_cross_project_edge_weight,583,1,0.060760812923397606,0.939343408025013
directed_cross_project_edge_weight,584,1,0.060865033871808236,0.9392391870766024
directed_cross_project_edge_weight,585,1,0.060969254820218866,0.9391349661281918
directed_cross_project_edge_weight,586,1,0.061073475768629495,0.9390307451797811
directed_cross_project_edge_weight,587,1,0.061177696717040125,0.9389265242313705
directed_cross_project_edge_weight,588,1,0.061281917665450755,0.9388223032829599
directed_cross_project_edge_weight,589,1,0.061386138613861385,0.9387180823345492
directed_cross_project_edge_weight,590,1,0.061490359562272015,0.9386138613861386
directed_cross_project_edge_weight,591,1,0.061594580510682645,0.938509640437728
directed_cross_project_edge_weight,592,1,0.061698801459093275,0.9384054194893173
directed_cross_project_edge_weight,593,1,0.06180302240750391,0.9383011985409068
directed_cross_project_edge_weight,594,1,0.06190724335591454,0.9381969775924961
directed_cross_project_edge_weight,595,1,0.06201146430432517,0.9380927566440854
directed_cross_project_edge_weight,596,1,0.0621156852527358,0.9379885356956749
directed_cross_project_edge_weight,597,1,0.06221990620114643,0.9378843147472642
directed_cross_project_edge_weight,598,1,0.06232412714955706,0.9377800937988535
directed_cross_project_edge_weight,599,1,0.06242834809796769,0.937675872850443
directed_cross_project_edge_weight,600,1,0.06253256904637833,0.9375716519020323
directed_cross_project_edge_weight,601,1,0.06263678999478896,0.9374674309536217
directed_cross_project_edge_weight,602,1,0.06274101094319959,0.9373632100052111
directed_cross_project_edge_weight,603,1,0.06284523189161022,0.9372589890568004
directed_cross_project_edge_weight,604,1,0.06294945284002085,0.9371547681083898
directed_cross_project_edge_weight,605,1,0.06305367378843148,0.9370505471599792
directed_cross_project_edge_weight,606,1,0.06315789473684211,0.9369463262115685
directed_cross_project_edge_weight,607,1,0.06326211568525274,0.9368421052631579
directed_cross_project_edge_weight,608,1,0.06336633663366337,0.9367378843147472
directed_cross_project_edge_weight,609,1,0.063470557582074,0.9366336633663367
directed_cross_project_edge_weight,610,1,0.06357477853048463,0.936529442417926
directed_cross_project_edge_weight,611,1,0.06367899947889526,0.9364252214695153
directed_cross_project_edge_weight,612,1,0.06378322042730589,0.9363210005211048
directed_cross_project_edge_weight,613,1,0.06388744137571652,0.9362167795726941
directed_cross_project_edge_weight,614,1,0.06399166232412715,0.9361125586242834
directed_cross_project_edge_weight,615,1,0.06409588327253778,0.9360083376758729
directed_cross_project_edge_weight,616,1,0.0642001042209484,0.9359041167274622
directed_cross_project_edge_weight,617,1,0.06430432516935904,0.9357998957790515
directed_cross_project_edge_weight,618,1,0.06440854611776967,0.935695674830641
directed_cross_project_edge_weight,619,1,0.0645127670661803,0.9355914538822303
directed_cross_project_edge_weight,620,1,0.06461698801459093,0.9354872329338197
directed_cross_project_edge_weight,621,1,0.06472120896300157,0.9353830119854091
directed_cross_project_edge_weight,622,1,0.0648254299114122,0.9352787910369984
directed_cross_project_edge_weight,623,1,0.06492965085982283,0.9351745700885878
directed_cross_project_edge_weight,624,1,0.06503387180823346,0.9350703491401772
directed_cross_project_edge_weight,625,1,0.06513809275664409,0.9349661281917665
directed_cross_project_edge_weight,626,1,0.06524231370505472,0.9348619072433559
directed_cross_project_edge_weight,627,1,0.06534653465346535,0.9347576862949453
directed_cross_project_edge_weight,628,1,0.06545075560187598,0.9346534653465347
directed_cross_project_edge_weight,629,1,0.06555497655028661,0.934549244398124
directed_cross_project_edge_weight,630,1,0.06565919749869724,0.9344450234497134
directed_cross_project_edge_weight,631,1,0.06576341844710787,0.9343408025013028
directed_cross_project_edge_weight,632,1,0.0658676393955185,0.9342365815528921
directed_cross_project_edge_weight,633,1,0.06597186034392913,0.9341323606044815
directed_cross_project_edge_weight,634,1,0.06607608129233976,0.9340281396560709
directed_cross_project_edge_weight,635,1,0.06618030224075039,0.9339239187076602
directed_cross_project_edge_weight,636,1,0.06628452318916102,0.9338196977592496
directed_cross_project_edge_weight,637,1,0.06638874413757165,0.933715476810839
directed_cross_project_edge_weight,638,1,0.06649296508598228,0.9336112558624283
directed_cross_project_edge_weight,639,1,0.06659718603439291,0.9335070349140178
directed_cross_project_edge_weight,640,1,0.06670140698280354,0.9334028139656071
directed_cross_project_edge_weight,641,1,0.06680562793121417,0.9332985930171964
directed_cross_project_edge_weight,642,1,0.06690984887962481,0.9331943720687859
directed_cross_project_edge_weight,643,1,0.06701406982803544,0.9330901511203752
directed_cross_project_edge_weight,644,1,0.06711829077644607,0.9329859301719645
directed_cross_project_edge_weight,645,1,0.0672225117248567,0.932881709223554
directed_cross_project_edge_weight,646,1,0.06732673267326733,0.9327774882751433
directed_cross_project_edge_weight,647,1,0.06743095362167796,0.9326732673267327
directed_cross_project_edge_weight,648,1,0.06753517457008859,0.932569046378322
directed_cross_project_edge_weight,649,1,0.06763939551849922,0.9324648254299114
directed_cross_project_edge_weight,650,1,0.06774361646690985,0.9323606044815008
directed_cross_project_edge_weight,651,1,0.06784783741532048,0.9322563835330901
directed_cross_project_edge_weight,652,1,0.06795205836373111,0.9321521625846795
directed_cross_project_edge_weight,653,1,0.06805627931214174,0.9320479416362689
directed_cross_project_edge_weight,654,1,0.06816050026055237,0.9319437206878582
directed_cross_project_edge_weight,655,1,0.068264721208963,0.9318394997394476
directed_cross_project_edge_weight,656,1,0.06836894215737363,0.931735278791037
directed_cross_project_edge_weight,657,1,0.06847316310578426,0.9316310578426263
directed_cross_project_edge_weight,658,1,0.06857738405419489,0.9315268368942158
directed_cross_project_edge_weight,659,1,0.06868160500260552,0.9314226159458051
directed_cross_project_edge_weight,660,1,0.06878582595101615,0.9313183949973944
directed_cross_project_edge_weight,661,1,0.06889004689942678,0.9312141740489839
directed_cross_project_edge_weight,662,1,0.06899426784783741,0.9311099531005732
directed_cross_project_edge_weight,663,1,0.06909848879624804,0.9310057321521625
directed_cross_project_edge_weight,664,1,0.06920270974465868,0.930901511203752
directed_cross_project_edge_weight,665,1,0.06930693069306931,0.9307972902553413
directed_cross_project_edge_weight,666,1,0.06941115164147994,0.9306930693069307
directed_cross_project_edge_weight,667,1,0.06951537258989057,0.9305888483585201
directed_cross_project_edge_weight,668,1,0.0696195935383012,0.9304846274101094
directed_cross_project_edge_weight,669,1,0.06972381448671183,0.9303804064616988
directed_cross_project_edge_weight,670,1,0.06982803543512246,0.9302761855132882
directed_cross_project_edge_weight,671,1,0.06993225638353309,0.9301719645648775
directed_cross_project_edge_weight,672,1,0.07003647733194372,0.9300677436164669
directed_cross_project_edge_weight,673,1,0.07014069828035435,0.9299635226680563
directed_cross_project_edge_weight,674,1,0.07024491922876498,0.9298593017196457
directed_cross_project_edge_weight,675,1,0.07034914017717561,0.929755080771235
directed_cross_project_edge_weight,676,1,0.07045336112558624,0.9296508598228244
directed_cross_project_edge_weight,677,1,0.07055758207399687,0.9295466388744138
directed_cross_project_edge_weight,678,1,0.0706618030224075,0.9294424179260031
directed_cross_project_edge_weight,679,1,0.07076602397081813,0.9293381969775925
directed_cross_project_edge_weight,680,1,0.07087024491922876,0.9292339760291819
directed_cross_project_edge_weight,681,1,0.07097446586763939,0.9291297550807712
directed_cross_project_edge_weight,682,1,0.07107868681605002,0.9290255341323606
directed_cross_project_edge_weight,683,1,0.07118290776446065,0.92892131318395
directed_cross_project_edge_weight,684,1,0.07128712871287128,0.9288170922355393
directed_cross_project_edge_weight,685,1,0.07139134966128191,0.9287128712871288
directed_cross_project_edge_weight,686,1,0.07149557060969255,0.9286086503387181
directed_cross_project_edge_weight,687,1,0.07159979155810318,0.9285044293903074
directed_cross_project_edge_weight,688,1,0.07170401250651381,0.9284002084418969
directed_cross_project_edge_weight,689,1,0.07180823345492444,0.9282959874934862
directed_cross_project_edge_weight,690,1,0.07191245440333507,0.9281917665450755
directed_cross_project_edge_weight,691,1,0.0720166753517457,0.928087545596665
directed_cross_project_edge_weight,692,1,0.07212089630015633,0.9279833246482543
directed_cross_project_edge_weight,693,1,0.07222511724856696,0.9278791036998437
directed_cross_project_edge_weight,694,1,0.0723293381969776,0.927774882751433
directed_cross_project_edge_weight,695,1,0.07243355914538822,0.9276706618030224
directed_cross_project_edge_weight,696,1,0.07253778009379885,0.9275664408546118
directed_cross_project_edge_weight,697,1,0.07264200104220948,0.9274622199062011
directed_cross_project_edge_weight,698,1,0.07274622199062011,0.9273579989577905
directed_cross_project_edge_weight,699,1,0.07285044293903074,0.9272537780093799
directed_cross_project_edge_weight,700,1,0.07295466388744137,0.9271495570609692
directed_cross_project_edge_weight,701,1,0.073058884835852,0.9270453361125586
directed_cross_project_edge_weight,702,1,0.07316310578426263,0.926941115164148
directed_cross_project_edge_weight,703,1,0.07326732673267326,0.9268368942157373
directed_cross_project_edge_weight,704,1,0.07337154768108389,0.9267326732673268
directed_cross_project_edge_weight,705,1,0.07347576862949452,0.9266284523189161
directed_cross_project_edge_weight,706,1,0.07357998957790515,0.9265242313705054
directed_cross_project_edge_weight,707,1,0.07368421052631578,0.9264200104220949
directed_cross_project_edge_weight,708,1,0.07378843147472643,0.9263157894736842
directed_cross_project_edge_weight,709,1,0.07389265242313706,0.9262115685252735
directed_cross_project_edge_weight,710,1,0.07399687337154769,0.926107347576863
directed_cross_project_edge_weight,711,1,0.07410109431995832,0.9260031266284523
directed_cross_project_edge_weight,712,1,0.07420531526836895,0.9258989056800417
directed_cross_project_edge_weight,713,1,0.07430953621677958,0.9257946847316311
directed_cross_project_edge_weight,714,1,0.0744137571651902,0.9256904637832204
directed_cross_project_edge_weight,715,1,0.07451797811360084,0.9255862428348098
directed_cross_project_edge_weight,716,1,0.07462219906201147,0.9254820218863992
directed_cross_project_edge_weight,717,1,0.0747264200104221,0.9253778009379885
directed_cross_project_edge_weight,718,1,0.07483064095883273,0.9252735799895779
directed_cross_project_edge_weight,719,1,0.07493486190724336,0.9251693590411673
directed_cross_project_edge_weight,720,1,0.07503908285565399,0.9250651380927566
directed_cross_project_edge_weight,721,1,0.07514330380406462,0.924960917144346
directed_cross_project_edge_weight,722,1,0.07524752475247524,0.9248566961959354
directed_cross_project_edge_weight,723,1,0.07535174570088587,0.9247524752475248
directed_cross_project_edge_weight,724,1,0.0754559666492965,0.9246482542991141
directed_cross_project_edge_weight,725,1,0.07556018759770713,0.9245440333507035
directed_cross_project_edge_weight,726,1,0.07566440854611776,0.9244398124022929
directed_cross_project_edge_weight,727,1,0.0757686294945284,0.9243355914538822
directed_cross_project_edge_weight,728,1,0.07587285044293902,0.9242313705054716
directed_cross_project_edge_weight,729,1,0.07597707139134967,0.924127149557061
directed_cross_project_edge_weight,730,1,0.0760812923397603,0.9240229286086503
directed_cross_project_edge_weight,731,1,0.07618551328817093,0.9239187076602398
directed_cross_project_edge_weight,732,1,0.07628973423658156,0.9238144867118291
directed_cross_project_edge_weight,733,1,0.07639395518499219,0.9237102657634184
directed_cross_project_edge_weight,734,1,0.07649817613340282,0.9236060448150079
directed_cross_project_edge_weight,735,1,0.07660239708181345,0.9235018238665972
directed_cross_project_edge_weight,736,1,0.07670661803022408,0.9233976029181865
directed_cross_project_edge_weight,737,1,0.07681083897863471,0.923293381969776
directed_cross_project_edge_weight,738,1,0.07691505992704534,0.9231891610213653
directed_cross_project_edge_weight,739,1,0.07701928087545597,0.9230849400729547
directed_cross_project_edge_weight,740,1,0.0771235018238666,0.922980719124544
directed_cross_project_edge_weight,741,1,0.07722772277227723,0.9228764981761334
directed_cross_project_edge_weight,742,1,0.07733194372068786,0.9227722772277228
directed_cross_project_edge_weight,743,1,0.07743616466909849,0.9226680562793121
directed_cross_project_edge_weight,744,1,0.07754038561750912,0.9225638353309015
directed_cross_project_edge_weight,745,1,0.07764460656591975,0.9224596143824909
directed_cross_project_edge_weight,746,1,0.07774882751433038,0.9223553934340802
directed_cross_project_edge_weight,747,1,0.077853048462741,0.9222511724856696
directed_cross_project_edge_weight,748,1,0.07795726941115164,0.922146951537259
directed_cross_project_edge_weight,749,1,0.07806149035956227,0.9220427305888483
directed_cross_project_edge_weight,750,1,0.0781657113079729,0.9219385096404378
directed_cross_project_edge_weight,751,1,0.07826993225638354,0.9218342886920271
directed_cross_project_edge_weight,752,1,0.07837415320479417,0.9217300677436164
directed_cross_project_edge_weight,753,1,0.0784783741532048,0.9216258467952059
directed_cross_project_edge_weight,754,1,0.07858259510161543,0.9215216258467952
directed_cross_project_edge_weight,755,1,0.07868681605002606,0.9214174048983845
directed_cross_project_edge_weight,756,1,0.07879103699843669,0.921313183949974
directed_cross_project_edge_weight,757,1,0.07889525794684732,0.9212089630015633
directed_cross_project_edge_weight,758,1,0.07899947889525795,0.9211047420531527
directed_cross_project_edge_weight,759,1,0.07910369984366858,0.9210005211047421
directed_cross_project_edge_weight,760,1,0.07920792079207921,0.9208963001563314
directed_cross_project_edge_weight,761,1,0.07931214174048984,0.9207920792079208
directed_cross_project_edge_weight,762,1,0.07941636268890047,0.9206878582595102
directed_cross_project_edge_weight,763,1,0.0795205836373111,0.9205836373110995
directed_cross_project_edge_weight,764,1,0.07962480458572173,0.9204794163626889
directed_cross_project_edge_weight,765,1,0.07972902553413236,0.9203751954142783
directed_cross_project_edge_weight,766,1,0.07983324648254299,0.9202709744658676
directed_cross_project_edge_weight,767,1,0.07993746743095362,0.920166753517457
directed_cross_project_edge_weight,768,1,0.08004168837936425,0.9200625325690464
directed_cross_project_edge_weight,769,1,0.08014590932777488,0.9199583116206358
directed_cross_project_edge_weight,770,1,0.08025013027618551,0.9198540906722251
directed_cross_project_edge_weight,771,1,0.08035435122459614,0.9197498697238145
directed_cross_project_edge_weight,772,1,0.08045857217300677,0.9196456487754039
directed_cross_project_edge_weight,773,1,0.08056279312141741,0.9195414278269932
directed_cross_project_edge_weight,774,1,0.08066701406982804,0.9194372068785825
directed_cross_project_edge_weight,775,1,0.08077123501823867,0.919332985930172
directed_cross_project_edge_weight,776,1,0.0808754559666493,0.9192287649817613
directed_cross_project_edge_weight,777,1,0.08097967691505993,0.9191245440333508
directed_cross_project_edge_weight,778,1,0.08108389786347056,0.9190203230849401
directed_cross_project_edge_weight,779,1,0.08118811881188119,0.9189161021365294
directed_cross_project_edge_weight,780,1,0.08129233976029182,0.9188118811881189
directed_cross_project_edge_weight,781,1,0.08139656070870245,0.9187076602397082
directed_cross_project_edge_weight,782,1,0.08150078165711308,0.9186034392912975
directed_cross_project_edge_weight,783,1,0.08160500260552371,0.918499218342887
directed_cross_project_edge_weight,784,1,0.08170922355393434,0.9183949973944763
directed_cross_project_edge_weight,785,1,0.08181344450234497,0.9182907764460656
directed_cross_project_edge_weight,786,1,0.0819176654507556,0.918186555497655
directed_cross_project_edge_weight,787,1,0.08202188639916623,0.9180823345492444
directed_cross_project_edge_weight,788,1,0.08212610734757686,0.9179781136008338
directed_cross_project_edge_weight,789,1,0.08223032829598749,0.9178738926524231
directed_cross_project_edge_weight,790,1,0.08233454924439812,0.9177696717040125
directed_cross_project_edge_weight,791,1,0.08243877019280875,0.9176654507556019
directed_cross_project_edge_weight,792,1,0.08254299114121938,0.9175612298071912
directed_cross_project_edge_weight,793,1,0.08264721208963001,0.9174570088587806
directed_cross_project_edge_weight,794,1,0.08275143303804064,0.91735278791037
directed_cross_project_edge_weight,795,1,0.08285565398645128,0.9172485669619593
directed_cross_project_edge_weight,796,1,0.08295987493486191,0.9171443460135488
directed_cross_project_edge_weight,797,1,0.08306409588327254,0.9170401250651381
directed_cross_project_edge_weight,798,1,0.08316831683168317,0.9169359041167274
directed_cross_project_edge_weight,799,1,0.0832725377800938,0.9168316831683169
directed_cross_project_edge_weight,800,1,0.08337675872850443,0.9167274622199062
directed_cross_project_edge_weight,801,1,0.08348097967691506,0.9166232412714955
directed_cross_project_edge_weight,802,1,0.08358520062532569,0.916519020323085
directed_cross_project_edge_weight,803,1,0.08368942157373632,0.9164147993746743
directed_cross_project_edge_weight,804,1,0.08379364252214695,0.9163105784262637
directed_cross_project_edge_weight,805,1,0.08389786347055758,0.9162063574778531
directed_cross_project_edge_weight,806,1,0.08400208441896821,0.9161021365294424
directed_cross_project_edge_weight,807,1,0.08410630536737884,0.9159979155810318
directed_cross_project_edge_weight,808,1,0.08421052631578947,0.9158936946326212
directed_cross_project_edge_weight,809,1,0.0843147472642001,0.9157894736842105
directed_cross_project_edge_weight,810,1,0.08441896821261073,0.9156852527357999
directed_cross_project_edge_weight,811,1,0.08452318916102136,0.9155810317873893
directed_cross_project_edge_weight,812,1,0.08462741010943199,0.9154768108389786
directed_cross_project_edge_weight,813,1,0.08473163105784262,0.915372589890568
directed_cross_project_edge_weight,814,1,0.08483585200625325,0.9152683689421574
directed_cross_project_edge_weight,815,1,0.08494007295466388,0.9151641479937468
directed_cross_project_edge_weight,816,1,0.08504429390307452,0.9150599270453361
directed_cross_project_edge_weight,817,1,0.08514851485148515,0.9149557060969254
directed_cross_project_edge_weight,818,1,0.08525273579989578,0.9148514851485149
directed_cross_project_edge_weight,819,1,0.08535695674830641,0.9147472642001042
directed_cross_project_edge_weight,820,1,0.08546117769671704,0.9146430432516935
directed_cross_project_edge_weight,821,1,0.08556539864512767,0.914538822303283
directed_cross_project_edge_weight,822,1,0.0856696195935383,0.9144346013548723
directed_cross_project_edge_weight,823,1,0.08577384054194893,0.9143303804064618
directed_cross_project_edge_weight,824,1,0.08587806149035956,0.9142261594580511
directed_cross_project_edge_weight,825,1,0.0859822824387702,0.9141219385096404
directed_cross_project_edge_weight,826,1,0.08608650338718082,0.9140177175612298
directed_cross_project_edge_weight,827,1,0.08619072433559145,0.9139134966128192
directed_cross_project_edge_weight,828,1,0.08629494528400208,0.9138092756644085
directed_cross_project_edge_weight,829,1,0.08639916623241271,0.9137050547159979
directed_cross_project_edge_weight,830,1,0.08650338718082334,0.9136008337675873
directed_cross_project_edge_weight,831,1,0.08660760812923397,0.9134966128191766
directed_cross_project_edge_weight,832,1,0.0867118290776446,0.913392391870766
directed_cross_project_edge_weight,833,1,0.08681605002605523,0.9132881709223554
directed_cross_project_edge_weight,834,1,0.08692027097446586,0.9131839499739448
directed_cross_project_edge_weight,835,1,0.08702449192287649,0.9130797290255341
directed_cross_project_edge_weight,836,1,0.08712871287128712,0.9129755080771235
directed_cross_project_edge_weight,837,1,0.08723293381969775,0.9128712871287129
directed_cross_project_edge_weight,838,1,0.0873371547681084,0.9127670661803022
directed_cross_project_edge_weight,839,1,0.08744137571651903,0.9126628452318916
directed_cross_project_edge_weight,840,1,0.08754559666492966,0.912558624283481
directed_cross_project_edge_weight,841,1,0.08764981761334029,0.9124544033350703
directed_cross_project_edge_weight,842,1,0.08775403856175092,0.9123501823866598
directed_cross_project_edge_weight,843,1,0.08785825951016155,0.9122459614382491
directed_cross_project_edge_weight,844,1,0.08796248045857218,0.9121417404898384
directed_cross_project_edge_weight,845,1,0.0880667014069828,0.9120375195414279
directed_cross_project_edge_weight,846,1,0.08817092235539344,0.9119332985930172
directed_cross_project_edge_weight,847,1,0.08827514330380407,0.9118290776446065
directed_cross_project_edge_weight,848,1,0.0883793642522147,0.911724856696196
directed_cross_project_edge_weight,849,1,0.08848358520062533,0.9116206357477853
directed_cross_project_edge_weight,850,1,0.08858780614903596,0.9115164147993746
directed_cross_project_edge_weight,851,1,0.08869202709744659,0.9114121938509641
directed_cross_project_edge_weight,852,1,0.08879624804585722,0.9113079729025534
directed_cross_project_edge_weight,853,1,0.08890046899426784,0.9112037519541428
directed_cross_project_edge_weight,854,1,0.08900468994267847,0.9110995310057322
directed_cross_project_edge_weight,855,1,0.0891089108910891,0.9109953100573215
directed_cross_project_edge_weight,856,1,0.08921313183949973,0.9108910891089109
directed_cross_project_edge_weight,857,1,0.08931735278791036,0.9107868681605003
directed_cross_project_edge_weight,858,1,0.089421573736321,0.9106826472120896
directed_cross_project_edge_weight,859,1,0.08952579468473162,0.910578426263679
directed_cross_project_edge_weight,860,1,0.08963001563314227,0.9104742053152683
directed_cross_project_edge_weight,861,1,0.0897342365815529,0.9103699843668578
directed_cross_project_edge_weight,862,1,0.08983845752996353,0.9102657634184471
directed_cross_project_edge_weight,863,1,0.08994267847837416,0.9101615424700364
directed_cross_project_edge_weight,864,1,0.09004689942678479,0.9100573215216259
directed_cross_project_edge_weight,865,1,0.09015112037519542,0.9099531005732152
directed_cross_project_edge_weight,866,1,0.09025534132360605,0.9098488796248045
directed_cross_project_edge_weight,867,1,0.09035956227201668,0.909744658676394
directed_cross_project_edge_weight,868,1,0.09046378322042731,0.9096404377279833
directed_cross_project_edge_weight,869,1,0.09056800416883794,0.9095362167795727
directed_cross_project_edge_weight,870,1,0.09067222511724857,0.9094319958311621
directed_cross_project_edge_weight,871,1,0.0907764460656592,0.9093277748827514
directed_cross_project_edge_weight,872,1,0.09088066701406983,0.9092235539343408
directed_cross_project_edge_weight,873,1,0.09098488796248046,0.9091193329859302
directed_cross_project_edge_weight,874,1,0.09108910891089109,0.9090151120375195
directed_cross_project_edge_weight,875,1,0.09119332985930172,0.9089108910891089
directed_cross_project_edge_weight,876,1,0.09129755080771235,0.9088066701406983
directed_cross_project_edge_weight,877,1,0.09140177175612298,0.9087024491922876
directed_cross_project_edge_weight,878,1,0.0915059927045336,0.908598228243877
directed_cross_project_edge_weight,879,1,0.09161021365294424,0.9084940072954664
directed_cross_project_edge_weight,880,1,0.09171443460135487,0.9083897863470558
directed_cross_project_edge_weight,881,1,0.0918186555497655,0.9082855653986451
directed_cross_project_edge_weight,882,1,0.09192287649817614,0.9081813444502345
directed_cross_project_edge_weight,883,1,0.09202709744658677,0.9080771235018239
directed_cross_project_edge_weight,884,1,0.0921313183949974,0.9079729025534132
directed_cross_project_edge_weight,885,1,0.09223553934340803,0.9078686816050026
directed_cross_project_edge_weight,886,1,0.09233976029181866,0.907764460656592
directed_cross_project_edge_weight,887,1,0.09244398124022929,0.9076602397081813
directed_cross_project_edge_weight,888,1,0.09254820218863992,0.9075560187597708
directed_cross_project_edge_weight,889,1,0.09265242313705055,0.9074517978113601
directed_cross_project_edge_weight,890,1,0.09275664408546118,0.9073475768629494
directed_cross_project_edge_weight,891,1,0.09286086503387181,0.9072433559145389
directed_cross_project_edge_weight,892,1,0.09296508598228244,0.9071391349661282
directed_cross_project_edge_weight,893,1,0.09306930693069307,0.9070349140177175
directed_cross_project_edge_weight,894,1,0.0931735278791037,0.906930693069307
directed_cross_project_edge_weight,895,1,0.09327774882751433,0.9068264721208963
directed_cross_project_edge_weight,896,1,0.09338196977592496,0.9067222511724856
directed_cross_project_edge_weight,897,1,0.09348619072433559,0.906618030224075
directed_cross_project_edge_weight,898,1,0.09359041167274622,0.9065138092756644
directed_cross_project_edge_weight,899,1,0.09369463262115685,0.9064095883272538
directed_cross_project_edge_weight,900,1,0.09379885356956748,0.9063053673788432
directed_cross_project_edge_weight,901,1,0.09390307451797811,0.9062011464304325
directed_cross_project_edge_weight,902,1,0.09400729546638874,0.9060969254820219
directed_cross_project_edge_weight,903,1,0.09411151641479938,0.9059927045336112
directed_cross_project_edge_weight,904,1,0.09421573736321001,0.9058884835852006
directed_cross_project_edge_weight,905,1,0.09431995831162064,0.90578426263679
directed_cross_project_edge_weight,906,1,0.09442417926003127,0.9056800416883793
directed_cross_project_edge_weight,907,1,0.0945284002084419,0.9055758207399688
directed_cross_project_edge_weight,908,1,0.09463262115685253,0.9054715997915581
directed_cross_project_edge_weight,909,1,0.09473684210526316,0.9053673788431474
directed_cross_project_edge_weight,910,1,0.09484106305367379,0.9052631578947369
directed_cross_project_edge_weight,911,1,0.09494528400208442,0.9051589369463262
directed_cross_project_edge_weight,912,1,0.09504950495049505,0.9050547159979155
directed_cross_project_edge_weight,913,1,0.09515372589890568,0.904950495049505
directed_cross_project_edge_weight,914,1,0.09525794684731631,0.9048462741010943
directed_cross_project_edge_weight,915,1,0.09536216779572694,0.9047420531526836
directed_cross_project_edge_weight,916,1,0.09546638874413757,0.9046378322042731
directed_cross_project_edge_weight,917,1,0.0955706096925482,0.9045336112558624
directed_cross_project_edge_weight,918,1,0.09567483064095883,0.9044293903074518
directed_cross_project_edge_weight,919,1,0.09577905158936946,0.9043251693590412
directed_cross_project_edge_weight,920,1,0.09588327253778009,0.9042209484106305
directed_cross_project_edge_weight,921,1,0.09598749348619072,0.9041167274622199
directed_cross_project_edge_weight,922,1,0.09609171443460135,0.9040125065138093
directed_cross_project_edge_weight,923,1,0.09619593538301198,0.9039082855653986
directed_cross_project_edge_weight,924,1,0.09630015633142261,0.903804064616988
directed_cross_project_edge_weight,925,1,0.09640437727983325,0.9036998436685774
directed_cross_project_edge_weight,926,1,0.09650859822824388,0.9035956227201668
directed_cross_project_edge_weight,927,1,0.09661281917665451,0.9034914017717561
directed_cross_project_edge_weight,928,1,0.09671704012506514,0.9033871808233455
directed_cross_project_edge_weight,929,1,0.09682126107347577,0.9032829598749349
directed_cross_project_edge_weight,930,1,0.0969254820218864,0.9031787389265242
directed_cross_project_edge_weight,931,1,0.09702970297029703,0.9030745179781136
directed_cross_project_edge_weight,932,1,0.09713392391870766,0.902970297029703
directed_cross_project_edge_weight,933,1,0.09723814486711829,0.9028660760812923
directed_cross_project_edge_weight,934,1,0.09734236581552892,0.9027618551328818
directed_cross_project_edge_weight,935,1,0.09744658676393955,0.9026576341844711
directed_cross_project_edge_weight,936,1,0.09755080771235018,0.9025534132360604
directed_cross_project_edge_weight,937,1,0.09765502866076081,0.9024491922876499
directed_cross_project_edge_weight,938,1,0.09775924960917144,0.9023449713392392
directed_cross_project_edge_weight,939,1,0.09786347055758207,0.9022407503908285
directed_cross_project_edge_weight,940,1,0.0979676915059927,0.902136529442418
directed_cross_project_edge_weight,941,1,0.09807191245440333,0.9020323084940073
directed_cross_project_edge_weight,942,1,0.09817613340281396,0.9019280875455966
directed_cross_project_edge_weight,943,1,0.09828035435122459,0.901823866597186
directed_cross_project_edge_weight,944,1,0.09838457529963522,0.9017196456487754
directed_cross_project_edge_weight,945,1,0.09848879624804585,0.9016154247003648
directed_cross_project_edge_weight,946,1,0.09859301719645648,0.9015112037519541
directed_cross_project_edge_weight,947,1,0.09869723814486712,0.9014069828035435
directed_cross_project_edge_weight,948,1,0.09880145909327775,0.9013027618551329
directed_cross_project_edge_weight,949,1,0.09890568004168838,0.9011985409067222
directed_cross_project_edge_weight,950,1,0.09900990099009901,0.9010943199583116
directed_cross_project_edge_weight,951,1,0.09911412193850964,0.900990099009901
directed_cross_project_edge_weight,952,1,0.09921834288692027,0.9008858780614903
directed_cross_project_edge_weight,953,1,0.0993225638353309,0.9007816571130798
directed_cross_project_edge_weight,954,1,0.09942678478374153,0.9006774361646691
directed_cross_project_edge_weight,955,1,0.09953100573215216,0.9005732152162584
directed_cross_project_edge_weight,956,1,0.0996352266805628,0.9004689942678479
directed_cross_project_edge_weight,957,1,0.09973944762897342,0.9003647733194372
directed_cross_project_edge_weight,958,1,0.09984366857738405,0.9002605523710265
directed_cross_project_edge_weight,959,1,0.09994788952579468,0.900156331422616
directed_cross_project_edge_weight,960,1,0.10005211047420531,0.9000521104742053
directed_cross_project_edge_weight,961,1,0.10015633142261594,0.8999478895257946
directed_cross_project_edge_weight,962,1,0.10026055237102657,0.8998436685773841
directed_cross_project_edge_weight,963,1,0.1003647733194372,0.8997394476289734
directed_cross_project_edge_weight,964,1,0.10046899426784783,0.8996352266805628
directed_cross_project_edge_weight,965,1,0.10057321521625846,0.8995310057321522
directed_cross_project_edge_weight,966,1,0.10067743616466909,0.8994267847837415
directed_cross_project_edge_weight,967,1,0.10078165711307972,0.8993225638353309
directed_cross_project_edge_weight,968,1,0.10088587806149035,0.8992183428869203
directed_cross_project_edge_weight,969,1,0.100990099009901,0.8991141219385096
directed_cross_project_edge_weight,970,1,0.10109431995831163,0.899009900990099
directed_cross_project_edge_weight,971,1,0.10119854090672226,0.8989056800416884
directed_cross_project_edge_weight,972,1,0.10130276185513289,0.8988014590932778
directed_cross_project_edge_weight,973,1,0.10140698280354352,0.8986972381448671
directed_cross_project_edge_weight,974,1,0.10151120375195415,0.8985930171964565
directed_cross_project_edge_weight,975,1,0.10161542470036478,0.8984887962480459
directed_cross_project_edge_weight,976,1,0.1017196456487754,0.8983845752996352
directed_cross_project_edge_weight,977,1,0.10182386659718604,0.8982803543512246
directed_cross_project_edge_weight,978,1,0.10192808754559667,0.898176133402814
directed_cross_project_edge_weight,979,1,0.1020323084940073,0.8980719124544033
directed_cross_project_edge_weight,980,1,0.10213652944241793,0.8979676915059928
directed_cross_project_edge_weight,981,1,0.10224075039082856,0.8978634705575821
directed_cross_project_edge_weight,982,1,0.10234497133923919,0.8977592496091714
directed_cross_project_edge_weight,983,1,0.10244919228764982,0.8976550286607609
directed_cross_project_edge_weight,984,1,0.10255341323606045,0.8975508077123502
directed_cross_project_edge_weight,985,1,0.10265763418447107,0.8974465867639395
directed_cross_project_edge_weight,986,1,0.1027618551328817,0.897342365815529
directed_cross_project_edge_weight,987,1,0.10286607608129233,0.8972381448671183
directed_cross_project_edge_weight,988,1,0.10297029702970296,0.8971339239187076
directed_cross_project_edge_weight,989,1,0.1030745179781136,0.897029702970297
directed_cross_project_edge_weight,990,1,0.10317873892652424,0.8969254820218864
directed_cross_project_edge_weight,991,1,0.10328295987493487,0.8968212610734758
directed_cross_project_edge_weight,992,1,0.1033871808233455,0.8967170401250651
directed_cross_project_edge_weight,993,1,0.10349140177175613,0.8966128191766545
directed_cross_project_edge_weight,994,1,0.10359562272016676,0.8965085982282439
directed_cross_project_edge_weight,995,1,0.10369984366857739,0.8964043772798332
directed_cross_project_edge_weight,996,1,0.10380406461698802,0.8963001563314226
directed_cross_project_edge_weight,997,1,0.10390828556539865,0.896195935383012
directed_cross_project_edge_weight,998,1,0.10401250651380928,0.8960917144346013
directed_cross_project_edge_weight,999,1,0.10411672746221991,0.8959874934861908
directed_cross_project_edge_weight,1000,1,0.10422094841063054,0.8958832725377801
directed_cross_project_edge_weight,1001,1,0.10432516935904117,0.8957790515893694
directed_cross_project_edge_weight,1002,1,0.1044293903074518,0.8956748306409589
directed_cross_project_edge_weight,1003,1,0.10453361125586243,0.8955706096925482
directed_cross_project_edge_weight,1004,1,0.10463783220427306,0.8954663887441375
directed_cross_project_edge_weight,1005,1,0.10474205315268369,0.895362167795727
directed_cross_project_edge_weight,1006,1,0.10484627410109432,0.8952579468473163
directed_cross_project_edge_weight,1007,1,0.10495049504950495,0.8951537258989056
directed_cross_project_edge_weight,1008,1,0.10505471599791558,0.8950495049504951
directed_cross_project_edge_weight,1009,1,0.1051589369463262,0.8949452840020844
directed_cross_project_edge_weight,1010,1,0.10526315789473684,0.8948410630536738
directed_cross_project_edge_weight,1011,1,0.10536737884314747,0.8947368421052632
directed_cross_project_edge_weight,1012,1,0.10547159979155811,0.8946326211568525
directed_cross_project_edge_weight,1013,1,0.10557582073996874,0.8945284002084419
directed_cross_project_edge_weight,1014,1,0.10568004168837937,0.8944241792600313
directed_cross_project_edge_weight,1015,1,0.10578426263679,0.8943199583116206
directed_cross_project_edge_weight,1016,1,0.10588848358520063,0.89421573736321
directed_cross_project_edge_weight,1017,1,0.10599270453361126,0.8941115164147994
directed_cross_project_edge_weight,1018,1,0.10609692548202189,0.8940072954663888
directed_cross_project_edge_weight,1019,1,0.10620114643043252,0.8939030745179781
directed_cross_project_edge_weight,1020,1,0.10630536737884315,0.8937988535695675
directed_cross_project_edge_weight,1021,1,0.10640958832725378,0.8936946326211569
directed_cross_project_edge_weight,1022,1,0.10651380927566441,0.8935904116727462
directed_cross_project_edge_weight,1023,1,0.10661803022407504,0.8934861907243355
directed_cross_project_edge_weight,1024,1,0.10672225117248567,0.893381969775925
directed_cross_project_edge_weight,1025,1,0.1068264721208963,0.8932777488275143
directed_cross_project_edge_weight,1026,1,0.10693069306930693,0.8931735278791036
directed_cross_project_edge_weight,1027,1,0.10703491401771756,0.8930693069306931
directed_cross_project_edge_weight,1028,1,0.10713913496612819,0.8929650859822824
directed_cross_project_edge_weight,1029,1,0.10724335591453882,0.8928608650338719
directed_cross_project_edge_weight,1030,1,0.10734757686294945,0.8927566440854612
directed_cross_project_edge_weight,1031,1,0.10745179781136008,0.8926524231370505
directed_cross_project_edge_weight,1032,1,0.10755601875977071,0.89254820218864
directed_cross_project_edge_weight,1033,1,0.10766023970818134,0.8924439812402293
directed_cross_project_edge_weight,1034,1,0.10776446065659198,0.8923397602918186
directed_cross_project_edge_weight,1035,1,0.10786868160500261,0.892235539343408
directed_cross_project_edge_weight,1036,1,0.10797290255341324,0.8921313183949974
directed_cross_project_edge_weight,1037,1,0.10807712350182387,0.8920270974465868
directed_cross_project_edge_weight,1038,1,0.1081813444502345,0.8919228764981761
directed_cross_project_edge_weight,1039,1,0.10828556539864513,0.8918186555497655
directed_cross_project_edge_weight,1040,1,0.10838978634705576,0.8917144346013549
directed_cross_project_edge_weight,1041,1,0.10849400729546639,0.8916102136529442
directed_cross_project_edge_weight,1042,1,0.10859822824387702,0.8915059927045336
directed_cross_project_edge_weight,1043,1,0.10870244919228765,0.891401771756123
directed_cross_project_edge_weight,1044,1,0.10880667014069828,0.8912975508077123
directed_cross_project_edge_weight,1045,1,0.10891089108910891,0.8911933298593018
directed_cross_project_edge_weight,1046,1,0.10901511203751954,0.8910891089108911
directed_cross_project_edge_weight,1047,1,0.10911933298593017,0.8909848879624804
directed_cross_project_edge_weight,1048,1,0.1092235539343408,0.8908806670140699
directed_cross_project_edge_weight,1049,1,0.10932777488275143,0.8907764460656592
directed_cross_project_edge_weight,1050,1,0.10943199583116206,0.8906722251172485
directed_cross_project_edge_weight,1051,1,0.10953621677957269,0.890568004168838
directed_cross_project_edge_weight,1052,1,0.10964043772798332,0.8904637832204273
directed_cross_project_edge_weight,1053,1,0.10974465867639395,0.8903595622720166
directed_cross_project_edge_weight,1054,1,0.10984887962480458,0.8902553413236061
directed_cross_project_edge_weight,1055,1,0.10995310057321521,0.8901511203751954
directed_cross_project_edge_weight,1056,1,0.11005732152162585,0.8900468994267848
directed_cross_project_edge_weight,1057,1,0.11016154247003648,0.8899426784783742
directed_cross_project_edge_weight,1058,1,0.11026576341844711,0.8898384575299635
directed_cross_project_edge_weight,1059,1,0.11036998436685774,0.8897342365815529
directed_cross_project_edge_weight,1060,1,0.11047420531526837,0.8896300156331423
directed_cross_project_edge_weight,1061,1,0.110578426263679,0.8895257946847316
directed_cross_project_edge_weight,1062,1,0.11068264721208963,0.889421573736321
directed_cross_project_edge_weight,1063,1,0.11078686816050026,0.8893173527879104
directed_cross_project_edge_weight,1064,1,0.11089108910891089,0.8892131318394998
directed_cross_project_edge_weight,1065,1,0.11099531005732152,0.8891089108910891
directed_cross_project_edge_weight,1066,1,0.11109953100573215,0.8890046899426784
directed_cross_project_edge_weight,1067,1,0.11120375195414278,0.8889004689942679
directed_cross_project_edge_weight,1068,1,0.11130797290255341,0.8887962480458572
directed_cross_project_edge_weight,1069,1,0.11141219385096404,0.8886920270974465
directed_cross_project_edge_weight,1070,1,0.11151641479937467,0.888587806149036
directed_cross_project_edge_weight,1071,1,0.1116206357477853,0.8884835852006253
directed_cross_project_edge_weight,1072,1,0.11172485669619593,0.8883793642522146
directed_cross_project_edge_weight,1073,1,0.11182907764460656,0.8882751433038041
directed_cross_project_edge_weight,1074,1,0.11193329859301719,0.8881709223553934
directed_cross_project_edge_weight,1075,1,0.11203751954142782,0.8880667014069829
directed_cross_project_edge_weight,1076,1,0.11214174048983845,0.8879624804585722
directed_cross_project_edge_weight,1077,1,0.1122459614382491,0.8878582595101615
directed_cross_project_edge_weight,1078,1,0.11235018238665972,0.887754038561751
directed_cross_project_edge_weight,1079,1,0.11245440333507035,0.8876498176133403
directed_cross_project_edge_weight,1080,1,0.11255862428348098,0.8875455966649296
directed_cross_project_edge_weight,1081,1,0.11266284523189161,0.887441375716519
directed_cross_project_edge_weight,1082,1,0.11276706618030224,0.8873371547681084
directed_cross_project_edge_weight,1083,1,0.11287128712871287,0.8872329338196978
directed_cross_project_edge_weight,1084,1,0.1129755080771235,0.8871287128712871
directed_cross_project_edge_weight,1085,1,0.11307972902553413,0.8870244919228765
directed_cross_project_edge_weight,1086,1,0.11318394997394476,0.8869202709744659
directed_cross_project_edge_weight,1087,1,0.1132881709223554,0.8868160500260552
directed_cross_project_edge_weight,1088,1,0.11339239187076602,0.8867118290776446
directed_cross_project_edge_weight,1089,1,0.11349661281917665,0.886607608129234
directed_cross_project_edge_weight,1090,1,0.11360083376758728,0.8865033871808233
directed_cross_project_edge_weight,1091,1,0.11370505471599791,0.8863991662324127
directed_cross_project_edge_weight,1092,1,0.11380927566440854,0.8862949452840021
directed_cross_project_edge_weight,1093,1,0.11391349661281917,0.8861907243355914
directed_cross_project_edge_weight,1094,1,0.1140177175612298,0.8860865033871809
directed_cross_project_edge_weight,1095,1,0.11412193850964043,0.8859822824387702
directed_cross_project_edge_weight,1096,1,0.11422615945805106,0.8858780614903595
directed_cross_project_edge_weight,1097,1,0.11433038040646169,0.885773840541949
directed_cross_project_edge_weight,1098,1,0.11443460135487232,0.8856696195935383
directed_cross_project_edge_weight,1099,1,0.11453882230328297,0.8855653986451276
directed_cross_project_edge_weight,1100,1,0.1146430432516936,0.8854611776967171
directed_cross_project_edge_weight,1101,1,0.11474726420010423,0.8853569567483064
directed_cross_project_edge_weight,1102,1,0.11485148514851486,0.8852527357998958
directed_cross_project_edge_weight,1103,1,0.11495570609692549,0.8851485148514852
directed_cross_project_edge_weight,1104,1,0.11505992704533612,0.8850442939030745
directed_cross_project_edge_weight,1105,1,0.11516414799374675,0.8849400729546639
directed_cross_project_edge_weight,1106,1,0.11526836894215738,0.8848358520062533
directed_cross_project_edge_weight,1107,1,0.115372589890568,0.8847316310578426
directed_cross_project_edge_weight,1108,1,0.11547681083897864,0.884627410109432
directed_cross_project_edge_weight,1109,1,0.11558103178738927,0.8845231891610214
directed_cross_project_edge_weight,1110,1,0.1156852527357999,0.8844189682126108
directed_cross_project_edge_weight,1111,1,0.11578947368421053,0.8843147472642001
directed_cross_project_edge_weight,1112,1,0.11589369463262116,0.8842105263157894
directed_cross_project_edge_weight,1113,1,0.11599791558103179,0.8841063053673789
directed_cross_project_edge_weight,1114,1,0.11610213652944242,0.8840020844189682
directed_cross_project_edge_weight,1115,1,0.11620635747785305,0.8838978634705575
directed_cross_project_edge_weight,1116,1,0.11631057842626367,0.883793642522147
directed_cross_project_edge_weight,1117,1,0.1164147993746743,0.8836894215737363
directed_cross_project_edge_weight,1118,1,0.11651902032308493,0.8835852006253256
directed_cross_project_edge_weight,1119,1,0.11662324127149556,0.8834809796769151
directed_cross_project_edge_weight,1120,1,0.1167274622199062,0.8833767587285044
directed_cross_project_edge_weight,1121,1,0.11683168316831684,0.8832725377800938
directed_cross_project_edge_weight,1122,1,0.11693590411672747,0.8831683168316832
directed_cross_project_edge_weight,1123,1,0.1170401250651381,0.8830640958832725
directed_cross_project_edge_weight,1124,1,0.11714434601354873,0.8829598749348619
directed_cross_project_edge_weight,1125,1,0.11724856696195936,0.8828556539864513
directed_cross_project_edge_weight,1126,1,0.11735278791036999,0.8827514330380406
directed_cross_project_edge_weight,1127,1,0.11745700885878062,0.88264721208963
directed_cross_project_edge_weight,1128,1,0.11756122980719125,0.8825429911412194
directed_cross_project_edge_weight,1129,1,0.11766545075560188,0.8824387701928088
directed_cross_project_edge_weight,1130,1,0.11776967170401251,0.8823345492443981
directed_cross_project_edge_weight,1131,1,0.11787389265242314,0.8822303282959875
directed_cross_project_edge_weight,1132,1,0.11797811360083377,0.8821261073475769
directed_cross_project_edge_weight,1133,1,0.1180823345492444,0.8820218863991662
directed_cross_project_edge_weight,1134,1,0.11818655549765503,0.8819176654507556
directed_cross_project_edge_weight,1135,1,0.11829077644606566,0.881813444502345
directed_cross_project_edge_weight,1136,1,0.11839499739447629,0.8817092235539343
directed_cross_project_edge_weight,1137,1,0.11849921834288692,0.8816050026055237
directed_cross_project_edge_weight,1138,1,0.11860343929129755,0.8815007816571131
directed_cross_project_edge_weight,1139,1,0.11870766023970818,0.8813965607087024
directed_cross_project_edge_weight,1140,1,0.1188118811881188,0.8812923397602919
directed_cross_project_edge_weight,1141,1,0.11891610213652944,0.8811881188118812
directed_cross_project_edge_weight,1142,1,0.11902032308494007,0.8810838978634705
directed_cross_project_edge_weight,1143,1,0.11912454403335071,0.88097967691506
directed_cross_project_edge_weight,1144,1,0.11922876498176134,0.8808754559666493
directed_cross_project_edge_weight,1145,1,0.11933298593017197,0.8807712350182386
directed_cross_project_edge_weight,1146,1,0.1194372068785826,0.8806670140698281
directed_cross_project_edge_weight,1147,1,0.11954142782699323,0.8805627931214174
directed_cross_project_edge_weight,1148,1,0.11964564877540386,0.8804585721730068
directed_cross_project_edge_weight,1149,1,0.11974986972381449,0.8803543512245962
directed_cross_project_edge_weight,1150,1,0.11985409067222512,0.8802501302761855
directed_cross_project_edge_weight,1151,1,0.11995831162063575,0.8801459093277749
directed_cross_project_edge_weight,1152,1,0.12006253256904638,0.8800416883793643
directed_cross_project_edge_weight,1153,1,0.12016675351745701,0.8799374674309536
directed_cross_project_edge_weight,1154,1,0.12027097446586764,0.879833246482543
directed_cross_project_edge_weight,1155,1,0.12037519541427827,0.8797290255341323
directed_cross_project_edge_weight,1156,1,0.1204794163626889,0.8796248045857217
directed_cross_project_edge_weight,1157,1,0.12058363731109953,0.8795205836373111
directed_cross_project_edge_weight,1158,1,0.12068785825951016,0.8794163626889004
directed_cross_project_edge_weight,1159,1,0.12079207920792079,0.8793121417404899
directed_cross_project_edge_weight,1160,1,0.12089630015633142,0.8792079207920792
directed_cross_project_edge_weight,1161,1,0.12100052110474205,0.8791036998436685
directed_cross_project_edge_weight,1162,1,0.12110474205315268,0.878999478895258
directed_cross_project_edge_weight,1163,1,0.12120896300156331,0.8788952579468473
directed_cross_project_edge_weight,1164,1,0.12131318394997394,0.8787910369984366
directed_cross_project_edge_weight,1165,1,0.12141740489838458,0.8786868160500261
directed_cross_project_edge_weight,1166,1,0.12152162584679521,0.8785825951016154
directed_cross_project_edge_weight,1167,1,0.12162584679520584,0.8784783741532048
directed_cross_project_edge_weight,1168,1,0.12173006774361647,0.8783741532047942
directed_cross_project_edge_weight,1169,1,0.1218342886920271,0.8782699322563835
directed_cross_project_edge_weight,1170,1,0.12193850964043773,0.8781657113079729
directed_cross_project_edge_weight,1171,1,0.12204273058884836,0.8780614903595623
directed_cross_project_edge_weight,1172,1,0.12214695153725899,0.8779572694111516
directed_cross_project_edge_weight,1173,1,0.12225117248566962,0.877853048462741
directed_cross_project_edge_weight,1174,1,0.12235539343408025,0.8777488275143304
directed_cross_project_edge_weight,1175,1,0.12245961438249088,0.8776446065659198
directed_cross_project_edge_weight,1176,1,0.12256383533090151,0.8775403856175091
directed_cross_project_edge_weight,1177,1,0.12266805627931214,0.8774361646690985
directed_cross_project_edge_weight,1178,1,0.12277227722772277,0.8773319437206879
directed_cross_project_edge_weight,1179,1,0.1228764981761334,0.8772277227722772
directed_cross_project_edge_weight,1180,1,0.12298071912454403,0.8771235018238666
directed_cross_project_edge_weight,1181,1,0.12308494007295466,0.877019280875456
directed_cross_project_edge_weight,1182,1,0.12318916102136529,0.8769150599270453
directed_cross_project_edge_weight,1183,1,0.12329338196977592,0.8768108389786347
directed_cross_project_edge_weight,1184,1,0.12339760291818655,0.8767066180302241
directed_cross_project_edge_weight,1185,1,0.12350182386659718,0.8766023970818134
directed_cross_project_edge_weight,1186,1,0.12360604481500782,0.8764981761334029
directed_cross_project_edge_weight,1187,1,0.12371026576341845,0.8763939551849922
directed_cross_project_edge_weight,1188,1,0.12381448671182908,0.8762897342365815
directed_cross_project_edge_weight,1189,1,0.12391870766023971,0.876185513288171
directed_cross_project_edge_weight,1190,1,0.12402292860865034,0.8760812923397603
directed_cross_project_edge_weight,1191,1,0.12412714955706097,0.8759770713913496
directed_cross_project_edge_weight,1192,1,0.1242313705054716,0.875872850442939
directed_cross_project_edge_weight,1193,1,0.12433559145388223,0.8757686294945284
directed_cross_project_edge_weight,1194,1,0.12443981240229286,0.8756644085461178
directed_cross_project_edge_weight,1195,1,0.12454403335070349,0.8755601875977072
directed_cross_project_edge_weight,1196,1,0.12464825429911412,0.8754559666492965
directed_cross_project_edge_weight,1197,1,0.12475247524752475,0.8753517457008859
directed_cross_project_edge_weight,1198,1,0.12485669619593538,0.8752475247524752
directed_cross_project_edge_weight,1199,1,0.12496091714434601,0.8751433038040646
directed_cross_project_edge_weight,1200,1,0.12506513809275666,0.875039082855654
directed_cross_project_edge_weight,1201,1,0.12516935904116727,0.8749348619072433
directed_cross_project_edge_weight,1202,1,0.12527357998957792,0.8748306409588327
directed_cross_project_edge_weight,1203,1,0.12537780093798853,0.8747264200104221
directed_cross_project_edge_weight,1204,1,0.12548202188639918,0.8746221990620114
directed_cross_project_edge_weight,1205,1,0.1255862428348098,0.8745179781136009
directed_cross_project_edge_weight,1206,1,0.12569046378322044,0.8744137571651902
directed_cross_project_edge_weight,1207,1,0.12579468473163105,0.8743095362167795
directed_cross_project_edge_weight,1208,1,0.1258989056800417,0.874205315268369
directed_cross_project_edge_weight,1209,1,0.1260031266284523,0.8741010943199583
directed_cross_project_edge_weight,1210,1,0.12610734757686295,0.8739968733715476
directed_cross_project_edge_weight,1211,1,0.12621156852527357,0.8738926524231371
directed_cross_project_edge_weight,1212,1,0.12631578947368421,0.8737884314747264
directed_cross_project_edge_weight,1213,1,0.12642001042209483,0.8736842105263158
directed_cross_project_edge_weight,1214,1,0.12652423137050547,0.8735799895779052
directed_cross_project_edge_weight,1215,1,0.1266284523189161,0.8734757686294945
directed_cross_project_edge_weight,1216,1,0.12673267326732673,0.8733715476810839
directed_cross_project_edge_weight,1217,1,0.12683689421573735,0.8732673267326733
directed_cross_project_edge_weight,1218,1,0.126941115164148,0.8731631057842626
directed_cross_project_edge_weight,1219,1,0.12704533611255864,0.873058884835852
directed_cross_project_edge_weight,1220,1,0.12714955706096925,0.8729546638874414
directed_cross_project_edge_weight,1221,1,0.1272537780093799,0.8728504429390307
directed_cross_project_edge_weight,1222,1,0.1273579989577905,0.8727462219906201
directed_cross_project_edge_weight,1223,1,0.12746221990620116,0.8726420010422095
directed_cross_project_edge_weight,1224,1,0.12756644085461177,0.8725377800937989
directed_cross_project_edge_weight,1225,1,0.12767066180302242,0.8724335591453882
directed_cross_project_edge_weight,1226,1,0.12777488275143303,0.8723293381969776
directed_cross_project_edge_weight,1227,1,0.12787910369984368,0.872225117248567
directed_cross_project_edge_weight,1228,1,0.1279833246482543,0.8721208963001563
directed_cross_project_edge_weight,1229,1,0.12808754559666494,0.8720166753517457
directed_cross_project_edge_weight,1230,1,0.12819176654507555,0.8719124544033351
directed_cross_project_edge_weight,1231,1,0.1282959874934862,0.8718082334549244
directed_cross_project_edge_weight,1232,1,0.1284002084418968,0.8717040125065139
directed_cross_project_edge_weight,1233,1,0.12850442939030746,0.8715997915581032
directed_cross_project_edge_weight,1234,1,0.12860865033871807,0.8714955706096925
directed_cross_project_edge_weight,1235,1,0.12871287128712872,0.871391349661282
directed_cross_project_edge_weight,1236,1,0.12881709223553933,0.8712871287128713
directed_cross_project_edge_weight,1237,1,0.12892131318394998,0.8711829077644606
directed_cross_project_edge_weight,1238,1,0.1290255341323606,0.87107868681605
directed_cross_project_edge_weight,1239,1,0.12912975508077124,0.8709744658676394
directed_cross_project_edge_weight,1240,1,0.12923397602918185,0.8708702449192288
directed_cross_project_edge_weight,1241,1,0.1293381969775925,0.8707660239708181
directed_cross_project_edge_weight,1242,1,0.12944241792600314,0.8706618030224075
directed_cross_project_edge_weight,1243,1,0.12954663887441376,0.8705575820739969
directed_cross_project_edge_weight,1244,1,0.1296508598228244,0.8704533611255862
directed_cross_project_edge_weight,1245,1,0.12975508077123502,0.8703491401771756
directed_cross_project_edge_weight,1246,1,0.12985930171964566,0.870244919228765
directed_cross_project_edge_weight,1247,1,0.12996352266805627,0.8701406982803543
directed_cross_project_edge_weight,1248,1,0.13006774361646692,0.8700364773319437
directed_cross_project_edge_weight,1249,1,0.13017196456487753,0.8699322563835331
directed_cross_project_edge_weight,1250,1,0.13027618551328818,0.8698280354351224
directed_cross_project_edge_weight,1251,1,0.1303804064616988,0.8697238144867119
directed_cross_project_edge_weight,1252,1,0.13048462741010944,0.8696195935383012
directed_cross_project_edge_weight,1253,1,0.13058884835852005,0.8695153725898905
directed_cross_project_edge_weight,1254,1,0.1306930693069307,0.86941115164148
directed_cross_project_edge_weight,1255,1,0.13079729025534131,0.8693069306930693
directed_cross_project_edge_weight,1256,1,0.13090151120375196,0.8692027097446586
directed_cross_project_edge_weight,1257,1,0.13100573215216257,0.8690984887962481
directed_cross_project_edge_weight,1258,1,0.13110995310057322,0.8689942678478374
directed_cross_project_edge_weight,1259,1,0.13121417404898383,0.8688900468994268
directed_cross_project_edge_weight,1260,1,0.13131839499739448,0.8687858259510162
directed_cross_project_edge_weight,1261,1,0.1314226159458051,0.8686816050026055
directed_cross_project_edge_weight,1262,1,0.13152683689421574,0.8685773840541949
directed_cross_project_edge_weight,1263,1,0.13163105784262638,0.8684731631057843
directed_cross_project_edge_weight,1264,1,0.131735278791037,0.8683689421573736
directed_cross_project_edge_weight,1265,1,0.13183949973944764,0.868264721208963
directed_cross_project_edge_weight,1266,1,0.13194372068785826,0.8681605002605524
directed_cross_project_edge_weight,1267,1,0.1320479416362689,0.8680562793121417
directed_cross_project_edge_weight,1268,1,0.13215216258467952,0.8679520583637311
directed_cross_project_edge_weight,1269,1,0.13225638353309016,0.8678478374153205
directed_cross_project_edge_weight,1270,1,0.13236060448150078,0.8677436164669099
directed_cross_project_edge_weight,1271,1,0.13246482542991142,0.8676393955184992
directed_cross_project_edge_weight,1272,1,0.13256904637832204,0.8675351745700886
directed_cross_project_edge_weight,1273,1,0.13267326732673268,0.867430953621678
directed_cross_project_edge_weight,1274,1,0.1327774882751433,0.8673267326732673
directed_cross_project_edge_weight,1275,1,0.13288170922355394,0.8672225117248566
directed_cross_project_edge_weight,1276,1,0.13298593017196456,0.8671182907764461
directed_cross_project_edge_weight,1277,1,0.1330901511203752,0.8670140698280354
directed_cross_project_edge_weight,1278,1,0.13319437206878582,0.8669098488796249
directed_cross_project_edge_weight,1279,1,0.13329859301719646,0.8668056279312142
directed_cross_project_edge_weight,1280,1,0.13340281396560708,0.8667014069828035
directed_cross_project_edge_weight,1281,1,0.13350703491401772,0.866597186034393
directed_cross_project_edge_weight,1282,1,0.13361125586242834,0.8664929650859823
directed_cross_project_edge_weight,1283,1,0.13371547681083898,0.8663887441375716
directed_cross_project_edge_weight,1284,1,0.13381969775924962,0.866284523189161
directed_cross_project_edge_weight,1285,1,0.13392391870766024,0.8661803022407504
directed_cross_project_edge_weight,1286,1,0.13402813965607088,0.8660760812923397
directed_cross_project_edge_weight,1287,1,0.1341323606044815,0.8659718603439291
directed_cross_project_edge_weight,1288,1,0.13423658155289214,0.8658676393955185
directed_cross_project_edge_weight,1289,1,0.13434080250130276,0.8657634184471079
directed_cross_project_edge_weight,1290,1,0.1344450234497134,0.8656591974986972
directed_cross_project_edge_weight,1291,1,0.13454924439812402,0.8655549765502866
directed_cross_project_edge_weight,1292,1,0.13465346534653466,0.865450755601876
directed_cross_project_edge_weight,1293,1,0.13475768629494528,0.8653465346534653
directed_cross_project_edge_weight,1294,1,0.13486190724335592,0.8652423137050547
directed_cross_project_edge_weight,1295,1,0.13496612819176654,0.8651380927566441
directed_cross_project_edge_weight,1296,1,0.13507034914017718,0.8650338718082334
directed_cross_project_edge_weight,1297,1,0.1351745700885878,0.8649296508598229
directed_cross_project_edge_weight,1298,1,0.13527879103699844,0.8648254299114122
directed_cross_project_edge_weight,1299,1,0.13538301198540906,0.8647212089630015
directed_cross_project_edge_weight,1300,1,0.1354872329338197,0.864616988014591
directed_cross_project_edge_weight,1301,1,0.13559145388223032,0.8645127670661803
directed_cross_project_edge_weight,1302,1,0.13569567483064096,0.8644085461177696
directed_cross_project_edge_weight,1303,1,0.13579989577905158,0.8643043251693591
directed_cross_project_edge_weight,1304,1,0.13590411672746222,0.8642001042209484
directed_cross_project_edge_weight,1305,1,0.13600833767587284,0.8640958832725378
directed_cross_project_edge_weight,1306,1,0.13611255862428348,0.8639916623241272
directed_cross_project_edge_weight,1307,1,0.13621677957269412,0.8638874413757165
directed_cross_project_edge_weight,1308,1,0.13632100052110474,0.8637832204273059
directed_cross_project_edge_weight,1309,1,0.13642522146951538,0.8636789994788953
directed_cross_project_edge_weight,1310,1,0.136529442417926,0.8635747785304846
directed_cross_project_edge_weight,1311,1,0.13663366336633664,0.863470557582074
directed_cross_project_edge_weight,1312,1,0.13673788431474726,0.8633663366336634
directed_cross_project_edge_weight,1313,1,0.1368421052631579,0.8632621156852527
directed_cross_project_edge_weight,1314,1,0.13694632621156852,0.8631578947368421
directed_cross_project_edge_weight,1315,1,0.13705054715997916,0.8630536737884315
directed_cross_project_edge_weight,1316,1,0.13715476810838978,0.8629494528400209
directed_cross_project_edge_weight,1317,1,0.13725898905680042,0.8628452318916102
directed_cross_project_edge_weight,1318,1,0.13736321000521104,0.8627410109431995
directed_cross_project_edge_weight,1319,1,0.13746743095362168,0.862636789994789
directed_cross_project_edge_weight,1320,1,0.1375716519020323,0.8625325690463783
directed_cross_project_edge_weight,1321,1,0.13767587285044294,0.8624283480979676
directed_cross_project_edge_weight,1322,1,0.13778009379885356,0.8623241271495571
directed_cross_project_edge_weight,1323,1,0.1378843147472642,0.8622199062011464
directed_cross_project_edge_weight,1324,1,0.13798853569567482,0.8621156852527359
directed_cross_project_edge_weight,1325,1,0.13809275664408546,0.8620114643043252
directed_cross_project_edge_weight,1326,1,0.13819697759249608,0.8619072433559145
directed_cross_project_edge_weight,1327,1,0.13830119854090672,0.861803022407504
directed_cross_project_edge_weight,1328,1,0.13840541948931737,0.8616988014590933
directed_cross_project_edge_weight,1329,1,0.13850964043772798,0.8615945805106826
directed_cross_project_edge_weight,1330,1,0.13861386138613863,0.861490359562272
directed_cross_project_edge_weight,1331,1,0.13871808233454924,0.8613861386138614
directed_cross_project_edge_weight,1332,1,0.13882230328295989,0.8612819176654507
directed_cross_project_edge_weight,1333,1,0.1389265242313705,0.8611776967170401
directed_cross_project_edge_weight,1334,1,0.13903074517978115,0.8610734757686295
directed_cross_project_edge_weight,1335,1,0.13913496612819176,0.8609692548202189
directed_cross_project_edge_weight,1336,1,0.1392391870766024,0.8608650338718082
directed_cross_project_edge_weight,1337,1,0.13934340802501302,0.8607608129233976
directed_cross_project_edge_weight,1338,1,0.13944762897342367,0.860656591974987
directed_cross_project_edge_weight,1339,1,0.13955184992183428,0.8605523710265763
directed_cross_project_edge_weight,1340,1,0.13965607087024492,0.8604481500781657
directed_cross_project_edge_weight,1341,1,0.13976029181865554,0.8603439291297551
directed_cross_project_edge_weight,1342,1,0.13986451276706618,0.8602397081813444
directed_cross_project_edge_weight,1343,1,0.1399687337154768,0.8601354872329339
directed_cross_project_edge_weight,1344,1,0.14007295466388744,0.8600312662845232
directed_cross_project_edge_weight,1345,1,0.14017717561229806,0.8599270453361125
directed_cross_project_edge_weight,1346,1,0.1402813965607087,0.859822824387702
directed_cross_project_edge_weight,1347,1,0.14038561750911932,0.8597186034392913
directed_cross_project_edge_weight,1348,1,0.14048983845752996,0.8596143824908806
directed_cross_project_edge_weight,1349,1,0.1405940594059406,0.8595101615424701
directed_cross_project_edge_weight,1350,1,0.14069828035435122,0.8594059405940594
directed_cross_project_edge_weight,1351,1,0.14080250130276187,0.8593017196456487
directed_cross_project_edge_weight,1352,1,0.14090672225117248,0.8591974986972382
directed_cross_project_edge_weight,1353,1,0.14101094319958313,0.8590932777488275
directed_cross_project_edge_weight,1354,1,0.14111516414799374,0.8589890568004169
directed_cross_project_edge_weight,1355,1,0.1412193850964044,0.8588848358520063
directed_cross_project_edge_weight,1356,1,0.141323606044815,0.8587806149035956
directed_cross_project_edge_weight,1357,1,0.14142782699322565,0.858676393955185
directed_cross_project_edge_weight,1358,1,0.14153204794163626,0.8585721730067744
directed_cross_project_edge_weight,1359,1,0.1416362688900469,0.8584679520583637
directed_cross_project_edge_weight,1360,1,0.14174048983845752,0.8583637311099531
directed_cross_project_edge_weight,1361,1,0.14184471078686817,0.8582595101615424
directed_cross_project_edge_weight,1362,1,0.14194893173527878,0.8581552892131319
directed_cross_project_edge_weight,1363,1,0.14205315268368943,0.8580510682647212
directed_cross_project_edge_weight,1364,1,0.14215737363210004,0.8579468473163105
directed_cross_project_edge_weight,1365,1,0.1422615945805107,0.8578426263679
directed_cross_project_edge_weight,1366,1,0.1423658155289213,0.8577384054194893
directed_cross_project_edge_weight,1367,1,0.14247003647733195,0.8576341844710786
directed_cross_project_edge_weight,1368,1,0.14257425742574256,0.8575299635226681
directed_cross_project_edge_weight,1369,1,0.1426784783741532,0.8574257425742574
directed_cross_project_edge_weight,1370,1,0.14278269932256382,0.8573215216258468
directed_cross_project_edge_weight,1371,1,0.14288692027097447,0.8572173006774362
directed_cross_project_edge_weight,1372,1,0.1429911412193851,0.8571130797290255
directed_cross_project_edge_weight,1373,1,0.14309536216779573,0.857008858780615
directed_cross_project_edge_weight,1374,1,0.14319958311620637,0.8569046378322043
directed_cross_project_edge_weight,1375,1,0.14330380406461699,0.8568004168837936
directed_cross_project_edge_weight,1376,1,0.14340802501302763,0.856696195935383
directed_cross_project_edge_weight,1377,1,0.14351224596143825,0.8565919749869724
directed_cross_project_edge_weight,1378,1,0.1436164669098489,0.8564877540385617
directed_cross_project_edge_weight,1379,1,0.1437206878582595,0.8563835330901511
directed_cross_project_edge_weight,1380,1,0.14382490880667015,0.8562793121417405
directed_cross_project_edge_weight,1381,1,0.14392912975508076,0.8561750911933299
directed_cross_project_edge_weight,1382,1,0.1440333507034914,0.8560708702449192
directed_cross_project_edge_weight,1383,1,0.14413757165190202,0.8559666492965086
directed_cross_project_edge_weight,1384,1,0.14424179260031267,0.855862428348098
directed_cross_project_edge_weight,1385,1,0.14434601354872328,0.8557582073996873
directed_cross_project_edge_weight,1386,1,0.14445023449713393,0.8556539864512767
directed_cross_project_edge_weight,1387,1,0.14455445544554454,0.8555497655028661
directed_cross_project_edge_weight,1388,1,0.1446586763939552,0.8554455445544554
directed_cross_project_edge_weight,1389,1,0.1447628973423658,0.8553413236060449
directed_cross_project_edge_weight,1390,1,0.14486711829077645,0.8552371026576342
directed_cross_project_edge_weight,1391,1,0.14497133923918706,0.8551328817092235
directed_cross_project_edge_weight,1392,1,0.1450755601875977,0.855028660760813
directed_cross_project_edge_weight,1393,1,0.14517978113600835,0.8549244398124023
directed_cross_project_edge_weight,1394,1,0.14528400208441897,0.8548202188639916
directed_cross_project_edge_weight,1395,1,0.1453882230328296,0.8547159979155811
directed_cross_project_edge_weight,1396,1,0.14549244398124023,0.8546117769671704
directed_cross_project_edge_weight,1397,1,0.14559666492965087,0.8545075560187597
directed_cross_project_edge_weight,1398,1,0.1457008858780615,0.8544033350703492
directed_cross_project_edge_weight,1399,1,0.14580510682647213,0.8542991141219385
directed_cross_project_edge_weight,1400,1,0.14590932777488275,0.8541948931735279
directed_cross_project_edge_weight,1401,1,0.1460135487232934,0.8540906722251173
directed_cross_project_edge_weight,1402,1,0.146117769671704,0.8539864512767066
directed_cross_project_edge_weight,1403,1,0.14622199062011465,0.853882230328296
directed_cross_project_edge_weight,1404,1,0.14632621156852527,0.8537780093798853
directed_cross_project_edge_weight,1405,1,0.1464304325169359,0.8536737884314747
directed_cross_project_edge_weight,1406,1,0.14653465346534653,0.8535695674830641
directed_cross_project_edge_weight,1407,1,0.14663887441375717,0.8534653465346534
directed_cross_project_edge_weight,1408,1,0.14674309536216779,0.8533611255862429
directed_cross_project_edge_weight,1409,1,0.14684731631057843,0.8532569046378322
directed_cross_project_edge_weight,1410,1,0.14695153725898905,0.8531526836894215
directed_cross_project_edge_weight,1411,1,0.1470557582073997,0.853048462741011
directed_cross_project_edge_weight,1412,1,0.1471599791558103,0.8529442417926003
directed_cross_project_edge_weight,1413,1,0.14726420010422095,0.8528400208441896
directed_cross_project_edge_weight,1414,1,0.14736842105263157,0.8527357998957791
directed_cross_project_edge_weight,1415,1,0.1474726420010422,0.8526315789473684
directed_cross_project_edge_weight,1416,1,0.14757686294945285,0.8525273579989577
directed_cross_project_edge_weight,1417,1,0.14768108389786347,0.8524231370505472
directed_cross_project_edge_weight,1418,1,0.1477853048462741,0.8523189161021365
directed_cross_project_edge_weight,1419,1,0.14788952579468473,0.8522146951537259
directed_cross_project_edge_weight,1420,1,0.14799374674309537,0.8521104742053153
directed_cross_project_edge_weight,1421,1,0.148097967691506,0.8520062532569046
directed_cross_project_edge_weight,1422,1,0.14820218863991663,0.851902032308494
directed_cross_project_edge_weight,1423,1,0.14830640958832725,0.8517978113600834
directed_cross_project_edge_weight,1424,1,0.1484106305367379,0.8516935904116727
directed_cross_project_edge_weight,1425,1,0.1485148514851485,0.8515893694632621
directed_cross_project_edge_weight,1426,1,0.14861907243355915,0.8514851485148515
directed_cross_project_edge_weight,1427,1,0.14872329338196977,0.8513809275664409
directed_cross_project_edge_weight,1428,1,0.1488275143303804,0.8512767066180302
directed_cross_project_edge_weight,1429,1,0.14893173527879103,0.8511724856696196
directed_cross_project_edge_weight,1430,1,0.14903595622720167,0.851068264721209
directed_cross_project_edge_weight,1431,1,0.1491401771756123,0.8509640437727983
directed_cross_project_edge_weight,1432,1,0.14924439812402293,0.8508598228243877
directed_cross_project_edge_weight,1433,1,0.14934861907243355,0.8507556018759771
directed_cross_project_edge_weight,1434,1,0.1494528400208442,0.8506513809275664
directed_cross_project_edge_weight,1435,1,0.1495570609692548,0.8505471599791559
directed_cross_project_edge_weight,1436,1,0.14966128191766545,0.8504429390307452
directed_cross_project_edge_weight,1437,1,0.1497655028660761,0.8503387180823345
directed_cross_project_edge_weight,1438,1,0.1498697238144867,0.850234497133924
directed_cross_project_edge_weight,1439,1,0.14997394476289735,0.8501302761855133
directed_cross_project_edge_weight,1440,1,0.15007816571130797,0.8500260552371026
directed_cross_project_edge_weight,1441,1,0.15018238665971861,0.8499218342886921
directed_cross_project_edge_weight,1442,1,0.15028660760812923,0.8498176133402814
directed_cross_project_edge_weight,1443,1,0.15039082855653987,0.8497133923918707
directed_cross_project_edge_weight,1444,1,0.1504950495049505,0.8496091714434602
directed_cross_project_edge_weight,1445,1,0.15059927045336113,0.8495049504950495
directed_cross_project_edge_weight,1446,1,0.15070349140177175,0.8494007295466389
directed_cross_project_edge_weight,1447,1,0.1508077123501824,0.8492965085982283
directed_cross_project_edge_weight,1448,1,0.150911933298593,0.8491922876498176
directed_cross_project_edge_weight,1449,1,0.15101615424700365,0.849088066701407
directed_cross_project_edge_weight,1450,1,0.15112037519541427,0.8489838457529963
directed_cross_project_edge_weight,1451,1,0.1512245961438249,0.8488796248045857
directed_cross_project_edge_weight,1452,1,0.15132881709223553,0.8487754038561751
directed_cross_project_edge_weight,1453,1,0.15143303804064617,0.8486711829077644
directed_cross_project_edge_weight,1454,1,0.1515372589890568,0.8485669619593539
directed_cross_project_edge_weight,1455,1,0.15164147993746743,0.8484627410109432
directed_cross_project_edge_weight,1456,1,0.15174570088587805,0.8483585200625325
directed_cross_project_edge_weight,1457,1,0.1518499218342887,0.848254299114122
directed_cross_project_edge_weight,1458,1,0.15195414278269934,0.8481500781657113
directed_cross_project_edge_weight,1459,1,0.15205836373110995,0.8480458572173006
directed_cross_project_edge_weight,1460,1,0.1521625846795206,0.8479416362688901
directed_cross_project_edge_weight,1461,1,0.1522668056279312,0.8478374153204794
directed_cross_project_edge_weight,1462,1,0.15237102657634186,0.8477331943720687
directed_cross_project_edge_weight,1463,1,0.15247524752475247,0.8476289734236582
directed_cross_project_edge_weight,1464,1,0.15257946847316312,0.8475247524752475
directed_cross_project_edge_weight,1465,1,0.15268368942157373,0.8474205315268369
directed_cross_project_edge_weight,1466,1,0.15278791036998438,0.8473163105784263
directed_cross_project_edge_weight,1467,1,0.152892131318395,0.8472120896300156
directed_cross_project_edge_weight,1468,1,0.15299635226680564,0.847107868681605
directed_cross_project_edge_weight,1469,1,0.15310057321521625,0.8470036477331944
directed_cross_project_edge_weight,1470,1,0.1532047941636269,0.8468994267847837
directed_cross_project_edge_weight,1471,1,0.1533090151120375,0.8467952058363731
directed_cross_project_edge_weight,1472,1,0.15341323606044815,0.8466909848879625
directed_cross_project_edge_weight,1473,1,0.15351745700885877,0.8465867639395519
directed_cross_project_edge_weight,1474,1,0.15362167795726941,0.8464825429911412
directed_cross_project_edge_weight,1475,1,0.15372589890568003,0.8463783220427306
directed_cross_project_edge_weight,1476,1,0.15383011985409067,0.84627410109432
directed_cross_project_edge_weight,1477,1,0.1539343408025013,0.8461698801459093
directed_cross_project_edge_weight,1478,1,0.15403856175091193,0.8460656591974987
directed_cross_project_edge_weight,1479,1,0.15414278269932255,0.8459614382490881
directed_cross_project_edge_weight,1480,1,0.1542470036477332,0.8458572173006774
directed_cross_project_edge_weight,1481,1,0.15435122459614384,0.8457529963522668
directed_cross_project_edge_weight,1482,1,0.15445544554455445,0.8456487754038562
directed_cross_project_edge_weight,1483,1,0.1545596664929651,0.8455445544554455
directed_cross_project_edge_weight,1484,1,0.1546638874413757,0.845440333507035
directed_cross_project_edge_weight,1485,1,0.15476810838978636,0.8453361125586243
directed_cross_project_edge_weight,1486,1,0.15487232933819697,0.8452318916102136
directed_cross_project_edge_weight,1487,1,0.15497655028660762,0.845127670661803
directed_cross_project_edge_weight,1488,1,0.15508077123501823,0.8450234497133924
directed_cross_project_edge_weight,1489,1,0.15518499218342888,0.8449192287649817
directed_cross_project_edge_weight,1490,1,0.1552892131318395,0.8448150078165712
directed_cross_project_edge_weight,1491,1,0.15539343408025014,0.8447107868681605
directed_cross_project_edge_weight,1492,1,0.15549765502866075,0.8446065659197499
directed_cross_project_edge_weight,1493,1,0.1556018759770714,0.8445023449713392
directed_cross_project_edge_weight,1494,1,0.155706096925482,0.8443981240229286
directed_cross_project_edge_weight,1495,1,0.15581031787389266,0.844293903074518
directed_cross_project_edge_weight,1496,1,0.15591453882230327,0.8441896821261073
directed_cross_project_edge_weight,1497,1,0.15601875977071392,0.8440854611776967
directed_cross_project_edge_weight,1498,1,0.15612298071912453,0.8439812402292861
directed_cross_project_edge_weight,1499,1,0.15622720166753518,0.8438770192808754
directed_cross_project_edge_weight,1500,1,0.1563314226159458,0.8437727983324649
directed_cross_project_edge_weight,1501,1,0.15643564356435644,0.8436685773840542
directed_cross_project_edge_weight,1502,1,0.15653986451276708,0.8435643564356435
directed_cross_project_edge_weight,1503,1,0.1566440854611777,0.843460135487233
directed_cross_project_edge_weight,1504,1,0.15674830640958834,0.8433559145388223
directed_cross_project_edge_weight,1505,1,0.15685252735799896,0.8432516935904116
directed_cross_project_edge_weight,1506,1,0.1569567483064096,0.8431474726420011
directed_cross_project_edge_weight,1507,1,0.15706096925482022,0.8430432516935904
directed_cross_project_edge_weight,1508,1,0.15716519020323086,0.8429390307451797
directed_cross_project_edge_weight,1509,1,0.15726941115164147,0.8428348097967692
directed_cross_project_edge_weight,1510,1,0.15737363210005212,0.8427305888483585
directed_cross_project_edge_weight,1511,1,0.15747785304846273,0.8426263678999479
directed_cross_project_edge_weight,1512,1,0.15758207399687338,0.8425221469515373
directed_cross_project_edge_weight,1513,1,0.157686294945284,0.8424179260031266
directed_cross_project_edge_weight,1514,1,0.15779051589369464,0.842313705054716
directed_cross_project_edge_weight,1515,1,0.15789473684210525,0.8422094841063054
directed_cross_project_edge_weight,1516,1,0.1579989577905159,0.8421052631578947
directed_cross_project_edge_weight,1517,1,0.15810317873892651,0.8420010422094841
directed_cross_project_edge_weight,1518,1,0.15820739968733716,0.8418968212610735
directed_cross_project_edge_weight,1519,1,0.15831162063574777,0.8417926003126629
directed_cross_project_edge_weight,1520,1,0.15841584158415842,0.8416883793642522
directed_cross_project_edge_weight,1521,1,0.15852006253256903,0.8415841584158416
directed_cross_project_edge_weight,1522,1,0.15862428348097968,0.841479937467431
directed_cross_project_edge_weight,1523,1,0.1587285044293903,0.8413757165190203
directed_cross_project_edge_weight,1524,1,0.15883272537780094,0.8412714955706097
directed_cross_project_edge_weight,1525,1,0.15893694632621158,0.8411672746221991
directed_cross_project_edge_weight,1526,1,0.1590411672746222,0.8410630536737884
directed_cross_project_edge_weight,1527,1,0.15914538822303284,0.8409588327253777
directed_cross_project_edge_weight,1528,1,0.15924960917144346,0.8408546117769672
directed_cross_project_edge_weight,1529,1,0.1593538301198541,0.8407503908285565
directed_cross_project_edge_weight,1530,1,0.15945805106826472,0.840646169880146
directed_cross_project_edge_weight,1531,1,0.15956227201667536,0.8405419489317353
directed_cross_project_edge_weight,1532,1,0.15966649296508598,0.8404377279833246
directed_cross_project_edge_weight,1533,1,0.15977071391349662,0.840333507034914
directed_cross_project_edge_weight,1534,1,0.15987493486190724,0.8402292860865034
directed_cross_project_edge_weight,1535,1,0.15997915581031788,0.8401250651380927
directed_cross_project_edge_weight,1536,1,0.1600833767587285,0.8400208441896821
directed_cross_project_edge_weight,1537,1,0.16018759770713914,0.8399166232412715
directed_cross_project_edge_weight,1538,1,0.16029181865554976,0.8398124022928609
directed_cross_project_edge_weight,1539,1,0.1603960396039604,0.8397081813444502
directed_cross_project_edge_weight,1540,1,0.16050026055237102,0.8396039603960396
directed_cross_project_edge_weight,1541,1,0.16060448150078166,0.839499739447629
directed_cross_project_edge_weight,1542,1,0.16070870244919228,0.8393955184992183
directed_cross_project_edge_weight,1543,1,0.16081292339760292,0.8392912975508077
directed_cross_project_edge_weight,1544,1,0.16091714434601354,0.8391870766023971
directed_cross_project_edge_weight,1545,1,0.16102136529442418,0.8390828556539864
directed_cross_project_edge_weight,1546,1,0.16112558624283482,0.8389786347055758
directed_cross_project_edge_weight,1547,1,0.16122980719124544,0.8388744137571652
directed_cross_project_edge_weight,1548,1,0.16133402813965608,0.8387701928087545
directed_cross_project_edge_weight,1549,1,0.1614382490880667,0.838665971860344
directed_cross_project_edge_weight,1550,1,0.16154247003647734,0.8385617509119333
directed_cross_project_edge_weight,1551,1,0.16164669098488796,0.8384575299635226
directed_cross_project_edge_weight,1552,1,0.1617509119332986,0.8383533090151121
directed_cross_project_edge_weight,1553,1,0.16185513288170922,0.8382490880667014
directed_cross_project_edge_weight,1554,1,0.16195935383011986,0.8381448671182907
directed_cross_project_edge_weight,1555,1,0.16206357477853048,0.8380406461698802
directed_cross_project_edge_weight,1556,1,0.16216779572694112,0.8379364252214695
directed_cross_project_edge_weight,1557,1,0.16227201667535174,0.8378322042730589
directed_cross_project_edge_weight,1558,1,0.16237623762376238,0.8377279833246483
directed_cross_project_edge_weight,1559,1,0.162480458572173,0.8376237623762376
directed_cross_project_edge_weight,1560,1,0.16258467952058364,0.837519541427827
directed_cross_project_edge_weight,1561,1,0.16268890046899426,0.8374153204794164
directed_cross_project_edge_weight,1562,1,0.1627931214174049,0.8373110995310057
directed_cross_project_edge_weight,1563,1,0.16289734236581552,0.8372068785825951
directed_cross_project_edge_weight,1564,1,0.16300156331422616,0.8371026576341845
directed_cross_project_edge_weight,1565,1,0.16310578426263678,0.8369984366857739
directed_cross_project_edge_weight,1566,1,0.16321000521104742,0.8368942157373632
directed_cross_project_edge_weight,1567,1,0.16331422615945806,0.8367899947889526
directed_cross_project_edge_weight,1568,1,0.16341844710786868,0.836685773840542
directed_cross_project_edge_weight,1569,1,0.16352266805627932,0.8365815528921313
directed_cross_project_edge_weight,1570,1,0.16362688900468994,0.8364773319437206
directed_cross_project_edge_weight,1571,1,0.16373110995310058,0.8363731109953101
directed_cross_project_edge_weight,1572,1,0.1638353309015112,0.8362688900468994
directed_cross_project_edge_weight,1573,1,0.16393955184992184,0.8361646690984887
directed_cross_project_edge_weight,1574,1,0.16404377279833246,0.8360604481500782
directed_cross_project_edge_weight,1575,1,0.1641479937467431,0.8359562272016675
directed_cross_project_edge_weight,1576,1,0.16425221469515372,0.835852006253257
directed_cross_project_edge_weight,1577,1,0.16435643564356436,0.8357477853048463
directed_cross_project_edge_weight,1578,1,0.16446065659197498,0.8356435643564356
directed_cross_project_edge_weight,1579,1,0.16456487754038562,0.835539343408025
directed_cross_project_edge_weight,1580,1,0.16466909848879624,0.8354351224596144
directed_cross_project_edge_weight,1581,1,0.16477331943720688,0.8353309015112037
directed_cross_project_edge_weight,1582,1,0.1648775403856175,0.8352266805627931
directed_cross_project_edge_weight,1583,1,0.16498176133402814,0.8351224596143825
directed_cross_project_edge_weight,1584,1,0.16508598228243876,0.8350182386659719
directed_cross_project_edge_weight,1585,1,0.1651902032308494,0.8349140177175612
directed_cross_project_edge_weight,1586,1,0.16529442417926002,0.8348097967691506
directed_cross_project_edge_weight,1587,1,0.16539864512767066,0.83470557582074
directed_cross_project_edge_weight,1588,1,0.16550286607608128,0.8346013548723293
directed_cross_project_edge_weight,1589,1,0.16560708702449192,0.8344971339239187
directed_cross_project_edge_weight,1590,1,0.16571130797290257,0.8343929129755081
directed_cross_project_edge_weight,1591,1,0.16581552892131318,0.8342886920270974
directed_cross_project_edge_weight,1592,1,0.16591974986972383,0.8341844710786868
directed_cross_project_edge_weight,1593,1,0.16602397081813444,0.8340802501302762
directed_cross_project_edge_weight,1594,1,0.16612819176654509,0.8339760291818655
directed_cross_project_edge_weight,1595,1,0.1662324127149557,0.833871808233455
directed_cross_project_edge_weight,1596,1,0.16633663366336635,0.8337675872850443
directed_cross_project_edge_weight,1597,1,0.16644085461177696,0.8336633663366336
directed_cross_project_edge_weight,1598,1,0.1665450755601876,0.8335591453882231
directed_cross_project_edge_weight,1599,1,0.16664929650859822,0.8334549244398124
directed_cross_project_edge_weight,1600,1,0.16675351745700887,0.8333507034914017
directed_cross_project_edge_weight,1601,1,0.16685773840541948,0.8332464825429912
directed_cross_project_edge_weight,1602,1,0.16696195935383012,0.8331422615945805
directed_cross_project_edge_weight,1603,1,0.16706618030224074,0.8330380406461699
directed_cross_project_edge_weight,1604,1,0.16717040125065138,0.8329338196977593
directed_cross_project_edge_weight,1605,1,0.167274622199062,0.8328295987493486
directed_cross_project_edge_weight,1606,1,0.16737884314747264,0.832725377800938
directed_cross_project_edge_weight,1607,1,0.16748306409588326,0.8326211568525274
directed_cross_project_edge_weight,1608,1,0.1675872850442939,0.8325169359041167
directed_cross_project_edge_weight,1609,1,0.16769150599270452,0.8324127149557061
directed_cross_project_edge_weight,1610,1,0.16779572694111516,0.8323084940072955
directed_cross_project_edge_weight,1611,1,0.1678999478895258,0.8322042730588849
directed_cross_project_edge_weight,1612,1,0.16800416883793642,0.8321000521104742
directed_cross_project_edge_weight,1613,1,0.16810838978634707,0.8319958311620635
directed_cross_project_edge_weight,1614,1,0.16821261073475768,0.831891610213653
directed_cross_project_edge_weight,1615,1,0.16831683168316833,0.8317873892652423
directed_cross_project_edge_weight,1616,1,0.16842105263157894,0.8316831683168316
directed_cross_project_edge_weight,1617,1,0.1685252735799896,0.8315789473684211
directed_cross_project_edge_weight,1618,1,0.1686294945284002,0.8314747264200104
directed_cross_project_edge_weight,1619,1,0.16873371547681085,0.8313705054715997
directed_cross_project_edge_weight,1620,1,0.16883793642522146,0.8312662845231892
directed_cross_project_edge_weight,1621,1,0.1689421573736321,0.8311620635747785
directed_cross_project_edge_weight,1622,1,0.16904637832204272,0.831057842626368
directed_cross_project_edge_weight,1623,1,0.16915059927045337,0.8309536216779573
directed_cross_project_edge_weight,1624,1,0.16925482021886398,0.8308494007295466
directed_cross_project_edge_weight,1625,1,0.16935904116727463,0.830745179781136
directed_cross_project_edge_weight,1626,1,0.16946326211568524,0.8306409588327254
directed_cross_project_edge_weight,1627,1,0.1695674830640959,0.8305367378843147
directed_cross_project_edge_weight,1628,1,0.1696717040125065,0.8304325169359041
directed_cross_project_edge_weight,1629,1,0.16977592496091715,0.8303282959874935
directed_cross_project_edge_weight,1630,1,0.16988014590932776,0.8302240750390829
directed_cross_project_edge_weight,1631,1,0.1699843668577384,0.8301198540906722
directed_cross_project_edge_weight,1632,1,0.17008858780614905,0.8300156331422616
directed_cross_project_edge_weight,1633,1,0.17019280875455967,0.829911412193851
directed_cross_project_edge_weight,1634,1,0.1702970297029703,0.8298071912454403
directed_cross_project_edge_weight,1635,1,0.17040125065138093,0.8297029702970297
directed_cross_project_edge_weight,1636,1,0.17050547159979157,0.8295987493486191
directed_cross_project_edge_weight,1637,1,0.17060969254820219,0.8294945284002084
directed_cross_project_edge_weight,1638,1,0.17071391349661283,0.8293903074517978
directed_cross_project_edge_weight,1639,1,0.17081813444502345,0.8292860865033872
directed_cross_project_edge_weight,1640,1,0.1709223553934341,0.8291818655549765
directed_cross_project_edge_weight,1641,1,0.1710265763418447,0.829077644606566
directed_cross_project_edge_weight,1642,1,0.17113079729025535,0.8289734236581553
directed_cross_project_edge_weight,1643,1,0.17123501823866596,0.8288692027097446
directed_cross_project_edge_weight,1644,1,0.1713392391870766,0.8287649817613341
directed_cross_project_edge_weight,1645,1,0.17144346013548722,0.8286607608129234
directed_cross_project_edge_weight,1646,1,0.17154768108389787,0.8285565398645127
directed_cross_project_edge_weight,1647,1,0.17165190203230848,0.8284523189161022
directed_cross_project_edge_weight,1648,1,0.17175612298071913,0.8283480979676915
directed_cross_project_edge_weight,1649,1,0.17186034392912974,0.8282438770192809
directed_cross_project_edge_weight,1650,1,0.1719645648775404,0.8281396560708703
directed_cross_project_edge_weight,1651,1,0.172068785825951,0.8280354351224596
directed_cross_project_edge_weight,1652,1,0.17217300677436165,0.827931214174049
directed_cross_project_edge_weight,1653,1,0.17227722772277226,0.8278269932256384
directed_cross_project_edge_weight,1654,1,0.1723814486711829,0.8277227722772277
directed_cross_project_edge_weight,1655,1,0.17248566961959355,0.8276185513288171
directed_cross_project_edge_weight,1656,1,0.17258989056800417,0.8275143303804064
directed_cross_project_edge_weight,1657,1,0.1726941115164148,0.8274101094319958
directed_cross_project_edge_weight,1658,1,0.17279833246482543,0.8273058884835852
directed_cross_project_edge_weight,1659,1,0.17290255341323607,0.8272016675351745
directed_cross_project_edge_weight,1660,1,0.1730067743616467,0.827097446586764
directed_cross_project_edge_weight,1661,1,0.17311099531005733,0.8269932256383533
directed_cross_project_edge_weight,1662,1,0.17321521625846795,0.8268890046899426
directed_cross_project_edge_weight,1663,1,0.1733194372068786,0.8267847837415321
directed_cross_project_edge_weight,1664,1,0.1734236581552892,0.8266805627931214
directed_cross_project_edge_weight,1665,1,0.17352787910369985,0.8265763418447107
directed_cross_project_edge_weight,1666,1,0.17363210005211047,0.8264721208963002
directed_cross_project_edge_weight,1667,1,0.1737363210005211,0.8263678999478895
directed_cross_project_edge_weight,1668,1,0.17384054194893173,0.826263678999479
directed_cross_project_edge_weight,1669,1,0.17394476289734237,0.8261594580510683
directed_cross_project_edge_weight,1670,1,0.17404898384575299,0.8260552371026576
directed_cross_project_edge_weight,1671,1,0.17415320479416363,0.825951016154247
directed_cross_project_edge_weight,1672,1,0.17425742574257425,0.8258467952058364
directed_cross_project_edge_weight,1673,1,0.1743616466909849,0.8257425742574257
directed_cross_project_edge_weight,1674,1,0.1744658676393955,0.8256383533090151
directed_cross_project_edge_weight,1675,1,0.17457008858780615,0.8255341323606045
directed_cross_project_edge_weight,1676,1,0.1746743095362168,0.8254299114121939
directed_cross_project_edge_weight,1677,1,0.1747785304846274,0.8253256904637832
directed_cross_project_edge_weight,1678,1,0.17488275143303805,0.8252214695153726
directed_cross_project_edge_weight,1679,1,0.17498697238144867,0.825117248566962
directed_cross_project_edge_weight,1680,1,0.1750911933298593,0.8250130276185513
directed_cross_project_edge_weight,1681,1,0.17519541427826993,0.8249088066701407
directed_cross_project_edge_weight,1682,1,0.17529963522668057,0.8248045857217301
directed_cross_project_edge_weight,1683,1,0.1754038561750912,0.8247003647733194
directed_cross_project_edge_weight,1684,1,0.17550807712350183,0.8245961438249088
directed_cross_project_edge_weight,1685,1,0.17561229807191245,0.8244919228764982
directed_cross_project_edge_weight,1686,1,0.1757165190203231,0.8243877019280875
directed_cross_project_edge_weight,1687,1,0.1758207399687337,0.824283480979677
directed_cross_project_edge_weight,1688,1,0.17592496091714435,0.8241792600312663
directed_cross_project_edge_weight,1689,1,0.17602918186555497,0.8240750390828556
directed_cross_project_edge_weight,1690,1,0.1761334028139656,0.8239708181344451
directed_cross_project_edge_weight,1691,1,0.17623762376237623,0.8238665971860344
directed_cross_project_edge_weight,1692,1,0.17634184471078687,0.8237623762376237
directed_cross_project_edge_weight,1693,1,0.1764460656591975,0.8236581552892132
directed_cross_project_edge_weight,1694,1,0.17655028660760813,0.8235539343408025
directed_cross_project_edge_weight,1695,1,0.17665450755601875,0.8234497133923919
directed_cross_project_edge_weight,1696,1,0.1767587285044294,0.8233454924439813
directed_cross_project_edge_weight,1697,1,0.17686294945284,0.8232412714955706
directed_cross_project_edge_weight,1698,1,0.17696717040125065,0.82313705054716
directed_cross_project_edge_weight,1699,1,0.1770713913496613,0.8230328295987493
directed_cross_project_edge_weight,1700,1,0.1771756122980719,0.8229286086503387
directed_cross_project_edge_weight,1701,1,0.17727983324648255,0.8228243877019281
directed_cross_project_edge_weight,1702,1,0.17738405419489317,0.8227201667535174
directed_cross_project_edge_weight,1703,1,0.17748827514330381,0.8226159458051068
directed_cross_project_edge_weight,1704,1,0.17759249609171443,0.8225117248566962
directed_cross_project_edge_weight,1705,1,0.17769671704012507,0.8224075039082855
directed_cross_project_edge_weight,1706,1,0.1778009379885357,0.822303282959875
directed_cross_project_edge_weight,1707,1,0.17790515893694633,0.8221990620114643
directed_cross_project_edge_weight,1708,1,0.17800937988535695,0.8220948410630536
directed_cross_project_edge_weight,1709,1,0.1781136008337676,0.8219906201146431
directed_cross_project_edge_weight,1710,1,0.1782178217821782,0.8218863991662324
directed_cross_project_edge_weight,1711,1,0.17832204273058885,0.8217821782178217
directed_cross_project_edge_weight,1712,1,0.17842626367899947,0.8216779572694112
directed_cross_project_edge_weight,1713,1,0.1785304846274101,0.8215737363210005
directed_cross_project_edge_weight,1714,1,0.17863470557582073,0.8214695153725899
directed_cross_project_edge_weight,1715,1,0.17873892652423137,0.8213652944241793
directed_cross_project_edge_weight,1716,1,0.178843147472642,0.8212610734757686
directed_cross_project_edge_weight,1717,1,0.17894736842105263,0.821156852527358
directed_cross_project_edge_weight,1718,1,0.17905158936946325,0.8210526315789474
directed_cross_project_edge_weight,1719,1,0.1791558103178739,0.8209484106305367
directed_cross_project_edge_weight,1720,1,0.17926003126628454,0.8208441896821261
directed_cross_project_edge_weight,1721,1,0.17936425221469515,0.8207399687337155
directed_cross_project_edge_weight,1722,1,0.1794684731631058,0.8206357477853048
directed_cross_project_edge_weight,1723,1,0.1795726941115164,0.8205315268368942
directed_cross_project_edge_weight,1724,1,0.17967691505992706,0.8204273058884836
directed_cross_project_edge_weight,1725,1,0.17978113600833767,0.820323084940073
directed_cross_project_edge_weight,1726,1,0.17988535695674832,0.8202188639916623
directed_cross_project_edge_weight,1727,1,0.17998957790515893,0.8201146430432517
directed_cross_project_edge_weight,1728,1,0.18009379885356958,0.8200104220948411
directed_cross_project_edge_weight,1729,1,0.1801980198019802,0.8199062011464304
directed_cross_project_edge_weight,1730,1,0.18030224075039084,0.8198019801980198
directed_cross_project_edge_weight,1731,1,0.18040646169880145,0.8196977592496092
directed_cross_project_edge_weight,1732,1,0.1805106826472121,0.8195935383011985
directed_cross_project_edge_weight,1733,1,0.1806149035956227,0.819489317352788
directed_cross_project_edge_weight,1734,1,0.18071912454403335,0.8193850964043773
directed_cross_project_edge_weight,1735,1,0.18082334549244397,0.8192808754559666
directed_cross_project_edge_weight,1736,1,0.18092756644085461,0.8191766545075561
directed_cross_project_edge_weight,1737,1,0.18103178738926523,0.8190724335591454
directed_cross_project_edge_weight,1738,1,0.18113600833767587,0.8189682126107347
directed_cross_project_edge_weight,1739,1,0.1812402292860865,0.8188639916623242
directed_cross_project_edge_weight,1740,1,0.18134445023449713,0.8187597707139135
directed_cross_project_edge_weight,1741,1,0.18144867118290778,0.8186555497655029
directed_cross_project_edge_weight,1742,1,0.1815528921313184,0.8185513288170922
directed_cross_project_edge_weight,1743,1,0.18165711307972904,0.8184471078686816
directed_cross_project_edge_weight,1744,1,0.18176133402813965,0.818342886920271
directed_cross_project_edge_weight,1745,1,0.1818655549765503,0.8182386659718603
directed_cross_project_edge_weight,1746,1,0.1819697759249609,0.8181344450234497
directed_cross_project_edge_weight,1747,1,0.18207399687337156,0.8180302240750391
directed_cross_project_edge_weight,1748,1,0.18217821782178217,0.8179260031266284
directed_cross_project_edge_weight,1749,1,0.18228243877019282,0.8178217821782178
directed_cross_project_edge_weight,1750,1,0.18238665971860343,0.8177175612298072
directed_cross_project_edge_weight,1751,1,0.18249088066701408,0.8176133402813965
directed_cross_project_edge_weight,1752,1,0.1825951016154247,0.817509119332986
directed_cross_project_edge_weight,1753,1,0.18269932256383534,0.8174048983845753
directed_cross_project_edge_weight,1754,1,0.18280354351224595,0.8173006774361646
directed_cross_project_edge_weight,1755,1,0.1829077644606566,0.8171964564877541
directed_cross_project_edge_weight,1756,1,0.1830119854090672,0.8170922355393434
directed_cross_project_edge_weight,1757,1,0.18311620635747786,0.8169880145909327
directed_cross_project_edge_weight,1758,1,0.18322042730588847,0.8168837936425222
directed_cross_project_edge_weight,1759,1,0.18332464825429912,0.8167795726941115
directed_cross_project_edge_weight,1760,1,0.18342886920270973,0.8166753517457009
directed_cross_project_edge_weight,1761,1,0.18353309015112038,0.8165711307972903
directed_cross_project_edge_weight,1762,1,0.183637311099531,0.8164669098488796
directed_cross_project_edge_weight,1763,1,0.18374153204794164,0.816362688900469
directed_cross_project_edge_weight,1764,1,0.18384575299635228,0.8162584679520584
directed_cross_project_edge_weight,1765,1,0.1839499739447629,0.8161542470036477
directed_cross_project_edge_weight,1766,1,0.18405419489317354,0.8160500260552371
directed_cross_project_edge_weight,1767,1,0.18415841584158416,0.8159458051068265
directed_cross_project_edge_weight,1768,1,0.1842626367899948,0.8158415841584158
directed_cross_project_edge_weight,1769,1,0.18436685773840542,0.8157373632100052
directed_cross_project_edge_weight,1770,1,0.18447107868681606,0.8156331422615946
directed_cross_project_edge_weight,1771,1,0.18457529963522668,0.815528921313184
directed_cross_project_edge_weight,1772,1,0.18467952058363732,0.8154247003647733
directed_cross_project_edge_weight,1773,1,0.18478374153204793,0.8153204794163627
directed_cross_project_edge_weight,1774,1,0.18488796248045858,0.8152162584679521
directed_cross_project_edge_weight,1775,1,0.1849921834288692,0.8151120375195414
directed_cross_project_edge_weight,1776,1,0.18509640437727984,0.8150078165711307
directed_cross_project_edge_weight,1777,1,0.18520062532569045,0.8149035956227202
directed_cross_project_edge_weight,1778,1,0.1853048462741011,0.8147993746743095
directed_cross_project_edge_weight,1779,1,0.18540906722251171,0.814695153725899
directed_cross_project_edge_weight,1780,1,0.18551328817092236,0.8145909327774883
directed_cross_project_edge_weight,1781,1,0.18561750911933297,0.8144867118290776
directed_cross_project_edge_weight,1782,1,0.18572173006774362,0.814382490880667
directed_cross_project_edge_weight,1783,1,0.18582595101615423,0.8142782699322564
directed_cross_project_edge_weight,1784,1,0.18593017196456488,0.8141740489838457
directed_cross_project_edge_weight,1785,1,0.18603439291297552,0.8140698280354352
directed_cross_project_edge_weight,1786,1,0.18613861386138614,0.8139656070870245
directed_cross_project_edge_weight,1787,1,0.18624283480979678,0.8138613861386138
directed_cross_project_edge_weight,1788,1,0.1863470557582074,0.8137571651902032
directed_cross_project_edge_weight,1789,1,0.18645127670661804,0.8136529442417926
directed_cross_project_edge_weight,1790,1,0.18655549765502866,0.813548723293382
directed_cross_project_edge_weight,1791,1,0.1866597186034393,0.8134445023449713
directed_cross_project_edge_weight,1792,1,0.18676393955184992,0.8133402813965607
directed_cross_project_edge_weight,1793,1,0.18686816050026056,0.8132360604481501
directed_cross_project_edge_weight,1794,1,0.18697238144867118,0.8131318394997394
directed_cross_project_edge_weight,1795,1,0.18707660239708182,0.8130276185513288
directed_cross_project_edge_weight,1796,1,0.18718082334549244,0.8129233976029182
directed_cross_project_edge_weight,1797,1,0.18728504429390308,0.8128191766545075
directed_cross_project_edge_weight,1798,1,0.1873892652423137,0.812714955706097
directed_cross_project_edge_weight,1799,1,0.18749348619072434,0.8126107347576863
directed_cross_project_edge_weight,1800,1,0.18759770713913496,0.8125065138092756
directed_cross_project_edge_weight,1801,1,0.1877019280875456,0.8124022928608651
directed_cross_project_edge_weight,1802,1,0.18780614903595622,0.8122980719124544
directed_cross_project_edge_weight,1803,1,0.18791036998436686,0.8121938509640437
directed_cross_project_edge_weight,1804,1,0.18801459093277748,0.8120896300156332
directed_cross_project_edge_weight,1805,1,0.18811881188118812,0.8119854090672225
directed_cross_project_edge_weight,1806,1,0.18822303282959876,0.8118811881188119
directed_cross_project_edge_weight,1807,1,0.18832725377800938,0.8117769671704013
directed_cross_project_edge_weight,1808,1,0.18843147472642002,0.8116727462219906
directed_cross_project_edge_weight,1809,1,0.18853569567483064,0.81156852527358
directed_cross_project_edge_weight,1810,1,0.18863991662324128,0.8114643043251694
directed_cross_project_edge_weight,1811,1,0.1887441375716519,0.8113600833767587
directed_cross_project_edge_weight,1812,1,0.18884835852006254,0.8112558624283481
directed_cross_project_edge_weight,1813,1,0.18895257946847316,0.8111516414799375
directed_cross_project_edge_weight,1814,1,0.1890568004168838,0.8110474205315268
directed_cross_project_edge_weight,1815,1,0.18916102136529442,0.8109431995831162
directed_cross_project_edge_weight,1816,1,0.18926524231370506,0.8108389786347056
directed_cross_project_edge_weight,1817,1,0.18936946326211568,0.810734757686295
directed_cross_project_edge_weight,1818,1,0.18947368421052632,0.8106305367378843
directed_cross_project_edge_weight,1819,1,0.18957790515893694,0.8105263157894737
directed_cross_project_edge_weight,1820,1,0.18968212610734758,0.8104220948410631
directed_cross_project_edge_weight,1821,1,0.1897863470557582,0.8103178738926524
directed_cross_project_edge_weight,1822,1,0.18989056800416884,0.8102136529442417
directed_cross_project_edge_weight,1823,1,0.18999478895257946,0.8101094319958312
directed_cross_project_edge_weight,1824,1,0.1900990099009901,0.8100052110474205
directed_cross_project_edge_weight,1825,1,0.19020323084940072,0.80990099009901
directed_cross_project_edge_weight,1826,1,0.19030745179781136,0.8097967691505993
directed_cross_project_edge_weight,1827,1,0.19041167274622198,0.8096925482021886
directed_cross_project_edge_weight,1828,1,0.19051589369463262,0.809588327253778
directed_cross_project_edge_weight,1829,1,0.19062011464304326,0.8094841063053674
directed_cross_project_edge_weight,1830,1,0.19072433559145388,0.8093798853569567
directed_cross_project_edge_weight,1831,1,0.19082855653986452,0.8092756644085461
directed_cross_project_edge_weight,1832,1,0.19093277748827514,0.8091714434601355
directed_cross_project_edge_weight,1833,1,0.19103699843668578,0.8090672225117248
directed_cross_project_edge_weight,1834,1,0.1911412193850964,0.8089630015633142
directed_cross_project_edge_weight,1835,1,0.19124544033350704,0.8088587806149036
directed_cross_project_edge_weight,1836,1,0.19134966128191766,0.808754559666493
directed_cross_project_edge_weight,1837,1,0.1914538822303283,0.8086503387180823
directed_cross_project_edge_weight,1838,1,0.19155810317873892,0.8085461177696717
directed_cross_project_edge_weight,1839,1,0.19166232412714956,0.8084418968212611
directed_cross_project_edge_weight,1840,1,0.19176654507556018,0.8083376758728504
directed_cross_project_edge_weight,1841,1,0.19187076602397082,0.8082334549244398
directed_cross_project_edge_weight,1842,1,0.19197498697238144,0.8081292339760292
directed_cross_project_edge_weight,1843,1,0.19207920792079208,0.8080250130276185
directed_cross_project_edge_weight,1844,1,0.1921834288692027,0.807920792079208
directed_cross_project_edge_weight,1845,1,0.19228764981761334,0.8078165711307973
directed_cross_project_edge_weight,1846,1,0.19239187076602396,0.8077123501823866
directed_cross_project_edge_weight,1847,1,0.1924960917144346,0.8076081292339761
directed_cross_project_edge_weight,1848,1,0.19260031266284522,0.8075039082855654
directed_cross_project_edge_weight,1849,1,0.19270453361125586,0.8073996873371547
directed_cross_project_edge_weight,1850,1,0.1928087545596665,0.8072954663887442
directed_cross_project_edge_weight,1851,1,0.19291297550807712,0.8071912454403335
directed_cross_project_edge_weight,1852,1,0.19301719645648777,0.8070870244919228
directed_cross_project_edge_weight,1853,1,0.19312141740489838,0.8069828035435123
directed_cross_project_edge_weight,1854,1,0.19322563835330903,0.8068785825951016
directed_cross_project_edge_weight,1855,1,0.19332985930171964,0.806774361646691
directed_cross_project_edge_weight,1856,1,0.19343408025013029,0.8066701406982804
directed_cross_project_edge_weight,1857,1,0.1935383011985409,0.8065659197498697
directed_cross_project_edge_weight,1858,1,0.19364252214695155,0.8064616988014591
directed_cross_project_edge_weight,1859,1,0.19374674309536216,0.8063574778530485
directed_cross_project_edge_weight,1860,1,0.1938509640437728,0.8062532569046378
directed_cross_project_edge_weight,1861,1,0.19395518499218342,0.8061490359562272
directed_cross_project_edge_weight,1862,1,0.19405940594059407,0.8060448150078166
directed_cross_project_edge_weight,1863,1,0.19416362688900468,0.805940594059406
directed_cross_project_edge_weight,1864,1,0.19426784783741533,0.8058363731109953
directed_cross_project_edge_weight,1865,1,0.19437206878582594,0.8057321521625846
directed_cross_project_edge_weight,1866,1,0.19447628973423658,0.8056279312141741
directed_cross_project_edge_weight,1867,1,0.1945805106826472,0.8055237102657634
directed_cross_project_edge_weight,1868,1,0.19468473163105784,0.8054194893173527
directed_cross_project_edge_weight,1869,1,0.19478895257946846,0.8053152683689422
directed_cross_project_edge_weight,1870,1,0.1948931735278791,0.8052110474205315
directed_cross_project_edge_weight,1871,1,0.19499739447628972,0.805106826472121
directed_cross_project_edge_weight,1872,1,0.19510161542470036,0.8050026055237103
directed_cross_project_edge_weight,1873,1,0.195205836373111,0.8048983845752996
directed_cross_project_edge_weight,1874,1,0.19531005732152162,0.804794163626889
directed_cross_project_edge_weight,1875,1,0.19541427826993227,0.8046899426784784
directed_cross_project_edge_weight,1876,1,0.19551849921834288,0.8045857217300677
directed_cross_project_edge_weight,1877,1,0.19562272016675353,0.8044815007816571
directed_cross_project_edge_weight,1878,1,0.19572694111516414,0.8043772798332465
directed_cross_project_edge_weight,1879,1,0.1958311620635748,0.8042730588848358
directed_cross_project_edge_weight,1880,1,0.1959353830119854,0.8041688379364252
directed_cross_project_edge_weight,1881,1,0.19603960396039605,0.8040646169880146
directed_cross_project_edge_weight,1882,1,0.19614382490880666,0.803960396039604
directed_cross_project_edge_weight,1883,1,0.1962480458572173,0.8038561750911933
directed_cross_project_edge_weight,1884,1,0.19635226680562792,0.8037519541427827
directed_cross_project_edge_weight,1885,1,0.19645648775403857,0.8036477331943721
directed_cross_project_edge_weight,1886,1,0.19656070870244918,0.8035435122459614
directed_cross_project_edge_weight,1887,1,0.19666492965085983,0.8034392912975508
directed_cross_project_edge_weight,1888,1,0.19676915059927044,0.8033350703491402
directed_cross_project_edge_weight,1889,1,0.1968733715476811,0.8032308494007295
directed_cross_project_edge_weight,1890,1,0.1969775924960917,0.803126628452319
directed_cross_project_edge_weight,1891,1,0.19708181344450235,0.8030224075039083
directed_cross_project_edge_weight,1892,1,0.19718603439291296,0.8029181865554976
directed_cross_project_edge_weight,1893,1,0.1972902553413236,0.8028139656070871
directed_cross_project_edge_weight,1894,1,0.19739447628973425,0.8027097446586764
directed_cross_project_edge_weight,1895,1,0.19749869723814487,0.8026055237102657
directed_cross_project_edge_weight,1896,1,0.1976029181865555,0.8025013027618552
directed_cross_project_edge_weight,1897,1,0.19770713913496613,0.8023970818134445
directed_cross_project_edge_weight,1898,1,0.19781136008337677,0.8022928608650338
directed_cross_project_edge_weight,1899,1,0.19791558103178739,0.8021886399166233
directed_cross_project_edge_weight,1900,1,0.19801980198019803,0.8020844189682126
directed_cross_project_edge_weight,1901,1,0.19812402292860865,0.801980198019802
directed_cross_project_edge_weight,1902,1,0.1982282438770193,0.8018759770713914
directed_cross_project_edge_weight,1903,1,0.1983324648254299,0.8017717561229807
directed_cross_project_edge_weight,1904,1,0.19843668577384055,0.8016675351745701
directed_cross_project_edge_weight,1905,1,0.19854090672225116,0.8015633142261595
directed_cross_project_edge_weight,1906,1,0.1986451276706618,0.8014590932777488
directed_cross_project_edge_weight,1907,1,0.19874934861907242,0.8013548723293382
directed_cross_project_edge_weight,1908,1,0.19885356956748307,0.8012506513809275
directed_cross_project_edge_weight,1909,1,0.19895779051589368,0.801146430432517
directed_cross_project_edge_weight,1910,1,0.19906201146430433,0.8010422094841063
directed_cross_project_edge_weight,1911,1,0.19916623241271494,0.8009379885356956
directed_cross_project_edge_weight,1912,1,0.1992704533611256,0.8008337675872851
directed_cross_project_edge_weight,1913,1,0.1993746743095362,0.8007295466388744
directed_cross_project_edge_weight,1914,1,0.19947889525794685,0.8006253256904637
directed_cross_project_edge_weight,1915,1,0.1995831162063575,0.8005211047420532
directed_cross_project_edge_weight,1916,1,0.1996873371547681,0.8004168837936425
directed_cross_project_edge_weight,1917,1,0.19979155810317875,0.8003126628452318
directed_cross_project_edge_weight,1918,1,0.19989577905158937,0.8002084418968213
directed_cross_project_edge_weight,1919,1,0.2,0.8001042209484106
directed_cross_project_edge_weight,1920,1,0.20010422094841063,0.8
directed_cross_project_edge_weight,1921,1,0.20020844189682127,0.7998957790515894
directed_cross_project_edge_weight,1922,1,0.2003126628452319,0.7997915581031787
directed_cross_project_edge_weight,1923,1,0.20041688379364253,0.7996873371547681
directed_cross_project_edge_weight,1924,1,0.20052110474205315,0.7995831162063575
directed_cross_project_edge_weight,1925,1,0.2006253256904638,0.7994788952579468
directed_cross_project_edge_weight,1926,1,0.2007295466388744,0.7993746743095362
directed_cross_project_edge_weight,1927,1,0.20083376758728505,0.7992704533611256
directed_cross_project_edge_weight,1928,1,0.20093798853569567,0.799166232412715
directed_cross_project_edge_weight,1929,1,0.2010422094841063,0.7990620114643043
directed_cross_project_edge_weight,1930,1,0.20114643043251693,0.7989577905158937
directed_cross_project_edge_weight,1931,1,0.20125065138092757,0.7988535695674831
directed_cross_project_edge_weight,1932,1,0.20135487232933819,0.7987493486190724
directed_cross_project_edge_weight,1933,1,0.20145909327774883,0.7986451276706618
directed_cross_project_edge_weight,1934,1,0.20156331422615945,0.7985409067222512
directed_cross_project_edge_weight,1935,1,0.2016675351745701,0.7984366857738405
directed_cross_project_edge_weight,1936,1,0.2017717561229807,0.79833246482543
directed_cross_project_edge_weight,1937,1,0.20187597707139135,0.7982282438770193
directed_cross_project_edge_weight,1938,1,0.201980198019802,0.7981240229286086
directed_cross_project_edge_weight,1939,1,0.2020844189682126,0.7980198019801981
directed_cross_project_edge_weight,1940,1,0.20218863991662325,0.7979155810317874
directed_cross_project_edge_weight,1941,1,0.20229286086503387,0.7978113600833767
directed_cross_project_edge_weight,1942,1,0.2023970818134445,0.7977071391349662
directed_cross_project_edge_weight,1943,1,0.20250130276185513,0.7976029181865555
directed_cross_project_edge_weight,1944,1,0.20260552371026577,0.7974986972381448
directed_cross_project_edge_weight,1945,1,0.2027097446586764,0.7973944762897343
directed_cross_project_edge_weight,1946,1,0.20281396560708703,0.7972902553413236
directed_cross_project_edge_weight,1947,1,0.20291818655549765,0.797186034392913
directed_cross_project_edge_weight,1948,1,0.2030224075039083,0.7970818134445024
directed_cross_project_edge_weight,1949,1,0.2031266284523189,0.7969775924960917
directed_cross_project_edge_weight,1950,1,0.20323084940072955,0.7968733715476811
directed_cross_project_edge_weight,1951,1,0.20333507034914017,0.7967691505992704
directed_cross_project_edge_weight,1952,1,0.2034392912975508,0.7966649296508598
directed_cross_project_edge_weight,1953,1,0.20354351224596143,0.7965607087024492
directed_cross_project_edge_weight,1954,1,0.20364773319437207,0.7964564877540385
directed_cross_project_edge_weight,1955,1,0.2037519541427827,0.796352266805628
directed_cross_project_edge_weight,1956,1,0.20385617509119333,0.7962480458572173
directed_cross_project_edge_weight,1957,1,0.20396039603960395,0.7961438249088066
directed_cross_project_edge_weight,1958,1,0.2040646169880146,0.7960396039603961
directed_cross_project_edge_weight,1959,1,0.20416883793642523,0.7959353830119854
directed_cross_project_edge_weight,1960,1,0.20427305888483585,0.7958311620635747
directed_cross_project_edge_weight,1961,1,0.2043772798332465,0.7957269411151642
directed_cross_project_edge_weight,1962,1,0.2044815007816571,0.7956227201667535
directed_cross_project_edge_weight,1963,1,0.20458572173006775,0.7955184992183428
directed_cross_project_edge_weight,1964,1,0.20468994267847837,0.7954142782699323
directed_cross_project_edge_weight,1965,1,0.20479416362688901,0.7953100573215216
directed_cross_project_edge_weight,1966,1,0.20489838457529963,0.795205836373111
directed_cross_project_edge_weight,1967,1,0.20500260552371027,0.7951016154247004
directed_cross_project_edge_weight,1968,1,0.2051068264721209,0.7949973944762897
directed_cross_project_edge_weight,1969,1,0.20521104742053153,0.7948931735278791
directed_cross_project_edge_weight,1970,1,0.20531526836894215,0.7947889525794685
directed_cross_project_edge_weight,1971,1,0.2054194893173528,0.7946847316310578
directed_cross_project_edge_weight,1972,1,0.2055237102657634,0.7945805106826472
directed_cross_project_edge_weight,1973,1,0.20562793121417405,0.7944762897342366
directed_cross_project_edge_weight,1974,1,0.20573215216258467,0.794372068785826
directed_cross_project_edge_weight,1975,1,0.2058363731109953,0.7942678478374153
directed_cross_project_edge_weight,1976,1,0.20594059405940593,0.7941636268890047
directed_cross_project_edge_weight,1977,1,0.20604481500781657,0.7940594059405941
directed_cross_project_edge_weight,1978,1,0.2061490359562272,0.7939551849921834
directed_cross_project_edge_weight,1979,1,0.20625325690463783,0.7938509640437728
directed_cross_project_edge_weight,1980,1,0.20635747785304848,0.7937467430953622
directed_cross_project_edge_weight,1981,1,0.2064616988014591,0.7936425221469515
directed_cross_project_edge_weight,1982,1,0.20656591974986974,0.7935383011985409
directed_cross_project_edge_weight,1983,1,0.20667014069828035,0.7934340802501303
directed_cross_project_edge_weight,1984,1,0.206774361646691,0.7933298593017196
directed_cross_project_edge_weight,1985,1,0.2068785825951016,0.7932256383533091
directed_cross_project_edge_weight,1986,1,0.20698280354351226,0.7931214174048984
directed_cross_project_edge_weight,1987,1,0.20708702449192287,0.7930171964564877
directed_cross_project_edge_weight,1988,1,0.20719124544033352,0.7929129755080772
directed_cross_project_edge_weight,1989,1,0.20729546638874413,0.7928087545596665
directed_cross_project_edge_weight,1990,1,0.20739968733715478,0.7927045336112558
directed_cross_project_edge_weight,1991,1,0.2075039082855654,0.7926003126628453
directed_cross_project_edge_weight,1992,1,0.20760812923397604,0.7924960917144346
directed_cross_project_edge_weight,1993,1,0.20771235018238665,0.792391870766024
directed_cross_project_edge_weight,1994,1,0.2078165711307973,0.7922876498176133
directed_cross_project_edge_weight,1995,1,0.2079207920792079,0.7921834288692027
directed_cross_project_edge_weight,1996,1,0.20802501302761855,0.7920792079207921
directed_cross_project_edge_weight,1997,1,0.20812923397602917,0.7919749869723814
directed_cross_project_edge_weight,1998,1,0.20823345492443981,0.7918707660239708
directed_cross_project_edge_weight,1999,1,0.20833767587285043,0.7917665450755602
directed_cross_project_edge_weight,2000,1,0.20844189682126107,0.7916623241271495
directed_cross_project_edge_weight,2001,1,0.2085461177696717,0.791558103178739
directed_cross_project_edge_weight,2002,1,0.20865033871808233,0.7914538822303283
directed_cross_project_edge_weight,2003,1,0.20875455966649298,0.7913496612819176
directed_cross_project_edge_weight,2004,1,0.2088587806149036,0.7912454403335071
directed_cross_project_edge_weight,2005,1,0.20896300156331424,0.7911412193850964
directed_cross_project_edge_weight,2006,1,0.20906722251172485,0.7910369984366857
directed_cross_project_edge_weight,2007,1,0.2091714434601355,0.7909327774882752
directed_cross_project_edge_weight,2008,1,0.2092756644085461,0.7908285565398645
directed_cross_project_edge_weight,2009,1,0.20937988535695676,0.7907243355914538
directed_cross_project_edge_weight,2010,1,0.20948410630536737,0.7906201146430433
directed_cross_project_edge_weight,2011,1,0.20958832725377802,0.7905158936946326
directed_cross_project_edge_weight,2012,1,0.20969254820218863,0.790411672746222
directed_cross_project_edge_weight,2013,1,0.20979676915059928,0.7903074517978114
directed_cross_project_edge_weight,2014,1,0.2099009900990099,0.7902032308494007
directed_cross_project_edge_weight,2015,1,0.21000521104742054,0.7900990099009901
directed_cross_project_edge_weight,2016,1,0.21010943199583115,0.7899947889525795
directed_cross_project_edge_weight,2017,1,0.2102136529442418,0.7898905680041688
directed_cross_project_edge_weight,2018,1,0.2103178738926524,0.7897863470557582
directed_cross_project_edge_weight,2019,1,0.21042209484106306,0.7896821261073476
directed_cross_project_edge_weight,2020,1,0.21052631578947367,0.789577905158937
directed_cross_project_edge_weight,2021,1,0.21063053673788432,0.7894736842105263
directed_cross_project_edge_weight,2022,1,0.21073475768629493,0.7893694632621157
directed_cross_project_edge_weight,2023,1,0.21083897863470558,0.7892652423137051
directed_cross_project_edge_weight,2024,1,0.21094319958311622,0.7891610213652944
directed_cross_project_edge_weight,2025,1,0.21104742053152684,0.7890568004168838
directed_cross_project_edge_weight,2026,1,0.21115164147993748,0.7889525794684732
directed_cross_project_edge_weight,2027,1,0.2112558624283481,0.7888483585200625
directed_cross_project_edge_weight,2028,1,0.21136008337675874,0.7887441375716518
directed_cross_project_edge_weight,2029,1,0.21146430432516936,0.7886399166232413
directed_cross_project_edge_weight,2030,1,0.21156852527358,0.7885356956748306
directed_cross_project_edge_weight,2031,1,0.21167274622199062,0.7884314747264201
directed_cross_project_edge_weight,2032,1,0.21177696717040126,0.7883272537780094
directed_cross_project_edge_weight,2033,1,0.21188118811881188,0.7882230328295987
directed_cross_project_edge_weight,2034,1,0.21198540906722252,0.7881188118811882
directed_cross_project_edge_weight,2035,1,0.21208963001563313,0.7880145909327775
directed_cross_project_edge_weight,2036,1,0.21219385096404378,0.7879103699843668
directed_cross_project_edge_weight,2037,1,0.2122980719124544,0.7878061490359562
directed_cross_project_edge_weight,2038,1,0.21240229286086504,0.7877019280875456
directed_cross_project_edge_weight,2039,1,0.21250651380927565,0.787597707139135
directed_cross_project_edge_weight,2040,1,0.2126107347576863,0.7874934861907243
directed_cross_project_edge_weight,2041,1,0.21271495570609691,0.7873892652423137
directed_cross_project_edge_weight,2042,1,0.21281917665450756,0.7872850442939031
directed_cross_project_edge_weight,2043,1,0.21292339760291817,0.7871808233454924
directed_cross_project_edge_weight,2044,1,0.21302761855132882,0.7870766023970818
directed_cross_project_edge_weight,2045,1,0.21313183949973943,0.7869723814486712
directed_cross_project_edge_weight,2046,1,0.21323606044815008,0.7868681605002605
directed_cross_project_edge_weight,2047,1,0.21334028139656072,0.7867639395518499
directed_cross_project_edge_weight,2048,1,0.21344450234497134,0.7866597186034393
directed_cross_project_edge_weight,2049,1,0.21354872329338198,0.7865554976550286
directed_cross_project_edge_weight,2050,1,0.2136529442417926,0.7864512767066181
directed_cross_project_edge_weight,2051,1,0.21375716519020324,0.7863470557582074
directed_cross_project_edge_weight,2052,1,0.21386138613861386,0.7862428348097967
directed_cross_project_edge_weight,2053,1,0.2139656070870245,0.7861386138613862
directed_cross_project_edge_weight,2054,1,0.21406982803543512,0.7860343929129755
directed_cross_project_edge_weight,2055,1,0.21417404898384576,0.7859301719645648
directed_cross_project_edge_weight,2056,1,0.21427826993225638,0.7858259510161543
directed_cross_project_edge_weight,2057,1,0.21438249088066702,0.7857217300677436
directed_cross_project_edge_weight,2058,1,0.21448671182907764,0.785617509119333
directed_cross_project_edge_weight,2059,1,0.21459093277748828,0.7855132881709224
directed_cross_project_edge_weight,2060,1,0.2146951537258989,0.7854090672225117
directed_cross_project_edge_weight,2061,1,0.21479937467430954,0.7853048462741011
directed_cross_project_edge_weight,2062,1,0.21490359562272016,0.7852006253256905
directed_cross_project_edge_weight,2063,1,0.2150078165711308,0.7850964043772798
directed_cross_project_edge_weight,2064,1,0.21511203751954142,0.7849921834288692
directed_cross_project_edge_weight,2065,1,0.21521625846795206,0.7848879624804586
directed_cross_project_edge_weight,2066,1,0.21532047941636268,0.784783741532048
directed_cross_project_edge_weight,2067,1,0.21542470036477332,0.7846795205836373
directed_cross_project_edge_weight,2068,1,0.21552892131318396,0.7845752996352267
directed_cross_project_edge_weight,2069,1,0.21563314226159458,0.7844710786868161
directed_cross_project_edge_weight,2070,1,0.21573736321000522,0.7843668577384054
directed_cross_project_edge_weight,2071,1,0.21584158415841584,0.7842626367899947
directed_cross_project_edge_weight,2072,1,0.21594580510682648,0.7841584158415842
directed_cross_project_edge_weight,2073,1,0.2160500260552371,0.7840541948931735
directed_cross_project_edge_weight,2074,1,0.21615424700364774,0.7839499739447628
directed_cross_project_edge_weight,2075,1,0.21625846795205836,0.7838457529963523
directed_cross_project_edge_weight,2076,1,0.216362688900469,0.7837415320479416
directed_cross_project_edge_weight,2077,1,0.21646690984887962,0.783637311099531
directed_cross_project_edge_weight,2078,1,0.21657113079729026,0.7835330901511204
directed_cross_project_edge_weight,2079,1,0.21667535174570088,0.7834288692027097
directed_cross_project_edge_weight,2080,1,0.21677957269411152,0.7833246482542991
directed_cross_project_edge_weight,2081,1,0.21688379364252214,0.7832204273058885
directed_cross_project_edge_weight,2082,1,0.21698801459093278,0.7831162063574778
directed_cross_project_edge_weight,2083,1,0.2170922355393434,0.7830119854090672
directed_cross_project_edge_weight,2084,1,0.21719645648775404,0.7829077644606566
directed_cross_project_edge_weight,2085,1,0.21730067743616466,0.782803543512246
directed_cross_project_edge_weight,2086,1,0.2174048983845753,0.7826993225638353
directed_cross_project_edge_weight,2087,1,0.21750911933298592,0.7825951016154247
directed_cross_project_edge_weight,2088,1,0.21761334028139656,0.7824908806670141
directed_cross_project_edge_weight,2089,1,0.2177175612298072,0.7823866597186034
directed_cross_project_edge_weight,2090,1,0.21782178217821782,0.7822824387701928
directed_cross_project_edge_weight,2091,1,0.21792600312662846,0.7821782178217822
directed_cross_project_edge_weight,2092,1,0.21803022407503908,0.7820739968733715
directed_cross_project_edge_weight,2093,1,0.21813444502344972,0.7819697759249609
directed_cross_project_edge_weight,2094,1,0.21823866597186034,0.7818655549765503
directed_cross_project_edge_weight,2095,1,0.21834288692027098,0.7817613340281396
directed_cross_project_edge_weight,2096,1,0.2184471078686816,0.7816571130797291
directed_cross_project_edge_weight,2097,1,0.21855132881709224,0.7815528921313184
directed_cross_project_edge_weight,2098,1,0.21865554976550286,0.7814486711829077
directed_cross_project_edge_weight,2099,1,0.2187597707139135,0.7813444502344972
directed_cross_project_edge_weight,2100,1,0.21886399166232412,0.7812402292860865
directed_cross_project_edge_weight,2101,1,0.21896821261073476,0.7811360083376758
directed_cross_project_edge_weight,2102,1,0.21907243355914538,0.7810317873892653
directed_cross_project_edge_weight,2103,1,0.21917665450755602,0.7809275664408546
directed_cross_project_edge_weight,2104,1,0.21928087545596664,0.780823345492444
directed_cross_project_edge_weight,2105,1,0.21938509640437728,0.7807191245440334
directed_cross_project_edge_weight,2106,1,0.2194893173527879,0.7806149035956227
directed_cross_project_edge_weight,2107,1,0.21959353830119854,0.7805106826472121
directed_cross_project_edge_weight,2108,1,0.21969775924960916,0.7804064616988015
directed_cross_project_edge_weight,2109,1,0.2198019801980198,0.7803022407503908
directed_cross_project_edge_weight,2110,1,0.21990620114643042,0.7801980198019802
directed_cross_project_edge_weight,2111,1,0.22001042209484106,0.7800937988535696
directed_cross_project_edge_weight,2112,1,0.2201146430432517,0.7799895779051589
directed_cross_project_edge_weight,2113,1,0.22021886399166232,0.7798853569567483
directed_cross_project_edge_weight,2114,1,0.22032308494007297,0.7797811360083376
directed_cross_project_edge_weight,2115,1,0.22042730588848358,0.7796769150599271
directed_cross_project_edge_weight,2116,1,0.22053152683689423,0.7795726941115164
directed_cross_project_edge_weight,2117,1,0.22063574778530484,0.7794684731631057
directed_cross_project_edge_weight,2118,1,0.22073996873371549,0.7793642522146952
directed_cross_project_edge_weight,2119,1,0.2208441896821261,0.7792600312662845
directed_cross_project_edge_weight,2120,1,0.22094841063053675,0.7791558103178738
directed_cross_project_edge_weight,2121,1,0.22105263157894736,0.7790515893694633
directed_cross_project_edge_weight,2122,1,0.221156852527358,0.7789473684210526
directed_cross_project_edge_weight,2123,1,0.22126107347576862,0.778843147472642
directed_cross_project_edge_weight,2124,1,0.22136529442417927,0.7787389265242314
directed_cross_project_edge_weight,2125,1,0.22146951537258988,0.7786347055758207
directed_cross_project_edge_weight,2126,1,0.22157373632100053,0.7785304846274101
directed_cross_project_edge_weight,2127,1,0.22167795726941114,0.7784262636789995
directed_cross_project_edge_weight,2128,1,0.22178217821782178,0.7783220427305888
directed_cross_project_edge_weight,2129,1,0.2218863991662324,0.7782178217821782
directed_cross_project_edge_weight,2130,1,0.22199062011464304,0.7781136008337676
directed_cross_project_edge_weight,2131,1,0.22209484106305366,0.778009379885357
directed_cross_project_edge_weight,2132,1,0.2221990620114643,0.7779051589369463
directed_cross_project_edge_weight,2133,1,0.22230328295987495,0.7778009379885357
directed_cross_project_edge_weight,2134,1,0.22240750390828556,0.7776967170401251
directed_cross_project_edge_weight,2135,1,0.2225117248566962,0.7775924960917144
directed_cross_project_edge_weight,2136,1,0.22261594580510682,0.7774882751433038
directed_cross_project_edge_weight,2137,1,0.22272016675351747,0.7773840541948932
directed_cross_project_edge_weight,2138,1,0.22282438770192808,0.7772798332464825
directed_cross_project_edge_weight,2139,1,0.22292860865033873,0.7771756122980719
directed_cross_project_edge_weight,2140,1,0.22303282959874934,0.7770713913496613
directed_cross_project_edge_weight,2141,1,0.22313705054716,0.7769671704012506
directed_cross_project_edge_weight,2142,1,0.2232412714955706,0.7768629494528401
directed_cross_project_edge_weight,2143,1,0.22334549244398125,0.7767587285044294
directed_cross_project_edge_weight,2144,1,0.22344971339239186,0.7766545075560187
directed_cross_project_edge_weight,2145,1,0.2235539343408025,0.7765502866076082
directed_cross_project_edge_weight,2146,1,0.22365815528921312,0.7764460656591975
directed_cross_project_edge_weight,2147,1,0.22376237623762377,0.7763418447107868
directed_cross_project_edge_weight,2148,1,0.22386659718603438,0.7762376237623763
directed_cross_project_edge_weight,2149,1,0.22397081813444503,0.7761334028139656
directed_cross_project_edge_weight,2150,1,0.22407503908285564,0.776029181865555
directed_cross_project_edge_weight,2151,1,0.2241792600312663,0.7759249609171444
directed_cross_project_edge_weight,2152,1,0.2242834809796769,0.7758207399687337
directed_cross_project_edge_weight,2153,1,0.22438770192808755,0.7757165190203231
directed_cross_project_edge_weight,2154,1,0.2244919228764982,0.7756122980719125
directed_cross_project_edge_weight,2155,1,0.2245961438249088,0.7755080771235018
directed_cross_project_edge_weight,2156,1,0.22470036477331945,0.7754038561750912
directed_cross_project_edge_weight,2157,1,0.22480458572173007,0.7752996352266806
directed_cross_project_edge_weight,2158,1,0.2249088066701407,0.7751954142782699
directed_cross_project_edge_weight,2159,1,0.22501302761855133,0.7750911933298593
directed_cross_project_edge_weight,2160,1,0.22511724856696197,0.7749869723814486
directed_cross_project_edge_weight,2161,1,0.22522146951537259,0.7748827514330381
directed_cross_project_edge_weight,2162,1,0.22532569046378323,0.7747785304846274
directed_cross_project_edge_weight,2163,1,0.22542991141219385,0.7746743095362167
directed_cross_project_edge_weight,2164,1,0.2255341323606045,0.7745700885878062
directed_cross_project_edge_weight,2165,1,0.2256383533090151,0.7744658676393955
directed_cross_project_edge_weight,2166,1,0.22574257425742575,0.7743616466909848
directed_cross_project_edge_weight,2167,1,0.22584679520583636,0.7742574257425743
directed_cross_project_edge_weight,2168,1,0.225951016154247,0.7741532047941636
directed_cross_project_edge_weight,2169,1,0.22605523710265762,0.774048983845753
directed_cross_project_edge_weight,2170,1,0.22615945805106827,0.7739447628973424
directed_cross_project_edge_weight,2171,1,0.22626367899947888,0.7738405419489317
directed_cross_project_edge_weight,2172,1,0.22636789994788953,0.7737363210005211
directed_cross_project_edge_weight,2173,1,0.22647212089630014,0.7736321000521105
directed_cross_project_edge_weight,2174,1,0.2265763418447108,0.7735278791036998
directed_cross_project_edge_weight,2175,1,0.2266805627931214,0.7734236581552892
directed_cross_project_edge_weight,2176,1,0.22678478374153205,0.7733194372068786
directed_cross_project_edge_weight,2177,1,0.2268890046899427,0.7732152162584679
directed_cross_project_edge_weight,2178,1,0.2269932256383533,0.7731109953100573
directed_cross_project_edge_weight,2179,1,0.22709744658676395,0.7730067743616467
directed_cross_project_edge_weight,2180,1,0.22720166753517457,0.7729025534132361
directed_cross_project_edge_weight,2181,1,0.2273058884835852,0.7727983324648254
directed_cross_project_edge_weight,2182,1,0.22741010943199583,0.7726941115164148
directed_cross_project_edge_weight,2183,1,0.22751433038040647,0.7725898905680042
directed_cross_project_edge_weight,2184,1,0.2276185513288171,0.7724856696195935
directed_cross_project_edge_weight,2185,1,0.22772277227722773,0.7723814486711829
directed_cross_project_edge_weight,2186,1,0.22782699322563835,0.7722772277227723
directed_cross_project_edge_weight,2187,1,0.227931214174049,0.7721730067743616
directed_cross_project_edge_weight,2188,1,0.2280354351224596,0.7720687858259511
directed_cross_project_edge_weight,2189,1,0.22813965607087025,0.7719645648775404
directed_cross_project_edge_weight,2190,1,0.22824387701928087,0.7718603439291297
directed_cross_project_edge_weight,2191,1,0.2283480979676915,0.7717561229807192
directed_cross_project_edge_weight,2192,1,0.22845231891610213,0.7716519020323085
directed_cross_project_edge_weight,2193,1,0.22855653986451277,0.7715476810838978
directed_cross_project_edge_weight,2194,1,0.22866076081292339,0.7714434601354873
directed_cross_project_edge_weight,2195,1,0.22876498176133403,0.7713392391870766
directed_cross_project_edge_weight,2196,1,0.22886920270974465,0.771235018238666
directed_cross_project_edge_weight,2197,1,0.2289734236581553,0.7711307972902554
directed_cross_project_edge_weight,2198,1,0.22907764460656593,0.7710265763418447
directed_cross_project_edge_weight,2199,1,0.22918186555497655,0.7709223553934341
directed_cross_project_edge_weight,2200,1,0.2292860865033872,0.7708181344450235
directed_cross_project_edge_weight,2201,1,0.2293903074517978,0.7707139134966128
directed_cross_project_edge_weight,2202,1,0.22949452840020845,0.7706096925482022
directed_cross_project_edge_weight,2203,1,0.22959874934861907,0.7705054715997915
directed_cross_project_edge_weight,2204,1,0.2297029702970297,0.7704012506513809
directed_cross_project_edge_weight,2205,1,0.22980719124544033,0.7702970297029703
directed_cross_project_edge_weight,2206,1,0.22991141219385097,0.7701928087545596
directed_cross_project_edge_weight,2207,1,0.2300156331422616,0.7700885878061491
directed_cross_project_edge_weight,2208,1,0.23011985409067223,0.7699843668577384
directed_cross_project_edge_weight,2209,1,0.23022407503908285,0.7698801459093277
directed_cross_project_edge_weight,2210,1,0.2303282959874935,0.7697759249609172
directed_cross_project_edge_weight,2211,1,0.2304325169359041,0.7696717040125065
directed_cross_project_edge_weight,2212,1,0.23053673788431475,0.7695674830640958
directed_cross_project_edge_weight,2213,1,0.23064095883272537,0.7694632621156853
directed_cross_project_edge_weight,2214,1,0.230745179781136,0.7693590411672746
directed_cross_project_edge_weight,2215,1,0.23084940072954663,0.769254820218864
directed_cross_project_edge_weight,2216,1,0.23095362167795727,0.7691505992704534
directed_cross_project_edge_weight,2217,1,0.2310578426263679,0.7690463783220427
directed_cross_project_edge_weight,2218,1,0.23116206357477853,0.7689421573736321
directed_cross_project_edge_weight,2219,1,0.23126628452318915,0.7688379364252215
directed_cross_project_edge_weight,2220,1,0.2313705054715998,0.7687337154768108
directed_cross_project_edge_weight,2221,1,0.23147472642001043,0.7686294945284002
directed_cross_project_edge_weight,2222,1,0.23157894736842105,0.7685252735799896
directed_cross_project_edge_weight,2223,1,0.2316831683168317,0.7684210526315789
directed_cross_project_edge_weight,2224,1,0.2317873892652423,0.7683168316831683
directed_cross_project_edge_weight,2225,1,0.23189161021365295,0.7682126107347577
directed_cross_project_edge_weight,2226,1,0.23199583116206357,0.7681083897863471
directed_cross_project_edge_weight,2227,1,0.23210005211047421,0.7680041688379364
directed_cross_project_edge_weight,2228,1,0.23220427305888483,0.7678999478895258
directed_cross_project_edge_weight,2229,1,0.23230849400729547,0.7677957269411152
directed_cross_project_edge_weight,2230,1,0.2324127149557061,0.7676915059927045
directed_cross_project_edge_weight,2231,1,0.23251693590411673,0.7675872850442939
directed_cross_project_edge_weight,2232,1,0.23262115685252735,0.7674830640958833
directed_cross_project_edge_weight,2233,1,0.232725377800938,0.7673788431474726
directed_cross_project_edge_weight,2234,1,0.2328295987493486,0.7672746221990621
directed_cross_project_edge_weight,2235,1,0.23293381969775925,0.7671704012506514
directed_cross_project_edge_weight,2236,1,0.23303804064616987,0.7670661803022407
directed_cross_project_edge_weight,2237,1,0.2331422615945805,0.7669619593538302
directed_cross_project_edge_weight,2238,1,0.23324648254299113,0.7668577384054195
directed_cross_project_edge_weight,2239,1,0.23335070349140177,0.7667535174570088
directed_cross_project_edge_weight,2240,1,0.2334549244398124,0.7666492965085983
directed_cross_project_edge_weight,2241,1,0.23355914538822303,0.7665450755601876
directed_cross_project_edge_weight,2242,1,0.23366336633663368,0.766440854611777
directed_cross_project_edge_weight,2243,1,0.2337675872850443,0.7663366336633664
directed_cross_project_edge_weight,2244,1,0.23387180823345494,0.7662324127149557
directed_cross_project_edge_weight,2245,1,0.23397602918186555,0.7661281917665451
directed_cross_project_edge_weight,2246,1,0.2340802501302762,0.7660239708181344
directed_cross_project_edge_weight,2247,1,0.2341844710786868,0.7659197498697238
directed_cross_project_edge_weight,2248,1,0.23428869202709746,0.7658155289213132
directed_cross_project_edge_weight,2249,1,0.23439291297550807,0.7657113079729025
directed_cross_project_edge_weight,2250,1,0.23449713392391872,0.7656070870244919
directed_cross_project_edge_weight,2251,1,0.23460135487232933,0.7655028660760813
directed_cross_project_edge_weight,2252,1,0.23470557582073998,0.7653986451276706
directed_cross_project_edge_weight,2253,1,0.2348097967691506,0.7652944241792601
directed_cross_project_edge_weight,2254,1,0.23491401771756124,0.7651902032308494
directed_cross_project_edge_weight,2255,1,0.23501823866597185,0.7650859822824387
directed_cross_project_edge_weight,2256,1,0.2351224596143825,0.7649817613340282
directed_cross_project_edge_weight,2257,1,0.2352266805627931,0.7648775403856175
directed_cross_project_edge_weight,2258,1,0.23533090151120375,0.7647733194372068
directed_cross_project_edge_weight,2259,1,0.23543512245961437,0.7646690984887963
directed_cross_project_edge_weight,2260,1,0.23553934340802501,0.7645648775403856
directed_cross_project_edge_weight,2261,1,0.23564356435643563,0.764460656591975
directed_cross_project_edge_weight,2262,1,0.23574778530484627,0.7643564356435644
directed_cross_project_edge_weight,2263,1,0.23585200625325692,0.7642522146951537
directed_cross_project_edge_weight,2264,1,0.23595622720166753,0.7641479937467431
directed_cross_project_edge_weight,2265,1,0.23606044815007818,0.7640437727983325
directed_cross_project_edge_weight,2266,1,0.2361646690984888,0.7639395518499218
directed_cross_project_edge_weight,2267,1,0.23626889004689944,0.7638353309015112
directed_cross_project_edge_weight,2268,1,0.23637311099531005,0.7637311099531006
directed_cross_project_edge_weight,2269,1,0.2364773319437207,0.7636268890046899
directed_cross_project_edge_weight,2270,1,0.2365815528921313,0.7635226680562793
directed_cross_project_edge_weight,2271,1,0.23668577384054196,0.7634184471078687
directed_cross_project_edge_weight,2272,1,0.23678999478895257,0.7633142261594581
directed_cross_project_edge_weight,2273,1,0.23689421573736322,0.7632100052110474
directed_cross_project_edge_weight,2274,1,0.23699843668577383,0.7631057842626368
directed_cross_project_edge_weight,2275,1,0.23710265763418448,0.7630015633142262
directed_cross_project_edge_weight,2276,1,0.2372068785825951,0.7628973423658155
directed_cross_project_edge_weight,2277,1,0.23731109953100574,0.7627931214174049
directed_cross_project_edge_weight,2278,1,0.23741532047941635,0.7626889004689943
directed_cross_project_edge_weight,2279,1,0.237519541427827,0.7625846795205836
directed_cross_project_edge_weight,2280,1,0.2376237623762376,0.7624804585721731
directed_cross_project_edge_weight,2281,1,0.23772798332464826,0.7623762376237624
directed_cross_project_edge_weight,2282,1,0.23783220427305887,0.7622720166753517
directed_cross_project_edge_weight,2283,1,0.23793642522146952,0.7621677957269412
directed_cross_project_edge_weight,2284,1,0.23804064616988013,0.7620635747785305
directed_cross_project_edge_weight,2285,1,0.23814486711829078,0.7619593538301198
directed_cross_project_edge_weight,2286,1,0.23824908806670142,0.7618551328817093
directed_cross_project_edge_weight,2287,1,0.23835330901511204,0.7617509119332986
directed_cross_project_edge_weight,2288,1,0.23845752996352268,0.7616466909848879
directed_cross_project_edge_weight,2289,1,0.2385617509119333,0.7615424700364773
directed_cross_project_edge_weight,2290,1,0.23866597186034394,0.7614382490880667
directed_cross_project_edge_weight,2291,1,0.23877019280875456,0.7613340281396561
directed_cross_project_edge_weight,2292,1,0.2388744137571652,0.7612298071912454
directed_cross_project_edge_weight,2293,1,0.23897863470557582,0.7611255862428348
directed_cross_project_edge_weight,2294,1,0.23908285565398646,0.7610213652944242
directed_cross_project_edge_weight,2295,1,0.23918707660239708,0.7609171443460135
directed_cross_project_edge_weight,2296,1,0.23929129755080772,0.7608129233976029
directed_cross_project_edge_weight,2297,1,0.23939551849921833,0.7607087024491923
directed_cross_project_edge_weight,2298,1,0.23949973944762898,0.7606044815007816
directed_cross_project_edge_weight,2299,1,0.2396039603960396,0.7605002605523711
directed_cross_project_edge_weight,2300,1,0.23970818134445024,0.7603960396039604
directed_cross_project_edge_weight,2301,1,0.23981240229286085,0.7602918186555497
directed_cross_project_edge_weight,2302,1,0.2399166232412715,0.7601875977071392
directed_cross_project_edge_weight,2303,1,0.24002084418968211,0.7600833767587285
directed_cross_project_edge_weight,2304,1,0.24012506513809276,0.7599791558103178
directed_cross_project_edge_weight,2305,1,0.24022928608650337,0.7598749348619073
directed_cross_project_edge_weight,2306,1,0.24033350703491402,0.7597707139134966
directed_cross_project_edge_weight,2307,1,0.24043772798332466,0.759666492965086
directed_cross_project_edge_weight,2308,1,0.24054194893173528,0.7595622720166754
directed_cross_project_edge_weight,2309,1,0.24064616988014592,0.7594580510682647
directed_cross_project_edge_weight,2310,1,0.24075039082855654,0.7593538301198541
directed_cross_project_edge_weight,2311,1,0.24085461177696718,0.7592496091714435
directed_cross_project_edge_weight,2312,1,0.2409588327253778,0.7591453882230328
directed_cross_project_edge_weight,2313,1,0.24106305367378844,0.7590411672746222
directed_cross_project_edge_weight,2314,1,0.24116727462219906,0.7589369463262116
directed_cross_project_edge_weight,2315,1,0.2412714955706097,0.7588327253778009
directed_cross_project_edge_weight,2316,1,0.24137571651902032,0.7587285044293903
directed_cross_project_edge_weight,2317,1,0.24147993746743096,0.7586242834809797
directed_cross_project_edge_weight,2318,1,0.24158415841584158,0.7585200625325691
directed_cross_project_edge_weight,2319,1,0.24168837936425222,0.7584158415841584
directed_cross_project_edge_weight,2320,1,0.24179260031266284,0.7583116206357478
directed_cross_project_edge_weight,2321,1,0.24189682126107348,0.7582073996873372
directed_cross_project_edge_weight,2322,1,0.2420010422094841,0.7581031787389265
directed_cross_project_edge_weight,2323,1,0.24210526315789474,0.7579989577905158
directed_cross_project_edge_weight,2324,1,0.24220948410630536,0.7578947368421053
directed_cross_project_edge_weight,2325,1,0.242313705054716,0.7577905158936946
directed_cross_project_edge_weight,2326,1,0.24241792600312662,0.7576862949452841
directed_cross_project_edge_weight,2327,1,0.24252214695153726,0.7575820739968734
directed_cross_project_edge_weight,2328,1,0.24262636789994788,0.7574778530484627
directed_cross_project_edge_weight,2329,1,0.24273058884835852,0.7573736321000522
directed_cross_project_edge_weight,2330,1,0.24283480979676916,0.7572694111516415
directed_cross_project_edge_weight,2331,1,0.24293903074517978,0.7571651902032308
directed_cross_project_edge_weight,2332,1,0.24304325169359042,0.7570609692548202
directed_cross_project_edge_weight,2333,1,0.24314747264200104,0.7569567483064096
directed_cross_project_edge_weight,2334,1,0.24325169359041168,0.7568525273579989
directed_cross_project_edge_weight,2335,1,0.2433559145388223,0.7567483064095883
directed_cross_project_edge_weight,2336,1,0.24346013548723294,0.7566440854611777
directed_cross_project_edge_weight,2337,1,0.24356435643564356,0.7565398645127671
directed_cross_project_edge_weight,2338,1,0.2436685773840542,0.7564356435643564
directed_cross_project_edge_weight,2339,1,0.24377279833246482,0.7563314226159458
directed_cross_project_edge_weight,2340,1,0.24387701928087546,0.7562272016675352
directed_cross_project_edge_weight,2341,1,0.24398124022928608,0.7561229807191245
directed_cross_project_edge_weight,2342,1,0.24408546117769672,0.7560187597707139
directed_cross_project_edge_weight,2343,1,0.24418968212610734,0.7559145388223033
directed_cross_project_edge_weight,2344,1,0.24429390307451798,0.7558103178738926
directed_cross_project_edge_weight,2345,1,0.2443981240229286,0.7557060969254821
directed_cross_project_edge_weight,2346,1,0.24450234497133924,0.7556018759770714
directed_cross_project_edge_weight,2347,1,0.24460656591974986,0.7554976550286607
directed_cross_project_edge_weight,2348,1,0.2447107868681605,0.7553934340802502
directed_cross_project_edge_weight,2349,1,0.24481500781657112,0.7552892131318395
directed_cross_project_edge_weight,2350,1,0.24491922876498176,0.7551849921834288
directed_cross_project_edge_weight,2351,1,0.2450234497133924,0.7550807712350183
directed_cross_project_edge_weight,2352,1,0.24512767066180302,0.7549765502866076
directed_cross_project_edge_weight,2353,1,0.24523189161021366,0.7548723293381969
directed_cross_project_edge_weight,2354,1,0.24533611255862428,0.7547681083897864
directed_cross_project_edge_weight,2355,1,0.24544033350703492,0.7546638874413757
directed_cross_project_edge_weight,2356,1,0.24554455445544554,0.7545596664929651
directed_cross_project_edge_weight,2357,1,0.24564877540385618,0.7544554455445545
directed_cross_project_edge_weight,2358,1,0.2457529963522668,0.7543512245961438
directed_cross_project_edge_weight,2359,1,0.24585721730067744,0.7542470036477332
directed_cross_project_edge_weight,2360,1,0.24596143824908806,0.7541427826993226
directed_cross_project_edge_weight,2361,1,0.2460656591974987,0.7540385617509119
directed_cross_project_edge_weight,2362,1,0.24616988014590932,0.7539343408025013
directed_cross_project_edge_weight,2363,1,0.24627410109431996,0.7538301198540907
directed_cross_project_edge_weight,2364,1,0.24637832204273058,0.7537258989056801
directed_cross_project_edge_weight,2365,1,0.24648254299114122,0.7536216779572694
directed_cross_project_edge_weight,2366,1,0.24658676393955184,0.7535174570088587
directed_cross_project_edge_weight,2367,1,0.24669098488796248,0.7534132360604482
directed_cross_project_edge_weight,2368,1,0.2467952058363731,0.7533090151120375
directed_cross_project_edge_weight,2369,1,0.24689942678478374,0.7532047941636268
directed_cross_project_edge_weight,2370,1,0.24700364773319436,0.7531005732152163
directed_cross_project_edge_weight,2371,1,0.247107868681605,0.7529963522668056
directed_cross_project_edge_weight,2372,1,0.24721208963001565,0.752892131318395
directed_cross_project_edge_weight,2373,1,0.24731631057842626,0.7527879103699844
directed_cross_project_edge_weight,2374,1,0.2474205315268369,0.7526836894215737
directed_cross_project_edge_weight,2375,1,0.24752475247524752,0.7525794684731631
directed_cross_project_edge_weight,2376,1,0.24762897342365817,0.7524752475247525
directed_cross_project_edge_weight,2377,1,0.24773319437206878,0.7523710265763418
directed_cross_project_edge_weight,2378,1,0.24783741532047943,0.7522668056279312
directed_cross_project_edge_weight,2379,1,0.24794163626889004,0.7521625846795206
directed_cross_project_edge_weight,2380,1,0.24804585721730069,0.7520583637311099
directed_cross_project_edge_weight,2381,1,0.2481500781657113,0.7519541427826993
directed_cross_project_edge_weight,2382,1,0.24825429911412195,0.7518499218342887
directed_cross_project_edge_weight,2383,1,0.24835852006253256,0.7517457008858781
directed_cross_project_edge_weight,2384,1,0.2484627410109432,0.7516414799374674
directed_cross_project_edge_weight,2385,1,0.24856696195935382,0.7515372589890568
directed_cross_project_edge_weight,2386,1,0.24867118290776447,0.7514330380406462
directed_cross_project_edge_weight,2387,1,0.24877540385617508,0.7513288170922355
directed_cross_project_edge_weight,2388,1,0.24887962480458573,0.7512245961438249
directed_cross_project_edge_weight,2389,1,0.24898384575299634,0.7511203751954143
directed_cross_project_edge_weight,2390,1,0.24908806670140698,0.7510161542470036
directed_cross_project_edge_weight,2391,1,0.2491922876498176,0.7509119332985931
directed_cross_project_edge_weight,2392,1,0.24929650859822824,0.7508077123501824
directed_cross_project_edge_weight,2393,1,0.24940072954663886,0.7507034914017717
directed_cross_project_edge_weight,2394,1,0.2495049504950495,0.7505992704533612
directed_cross_project_edge_weight,2395,1,0.24960917144346015,0.7504950495049505
directed_cross_project_edge_weight,2396,1,0.24971339239187076,0.7503908285565398
directed_cross_project_edge_weight,2397,1,0.2498176133402814,0.7502866076081293
directed_cross_project_edge_weight,2398,1,0.24992183428869202,0.7501823866597186
directed_cross_project_edge_weight,2399,1,0.25002605523710264,0.7500781657113079
directed_cross_project_edge_weight,2400,1,0.2501302761855133,0.7499739447628974
directed_cross_project_edge_weight,2401,1,0.2502344971339239,0.7498697238144867
directed_cross_project_edge_weight,2402,1,0.25033871808233454,0.7497655028660761
directed_cross_project_edge_weight,2403,1,0.25044293903074516,0.7496612819176655
directed_cross_project_edge_weight,2404,1,0.25054715997915583,0.7495570609692548
directed_cross_project_edge_weight,2405,1,0.25065138092756645,0.7494528400208442
directed_cross_project_edge_weight,2406,1,0.25075560187597706,0.7493486190724336
directed_cross_project_edge_weight,2407,1,0.2508598228243877,0.7492443981240229
directed_cross_project_edge_weight,2408,1,0.25096404377279835,0.7491401771756123
directed_cross_project_edge_weight,2409,1,0.25106826472120897,0.7490359562272016
directed_cross_project_edge_weight,2410,1,0.2511724856696196,0.7489317352787911
directed_cross_project_edge_weight,2411,1,0.2512767066180302,0.7488275143303804
directed_cross_project_edge_weight,2412,1,0.25138092756644087,0.7487232933819697
directed_cross_project_edge_weight,2413,1,0.2514851485148515,0.7486190724335592
directed_cross_project_edge_weight,2414,1,0.2515893694632621,0.7485148514851485
directed_cross_project_edge_weight,2415,1,0.2516935904116727,0.7484106305367378
directed_cross_project_edge_weight,2416,1,0.2517978113600834,0.7483064095883273
directed_cross_project_edge_weight,2417,1,0.251902032308494,0.7482021886399166
directed_cross_project_edge_weight,2418,1,0.2520062532569046,0.7480979676915059
directed_cross_project_edge_weight,2419,1,0.2521104742053153,0.7479937467430954
directed_cross_project_edge_weight,2420,1,0.2522146951537259,0.7478895257946847
directed_cross_project_edge_weight,2421,1,0.2523189161021365,0.7477853048462741
directed_cross_project_edge_weight,2422,1,0.25242313705054714,0.7476810838978635
directed_cross_project_edge_weight,2423,1,0.2525273579989578,0.7475768629494528
directed_cross_project_edge_weight,2424,1,0.25263157894736843,0.7474726420010422
directed_cross_project_edge_weight,2425,1,0.25273579989577905,0.7473684210526316
directed_cross_project_edge_weight,2426,1,0.25284002084418966,0.7472642001042209
directed_cross_project_edge_weight,2427,1,0.25294424179260033,0.7471599791558103
directed_cross_project_edge_weight,2428,1,0.25304846274101095,0.7470557582073997
directed_cross_project_edge_weight,2429,1,0.25315268368942156,0.7469515372589891
directed_cross_project_edge_weight,2430,1,0.2532569046378322,0.7468473163105784
directed_cross_project_edge_weight,2431,1,0.25336112558624285,0.7467430953621678
directed_cross_project_edge_weight,2432,1,0.25346534653465347,0.7466388744137572
directed_cross_project_edge_weight,2433,1,0.2535695674830641,0.7465346534653465
directed_cross_project_edge_weight,2434,1,0.2536737884314747,0.7464304325169359
directed_cross_project_edge_weight,2435,1,0.25377800937988537,0.7463262115685253
directed_cross_project_edge_weight,2436,1,0.253882230328296,0.7462219906201146
directed_cross_project_edge_weight,2437,1,0.2539864512767066,0.7461177696717041
directed_cross_project_edge_weight,2438,1,0.2540906722251173,0.7460135487232934
directed_cross_project_edge_weight,2439,1,0.2541948931735279,0.7459093277748827
directed_cross_project_edge_weight,2440,1,0.2542991141219385,0.7458051068264722
directed_cross_project_edge_weight,2441,1,0.2544033350703491,0.7457008858780615
directed_cross_project_edge_weight,2442,1,0.2545075560187598,0.7455966649296508
directed_cross_project_edge_weight,2443,1,0.2546117769671704,0.7454924439812403
directed_cross_project_edge_weight,2444,1,0.254715997915581,0.7453882230328296
directed_cross_project_edge_weight,2445,1,0.25482021886399164,0.7452840020844189
directed_cross_project_edge_weight,2446,1,0.2549244398124023,0.7451797811360084
directed_cross_project_edge_weight,2447,1,0.25502866076081293,0.7450755601875977
directed_cross_project_edge_weight,2448,1,0.25513288170922355,0.7449713392391871
directed_cross_project_edge_weight,2449,1,0.25523710265763416,0.7448671182907765
directed_cross_project_edge_weight,2450,1,0.25534132360604483,0.7447628973423658
directed_cross_project_edge_weight,2451,1,0.25544554455445545,0.7446586763939552
directed_cross_project_edge_weight,2452,1,0.25554976550286607,0.7445544554455445
directed_cross_project_edge_weight,2453,1,0.2556539864512767,0.7444502344971339
directed_cross_project_edge_weight,2454,1,0.25575820739968735,0.7443460135487233
directed_cross_project_edge_weight,2455,1,0.25586242834809797,0.7442417926003126
directed_cross_project_edge_weight,2456,1,0.2559666492965086,0.7441375716519021
directed_cross_project_edge_weight,2457,1,0.2560708702449192,0.7440333507034914
directed_cross_project_edge_weight,2458,1,0.2561750911933299,0.7439291297550807
directed_cross_project_edge_weight,2459,1,0.2562793121417405,0.7438249088066702
directed_cross_project_edge_weight,2460,1,0.2563835330901511,0.7437206878582595
directed_cross_project_edge_weight,2461,1,0.2564877540385618,0.7436164669098488
directed_cross_project_edge_weight,2462,1,0.2565919749869724,0.7435122459614383
directed_cross_project_edge_weight,2463,1,0.256696195935383,0.7434080250130276
directed_cross_project_edge_weight,2464,1,0.2568004168837936,0.7433038040646169
directed_cross_project_edge_weight,2465,1,0.2569046378322043,0.7431995831162064
directed_cross_project_edge_weight,2466,1,0.2570088587806149,0.7430953621677957
directed_cross_project_edge_weight,2467,1,0.25711307972902553,0.7429911412193851
directed_cross_project_edge_weight,2468,1,0.25721730067743614,0.7428869202709745
directed_cross_project_edge_weight,2469,1,0.2573215216258468,0.7427826993225638
directed_cross_project_edge_weight,2470,1,0.25742574257425743,0.7426784783741532
directed_cross_project_edge_weight,2471,1,0.25752996352266805,0.7425742574257426
directed_cross_project_edge_weight,2472,1,0.25763418447107866,0.7424700364773319
directed_cross_project_edge_weight,2473,1,0.25773840541948934,0.7423658155289213
directed_cross_project_edge_weight,2474,1,0.25784262636789995,0.7422615945805107
directed_cross_project_edge_weight,2475,1,0.25794684731631057,0.7421573736321001
directed_cross_project_edge_weight,2476,1,0.2580510682647212,0.7420531526836894
directed_cross_project_edge_weight,2477,1,0.25815528921313186,0.7419489317352788
directed_cross_project_edge_weight,2478,1,0.25825951016154247,0.7418447107868682
directed_cross_project_edge_weight,2479,1,0.2583637311099531,0.7417404898384575
directed_cross_project_edge_weight,2480,1,0.2584679520583637,0.7416362688900469
directed_cross_project_edge_weight,2481,1,0.2585721730067744,0.7415320479416363
directed_cross_project_edge_weight,2482,1,0.258676393955185,0.7414278269932256
directed_cross_project_edge_weight,2483,1,0.2587806149035956,0.741323606044815
directed_cross_project_edge_weight,2484,1,0.2588848358520063,0.7412193850964044
directed_cross_project_edge_weight,2485,1,0.2589890568004169,0.7411151641479937
directed_cross_project_edge_weight,2486,1,0.2590932777488275,0.7410109431995832
directed_cross_project_edge_weight,2487,1,0.2591974986972381,0.7409067222511725
directed_cross_project_edge_weight,2488,1,0.2593017196456488,0.7408025013027618
directed_cross_project_edge_weight,2489,1,0.2594059405940594,0.7406982803543513
directed_cross_project_edge_weight,2490,1,0.25951016154247003,0.7405940594059406
directed_cross_project_edge_weight,2491,1,0.25961438249088065,0.7404898384575299
directed_cross_project_edge_weight,2492,1,0.2597186034392913,0.7403856175091194
directed_cross_project_edge_weight,2493,1,0.25982282438770193,0.7402813965607087
directed_cross_project_edge_weight,2494,1,0.25992704533611255,0.7401771756122981
directed_cross_project_edge_weight,2495,1,0.26003126628452317,0.7400729546638875
directed_cross_project_edge_weight,2496,1,0.26013548723293384,0.7399687337154768
directed_cross_project_edge_weight,2497,1,0.26023970818134445,0.7398645127670662
directed_cross_project_edge_weight,2498,1,0.26034392912975507,0.7397602918186555
directed_cross_project_edge_weight,2499,1,0.2604481500781657,0.7396560708702449
directed_cross_project_edge_weight,2500,1,0.26055237102657636,0.7395518499218343
directed_cross_project_edge_weight,2501,1,0.260656591974987,0.7394476289734236
directed_cross_project_edge_weight,2502,1,0.2607608129233976,0.7393434080250131
directed_cross_project_edge_weight,2503,1,0.26086503387180826,0.7392391870766024
directed_cross_project_edge_weight,2504,1,0.2609692548202189,0.7391349661281917
directed_cross_project_edge_weight,2505,1,0.2610734757686295,0.7390307451797812
directed_cross_project_edge_weight,2506,1,0.2611776967170401,0.7389265242313705
directed_cross_project_edge_weight,2507,1,0.2612819176654508,0.7388223032829598
directed_cross_project_edge_weight,2508,1,0.2613861386138614,0.7387180823345493
directed_cross_project_edge_weight,2509,1,0.261490359562272,0.7386138613861386
directed_cross_project_edge_weight,2510,1,0.26159458051068263,0.7385096404377279
directed_cross_project_edge_weight,2511,1,0.2616988014590933,0.7384054194893174
directed_cross_project_edge_weight,2512,1,0.2618030224075039,0.7383011985409067
directed_cross_project_edge_weight,2513,1,0.26190724335591453,0.7381969775924961
directed_cross_project_edge_weight,2514,1,0.26201146430432515,0.7380927566440855
directed_cross_project_edge_weight,2515,1,0.2621156852527358,0.7379885356956748
directed_cross_project_edge_weight,2516,1,0.26221990620114644,0.7378843147472642
directed_cross_project_edge_weight,2517,1,0.26232412714955705,0.7377800937988536
directed_cross_project_edge_weight,2518,1,0.26242834809796767,0.7376758728504429
directed_cross_project_edge_weight,2519,1,0.26253256904637834,0.7375716519020323
directed_cross_project_edge_weight,2520,1,0.26263678999478896,0.7374674309536217
directed_cross_project_edge_weight,2521,1,0.26274101094319957,0.7373632100052111
directed_cross_project_edge_weight,2522,1,0.2628452318916102,0.7372589890568004
directed_cross_project_edge_weight,2523,1,0.26294945284002086,0.7371547681083898
directed_cross_project_edge_weight,2524,1,0.2630536737884315,0.7370505471599792
directed_cross_project_edge_weight,2525,1,0.2631578947368421,0.7369463262115685
directed_cross_project_edge_weight,2526,1,0.26326211568525276,0.7368421052631579
directed_cross_project_edge_weight,2527,1,0.2633663366336634,0.7367378843147473
directed_cross_project_edge_weight,2528,1,0.263470557582074,0.7366336633663366
directed_cross_project_edge_weight,2529,1,0.2635747785304846,0.736529442417926
directed_cross_project_edge_weight,2530,1,0.2636789994788953,0.7364252214695154
directed_cross_project_edge_weight,2531,1,0.2637832204273059,0.7363210005211047
directed_cross_project_edge_weight,2532,1,0.2638874413757165,0.7362167795726942
directed_cross_project_edge_weight,2533,1,0.26399166232412713,0.7361125586242835
directed_cross_project_edge_weight,2534,1,0.2640958832725378,0.7360083376758728
directed_cross_project_edge_weight,2535,1,0.2642001042209484,0.7359041167274623
directed_cross_project_edge_weight,2536,1,0.26430432516935903,0.7357998957790516
directed_cross_project_edge_weight,2537,1,0.26440854611776965,0.7356956748306409
directed_cross_project_edge_weight,2538,1,0.2645127670661803,0.7355914538822304
directed_cross_project_edge_weight,2539,1,0.26461698801459094,0.7354872329338197
directed_cross_project_edge_weight,2540,1,0.26472120896300155,0.7353830119854091
directed_cross_project_edge_weight,2541,1,0.26482542991141217,0.7352787910369984
directed_cross_project_edge_weight,2542,1,0.26492965085982284,0.7351745700885878
directed_cross_project_edge_weight,2543,1,0.26503387180823346,0.7350703491401772
directed_cross_project_edge_weight,2544,1,0.2651380927566441,0.7349661281917665
directed_cross_project_edge_weight,2545,1,0.2652423137050547,0.7348619072433559
directed_cross_project_edge_weight,2546,1,0.26534653465346536,0.7347576862949453
directed_cross_project_edge_weight,2547,1,0.265450755601876,0.7346534653465346
directed_cross_project_edge_weight,2548,1,0.2655549765502866,0.734549244398124
directed_cross_project_edge_weight,2549,1,0.26565919749869726,0.7344450234497134
directed_cross_project_edge_weight,2550,1,0.2657634184471079,0.7343408025013027
directed_cross_project_edge_weight,2551,1,0.2658676393955185,0.7342365815528922
directed_cross_project_edge_weight,2552,1,0.2659718603439291,0.7341323606044815
directed_cross_project_edge_weight,2553,1,0.2660760812923398,0.7340281396560708
directed_cross_project_edge_weight,2554,1,0.2661803022407504,0.7339239187076603
directed_cross_project_edge_weight,2555,1,0.266284523189161,0.7338196977592496
directed_cross_project_edge_weight,2556,1,0.26638874413757163,0.7337154768108389
directed_cross_project_edge_weight,2557,1,0.2664929650859823,0.7336112558624284
directed_cross_project_edge_weight,2558,1,0.2665971860343929,0.7335070349140177
directed_cross_project_edge_weight,2559,1,0.26670140698280353,0.7334028139656071
directed_cross_project_edge_weight,2560,1,0.26680562793121415,0.7332985930171965
directed_cross_project_edge_weight,2561,1,0.2669098488796248,0.7331943720687858
directed_cross_project_edge_weight,2562,1,0.26701406982803544,0.7330901511203752
directed_cross_project_edge_weight,2563,1,0.26711829077644605,0.7329859301719646
directed_cross_project_edge_weight,2564,1,0.26722251172485667,0.7328817092235539
directed_cross_project_edge_weight,2565,1,0.26732673267326734,0.7327774882751433
directed_cross_project_edge_weight,2566,1,0.26743095362167796,0.7326732673267327
directed_cross_project_edge_weight,2567,1,0.2675351745700886,0.7325690463783221
directed_cross_project_edge_weight,2568,1,0.26763939551849925,0.7324648254299114
directed_cross_project_edge_weight,2569,1,0.26774361646690986,0.7323606044815008
directed_cross_project_edge_weight,2570,1,0.2678478374153205,0.7322563835330902
directed_cross_project_edge_weight,2571,1,0.2679520583637311,0.7321521625846795
directed_cross_project_edge_weight,2572,1,0.26805627931214177,0.7320479416362689
directed_cross_project_edge_weight,2573,1,0.2681605002605524,0.7319437206878583
directed_cross_project_edge_weight,2574,1,0.268264721208963,0.7318394997394476
directed_cross_project_edge_weight,2575,1,0.2683689421573736,0.731735278791037
directed_cross_project_edge_weight,2576,1,0.2684731631057843,0.7316310578426264
directed_cross_project_edge_weight,2577,1,0.2685773840541949,0.7315268368942157
directed_cross_project_edge_weight,2578,1,0.2686816050026055,0.7314226159458052
directed_cross_project_edge_weight,2579,1,0.26878582595101613,0.7313183949973945
directed_cross_project_edge_weight,2580,1,0.2688900468994268,0.7312141740489838
directed_cross_project_edge_weight,2581,1,0.2689942678478374,0.7311099531005733
directed_cross_project_edge_weight,2582,1,0.26909848879624804,0.7310057321521626
directed_cross_project_edge_weight,2583,1,0.26920270974465865,0.7309015112037519
directed_cross_project_edge_weight,2584,1,0.2693069306930693,0.7307972902553413
directed_cross_project_edge_weight,2585,1,0.26941115164147994,0.7306930693069307
directed_cross_project_edge_weight,2586,1,0.26951537258989056,0.7305888483585201
directed_cross_project_edge_weight,2587,1,0.26961959353830117,0.7304846274101094
directed_cross_project_edge_weight,2588,1,0.26972381448671184,0.7303804064616988
directed_cross_project_edge_weight,2589,1,0.26982803543512246,0.7302761855132882
directed_cross_project_edge_weight,2590,1,0.2699322563835331,0.7301719645648775
directed_cross_project_edge_weight,2591,1,0.27003647733194375,0.7300677436164669
directed_cross_project_edge_weight,2592,1,0.27014069828035436,0.7299635226680563
directed_cross_project_edge_weight,2593,1,0.270244919228765,0.7298593017196456
directed_cross_project_edge_weight,2594,1,0.2703491401771756,0.729755080771235
directed_cross_project_edge_weight,2595,1,0.27045336112558627,0.7296508598228244
directed_cross_project_edge_weight,2596,1,0.2705575820739969,0.7295466388744137
directed_cross_project_edge_weight,2597,1,0.2706618030224075,0.7294424179260032
directed_cross_project_edge_weight,2598,1,0.2707660239708181,0.7293381969775925
directed_cross_project_edge_weight,2599,1,0.2708702449192288,0.7292339760291818
directed_cross_project_edge_weight,2600,1,0.2709744658676394,0.7291297550807713
directed_cross_project_edge_weight,2601,1,0.27107868681605,0.7290255341323606
directed_cross_project_edge_weight,2602,1,0.27118290776446063,0.7289213131839499
directed_cross_project_edge_weight,2603,1,0.2712871287128713,0.7288170922355394
directed_cross_project_edge_weight,2604,1,0.2713913496612819,0.7287128712871287
directed_cross_project_edge_weight,2605,1,0.27149557060969254,0.7286086503387181
directed_cross_project_edge_weight,2606,1,0.27159979155810315,0.7285044293903075
directed_cross_project_edge_weight,2607,1,0.2717040125065138,0.7284002084418968
directed_cross_project_edge_weight,2608,1,0.27180823345492444,0.7282959874934862
directed_cross_project_edge_weight,2609,1,0.27191245440333506,0.7281917665450756
directed_cross_project_edge_weight,2610,1,0.2720166753517457,0.7280875455966649
directed_cross_project_edge_weight,2611,1,0.27212089630015635,0.7279833246482543
directed_cross_project_edge_weight,2612,1,0.27222511724856696,0.7278791036998437
directed_cross_project_edge_weight,2613,1,0.2723293381969776,0.727774882751433
directed_cross_project_edge_weight,2614,1,0.27243355914538825,0.7276706618030224
directed_cross_project_edge_weight,2615,1,0.27253778009379886,0.7275664408546118
directed_cross_project_edge_weight,2616,1,0.2726420010422095,0.7274622199062012
directed_cross_project_edge_weight,2617,1,0.2727462219906201,0.7273579989577905
directed_cross_project_edge_weight,2618,1,0.27285044293903077,0.7272537780093798
directed_cross_project_edge_weight,2619,1,0.2729546638874414,0.7271495570609693
directed_cross_project_edge_weight,2620,1,0.273058884835852,0.7270453361125586
directed_cross_project_edge_weight,2621,1,0.2731631057842626,0.7269411151641479
directed_cross_project_edge_weight,2622,1,0.2732673267326733,0.7268368942157374
directed_cross_project_edge_weight,2623,1,0.2733715476810839,0.7267326732673267
directed_cross_project_edge_weight,2624,1,0.2734757686294945,0.7266284523189162
directed_cross_project_edge_weight,2625,1,0.27357998957790514,0.7265242313705055
directed_cross_project_edge_weight,2626,1,0.2736842105263158,0.7264200104220948
directed_cross_project_edge_weight,2627,1,0.2737884314747264,0.7263157894736842
directed_cross_project_edge_weight,2628,1,0.27389265242313704,0.7262115685252736
directed_cross_project_edge_weight,2629,1,0.27399687337154766,0.7261073475768629
directed_cross_project_edge_weight,2630,1,0.2741010943199583,0.7260031266284523
directed_cross_project_edge_weight,2631,1,0.27420531526836894,0.7258989056800417
directed_cross_project_edge_weight,2632,1,0.27430953621677956,0.7257946847316311
directed_cross_project_edge_weight,2633,1,0.27441375716519023,0.7256904637832204
directed_cross_project_edge_weight,2634,1,0.27451797811360085,0.7255862428348098
directed_cross_project_edge_weight,2635,1,0.27462219906201146,0.7254820218863992
directed_cross_project_edge_weight,2636,1,0.2747264200104221,0.7253778009379885
directed_cross_project_edge_weight,2637,1,0.27483064095883275,0.7252735799895779
directed_cross_project_edge_weight,2638,1,0.27493486190724337,0.7251693590411673
directed_cross_project_edge_weight,2639,1,0.275039082855654,0.7250651380927566
directed_cross_project_edge_weight,2640,1,0.2751433038040646,0.724960917144346
directed_cross_project_edge_weight,2641,1,0.27524752475247527,0.7248566961959354
directed_cross_project_edge_weight,2642,1,0.2753517457008859,0.7247524752475247
directed_cross_project_edge_weight,2643,1,0.2754559666492965,0.7246482542991142
directed_cross_project_edge_weight,2644,1,0.2755601875977071,0.7245440333507035
directed_cross_project_edge_weight,2645,1,0.2756644085461178,0.7244398124022928
directed_cross_project_edge_weight,2646,1,0.2757686294945284,0.7243355914538823
directed_cross_project_edge_weight,2647,1,0.275872850442939,0.7242313705054716
directed_cross_project_edge_weight,2648,1,0.27597707139134964,0.7241271495570609
directed_cross_project_edge_weight,2649,1,0.2760812923397603,0.7240229286086504
directed_cross_project_edge_weight,2650,1,0.2761855132881709,0.7239187076602397
directed_cross_project_edge_weight,2651,1,0.27628973423658154,0.7238144867118291
directed_cross_project_edge_weight,2652,1,0.27639395518499216,0.7237102657634185
directed_cross_project_edge_weight,2653,1,0.27649817613340283,0.7236060448150078
directed_cross_project_edge_weight,2654,1,0.27660239708181344,0.7235018238665972
directed_cross_project_edge_weight,2655,1,0.27670661803022406,0.7233976029181866
directed_cross_project_edge_weight,2656,1,0.27681083897863473,0.7232933819697759
directed_cross_project_edge_weight,2657,1,0.27691505992704535,0.7231891610213653
directed_cross_project_edge_weight,2658,1,0.27701928087545596,0.7230849400729547
directed_cross_project_edge_weight,2659,1,0.2771235018238666,0.722980719124544
directed_cross_project_edge_weight,2660,1,0.27722772277227725,0.7228764981761334
directed_cross_project_edge_weight,2661,1,0.27733194372068787,0.7227722772277227
directed_cross_project_edge_weight,2662,1,0.2774361646690985,0.7226680562793122
directed_cross_project_edge_weight,2663,1,0.2775403856175091,0.7225638353309015
directed_cross_project_edge_weight,2664,1,0.27764460656591977,0.7224596143824908
directed_cross_project_edge_weight,2665,1,0.2777488275143304,0.7223553934340803
directed_cross_project_edge_weight,2666,1,0.277853048462741,0.7222511724856696
directed_cross_project_edge_weight,2667,1,0.2779572694111516,0.7221469515372589
directed_cross_project_edge_weight,2668,1,0.2780614903595623,0.7220427305888484
directed_cross_project_edge_weight,2669,1,0.2781657113079729,0.7219385096404377
directed_cross_project_edge_weight,2670,1,0.2782699322563835,0.7218342886920271
directed_cross_project_edge_weight,2671,1,0.27837415320479414,0.7217300677436165
directed_cross_project_edge_weight,2672,1,0.2784783741532048,0.7216258467952058
directed_cross_project_edge_weight,2673,1,0.2785825951016154,0.7215216258467952
directed_cross_project_edge_weight,2674,1,0.27868681605002604,0.7214174048983846
directed_cross_project_edge_weight,2675,1,0.27879103699843666,0.7213131839499739
directed_cross_project_edge_weight,2676,1,0.27889525794684733,0.7212089630015633
directed_cross_project_edge_weight,2677,1,0.27899947889525795,0.7211047420531527
directed_cross_project_edge_weight,2678,1,0.27910369984366856,0.721000521104742
directed_cross_project_edge_weight,2679,1,0.27920792079207923,0.7208963001563314
directed_cross_project_edge_weight,2680,1,0.27931214174048985,0.7207920792079208
directed_cross_project_edge_weight,2681,1,0.27941636268890047,0.7206878582595102
directed_cross_project_edge_weight,2682,1,0.2795205836373111,0.7205836373110995
directed_cross_project_edge_weight,2683,1,0.27962480458572175,0.7204794163626889
directed_cross_project_edge_weight,2684,1,0.27972902553413237,0.7203751954142783
directed_cross_project_edge_weight,2685,1,0.279833246482543,0.7202709744658676
directed_cross_project_edge_weight,2686,1,0.2799374674309536,0.720166753517457
directed_cross_project_edge_weight,2687,1,0.2800416883793643,0.7200625325690464
directed_cross_project_edge_weight,2688,1,0.2801459093277749,0.7199583116206357
directed_cross_project_edge_weight,2689,1,0.2802501302761855,0.7198540906722252
directed_cross_project_edge_weight,2690,1,0.2803543512245961,0.7197498697238145
directed_cross_project_edge_weight,2691,1,0.2804585721730068,0.7196456487754038
directed_cross_project_edge_weight,2692,1,0.2805627931214174,0.7195414278269933
directed_cross_project_edge_weight,2693,1,0.280667014069828,0.7194372068785826
directed_cross_project_edge_weight,2694,1,0.28077123501823864,0.7193329859301719
directed_cross_project_edge_weight,2695,1,0.2808754559666493,0.7192287649817614
directed_cross_project_edge_weight,2696,1,0.28097967691505993,0.7191245440333507
directed_cross_project_edge_weight,2697,1,0.28108389786347054,0.7190203230849401
directed_cross_project_edge_weight,2698,1,0.2811881188118812,0.7189161021365295
directed_cross_project_edge_weight,2699,1,0.28129233976029183,0.7188118811881188
directed_cross_project_edge_weight,2700,1,0.28139656070870245,0.7187076602397082
directed_cross_project_edge_weight,2701,1,0.28150078165711306,0.7186034392912976
directed_cross_project_edge_weight,2702,1,0.28160500260552374,0.7184992183428869
directed_cross_project_edge_weight,2703,1,0.28170922355393435,0.7183949973944763
directed_cross_project_edge_weight,2704,1,0.28181344450234497,0.7182907764460656
directed_cross_project_edge_weight,2705,1,0.2819176654507556,0.718186555497655
directed_cross_project_edge_weight,2706,1,0.28202188639916626,0.7180823345492444
directed_cross_project_edge_weight,2707,1,0.28212610734757687,0.7179781136008337
directed_cross_project_edge_weight,2708,1,0.2822303282959875,0.7178738926524232
directed_cross_project_edge_weight,2709,1,0.2823345492443981,0.7177696717040125
directed_cross_project_edge_weight,2710,1,0.2824387701928088,0.7176654507556018
directed_cross_project_edge_weight,2711,1,0.2825429911412194,0.7175612298071913
directed_cross_project_edge_weight,2712,1,0.28264721208963,0.7174570088587806
directed_cross_project_edge_weight,2713,1,0.2827514330380406,0.7173527879103699
directed_cross_project_edge_weight,2714,1,0.2828556539864513,0.7172485669619594
directed_cross_project_edge_weight,2715,1,0.2829598749348619,0.7171443460135487
directed_cross_project_edge_weight,2716,1,0.2830640958832725,0.7170401250651381
directed_cross_project_edge_weight,2717,1,0.28316831683168314,0.7169359041167275
directed_cross_project_edge_weight,2718,1,0.2832725377800938,0.7168316831683168
directed_cross_project_edge_weight,2719,1,0.28337675872850443,0.7167274622199062
directed_cross_project_edge_weight,2720,1,0.28348097967691505,0.7166232412714956
directed_cross_project_edge_weight,2721,1,0.2835852006253257,0.7165190203230849
directed_cross_project_edge_weight,2722,1,0.28368942157373633,0.7164147993746743
directed_cross_project_edge_weight,2723,1,0.28379364252214695,0.7163105784262637
directed_cross_project_edge_weight,2724,1,0.28389786347055757,0.716206357477853
directed_cross_project_edge_weight,2725,1,0.28400208441896824,0.7161021365294424
directed_cross_project_edge_weight,2726,1,0.28410630536737885,0.7159979155810318
directed_cross_project_edge_weight,2727,1,0.28421052631578947,0.7158936946326212
directed_cross_project_edge_weight,2728,1,0.2843147472642001,0.7157894736842105
directed_cross_project_edge_weight,2729,1,0.28441896821261076,0.7156852527357999
directed_cross_project_edge_weight,2730,1,0.2845231891610214,0.7155810317873893
directed_cross_project_edge_weight,2731,1,0.284627410109432,0.7154768108389786
directed_cross_project_edge_weight,2732,1,0.2847316310578426,0.715372589890568
directed_cross_project_edge_weight,2733,1,0.2848358520062533,0.7152683689421574
directed_cross_project_edge_weight,2734,1,0.2849400729546639,0.7151641479937467
directed_cross_project_edge_weight,2735,1,0.2850442939030745,0.7150599270453362
directed_cross_project_edge_weight,2736,1,0.2851485148514851,0.7149557060969255
directed_cross_project_edge_weight,2737,1,0.2852527357998958,0.7148514851485148
directed_cross_project_edge_weight,2738,1,0.2853569567483064,0.7147472642001043
directed_cross_project_edge_weight,2739,1,0.28546117769671703,0.7146430432516936
directed_cross_project_edge_weight,2740,1,0.28556539864512764,0.7145388223032829
directed_cross_project_edge_weight,2741,1,0.2856696195935383,0.7144346013548724
directed_cross_project_edge_weight,2742,1,0.28577384054194893,0.7143303804064617
directed_cross_project_edge_weight,2743,1,0.28587806149035955,0.714226159458051
directed_cross_project_edge_weight,2744,1,0.2859822824387702,0.7141219385096405
directed_cross_project_edge_weight,2745,1,0.28608650338718083,0.7140177175612298
directed_cross_project_edge_weight,2746,1,0.28619072433559145,0.7139134966128192
directed_cross_project_edge_weight,2747,1,0.28629494528400207,0.7138092756644085
directed_cross_project_edge_weight,2748,1,0.28639916623241274,0.7137050547159979
directed_cross_project_edge_weight,2749,1,0.28650338718082335,0.7136008337675873
directed_cross_project_edge_weight,2750,1,0.28660760812923397,0.7134966128191766
directed_cross_project_edge_weight,2751,1,0.2867118290776446,0.713392391870766
directed_cross_project_edge_weight,2752,1,0.28681605002605526,0.7132881709223554
directed_cross_project_edge_weight,2753,1,0.2869202709744659,0.7131839499739447
directed_cross_project_edge_weight,2754,1,0.2870244919228765,0.7130797290255342
directed_cross_project_edge_weight,2755,1,0.2871287128712871,0.7129755080771235
directed_cross_project_edge_weight,2756,1,0.2872329338196978,0.7128712871287128
directed_cross_project_edge_weight,2757,1,0.2873371547681084,0.7127670661803023
directed_cross_project_edge_weight,2758,1,0.287441375716519,0.7126628452318916
directed_cross_project_edge_weight,2759,1,0.2875455966649296,0.7125586242834809
directed_cross_project_edge_weight,2760,1,0.2876498176133403,0.7124544033350704
directed_cross_project_edge_weight,2761,1,0.2877540385617509,0.7123501823866597
directed_cross_project_edge_weight,2762,1,0.28785825951016153,0.7122459614382491
directed_cross_project_edge_weight,2763,1,0.28796248045857215,0.7121417404898385
directed_cross_project_edge_weight,2764,1,0.2880667014069828,0.7120375195414278
directed_cross_project_edge_weight,2765,1,0.28817092235539343,0.7119332985930172
directed_cross_project_edge_weight,2766,1,0.28827514330380405,0.7118290776446066
directed_cross_project_edge_weight,2767,1,0.2883793642522147,0.7117248566961959
directed_cross_project_edge_weight,2768,1,0.28848358520062534,0.7116206357477853
directed_cross_project_edge_weight,2769,1,0.28858780614903595,0.7115164147993747
directed_cross_project_edge_weight,2770,1,0.28869202709744657,0.711412193850964
directed_cross_project_edge_weight,2771,1,0.28879624804585724,0.7113079729025534
directed_cross_project_edge_weight,2772,1,0.28890046899426786,0.7112037519541428
directed_cross_project_edge_weight,2773,1,0.28900468994267847,0.7110995310057322
directed_cross_project_edge_weight,2774,1,0.2891089108910891,0.7109953100573215
directed_cross_project_edge_weight,2775,1,0.28921313183949976,0.7108910891089109
directed_cross_project_edge_weight,2776,1,0.2893173527879104,0.7107868681605003
directed_cross_project_edge_weight,2777,1,0.289421573736321,0.7106826472120896
directed_cross_project_edge_weight,2778,1,0.2895257946847316,0.710578426263679
directed_cross_project_edge_weight,2779,1,0.2896300156331423,0.7104742053152684
directed_cross_project_edge_weight,2780,1,0.2897342365815529,0.7103699843668577
directed_cross_project_edge_weight,2781,1,0.2898384575299635,0.7102657634184472
directed_cross_project_edge_weight,2782,1,0.2899426784783741,0.7101615424700365
directed_cross_project_edge_weight,2783,1,0.2900468994267848,0.7100573215216258
directed_cross_project_edge_weight,2784,1,0.2901511203751954,0.7099531005732153
directed_cross_project_edge_weight,2785,1,0.29025534132360603,0.7098488796248046
directed_cross_project_edge_weight,2786,1,0.2903595622720167,0.7097446586763939
directed_cross_project_edge_weight,2787,1,0.2904637832204273,0.7096404377279834
directed_cross_project_edge_weight,2788,1,0.29056800416883793,0.7095362167795727
directed_cross_project_edge_weight,2789,1,0.29067222511724855,0.709431995831162
directed_cross_project_edge_weight,2790,1,0.2907764460656592,0.7093277748827514
directed_cross_project_edge_weight,2791,1,0.29088066701406984,0.7092235539343408
directed_cross_project_edge_weight,2792,1,0.29098488796248045,0.7091193329859302
directed_cross_project_edge_weight,2793,1,0.29108910891089107,0.7090151120375195
directed_cross_project_edge_weight,2794,1,0.29119332985930174,0.7089108910891089
directed_cross_project_edge_weight,2795,1,0.29129755080771236,0.7088066701406983
directed_cross_project_edge_weight,2796,1,0.291401771756123,0.7087024491922876
directed_cross_project_edge_weight,2797,1,0.2915059927045336,0.708598228243877
directed_cross_project_edge_weight,2798,1,0.29161021365294426,0.7084940072954664
directed_cross_project_edge_weight,2799,1,0.2917144346013549,0.7083897863470557
directed_cross_project_edge_weight,2800,1,0.2918186555497655,0.7082855653986452
directed_cross_project_edge_weight,2801,1,0.2919228764981761,0.7081813444502345
directed_cross_project_edge_weight,2802,1,0.2920270974465868,0.7080771235018238
directed_cross_project_edge_weight,2803,1,0.2921313183949974,0.7079729025534133
directed_cross_project_edge_weight,2804,1,0.292235539343408,0.7078686816050026
directed_cross_project_edge_weight,2805,1,0.29233976029181863,0.7077644606565919
directed_cross_project_edge_weight,2806,1,0.2924439812402293,0.7076602397081814
directed_cross_project_edge_weight,2807,1,0.2925482021886399,0.7075560187597707
directed_cross_project_edge_weight,2808,1,0.29265242313705053,0.70745179781136
directed_cross_project_edge_weight,2809,1,0.2927566440854612,0.7073475768629495
directed_cross_project_edge_weight,2810,1,0.2928608650338718,0.7072433559145388
directed_cross_project_edge_weight,2811,1,0.29296508598228244,0.7071391349661282
directed_cross_project_edge_weight,2812,1,0.29306930693069305,0.7070349140177176
directed_cross_project_edge_weight,2813,1,0.2931735278791037,0.7069306930693069
directed_cross_project_edge_weight,2814,1,0.29327774882751434,0.7068264721208963
directed_cross_project_edge_weight,2815,1,0.29338196977592496,0.7067222511724857
directed_cross_project_edge_weight,2816,1,0.29348619072433557,0.706618030224075
directed_cross_project_edge_weight,2817,1,0.29359041167274624,0.7065138092756644
directed_cross_project_edge_weight,2818,1,0.29369463262115686,0.7064095883272538
directed_cross_project_edge_weight,2819,1,0.2937988535695675,0.7063053673788432
directed_cross_project_edge_weight,2820,1,0.2939030745179781,0.7062011464304325
directed_cross_project_edge_weight,2821,1,0.29400729546638876,0.7060969254820219
directed_cross_project_edge_weight,2822,1,0.2941115164147994,0.7059927045336113
directed_cross_project_edge_weight,2823,1,0.29421573736321,0.7058884835852006
directed_cross_project_edge_weight,2824,1,0.2943199583116206,0.70578426263679
directed_cross_project_edge_weight,2825,1,0.2944241792600313,0.7056800416883794
directed_cross_project_edge_weight,2826,1,0.2945284002084419,0.7055758207399687
directed_cross_project_edge_weight,2827,1,0.2946326211568525,0.7054715997915582
directed_cross_project_edge_weight,2828,1,0.29473684210526313,0.7053673788431475
directed_cross_project_edge_weight,2829,1,0.2948410630536738,0.7052631578947368
directed_cross_project_edge_weight,2830,1,0.2949452840020844,0.7051589369463263
directed_cross_project_edge_weight,2831,1,0.29504950495049503,0.7050547159979156
directed_cross_project_edge_weight,2832,1,0.2951537258989057,0.7049504950495049
directed_cross_project_edge_weight,2833,1,0.2952579468473163,0.7048462741010943
directed_cross_project_edge_weight,2834,1,0.29536216779572694,0.7047420531526837
directed_cross_project_edge_weight,2835,1,0.29546638874413755,0.704637832204273
directed_cross_project_edge_weight,2836,1,0.2955706096925482,0.7045336112558624
directed_cross_project_edge_weight,2837,1,0.29567483064095884,0.7044293903074518
directed_cross_project_edge_weight,2838,1,0.29577905158936946,0.7043251693590412
directed_cross_project_edge_weight,2839,1,0.2958832725377801,0.7042209484106305
directed_cross_project_edge_weight,2840,1,0.29598749348619074,0.7041167274622199
directed_cross_project_edge_weight,2841,1,0.29609171443460136,0.7040125065138093
directed_cross_project_edge_weight,2842,1,0.296195935383012,0.7039082855653986
directed_cross_project_edge_weight,2843,1,0.2963001563314226,0.703804064616988
directed_cross_project_edge_weight,2844,1,0.29640437727983326,0.7036998436685774
directed_cross_project_edge_weight,2845,1,0.2965085982282439,0.7035956227201667
directed_cross_project_edge_weight,2846,1,0.2966128191766545,0.7034914017717562
directed_cross_project_edge_weight,2847,1,0.2967170401250651,0.7033871808233455
directed_cross_project_edge_weight,2848,1,0.2968212610734758,0.7032829598749348
directed_cross_project_edge_weight,2849,1,0.2969254820218864,0.7031787389265243
directed_cross_project_edge_weight,2850,1,0.297029702970297,0.7030745179781136
directed_cross_project_edge_weight,2851,1,0.2971339239187077,0.7029702970297029
directed_cross_project_edge_weight,2852,1,0.2972381448671183,0.7028660760812924
directed_cross_project_edge_weight,2853,1,0.2973423658155289,0.7027618551328817
directed_cross_project_edge_weight,2854,1,0.29744658676393954,0.702657634184471
directed_cross_project_edge_weight,2855,1,0.2975508077123502,0.7025534132360605
directed_cross_project_edge_weight,2856,1,0.2976550286607608,0.7024491922876498
directed_cross_project_edge_weight,2857,1,0.29775924960917144,0.7023449713392392
directed_cross_project_edge_weight,2858,1,0.29786347055758206,0.7022407503908286
directed_cross_project_edge_weight,2859,1,0.2979676915059927,0.7021365294424179
directed_cross_project_edge_weight,2860,1,0.29807191245440334,0.7020323084940073
directed_cross_project_edge_weight,2861,1,0.29817613340281396,0.7019280875455967
directed_cross_project_edge_weight,2862,1,0.2982803543512246,0.701823866597186
directed_cross_project_edge_weight,2863,1,0.29838457529963525,0.7017196456487754
directed_cross_project_edge_weight,2864,1,0.29848879624804586,0.7016154247003648
directed_cross_project_edge_weight,2865,1,0.2985930171964565,0.7015112037519542
directed_cross_project_edge_weight,2866,1,0.2986972381448671,0.7014069828035435
directed_cross_project_edge_weight,2867,1,0.29880145909327777,0.7013027618551329
directed_cross_project_edge_weight,2868,1,0.2989056800416884,0.7011985409067223
directed_cross_project_edge_weight,2869,1,0.299009900990099,0.7010943199583116
directed_cross_project_edge_weight,2870,1,0.2991141219385096,0.700990099009901
directed_cross_project_edge_weight,2871,1,0.2992183428869203,0.7008858780614904
directed_cross_project_edge_weight,2872,1,0.2993225638353309,0.7007816571130797
directed_cross_project_edge_weight,2873,1,0.2994267847837415,0.700677436164669
directed_cross_project_edge_weight,2874,1,0.2995310057321522,0.7005732152162585
directed_cross_project_edge_weight,2875,1,0.2996352266805628,0.7004689942678478
directed_cross_project_edge_weight,2876,1,0.2997394476289734,0.7003647733194373
directed_cross_project_edge_weight,2877,1,0.29984366857738404,0.7002605523710266
directed_cross_project_edge_weight,2878,1,0.2999478895257947,0.7001563314226159
directed_cross_project_edge_weight,2879,1,0.3000521104742053,0.7000521104742053
directed_cross_project_edge_weight,2880,1,0.30015633142261594,0.6999478895257947
directed_cross_project_edge_weight,2881,1,0.30026055237102656,0.699843668577384
directed_cross_project_edge_weight,2882,1,0.30036477331943723,0.6997394476289734
directed_cross_project_edge_weight,2883,1,0.30046899426784784,0.6996352266805628
directed_cross_project_edge_weight,2884,1,0.30057321521625846,0.6995310057321522
directed_cross_project_edge_weight,2885,1,0.3006774361646691,0.6994267847837415
directed_cross_project_edge_weight,2886,1,0.30078165711307975,0.6993225638353309
directed_cross_project_edge_weight,2887,1,0.30088587806149036,0.6992183428869203
directed_cross_project_edge_weight,2888,1,0.300990099009901,0.6991141219385096
directed_cross_project_edge_weight,2889,1,0.3010943199583116,0.699009900990099
directed_cross_project_edge_weight,2890,1,0.30119854090672227,0.6989056800416884
directed_cross_project_edge_weight,2891,1,0.3013027618551329,0.6988014590932777
directed_cross_project_edge_weight,2892,1,0.3014069828035435,0.6986972381448672
directed_cross_project_edge_weight,2893,1,0.3015112037519541,0.6985930171964565
directed_cross_project_edge_weight,2894,1,0.3016154247003648,0.6984887962480458
directed_cross_project_edge_weight,2895,1,0.3017196456487754,0.6983845752996353
directed_cross_project_edge_weight,2896,1,0.301823866597186,0.6982803543512246
directed_cross_project_edge_weight,2897,1,0.3019280875455967,0.6981761334028139
directed_cross_project_edge_weight,2898,1,0.3020323084940073,0.6980719124544034
directed_cross_project_edge_weight,2899,1,0.3021365294424179,0.6979676915059927
directed_cross_project_edge_weight,2900,1,0.30224075039082854,0.697863470557582
directed_cross_project_edge_weight,2901,1,0.3023449713392392,0.6977592496091715
directed_cross_project_edge_weight,2902,1,0.3024491922876498,0.6976550286607608
directed_cross_project_edge_weight,2903,1,0.30255341323606044,0.6975508077123502
directed_cross_project_edge_weight,2904,1,0.30265763418447106,0.6974465867639396
directed_cross_project_edge_weight,2905,1,0.30276185513288173,0.6973423658155289
directed_cross_project_edge_weight,2906,1,0.30286607608129235,0.6972381448671183
directed_cross_project_edge_weight,2907,1,0.30297029702970296,0.6971339239187077
directed_cross_project_edge_weight,2908,1,0.3030745179781136,0.697029702970297
directed_cross_project_edge_weight,2909,1,0.30317873892652425,0.6969254820218864
directed_cross_project_edge_weight,2910,1,0.30328295987493487,0.6968212610734758
directed_cross_project_edge_weight,2911,1,0.3033871808233455,0.6967170401250652
directed_cross_project_edge_weight,2912,1,0.3034914017717561,0.6966128191766545
directed_cross_project_edge_weight,2913,1,0.30359562272016677,0.6965085982282438
directed_cross_project_edge_weight,2914,1,0.3036998436685774,0.6964043772798333
directed_cross_project_edge_weight,2915,1,0.303804064616988,0.6963001563314226
directed_cross_project_edge_weight,2916,1,0.3039082855653987,0.6961959353830119
directed_cross_project_edge_weight,2917,1,0.3040125065138093,0.6960917144346014
directed_cross_project_edge_weight,2918,1,0.3041167274622199,0.6959874934861907
directed_cross_project_edge_weight,2919,1,0.3042209484106305,0.69588327253778
directed_cross_project_edge_weight,2920,1,0.3043251693590412,0.6957790515893695
directed_cross_project_edge_weight,2921,1,0.3044293903074518,0.6956748306409588
directed_cross_project_edge_weight,2922,1,0.3045336112558624,0.6955706096925482
directed_cross_project_edge_weight,2923,1,0.30463783220427304,0.6954663887441376
directed_cross_project_edge_weight,2924,1,0.3047420531526837,0.6953621677957269
directed_cross_project_edge_weight,2925,1,0.30484627410109433,0.6952579468473163
directed_cross_project_edge_weight,2926,1,0.30495049504950494,0.6951537258989057
directed_cross_project_edge_weight,2927,1,0.30505471599791556,0.695049504950495
directed_cross_project_edge_weight,2928,1,0.30515893694632623,0.6949452840020844
directed_cross_project_edge_weight,2929,1,0.30526315789473685,0.6948410630536738
directed_cross_project_edge_weight,2930,1,0.30536737884314746,0.6947368421052632
directed_cross_project_edge_weight,2931,1,0.3054715997915581,0.6946326211568525
directed_cross_project_edge_weight,2932,1,0.30557582073996875,0.6945284002084419
directed_cross_project_edge_weight,2933,1,0.30568004168837937,0.6944241792600313
directed_cross_project_edge_weight,2934,1,0.30578426263679,0.6943199583116206
directed_cross_project_edge_weight,2935,1,0.3058884835852006,0.69421573736321
directed_cross_project_edge_weight,2936,1,0.30599270453361127,0.6941115164147994
directed_cross_project_edge_weight,2937,1,0.3060969254820219,0.6940072954663887
directed_cross_project_edge_weight,2938,1,0.3062011464304325,0.6939030745179782
directed_cross_project_edge_weight,2939,1,0.3063053673788432,0.6937988535695675
directed_cross_project_edge_weight,2940,1,0.3064095883272538,0.6936946326211568
directed_cross_project_edge_weight,2941,1,0.3065138092756644,0.6935904116727463
directed_cross_project_edge_weight,2942,1,0.306618030224075,0.6934861907243356
directed_cross_project_edge_weight,2943,1,0.3067222511724857,0.6933819697759249
directed_cross_project_edge_weight,2944,1,0.3068264721208963,0.6932777488275144
directed_cross_project_edge_weight,2945,1,0.3069306930693069,0.6931735278791037
directed_cross_project_edge_weight,2946,1,0.30703491401771754,0.693069306930693
directed_cross_project_edge_weight,2947,1,0.3071391349661282,0.6929650859822825
directed_cross_project_edge_weight,2948,1,0.30724335591453883,0.6928608650338718
directed_cross_project_edge_weight,2949,1,0.30734757686294945,0.6927566440854612
directed_cross_project_edge_weight,2950,1,0.30745179781136006,0.6926524231370506
directed_cross_project_edge_weight,2951,1,0.30755601875977073,0.6925482021886399
directed_cross_project_edge_weight,2952,1,0.30766023970818135,0.6924439812402293
directed_cross_project_edge_weight,2953,1,0.30776446065659196,0.6923397602918187
directed_cross_project_edge_weight,2954,1,0.3078686816050026,0.692235539343408
directed_cross_project_edge_weight,2955,1,0.30797290255341325,0.6921313183949974
directed_cross_project_edge_weight,2956,1,0.30807712350182387,0.6920270974465867
directed_cross_project_edge_weight,2957,1,0.3081813444502345,0.6919228764981762
directed_cross_project_edge_weight,2958,1,0.3082855653986451,0.6918186555497655
directed_cross_project_edge_weight,2959,1,0.30838978634705577,0.6917144346013548
directed_cross_project_edge_weight,2960,1,0.3084940072954664,0.6916102136529443
directed_cross_project_edge_weight,2961,1,0.308598228243877,0.6915059927045336
directed_cross_project_edge_weight,2962,1,0.3087024491922877,0.6914017717561229
directed_cross_project_edge_weight,2963,1,0.3088066701406983,0.6912975508077124
directed_cross_project_edge_weight,2964,1,0.3089108910891089,0.6911933298593017
directed_cross_project_edge_weight,2965,1,0.3090151120375195,0.691089108910891
directed_cross_project_edge_weight,2966,1,0.3091193329859302,0.6909848879624805
directed_cross_project_edge_weight,2967,1,0.3092235539343408,0.6908806670140698
directed_cross_project_edge_weight,2968,1,0.3093277748827514,0.6907764460656592
directed_cross_project_edge_weight,2969,1,0.30943199583116204,0.6906722251172486
directed_cross_project_edge_weight,2970,1,0.3095362167795727,0.6905680041688379
directed_cross_project_edge_weight,2971,1,0.30964043772798333,0.6904637832204273
directed_cross_project_edge_weight,2972,1,0.30974465867639395,0.6903595622720167
directed_cross_project_edge_weight,2973,1,0.30984887962480456,0.690255341323606
directed_cross_project_edge_weight,2974,1,0.30995310057321523,0.6901511203751954
directed_cross_project_edge_weight,2975,1,0.31005732152162585,0.6900468994267848
directed_cross_project_edge_weight,2976,1,0.31016154247003647,0.6899426784783742
directed_cross_project_edge_weight,2977,1,0.3102657634184471,0.6898384575299635
directed_cross_project_edge_weight,2978,1,0.31036998436685775,0.6897342365815529
directed_cross_project_edge_weight,2979,1,0.31047420531526837,0.6896300156331423
directed_cross_project_edge_weight,2980,1,0.310578426263679,0.6895257946847316
directed_cross_project_edge_weight,2981,1,0.31068264721208966,0.689421573736321
directed_cross_project_edge_weight,2982,1,0.3107868681605003,0.6893173527879104
directed_cross_project_edge_weight,2983,1,0.3108910891089109,0.6892131318394997
directed_cross_project_edge_weight,2984,1,0.3109953100573215,0.689108910891089
directed_cross_project_edge_weight,2985,1,0.3110995310057322,0.6890046899426785
directed_cross_project_edge_weight,2986,1,0.3112037519541428,0.6889004689942678
directed_cross_project_edge_weight,2987,1,0.3113079729025534,0.6887962480458573
directed_cross_project_edge_weight,2988,1,0.311412193850964,0.6886920270974466
directed_cross_project_edge_weight,2989,1,0.3115164147993747,0.6885878061490359
directed_cross_project_edge_weight,2990,1,0.3116206357477853,0.6884835852006254
directed_cross_project_edge_weight,2991,1,0.31172485669619593,0.6883793642522147
directed_cross_project_edge_weight,2992,1,0.31182907764460654,0.688275143303804
directed_cross_project_edge_weight,2993,1,0.3119332985930172,0.6881709223553935
directed_cross_project_edge_weight,2994,1,0.31203751954142783,0.6880667014069828
directed_cross_project_edge_weight,2995,1,0.31214174048983845,0.6879624804585722
directed_cross_project_edge_weight,2996,1,0.31224596143824906,0.6878582595101616
directed_cross_project_edge_weight,2997,1,0.31235018238665974,0.6877540385617509
directed_cross_project_edge_weight,2998,1,0.31245440333507035,0.6876498176133403
directed_cross_project_edge_weight,2999,1,0.31255862428348097,0.6875455966649296
directed_cross_project_edge_weight,3000,1,0.3126628452318916,0.687441375716519
directed_cross_project_edge_weight,3001,1,0.31276706618030226,0.6873371547681084
directed_cross_project_edge_weight,3002,1,0.31287128712871287,0.6872329338196977
directed_cross_project_edge_weight,3003,1,0.3129755080771235,0.6871287128712872
directed_cross_project_edge_weight,3004,1,0.31307972902553416,0.6870244919228765
directed_cross_project_edge_weight,3005,1,0.3131839499739448,0.6869202709744658
directed_cross_project_edge_weight,3006,1,0.3132881709223554,0.6868160500260553
directed_cross_project_edge_weight,3007,1,0.313392391870766,0.6867118290776446
directed_cross_project_edge_weight,3008,1,0.3134966128191767,0.6866076081292339
directed_cross_project_edge_weight,3009,1,0.3136008337675873,0.6865033871808234
directed_cross_project_edge_weight,3010,1,0.3137050547159979,0.6863991662324127
directed_cross_project_edge_weight,3011,1,0.3138092756644085,0.686294945284002
directed_cross_project_edge_weight,3012,1,0.3139134966128192,0.6861907243355915
directed_cross_project_edge_weight,3013,1,0.3140177175612298,0.6860865033871808
directed_cross_project_edge_weight,3014,1,0.31412193850964043,0.6859822824387702
directed_cross_project_edge_weight,3015,1,0.31422615945805105,0.6858780614903596
directed_cross_project_edge_weight,3016,1,0.3143303804064617,0.6857738405419489
directed_cross_project_edge_weight,3017,1,0.31443460135487233,0.6856696195935383
directed_cross_project_edge_weight,3018,1,0.31453882230328295,0.6855653986451277
directed_cross_project_edge_weight,3019,1,0.31464304325169357,0.685461177696717
directed_cross_project_edge_weight,3020,1,0.31474726420010424,0.6853569567483064
directed_cross_project_edge_weight,3021,1,0.31485148514851485,0.6852527357998958
directed_cross_project_edge_weight,3022,1,0.31495570609692547,0.6851485148514852
directed_cross_project_edge_weight,3023,1,0.3150599270453361,0.6850442939030745
directed_cross_project_edge_weight,3024,1,0.31516414799374676,0.6849400729546639
directed_cross_project_edge_weight,3025,1,0.3152683689421574,0.6848358520062533
directed_cross_project_edge_weight,3026,1,0.315372589890568,0.6847316310578426
directed_cross_project_edge_weight,3027,1,0.31547681083897866,0.684627410109432
directed_cross_project_edge_weight,3028,1,0.3155810317873893,0.6845231891610214
directed_cross_project_edge_weight,3029,1,0.3156852527357999,0.6844189682126107
directed_cross_project_edge_weight,3030,1,0.3157894736842105,0.6843147472642
directed_cross_project_edge_weight,3031,1,0.3158936946326212,0.6842105263157895
directed_cross_project_edge_weight,3032,1,0.3159979155810318,0.6841063053673788
directed_cross_project_edge_weight,3033,1,0.3161021365294424,0.6840020844189683
directed_cross_project_edge_weight,3034,1,0.31620635747785303,0.6838978634705576
directed_cross_project_edge_weight,3035,1,0.3163105784262637,0.6837936425221469
directed_cross_project_edge_weight,3036,1,0.3164147993746743,0.6836894215737364
directed_cross_project_edge_weight,3037,1,0.31651902032308493,0.6835852006253257
directed_cross_project_edge_weight,3038,1,0.31662324127149555,0.683480979676915
directed_cross_project_edge_weight,3039,1,0.3167274622199062,0.6833767587285045
directed_cross_project_edge_weight,3040,1,0.31683168316831684,0.6832725377800938
directed_cross_project_edge_weight,3041,1,0.31693590411672745,0.6831683168316832
directed_cross_project_edge_weight,3042,1,0.31704012506513807,0.6830640958832725
directed_cross_project_edge_weight,3043,1,0.31714434601354874,0.6829598749348619
directed_cross_project_edge_weight,3044,1,0.31724856696195936,0.6828556539864513
directed_cross_project_edge_weight,3045,1,0.31735278791036997,0.6827514330380406
directed_cross_project_edge_weight,3046,1,0.3174570088587806,0.68264721208963
directed_cross_project_edge_weight,3047,1,0.31756122980719126,0.6825429911412194
directed_cross_project_edge_weight,3048,1,0.3176654507556019,0.6824387701928087
directed_cross_project_edge_weight,3049,1,0.3177696717040125,0.6823345492443981
directed_cross_project_edge_weight,3050,1,0.31787389265242316,0.6822303282959875
directed_cross_project_edge_weight,3051,1,0.3179781136008338,0.6821261073475768
directed_cross_project_edge_weight,3052,1,0.3180823345492444,0.6820218863991663
directed_cross_project_edge_weight,3053,1,0.318186555497655,0.6819176654507556
directed_cross_project_edge_weight,3054,1,0.3182907764460657,0.6818134445023449
directed_cross_project_edge_weight,3055,1,0.3183949973944763,0.6817092235539344
directed_cross_project_edge_weight,3056,1,0.3184992183428869,0.6816050026055237
directed_cross_project_edge_weight,3057,1,0.31860343929129753,0.681500781657113
directed_cross_project_edge_weight,3058,1,0.3187076602397082,0.6813965607087025
directed_cross_project_edge_weight,3059,1,0.3188118811881188,0.6812923397602918
directed_cross_project_edge_weight,3060,1,0.31891610213652943,0.6811881188118812
directed_cross_project_edge_weight,3061,1,0.31902032308494005,0.6810838978634706
directed_cross_project_edge_weight,3062,1,0.3191245440333507,0.6809796769150599
directed_cross_project_edge_weight,3063,1,0.31922876498176134,0.6808754559666493
directed_cross_project_edge_weight,3064,1,0.31933298593017195,0.6807712350182387
directed_cross_project_edge_weight,3065,1,0.31943720687858257,0.680667014069828
directed_cross_project_edge_weight,3066,1,0.31954142782699324,0.6805627931214174
directed_cross_project_edge_weight,3067,1,0.31964564877540386,0.6804585721730068
directed_cross_project_edge_weight,3068,1,0.3197498697238145,0.6803543512245962
directed_cross_project_edge_weight,3069,1,0.31985409067222514,0.6802501302761855
directed_cross_project_edge_weight,3070,1,0.31995831162063576,0.6801459093277749
directed_cross_project_edge_weight,3071,1,0.3200625325690464,0.6800416883793643
directed_cross_project_edge_weight,3072,1,0.320166753517457,0.6799374674309536
directed_cross_project_edge_weight,3073,1,0.32027097446586766,0.679833246482543
directed_cross_project_edge_weight,3074,1,0.3203751954142783,0.6797290255341324
directed_cross_project_edge_weight,3075,1,0.3204794163626889,0.6796248045857217
directed_cross_project_edge_weight,3076,1,0.3205836373110995,0.679520583637311
directed_cross_project_edge_weight,3077,1,0.3206878582595102,0.6794163626889005
directed_cross_project_edge_weight,3078,1,0.3207920792079208,0.6793121417404898
directed_cross_project_edge_weight,3079,1,0.3208963001563314,0.6792079207920793
directed_cross_project_edge_weight,3080,1,0.32100052110474203,0.6791036998436686
directed_cross_project_edge_weight,3081,1,0.3211047420531527,0.6789994788952579
directed_cross_project_edge_weight,3082,1,0.3212089630015633,0.6788952579468474
directed_cross_project_edge_weight,3083,1,0.32131318394997394,0.6787910369984367
directed_cross_project_edge_weight,3084,1,0.32141740489838455,0.678686816050026
directed_cross_project_edge_weight,3085,1,0.3215216258467952,0.6785825951016154
directed_cross_project_edge_weight,3086,1,0.32162584679520584,0.6784783741532048
directed_cross_project_edge_weight,3087,1,0.32173006774361645,0.6783741532047942
directed_cross_project_edge_weight,3088,1,0.32183428869202707,0.6782699322563835
directed_cross_project_edge_weight,3089,1,0.32193850964043774,0.6781657113079729
directed_cross_project_edge_weight,3090,1,0.32204273058884836,0.6780614903595623
directed_cross_project_edge_weight,3091,1,0.322146951537259,0.6779572694111516
directed_cross_project_edge_weight,3092,1,0.32225117248566965,0.677853048462741
directed_cross_project_edge_weight,3093,1,0.32235539343408026,0.6777488275143304
directed_cross_project_edge_weight,3094,1,0.3224596143824909,0.6776446065659197
directed_cross_project_edge_weight,3095,1,0.3225638353309015,0.6775403856175091
directed_cross_project_edge_weight,3096,1,0.32266805627931217,0.6774361646690985
directed_cross_project_edge_weight,3097,1,0.3227722772277228,0.6773319437206878
directed_cross_project_edge_weight,3098,1,0.3228764981761334,0.6772277227722773
directed_cross_project_edge_weight,3099,1,0.322980719124544,0.6771235018238666
directed_cross_project_edge_weight,3100,1,0.3230849400729547,0.6770192808754559
directed_cross_project_edge_weight,3101,1,0.3231891610213653,0.6769150599270454
directed_cross_project_edge_weight,3102,1,0.3232933819697759,0.6768108389786347
directed_cross_project_edge_weight,3103,1,0.32339760291818653,0.676706618030224
directed_cross_project_edge_weight,3104,1,0.3235018238665972,0.6766023970818135
directed_cross_project_edge_weight,3105,1,0.3236060448150078,0.6764981761334028
directed_cross_project_edge_weight,3106,1,0.32371026576341844,0.6763939551849922
directed_cross_project_edge_weight,3107,1,0.32381448671182905,0.6762897342365816
directed_cross_project_edge_weight,3108,1,0.3239187076602397,0.6761855132881709
directed_cross_project_edge_weight,3109,1,0.32402292860865034,0.6760812923397603
directed_cross_project_edge_weight,3110,1,0.32412714955706096,0.6759770713913497
directed_cross_project_edge_weight,3111,1,0.32423137050547157,0.675872850442939
directed_cross_project_edge_weight,3112,1,0.32433559145388224,0.6757686294945284
directed_cross_project_edge_weight,3113,1,0.32443981240229286,0.6756644085461178
directed_cross_project_edge_weight,3114,1,0.3245440333507035,0.6755601875977071
directed_cross_project_edge_weight,3115,1,0.32464825429911415,0.6754559666492965
directed_cross_project_edge_weight,3116,1,0.32475247524752476,0.6753517457008859
directed_cross_project_edge_weight,3117,1,0.3248566961959354,0.6752475247524753
directed_cross_project_edge_weight,3118,1,0.324960917144346,0.6751433038040646
directed_cross_project_edge_weight,3119,1,0.32506513809275667,0.675039082855654
directed_cross_project_edge_weight,3120,1,0.3251693590411673,0.6749348619072434
directed_cross_project_edge_weight,3121,1,0.3252735799895779,0.6748306409588327
directed_cross_project_edge_weight,3122,1,0.3253778009379885,0.674726420010422
directed_cross_project_edge_weight,3123,1,0.3254820218863992,0.6746221990620115
directed_cross_project_edge_weight,3124,1,0.3255862428348098,0.6745179781136008
directed_cross_project_edge_weight,3125,1,0.3256904637832204,0.6744137571651903
directed_cross_project_edge_weight,3126,1,0.32579468473163103,0.6743095362167796
directed_cross_project_edge_weight,3127,1,0.3258989056800417,0.6742053152683689
directed_cross_project_edge_weight,3128,1,0.3260031266284523,0.6741010943199583
directed_cross_project_edge_weight,3129,1,0.32610734757686294,0.6739968733715477
directed_cross_project_edge_weight,3130,1,0.32621156852527355,0.673892652423137
directed_cross_project_edge_weight,3131,1,0.3263157894736842,0.6737884314747264
directed_cross_project_edge_weight,3132,1,0.32642001042209484,0.6736842105263158
directed_cross_project_edge_weight,3133,1,0.32652423137050546,0.6735799895779052
directed_cross_project_edge_weight,3134,1,0.32662845231891613,0.6734757686294945
directed_cross_project_edge_weight,3135,1,0.32673267326732675,0.6733715476810839
directed_cross_project_edge_weight,3136,1,0.32683689421573736,0.6732673267326733
directed_cross_project_edge_weight,3137,1,0.326941115164148,0.6731631057842626
directed_cross_project_edge_weight,3138,1,0.32704533611255865,0.673058884835852
directed_cross_project_edge_weight,3139,1,0.32714955706096926,0.6729546638874414
directed_cross_project_edge_weight,3140,1,0.3272537780093799,0.6728504429390307
directed_cross_project_edge_weight,3141,1,0.3273579989577905,0.6727462219906201
directed_cross_project_edge_weight,3142,1,0.32746221990620117,0.6726420010422095
directed_cross_project_edge_weight,3143,1,0.3275664408546118,0.6725377800937988
directed_cross_project_edge_weight,3144,1,0.3276706618030224,0.6724335591453883
directed_cross_project_edge_weight,3145,1,0.327774882751433,0.6723293381969776
directed_cross_project_edge_weight,3146,1,0.3278791036998437,0.6722251172485669
directed_cross_project_edge_weight,3147,1,0.3279833246482543,0.6721208963001564
directed_cross_project_edge_weight,3148,1,0.3280875455966649,0.6720166753517457
directed_cross_project_edge_weight,3149,1,0.32819176654507554,0.671912454403335
directed_cross_project_edge_weight,3150,1,0.3282959874934862,0.6718082334549245
directed_cross_project_edge_weight,3151,1,0.3284002084418968,0.6717040125065138
directed_cross_project_edge_weight,3152,1,0.32850442939030744,0.6715997915581032
directed_cross_project_edge_weight,3153,1,0.32860865033871806,0.6714955706096926
directed_cross_project_edge_weight,3154,1,0.3287128712871287,0.6713913496612819
directed_cross_project_edge_weight,3155,1,0.32881709223553934,0.6712871287128713
directed_cross_project_edge_weight,3156,1,0.32892131318394996,0.6711829077644607
directed_cross_project_edge_weight,3157,1,0.32902553413236063,0.67107868681605
directed_cross_project_edge_weight,3158,1,0.32912975508077125,0.6709744658676394
directed_cross_project_edge_weight,3159,1,0.32923397602918186,0.6708702449192288
directed_cross_project_edge_weight,3160,1,0.3293381969775925,0.6707660239708181
directed_cross_project_edge_weight,3161,1,0.32944241792600315,0.6706618030224075
directed_cross_project_edge_weight,3162,1,0.32954663887441377,0.6705575820739968
directed_cross_project_edge_weight,3163,1,0.3296508598228244,0.6704533611255863
directed_cross_project_edge_weight,3164,1,0.329755080771235,0.6703491401771756
directed_cross_project_edge_weight,3165,1,0.32985930171964567,0.670244919228765
directed_cross_project_edge_weight,3166,1,0.3299635226680563,0.6701406982803544
directed_cross_project_edge_weight,3167,1,0.3300677436164669,0.6700364773319437
directed_cross_project_edge_weight,3168,1,0.3301719645648775,0.669932256383533
directed_cross_project_edge_weight,3169,1,0.3302761855132882,0.6698280354351225
directed_cross_project_edge_weight,3170,1,0.3303804064616988,0.6697238144867118
directed_cross_project_edge_weight,3171,1,0.3304846274101094,0.6696195935383012
directed_cross_project_edge_weight,3172,1,0.33058884835852004,0.6695153725898906
directed_cross_project_edge_weight,3173,1,0.3306930693069307,0.6694111516414799
directed_cross_project_edge_weight,3174,1,0.3307972902553413,0.6693069306930693
directed_cross_project_edge_weight,3175,1,0.33090151120375194,0.6692027097446587
directed_cross_project_edge_weight,3176,1,0.33100573215216256,0.669098488796248
directed_cross_project_edge_weight,3177,1,0.33110995310057323,0.6689942678478374
directed_cross_project_edge_weight,3178,1,0.33121417404898384,0.6688900468994268
directed_cross_project_edge_weight,3179,1,0.33131839499739446,0.6687858259510161
directed_cross_project_edge_weight,3180,1,0.33142261594580513,0.6686816050026055
directed_cross_project_edge_weight,3181,1,0.33152683689421575,0.6685773840541949
directed_cross_project_edge_weight,3182,1,0.33163105784262636,0.6684731631057843
directed_cross_project_edge_weight,3183,1,0.331735278791037,0.6683689421573736
directed_cross_project_edge_weight,3184,1,0.33183949973944765,0.668264721208963
directed_cross_project_edge_weight,3185,1,0.33194372068785827,0.6681605002605524
directed_cross_project_edge_weight,3186,1,0.3320479416362689,0.6680562793121417
directed_cross_project_edge_weight,3187,1,0.3321521625846795,0.6679520583637311
directed_cross_project_edge_weight,3188,1,0.33225638353309017,0.6678478374153205
directed_cross_project_edge_weight,3189,1,0.3323606044815008,0.6677436164669098
directed_cross_project_edge_weight,3190,1,0.3324648254299114,0.6676393955184993
directed_cross_project_edge_weight,3191,1,0.332569046378322,0.6675351745700886
directed_cross_project_edge_weight,3192,1,0.3326732673267327,0.6674309536216779
directed_cross_project_edge_weight,3193,1,0.3327774882751433,0.6673267326732674
directed_cross_project_edge_weight,3194,1,0.3328817092235539,0.6672225117248567
directed_cross_project_edge_weight,3195,1,0.33298593017196454,0.667118290776446
directed_cross_project_edge_weight,3196,1,0.3330901511203752,0.6670140698280355
directed_cross_project_edge_weight,3197,1,0.3331943720687858,0.6669098488796248
directed_cross_project_edge_weight,3198,1,0.33329859301719644,0.6668056279312142
directed_cross_project_edge_weight,3199,1,0.3334028139656071,0.6667014069828036
directed_cross_project_edge_weight,3200,1,0.33350703491401773,0.6665971860343929
directed_cross_project_edge_weight,3201,1,0.33361125586242835,0.6664929650859823
directed_cross_project_edge_weight,3202,1,0.33371547681083896,0.6663887441375717
directed_cross_project_edge_weight,3203,1,0.33381969775924963,0.666284523189161
directed_cross_project_edge_weight,3204,1,0.33392391870766025,0.6661803022407504
directed_cross_project_edge_weight,3205,1,0.33402813965607087,0.6660760812923398
directed_cross_project_edge_weight,3206,1,0.3341323606044815,0.6659718603439291
directed_cross_project_edge_weight,3207,1,0.33423658155289215,0.6658676393955185
directed_cross_project_edge_weight,3208,1,0.33434080250130277,0.6657634184471078
directed_cross_project_edge_weight,3209,1,0.3344450234497134,0.6656591974986973
directed_cross_project_edge_weight,3210,1,0.334549244398124,0.6655549765502866
directed_cross_project_edge_weight,3211,1,0.3346534653465347,0.6654507556018759
directed_cross_project_edge_weight,3212,1,0.3347576862949453,0.6653465346534654
directed_cross_project_edge_weight,3213,1,0.3348619072433559,0.6652423137050547
directed_cross_project_edge_weight,3214,1,0.3349661281917665,0.665138092756644
directed_cross_project_edge_weight,3215,1,0.3350703491401772,0.6650338718082335
directed_cross_project_edge_weight,3216,1,0.3351745700885878,0.6649296508598228
directed_cross_project_edge_weight,3217,1,0.3352787910369984,0.6648254299114122
directed_cross_project_edge_weight,3218,1,0.33538301198540904,0.6647212089630016
directed_cross_project_edge_weight,3219,1,0.3354872329338197,0.6646169880145909
directed_cross_project_edge_weight,3220,1,0.33559145388223033,0.6645127670661803
directed_cross_project_edge_weight,3221,1,0.33569567483064094,0.6644085461177697
directed_cross_project_edge_weight,3222,1,0.3357998957790516,0.664304325169359
directed_cross_project_edge_weight,3223,1,0.33590411672746223,0.6642001042209484
directed_cross_project_edge_weight,3224,1,0.33600833767587285,0.6640958832725378
directed_cross_project_edge_weight,3225,1,0.33611255862428346,0.6639916623241271
directed_cross_project_edge_weight,3226,1,0.33621677957269414,0.6638874413757165
directed_cross_project_edge_weight,3227,1,0.33632100052110475,0.6637832204273059
directed_cross_project_edge_weight,3228,1,0.33642522146951537,0.6636789994788953
directed_cross_project_edge_weight,3229,1,0.336529442417926,0.6635747785304846
directed_cross_project_edge_weight,3230,1,0.33663366336633666,0.663470557582074
directed_cross_project_edge_weight,3231,1,0.33673788431474727,0.6633663366336634
directed_cross_project_edge_weight,3232,1,0.3368421052631579,0.6632621156852527
directed_cross_project_edge_weight,3233,1,0.3369463262115685,0.6631578947368421
directed_cross_project_edge_weight,3234,1,0.3370505471599792,0.6630536737884315
directed_cross_project_edge_weight,3235,1,0.3371547681083898,0.6629494528400208
directed_cross_project_edge_weight,3236,1,0.3372589890568004,0.6628452318916103
directed_cross_project_edge_weight,3237,1,0.337363210005211,0.6627410109431996
directed_cross_project_edge_weight,3238,1,0.3374674309536217,0.6626367899947889
directed_cross_project_edge_weight,3239,1,0.3375716519020323,0.6625325690463784
directed_cross_project_edge_weight,3240,1,0.3376758728504429,0.6624283480979677
directed_cross_project_edge_weight,3241,1,0.33778009379885354,0.662324127149557
directed_cross_project_edge_weight,3242,1,0.3378843147472642,0.6622199062011465
directed_cross_project_edge_weight,3243,1,0.33798853569567483,0.6621156852527358
directed_cross_project_edge_weight,3244,1,0.33809275664408545,0.6620114643043251
directed_cross_project_edge_weight,3245,1,0.3381969775924961,0.6619072433559146
directed_cross_project_edge_weight,3246,1,0.33830119854090673,0.6618030224075039
directed_cross_project_edge_weight,3247,1,0.33840541948931735,0.6616988014590933
directed_cross_project_edge_weight,3248,1,0.33850964043772797,0.6615945805106827
directed_cross_project_edge_weight,3249,1,0.33861386138613864,0.661490359562272
directed_cross_project_edge_weight,3250,1,0.33871808233454925,0.6613861386138614
directed_cross_project_edge_weight,3251,1,0.33882230328295987,0.6612819176654507
directed_cross_project_edge_weight,3252,1,0.3389265242313705,0.6611776967170401
directed_cross_project_edge_weight,3253,1,0.33903074517978116,0.6610734757686295
directed_cross_project_edge_weight,3254,1,0.3391349661281918,0.6609692548202188
directed_cross_project_edge_weight,3255,1,0.3392391870766024,0.6608650338718083
directed_cross_project_edge_weight,3256,1,0.339343408025013,0.6607608129233976
directed_cross_project_edge_weight,3257,1,0.3394476289734237,0.6606565919749869
directed_cross_project_edge_weight,3258,1,0.3395518499218343,0.6605523710265764
directed_cross_project_edge_weight,3259,1,0.3396560708702449,0.6604481500781657
directed_cross_project_edge_weight,3260,1,0.3397602918186555,0.660343929129755
directed_cross_project_edge_weight,3261,1,0.3398645127670662,0.6602397081813445
directed_cross_project_edge_weight,3262,1,0.3399687337154768,0.6601354872329338
directed_cross_project_edge_weight,3263,1,0.34007295466388743,0.6600312662845232
directed_cross_project_edge_weight,3264,1,0.3401771756122981,0.6599270453361126
directed_cross_project_edge_weight,3265,1,0.3402813965607087,0.6598228243877019
directed_cross_project_edge_weight,3266,1,0.34038561750911933,0.6597186034392913
directed_cross_project_edge_weight,3267,1,0.34048983845752995,0.6596143824908807
directed_cross_project_edge_weight,3268,1,0.3405940594059406,0.65951016154247
directed_cross_project_edge_weight,3269,1,0.34069828035435124,0.6594059405940594
directed_cross_project_edge_weight,3270,1,0.34080250130276185,0.6593017196456488
directed_cross_project_edge_weight,3271,1,0.34090672225117247,0.6591974986972381
directed_cross_project_edge_weight,3272,1,0.34101094319958314,0.6590932777488275
directed_cross_project_edge_weight,3273,1,0.34111516414799375,0.6589890568004169
directed_cross_project_edge_weight,3274,1,0.34121938509640437,0.6588848358520063
directed_cross_project_edge_weight,3275,1,0.341323606044815,0.6587806149035956
directed_cross_project_edge_weight,3276,1,0.34142782699322566,0.658676393955185
directed_cross_project_edge_weight,3277,1,0.3415320479416363,0.6585721730067744
directed_cross_project_edge_weight,3278,1,0.3416362688900469,0.6584679520583637
directed_cross_project_edge_weight,3279,1,0.3417404898384575,0.658363731109953
directed_cross_project_edge_weight,3280,1,0.3418447107868682,0.6582595101615425
directed_cross_project_edge_weight,3281,1,0.3419489317352788,0.6581552892131318
directed_cross_project_edge_weight,3282,1,0.3420531526836894,0.6580510682647213
directed_cross_project_edge_weight,3283,1,0.3421573736321,0.6579468473163106
directed_cross_project_edge_weight,3284,1,0.3422615945805107,0.6578426263678999
directed_cross_project_edge_weight,3285,1,0.3423658155289213,0.6577384054194894
directed_cross_project_edge_weight,3286,1,0.34247003647733193,0.6576341844710787
directed_cross_project_edge_weight,3287,1,0.3425742574257426,0.657529963522668
directed_cross_project_edge_weight,3288,1,0.3426784783741532,0.6574257425742575
directed_cross_project_edge_weight,3289,1,0.34278269932256383,0.6573215216258468
directed_cross_project_edge_weight,3290,1,0.34288692027097445,0.6572173006774361
directed_cross_project_edge_weight,3291,1,0.3429911412193851,0.6571130797290256
directed_cross_project_edge_weight,3292,1,0.34309536216779574,0.6570088587806149
directed_cross_project_edge_weight,3293,1,0.34319958311620635,0.6569046378322043
directed_cross_project_edge_weight,3294,1,0.34330380406461697,0.6568004168837936
directed_cross_project_edge_weight,3295,1,0.34340802501302764,0.656696195935383
directed_cross_project_edge_weight,3296,1,0.34351224596143826,0.6565919749869724
directed_cross_project_edge_weight,3297,1,0.34361646690984887,0.6564877540385617
directed_cross_project_edge_weight,3298,1,0.3437206878582595,0.6563835330901511
directed_cross_project_edge_weight,3299,1,0.34382490880667016,0.6562793121417405
directed_cross_project_edge_weight,3300,1,0.3439291297550808,0.6561750911933298
directed_cross_project_edge_weight,3301,1,0.3440333507034914,0.6560708702449193
directed_cross_project_edge_weight,3302,1,0.344137571651902,0.6559666492965086
directed_cross_project_edge_weight,3303,1,0.3442417926003127,0.6558624283480979
directed_cross_project_edge_weight,3304,1,0.3443460135487233,0.6557582073996874
directed_cross_project_edge_weight,3305,1,0.3444502344971339,0.6556539864512767
directed_cross_project_edge_weight,3306,1,0.3445544554455445,0.655549765502866
directed_cross_project_edge_weight,3307,1,0.3446586763939552,0.6554455445544555
directed_cross_project_edge_weight,3308,1,0.3447628973423658,0.6553413236060448
directed_cross_project_edge_weight,3309,1,0.34486711829077643,0.6552371026576341
directed_cross_project_edge_weight,3310,1,0.3449713392391871,0.6551328817092236
directed_cross_project_edge_weight,3311,1,0.3450755601875977,0.6550286607608129
directed_cross_project_edge_weight,3312,1,0.34517978113600833,0.6549244398124023
directed_cross_project_edge_weight,3313,1,0.34528400208441895,0.6548202188639917
directed_cross_project_edge_weight,3314,1,0.3453882230328296,0.654715997915581
directed_cross_project_edge_weight,3315,1,0.34549244398124024,0.6546117769671704
directed_cross_project_edge_weight,3316,1,0.34559666492965085,0.6545075560187598
directed_cross_project_edge_weight,3317,1,0.34570088587806147,0.6544033350703491
directed_cross_project_edge_weight,3318,1,0.34580510682647214,0.6542991141219385
directed_cross_project_edge_weight,3319,1,0.34590932777488276,0.6541948931735279
directed_cross_project_edge_weight,3320,1,0.3460135487232934,0.6540906722251173
directed_cross_project_edge_weight,3321,1,0.346117769671704,0.6539864512767066
directed_cross_project_edge_weight,3322,1,0.34622199062011466,0.653882230328296
directed_cross_project_edge_weight,3323,1,0.3463262115685253,0.6537780093798854
directed_cross_project_edge_weight,3324,1,0.3464304325169359,0.6536737884314747
directed_cross_project_edge_weight,3325,1,0.3465346534653465,0.653569567483064
directed_cross_project_edge_weight,3326,1,0.3466388744137572,0.6534653465346535
directed_cross_project_edge_weight,3327,1,0.3467430953621678,0.6533611255862428
directed_cross_project_edge_weight,3328,1,0.3468473163105784,0.6532569046378323
directed_cross_project_edge_weight,3329,1,0.3469515372589891,0.6531526836894216
directed_cross_project_edge_weight,3330,1,0.3470557582073997,0.6530484627410109
directed_cross_project_edge_weight,3331,1,0.3471599791558103,0.6529442417926004
directed_cross_project_edge_weight,3332,1,0.34726420010422093,0.6528400208441897
directed_cross_project_edge_weight,3333,1,0.3473684210526316,0.652735799895779
directed_cross_project_edge_weight,3334,1,0.3474726420010422,0.6526315789473685
directed_cross_project_edge_weight,3335,1,0.34757686294945284,0.6525273579989578
directed_cross_project_edge_weight,3336,1,0.34768108389786345,0.6524231370505471
directed_cross_project_edge_weight,3337,1,0.3477853048462741,0.6523189161021365
directed_cross_project_edge_weight,3338,1,0.34788952579468474,0.6522146951537259
directed_cross_project_edge_weight,3339,1,0.34799374674309536,0.6521104742053153
directed_cross_project_edge_weight,3340,1,0.34809796769150597,0.6520062532569046
directed_cross_project_edge_weight,3341,1,0.34820218863991664,0.651902032308494
directed_cross_project_edge_weight,3342,1,0.34830640958832726,0.6517978113600834
directed_cross_project_edge_weight,3343,1,0.3484106305367379,0.6516935904116727
directed_cross_project_edge_weight,3344,1,0.3485148514851485,0.6515893694632621
directed_cross_project_edge_weight,3345,1,0.34861907243355916,0.6514851485148515
directed_cross_project_edge_weight,3346,1,0.3487232933819698,0.6513809275664408
directed_cross_project_edge_weight,3347,1,0.3488275143303804,0.6512767066180303
directed_cross_project_edge_weight,3348,1,0.348931735278791,0.6511724856696196
directed_cross_project_edge_weight,3349,1,0.3490359562272017,0.6510682647212089
directed_cross_project_edge_weight,3350,1,0.3491401771756123,0.6509640437727984
directed_cross_project_edge_weight,3351,1,0.3492443981240229,0.6508598228243877
directed_cross_project_edge_weight,3352,1,0.3493486190724336,0.650755601875977
directed_cross_project_edge_weight,3353,1,0.3494528400208442,0.6506513809275665
directed_cross_project_edge_weight,3354,1,0.3495570609692548,0.6505471599791558
directed_cross_project_edge_weight,3355,1,0.34966128191766543,0.6504429390307451
directed_cross_project_edge_weight,3356,1,0.3497655028660761,0.6503387180823346
directed_cross_project_edge_weight,3357,1,0.3498697238144867,0.6502344971339239
directed_cross_project_edge_weight,3358,1,0.34997394476289734,0.6501302761855133
directed_cross_project_edge_weight,3359,1,0.35007816571130795,0.6500260552371027
directed_cross_project_edge_weight,3360,1,0.3501823866597186,0.649921834288692
directed_cross_project_edge_weight,3361,1,0.35028660760812924,0.6498176133402814
directed_cross_project_edge_weight,3362,1,0.35039082855653986,0.6497133923918708
directed_cross_project_edge_weight,3363,1,0.3504950495049505,0.6496091714434601
directed_cross_project_edge_weight,3364,1,0.35059927045336114,0.6495049504950495
directed_cross_project_edge_weight,3365,1,0.35070349140177176,0.6494007295466389
directed_cross_project_edge_weight,3366,1,0.3508077123501824,0.6492965085982283
directed_cross_project_edge_weight,3367,1,0.350911933298593,0.6491922876498176
directed_cross_project_edge_weight,3368,1,0.35101615424700366,0.649088066701407
directed_cross_project_edge_weight,3369,1,0.3511203751954143,0.6489838457529964
directed_cross_project_edge_weight,3370,1,0.3512245961438249,0.6488796248045857
directed_cross_project_edge_weight,3371,1,0.3513288170922355,0.648775403856175
directed_cross_project_edge_weight,3372,1,0.3514330380406462,0.6486711829077645
directed_cross_project_edge_weight,3373,1,0.3515372589890568,0.6485669619593538
directed_cross_project_edge_weight,3374,1,0.3516414799374674,0.6484627410109431
directed_cross_project_edge_weight,3375,1,0.3517457008858781,0.6483585200625326
directed_cross_project_edge_weight,3376,1,0.3518499218342887,0.6482542991141219
directed_cross_project_edge_weight,3377,1,0.3519541427826993,0.6481500781657114
directed_cross_project_edge_weight,3378,1,0.35205836373110994,0.6480458572173007
directed_cross_project_edge_weight,3379,1,0.3521625846795206,0.64794163626889
directed_cross_project_edge_weight,3380,1,0.3522668056279312,0.6478374153204794
directed_cross_project_edge_weight,3381,1,0.35237102657634184,0.6477331943720688
directed_cross_project_edge_weight,3382,1,0.35247524752475246,0.6476289734236581
directed_cross_project_edge_weight,3383,1,0.3525794684731631,0.6475247524752475
directed_cross_project_edge_weight,3384,1,0.35268368942157374,0.6474205315268369
directed_cross_project_edge_weight,3385,1,0.35278791036998436,0.6473163105784263
directed_cross_project_edge_weight,3386,1,0.352892131318395,0.6472120896300156
directed_cross_project_edge_weight,3387,1,0.35299635226680565,0.647107868681605
directed_cross_project_edge_weight,3388,1,0.35310057321521626,0.6470036477331944
directed_cross_project_edge_weight,3389,1,0.3532047941636269,0.6468994267847837
directed_cross_project_edge_weight,3390,1,0.3533090151120375,0.6467952058363731
directed_cross_project_edge_weight,3391,1,0.35341323606044817,0.6466909848879625
directed_cross_project_edge_weight,3392,1,0.3535174570088588,0.6465867639395518
directed_cross_project_edge_weight,3393,1,0.3536216779572694,0.6464825429911413
directed_cross_project_edge_weight,3394,1,0.35372589890568,0.6463783220427306
directed_cross_project_edge_weight,3395,1,0.3538301198540907,0.6462741010943199
directed_cross_project_edge_weight,3396,1,0.3539343408025013,0.6461698801459094
directed_cross_project_edge_weight,3397,1,0.3540385617509119,0.6460656591974987
directed_cross_project_edge_weight,3398,1,0.3541427826993226,0.645961438249088
directed_cross_project_edge_weight,3399,1,0.3542470036477332,0.6458572173006775
directed_cross_project_edge_weight,3400,1,0.3543512245961438,0.6457529963522668
directed_cross_project_edge_weight,3401,1,0.35445544554455444,0.6456487754038561
directed_cross_project_edge_weight,3402,1,0.3545596664929651,0.6455445544554456
directed_cross_project_edge_weight,3403,1,0.3546638874413757,0.6454403335070349
directed_cross_project_edge_weight,3404,1,0.35476810838978634,0.6453361125586243
directed_cross_project_edge_weight,3405,1,0.35487232933819696,0.6452318916102137
directed_cross_project_edge_weight,3406,1,0.35497655028660763,0.645127670661803
directed_cross_project_edge_weight,3407,1,0.35508077123501824,0.6450234497133924
directed_cross_project_edge_weight,3408,1,0.35518499218342886,0.6449192287649818
directed_cross_project_edge_weight,3409,1,0.3552892131318395,0.6448150078165711
directed_cross_project_edge_weight,3410,1,0.35539343408025015,0.6447107868681605
directed_cross_project_edge_weight,3411,1,0.35549765502866076,0.6446065659197499
directed_cross_project_edge_weight,3412,1,0.3556018759770714,0.6445023449713393
directed_cross_project_edge_weight,3413,1,0.355706096925482,0.6443981240229286
directed_cross_project_edge_weight,3414,1,0.35581031787389267,0.644293903074518
directed_cross_project_edge_weight,3415,1,0.3559145388223033,0.6441896821261074
directed_cross_project_edge_weight,3416,1,0.3560187597707139,0.6440854611776967
directed_cross_project_edge_weight,3417,1,0.35612298071912457,0.643981240229286
directed_cross_project_edge_weight,3418,1,0.3562272016675352,0.6438770192808755
directed_cross_project_edge_weight,3419,1,0.3563314226159458,0.6437727983324648
directed_cross_project_edge_weight,3420,1,0.3564356435643564,0.6436685773840541
directed_cross_project_edge_weight,3421,1,0.3565398645127671,0.6435643564356436
directed_cross_project_edge_weight,3422,1,0.3566440854611777,0.6434601354872329
directed_cross_project_edge_weight,3423,1,0.3567483064095883,0.6433559145388223
directed_cross_project_edge_weight,3424,1,0.35685252735799894,0.6432516935904117
directed_cross_project_edge_weight,3425,1,0.3569567483064096,0.643147472642001
directed_cross_project_edge_weight,3426,1,0.3570609692548202,0.6430432516935904
directed_cross_project_edge_weight,3427,1,0.35716519020323084,0.6429390307451798
directed_cross_project_edge_weight,3428,1,0.35726941115164146,0.6428348097967691
directed_cross_project_edge_weight,3429,1,0.35737363210005213,0.6427305888483585
directed_cross_project_edge_weight,3430,1,0.35747785304846275,0.6426263678999479
directed_cross_project_edge_weight,3431,1,0.35758207399687336,0.6425221469515373
directed_cross_project_edge_weight,3432,1,0.357686294945284,0.6424179260031266
directed_cross_project_edge_weight,3433,1,0.35779051589369465,0.642313705054716
directed_cross_project_edge_weight,3434,1,0.35789473684210527,0.6422094841063054
directed_cross_project_edge_weight,3435,1,0.3579989577905159,0.6421052631578947
directed_cross_project_edge_weight,3436,1,0.3581031787389265,0.6420010422094841
directed_cross_project_edge_weight,3437,1,0.35820739968733717,0.6418968212610735
directed_cross_project_edge_weight,3438,1,0.3583116206357478,0.6417926003126628
directed_cross_project_edge_weight,3439,1,0.3584158415841584,0.6416883793642522
directed_cross_project_edge_weight,3440,1,0.3585200625325691,0.6415841584158416
directed_cross_project_edge_weight,3441,1,0.3586242834809797,0.6414799374674309
directed_cross_project_edge_weight,3442,1,0.3587285044293903,0.6413757165190204
directed_cross_project_edge_weight,3443,1,0.3588327253778009,0.6412714955706097
directed_cross_project_edge_weight,3444,1,0.3589369463262116,0.641167274622199
directed_cross_project_edge_weight,3445,1,0.3590411672746222,0.6410630536737885
directed_cross_project_edge_weight,3446,1,0.3591453882230328,0.6409588327253778
directed_cross_project_edge_weight,3447,1,0.35924960917144344,0.6408546117769671
directed_cross_project_edge_weight,3448,1,0.3593538301198541,0.6407503908285566
directed_cross_project_edge_weight,3449,1,0.35945805106826473,0.6406461698801459
directed_cross_project_edge_weight,3450,1,0.35956227201667534,0.6405419489317353
directed_cross_project_edge_weight,3451,1,0.35966649296508596,0.6404377279833247
directed_cross_project_edge_weight,3452,1,0.35977071391349663,0.640333507034914
directed_cross_project_edge_weight,3453,1,0.35987493486190725,0.6402292860865034
directed_cross_project_edge_weight,3454,1,0.35997915581031786,0.6401250651380928
directed_cross_project_edge_weight,3455,1,0.3600833767587285,0.6400208441896821
directed_cross_project_edge_weight,3456,1,0.36018759770713915,0.6399166232412715
directed_cross_project_edge_weight,3457,1,0.36029181865554977,0.6398124022928608
directed_cross_project_edge_weight,3458,1,0.3603960396039604,0.6397081813444503
directed_cross_project_edge_weight,3459,1,0.360500260552371,0.6396039603960396
directed_cross_project_edge_weight,3460,1,0.36060448150078167,0.639499739447629
directed_cross_project_edge_weight,3461,1,0.3607087024491923,0.6393955184992184
directed_cross_project_edge_weight,3462,1,0.3608129233976029,0.6392912975508077
directed_cross_project_edge_weight,3463,1,0.3609171443460136,0.639187076602397
directed_cross_project_edge_weight,3464,1,0.3610213652944242,0.6390828556539865
directed_cross_project_edge_weight,3465,1,0.3611255862428348,0.6389786347055758
directed_cross_project_edge_weight,3466,1,0.3612298071912454,0.6388744137571651
directed_cross_project_edge_weight,3467,1,0.3613340281396561,0.6387701928087546
directed_cross_project_edge_weight,3468,1,0.3614382490880667,0.6386659718603439
directed_cross_project_edge_weight,3469,1,0.3615424700364773,0.6385617509119333
directed_cross_project_edge_weight,3470,1,0.36164669098488794,0.6384575299635227
directed_cross_project_edge_weight,3471,1,0.3617509119332986,0.638353309015112
directed_cross_project_edge_weight,3472,1,0.36185513288170923,0.6382490880667014
directed_cross_project_edge_weight,3473,1,0.36195935383011985,0.6381448671182908
directed_cross_project_edge_weight,3474,1,0.36206357477853046,0.6380406461698801
directed_cross_project_edge_weight,3475,1,0.36216779572694113,0.6379364252214695
directed_cross_project_edge_weight,3476,1,0.36227201667535175,0.6378322042730589
directed_cross_project_edge_weight,3477,1,0.36237623762376237,0.6377279833246483
directed_cross_project_edge_weight,3478,1,0.362480458572173,0.6376237623762376
directed_cross_project_edge_weight,3479,1,0.36258467952058365,0.637519541427827
directed_cross_project_edge_weight,3480,1,0.36268890046899427,0.6374153204794164
directed_cross_project_edge_weight,3481,1,0.3627931214174049,0.6373110995310057
directed_cross_project_edge_weight,3482,1,0.36289734236581556,0.6372068785825951
directed_cross_project_edge_weight,3483,1,0.36300156331422617,0.6371026576341845
directed_cross_project_edge_weight,3484,1,0.3631057842626368,0.6369984366857738
directed_cross_project_edge_weight,3485,1,0.3632100052110474,0.6368942157373632
directed_cross_project_edge_weight,3486,1,0.3633142261594581,0.6367899947889526
directed_cross_project_edge_weight,3487,1,0.3634184471078687,0.6366857738405419
directed_cross_project_edge_weight,3488,1,0.3635226680562793,0.6365815528921314
directed_cross_project_edge_weight,3489,1,0.3636268890046899,0.6364773319437207
directed_cross_project_edge_weight,3490,1,0.3637311099531006,0.63637311099531
directed_cross_project_edge_weight,3491,1,0.3638353309015112,0.6362688900468995
directed_cross_project_edge_weight,3492,1,0.3639395518499218,0.6361646690984888
directed_cross_project_edge_weight,3493,1,0.36404377279833244,0.6360604481500781
directed_cross_project_edge_weight,3494,1,0.3641479937467431,0.6359562272016676
directed_cross_project_edge_weight,3495,1,0.36425221469515373,0.6358520062532569
directed_cross_project_edge_weight,3496,1,0.36435643564356435,0.6357477853048463
directed_cross_project_edge_weight,3497,1,0.36446065659197496,0.6356435643564357
directed_cross_project_edge_weight,3498,1,0.36456487754038563,0.635539343408025
directed_cross_project_edge_weight,3499,1,0.36466909848879625,0.6354351224596144
directed_cross_project_edge_weight,3500,1,0.36477331943720687,0.6353309015112037
directed_cross_project_edge_weight,3501,1,0.3648775403856175,0.6352266805627931
directed_cross_project_edge_weight,3502,1,0.36498176133402815,0.6351224596143825
directed_cross_project_edge_weight,3503,1,0.36508598228243877,0.6350182386659718
directed_cross_project_edge_weight,3504,1,0.3651902032308494,0.6349140177175612
directed_cross_project_edge_weight,3505,1,0.36529442417926006,0.6348097967691506
directed_cross_project_edge_weight,3506,1,0.3653986451276707,0.6347055758207399
directed_cross_project_edge_weight,3507,1,0.3655028660760813,0.6346013548723294
directed_cross_project_edge_weight,3508,1,0.3656070870244919,0.6344971339239187
directed_cross_project_edge_weight,3509,1,0.3657113079729026,0.634392912975508
directed_cross_project_edge_weight,3510,1,0.3658155289213132,0.6342886920270975
directed_cross_project_edge_weight,3511,1,0.3659197498697238,0.6341844710786868
directed_cross_project_edge_weight,3512,1,0.3660239708181344,0.6340802501302761
directed_cross_project_edge_weight,3513,1,0.3661281917665451,0.6339760291818656
directed_cross_project_edge_weight,3514,1,0.3662324127149557,0.6338718082334549
directed_cross_project_edge_weight,3515,1,0.36633663366336633,0.6337675872850443
directed_cross_project_edge_weight,3516,1,0.36644085461177694,0.6336633663366337
directed_cross_project_edge_weight,3517,1,0.3665450755601876,0.633559145388223
directed_cross_project_edge_weight,3518,1,0.36664929650859823,0.6334549244398124
directed_cross_project_edge_weight,3519,1,0.36675351745700885,0.6333507034914018
directed_cross_project_edge_weight,3520,1,0.36685773840541946,0.6332464825429911
directed_cross_project_edge_weight,3521,1,0.36696195935383014,0.6331422615945805
directed_cross_project_edge_weight,3522,1,0.36706618030224075,0.6330380406461699
directed_cross_project_edge_weight,3523,1,0.36717040125065137,0.6329338196977593
directed_cross_project_edge_weight,3524,1,0.367274622199062,0.6328295987493486
directed_cross_project_edge_weight,3525,1,0.36737884314747266,0.632725377800938
directed_cross_project_edge_weight,3526,1,0.36748306409588327,0.6326211568525274
directed_cross_project_edge_weight,3527,1,0.3675872850442939,0.6325169359041167
directed_cross_project_edge_weight,3528,1,0.36769150599270456,0.6324127149557061
directed_cross_project_edge_weight,3529,1,0.3677957269411152,0.6323084940072955
directed_cross_project_edge_weight,3530,1,0.3678999478895258,0.6322042730588848
directed_cross_project_edge_weight,3531,1,0.3680041688379364,0.6321000521104742
directed_cross_project_edge_weight,3532,1,0.3681083897863471,0.6319958311620636
directed_cross_project_edge_weight,3533,1,0.3682126107347577,0.6318916102136529
directed_cross_project_edge_weight,3534,1,0.3683168316831683,0.6317873892652424
directed_cross_project_edge_weight,3535,1,0.3684210526315789,0.6316831683168317
directed_cross_project_edge_weight,3536,1,0.3685252735799896,0.631578947368421
directed_cross_project_edge_weight,3537,1,0.3686294945284002,0.6314747264200105
directed_cross_project_edge_weight,3538,1,0.36873371547681083,0.6313705054715998
directed_cross_project_edge_weight,3539,1,0.36883793642522145,0.6312662845231891
directed_cross_project_edge_weight,3540,1,0.3689421573736321,0.6311620635747786
directed_cross_project_edge_weight,3541,1,0.36904637832204273,0.6310578426263679
directed_cross_project_edge_weight,3542,1,0.36915059927045335,0.6309536216779573
directed_cross_project_edge_weight,3543,1,0.36925482021886397,0.6308494007295466
directed_cross_project_edge_weight,3544,1,0.36935904116727464,0.630745179781136
directed_cross_project_edge_weight,3545,1,0.36946326211568525,0.6306409588327254
directed_cross_project_edge_weight,3546,1,0.36956748306409587,0.6305367378843147
directed_cross_project_edge_weight,3547,1,0.36967170401250654,0.6304325169359041
directed_cross_project_edge_weight,3548,1,0.36977592496091716,0.6303282959874935
directed_cross_project_edge_weight,3549,1,0.3698801459093278,0.6302240750390828
directed_cross_project_edge_weight,3550,1,0.3699843668577384,0.6301198540906722
directed_cross_project_edge_weight,3551,1,0.37008858780614906,0.6300156331422616
directed_cross_project_edge_weight,3552,1,0.3701928087545597,0.6299114121938509
directed_cross_project_edge_weight,3553,1,0.3702970297029703,0.6298071912454404
directed_cross_project_edge_weight,3554,1,0.3704012506513809,0.6297029702970297
directed_cross_project_edge_weight,3555,1,0.3705054715997916,0.629598749348619
directed_cross_project_edge_weight,3556,1,0.3706096925482022,0.6294945284002085
directed_cross_project_edge_weight,3557,1,0.3707139134966128,0.6293903074517978
directed_cross_project_edge_weight,3558,1,0.37081813444502343,0.6292860865033871
directed_cross_project_edge_weight,3559,1,0.3709223553934341,0.6291818655549766
directed_cross_project_edge_weight,3560,1,0.3710265763418447,0.6290776446065659
directed_cross_project_edge_weight,3561,1,0.37113079729025533,0.6289734236581553
directed_cross_project_edge_weight,3562,1,0.37123501823866595,0.6288692027097447
directed_cross_project_edge_weight,3563,1,0.3713392391870766,0.628764981761334
directed_cross_project_edge_weight,3564,1,0.37144346013548724,0.6286607608129234
directed_cross_project_edge_weight,3565,1,0.37154768108389785,0.6285565398645128
directed_cross_project_edge_weight,3566,1,0.37165190203230847,0.6284523189161021
directed_cross_project_edge_weight,3567,1,0.37175612298071914,0.6283480979676915
directed_cross_project_edge_weight,3568,1,0.37186034392912976,0.6282438770192809
directed_cross_project_edge_weight,3569,1,0.37196456487754037,0.6281396560708703
directed_cross_project_edge_weight,3570,1,0.37206878582595104,0.6280354351224596
directed_cross_project_edge_weight,3571,1,0.37217300677436166,0.627931214174049
directed_cross_project_edge_weight,3572,1,0.3722772277227723,0.6278269932256384
directed_cross_project_edge_weight,3573,1,0.3723814486711829,0.6277227722772277
directed_cross_project_edge_weight,3574,1,0.37248566961959356,0.627618551328817
directed_cross_project_edge_weight,3575,1,0.3725898905680042,0.6275143303804065
directed_cross_project_edge_weight,3576,1,0.3726941115164148,0.6274101094319958
directed_cross_project_edge_weight,3577,1,0.3727983324648254,0.6273058884835852
directed_cross_project_edge_weight,3578,1,0.3729025534132361,0.6272016675351746
directed_cross_project_edge_weight,3579,1,0.3730067743616467,0.6270974465867639
directed_cross_project_edge_weight,3580,1,0.3731109953100573,0.6269932256383534
directed_cross_project_edge_weight,3581,1,0.37321521625846793,0.6268890046899427
directed_cross_project_edge_weight,3582,1,0.3733194372068786,0.626784783741532
directed_cross_project_edge_weight,3583,1,0.3734236581552892,0.6266805627931215
directed_cross_project_edge_weight,3584,1,0.37352787910369983,0.6265763418447108
directed_cross_project_edge_weight,3585,1,0.37363210005211045,0.6264721208963001
directed_cross_project_edge_weight,3586,1,0.3737363210005211,0.6263678999478896
directed_cross_project_edge_weight,3587,1,0.37384054194893174,0.6262636789994789
directed_cross_project_edge_weight,3588,1,0.37394476289734235,0.6261594580510683
directed_cross_project_edge_weight,3589,1,0.37404898384575297,0.6260552371026576
directed_cross_project_edge_weight,3590,1,0.37415320479416364,0.625951016154247
directed_cross_project_edge_weight,3591,1,0.37425742574257426,0.6258467952058364
directed_cross_project_edge_weight,3592,1,0.3743616466909849,0.6257425742574257
directed_cross_project_edge_weight,3593,1,0.37446586763939554,0.6256383533090151
directed_cross_project_edge_weight,3594,1,0.37457008858780616,0.6255341323606045
directed_cross_project_edge_weight,3595,1,0.3746743095362168,0.6254299114121938
directed_cross_project_edge_weight,3596,1,0.3747785304846274,0.6253256904637832
directed_cross_project_edge_weight,3597,1,0.37488275143303806,0.6252214695153726
directed_cross_project_edge_weight,3598,1,0.3749869723814487,0.6251172485669619
directed_cross_project_edge_weight,3599,1,0.3750911933298593,0.6250130276185514
directed_cross_project_edge_weight,3600,1,0.3751954142782699,0.6249088066701407
directed_cross_project_edge_weight,3601,1,0.3752996352266806,0.62480458572173
directed_cross_project_edge_weight,3602,1,0.3754038561750912,0.6247003647733195
directed_cross_project_edge_weight,3603,1,0.3755080771235018,0.6245961438249088
directed_cross_project_edge_weight,3604,1,0.37561229807191243,0.6244919228764981
directed_cross_project_edge_weight,3605,1,0.3757165190203231,0.6243877019280876
directed_cross_project_edge_weight,3606,1,0.3758207399687337,0.6242834809796769
directed_cross_project_edge_weight,3607,1,0.37592496091714434,0.6241792600312663
directed_cross_project_edge_weight,3608,1,0.37602918186555495,0.6240750390828557
directed_cross_project_edge_weight,3609,1,0.3761334028139656,0.623970818134445
directed_cross_project_edge_weight,3610,1,0.37623762376237624,0.6238665971860344
directed_cross_project_edge_weight,3611,1,0.37634184471078685,0.6237623762376238
directed_cross_project_edge_weight,3612,1,0.3764460656591975,0.6236581552892131
directed_cross_project_edge_weight,3613,1,0.37655028660760814,0.6235539343408025
directed_cross_project_edge_weight,3614,1,0.37665450755601876,0.6234497133923919
directed_cross_project_edge_weight,3615,1,0.3767587285044294,0.6233454924439812
directed_cross_project_edge_weight,3616,1,0.37686294945284005,0.6232412714955706
directed_cross_project_edge_weight,3617,1,0.37696717040125066,0.62313705054716
directed_cross_project_edge_weight,3618,1,0.3770713913496613,0.6230328295987494
directed_cross_project_edge_weight,3619,1,0.3771756122980719,0.6229286086503387
directed_cross_project_edge_weight,3620,1,0.37727983324648257,0.622824387701928
directed_cross_project_edge_weight,3621,1,0.3773840541948932,0.6227201667535175
directed_cross_project_edge_weight,3622,1,0.3774882751433038,0.6226159458051068
directed_cross_project_edge_weight,3623,1,0.3775924960917144,0.6225117248566961
directed_cross_project_edge_weight,3624,1,0.3776967170401251,0.6224075039082856
directed_cross_project_edge_weight,3625,1,0.3778009379885357,0.6223032829598749
directed_cross_project_edge_weight,3626,1,0.3779051589369463,0.6221990620114644
directed_cross_project_edge_weight,3627,1,0.37800937988535693,0.6220948410630537
directed_cross_project_edge_weight,3628,1,0.3781136008337676,0.621990620114643
directed_cross_project_edge_weight,3629,1,0.3782178217821782,0.6218863991662325
directed_cross_project_edge_weight,3630,1,0.37832204273058884,0.6217821782178218
directed_cross_project_edge_weight,3631,1,0.37842626367899945,0.6216779572694111
directed_cross_project_edge_weight,3632,1,0.3785304846274101,0.6215737363210005
directed_cross_project_edge_weight,3633,1,0.37863470557582074,0.6214695153725899
directed_cross_project_edge_weight,3634,1,0.37873892652423136,0.6213652944241793
directed_cross_project_edge_weight,3635,1,0.37884314747264203,0.6212610734757686
directed_cross_project_edge_weight,3636,1,0.37894736842105264,0.621156852527358
directed_cross_project_edge_weight,3637,1,0.37905158936946326,0.6210526315789474
directed_cross_project_edge_weight,3638,1,0.3791558103178739,0.6209484106305367
directed_cross_project_edge_weight,3639,1,0.37926003126628455,0.6208441896821261
directed_cross_project_edge_weight,3640,1,0.37936425221469516,0.6207399687337155
directed_cross_project_edge_weight,3641,1,0.3794684731631058,0.6206357477853048
directed_cross_project_edge_weight,3642,1,0.3795726941115164,0.6205315268368942
directed_cross_project_edge_weight,3643,1,0.37967691505992707,0.6204273058884836
directed_cross_project_edge_weight,3644,1,0.3797811360083377,0.6203230849400729
directed_cross_project_edge_weight,3645,1,0.3798853569567483,0.6202188639916624
directed_cross_project_edge_weight,3646,1,0.3799895779051589,0.6201146430432517
directed_cross_project_edge_weight,3647,1,0.3800937988535696,0.620010422094841
directed_cross_project_edge_weight,3648,1,0.3801980198019802,0.6199062011464305
directed_cross_project_edge_weight,3649,1,0.3803022407503908,0.6198019801980198
directed_cross_project_edge_weight,3650,1,0.38040646169880143,0.6196977592496091
directed_cross_project_edge_weight,3651,1,0.3805106826472121,0.6195935383011986
directed_cross_project_edge_weight,3652,1,0.3806149035956227,0.6194893173527879
directed_cross_project_edge_weight,3653,1,0.38071912454403334,0.6193850964043773
directed_cross_project_edge_weight,3654,1,0.38082334549244395,0.6192808754559667
directed_cross_project_edge_weight,3655,1,0.3809275664408546,0.619176654507556
directed_cross_project_edge_weight,3656,1,0.38103178738926524,0.6190724335591454
directed_cross_project_edge_weight,3657,1,0.38113600833767586,0.6189682126107348
directed_cross_project_edge_weight,3658,1,0.38124022928608653,0.6188639916623241
directed_cross_project_edge_weight,3659,1,0.38134445023449715,0.6187597707139135
directed_cross_project_edge_weight,3660,1,0.38144867118290776,0.6186555497655029
directed_cross_project_edge_weight,3661,1,0.3815528921313184,0.6185513288170922
directed_cross_project_edge_weight,3662,1,0.38165711307972905,0.6184471078686816
directed_cross_project_edge_weight,3663,1,0.38176133402813966,0.618342886920271
directed_cross_project_edge_weight,3664,1,0.3818655549765503,0.6182386659718604
directed_cross_project_edge_weight,3665,1,0.3819697759249609,0.6181344450234497
directed_cross_project_edge_weight,3666,1,0.38207399687337157,0.618030224075039
directed_cross_project_edge_weight,3667,1,0.3821782178217822,0.6179260031266285
directed_cross_project_edge_weight,3668,1,0.3822824387701928,0.6178217821782178
directed_cross_project_edge_weight,3669,1,0.3823866597186034,0.6177175612298071
directed_cross_project_edge_weight,3670,1,0.3824908806670141,0.6176133402813966
directed_cross_project_edge_weight,3671,1,0.3825951016154247,0.6175091193329859
directed_cross_project_edge_weight,3672,1,0.3826993225638353,0.6174048983845754
directed_cross_project_edge_weight,3673,1,0.38280354351224594,0.6173006774361647
directed_cross_project_edge_weight,3674,1,0.3829077644606566,0.617196456487754
directed_cross_project_edge_weight,3675,1,0.3830119854090672,0.6170922355393434
directed_cross_project_edge_weight,3676,1,0.38311620635747784,0.6169880145909328
directed_cross_project_edge_weight,3677,1,0.3832204273058885,0.6168837936425221
directed_cross_project_edge_weight,3678,1,0.3833246482542991,0.6167795726941115
directed_cross_project_edge_weight,3679,1,0.38342886920270974,0.6166753517457009
directed_cross_project_edge_weight,3680,1,0.38353309015112036,0.6165711307972902
directed_cross_project_edge_weight,3681,1,0.38363731109953103,0.6164669098488796
directed_cross_project_edge_weight,3682,1,0.38374153204794165,0.616362688900469
directed_cross_project_edge_weight,3683,1,0.38384575299635226,0.6162584679520584
directed_cross_project_edge_weight,3684,1,0.3839499739447629,0.6161542470036477
directed_cross_project_edge_weight,3685,1,0.38405419489317355,0.6160500260552371
directed_cross_project_edge_weight,3686,1,0.38415841584158417,0.6159458051068265
directed_cross_project_edge_weight,3687,1,0.3842626367899948,0.6158415841584158
directed_cross_project_edge_weight,3688,1,0.3843668577384054,0.6157373632100052
directed_cross_project_edge_weight,3689,1,0.38447107868681607,0.6156331422615946
directed_cross_project_edge_weight,3690,1,0.3845752996352267,0.6155289213131839
directed_cross_project_edge_weight,3691,1,0.3846795205836373,0.6154247003647734
directed_cross_project_edge_weight,3692,1,0.3847837415320479,0.6153204794163627
directed_cross_project_edge_weight,3693,1,0.3848879624804586,0.615216258467952
directed_cross_project_edge_weight,3694,1,0.3849921834288692,0.6151120375195415
directed_cross_project_edge_weight,3695,1,0.3850964043772798,0.6150078165711308
directed_cross_project_edge_weight,3696,1,0.38520062532569044,0.6149035956227201
directed_cross_project_edge_weight,3697,1,0.3853048462741011,0.6147993746743096
directed_cross_project_edge_weight,3698,1,0.3854090672225117,0.6146951537258989
directed_cross_project_edge_weight,3699,1,0.38551328817092234,0.6145909327774883
directed_cross_project_edge_weight,3700,1,0.385617509119333,0.6144867118290777
directed_cross_project_edge_weight,3701,1,0.38572173006774363,0.614382490880667
directed_cross_project_edge_weight,3702,1,0.38582595101615424,0.6142782699322564
directed_cross_project_edge_weight,3703,1,0.38593017196456486,0.6141740489838458
directed_cross_project_edge_weight,3704,1,0.38603439291297553,0.6140698280354351
directed_cross_project_edge_weight,3705,1,0.38613861386138615,0.6139656070870245
directed_cross_project_edge_weight,3706,1,0.38624283480979676,0.6138613861386139
directed_cross_project_edge_weight,3707,1,0.3863470557582074,0.6137571651902032
directed_cross_project_edge_weight,3708,1,0.38645127670661805,0.6136529442417926
directed_cross_project_edge_weight,3709,1,0.38655549765502867,0.613548723293382
directed_cross_project_edge_weight,3710,1,0.3866597186034393,0.6134445023449714
directed_cross_project_edge_weight,3711,1,0.3867639395518499,0.6133402813965607
directed_cross_project_edge_weight,3712,1,0.38686816050026057,0.61323606044815
directed_cross_project_edge_weight,3713,1,0.3869723814486712,0.6131318394997395
directed_cross_project_edge_weight,3714,1,0.3870766023970818,0.6130276185513288
directed_cross_project_edge_weight,3715,1,0.3871808233454924,0.6129233976029181
directed_cross_project_edge_weight,3716,1,0.3872850442939031,0.6128191766545076
directed_cross_project_edge_weight,3717,1,0.3873892652423137,0.6127149557060969
directed_cross_project_edge_weight,3718,1,0.3874934861907243,0.6126107347576863
directed_cross_project_edge_weight,3719,1,0.38759770713913494,0.6125065138092757
directed_cross_project_edge_weight,3720,1,0.3877019280875456,0.612402292860865
directed_cross_project_edge_weight,3721,1,0.3878061490359562,0.6122980719124544
directed_cross_project_edge_weight,3722,1,0.38791036998436684,0.6121938509640438
directed_cross_project_edge_weight,3723,1,0.3880145909327775,0.6120896300156331
directed_cross_project_edge_weight,3724,1,0.38811881188118813,0.6119854090672225
directed_cross_project_edge_weight,3725,1,0.38822303282959875,0.6118811881188119
directed_cross_project_edge_weight,3726,1,0.38832725377800936,0.6117769671704012
directed_cross_project_edge_weight,3727,1,0.38843147472642003,0.6116727462219906
directed_cross_project_edge_weight,3728,1,0.38853569567483065,0.61156852527358
directed_cross_project_edge_weight,3729,1,0.38863991662324127,0.6114643043251694
directed_cross_project_edge_weight,3730,1,0.3887441375716519,0.6113600833767587
directed_cross_project_edge_weight,3731,1,0.38884835852006255,0.6112558624283481
directed_cross_project_edge_weight,3732,1,0.38895257946847317,0.6111516414799375
directed_cross_project_edge_weight,3733,1,0.3890568004168838,0.6110474205315268
directed_cross_project_edge_weight,3734,1,0.3891610213652944,0.6109431995831162
directed_cross_project_edge_weight,3735,1,0.3892652423137051,0.6108389786347056
directed_cross_project_edge_weight,3736,1,0.3893694632621157,0.6107347576862949
directed_cross_project_edge_weight,3737,1,0.3894736842105263,0.6106305367378844
directed_cross_project_edge_weight,3738,1,0.3895779051589369,0.6105263157894737
directed_cross_project_edge_weight,3739,1,0.3896821261073476,0.610422094841063
directed_cross_project_edge_weight,3740,1,0.3897863470557582,0.6103178738926525
directed_cross_project_edge_weight,3741,1,0.3898905680041688,0.6102136529442418
directed_cross_project_edge_weight,3742,1,0.38999478895257944,0.6101094319958311
directed_cross_project_edge_weight,3743,1,0.3900990099009901,0.6100052110474206
directed_cross_project_edge_weight,3744,1,0.39020323084940073,0.6099009900990099
directed_cross_project_edge_weight,3745,1,0.39030745179781134,0.6097967691505992
directed_cross_project_edge_weight,3746,1,0.390411672746222,0.6096925482021887
directed_cross_project_edge_weight,3747,1,0.39051589369463263,0.609588327253778
directed_cross_project_edge_weight,3748,1,0.39062011464304325,0.6094841063053674
directed_cross_project_edge_weight,3749,1,0.39072433559145386,0.6093798853569568
directed_cross_project_edge_weight,3750,1,0.39082855653986454,0.6092756644085461
directed_cross_project_edge_weight,3751,1,0.39093277748827515,0.6091714434601355
directed_cross_project_edge_weight,3752,1,0.39103699843668577,0.6090672225117248
directed_cross_project_edge_weight,3753,1,0.3911412193850964,0.6089630015633142
directed_cross_project_edge_weight,3754,1,0.39124544033350706,0.6088587806149036
directed_cross_project_edge_weight,3755,1,0.39134966128191767,0.608754559666493
directed_cross_project_edge_weight,3756,1,0.3914538822303283,0.6086503387180824
directed_cross_project_edge_weight,3757,1,0.3915581031787389,0.6085461177696717
directed_cross_project_edge_weight,3758,1,0.3916623241271496,0.608441896821261
directed_cross_project_edge_weight,3759,1,0.3917665450755602,0.6083376758728505
directed_cross_project_edge_weight,3760,1,0.3918707660239708,0.6082334549244398
directed_cross_project_edge_weight,3761,1,0.3919749869723814,0.6081292339760291
directed_cross_project_edge_weight,3762,1,0.3920792079207921,0.6080250130276186
directed_cross_project_edge_weight,3763,1,0.3921834288692027,0.6079207920792079
directed_cross_project_edge_weight,3764,1,0.3922876498176133,0.6078165711307973
directed_cross_project_edge_weight,3765,1,0.392391870766024,0.6077123501823867
directed_cross_project_edge_weight,3766,1,0.3924960917144346,0.607608129233976
directed_cross_project_edge_weight,3767,1,0.39260031266284523,0.6075039082855654
directed_cross_project_edge_weight,3768,1,0.39270453361125585,0.6073996873371548
directed_cross_project_edge_weight,3769,1,0.3928087545596665,0.6072954663887441
directed_cross_project_edge_weight,3770,1,0.39291297550807713,0.6071912454403335
directed_cross_project_edge_weight,3771,1,0.39301719645648775,0.6070870244919229
directed_cross_project_edge_weight,3772,1,0.39312141740489837,0.6069828035435122
directed_cross_project_edge_weight,3773,1,0.39322563835330904,0.6068785825951016
directed_cross_project_edge_weight,3774,1,0.39332985930171965,0.606774361646691
directed_cross_project_edge_weight,3775,1,0.39343408025013027,0.6066701406982804
directed_cross_project_edge_weight,3776,1,0.3935383011985409,0.6065659197498697
directed_cross_project_edge_weight,3777,1,0.39364252214695156,0.6064616988014591
directed_cross_project_edge_weight,3778,1,0.3937467430953622,0.6063574778530485
directed_cross_project_edge_weight,3779,1,0.3938509640437728,0.6062532569046378
directed_cross_project_edge_weight,3780,1,0.3939551849921834,0.6061490359562272
directed_cross_project_edge_weight,3781,1,0.3940594059405941,0.6060448150078166
directed_cross_project_edge_weight,3782,1,0.3941636268890047,0.6059405940594059
directed_cross_project_edge_weight,3783,1,0.3942678478374153,0.6058363731109954
directed_cross_project_edge_weight,3784,1,0.3943720687858259,0.6057321521625847
directed_cross_project_edge_weight,3785,1,0.3944762897342366,0.605627931214174
directed_cross_project_edge_weight,3786,1,0.3945805106826472,0.6055237102657635
directed_cross_project_edge_weight,3787,1,0.39468473163105783,0.6054194893173528
directed_cross_project_edge_weight,3788,1,0.3947889525794685,0.6053152683689421
directed_cross_project_edge_weight,3789,1,0.3948931735278791,0.6052110474205316
directed_cross_project_edge_weight,3790,1,0.39499739447628973,0.6051068264721209
directed_cross_project_edge_weight,3791,1,0.39510161542470035,0.6050026055237102
directed_cross_project_edge_weight,3792,1,0.395205836373111,0.6048983845752997
directed_cross_project_edge_weight,3793,1,0.39531005732152164,0.604794163626889
directed_cross_project_edge_weight,3794,1,0.39541427826993225,0.6046899426784784
directed_cross_project_edge_weight,3795,1,0.39551849921834287,0.6045857217300677
directed_cross_project_edge_weight,3796,1,0.39562272016675354,0.6044815007816571
directed_cross_project_edge_weight,3797,1,0.39572694111516415,0.6043772798332465
directed_cross_project_edge_weight,3798,1,0.39583116206357477,0.6042730588848358
directed_cross_project_edge_weight,3799,1,0.3959353830119854,0.6041688379364252
directed_cross_project_edge_weight,3800,1,0.39603960396039606,0.6040646169880146
directed_cross_project_edge_weight,3801,1,0.3961438249088067,0.6039603960396039
directed_cross_project_edge_weight,3802,1,0.3962480458572173,0.6038561750911934
directed_cross_project_edge_weight,3803,1,0.3963522668056279,0.6037519541427827
directed_cross_project_edge_weight,3804,1,0.3964564877540386,0.603647733194372
directed_cross_project_edge_weight,3805,1,0.3965607087024492,0.6035435122459615
directed_cross_project_edge_weight,3806,1,0.3966649296508598,0.6034392912975508
directed_cross_project_edge_weight,3807,1,0.3967691505992704,0.6033350703491401
directed_cross_project_edge_weight,3808,1,0.3968733715476811,0.6032308494007296
directed_cross_project_edge_weight,3809,1,0.3969775924960917,0.6031266284523189
directed_cross_project_edge_weight,3810,1,0.39708181344450233,0.6030224075039082
directed_cross_project_edge_weight,3811,1,0.397186034392913,0.6029181865554977
directed_cross_project_edge_weight,3812,1,0.3972902553413236,0.602813965607087
directed_cross_project_edge_weight,3813,1,0.39739447628973423,0.6027097446586764
directed_cross_project_edge_weight,3814,1,0.39749869723814485,0.6026055237102658
directed_cross_project_edge_weight,3815,1,0.3976029181865555,0.6025013027618551
directed_cross_project_edge_weight,3816,1,0.39770713913496614,0.6023970818134445
directed_cross_project_edge_weight,3817,1,0.39781136008337675,0.6022928608650339
directed_cross_project_edge_weight,3818,1,0.39791558103178737,0.6021886399166232
directed_cross_project_edge_weight,3819,1,0.39801980198019804,0.6020844189682126
directed_cross_project_edge_weight,3820,1,0.39812402292860866,0.601980198019802
directed_cross_project_edge_weight,3821,1,0.3982282438770193,0.6018759770713914
directed_cross_project_edge_weight,3822,1,0.3983324648254299,0.6017717561229807
directed_cross_project_edge_weight,3823,1,0.39843668577384056,0.6016675351745701
directed_cross_project_edge_weight,3824,1,0.3985409067222512,0.6015633142261595
directed_cross_project_edge_weight,3825,1,0.3986451276706618,0.6014590932777488
directed_cross_project_edge_weight,3826,1,0.3987493486190724,0.6013548723293382
directed_cross_project_edge_weight,3827,1,0.3988535695674831,0.6012506513809276
directed_cross_project_edge_weight,3828,1,0.3989577905158937,0.6011464304325169
directed_cross_project_edge_weight,3829,1,0.3990620114643043,0.6010422094841064
directed_cross_project_edge_weight,3830,1,0.399166232412715,0.6009379885356957
directed_cross_project_edge_weight,3831,1,0.3992704533611256,0.600833767587285
directed_cross_project_edge_weight,3832,1,0.3993746743095362,0.6007295466388745
directed_cross_project_edge_weight,3833,1,0.39947889525794683,0.6006253256904638
directed_cross_project_edge_weight,3834,1,0.3995831162063575,0.6005211047420531
directed_cross_project_edge_weight,3835,1,0.3996873371547681,0.6004168837936426
directed_cross_project_edge_weight,3836,1,0.39979155810317873,0.6003126628452319
directed_cross_project_edge_weight,3837,1,0.39989577905158935,0.6002084418968212
directed_cross_project_edge_weight,3838,1,0.4,0.6001042209484106
directed_cross_project_edge_weight,3839,1,0.40010422094841064,0.6
directed_cross_project_edge_weight,3840,1,0.40020844189682125,0.5998957790515894
directed_cross_project_edge_weight,3841,1,0.40031266284523187,0.5997915581031787
directed_cross_project_edge_weight,3842,1,0.40041688379364254,0.5996873371547681
directed_cross_project_edge_weight,3843,1,0.40052110474205316,0.5995831162063575
directed_cross_project_edge_weight,3844,1,0.4006253256904638,0.5994788952579468
directed_cross_project_edge_weight,3845,1,0.4007295466388744,0.5993746743095362
directed_cross_project_edge_weight,3846,1,0.40083376758728506,0.5992704533611256
directed_cross_project_edge_weight,3847,1,0.4009379885356957,0.5991662324127149
directed_cross_project_edge_weight,3848,1,0.4010422094841063,0.5990620114643044
directed_cross_project_edge_weight,3849,1,0.4011464304325169,0.5989577905158937
directed_cross_project_edge_weight,3850,1,0.4012506513809276,0.598853569567483
directed_cross_project_edge_weight,3851,1,0.4013548723293382,0.5987493486190725
directed_cross_project_edge_weight,3852,1,0.4014590932777488,0.5986451276706618
directed_cross_project_edge_weight,3853,1,0.4015633142261595,0.5985409067222511
directed_cross_project_edge_weight,3854,1,0.4016675351745701,0.5984366857738406
directed_cross_project_edge_weight,3855,1,0.4017717561229807,0.5983324648254299
directed_cross_project_edge_weight,3856,1,0.40187597707139133,0.5982282438770192
directed_cross_project_edge_weight,3857,1,0.401980198019802,0.5981240229286087
directed_cross_project_edge_weight,3858,1,0.4020844189682126,0.598019801980198
directed_cross_project_edge_weight,3859,1,0.40218863991662324,0.5979155810317874
directed_cross_project_edge_weight,3860,1,0.40229286086503385,0.5978113600833768
directed_cross_project_edge_weight,3861,1,0.4023970818134445,0.5977071391349661
directed_cross_project_edge_weight,3862,1,0.40250130276185514,0.5976029181865555
directed_cross_project_edge_weight,3863,1,0.40260552371026576,0.5974986972381449
directed_cross_project_edge_weight,3864,1,0.40270974465867637,0.5973944762897342
directed_cross_project_edge_weight,3865,1,0.40281396560708704,0.5972902553413236
directed_cross_project_edge_weight,3866,1,0.40291818655549766,0.597186034392913
directed_cross_project_edge_weight,3867,1,0.4030224075039083,0.5970818134445024
directed_cross_project_edge_weight,3868,1,0.4031266284523189,0.5969775924960917
directed_cross_project_edge_weight,3869,1,0.40323084940072956,0.596873371547681
directed_cross_project_edge_weight,3870,1,0.4033350703491402,0.5967691505992705
directed_cross_project_edge_weight,3871,1,0.4034392912975508,0.5966649296508598
directed_cross_project_edge_weight,3872,1,0.4035435122459614,0.5965607087024491
directed_cross_project_edge_weight,3873,1,0.4036477331943721,0.5964564877540386
directed_cross_project_edge_weight,3874,1,0.4037519541427827,0.5963522668056279
directed_cross_project_edge_weight,3875,1,0.4038561750911933,0.5962480458572172
directed_cross_project_edge_weight,3876,1,0.403960396039604,0.5961438249088067
directed_cross_project_edge_weight,3877,1,0.4040646169880146,0.596039603960396
directed_cross_project_edge_weight,3878,1,0.4041688379364252,0.5959353830119855
directed_cross_project_edge_weight,3879,1,0.40427305888483583,0.5958311620635748
directed_cross_project_edge_weight,3880,1,0.4043772798332465,0.5957269411151641
directed_cross_project_edge_weight,3881,1,0.4044815007816571,0.5956227201667535
directed_cross_project_edge_weight,3882,1,0.40458572173006774,0.5955184992183429
directed_cross_project_edge_weight,3883,1,0.40468994267847835,0.5954142782699322
directed_cross_project_edge_weight,3884,1,0.404794163626889,0.5953100573215216
directed_cross_project_edge_weight,3885,1,0.40489838457529964,0.595205836373111
directed_cross_project_edge_weight,3886,1,0.40500260552371026,0.5951016154247004
directed_cross_project_edge_weight,3887,1,0.4051068264721209,0.5949973944762897
directed_cross_project_edge_weight,3888,1,0.40521104742053154,0.5948931735278791
directed_cross_project_edge_weight,3889,1,0.40531526836894216,0.5947889525794685
directed_cross_project_edge_weight,3890,1,0.4054194893173528,0.5946847316310578
directed_cross_project_edge_weight,3891,1,0.4055237102657634,0.5945805106826472
directed_cross_project_edge_weight,3892,1,0.40562793121417406,0.5944762897342366
directed_cross_project_edge_weight,3893,1,0.4057321521625847,0.5943720687858259
directed_cross_project_edge_weight,3894,1,0.4058363731109953,0.5942678478374154
directed_cross_project_edge_weight,3895,1,0.40594059405940597,0.5941636268890047
directed_cross_project_edge_weight,3896,1,0.4060448150078166,0.594059405940594
directed_cross_project_edge_weight,3897,1,0.4061490359562272,0.5939551849921835
directed_cross_project_edge_weight,3898,1,0.4062532569046378,0.5938509640437728
directed_cross_project_edge_weight,3899,1,0.4063574778530485,0.5937467430953621
directed_cross_project_edge_weight,3900,1,0.4064616988014591,0.5936425221469516
directed_cross_project_edge_weight,3901,1,0.4065659197498697,0.5935383011985409
directed_cross_project_edge_weight,3902,1,0.40667014069828034,0.5934340802501302
directed_cross_project_edge_weight,3903,1,0.406774361646691,0.5933298593017197
directed_cross_project_edge_weight,3904,1,0.4068785825951016,0.593225638353309
directed_cross_project_edge_weight,3905,1,0.40698280354351224,0.5931214174048984
directed_cross_project_edge_weight,3906,1,0.40708702449192286,0.5930171964564878
directed_cross_project_edge_weight,3907,1,0.4071912454403335,0.5929129755080771
directed_cross_project_edge_weight,3908,1,0.40729546638874414,0.5928087545596665
directed_cross_project_edge_weight,3909,1,0.40739968733715476,0.5927045336112559
directed_cross_project_edge_weight,3910,1,0.4075039082855654,0.5926003126628452
directed_cross_project_edge_weight,3911,1,0.40760812923397605,0.5924960917144346
directed_cross_project_edge_weight,3912,1,0.40771235018238666,0.592391870766024
directed_cross_project_edge_weight,3913,1,0.4078165711307973,0.5922876498176134
directed_cross_project_edge_weight,3914,1,0.4079207920792079,0.5921834288692027
directed_cross_project_edge_weight,3915,1,0.40802501302761857,0.592079207920792
directed_cross_project_edge_weight,3916,1,0.4081292339760292,0.5919749869723815
directed_cross_project_edge_weight,3917,1,0.4082334549244398,0.5918707660239708
directed_cross_project_edge_weight,3918,1,0.40833767587285047,0.5917665450755601
directed_cross_project_edge_weight,3919,1,0.4084418968212611,0.5916623241271496
directed_cross_project_edge_weight,3920,1,0.4085461177696717,0.5915581031787389
directed_cross_project_edge_weight,3921,1,0.4086503387180823,0.5914538822303282
directed_cross_project_edge_weight,3922,1,0.408754559666493,0.5913496612819177
directed_cross_project_edge_weight,3923,1,0.4088587806149036,0.591245440333507
directed_cross_project_edge_weight,3924,1,0.4089630015633142,0.5911412193850965
directed_cross_project_edge_weight,3925,1,0.40906722251172484,0.5910369984366858
directed_cross_project_edge_weight,3926,1,0.4091714434601355,0.5909327774882751
directed_cross_project_edge_weight,3927,1,0.4092756644085461,0.5908285565398645
directed_cross_project_edge_weight,3928,1,0.40937988535695674,0.5907243355914539
directed_cross_project_edge_weight,3929,1,0.40948410630536736,0.5906201146430432
directed_cross_project_edge_weight,3930,1,0.40958832725377803,0.5905158936946326
directed_cross_project_edge_weight,3931,1,0.40969254820218864,0.590411672746222
directed_cross_project_edge_weight,3932,1,0.40979676915059926,0.5903074517978114
directed_cross_project_edge_weight,3933,1,0.4099009900990099,0.5902032308494007
directed_cross_project_edge_weight,3934,1,0.41000521104742055,0.5900990099009901
directed_cross_project_edge_weight,3935,1,0.41010943199583116,0.5899947889525795
directed_cross_project_edge_weight,3936,1,0.4102136529442418,0.5898905680041688
directed_cross_project_edge_weight,3937,1,0.4103178738926524,0.5897863470557582
directed_cross_project_edge_weight,3938,1,0.41042209484106307,0.5896821261073476
directed_cross_project_edge_weight,3939,1,0.4105263157894737,0.5895779051589369
directed_cross_project_edge_weight,3940,1,0.4106305367378843,0.5894736842105263
directed_cross_project_edge_weight,3941,1,0.41073475768629497,0.5893694632621157
directed_cross_project_edge_weight,3942,1,0.4108389786347056,0.589265242313705
directed_cross_project_edge_weight,3943,1,0.4109431995831162,0.5891610213652945
directed_cross_project_edge_weight,3944,1,0.4110474205315268,0.5890568004168838
directed_cross_project_edge_weight,3945,1,0.4111516414799375,0.5889525794684731
directed_cross_project_edge_weight,3946,1,0.4112558624283481,0.5888483585200626
directed_cross_project_edge_weight,3947,1,0.4113600833767587,0.5887441375716519
directed_cross_project_edge_weight,3948,1,0.41146430432516934,0.5886399166232412
directed_cross_project_edge_weight,3949,1,0.41156852527358,0.5885356956748307
directed_cross_project_edge_weight,3950,1,0.4116727462219906,0.58843147472642
directed_cross_project_edge_weight,3951,1,0.41177696717040124,0.5883272537780094
directed_cross_project_edge_weight,3952,1,0.41188118811881186,0.5882230328295988
directed_cross_project_edge_weight,3953,1,0.41198540906722253,0.5881188118811881
directed_cross_project_edge_weight,3954,1,0.41208963001563315,0.5880145909327775
directed_cross_project_edge_weight,3955,1,0.41219385096404376,0.5879103699843669
directed_cross_project_edge_weight,3956,1,0.4122980719124544,0.5878061490359562
directed_cross_project_edge_weight,3957,1,0.41240229286086505,0.5877019280875456
directed_cross_project_edge_weight,3958,1,0.41250651380927567,0.587597707139135
directed_cross_project_edge_weight,3959,1,0.4126107347576863,0.5874934861907244
directed_cross_project_edge_weight,3960,1,0.41271495570609695,0.5873892652423137
directed_cross_project_edge_weight,3961,1,0.41281917665450757,0.587285044293903
directed_cross_project_edge_weight,3962,1,0.4129233976029182,0.5871808233454925
directed_cross_project_edge_weight,3963,1,0.4130276185513288,0.5870766023970818
directed_cross_project_edge_weight,3964,1,0.4131318394997395,0.5869723814486711
directed_cross_project_edge_weight,3965,1,0.4132360604481501,0.5868681605002606
directed_cross_project_edge_weight,3966,1,0.4133402813965607,0.5867639395518499
directed_cross_project_edge_weight,3967,1,0.4134445023449713,0.5866597186034392
directed_cross_project_edge_weight,3968,1,0.413548723293382,0.5865554976550287
directed_cross_project_edge_weight,3969,1,0.4136529442417926,0.586451276706618
directed_cross_project_edge_weight,3970,1,0.4137571651902032,0.5863470557582074
directed_cross_project_edge_weight,3971,1,0.41386138613861384,0.5862428348097968
directed_cross_project_edge_weight,3972,1,0.4139656070870245,0.5861386138613861
directed_cross_project_edge_weight,3973,1,0.41406982803543513,0.5860343929129755
directed_cross_project_edge_weight,3974,1,0.41417404898384574,0.5859301719645649
directed_cross_project_edge_weight,3975,1,0.41427826993225636,0.5858259510161542
directed_cross_project_edge_weight,3976,1,0.41438249088066703,0.5857217300677436
directed_cross_project_edge_weight,3977,1,0.41448671182907765,0.585617509119333
directed_cross_project_edge_weight,3978,1,0.41459093277748826,0.5855132881709224
directed_cross_project_edge_weight,3979,1,0.4146951537258989,0.5854090672225117
directed_cross_project_edge_weight,3980,1,0.41479937467430955,0.5853048462741011
directed_cross_project_edge_weight,3981,1,0.41490359562272017,0.5852006253256905
directed_cross_project_edge_weight,3982,1,0.4150078165711308,0.5850964043772798
directed_cross_project_edge_weight,3983,1,0.41511203751954145,0.5849921834288692
directed_cross_project_edge_weight,3984,1,0.41521625846795207,0.5848879624804586
directed_cross_project_edge_weight,3985,1,0.4153204794163627,0.5847837415320479
directed_cross_project_edge_weight,3986,1,0.4154247003647733,0.5846795205836373
directed_cross_project_edge_weight,3987,1,0.415528921313184,0.5845752996352267
directed_cross_project_edge_weight,3988,1,0.4156331422615946,0.584471078686816
directed_cross_project_edge_weight,3989,1,0.4157373632100052,0.5843668577384055
directed_cross_project_edge_weight,3990,1,0.4158415841584158,0.5842626367899948
directed_cross_project_edge_weight,3991,1,0.4159458051068265,0.5841584158415841
directed_cross_project_edge_weight,3992,1,0.4160500260552371,0.5840541948931736
directed_cross_project_edge_weight,3993,1,0.4161542470036477,0.5839499739447629
directed_cross_project_edge_weight,3994,1,0.41625846795205834,0.5838457529963522
directed_cross_project_edge_weight,3995,1,0.416362688900469,0.5837415320479417
directed_cross_project_edge_weight,3996,1,0.41646690984887963,0.583637311099531
directed_cross_project_edge_weight,3997,1,0.41657113079729025,0.5835330901511204
directed_cross_project_edge_weight,3998,1,0.41667535174570086,0.5834288692027098
directed_cross_project_edge_weight,3999,1,0.41677957269411153,0.5833246482542991
directed_cross_project_edge_weight,4000,1,0.41688379364252215,0.5832204273058885
directed_cross_project_edge_weight,4001,1,0.41698801459093277,0.5831162063574779
directed_cross_project_edge_weight,4002,1,0.4170922355393434,0.5830119854090672
directed_cross_project_edge_weight,4003,1,0.41719645648775405,0.5829077644606566
directed_cross_project_edge_weight,4004,1,0.41730067743616467,0.582803543512246
directed_cross_project_edge_weight,4005,1,0.4174048983845753,0.5826993225638353
directed_cross_project_edge_weight,4006,1,0.41750911933298596,0.5825951016154247
directed_cross_project_edge_weight,4007,1,0.4176133402813966,0.582490880667014
directed_cross_project_edge_weight,4008,1,0.4177175612298072,0.5823866597186035
directed_cross_project_edge_weight,4009,1,0.4178217821782178,0.5822824387701928
directed_cross_project_edge_weight,4010,1,0.4179260031266285,0.5821782178217821
directed_cross_project_edge_weight,4011,1,0.4180302240750391,0.5820739968733716
directed_cross_project_edge_weight,4012,1,0.4181344450234497,0.5819697759249609
directed_cross_project_edge_weight,4013,1,0.4182386659718603,0.5818655549765502
directed_cross_project_edge_weight,4014,1,0.418342886920271,0.5817613340281397
directed_cross_project_edge_weight,4015,1,0.4184471078686816,0.581657113079729
directed_cross_project_edge_weight,4016,1,0.4185513288170922,0.5815528921313184
directed_cross_project_edge_weight,4017,1,0.41865554976550284,0.5814486711829078
directed_cross_project_edge_weight,4018,1,0.4187597707139135,0.5813444502344971
directed_cross_project_edge_weight,4019,1,0.41886399166232413,0.5812402292860865
directed_cross_project_edge_weight,4020,1,0.41896821261073475,0.5811360083376759
directed_cross_project_edge_weight,4021,1,0.41907243355914536,0.5810317873892652
directed_cross_project_edge_weight,4022,1,0.41917665450755603,0.5809275664408546
directed_cross_project_edge_weight,4023,1,0.41928087545596665,0.580823345492444
directed_cross_project_edge_weight,4024,1,0.41938509640437727,0.5807191245440334
directed_cross_project_edge_weight,4025,1,0.4194893173527879,0.5806149035956227
directed_cross_project_edge_weight,4026,1,0.41959353830119855,0.5805106826472121
directed_cross_project_edge_weight,4027,1,0.41969775924960917,0.5804064616988015
directed_cross_project_edge_weight,4028,1,0.4198019801980198,0.5803022407503908
directed_cross_project_edge_weight,4029,1,0.41990620114643046,0.5801980198019802
directed_cross_project_edge_weight,4030,1,0.4200104220948411,0.5800937988535696
directed_cross_project_edge_weight,4031,1,0.4201146430432517,0.5799895779051589
directed_cross_project_edge_weight,4032,1,0.4202188639916623,0.5798853569567483
directed_cross_project_edge_weight,4033,1,0.420323084940073,0.5797811360083377
directed_cross_project_edge_weight,4034,1,0.4204273058884836,0.579676915059927
directed_cross_project_edge_weight,4035,1,0.4205315268368942,0.5795726941115165
directed_cross_project_edge_weight,4036,1,0.4206357477853048,0.5794684731631058
directed_cross_project_edge_weight,4037,1,0.4207399687337155,0.5793642522146951
directed_cross_project_edge_weight,4038,1,0.4208441896821261,0.5792600312662846
directed_cross_project_edge_weight,4039,1,0.42094841063053673,0.5791558103178739
directed_cross_project_edge_weight,4040,1,0.42105263157894735,0.5790515893694632
directed_cross_project_edge_weight,4041,1,0.421156852527358,0.5789473684210527
directed_cross_project_edge_weight,4042,1,0.42126107347576863,0.578843147472642
directed_cross_project_edge_weight,4043,1,0.42136529442417925,0.5787389265242314
directed_cross_project_edge_weight,4044,1,0.42146951537258986,0.5786347055758208
directed_cross_project_edge_weight,4045,1,0.42157373632100054,0.5785304846274101
directed_cross_project_edge_weight,4046,1,0.42167795726941115,0.5784262636789995
directed_cross_project_edge_weight,4047,1,0.42178217821782177,0.5783220427305888
directed_cross_project_edge_weight,4048,1,0.42188639916623244,0.5782178217821782
directed_cross_project_edge_weight,4049,1,0.42199062011464306,0.5781136008337676
directed_cross_project_edge_weight,4050,1,0.42209484106305367,0.5780093798853569
directed_cross_project_edge_weight,4051,1,0.4221990620114643,0.5779051589369463
directed_cross_project_edge_weight,4052,1,0.42230328295987496,0.5778009379885357
directed_cross_project_edge_weight,4053,1,0.4224075039082856,0.577696717040125
directed_cross_project_edge_weight,4054,1,0.4225117248566962,0.5775924960917145
directed_cross_project_edge_weight,4055,1,0.4226159458051068,0.5774882751433038
directed_cross_project_edge_weight,4056,1,0.4227201667535175,0.5773840541948931
directed_cross_project_edge_weight,4057,1,0.4228243877019281,0.5772798332464826
directed_cross_project_edge_weight,4058,1,0.4229286086503387,0.5771756122980719
directed_cross_project_edge_weight,4059,1,0.4230328295987493,0.5770713913496612
directed_cross_project_edge_weight,4060,1,0.42313705054716,0.5769671704012507
directed_cross_project_edge_weight,4061,1,0.4232412714955706,0.57686294945284
directed_cross_project_edge_weight,4062,1,0.42334549244398123,0.5767587285044294
directed_cross_project_edge_weight,4063,1,0.42344971339239185,0.5766545075560188
directed_cross_project_edge_weight,4064,1,0.4235539343408025,0.5765502866076081
directed_cross_project_edge_weight,4065,1,0.42365815528921313,0.5764460656591975
directed_cross_project_edge_weight,4066,1,0.42376237623762375,0.5763418447107869
directed_cross_project_edge_weight,4067,1,0.42386659718603437,0.5762376237623762
directed_cross_project_edge_weight,4068,1,0.42397081813444504,0.5761334028139656
directed_cross_project_edge_weight,4069,1,0.42407503908285565,0.576029181865555
directed_cross_project_edge_weight,4070,1,0.42417926003126627,0.5759249609171443
directed_cross_project_edge_weight,4071,1,0.42428348097967694,0.5758207399687337
directed_cross_project_edge_weight,4072,1,0.42438770192808756,0.5757165190203231
directed_cross_project_edge_weight,4073,1,0.4244919228764982,0.5756122980719125
directed_cross_project_edge_weight,4074,1,0.4245961438249088,0.5755080771235018
directed_cross_project_edge_weight,4075,1,0.42470036477331946,0.5754038561750912
directed_cross_project_edge_weight,4076,1,0.4248045857217301,0.5752996352266806
directed_cross_project_edge_weight,4077,1,0.4249088066701407,0.5751954142782699
directed_cross_project_edge_weight,4078,1,0.4250130276185513,0.5750911933298593
directed_cross_project_edge_weight,4079,1,0.425117248566962,0.5749869723814487
directed_cross_project_edge_weight,4080,1,0.4252214695153726,0.574882751433038
directed_cross_project_edge_weight,4081,1,0.4253256904637832,0.5747785304846275
directed_cross_project_edge_weight,4082,1,0.42542991141219383,0.5746743095362168
directed_cross_project_edge_weight,4083,1,0.4255341323606045,0.5745700885878061
directed_cross_project_edge_weight,4084,1,0.4256383533090151,0.5744658676393956
directed_cross_project_edge_weight,4085,1,0.42574257425742573,0.5743616466909849
directed_cross_project_edge_weight,4086,1,0.42584679520583635,0.5742574257425742
directed_cross_project_edge_weight,4087,1,0.425951016154247,0.5741532047941637
directed_cross_project_edge_weight,4088,1,0.42605523710265764,0.574048983845753
directed_cross_project_edge_weight,4089,1,0.42615945805106825,0.5739447628973424
directed_cross_project_edge_weight,4090,1,0.42626367899947887,0.5738405419489317
directed_cross_project_edge_weight,4091,1,0.42636789994788954,0.5737363210005211
directed_cross_project_edge_weight,4092,1,0.42647212089630016,0.5736321000521105
directed_cross_project_edge_weight,4093,1,0.42657634184471077,0.5735278791036998
directed_cross_project_edge_weight,4094,1,0.42668056279312144,0.5734236581552892
directed_cross_project_edge_weight,4095,1,0.42678478374153206,0.5733194372068786
directed_cross_project_edge_weight,4096,1,0.4268890046899427,0.5732152162584679
directed_cross_project_edge_weight,4097,1,0.4269932256383533,0.5731109953100573
directed_cross_project_edge_weight,4098,1,0.42709744658676396,0.5730067743616467
directed_cross_project_edge_weight,4099,1,0.4272016675351746,0.572902553413236
directed_cross_project_edge_weight,4100,1,0.4273058884835852,0.5727983324648255
directed_cross_project_edge_weight,4101,1,0.4274101094319958,0.5726941115164148
directed_cross_project_edge_weight,4102,1,0.4275143303804065,0.5725898905680041
directed_cross_project_edge_weight,4103,1,0.4276185513288171,0.5724856696195936
directed_cross_project_edge_weight,4104,1,0.4277227722772277,0.5723814486711829
directed_cross_project_edge_weight,4105,1,0.42782699322563833,0.5722772277227722
directed_cross_project_edge_weight,4106,1,0.427931214174049,0.5721730067743617
directed_cross_project_edge_weight,4107,1,0.4280354351224596,0.572068785825951
directed_cross_project_edge_weight,4108,1,0.42813965607087023,0.5719645648775404
directed_cross_project_edge_weight,4109,1,0.42824387701928085,0.5718603439291298
directed_cross_project_edge_weight,4110,1,0.4283480979676915,0.5717561229807191
directed_cross_project_edge_weight,4111,1,0.42845231891610214,0.5716519020323085
directed_cross_project_edge_weight,4112,1,0.42855653986451275,0.5715476810838979
directed_cross_project_edge_weight,4113,1,0.4286607608129234,0.5714434601354872
directed_cross_project_edge_weight,4114,1,0.42876498176133404,0.5713392391870766
directed_cross_project_edge_weight,4115,1,0.42886920270974466,0.571235018238666
directed_cross_project_edge_weight,4116,1,0.4289734236581553,0.5711307972902553
directed_cross_project_edge_weight,4117,1,0.42907764460656594,0.5710265763418447
directed_cross_project_edge_weight,4118,1,0.42918186555497656,0.5709223553934341
directed_cross_project_edge_weight,4119,1,0.4292860865033872,0.5708181344450235
directed_cross_project_edge_weight,4120,1,0.4293903074517978,0.5707139134966128
directed_cross_project_edge_weight,4121,1,0.42949452840020846,0.5706096925482022
directed_cross_project_edge_weight,4122,1,0.4295987493486191,0.5705054715997916
directed_cross_project_edge_weight,4123,1,0.4297029702970297,0.5704012506513809
directed_cross_project_edge_weight,4124,1,0.4298071912454403,0.5702970297029702
directed_cross_project_edge_weight,4125,1,0.429911412193851,0.5701928087545597
directed_cross_project_edge_weight,4126,1,0.4300156331422616,0.570088587806149
directed_cross_project_edge_weight,4127,1,0.4301198540906722,0.5699843668577385
directed_cross_project_edge_weight,4128,1,0.43022407503908283,0.5698801459093278
directed_cross_project_edge_weight,4129,1,0.4303282959874935,0.5697759249609171
directed_cross_project_edge_weight,4130,1,0.4304325169359041,0.5696717040125066
directed_cross_project_edge_weight,4131,1,0.43053673788431474,0.5695674830640959
directed_cross_project_edge_weight,4132,1,0.43064095883272535,0.5694632621156852
directed_cross_project_edge_weight,4133,1,0.430745179781136,0.5693590411672746
directed_cross_project_edge_weight,4134,1,0.43084940072954664,0.569254820218864
directed_cross_project_edge_weight,4135,1,0.43095362167795725,0.5691505992704533
directed_cross_project_edge_weight,4136,1,0.4310578426263679,0.5690463783220427
directed_cross_project_edge_weight,4137,1,0.43116206357477854,0.5689421573736321
directed_cross_project_edge_weight,4138,1,0.43126628452318916,0.5688379364252215
directed_cross_project_edge_weight,4139,1,0.4313705054715998,0.5687337154768108
directed_cross_project_edge_weight,4140,1,0.43147472642001045,0.5686294945284002
directed_cross_project_edge_weight,4141,1,0.43157894736842106,0.5685252735799896
directed_cross_project_edge_weight,4142,1,0.4316831683168317,0.5684210526315789
directed_cross_project_edge_weight,4143,1,0.4317873892652423,0.5683168316831683
directed_cross_project_edge_weight,4144,1,0.43189161021365297,0.5682126107347577
directed_cross_project_edge_weight,4145,1,0.4319958311620636,0.568108389786347
directed_cross_project_edge_weight,4146,1,0.4321000521104742,0.5680041688379365
directed_cross_project_edge_weight,4147,1,0.4322042730588848,0.5678999478895258
directed_cross_project_edge_weight,4148,1,0.4323084940072955,0.5677957269411151
directed_cross_project_edge_weight,4149,1,0.4324127149557061,0.5676915059927046
directed_cross_project_edge_weight,4150,1,0.4325169359041167,0.5675872850442939
directed_cross_project_edge_weight,4151,1,0.43262115685252733,0.5674830640958832
directed_cross_project_edge_weight,4152,1,0.432725377800938,0.5673788431474727
directed_cross_project_edge_weight,4153,1,0.4328295987493486,0.567274622199062
directed_cross_project_edge_weight,4154,1,0.43293381969775924,0.5671704012506514
directed_cross_project_edge_weight,4155,1,0.43303804064616985,0.5670661803022408
directed_cross_project_edge_weight,4156,1,0.4331422615945805,0.5669619593538301
directed_cross_project_edge_weight,4157,1,0.43324648254299114,0.5668577384054195
directed_cross_project_edge_weight,4158,1,0.43335070349140176,0.5667535174570089
directed_cross_project_edge_weight,4159,1,0.43345492443981243,0.5666492965085982
directed_cross_project_edge_weight,4160,1,0.43355914538822304,0.5665450755601876
directed_cross_project_edge_weight,4161,1,0.43366336633663366,0.566440854611777
directed_cross_project_edge_weight,4162,1,0.4337675872850443,0.5663366336633663
directed_cross_project_edge_weight,4163,1,0.43387180823345495,0.5662324127149557
directed_cross_project_edge_weight,4164,1,0.43397602918186556,0.566128191766545
directed_cross_project_edge_weight,4165,1,0.4340802501302762,0.5660239708181345
directed_cross_project_edge_weight,4166,1,0.4341844710786868,0.5659197498697238
directed_cross_project_edge_weight,4167,1,0.43428869202709747,0.5658155289213131
directed_cross_project_edge_weight,4168,1,0.4343929129755081,0.5657113079729026
directed_cross_project_edge_weight,4169,1,0.4344971339239187,0.5656070870244919
directed_cross_project_edge_weight,4170,1,0.4346013548723293,0.5655028660760812
directed_cross_project_edge_weight,4171,1,0.43470557582074,0.5653986451276707
directed_cross_project_edge_weight,4172,1,0.4348097967691506,0.56529442417926
directed_cross_project_edge_weight,4173,1,0.4349140177175612,0.5651902032308495
directed_cross_project_edge_weight,4174,1,0.43501823866597183,0.5650859822824388
directed_cross_project_edge_weight,4175,1,0.4351224596143825,0.5649817613340281
directed_cross_project_edge_weight,4176,1,0.4352266805627931,0.5648775403856175
directed_cross_project_edge_weight,4177,1,0.43533090151120374,0.5647733194372069
directed_cross_project_edge_weight,4178,1,0.4354351224596144,0.5646690984887962
directed_cross_project_edge_weight,4179,1,0.435539343408025,0.5645648775403856
directed_cross_project_edge_weight,4180,1,0.43564356435643564,0.564460656591975
directed_cross_project_edge_weight,4181,1,0.43574778530484626,0.5643564356435643
directed_cross_project_edge_weight,4182,1,0.43585200625325693,0.5642522146951537
directed_cross_project_edge_weight,4183,1,0.43595622720166755,0.5641479937467431
directed_cross_project_edge_weight,4184,1,0.43606044815007816,0.5640437727983325
directed_cross_project_edge_weight,4185,1,0.4361646690984888,0.5639395518499218
directed_cross_project_edge_weight,4186,1,0.43626889004689945,0.5638353309015112
directed_cross_project_edge_weight,4187,1,0.43637311099531007,0.5637311099531006
directed_cross_project_edge_weight,4188,1,0.4364773319437207,0.5636268890046899
directed_cross_project_edge_weight,4189,1,0.4365815528921313,0.5635226680562793
directed_cross_project_edge_weight,4190,1,0.43668577384054197,0.5634184471078687
directed_cross_project_edge_weight,4191,1,0.4367899947889526,0.563314226159458
directed_cross_project_edge_weight,4192,1,0.4368942157373632,0.5632100052110475
directed_cross_project_edge_weight,4193,1,0.4369984366857738,0.5631057842626368
directed_cross_project_edge_weight,4194,1,0.4371026576341845,0.5630015633142261
directed_cross_project_edge_weight,4195,1,0.4372068785825951,0.5628973423658156
directed_cross_project_edge_weight,4196,1,0.4373110995310057,0.5627931214174049
directed_cross_project_edge_weight,4197,1,0.43741532047941634,0.5626889004689942
directed_cross_project_edge_weight,4198,1,0.437519541427827,0.5625846795205837
directed_cross_project_edge_weight,4199,1,0.4376237623762376,0.562480458572173
directed_cross_project_edge_weight,4200,1,0.43772798332464824,0.5623762376237624
directed_cross_project_edge_weight,4201,1,0.4378322042730589,0.5622720166753518
directed_cross_project_edge_weight,4202,1,0.4379364252214695,0.5621677957269411
directed_cross_project_edge_weight,4203,1,0.43804064616988014,0.5620635747785305
directed_cross_project_edge_weight,4204,1,0.43814486711829076,0.5619593538301199
directed_cross_project_edge_weight,4205,1,0.43824908806670143,0.5618551328817092
directed_cross_project_edge_weight,4206,1,0.43835330901511205,0.5617509119332986
directed_cross_project_edge_weight,4207,1,0.43845752996352266,0.561646690984888
directed_cross_project_edge_weight,4208,1,0.4385617509119333,0.5615424700364773
directed_cross_project_edge_weight,4209,1,0.43866597186034395,0.5614382490880667
directed_cross_project_edge_weight,4210,1,0.43877019280875457,0.561334028139656
directed_cross_project_edge_weight,4211,1,0.4388744137571652,0.5612298071912455
directed_cross_project_edge_weight,4212,1,0.4389786347055758,0.5611255862428348
directed_cross_project_edge_weight,4213,1,0.43908285565398647,0.5610213652944241
directed_cross_project_edge_weight,4214,1,0.4391870766023971,0.5609171443460136
directed_cross_project_edge_weight,4215,1,0.4392912975508077,0.5608129233976029
directed_cross_project_edge_weight,4216,1,0.4393955184992183,0.5607087024491922
directed_cross_project_edge_weight,4217,1,0.439499739447629,0.5606044815007817
directed_cross_project_edge_weight,4218,1,0.4396039603960396,0.560500260552371
directed_cross_project_edge_weight,4219,1,0.4397081813444502,0.5603960396039604
directed_cross_project_edge_weight,4220,1,0.43981240229286084,0.5602918186555498
directed_cross_project_edge_weight,4221,1,0.4399166232412715,0.5601875977071391
directed_cross_project_edge_weight,4222,1,0.4400208441896821,0.5600833767587285
directed_cross_project_edge_weight,4223,1,0.44012506513809274,0.5599791558103179
directed_cross_project_edge_weight,4224,1,0.4402292860865034,0.5598749348619072
directed_cross_project_edge_weight,4225,1,0.44033350703491403,0.5597707139134966
directed_cross_project_edge_weight,4226,1,0.44043772798332465,0.559666492965086
directed_cross_project_edge_weight,4227,1,0.44054194893173526,0.5595622720166753
directed_cross_project_edge_weight,4228,1,0.44064616988014593,0.5594580510682647
directed_cross_project_edge_weight,4229,1,0.44075039082855655,0.5593538301198541
directed_cross_project_edge_weight,4230,1,0.44085461177696716,0.5592496091714435
directed_cross_project_edge_weight,4231,1,0.4409588327253778,0.5591453882230328
directed_cross_project_edge_weight,4232,1,0.44106305367378845,0.5590411672746222
directed_cross_project_edge_weight,4233,1,0.44116727462219907,0.5589369463262116
directed_cross_project_edge_weight,4234,1,0.4412714955706097,0.5588327253778009
directed_cross_project_edge_weight,4235,1,0.4413757165190203,0.5587285044293903
directed_cross_project_edge_weight,4236,1,0.44147993746743097,0.5586242834809797
directed_cross_project_edge_weight,4237,1,0.4415841584158416,0.558520062532569
directed_cross_project_edge_weight,4238,1,0.4416883793642522,0.5584158415841585
directed_cross_project_edge_weight,4239,1,0.4417926003126628,0.5583116206357478
directed_cross_project_edge_weight,4240,1,0.4418968212610735,0.5582073996873371
directed_cross_project_edge_weight,4241,1,0.4420010422094841,0.5581031787389266
directed_cross_project_edge_weight,4242,1,0.4421052631578947,0.5579989577905159
directed_cross_project_edge_weight,4243,1,0.4422094841063054,0.5578947368421052
directed_cross_project_edge_weight,4244,1,0.442313705054716,0.5577905158936947
directed_cross_project_edge_weight,4245,1,0.4424179260031266,0.557686294945284
directed_cross_project_edge_weight,4246,1,0.44252214695153724,0.5575820739968733
directed_cross_project_edge_weight,4247,1,0.4426263678999479,0.5574778530484628
directed_cross_project_edge_weight,4248,1,0.44273058884835853,0.5573736321000521
directed_cross_project_edge_weight,4249,1,0.44283480979676915,0.5572694111516415
directed_cross_project_edge_weight,4250,1,0.44293903074517976,0.5571651902032309
directed_cross_project_edge_weight,4251,1,0.44304325169359043,0.5570609692548202
directed_cross_project_edge_weight,4252,1,0.44314747264200105,0.5569567483064096
directed_cross_project_edge_weight,4253,1,0.44325169359041167,0.556852527357999
directed_cross_project_edge_weight,4254,1,0.4433559145388223,0.5567483064095883
directed_cross_project_edge_weight,4255,1,0.44346013548723295,0.5566440854611777
directed_cross_project_edge_weight,4256,1,0.44356435643564357,0.556539864512767
directed_cross_project_edge_weight,4257,1,0.4436685773840542,0.5564356435643565
directed_cross_project_edge_weight,4258,1,0.4437727983324648,0.5563314226159458
directed_cross_project_edge_weight,4259,1,0.4438770192808755,0.5562272016675351
directed_cross_project_edge_weight,4260,1,0.4439812402292861,0.5561229807191246
directed_cross_project_edge_weight,4261,1,0.4440854611776967,0.5560187597707139
directed_cross_project_edge_weight,4262,1,0.4441896821261073,0.5559145388223032
directed_cross_project_edge_weight,4263,1,0.444293903074518,0.5558103178738927
directed_cross_project_edge_weight,4264,1,0.4443981240229286,0.555706096925482
directed_cross_project_edge_weight,4265,1,0.4445023449713392,0.5556018759770714
directed_cross_project_edge_weight,4266,1,0.4446065659197499,0.5554976550286608
directed_cross_project_edge_weight,4267,1,0.4447107868681605,0.5553934340802501
directed_cross_project_edge_weight,4268,1,0.44481500781657113,0.5552892131318395
directed_cross_project_edge_weight,4269,1,0.44491922876498174,0.5551849921834289
directed_cross_project_edge_weight,4270,1,0.4450234497133924,0.5550807712350182
directed_cross_project_edge_weight,4271,1,0.44512767066180303,0.5549765502866076
directed_cross_project_edge_weight,4272,1,0.44523189161021365,0.554872329338197
directed_cross_project_edge_weight,4273,1,0.44533611255862426,0.5547681083897863
directed_cross_project_edge_weight,4274,1,0.44544033350703494,0.5546638874413757
directed_cross_project_edge_weight,4275,1,0.44554455445544555,0.5545596664929651
directed_cross_project_edge_weight,4276,1,0.44564877540385617,0.5544554455445545
directed_cross_project_edge_weight,4277,1,0.4457529963522668,0.5543512245961438
directed_cross_project_edge_weight,4278,1,0.44585721730067746,0.5542470036477332
directed_cross_project_edge_weight,4279,1,0.44596143824908807,0.5541427826993226
directed_cross_project_edge_weight,4280,1,0.4460656591974987,0.5540385617509119
directed_cross_project_edge_weight,4281,1,0.4461698801459093,0.5539343408025013
directed_cross_project_edge_weight,4282,1,0.44627410109432,0.5538301198540907
directed_cross_project_edge_weight,4283,1,0.4463783220427306,0.55372589890568
directed_cross_project_edge_weight,4284,1,0.4464825429911412,0.5536216779572695
directed_cross_project_edge_weight,4285,1,0.4465867639395518,0.5535174570088588
directed_cross_project_edge_weight,4286,1,0.4466909848879625,0.5534132360604481
directed_cross_project_edge_weight,4287,1,0.4467952058363731,0.5533090151120376
directed_cross_project_edge_weight,4288,1,0.4468994267847837,0.5532047941636269
directed_cross_project_edge_weight,4289,1,0.4470036477331944,0.5531005732152162
directed_cross_project_edge_weight,4290,1,0.447107868681605,0.5529963522668057
directed_cross_project_edge_weight,4291,1,0.44721208963001563,0.552892131318395
directed_cross_project_edge_weight,4292,1,0.44731631057842625,0.5527879103699843
directed_cross_project_edge_weight,4293,1,0.4474205315268369,0.5526836894215738
directed_cross_project_edge_weight,4294,1,0.44752475247524753,0.5525794684731631
directed_cross_project_edge_weight,4295,1,0.44762897342365815,0.5524752475247525
directed_cross_project_edge_weight,4296,1,0.44773319437206877,0.5523710265763419
directed_cross_project_edge_weight,4297,1,0.44783741532047944,0.5522668056279312
directed_cross_project_edge_weight,4298,1,0.44794163626889005,0.5521625846795206
directed_cross_project_edge_weight,4299,1,0.44804585721730067,0.55205836373111
directed_cross_project_edge_weight,4300,1,0.4481500781657113,0.5519541427826993
directed_cross_project_edge_weight,4301,1,0.44825429911412196,0.5518499218342887
directed_cross_project_edge_weight,4302,1,0.4483585200625326,0.551745700885878
directed_cross_project_edge_weight,4303,1,0.4484627410109432,0.5516414799374675
directed_cross_project_edge_weight,4304,1,0.4485669619593538,0.5515372589890568
directed_cross_project_edge_weight,4305,1,0.4486711829077645,0.5514330380406461
directed_cross_project_edge_weight,4306,1,0.4487754038561751,0.5513288170922356
directed_cross_project_edge_weight,4307,1,0.4488796248045857,0.5512245961438249
directed_cross_project_edge_weight,4308,1,0.4489838457529964,0.5511203751954142
directed_cross_project_edge_weight,4309,1,0.449088066701407,0.5510161542470037
directed_cross_project_edge_weight,4310,1,0.4491922876498176,0.550911933298593
directed_cross_project_edge_weight,4311,1,0.44929650859822823,0.5508077123501823
directed_cross_project_edge_weight,4312,1,0.4494007295466389,0.5507034914017718
directed_cross_project_edge_weight,4313,1,0.4495049504950495,0.5505992704533611
directed_cross_project_edge_weight,4314,1,0.44960917144346013,0.5504950495049505
directed_cross_project_edge_weight,4315,1,0.44971339239187075,0.5503908285565399
directed_cross_project_edge_weight,4316,1,0.4498176133402814,0.5502866076081292
directed_cross_project_edge_weight,4317,1,0.44992183428869204,0.5501823866597186
directed_cross_project_edge_weight,4318,1,0.45002605523710265,0.550078165711308
directed_cross_project_edge_weight,4319,1,0.45013027618551327,0.5499739447628973
directed_cross_project_edge_weight,4320,1,0.45023449713392394,0.5498697238144867
directed_cross_project_edge_weight,4321,1,0.45033871808233455,0.5497655028660761
directed_cross_project_edge_weight,4322,1,0.45044293903074517,0.5496612819176655
directed_cross_project_edge_weight,4323,1,0.4505471599791558,0.5495570609692548
directed_cross_project_edge_weight,4324,1,0.45065138092756646,0.5494528400208442
directed_cross_project_edge_weight,4325,1,0.4507556018759771,0.5493486190724336
directed_cross_project_edge_weight,4326,1,0.4508598228243877,0.5492443981240229
directed_cross_project_edge_weight,4327,1,0.4509640437727983,0.5491401771756123
directed_cross_project_edge_weight,4328,1,0.451068264721209,0.5490359562272017
directed_cross_project_edge_weight,4329,1,0.4511724856696196,0.548931735278791
directed_cross_project_edge_weight,4330,1,0.4512767066180302,0.5488275143303805
directed_cross_project_edge_weight,4331,1,0.4513809275664409,0.5487232933819698
directed_cross_project_edge_weight,4332,1,0.4514851485148515,0.5486190724335591
directed_cross_project_edge_weight,4333,1,0.4515893694632621,0.5485148514851486
directed_cross_project_edge_weight,4334,1,0.45169359041167273,0.5484106305367379
directed_cross_project_edge_weight,4335,1,0.4517978113600834,0.5483064095883272
directed_cross_project_edge_weight,4336,1,0.451902032308494,0.5482021886399167
directed_cross_project_edge_weight,4337,1,0.45200625325690463,0.548097967691506
directed_cross_project_edge_weight,4338,1,0.45211047420531525,0.5479937467430953
directed_cross_project_edge_weight,4339,1,0.4522146951537259,0.5478895257946848
directed_cross_project_edge_weight,4340,1,0.45231891610213654,0.5477853048462741
directed_cross_project_edge_weight,4341,1,0.45242313705054715,0.5476810838978635
directed_cross_project_edge_weight,4342,1,0.45252735799895777,0.5475768629494528
directed_cross_project_edge_weight,4343,1,0.45263157894736844,0.5474726420010422
directed_cross_project_edge_weight,4344,1,0.45273579989577906,0.5473684210526316
directed_cross_project_edge_weight,4345,1,0.4528400208441897,0.5472642001042209
directed_cross_project_edge_weight,4346,1,0.4529442417926003,0.5471599791558103
directed_cross_project_edge_weight,4347,1,0.45304846274101096,0.5470557582073997
directed_cross_project_edge_weight,4348,1,0.4531526836894216,0.546951537258989
directed_cross_project_edge_weight,4349,1,0.4532569046378322,0.5468473163105785
directed_cross_project_edge_weight,4350,1,0.4533611255862428,0.5467430953621678
directed_cross_project_edge_weight,4351,1,0.4534653465346535,0.5466388744137571
directed_cross_project_edge_weight,4352,1,0.4535695674830641,0.5465346534653466
directed_cross_project_edge_weight,4353,1,0.4536737884314747,0.5464304325169359
directed_cross_project_edge_weight,4354,1,0.4537780093798854,0.5463262115685252
directed_cross_project_edge_weight,4355,1,0.453882230328296,0.5462219906201147
directed_cross_project_edge_weight,4356,1,0.4539864512767066,0.546117769671704
directed_cross_project_edge_weight,4357,1,0.45409067222511723,0.5460135487232933
directed_cross_project_edge_weight,4358,1,0.4541948931735279,0.5459093277748828
directed_cross_project_edge_weight,4359,1,0.4542991141219385,0.5458051068264721
directed_cross_project_edge_weight,4360,1,0.45440333507034913,0.5457008858780615
directed_cross_project_edge_weight,4361,1,0.45450755601875975,0.5455966649296509
directed_cross_project_edge_weight,4362,1,0.4546117769671704,0.5454924439812402
directed_cross_project_edge_weight,4363,1,0.45471599791558104,0.5453882230328296
directed_cross_project_edge_weight,4364,1,0.45482021886399165,0.545284002084419
directed_cross_project_edge_weight,4365,1,0.45492443981240227,0.5451797811360083
directed_cross_project_edge_weight,4366,1,0.45502866076081294,0.5450755601875977
directed_cross_project_edge_weight,4367,1,0.45513288170922356,0.5449713392391871
directed_cross_project_edge_weight,4368,1,0.4552371026576342,0.5448671182907765
directed_cross_project_edge_weight,4369,1,0.4553413236060448,0.5447628973423658
directed_cross_project_edge_weight,4370,1,0.45544554455445546,0.5446586763939552
directed_cross_project_edge_weight,4371,1,0.4555497655028661,0.5445544554455446
directed_cross_project_edge_weight,4372,1,0.4556539864512767,0.5444502344971339
directed_cross_project_edge_weight,4373,1,0.4557582073996873,0.5443460135487233
directed_cross_project_edge_weight,4374,1,0.455862428348098,0.5442417926003127
directed_cross_project_edge_weight,4375,1,0.4559666492965086,0.544137571651902
directed_cross_project_edge_weight,4376,1,0.4560708702449192,0.5440333507034913
directed_cross_project_edge_weight,4377,1,0.4561750911933299,0.5439291297550808
directed_cross_project_edge_weight,4378,1,0.4562793121417405,0.5438249088066701
directed_cross_project_edge_weight,4379,1,0.4563835330901511,0.5437206878582596
directed_cross_project_edge_weight,4380,1,0.45648775403856173,0.5436164669098489
directed_cross_project_edge_weight,4381,1,0.4565919749869724,0.5435122459614382
directed_cross_project_edge_weight,4382,1,0.456696195935383,0.5434080250130277
directed_cross_project_edge_weight,4383,1,0.45680041688379364,0.543303804064617
directed_cross_project_edge_weight,4384,1,0.45690463783220425,0.5431995831162063
directed_cross_project_edge_weight,4385,1,0.4570088587806149,0.5430953621677957
directed_cross_project_edge_weight,4386,1,0.45711307972902554,0.5429911412193851
directed_cross_project_edge_weight,4387,1,0.45721730067743616,0.5428869202709745
directed_cross_project_edge_weight,4388,1,0.45732152162584677,0.5427826993225638
directed_cross_project_edge_weight,4389,1,0.45742574257425744,0.5426784783741532
directed_cross_project_edge_weight,4390,1,0.45752996352266806,0.5425742574257426
directed_cross_project_edge_weight,4391,1,0.4576341844710787,0.5424700364773319
directed_cross_project_edge_weight,4392,1,0.4577384054194893,0.5423658155289213
directed_cross_project_edge_weight,4393,1,0.45784262636789996,0.5422615945805107
directed_cross_project_edge_weight,4394,1,0.4579468473163106,0.5421573736321
directed_cross_project_edge_weight,4395,1,0.4580510682647212,0.5420531526836895
directed_cross_project_edge_weight,4396,1,0.45815528921313187,0.5419489317352788
directed_cross_project_edge_weight,4397,1,0.4582595101615425,0.5418447107868681
directed_cross_project_edge_weight,4398,1,0.4583637311099531,0.5417404898384576
directed_cross_project_edge_weight,4399,1,0.4584679520583637,0.5416362688900469
directed_cross_project_edge_weight,4400,1,0.4585721730067744,0.5415320479416362
directed_cross_project_edge_weight,4401,1,0.458676393955185,0.5414278269932257
directed_cross_project_edge_weight,4402,1,0.4587806149035956,0.541323606044815
directed_cross_project_edge_weight,4403,1,0.45888483585200623,0.5412193850964043
directed_cross_project_edge_weight,4404,1,0.4589890568004169,0.5411151641479938
directed_cross_project_edge_weight,4405,1,0.4590932777488275,0.5410109431995831
directed_cross_project_edge_weight,4406,1,0.45919749869723814,0.5409067222511725
directed_cross_project_edge_weight,4407,1,0.45930171964564875,0.5408025013027619
directed_cross_project_edge_weight,4408,1,0.4594059405940594,0.5406982803543512
directed_cross_project_edge_weight,4409,1,0.45951016154247004,0.5405940594059406
directed_cross_project_edge_weight,4410,1,0.45961438249088066,0.54048983845753
directed_cross_project_edge_weight,4411,1,0.4597186034392913,0.5403856175091193
directed_cross_project_edge_weight,4412,1,0.45982282438770194,0.5402813965607087
directed_cross_project_edge_weight,4413,1,0.45992704533611256,0.540177175612298
directed_cross_project_edge_weight,4414,1,0.4600312662845232,0.5400729546638875
directed_cross_project_edge_weight,4415,1,0.4601354872329338,0.5399687337154768
directed_cross_project_edge_weight,4416,1,0.46023970818134446,0.5398645127670662
directed_cross_project_edge_weight,4417,1,0.4603439291297551,0.5397602918186556
directed_cross_project_edge_weight,4418,1,0.4604481500781657,0.5396560708702449
directed_cross_project_edge_weight,4419,1,0.46055237102657637,0.5395518499218342
directed_cross_project_edge_weight,4420,1,0.460656591974987,0.5394476289734237
directed_cross_project_edge_weight,4421,1,0.4607608129233976,0.539343408025013
directed_cross_project_edge_weight,4422,1,0.4608650338718082,0.5392391870766023
directed_cross_project_edge_weight,4423,1,0.4609692548202189,0.5391349661281918
directed_cross_project_edge_weight,4424,1,0.4610734757686295,0.5390307451797811
directed_cross_project_edge_weight,4425,1,0.4611776967170401,0.5389265242313706
directed_cross_project_edge_weight,4426,1,0.46128191766545074,0.5388223032829599
directed_cross_project_edge_weight,4427,1,0.4613861386138614,0.5387180823345492
directed_cross_project_edge_weight,4428,1,0.461490359562272,0.5386138613861386
directed_cross_project_edge_weight,4429,1,0.46159458051068264,0.538509640437728
directed_cross_project_edge_weight,4430,1,0.46169880145909326,0.5384054194893173
directed_cross_project_edge_weight,4431,1,0.4618030224075039,0.5383011985409067
directed_cross_project_edge_weight,4432,1,0.46190724335591454,0.5381969775924961
directed_cross_project_edge_weight,4433,1,0.46201146430432516,0.5380927566440855
directed_cross_project_edge_weight,4434,1,0.4621156852527358,0.5379885356956748
directed_cross_project_edge_weight,4435,1,0.46221990620114645,0.5378843147472642
directed_cross_project_edge_weight,4436,1,0.46232412714955706,0.5377800937988536
directed_cross_project_edge_weight,4437,1,0.4624283480979677,0.5376758728504429
directed_cross_project_edge_weight,4438,1,0.4625325690463783,0.5375716519020323
directed_cross_project_edge_weight,4439,1,0.46263678999478897,0.5374674309536217
directed_cross_project_edge_weight,4440,1,0.4627410109431996,0.537363210005211
directed_cross_project_edge_weight,4441,1,0.4628452318916102,0.5372589890568004
directed_cross_project_edge_weight,4442,1,0.46294945284002087,0.5371547681083898
directed_cross_project_edge_weight,4443,1,0.4630536737884315,0.5370505471599791
directed_cross_project_edge_weight,4444,1,0.4631578947368421,0.5369463262115686
directed_cross_project_edge_weight,4445,1,0.4632621156852527,0.5368421052631579
directed_cross_project_edge_weight,4446,1,0.4633663366336634,0.5367378843147472
directed_cross_project_edge_weight,4447,1,0.463470557582074,0.5366336633663367
directed_cross_project_edge_weight,4448,1,0.4635747785304846,0.536529442417926
directed_cross_project_edge_weight,4449,1,0.46367899947889524,0.5364252214695153
directed_cross_project_edge_weight,4450,1,0.4637832204273059,0.5363210005211048
directed_cross_project_edge_weight,4451,1,0.4638874413757165,0.5362167795726941
directed_cross_project_edge_weight,4452,1,0.46399166232412714,0.5361125586242835
directed_cross_project_edge_weight,4453,1,0.46409588327253776,0.5360083376758729
directed_cross_project_edge_weight,4454,1,0.46420010422094843,0.5359041167274622
directed_cross_project_edge_weight,4455,1,0.46430432516935904,0.5357998957790516
directed_cross_project_edge_weight,4456,1,0.46440854611776966,0.535695674830641
directed_cross_project_edge_weight,4457,1,0.4645127670661803,0.5355914538822303
directed_cross_project_edge_weight,4458,1,0.46461698801459095,0.5354872329338197
directed_cross_project_edge_weight,4459,1,0.46472120896300156,0.535383011985409
directed_cross_project_edge_weight,4460,1,0.4648254299114122,0.5352787910369985
directed_cross_project_edge_weight,4461,1,0.46492965085982285,0.5351745700885878
directed_cross_project_edge_weight,4462,1,0.46503387180823347,0.5350703491401771
directed_cross_project_edge_weight,4463,1,0.4651380927566441,0.5349661281917666
directed_cross_project_edge_weight,4464,1,0.4652423137050547,0.5348619072433559
directed_cross_project_edge_weight,4465,1,0.46534653465346537,0.5347576862949452
directed_cross_project_edge_weight,4466,1,0.465450755601876,0.5346534653465347
directed_cross_project_edge_weight,4467,1,0.4655549765502866,0.534549244398124
directed_cross_project_edge_weight,4468,1,0.4656591974986972,0.5344450234497133
directed_cross_project_edge_weight,4469,1,0.4657634184471079,0.5343408025013028
directed_cross_project_edge_weight,4470,1,0.4658676393955185,0.5342365815528921
directed_cross_project_edge_weight,4471,1,0.4659718603439291,0.5341323606044815
directed_cross_project_edge_weight,4472,1,0.46607608129233974,0.5340281396560709
directed_cross_project_edge_weight,4473,1,0.4661803022407504,0.5339239187076602
directed_cross_project_edge_weight,4474,1,0.466284523189161,0.5338196977592496
directed_cross_project_edge_weight,4475,1,0.46638874413757164,0.533715476810839
directed_cross_project_edge_weight,4476,1,0.46649296508598226,0.5336112558624283
directed_cross_project_edge_weight,4477,1,0.46659718603439293,0.5335070349140177
directed_cross_project_edge_weight,4478,1,0.46670140698280355,0.5334028139656071
directed_cross_project_edge_weight,4479,1,0.46680562793121416,0.5332985930171965
directed_cross_project_edge_weight,4480,1,0.4669098488796248,0.5331943720687858
directed_cross_project_edge_weight,4481,1,0.46701406982803545,0.5330901511203752
directed_cross_project_edge_weight,4482,1,0.46711829077644607,0.5329859301719646
directed_cross_project_edge_weight,4483,1,0.4672225117248567,0.5328817092235539
directed_cross_project_edge_weight,4484,1,0.46732673267326735,0.5327774882751433
directed_cross_project_edge_weight,4485,1,0.46743095362167797,0.5326732673267327
directed_cross_project_edge_weight,4486,1,0.4675351745700886,0.532569046378322
directed_cross_project_edge_weight,4487,1,0.4676393955184992,0.5324648254299114
directed_cross_project_edge_weight,4488,1,0.4677436164669099,0.5323606044815008
directed_cross_project_edge_weight,4489,1,0.4678478374153205,0.5322563835330901
directed_cross_project_edge_weight,4490,1,0.4679520583637311,0.5321521625846796
directed_cross_project_edge_weight,4491,1,0.4680562793121417,0.5320479416362689
directed_cross_project_edge_weight,4492,1,0.4681605002605524,0.5319437206878582
directed_cross_project_edge_weight,4493,1,0.468264721208963,0.5318394997394477
directed_cross_project_edge_weight,4494,1,0.4683689421573736,0.531735278791037
directed_cross_project_edge_weight,4495,1,0.46847316310578424,0.5316310578426263
directed_cross_project_edge_weight,4496,1,0.4685773840541949,0.5315268368942158
directed_cross_project_edge_weight,4497,1,0.46868160500260553,0.5314226159458051
directed_cross_project_edge_weight,4498,1,0.46878582595101614,0.5313183949973945
directed_cross_project_edge_weight,4499,1,0.46889004689942676,0.5312141740489839
directed_cross_project_edge_weight,4500,1,0.46899426784783743,0.5311099531005732
directed_cross_project_edge_weight,4501,1,0.46909848879624805,0.5310057321521626
directed_cross_project_edge_weight,4502,1,0.46920270974465866,0.530901511203752
directed_cross_project_edge_weight,4503,1,0.4693069306930693,0.5307972902553413
directed_cross_project_edge_weight,4504,1,0.46941115164147995,0.5306930693069307
directed_cross_project_edge_weight,4505,1,0.46951537258989057,0.53058884835852
directed_cross_project_edge_weight,4506,1,0.4696195935383012,0.5304846274101094
directed_cross_project_edge_weight,4507,1,0.46972381448671185,0.5303804064616988
directed_cross_project_edge_weight,4508,1,0.46982803543512247,0.5302761855132881
directed_cross_project_edge_weight,4509,1,0.4699322563835331,0.5301719645648776
directed_cross_project_edge_weight,4510,1,0.4700364773319437,0.5300677436164669
directed_cross_project_edge_weight,4511,1,0.4701406982803544,0.5299635226680562
directed_cross_project_edge_weight,4512,1,0.470244919228765,0.5298593017196457
directed_cross_project_edge_weight,4513,1,0.4703491401771756,0.529755080771235
directed_cross_project_edge_weight,4514,1,0.4704533611255862,0.5296508598228243
directed_cross_project_edge_weight,4515,1,0.4705575820739969,0.5295466388744138
directed_cross_project_edge_weight,4516,1,0.4706618030224075,0.5294424179260031
directed_cross_project_edge_weight,4517,1,0.4707660239708181,0.5293381969775925
directed_cross_project_edge_weight,4518,1,0.47087024491922874,0.5292339760291819
directed_cross_project_edge_weight,4519,1,0.4709744658676394,0.5291297550807712
directed_cross_project_edge_weight,4520,1,0.47107868681605003,0.5290255341323606
directed_cross_project_edge_weight,4521,1,0.47118290776446065,0.52892131318395
directed_cross_project_edge_weight,4522,1,0.47128712871287126,0.5288170922355393
directed_cross_project_edge_weight,4523,1,0.47139134966128193,0.5287128712871287
directed_cross_project_edge_weight,4524,1,0.47149557060969255,0.5286086503387181
directed_cross_project_edge_weight,4525,1,0.47159979155810317,0.5285044293903075
directed_cross_project_edge_weight,4526,1,0.47170401250651384,0.5284002084418968
directed_cross_project_edge_weight,4527,1,0.47180823345492445,0.5282959874934862
directed_cross_project_edge_weight,4528,1,0.47191245440333507,0.5281917665450756
directed_cross_project_edge_weight,4529,1,0.4720166753517457,0.5280875455966649
directed_cross_project_edge_weight,4530,1,0.47212089630015636,0.5279833246482543
directed_cross_project_edge_weight,4531,1,0.472225117248567,0.5278791036998437
directed_cross_project_edge_weight,4532,1,0.4723293381969776,0.527774882751433
directed_cross_project_edge_weight,4533,1,0.4724335591453882,0.5276706618030224
directed_cross_project_edge_weight,4534,1,0.4725377800937989,0.5275664408546118
directed_cross_project_edge_weight,4535,1,0.4726420010422095,0.5274622199062011
directed_cross_project_edge_weight,4536,1,0.4727462219906201,0.5273579989577906
directed_cross_project_edge_weight,4537,1,0.4728504429390307,0.5272537780093799
directed_cross_project_edge_weight,4538,1,0.4729546638874414,0.5271495570609692
directed_cross_project_edge_weight,4539,1,0.473058884835852,0.5270453361125587
directed_cross_project_edge_weight,4540,1,0.4731631057842626,0.526941115164148
directed_cross_project_edge_weight,4541,1,0.47326732673267324,0.5268368942157373
directed_cross_project_edge_weight,4542,1,0.4733715476810839,0.5267326732673268
directed_cross_project_edge_weight,4543,1,0.47347576862949453,0.5266284523189161
directed_cross_project_edge_weight,4544,1,0.47357998957790515,0.5265242313705055
directed_cross_project_edge_weight,4545,1,0.47368421052631576,0.5264200104220949
directed_cross_project_edge_weight,4546,1,0.47378843147472643,0.5263157894736842
directed_cross_project_edge_weight,4547,1,0.47389265242313705,0.5262115685252736
directed_cross_project_edge_weight,4548,1,0.47399687337154767,0.526107347576863
directed_cross_project_edge_weight,4549,1,0.47410109431995834,0.5260031266284523
directed_cross_project_edge_weight,4550,1,0.47420531526836895,0.5258989056800417
directed_cross_project_edge_weight,4551,1,0.47430953621677957,0.525794684731631
directed_cross_project_edge_weight,4552,1,0.4744137571651902,0.5256904637832204
directed_cross_project_edge_weight,4553,1,0.47451797811360086,0.5255862428348098
directed_cross_project_edge_weight,4554,1,0.4746221990620115,0.5254820218863991
directed_cross_project_edge_weight,4555,1,0.4747264200104221,0.5253778009379886
directed_cross_project_edge_weight,4556,1,0.4748306409588327,0.5252735799895779
directed_cross_project_edge_weight,4557,1,0.4749348619072434,0.5251693590411672
directed_cross_project_edge_weight,4558,1,0.475039082855654,0.5250651380927567
directed_cross_project_edge_weight,4559,1,0.4751433038040646,0.524960917144346
directed_cross_project_edge_weight,4560,1,0.4752475247524752,0.5248566961959353
directed_cross_project_edge_weight,4561,1,0.4753517457008859,0.5247524752475248
directed_cross_project_edge_weight,4562,1,0.4754559666492965,0.5246482542991141
directed_cross_project_edge_weight,4563,1,0.47556018759770713,0.5245440333507035
directed_cross_project_edge_weight,4564,1,0.47566440854611775,0.5244398124022929
directed_cross_project_edge_weight,4565,1,0.4757686294945284,0.5243355914538822
directed_cross_project_edge_weight,4566,1,0.47587285044293903,0.5242313705054716
directed_cross_project_edge_weight,4567,1,0.47597707139134965,0.524127149557061
directed_cross_project_edge_weight,4568,1,0.47608129233976026,0.5240229286086503
directed_cross_project_edge_weight,4569,1,0.47618551328817094,0.5239187076602397
directed_cross_project_edge_weight,4570,1,0.47628973423658155,0.5238144867118291
directed_cross_project_edge_weight,4571,1,0.47639395518499217,0.5237102657634184
directed_cross_project_edge_weight,4572,1,0.47649817613340284,0.5236060448150078
directed_cross_project_edge_weight,4573,1,0.47660239708181346,0.5235018238665972
directed_cross_project_edge_weight,4574,1,0.47670661803022407,0.5233976029181866
directed_cross_project_edge_weight,4575,1,0.4768108389786347,0.5232933819697759
directed_cross_project_edge_weight,4576,1,0.47691505992704536,0.5231891610213653
directed_cross_project_edge_weight,4577,1,0.477019280875456,0.5230849400729547
directed_cross_project_edge_weight,4578,1,0.4771235018238666,0.522980719124544
directed_cross_project_edge_weight,4579,1,0.4772277227722772,0.5228764981761334
directed_cross_project_edge_weight,4580,1,0.4773319437206879,0.5227722772277228
directed_cross_project_edge_weight,4581,1,0.4774361646690985,0.5226680562793121
directed_cross_project_edge_weight,4582,1,0.4775403856175091,0.5225638353309016
directed_cross_project_edge_weight,4583,1,0.4776446065659197,0.5224596143824909
directed_cross_project_edge_weight,4584,1,0.4777488275143304,0.5223553934340802
directed_cross_project_edge_weight,4585,1,0.477853048462741,0.5222511724856697
directed_cross_project_edge_weight,4586,1,0.47795726941115163,0.522146951537259
directed_cross_project_edge_weight,4587,1,0.47806149035956225,0.5220427305888483
directed_cross_project_edge_weight,4588,1,0.4781657113079729,0.5219385096404378
directed_cross_project_edge_weight,4589,1,0.47826993225638353,0.5218342886920271
directed_cross_project_edge_weight,4590,1,0.47837415320479415,0.5217300677436165
directed_cross_project_edge_weight,4591,1,0.4784783741532048,0.5216258467952058
directed_cross_project_edge_weight,4592,1,0.47858259510161544,0.5215216258467952
directed_cross_project_edge_weight,4593,1,0.47868681605002605,0.5214174048983846
directed_cross_project_edge_weight,4594,1,0.47879103699843667,0.521313183949974
directed_cross_project_edge_weight,4595,1,0.47889525794684734,0.5212089630015633
directed_cross_project_edge_weight,4596,1,0.47899947889525796,0.5211047420531527
directed_cross_project_edge_weight,4597,1,0.4791036998436686,0.521000521104742
directed_cross_project_edge_weight,4598,1,0.4792079207920792,0.5208963001563314
directed_cross_project_edge_weight,4599,1,0.47931214174048986,0.5207920792079208
directed_cross_project_edge_weight,4600,1,0.4794163626889005,0.5206878582595101
directed_cross_project_edge_weight,4601,1,0.4795205836373111,0.5205836373110996
directed_cross_project_edge_weight,4602,1,0.4796248045857217,0.5204794163626889
directed_cross_project_edge_weight,4603,1,0.4797290255341324,0.5203751954142782
directed_cross_project_edge_weight,4604,1,0.479833246482543,0.5202709744658677
directed_cross_project_edge_weight,4605,1,0.4799374674309536,0.520166753517457
directed_cross_project_edge_weight,4606,1,0.48004168837936423,0.5200625325690463
directed_cross_project_edge_weight,4607,1,0.4801459093277749,0.5199583116206358
directed_cross_project_edge_weight,4608,1,0.4802501302761855,0.5198540906722251
directed_cross_project_edge_weight,4609,1,0.48035435122459613,0.5197498697238145
directed_cross_project_edge_weight,4610,1,0.48045857217300675,0.5196456487754039
directed_cross_project_edge_weight,4611,1,0.4805627931214174,0.5195414278269932
directed_cross_project_edge_weight,4612,1,0.48066701406982804,0.5194372068785826
directed_cross_project_edge_weight,4613,1,0.48077123501823865,0.519332985930172
directed_cross_project_edge_weight,4614,1,0.4808754559666493,0.5192287649817613
directed_cross_project_edge_weight,4615,1,0.48097967691505994,0.5191245440333507
directed_cross_project_edge_weight,4616,1,0.48108389786347056,0.5190203230849401
directed_cross_project_edge_weight,4617,1,0.48118811881188117,0.5189161021365294
directed_cross_project_edge_weight,4618,1,0.48129233976029184,0.5188118811881188
directed_cross_project_edge_weight,4619,1,0.48139656070870246,0.5187076602397082
directed_cross_project_edge_weight,4620,1,0.4815007816571131,0.5186034392912976
directed_cross_project_edge_weight,4621,1,0.4816050026055237,0.5184992183428869
directed_cross_project_edge_weight,4622,1,0.48170922355393436,0.5183949973944763
directed_cross_project_edge_weight,4623,1,0.481813444502345,0.5182907764460657
directed_cross_project_edge_weight,4624,1,0.4819176654507556,0.518186555497655
directed_cross_project_edge_weight,4625,1,0.4820218863991662,0.5180823345492443
directed_cross_project_edge_weight,4626,1,0.4821261073475769,0.5179781136008338
directed_cross_project_edge_weight,4627,1,0.4822303282959875,0.5178738926524231
directed_cross_project_edge_weight,4628,1,0.4823345492443981,0.5177696717040126
directed_cross_project_edge_weight,4629,1,0.48243877019280873,0.5176654507556019
directed_cross_project_edge_weight,4630,1,0.4825429911412194,0.5175612298071912
directed_cross_project_edge_weight,4631,1,0.48264721208963,0.5174570088587807
directed_cross_project_edge_weight,4632,1,0.48275143303804063,0.51735278791037
directed_cross_project_edge_weight,4633,1,0.48285565398645125,0.5172485669619593
directed_cross_project_edge_weight,4634,1,0.4829598749348619,0.5171443460135488
directed_cross_project_edge_weight,4635,1,0.48306409588327254,0.5170401250651381
directed_cross_project_edge_weight,4636,1,0.48316831683168315,0.5169359041167274
directed_cross_project_edge_weight,4637,1,0.4832725377800938,0.5168316831683168
directed_cross_project_edge_weight,4638,1,0.48337675872850444,0.5167274622199062
directed_cross_project_edge_weight,4639,1,0.48348097967691506,0.5166232412714956
directed_cross_project_edge_weight,4640,1,0.4835852006253257,0.5165190203230849
directed_cross_project_edge_weight,4641,1,0.48368942157373634,0.5164147993746743
directed_cross_project_edge_weight,4642,1,0.48379364252214696,0.5163105784262637
directed_cross_project_edge_weight,4643,1,0.4838978634705576,0.516206357477853
directed_cross_project_edge_weight,4644,1,0.4840020844189682,0.5161021365294424
directed_cross_project_edge_weight,4645,1,0.48410630536737886,0.5159979155810318
directed_cross_project_edge_weight,4646,1,0.4842105263157895,0.5158936946326211
directed_cross_project_edge_weight,4647,1,0.4843147472642001,0.5157894736842106
directed_cross_project_edge_weight,4648,1,0.4844189682126107,0.5156852527357999
directed_cross_project_edge_weight,4649,1,0.4845231891610214,0.5155810317873892
directed_cross_project_edge_weight,4650,1,0.484627410109432,0.5154768108389787
directed_cross_project_edge_weight,4651,1,0.4847316310578426,0.515372589890568
directed_cross_project_edge_weight,4652,1,0.48483585200625323,0.5152683689421573
directed_cross_project_edge_weight,4653,1,0.4849400729546639,0.5151641479937468
directed_cross_project_edge_weight,4654,1,0.4850442939030745,0.5150599270453361
directed_cross_project_edge_weight,4655,1,0.48514851485148514,0.5149557060969255
directed_cross_project_edge_weight,4656,1,0.48525273579989575,0.5148514851485149
directed_cross_project_edge_weight,4657,1,0.4853569567483064,0.5147472642001042
directed_cross_project_edge_weight,4658,1,0.48546117769671704,0.5146430432516936
directed_cross_project_edge_weight,4659,1,0.48556539864512765,0.514538822303283
directed_cross_project_edge_weight,4660,1,0.4856696195935383,0.5144346013548723
directed_cross_project_edge_weight,4661,1,0.48577384054194894,0.5143303804064617
directed_cross_project_edge_weight,4662,1,0.48587806149035956,0.5142261594580511
directed_cross_project_edge_weight,4663,1,0.4859822824387702,0.5141219385096404
directed_cross_project_edge_weight,4664,1,0.48608650338718085,0.5140177175612298
directed_cross_project_edge_weight,4665,1,0.48619072433559146,0.5139134966128192
directed_cross_project_edge_weight,4666,1,0.4862949452840021,0.5138092756644086
directed_cross_project_edge_weight,4667,1,0.4863991662324127,0.5137050547159979
directed_cross_project_edge_weight,4668,1,0.48650338718082337,0.5136008337675873
directed_cross_project_edge_weight,4669,1,0.486607608129234,0.5134966128191767
directed_cross_project_edge_weight,4670,1,0.4867118290776446,0.513392391870766
directed_cross_project_edge_weight,4671,1,0.4868160500260552,0.5132881709223553
directed_cross_project_edge_weight,4672,1,0.4869202709744659,0.5131839499739448
directed_cross_project_edge_weight,4673,1,0.4870244919228765,0.5130797290255341
directed_cross_project_edge_weight,4674,1,0.4871287128712871,0.5129755080771236
directed_cross_project_edge_weight,4675,1,0.48723293381969773,0.5128712871287129
directed_cross_project_edge_weight,4676,1,0.4873371547681084,0.5127670661803022
directed_cross_project_edge_weight,4677,1,0.487441375716519,0.5126628452318917
directed_cross_project_edge_weight,4678,1,0.48754559666492964,0.512558624283481
directed_cross_project_edge_weight,4679,1,0.4876498176133403,0.5124544033350703
directed_cross_project_edge_weight,4680,1,0.4877540385617509,0.5123501823866597
directed_cross_project_edge_weight,4681,1,0.48785825951016154,0.5122459614382491
directed_cross_project_edge_weight,4682,1,0.48796248045857216,0.5121417404898384
directed_cross_project_edge_weight,4683,1,0.48806670140698283,0.5120375195414278
directed_cross_project_edge_weight,4684,1,0.48817092235539344,0.5119332985930172
directed_cross_project_edge_weight,4685,1,0.48827514330380406,0.5118290776446066
directed_cross_project_edge_weight,4686,1,0.4883793642522147,0.5117248566961959
directed_cross_project_edge_weight,4687,1,0.48848358520062535,0.5116206357477853
directed_cross_project_edge_weight,4688,1,0.48858780614903596,0.5115164147993747
directed_cross_project_edge_weight,4689,1,0.4886920270974466,0.511412193850964
directed_cross_project_edge_weight,4690,1,0.4887962480458572,0.5113079729025534
directed_cross_project_edge_weight,4691,1,0.48890046899426787,0.5112037519541428
directed_cross_project_edge_weight,4692,1,0.4890046899426785,0.5110995310057321
directed_cross_project_edge_weight,4693,1,0.4891089108910891,0.5109953100573216
directed_cross_project_edge_weight,4694,1,0.4892131318394997,0.5108910891089109
directed_cross_project_edge_weight,4695,1,0.4893173527879104,0.5107868681605002
directed_cross_project_edge_weight,4696,1,0.489421573736321,0.5106826472120897
directed_cross_project_edge_weight,4697,1,0.4895257946847316,0.510578426263679
directed_cross_project_edge_weight,4698,1,0.48963001563314223,0.5104742053152683
directed_cross_project_edge_weight,4699,1,0.4897342365815529,0.5103699843668578
directed_cross_project_edge_weight,4700,1,0.4898384575299635,0.5102657634184471
directed_cross_project_edge_weight,4701,1,0.48994267847837414,0.5101615424700364
directed_cross_project_edge_weight,4702,1,0.4900468994267848,0.5100573215216259
directed_cross_project_edge_weight,4703,1,0.4901511203751954,0.5099531005732152
directed_cross_project_edge_weight,4704,1,0.49025534132360604,0.5098488796248046
directed_cross_project_edge_weight,4705,1,0.49035956227201666,0.509744658676394
directed_cross_project_edge_weight,4706,1,0.49046378322042733,0.5096404377279833
directed_cross_project_edge_weight,4707,1,0.49056800416883795,0.5095362167795727
directed_cross_project_edge_weight,4708,1,0.49067222511724856,0.509431995831162
directed_cross_project_edge_weight,4709,1,0.4907764460656592,0.5093277748827514
directed_cross_project_edge_weight,4710,1,0.49088066701406985,0.5092235539343408
directed_cross_project_edge_weight,4711,1,0.49098488796248047,0.5091193329859302
directed_cross_project_edge_weight,4712,1,0.4910891089108911,0.5090151120375196
directed_cross_project_edge_weight,4713,1,0.4911933298593017,0.5089108910891089
directed_cross_project_edge_weight,4714,1,0.49129755080771237,0.5088066701406982
directed_cross_project_edge_weight,4715,1,0.491401771756123,0.5087024491922877
directed_cross_project_edge_weight,4716,1,0.4915059927045336,0.508598228243877
directed_cross_project_edge_weight,4717,1,0.4916102136529442,0.5084940072954663
directed_cross_project_edge_weight,4718,1,0.4917144346013549,0.5083897863470558
directed_cross_project_edge_weight,4719,1,0.4918186555497655,0.5082855653986451
directed_cross_project_edge_weight,4720,1,0.4919228764981761,0.5081813444502346
directed_cross_project_edge_weight,4721,1,0.49202709744658674,0.5080771235018239
directed_cross_project_edge_weight,4722,1,0.4921313183949974,0.5079729025534132
directed_cross_project_edge_weight,4723,1,0.492235539343408,0.5078686816050026
directed_cross_project_edge_weight,4724,1,0.49233976029181864,0.507764460656592
directed_cross_project_edge_weight,4725,1,0.4924439812402293,0.5076602397081813
directed_cross_project_edge_weight,4726,1,0.4925482021886399,0.5075560187597707
directed_cross_project_edge_weight,4727,1,0.49265242313705054,0.5074517978113601
directed_cross_project_edge_weight,4728,1,0.49275664408546116,0.5073475768629494
directed_cross_project_edge_weight,4729,1,0.49286086503387183,0.5072433559145388
directed_cross_project_edge_weight,4730,1,0.49296508598228245,0.5071391349661282
directed_cross_project_edge_weight,4731,1,0.49306930693069306,0.5070349140177176
directed_cross_project_edge_weight,4732,1,0.4931735278791037,0.5069306930693069
directed_cross_project_edge_weight,4733,1,0.49327774882751435,0.5068264721208963
directed_cross_project_edge_weight,4734,2,0.49338196977592497,0.5067222511724857
directed_cross_project_edge_weight,4735,2,0.4934861907243356,0.506618030224075
directed_cross_project_edge_weight,4736,2,0.4935904116727462,0.5065138092756644
directed_cross_project_edge_weight,4737,2,0.49369463262115687,0.5064095883272538
directed_cross_project_edge_weight,4738,2,0.4937988535695675,0.5063053673788431
directed_cross_project_edge_weight,4739,2,0.4939030745179781,0.5062011464304326
directed_cross_project_edge_weight,4740,2,0.4940072954663887,0.5060969254820219
directed_cross_project_edge_weight,4741,2,0.4941115164147994,0.5059927045336112
directed_cross_project_edge_weight,4742,2,0.49421573736321,0.5058884835852007
directed_cross_project_edge_weight,4743,2,0.4943199583116206,0.50578426263679
directed_cross_project_edge_weight,4744,2,0.4944241792600313,0.5056800416883793
directed_cross_project_edge_weight,4745,2,0.4945284002084419,0.5055758207399688
directed_cross_project_edge_weight,4746,2,0.4946326211568525,0.5054715997915581
directed_cross_project_edge_weight,4747,2,0.49473684210526314,0.5053673788431474
directed_cross_project_edge_weight,4748,2,0.4948410630536738,0.5052631578947369
directed_cross_project_edge_weight,4749,2,0.49494528400208443,0.5051589369463262
directed_cross_project_edge_weight,4750,2,0.49504950495049505,0.5050547159979156
directed_cross_project_edge_weight,4751,2,0.49515372589890566,0.504950495049505
directed_cross_project_edge_weight,4752,2,0.49525794684731633,0.5048462741010943
directed_cross_project_edge_weight,4753,2,0.49536216779572695,0.5047420531526837
directed_cross_project_edge_weight,4754,2,0.49546638874413756,0.504637832204273
directed_cross_project_edge_weight,4755,2,0.4955706096925482,0.5045336112558624
directed_cross_project_edge_weight,4756,2,0.49567483064095885,0.5044293903074518
directed_cross_project_edge_weight,4757,2,0.49577905158936947,0.5043251693590411
directed_cross_project_edge_weight,4758,2,0.4958832725377801,0.5042209484106306
directed_cross_project_edge_weight,4759,2,0.4959874934861907,0.5041167274622199
directed_cross_project_edge_weight,4760,2,0.49609171443460137,0.5040125065138092
directed_cross_project_edge_weight,4761,2,0.496195935383012,0.5039082855653987
directed_cross_project_edge_weight,4762,2,0.4963001563314226,0.503804064616988
directed_cross_project_edge_weight,4763,2,0.4964043772798332,0.5036998436685773
directed_cross_project_edge_weight,4764,2,0.4965085982282439,0.5035956227201668
directed_cross_project_edge_weight,4765,2,0.4966128191766545,0.5034914017717561
directed_cross_project_edge_weight,4766,2,0.4967170401250651,0.5033871808233454
directed_cross_project_edge_weight,4767,2,0.4968212610734758,0.5032829598749349
directed_cross_project_edge_weight,4768,2,0.4969254820218864,0.5031787389265242
directed_cross_project_edge_weight,4769,2,0.497029702970297,0.5030745179781136
directed_cross_project_edge_weight,4770,2,0.49713392391870764,0.502970297029703
directed_cross_project_edge_weight,4771,2,0.4972381448671183,0.5028660760812923
directed_cross_project_edge_weight,4772,2,0.49734236581552893,0.5027618551328817
directed_cross_project_edge_weight,4773,2,0.49744658676393955,0.5026576341844711
directed_cross_project_edge_weight,4774,2,0.49755080771235016,0.5025534132360604
directed_cross_project_edge_weight,4775,2,0.49765502866076083,0.5024491922876498
directed_cross_project_edge_weight,4776,2,0.49775924960917145,0.5023449713392392
directed_cross_project_edge_weight,4777,2,0.49786347055758207,0.5022407503908286
directed_cross_project_edge_weight,4778,2,0.4979676915059927,0.5021365294424179
directed_cross_project_edge_weight,4779,2,0.49807191245440335,0.5020323084940073
directed_cross_project_edge_weight,4780,2,0.49817613340281397,0.5019280875455967
directed_cross_project_edge_weight,4781,2,0.4982803543512246,0.501823866597186
directed_cross_project_edge_weight,4782,2,0.4983845752996352,0.5017196456487754
directed_cross_project_edge_weight,4783,2,0.4984887962480459,0.5016154247003648
directed_cross_project_edge_weight,4784,2,0.4985930171964565,0.5015112037519541
directed_cross_project_edge_weight,4785,2,0.4986972381448671,0.5014069828035436
directed_cross_project_edge_weight,4786,2,0.4988014590932777,0.5013027618551329
directed_cross_project_edge_weight,4787,2,0.4989056800416884,0.5011985409067222
directed_cross_project_edge_weight,4788,2,0.499009900990099,0.5010943199583117
directed_cross_project_edge_weight,4789,2,0.4991141219385096,0.500990099009901
directed_cross_project_edge_weight,4790,2,0.4992183428869203,0.5008858780614903
directed_cross_project_edge_weight,4791,2,0.4993225638353309,0.5007816571130798
directed_cross_project_edge_weight,4792,2,0.49942678478374153,0.5006774361646691
directed_cross_project_edge_weight,4793,2,0.49953100573215214,0.5005732152162584
directed_cross_project_edge_weight,4794,2,0.4996352266805628,0.5004689942678479
directed_cross_project_edge_weight,4795,2,0.49973944762897343,0.5003647733194372
directed_cross_project_edge_weight,4796,2,0.49984366857738405,0.5002605523710266
directed_cross_project_edge_weight,4797,2,0.49994788952579466,0.500156331422616
directed_cross_project_edge_weight,4798,2,0.5000521104742053,0.5000521104742053
directed_cross_project_edge_weight,4799,2,0.500156331422616,0.49994788952579466
directed_cross_project_edge_weight,4800,2,0.5002605523710266,0.49984366857738405
directed_cross_project_edge_weight,4801,2,0.5003647733194372,0.49973944762897343
directed_cross_project_edge_weight,4802,2,0.5004689942678479,0.4996352266805628
directed_cross_project_edge_weight,4803,2,0.5005732152162584,0.49953100573215214
directed_cross_project_edge_weight,4804,2,0.5006774361646691,0.49942678478374153
directed_cross_project_edge_weight,4805,2,0.5007816571130798,0.4993225638353309
directed_cross_project_edge_weight,4806,2,0.5008858780614903,0.4992183428869203
directed_cross_project_edge_weight,4807,2,0.500990099009901,0.4991141219385096
directed_cross_project_edge_weight,4808,2,0.5010943199583117,0.499009900990099
directed_cross_project_edge_weight,4809,2,0.5011985409067222,0.4989056800416884
directed_cross_project_edge_weight,4810,2,0.5013027618551329,0.4988014590932777
directed_cross_project_edge_weight,4811,2,0.5014069828035436,0.4986972381448671
directed_cross_project_edge_weight,4812,2,0.5015112037519541,0.4985930171964565
directed_cross_project_edge_weight,4813,2,0.5016154247003648,0.4984887962480459
directed_cross_project_edge_weight,4814,2,0.5017196456487754,0.4983845752996352
directed_cross_project_edge_weight,4815,2,0.501823866597186,0.4982803543512246
directed_cross_project_edge_weight,4816,2,0.5019280875455967,0.49817613340281397
directed_cross_project_edge_weight,4817,2,0.5020323084940073,0.49807191245440335
directed_cross_project_edge_weight,4818,2,0.5021365294424179,0.4979676915059927
directed_cross_project_edge_weight,4819,2,0.5022407503908286,0.49786347055758207
directed_cross_project_edge_weight,4820,2,0.5023449713392392,0.49775924960917145
directed_cross_project_edge_weight,4821,2,0.5024491922876498,0.49765502866076083
directed_cross_project_edge_weight,4822,2,0.5025534132360604,0.49755080771235016
directed_cross_project_edge_weight,4823,2,0.5026576341844711,0.49744658676393955
directed_cross_project_edge_weight,4824,2,0.5027618551328817,0.49734236581552893
directed_cross_project_edge_weight,4825,2,0.5028660760812923,0.4972381448671183
directed_cross_project_edge_weight,4826,2,0.502970297029703,0.49713392391870764
directed_cross_project_edge_weight,4827,2,0.5030745179781136,0.497029702970297
directed_cross_project_edge_weight,4828,2,0.5031787389265242,0.4969254820218864
directed_cross_project_edge_weight,4829,2,0.5032829598749349,0.4968212610734758
directed_cross_project_edge_weight,4830,2,0.5033871808233454,0.4967170401250651
directed_cross_project_edge_weight,4831,2,0.5034914017717561,0.4966128191766545
directed_cross_project_edge_weight,4832,2,0.5035956227201668,0.4965085982282439
directed_cross_project_edge_weight,4833,2,0.5036998436685773,0.4964043772798332
directed_cross_project_edge_weight,4834,2,0.503804064616988,0.4963001563314226
directed_cross_project_edge_weight,4835,2,0.5039082855653987,0.496195935383012
directed_cross_project_edge_weight,4836,2,0.5040125065138092,0.49609171443460137
directed_cross_project_edge_weight,4837,2,0.5041167274622199,0.4959874934861907
directed_cross_project_edge_weight,4838,2,0.5042209484106306,0.4958832725377801
directed_cross_project_edge_weight,4839,2,0.5043251693590411,0.49577905158936947
directed_cross_project_edge_weight,4840,2,0.5044293903074518,0.49567483064095885
directed_cross_project_edge_weight,4841,2,0.5045336112558624,0.4955706096925482
directed_cross_project_edge_weight,4842,2,0.504637832204273,0.49546638874413756
directed_cross_project_edge_weight,4843,2,0.5047420531526837,0.49536216779572695
directed_cross_project_edge_weight,4844,2,0.5048462741010943,0.49525794684731633
directed_cross_project_edge_weight,4845,2,0.504950495049505,0.49515372589890566
directed_cross_project_edge_weight,4846,2,0.5050547159979156,0.49504950495049505
directed_cross_project_edge_weight,4847,2,0.5051589369463262,0.49494528400208443
directed_cross_project_edge_weight,4848,2,0.5052631578947369,0.4948410630536738
directed_cross_project_edge_weight,4849,2,0.5053673788431474,0.49473684210526314
directed_cross_project_edge_weight,4850,2,0.5054715997915581,0.4946326211568525
directed_cross_project_edge_weight,4851,2,0.5055758207399688,0.4945284002084419
directed_cross_project_edge_weight,4852,2,0.5056800416883793,0.4944241792600313
directed_cross_project_edge_weight,4853,2,0.50578426263679,0.4943199583116206
directed_cross_project_edge_weight,4854,2,0.5058884835852007,0.49421573736321
directed_cross_project_edge_weight,4855,2,0.5059927045336112,0.4941115164147994
directed_cross_project_edge_weight,4856,2,0.5060969254820219,0.4940072954663887
directed_cross_project_edge_weight,4857,2,0.5062011464304326,0.4939030745179781
directed_cross_project_edge_weight,4858,2,0.5063053673788431,0.4937988535695675
directed_cross_project_edge_weight,4859,2,0.5064095883272538,0.49369463262115687
directed_cross_project_edge_weight,4860,2,0.5065138092756644,0.4935904116727462
directed_cross_project_edge_weight,4861,2,0.506618030224075,0.4934861907243356
directed_cross_project_edge_weight,4862,2,0.5067222511724857,0.49338196977592497
directed_cross_project_edge_weight,4863,2,0.5068264721208963,0.49327774882751435
directed_cross_project_edge_weight,4864,2,0.5069306930693069,0.4931735278791037
directed_cross_project_edge_weight,4865,2,0.5070349140177176,0.49306930693069306
directed_cross_project_edge_weight,4866,2,0.5071391349661282,0.49296508598228245
directed_cross_project_edge_weight,4867,2,0.5072433559145388,0.49286086503387183
directed_cross_project_edge_weight,4868,2,0.5073475768629494,0.49275664408546116
directed_cross_project_edge_weight,4869,2,0.5074517978113601,0.49265242313705054
directed_cross_project_edge_weight,4870,2,0.5075560187597707,0.4925482021886399
directed_cross_project_edge_weight,4871,2,0.5076602397081813,0.4924439812402293
directed_cross_project_edge_weight,4872,2,0.507764460656592,0.49233976029181864
directed_cross_project_edge_weight,4873,2,0.5078686816050026,0.492235539343408
directed_cross_project_edge_weight,4874,2,0.5079729025534132,0.4921313183949974
directed_cross_project_edge_weight,4875,2,0.5080771235018239,0.49202709744658674
directed_cross_project_edge_weight,4876,2,0.5081813444502346,0.4919228764981761
directed_cross_project_edge_weight,4877,2,0.5082855653986451,0.4918186555497655
directed_cross_project_edge_weight,4878,2,0.5083897863470558,0.4917144346013549
directed_cross_project_edge_weight,4879,2,0.5084940072954663,0.4916102136529442
directed_cross_project_edge_weight,4880,2,0.508598228243877,0.4915059927045336
directed_cross_project_edge_weight,4881,2,0.5087024491922877,0.491401771756123
directed_cross_project_edge_weight,4882,2,0.5088066701406982,0.49129755080771237
directed_cross_project_edge_weight,4883,2,0.5089108910891089,0.4911933298593017
directed_cross_project_edge_weight,4884,2,0.5090151120375196,0.4910891089108911
directed_cross_project_edge_weight,4885,2,0.5091193329859302,0.49098488796248047
directed_cross_project_edge_weight,4886,2,0.5092235539343408,0.49088066701406985
directed_cross_project_edge_weight,4887,2,0.5093277748827514,0.4907764460656592
directed_cross_project_edge_weight,4888,2,0.509431995831162,0.49067222511724856
directed_cross_project_edge_weight,4889,2,0.5095362167795727,0.49056800416883795
directed_cross_project_edge_weight,4890,2,0.5096404377279833,0.49046378322042733
directed_cross_project_edge_weight,4891,2,0.509744658676394,0.49035956227201666
directed_cross_project_edge_weight,4892,2,0.5098488796248046,0.49025534132360604
directed_cross_project_edge_weight,4893,2,0.5099531005732152,0.4901511203751954
directed_cross_project_edge_weight,4894,2,0.5100573215216259,0.4900468994267848
directed_cross_project_edge_weight,4895,2,0.5101615424700364,0.48994267847837414
directed_cross_project_edge_weight,4896,2,0.5102657634184471,0.4898384575299635
directed_cross_project_edge_weight,4897,2,0.5103699843668578,0.4897342365815529
directed_cross_project_edge_weight,4898,2,0.5104742053152683,0.48963001563314223
directed_cross_project_edge_weight,4899,2,0.510578426263679,0.4895257946847316
directed_cross_project_edge_weight,4900,2,0.5106826472120897,0.489421573736321
directed_cross_project_edge_weight,4901,2,0.5107868681605002,0.4893173527879104
directed_cross_project_edge_weight,4902,2,0.5108910891089109,0.4892131318394997
directed_cross_project_edge_weight,4903,2,0.5109953100573216,0.4891089108910891
directed_cross_project_edge_weight,4904,2,0.5110995310057321,0.4890046899426785
directed_cross_project_edge_weight,4905,2,0.5112037519541428,0.48890046899426787
directed_cross_project_edge_weight,4906,2,0.5113079729025534,0.4887962480458572
directed_cross_project_edge_weight,4907,2,0.511412193850964,0.4886920270974466
directed_cross_project_edge_weight,4908,2,0.5115164147993747,0.48858780614903596
directed_cross_project_edge_weight,4909,2,0.5116206357477853,0.48848358520062535
directed_cross_project_edge_weight,4910,2,0.5117248566961959,0.4883793642522147
directed_cross_project_edge_weight,4911,2,0.5118290776446066,0.48827514330380406
directed_cross_project_edge_weight,4912,2,0.5119332985930172,0.48817092235539344
directed_cross_project_edge_weight,4913,2,0.5120375195414278,0.48806670140698283
directed_cross_project_edge_weight,4914,2,0.5121417404898384,0.48796248045857216
directed_cross_project_edge_weight,4915,2,0.5122459614382491,0.48785825951016154
directed_cross_project_edge_weight,4916,2,0.5123501823866597,0.4877540385617509
directed_cross_project_edge_weight,4917,2,0.5124544033350703,0.4876498176133403
directed_cross_project_edge_weight,4918,2,0.512558624283481,0.48754559666492964
directed_cross_project_edge_weight,4919,2,0.5126628452318917,0.487441375716519
directed_cross_project_edge_weight,4920,2,0.5127670661803022,0.4873371547681084
directed_cross_project_edge_weight,4921,2,0.5128712871287129,0.48723293381969773
directed_cross_project_edge_weight,4922,2,0.5129755080771236,0.4871287128712871
directed_cross_project_edge_weight,4923,2,0.5130797290255341,0.4870244919228765
directed_cross_project_edge_weight,4924,2,0.5131839499739448,0.4869202709744659
directed_cross_project_edge_weight,4925,2,0.5132881709223553,0.4868160500260552
directed_cross_project_edge_weight,4926,2,0.513392391870766,0.4867118290776446
directed_cross_project_edge_weight,4927,2,0.5134966128191767,0.486607608129234
directed_cross_project_edge_weight,4928,2,0.5136008337675873,0.48650338718082337
directed_cross_project_edge_weight,4929,2,0.5137050547159979,0.4863991662324127
directed_cross_project_edge_weight,4930,2,0.5138092756644086,0.4862949452840021
directed_cross_project_edge_weight,4931,2,0.5139134966128192,0.48619072433559146
directed_cross_project_edge_weight,4932,2,0.5140177175612298,0.48608650338718085
directed_cross_project_edge_weight,4933,2,0.5141219385096404,0.4859822824387702
directed_cross_project_edge_weight,4934,2,0.5142261594580511,0.48587806149035956
directed_cross_project_edge_weight,4935,2,0.5143303804064617,0.48577384054194894
directed_cross_project_edge_weight,4936,2,0.5144346013548723,0.4856696195935383
directed_cross_project_edge_weight,4937,2,0.514538822303283,0.48556539864512765
directed_cross_project_edge_weight,4938,2,0.5146430432516936,0.48546117769671704
directed_cross_project_edge_weight,4939,2,0.5147472642001042,0.4853569567483064
directed_cross_project_edge_weight,4940,2,0.5148514851485149,0.48525273579989575
directed_cross_project_edge_weight,4941,2,0.5149557060969255,0.48514851485148514
directed_cross_project_edge_weight,4942,2,0.5150599270453361,0.4850442939030745
directed_cross_project_edge_weight,4943,2,0.5151641479937468,0.4849400729546639
directed_cross_project_edge_weight,4944,2,0.5152683689421573,0.48483585200625323
directed_cross_project_edge_weight,4945,2,0.515372589890568,0.4847316310578426
directed_cross_project_edge_weight,4946,2,0.5154768108389787,0.484627410109432
directed_cross_project_edge_weight,4947,2,0.5155810317873892,0.4845231891610214
directed_cross_project_edge_weight,4948,2,0.5156852527357999,0.4844189682126107
directed_cross_project_edge_weight,4949,2,0.5157894736842106,0.4843147472642001
directed_cross_project_edge_weight,4950,2,0.5158936946326211,0.4842105263157895
directed_cross_project_edge_weight,4951,2,0.5159979155810318,0.48410630536737886
directed_cross_project_edge_weight,4952,2,0.5161021365294424,0.4840020844189682
directed_cross_project_edge_weight,4953,2,0.516206357477853,0.4838978634705576
directed_cross_project_edge_weight,4954,2,0.5163105784262637,0.48379364252214696
directed_cross_project_edge_weight,4955,2,0.5164147993746743,0.48368942157373634
directed_cross_project_edge_weight,4956,2,0.5165190203230849,0.4835852006253257
directed_cross_project_edge_weight,4957,2,0.5166232412714956,0.48348097967691506
directed_cross_project_edge_weight,4958,2,0.5167274622199062,0.48337675872850444
directed_cross_project_edge_weight,4959,2,0.5168316831683168,0.4832725377800938
directed_cross_project_edge_weight,4960,2,0.5169359041167274,0.48316831683168315
directed_cross_project_edge_weight,4961,2,0.5170401250651381,0.48306409588327254
directed_cross_project_edge_weight,4962,2,0.5171443460135488,0.4829598749348619
directed_cross_project_edge_weight,4963,2,0.5172485669619593,0.48285565398645125
directed_cross_project_edge_weight,4964,2,0.51735278791037,0.48275143303804063
directed_cross_project_edge_weight,4965,2,0.5174570088587807,0.48264721208963
directed_cross_project_edge_weight,4966,2,0.5175612298071912,0.4825429911412194
directed_cross_project_edge_weight,4967,2,0.5176654507556019,0.48243877019280873
directed_cross_project_edge_weight,4968,2,0.5177696717040126,0.4823345492443981
directed_cross_project_edge_weight,4969,2,0.5178738926524231,0.4822303282959875
directed_cross_project_edge_weight,4970,2,0.5179781136008338,0.4821261073475769
directed_cross_project_edge_weight,4971,2,0.5180823345492443,0.4820218863991662
directed_cross_project_edge_weight,4972,2,0.518186555497655,0.4819176654507556
directed_cross_project_edge_weight,4973,2,0.5182907764460657,0.481813444502345
directed_cross_project_edge_weight,4974,2,0.5183949973944763,0.48170922355393436
directed_cross_project_edge_weight,4975,2,0.5184992183428869,0.4816050026055237
directed_cross_project_edge_weight,4976,2,0.5186034392912976,0.4815007816571131
directed_cross_project_edge_weight,4977,2,0.5187076602397082,0.48139656070870246
directed_cross_project_edge_weight,4978,2,0.5188118811881188,0.48129233976029184
directed_cross_project_edge_weight,4979,2,0.5189161021365294,0.48118811881188117
directed_cross_project_edge_weight,4980,2,0.5190203230849401,0.48108389786347056
directed_cross_project_edge_weight,4981,2,0.5191245440333507,0.48097967691505994
directed_cross_project_edge_weight,4982,2,0.5192287649817613,0.4808754559666493
directed_cross_project_edge_weight,4983,2,0.519332985930172,0.48077123501823865
directed_cross_project_edge_weight,4984,2,0.5194372068785826,0.48066701406982804
directed_cross_project_edge_weight,4985,2,0.5195414278269932,0.4805627931214174
directed_cross_project_edge_weight,4986,2,0.5196456487754039,0.48045857217300675
directed_cross_project_edge_weight,4987,2,0.5197498697238145,0.48035435122459613
directed_cross_project_edge_weight,4988,2,0.5198540906722251,0.4802501302761855
directed_cross_project_edge_weight,4989,2,0.5199583116206358,0.4801459093277749
directed_cross_project_edge_weight,4990,2,0.5200625325690463,0.48004168837936423
directed_cross_project_edge_weight,4991,2,0.520166753517457,0.4799374674309536
directed_cross_project_edge_weight,4992,2,0.5202709744658677,0.479833246482543
directed_cross_project_edge_weight,4993,2,0.5203751954142782,0.4797290255341324
directed_cross_project_edge_weight,4994,2,0.5204794163626889,0.4796248045857217
directed_cross_project_edge_weight,4995,2,0.5205836373110996,0.4795205836373111
directed_cross_project_edge_weight,4996,2,0.5206878582595101,0.4794163626889005
directed_cross_project_edge_weight,4997,2,0.5207920792079208,0.47931214174048986
directed_cross_project_edge_weight,4998,2,0.5208963001563314,0.4792079207920792
directed_cross_project_edge_weight,4999,2,0.521000521104742,0.4791036998436686
directed_cross_project_edge_weight,5000,2,0.5211047420531527,0.47899947889525796
directed_cross_project_edge_weight,5001,2,0.5212089630015633,0.47889525794684734
directed_cross_project_edge_weight,5002,2,0.521313183949974,0.47879103699843667
directed_cross_project_edge_weight,5003,2,0.5214174048983846,0.47868681605002605
directed_cross_project_edge_weight,5004,2,0.5215216258467952,0.47858259510161544
directed_cross_project_edge_weight,5005,2,0.5216258467952058,0.4784783741532048
directed_cross_project_edge_weight,5006,2,0.5217300677436165,0.47837415320479415
directed_cross_project_edge_weight,5007,2,0.5218342886920271,0.47826993225638353
directed_cross_project_edge_weight,5008,2,0.5219385096404378,0.4781657113079729
directed_cross_project_edge_weight,5009,2,0.5220427305888483,0.47806149035956225
directed_cross_project_edge_weight,5010,2,0.522146951537259,0.47795726941115163
directed_cross_project_edge_weight,5011,2,0.5222511724856697,0.477853048462741
directed_cross_project_edge_weight,5012,2,0.5223553934340802,0.4777488275143304
directed_cross_project_edge_weight,5013,2,0.5224596143824909,0.4776446065659197
directed_cross_project_edge_weight,5014,2,0.5225638353309016,0.4775403856175091
directed_cross_project_edge_weight,5015,2,0.5226680562793121,0.4774361646690985
directed_cross_project_edge_weight,5016,2,0.5227722772277228,0.4773319437206879
directed_cross_project_edge_weight,5017,2,0.5228764981761334,0.4772277227722772
directed_cross_project_edge_weight,5018,2,0.522980719124544,0.4771235018238666
directed_cross_project_edge_weight,5019,2,0.5230849400729547,0.477019280875456
directed_cross_project_edge_weight,5020,2,0.5231891610213653,0.47691505992704536
directed_cross_project_edge_weight,5021,2,0.5232933819697759,0.4768108389786347
directed_cross_project_edge_weight,5022,2,0.5233976029181866,0.47670661803022407
directed_cross_project_edge_weight,5023,2,0.5235018238665972,0.47660239708181346
directed_cross_project_edge_weight,5024,2,0.5236060448150078,0.47649817613340284
directed_cross_project_edge_weight,5025,2,0.5237102657634184,0.47639395518499217
directed_cross_project_edge_weight,5026,2,0.5238144867118291,0.47628973423658155
directed_cross_project_edge_weight,5027,2,0.5239187076602397,0.47618551328817094
directed_cross_project_edge_weight,5028,2,0.5240229286086503,0.47608129233976026
directed_cross_project_edge_weight,5029,2,0.524127149557061,0.47597707139134965
directed_cross_project_edge_weight,5030,2,0.5242313705054716,0.47587285044293903
directed_cross_project_edge_weight,5031,2,0.5243355914538822,0.4757686294945284
directed_cross_project_edge_weight,5032,2,0.5244398124022929,0.47566440854611775
directed_cross_project_edge_weight,5033,2,0.5245440333507035,0.47556018759770713
directed_cross_project_edge_weight,5034,2,0.5246482542991141,0.4754559666492965
directed_cross_project_edge_weight,5035,2,0.5247524752475248,0.4753517457008859
directed_cross_project_edge_weight,5036,2,0.5248566961959353,0.4752475247524752
directed_cross_project_edge_weight,5037,2,0.524960917144346,0.4751433038040646
directed_cross_project_edge_weight,5038,2,0.5250651380927567,0.475039082855654
directed_cross_project_edge_weight,5039,2,0.5251693590411672,0.4749348619072434
directed_cross_project_edge_weight,5040,2,0.5252735799895779,0.4748306409588327
directed_cross_project_edge_weight,5041,2,0.5253778009379886,0.4747264200104221
directed_cross_project_edge_weight,5042,2,0.5254820218863991,0.4746221990620115
directed_cross_project_edge_weight,5043,2,0.5255862428348098,0.47451797811360086
directed_cross_project_edge_weight,5044,2,0.5256904637832204,0.4744137571651902
directed_cross_project_edge_weight,5045,2,0.525794684731631,0.47430953621677957
directed_cross_project_edge_weight,5046,2,0.5258989056800417,0.47420531526836895
directed_cross_project_edge_weight,5047,2,0.5260031266284523,0.47410109431995834
directed_cross_project_edge_weight,5048,2,0.526107347576863,0.47399687337154767
directed_cross_project_edge_weight,5049,2,0.5262115685252736,0.47389265242313705
directed_cross_project_edge_weight,5050,2,0.5263157894736842,0.47378843147472643
directed_cross_project_edge_weight,5051,2,0.5264200104220949,0.47368421052631576
directed_cross_project_edge_weight,5052,2,0.5265242313705055,0.47357998957790515
directed_cross_project_edge_weight,5053,2,0.5266284523189161,0.47347576862949453
directed_cross_project_edge_weight,5054,2,0.5267326732673268,0.4733715476810839
directed_cross_project_edge_weight,5055,2,0.5268368942157373,0.47326732673267324
directed_cross_project_edge_weight,5056,2,0.526941115164148,0.4731631057842626
directed_cross_project_edge_weight,5057,2,0.5270453361125587,0.473058884835852
directed_cross_project_edge_weight,5058,2,0.5271495570609692,0.4729546638874414
directed_cross_project_edge_weight,5059,2,0.5272537780093799,0.4728504429390307
directed_cross_project_edge_weight,5060,2,0.5273579989577906,0.4727462219906201
directed_cross_project_edge_weight,5061,2,0.5274622199062011,0.4726420010422095
directed_cross_project_edge_weight,5062,2,0.5275664408546118,0.4725377800937989
directed_cross_project_edge_weight,5063,2,0.5276706618030224,0.4724335591453882
directed_cross_project_edge_weight,5064,2,0.527774882751433,0.4723293381969776
directed_cross_project_edge_weight,5065,2,0.5278791036998437,0.472225117248567
directed_cross_project_edge_weight,5066,2,0.5279833246482543,0.47212089630015636
directed_cross_project_edge_weight,5067,2,0.5280875455966649,0.4720166753517457
directed_cross_project_edge_weight,5068,2,0.5281917665450756,0.47191245440333507
directed_cross_project_edge_weight,5069,2,0.5282959874934862,0.47180823345492445
directed_cross_project_edge_weight,5070,2,0.5284002084418968,0.47170401250651384
directed_cross_project_edge_weight,5071,2,0.5285044293903075,0.47159979155810317
directed_cross_project_edge_weight,5072,2,0.5286086503387181,0.47149557060969255
directed_cross_project_edge_weight,5073,2,0.5287128712871287,0.47139134966128193
directed_cross_project_edge_weight,5074,2,0.5288170922355393,0.47128712871287126
directed_cross_project_edge_weight,5075,2,0.52892131318395,0.47118290776446065
directed_cross_project_edge_weight,5076,2,0.5290255341323606,0.47107868681605003
directed_cross_project_edge_weight,5077,2,0.5291297550807712,0.4709744658676394
directed_cross_project_edge_weight,5078,2,0.5292339760291819,0.47087024491922874
directed_cross_project_edge_weight,5079,2,0.5293381969775925,0.4707660239708181
directed_cross_project_edge_weight,5080,2,0.5294424179260031,0.4706618030224075
directed_cross_project_edge_weight,5081,2,0.5295466388744138,0.4705575820739969
directed_cross_project_edge_weight,5082,2,0.5296508598228243,0.4704533611255862
directed_cross_project_edge_weight,5083,2,0.529755080771235,0.4703491401771756
directed_cross_project_edge_weight,5084,2,0.5298593017196457,0.470244919228765
directed_cross_project_edge_weight,5085,2,0.5299635226680562,0.4701406982803544
directed_cross_project_edge_weight,5086,2,0.5300677436164669,0.4700364773319437
directed_cross_project_edge_weight,5087,2,0.5301719645648776,0.4699322563835331
directed_cross_project_edge_weight,5088,2,0.5302761855132881,0.46982803543512247
directed_cross_project_edge_weight,5089,2,0.5303804064616988,0.46972381448671185
directed_cross_project_edge_weight,5090,2,0.5304846274101094,0.4696195935383012
directed_cross_project_edge_weight,5091,2,0.53058884835852,0.46951537258989057
directed_cross_project_edge_weight,5092,2,0.5306930693069307,0.46941115164147995
directed_cross_project_edge_weight,5093,2,0.5307972902553413,0.4693069306930693
directed_cross_project_edge_weight,5094,2,0.530901511203752,0.46920270974465866
directed_cross_project_edge_weight,5095,2,0.5310057321521626,0.46909848879624805
directed_cross_project_edge_weight,5096,2,0.5311099531005732,0.46899426784783743
directed_cross_project_edge_weight,5097,2,0.5312141740489839,0.46889004689942676
directed_cross_project_edge_weight,5098,2,0.5313183949973945,0.46878582595101614
directed_cross_project_edge_weight,5099,2,0.5314226159458051,0.46868160500260553
directed_cross_project_edge_weight,5100,2,0.5315268368942158,0.4685773840541949
directed_cross_project_edge_weight,5101,2,0.5316310578426263,0.46847316310578424
directed_cross_project_edge_weight,5102,2,0.531735278791037,0.4683689421573736
directed_cross_project_edge_weight,5103,2,0.5318394997394477,0.468264721208963
directed_cross_project_edge_weight,5104,2,0.5319437206878582,0.4681605002605524
directed_cross_project_edge_weight,5105,2,0.5320479416362689,0.4680562793121417
directed_cross_project_edge_weight,5106,2,0.5321521625846796,0.4679520583637311
directed_cross_project_edge_weight,5107,2,0.5322563835330901,0.4678478374153205
directed_cross_project_edge_weight,5108,2,0.5323606044815008,0.4677436164669099
directed_cross_project_edge_weight,5109,2,0.5324648254299114,0.4676393955184992
directed_cross_project_edge_weight,5110,2,0.532569046378322,0.4675351745700886
directed_cross_project_edge_weight,5111,2,0.5326732673267327,0.46743095362167797
directed_cross_project_edge_weight,5112,2,0.5327774882751433,0.46732673267326735
directed_cross_project_edge_weight,5113,2,0.5328817092235539,0.4672225117248567
directed_cross_project_edge_weight,5114,2,0.5329859301719646,0.46711829077644607
directed_cross_project_edge_weight,5115,2,0.5330901511203752,0.46701406982803545
directed_cross_project_edge_weight,5116,2,0.5331943720687858,0.4669098488796248
directed_cross_project_edge_weight,5117,2,0.5332985930171965,0.46680562793121416
directed_cross_project_edge_weight,5118,2,0.5334028139656071,0.46670140698280355
directed_cross_project_edge_weight,5119,2,0.5335070349140177,0.46659718603439293
directed_cross_project_edge_weight,5120,2,0.5336112558624283,0.46649296508598226
directed_cross_project_edge_weight,5121,2,0.533715476810839,0.46638874413757164
directed_cross_project_edge_weight,5122,2,0.5338196977592496,0.466284523189161
directed_cross_project_edge_weight,5123,2,0.5339239187076602,0.4661803022407504
directed_cross_project_edge_weight,5124,2,0.5340281396560709,0.46607608129233974
directed_cross_project_edge_weight,5125,2,0.5341323606044815,0.4659718603439291
directed_cross_project_edge_weight,5126,2,0.5342365815528921,0.4658676393955185
directed_cross_project_edge_weight,5127,2,0.5343408025013028,0.4657634184471079
directed_cross_project_edge_weight,5128,2,0.5344450234497133,0.4656591974986972
directed_cross_project_edge_weight,5129,2,0.534549244398124,0.4655549765502866
directed_cross_project_edge_weight,5130,2,0.5346534653465347,0.465450755601876
directed_cross_project_edge_weight,5131,2,0.5347576862949452,0.46534653465346537
directed_cross_project_edge_weight,5132,2,0.5348619072433559,0.4652423137050547
directed_cross_project_edge_weight,5133,2,0.5349661281917666,0.4651380927566441
directed_cross_project_edge_weight,5134,2,0.5350703491401771,0.46503387180823347
directed_cross_project_edge_weight,5135,2,0.5351745700885878,0.46492965085982285
directed_cross_project_edge_weight,5136,2,0.5352787910369985,0.4648254299114122
directed_cross_project_edge_weight,5137,2,0.535383011985409,0.46472120896300156
directed_cross_project_edge_weight,5138,2,0.5354872329338197,0.46461698801459095
directed_cross_project_edge_weight,5139,2,0.5355914538822303,0.4645127670661803
directed_cross_project_edge_weight,5140,2,0.535695674830641,0.46440854611776966
directed_cross_project_edge_weight,5141,2,0.5357998957790516,0.46430432516935904
directed_cross_project_edge_weight,5142,2,0.5359041167274622,0.46420010422094843
directed_cross_project_edge_weight,5143,2,0.5360083376758729,0.46409588327253776
directed_cross_project_edge_weight,5144,2,0.5361125586242835,0.46399166232412714
directed_cross_project_edge_weight,5145,2,0.5362167795726941,0.4638874413757165
directed_cross_project_edge_weight,5146,2,0.5363210005211048,0.4637832204273059
directed_cross_project_edge_weight,5147,2,0.5364252214695153,0.46367899947889524
directed_cross_project_edge_weight,5148,2,0.536529442417926,0.4635747785304846
directed_cross_project_edge_weight,5149,2,0.5366336633663367,0.463470557582074
directed_cross_project_edge_weight,5150,2,0.5367378843147472,0.4633663366336634
directed_cross_project_edge_weight,5151,2,0.5368421052631579,0.4632621156852527
directed_cross_project_edge_weight,5152,2,0.5369463262115686,0.4631578947368421
directed_cross_project_edge_weight,5153,2,0.5370505471599791,0.4630536737884315
directed_cross_project_edge_weight,5154,2,0.5371547681083898,0.46294945284002087
directed_cross_project_edge_weight,5155,2,0.5372589890568004,0.4628452318916102
directed_cross_project_edge_weight,5156,2,0.537363210005211,0.4627410109431996
directed_cross_project_edge_weight,5157,2,0.5374674309536217,0.46263678999478897
directed_cross_project_edge_weight,5158,2,0.5375716519020323,0.4625325690463783
directed_cross_project_edge_weight,5159,2,0.5376758728504429,0.4624283480979677
directed_cross_project_edge_weight,5160,2,0.5377800937988536,0.46232412714955706
directed_cross_project_edge_weight,5161,2,0.5378843147472642,0.46221990620114645
directed_cross_project_edge_weight,5162,2,0.5379885356956748,0.4621156852527358
directed_cross_project_edge_weight,5163,2,0.5380927566440855,0.46201146430432516
directed_cross_project_edge_weight,5164,2,0.5381969775924961,0.46190724335591454
directed_cross_project_edge_weight,5165,2,0.5383011985409067,0.4618030224075039
directed_cross_project_edge_weight,5166,2,0.5384054194893173,0.46169880145909326
directed_cross_project_edge_weight,5167,2,0.538509640437728,0.46159458051068264
directed_cross_project_edge_weight,5168,2,0.5386138613861386,0.461490359562272
directed_cross_project_edge_weight,5169,2,0.5387180823345492,0.4613861386138614
directed_cross_project_edge_weight,5170,2,0.5388223032829599,0.46128191766545074
directed_cross_project_edge_weight,5171,2,0.5389265242313706,0.4611776967170401
directed_cross_project_edge_weight,5172,2,0.5390307451797811,0.4610734757686295
directed_cross_project_edge_weight,5173,2,0.5391349661281918,0.4609692548202189
directed_cross_project_edge_weight,5174,2,0.5392391870766023,0.4608650338718082
directed_cross_project_edge_weight,5175,2,0.539343408025013,0.4607608129233976
directed_cross_project_edge_weight,5176,2,0.5394476289734237,0.460656591974987
directed_cross_project_edge_weight,5177,2,0.5395518499218342,0.46055237102657637
directed_cross_project_edge_weight,5178,2,0.5396560708702449,0.4604481500781657
directed_cross_project_edge_weight,5179,2,0.5397602918186556,0.4603439291297551
directed_cross_project_edge_weight,5180,2,0.5398645127670662,0.46023970818134446
directed_cross_project_edge_weight,5181,2,0.5399687337154768,0.4601354872329338
directed_cross_project_edge_weight,5182,2,0.5400729546638875,0.4600312662845232
directed_cross_project_edge_weight,5183,2,0.540177175612298,0.45992704533611256
directed_cross_project_edge_weight,5184,2,0.5402813965607087,0.45982282438770194
directed_cross_project_edge_weight,5185,2,0.5403856175091193,0.4597186034392913
directed_cross_project_edge_weight,5186,2,0.54048983845753,0.45961438249088066
directed_cross_project_edge_weight,5187,2,0.5405940594059406,0.45951016154247004
directed_cross_project_edge_weight,5188,2,0.5406982803543512,0.4594059405940594
directed_cross_project_edge_weight,5189,2,0.5408025013027619,0.45930171964564875
directed_cross_project_edge_weight,5190,2,0.5409067222511725,0.45919749869723814
directed_cross_project_edge_weight,5191,2,0.5410109431995831,0.4590932777488275
directed_cross_project_edge_weight,5192,2,0.5411151641479938,0.4589890568004169
directed_cross_project_edge_weight,5193,2,0.5412193850964043,0.45888483585200623
directed_cross_project_edge_weight,5194,2,0.541323606044815,0.4587806149035956
directed_cross_project_edge_weight,5195,2,0.5414278269932257,0.458676393955185
directed_cross_project_edge_weight,5196,2,0.5415320479416362,0.4585721730067744
directed_cross_project_edge_weight,5197,2,0.5416362688900469,0.4584679520583637
directed_cross_project_edge_weight,5198,2,0.5417404898384576,0.4583637311099531
directed_cross_project_edge_weight,5199,2,0.5418447107868681,0.4582595101615425
directed_cross_project_edge_weight,5200,2,0.5419489317352788,0.45815528921313187
directed_cross_project_edge_weight,5201,2,0.5420531526836895,0.4580510682647212
directed_cross_project_edge_weight,5202,2,0.5421573736321,0.4579468473163106
directed_cross_project_edge_weight,5203,2,0.5422615945805107,0.45784262636789996
directed_cross_project_edge_weight,5204,2,0.5423658155289213,0.4577384054194893
directed_cross_project_edge_weight,5205,2,0.5424700364773319,0.4576341844710787
directed_cross_project_edge_weight,5206,2,0.5425742574257426,0.45752996352266806
directed_cross_project_edge_weight,5207,2,0.5426784783741532,0.45742574257425744
directed_cross_project_edge_weight,5208,2,0.5427826993225638,0.45732152162584677
directed_cross_project_edge_weight,5209,2,0.5428869202709745,0.45721730067743616
directed_cross_project_edge_weight,5210,2,0.5429911412193851,0.45711307972902554
directed_cross_project_edge_weight,5211,2,0.5430953621677957,0.4570088587806149
directed_cross_project_edge_weight,5212,2,0.5431995831162063,0.45690463783220425
directed_cross_project_edge_weight,5213,2,0.543303804064617,0.45680041688379364
directed_cross_project_edge_weight,5214,2,0.5434080250130277,0.456696195935383
directed_cross_project_edge_weight,5215,2,0.5435122459614382,0.4565919749869724
directed_cross_project_edge_weight,5216,2,0.5436164669098489,0.45648775403856173
directed_cross_project_edge_weight,5217,2,0.5437206878582596,0.4563835330901511
directed_cross_project_edge_weight,5218,2,0.5438249088066701,0.4562793121417405
directed_cross_project_edge_weight,5219,2,0.5439291297550808,0.4561750911933299
directed_cross_project_edge_weight,5220,2,0.5440333507034913,0.4560708702449192
directed_cross_project_edge_weight,5221,2,0.544137571651902,0.4559666492965086
directed_cross_project_edge_weight,5222,2,0.5442417926003127,0.455862428348098
directed_cross_project_edge_weight,5223,2,0.5443460135487233,0.4557582073996873
directed_cross_project_edge_weight,5224,2,0.5444502344971339,0.4556539864512767
directed_cross_project_edge_weight,5225,2,0.5445544554455446,0.4555497655028661
directed_cross_project_edge_weight,5226,2,0.5446586763939552,0.45544554455445546
directed_cross_project_edge_weight,5227,2,0.5447628973423658,0.4553413236060448
directed_cross_project_edge_weight,5228,2,0.5448671182907765,0.4552371026576342
directed_cross_project_edge_weight,5229,2,0.5449713392391871,0.45513288170922356
directed_cross_project_edge_weight,5230,2,0.5450755601875977,0.45502866076081294
directed_cross_project_edge_weight,5231,2,0.5451797811360083,0.45492443981240227
directed_cross_project_edge_weight,5232,2,0.545284002084419,0.45482021886399165
directed_cross_project_edge_weight,5233,2,0.5453882230328296,0.45471599791558104
directed_cross_project_edge_weight,5234,2,0.5454924439812402,0.4546117769671704
directed_cross_project_edge_weight,5235,2,0.5455966649296509,0.45450755601875975
directed_cross_project_edge_weight,5236,2,0.5457008858780615,0.45440333507034913
directed_cross_project_edge_weight,5237,2,0.5458051068264721,0.4542991141219385
directed_cross_project_edge_weight,5238,2,0.5459093277748828,0.4541948931735279
directed_cross_project_edge_weight,5239,2,0.5460135487232933,0.45409067222511723
directed_cross_project_edge_weight,5240,2,0.546117769671704,0.4539864512767066
directed_cross_project_edge_weight,5241,2,0.5462219906201147,0.453882230328296
directed_cross_project_edge_weight,5242,2,0.5463262115685252,0.4537780093798854
directed_cross_project_edge_weight,5243,2,0.5464304325169359,0.4536737884314747
directed_cross_project_edge_weight,5244,2,0.5465346534653466,0.4535695674830641
directed_cross_project_edge_weight,5245,2,0.5466388744137571,0.4534653465346535
directed_cross_project_edge_weight,5246,2,0.5467430953621678,0.4533611255862428
directed_cross_project_edge_weight,5247,2,0.5468473163105785,0.4532569046378322
directed_cross_project_edge_weight,5248,2,0.546951537258989,0.4531526836894216
directed_cross_project_edge_weight,5249,2,0.5470557582073997,0.45304846274101096
directed_cross_project_edge_weight,5250,2,0.5471599791558103,0.4529442417926003
directed_cross_project_edge_weight,5251,2,0.5472642001042209,0.4528400208441897
directed_cross_project_edge_weight,5252,2,0.5473684210526316,0.45273579989577906
directed_cross_project_edge_weight,5253,2,0.5474726420010422,0.45263157894736844
directed_cross_project_edge_weight,5254,2,0.5475768629494528,0.45252735799895777
directed_cross_project_edge_weight,5255,2,0.5476810838978635,0.45242313705054715
directed_cross_project_edge_weight,5256,2,0.5477853048462741,0.45231891610213654
directed_cross_project_edge_weight,5257,2,0.5478895257946848,0.4522146951537259
directed_cross_project_edge_weight,5258,2,0.5479937467430953,0.45211047420531525
directed_cross_project_edge_weight,5259,2,0.548097967691506,0.45200625325690463
directed_cross_project_edge_weight,5260,2,0.5482021886399167,0.451902032308494
directed_cross_project_edge_weight,5261,2,0.5483064095883272,0.4517978113600834
directed_cross_project_edge_weight,5262,2,0.5484106305367379,0.45169359041167273
directed_cross_project_edge_weight,5263,2,0.5485148514851486,0.4515893694632621
directed_cross_project_edge_weight,5264,2,0.5486190724335591,0.4514851485148515
directed_cross_project_edge_weight,5265,2,0.5487232933819698,0.4513809275664409
directed_cross_project_edge_weight,5266,2,0.5488275143303805,0.4512767066180302
directed_cross_project_edge_weight,5267,2,0.548931735278791,0.4511724856696196
directed_cross_project_edge_weight,5268,2,0.5490359562272017,0.451068264721209
directed_cross_project_edge_weight,5269,2,0.5491401771756123,0.4509640437727983
directed_cross_project_edge_weight,5270,2,0.5492443981240229,0.4508598228243877
directed_cross_project_edge_weight,5271,2,0.5493486190724336,0.4507556018759771
directed_cross_project_edge_weight,5272,2,0.5494528400208442,0.45065138092756646
directed_cross_project_edge_weight,5273,2,0.5495570609692548,0.4505471599791558
directed_cross_project_edge_weight,5274,2,0.5496612819176655,0.45044293903074517
directed_cross_project_edge_weight,5275,2,0.5497655028660761,0.45033871808233455
directed_cross_project_edge_weight,5276,2,0.5498697238144867,0.45023449713392394
directed_cross_project_edge_weight,5277,2,0.5499739447628973,0.45013027618551327
directed_cross_project_edge_weight,5278,2,0.550078165711308,0.45002605523710265
directed_cross_project_edge_weight,5279,2,0.5501823866597186,0.44992183428869204
directed_cross_project_edge_weight,5280,2,0.5502866076081292,0.4498176133402814
directed_cross_project_edge_weight,5281,2,0.5503908285565399,0.44971339239187075
directed_cross_project_edge_weight,5282,2,0.5504950495049505,0.44960917144346013
directed_cross_project_edge_weight,5283,2,0.5505992704533611,0.4495049504950495
directed_cross_project_edge_weight,5284,2,0.5507034914017718,0.4494007295466389
directed_cross_project_edge_weight,5285,2,0.5508077123501823,0.44929650859822823
directed_cross_project_edge_weight,5286,2,0.550911933298593,0.4491922876498176
directed_cross_project_edge_weight,5287,2,0.5510161542470037,0.449088066701407
directed_cross_project_edge_weight,5288,2,0.5511203751954142,0.4489838457529964
directed_cross_project_edge_weight,5289,2,0.5512245961438249,0.4488796248045857
directed_cross_project_edge_weight,5290,2,0.5513288170922356,0.4487754038561751
directed_cross_project_edge_weight,5291,2,0.5514330380406461,0.4486711829077645
directed_cross_project_edge_weight,5292,2,0.5515372589890568,0.4485669619593538
directed_cross_project_edge_weight,5293,2,0.5516414799374675,0.4484627410109432
directed_cross_project_edge_weight,5294,2,0.551745700885878,0.4483585200625326
directed_cross_project_edge_weight,5295,2,0.5518499218342887,0.44825429911412196
directed_cross_project_edge_weight,5296,2,0.5519541427826993,0.4481500781657113
directed_cross_project_edge_weight,5297,2,0.55205836373111,0.44804585721730067
directed_cross_project_edge_weight,5298,2,0.5521625846795206,0.44794163626889005
directed_cross_project_edge_weight,5299,2,0.5522668056279312,0.44783741532047944
directed_cross_project_edge_weight,5300,2,0.5523710265763419,0.44773319437206877
directed_cross_project_edge_weight,5301,2,0.5524752475247525,0.44762897342365815
directed_cross_project_edge_weight,5302,2,0.5525794684731631,0.44752475247524753
directed_cross_project_edge_weight,5303,2,0.5526836894215738,0.4474205315268369
directed_cross_project_edge_weight,5304,2,0.5527879103699843,0.44731631057842625
directed_cross_project_edge_weight,5305,2,0.552892131318395,0.44721208963001563
directed_cross_project_edge_weight,5306,2,0.5529963522668057,0.447107868681605
directed_cross_project_edge_weight,5307,2,0.5531005732152162,0.4470036477331944
directed_cross_project_edge_weight,5308,2,0.5532047941636269,0.4468994267847837
directed_cross_project_edge_weight,5309,2,0.5533090151120376,0.4467952058363731
directed_cross_project_edge_weight,5310,2,0.5534132360604481,0.4466909848879625
directed_cross_project_edge_weight,5311,2,0.5535174570088588,0.4465867639395518
directed_cross_project_edge_weight,5312,2,0.5536216779572695,0.4464825429911412
directed_cross_project_edge_weight,5313,2,0.55372589890568,0.4463783220427306
directed_cross_project_edge_weight,5314,2,0.5538301198540907,0.44627410109432
directed_cross_project_edge_weight,5315,2,0.5539343408025013,0.4461698801459093
directed_cross_project_edge_weight,5316,2,0.5540385617509119,0.4460656591974987
directed_cross_project_edge_weight,5317,2,0.5541427826993226,0.44596143824908807
directed_cross_project_edge_weight,5318,2,0.5542470036477332,0.44585721730067746
directed_cross_project_edge_weight,5319,2,0.5543512245961438,0.4457529963522668
directed_cross_project_edge_weight,5320,2,0.5544554455445545,0.44564877540385617
directed_cross_project_edge_weight,5321,2,0.5545596664929651,0.44554455445544555
directed_cross_project_edge_weight,5322,2,0.5546638874413757,0.44544033350703494
directed_cross_project_edge_weight,5323,2,0.5547681083897863,0.44533611255862426
directed_cross_project_edge_weight,5324,2,0.554872329338197,0.44523189161021365
directed_cross_project_edge_weight,5325,2,0.5549765502866076,0.44512767066180303
directed_cross_project_edge_weight,5326,2,0.5550807712350182,0.4450234497133924
directed_cross_project_edge_weight,5327,2,0.5551849921834289,0.44491922876498174
directed_cross_project_edge_weight,5328,2,0.5552892131318395,0.44481500781657113
directed_cross_project_edge_weight,5329,2,0.5553934340802501,0.4447107868681605
directed_cross_project_edge_weight,5330,2,0.5554976550286608,0.4446065659197499
directed_cross_project_edge_weight,5331,2,0.5556018759770714,0.4445023449713392
directed_cross_project_edge_weight,5332,2,0.555706096925482,0.4443981240229286
directed_cross_project_edge_weight,5333,2,0.5558103178738927,0.444293903074518
directed_cross_project_edge_weight,5334,2,0.5559145388223032,0.4441896821261073
directed_cross_project_edge_weight,5335,2,0.5560187597707139,0.4440854611776967
directed_cross_project_edge_weight,5336,2,0.5561229807191246,0.4439812402292861
directed_cross_project_edge_weight,5337,2,0.5562272016675351,0.4438770192808755
directed_cross_project_edge_weight,5338,2,0.5563314226159458,0.4437727983324648
directed_cross_project_edge_weight,5339,2,0.5564356435643565,0.4436685773840542
directed_cross_project_edge_weight,5340,2,0.556539864512767,0.44356435643564357
directed_cross_project_edge_weight,5341,2,0.5566440854611777,0.44346013548723295
directed_cross_project_edge_weight,5342,2,0.5567483064095883,0.4433559145388223
directed_cross_project_edge_weight,5343,2,0.556852527357999,0.44325169359041167
directed_cross_project_edge_weight,5344,2,0.5569567483064096,0.44314747264200105
directed_cross_project_edge_weight,5345,2,0.5570609692548202,0.44304325169359043
directed_cross_project_edge_weight,5346,2,0.5571651902032309,0.44293903074517976
directed_cross_project_edge_weight,5347,2,0.5572694111516415,0.44283480979676915
directed_cross_project_edge_weight,5348,2,0.5573736321000521,0.44273058884835853
directed_cross_project_edge_weight,5349,2,0.5574778530484628,0.4426263678999479
directed_cross_project_edge_weight,5350,2,0.5575820739968733,0.44252214695153724
directed_cross_project_edge_weight,5351,2,0.557686294945284,0.4424179260031266
directed_cross_project_edge_weight,5352,2,0.5577905158936947,0.442313705054716
directed_cross_project_edge_weight,5353,2,0.5578947368421052,0.4422094841063054
directed_cross_project_edge_weight,5354,2,0.5579989577905159,0.4421052631578947
directed_cross_project_edge_weight,5355,2,0.5581031787389266,0.4420010422094841
directed_cross_project_edge_weight,5356,2,0.5582073996873371,0.4418968212610735
directed_cross_project_edge_weight,5357,2,0.5583116206357478,0.4417926003126628
directed_cross_project_edge_weight,5358,2,0.5584158415841585,0.4416883793642522
directed_cross_project_edge_weight,5359,2,0.558520062532569,0.4415841584158416
directed_cross_project_edge_weight,5360,2,0.5586242834809797,0.44147993746743097
directed_cross_project_edge_weight,5361,2,0.5587285044293903,0.4413757165190203
directed_cross_project_edge_weight,5362,2,0.5588327253778009,0.4412714955706097
directed_cross_project_edge_weight,5363,2,0.5589369463262116,0.44116727462219907
directed_cross_project_edge_weight,5364,2,0.5590411672746222,0.44106305367378845
directed_cross_project_edge_weight,5365,2,0.5591453882230328,0.4409588327253778
directed_cross_project_edge_weight,5366,2,0.5592496091714435,0.44085461177696716
directed_cross_project_edge_weight,5367,2,0.5593538301198541,0.44075039082855655
directed_cross_project_edge_weight,5368,2,0.5594580510682647,0.44064616988014593
directed_cross_project_edge_weight,5369,2,0.5595622720166753,0.44054194893173526
directed_cross_project_edge_weight,5370,2,0.559666492965086,0.44043772798332465
directed_cross_project_edge_weight,5371,2,0.5597707139134966,0.44033350703491403
directed_cross_project_edge_weight,5372,2,0.5598749348619072,0.4402292860865034
directed_cross_project_edge_weight,5373,2,0.5599791558103179,0.44012506513809274
directed_cross_project_edge_weight,5374,2,0.5600833767587285,0.4400208441896821
directed_cross_project_edge_weight,5375,2,0.5601875977071391,0.4399166232412715
directed_cross_project_edge_weight,5376,2,0.5602918186555498,0.43981240229286084
directed_cross_project_edge_weight,5377,2,0.5603960396039604,0.4397081813444502
directed_cross_project_edge_weight,5378,2,0.560500260552371,0.4396039603960396
directed_cross_project_edge_weight,5379,2,0.5606044815007817,0.439499739447629
directed_cross_project_edge_weight,5380,2,0.5607087024491922,0.4393955184992183
directed_cross_project_edge_weight,5381,2,0.5608129233976029,0.4392912975508077
directed_cross_project_edge_weight,5382,2,0.5609171443460136,0.4391870766023971
directed_cross_project_edge_weight,5383,2,0.5610213652944241,0.43908285565398647
directed_cross_project_edge_weight,5384,2,0.5611255862428348,0.4389786347055758
directed_cross_project_edge_weight,5385,2,0.5612298071912455,0.4388744137571652
directed_cross_project_edge_weight,5386,2,0.561334028139656,0.43877019280875457
directed_cross_project_edge_weight,5387,2,0.5614382490880667,0.43866597186034395
directed_cross_project_edge_weight,5388,2,0.5615424700364773,0.4385617509119333
directed_cross_project_edge_weight,5389,2,0.561646690984888,0.43845752996352266
directed_cross_project_edge_weight,5390,2,0.5617509119332986,0.43835330901511205
directed_cross_project_edge_weight,5391,2,0.5618551328817092,0.43824908806670143
directed_cross_project_edge_weight,5392,2,0.5619593538301199,0.43814486711829076
directed_cross_project_edge_weight,5393,2,0.5620635747785305,0.43804064616988014
directed_cross_project_edge_weight,5394,2,0.5621677957269411,0.4379364252214695
directed_cross_project_edge_weight,5395,2,0.5622720166753518,0.4378322042730589
directed_cross_project_edge_weight,5396,2,0.5623762376237624,0.43772798332464824
directed_cross_project_edge_weight,5397,2,0.562480458572173,0.4376237623762376
directed_cross_project_edge_weight,5398,2,0.5625846795205837,0.437519541427827
directed_cross_project_edge_weight,5399,2,0.5626889004689942,0.43741532047941634
directed_cross_project_edge_weight,5400,2,0.5627931214174049,0.4373110995310057
directed_cross_project_edge_weight,5401,2,0.5628973423658156,0.4372068785825951
directed_cross_project_edge_weight,5402,2,0.5630015633142261,0.4371026576341845
directed_cross_project_edge_weight,5403,2,0.5631057842626368,0.4369984366857738
directed_cross_project_edge_weight,5404,2,0.5632100052110475,0.4368942157373632
directed_cross_project_edge_weight,5405,2,0.563314226159458,0.4367899947889526
directed_cross_project_edge_weight,5406,2,0.5634184471078687,0.43668577384054197
directed_cross_project_edge_weight,5407,2,0.5635226680562793,0.4365815528921313
directed_cross_project_edge_weight,5408,2,0.5636268890046899,0.4364773319437207
directed_cross_project_edge_weight,5409,2,0.5637311099531006,0.43637311099531007
directed_cross_project_edge_weight,5410,2,0.5638353309015112,0.43626889004689945
directed_cross_project_edge_weight,5411,2,0.5639395518499218,0.4361646690984888
directed_cross_project_edge_weight,5412,2,0.5640437727983325,0.43606044815007816
directed_cross_project_edge_weight,5413,2,0.5641479937467431,0.43595622720166755
directed_cross_project_edge_weight,5414,2,0.5642522146951537,0.43585200625325693
directed_cross_project_edge_weight,5415,2,0.5643564356435643,0.43574778530484626
directed_cross_project_edge_weight,5416,2,0.564460656591975,0.43564356435643564
directed_cross_project_edge_weight,5417,2,0.5645648775403856,0.435539343408025
directed_cross_project_edge_weight,5418,2,0.5646690984887962,0.4354351224596144
directed_cross_project_edge_weight,5419,2,0.5647733194372069,0.43533090151120374
directed_cross_project_edge_weight,5420,2,0.5648775403856175,0.4352266805627931
directed_cross_project_edge_weight,5421,2,0.5649817613340281,0.4351224596143825
directed_cross_project_edge_weight,5422,2,0.5650859822824388,0.43501823866597183
directed_cross_project_edge_weight,5423,2,0.5651902032308495,0.4349140177175612
directed_cross_project_edge_weight,5424,2,0.56529442417926,0.4348097967691506
directed_cross_project_edge_weight,5425,2,0.5653986451276707,0.43470557582074
directed_cross_project_edge_weight,5426,2,0.5655028660760812,0.4346013548723293
directed_cross_project_edge_weight,5427,2,0.5656070870244919,0.4344971339239187
directed_cross_project_edge_weight,5428,2,0.5657113079729026,0.4343929129755081
directed_cross_project_edge_weight,5429,2,0.5658155289213131,0.43428869202709747
directed_cross_project_edge_weight,5430,2,0.5659197498697238,0.4341844710786868
directed_cross_project_edge_weight,5431,2,0.5660239708181345,0.4340802501302762
directed_cross_project_edge_weight,5432,2,0.566128191766545,0.43397602918186556
directed_cross_project_edge_weight,5433,2,0.5662324127149557,0.43387180823345495
directed_cross_project_edge_weight,5434,2,0.5663366336633663,0.4337675872850443
directed_cross_project_edge_weight,5435,2,0.566440854611777,0.43366336633663366
directed_cross_project_edge_weight,5436,2,0.5665450755601876,0.43355914538822304
directed_cross_project_edge_weight,5437,2,0.5666492965085982,0.43345492443981243
directed_cross_project_edge_weight,5438,2,0.5667535174570089,0.43335070349140176
directed_cross_project_edge_weight,5439,2,0.5668577384054195,0.43324648254299114
directed_cross_project_edge_weight,5440,2,0.5669619593538301,0.4331422615945805
directed_cross_project_edge_weight,5441,2,0.5670661803022408,0.43303804064616985
directed_cross_project_edge_weight,5442,2,0.5671704012506514,0.43293381969775924
directed_cross_project_edge_weight,5443,2,0.567274622199062,0.4328295987493486
directed_cross_project_edge_weight,5444,2,0.5673788431474727,0.432725377800938
directed_cross_project_edge_weight,5445,2,0.5674830640958832,0.43262115685252733
directed_cross_project_edge_weight,5446,2,0.5675872850442939,0.4325169359041167
directed_cross_project_edge_weight,5447,2,0.5676915059927046,0.4324127149557061
directed_cross_project_edge_weight,5448,2,0.5677957269411151,0.4323084940072955
directed_cross_project_edge_weight,5449,2,0.5678999478895258,0.4322042730588848
directed_cross_project_edge_weight,5450,2,0.5680041688379365,0.4321000521104742
directed_cross_project_edge_weight,5451,2,0.568108389786347,0.4319958311620636
directed_cross_project_edge_weight,5452,2,0.5682126107347577,0.43189161021365297
directed_cross_project_edge_weight,5453,2,0.5683168316831683,0.4317873892652423
directed_cross_project_edge_weight,5454,2,0.5684210526315789,0.4316831683168317
directed_cross_project_edge_weight,5455,2,0.5685252735799896,0.43157894736842106
directed_cross_project_edge_weight,5456,2,0.5686294945284002,0.43147472642001045
directed_cross_project_edge_weight,5457,2,0.5687337154768108,0.4313705054715998
directed_cross_project_edge_weight,5458,2,0.5688379364252215,0.43126628452318916
directed_cross_project_edge_weight,5459,2,0.5689421573736321,0.43116206357477854
directed_cross_project_edge_weight,5460,2,0.5690463783220427,0.4310578426263679
directed_cross_project_edge_weight,5461,2,0.5691505992704533,0.43095362167795725
directed_cross_project_edge_weight,5462,2,0.569254820218864,0.43084940072954664
directed_cross_project_edge_weight,5463,2,0.5693590411672746,0.430745179781136
directed_cross_project_edge_weight,5464,2,0.5694632621156852,0.43064095883272535
directed_cross_project_edge_weight,5465,2,0.5695674830640959,0.43053673788431474
directed_cross_project_edge_weight,5466,2,0.5696717040125066,0.4304325169359041
directed_cross_project_edge_weight,5467,2,0.5697759249609171,0.4303282959874935
directed_cross_project_edge_weight,5468,2,0.5698801459093278,0.43022407503908283
directed_cross_project_edge_weight,5469,2,0.5699843668577385,0.4301198540906722
directed_cross_project_edge_weight,5470,2,0.570088587806149,0.4300156331422616
directed_cross_project_edge_weight,5471,2,0.5701928087545597,0.429911412193851
directed_cross_project_edge_weight,5472,2,0.5702970297029702,0.4298071912454403
directed_cross_project_edge_weight,5473,2,0.5704012506513809,0.4297029702970297
directed_cross_project_edge_weight,5474,2,0.5705054715997916,0.4295987493486191
directed_cross_project_edge_weight,5475,2,0.5706096925482022,0.42949452840020846
directed_cross_project_edge_weight,5476,2,0.5707139134966128,0.4293903074517978
directed_cross_project_edge_weight,5477,2,0.5708181344450235,0.4292860865033872
directed_cross_project_edge_weight,5478,2,0.5709223553934341,0.42918186555497656
directed_cross_project_edge_weight,5479,2,0.5710265763418447,0.42907764460656594
directed_cross_project_edge_weight,5480,2,0.5711307972902553,0.4289734236581553
directed_cross_project_edge_weight,5481,2,0.571235018238666,0.42886920270974466
directed_cross_project_edge_weight,5482,2,0.5713392391870766,0.42876498176133404
directed_cross_project_edge_weight,5483,2,0.5714434601354872,0.4286607608129234
directed_cross_project_edge_weight,5484,2,0.5715476810838979,0.42855653986451275
directed_cross_project_edge_weight,5485,2,0.5716519020323085,0.42845231891610214
directed_cross_project_edge_weight,5486,2,0.5717561229807191,0.4283480979676915
directed_cross_project_edge_weight,5487,2,0.5718603439291298,0.42824387701928085
directed_cross_project_edge_weight,5488,2,0.5719645648775404,0.42813965607087023
directed_cross_project_edge_weight,5489,2,0.572068785825951,0.4280354351224596
directed_cross_project_edge_weight,5490,2,0.5721730067743617,0.427931214174049
directed_cross_project_edge_weight,5491,2,0.5722772277227722,0.42782699322563833
directed_cross_project_edge_weight,5492,2,0.5723814486711829,0.4277227722772277
directed_cross_project_edge_weight,5493,2,0.5724856696195936,0.4276185513288171
directed_cross_project_edge_weight,5494,2,0.5725898905680041,0.4275143303804065
directed_cross_project_edge_weight,5495,2,0.5726941115164148,0.4274101094319958
directed_cross_project_edge_weight,5496,2,0.5727983324648255,0.4273058884835852
directed_cross_project_edge_weight,5497,2,0.572902553413236,0.4272016675351746
directed_cross_project_edge_weight,5498,2,0.5730067743616467,0.42709744658676396
directed_cross_project_edge_weight,5499,2,0.5731109953100573,0.4269932256383533
directed_cross_project_edge_weight,5500,2,0.5732152162584679,0.4268890046899427
directed_cross_project_edge_weight,5501,2,0.5733194372068786,0.42678478374153206
directed_cross_project_edge_weight,5502,2,0.5734236581552892,0.42668056279312144
directed_cross_project_edge_weight,5503,2,0.5735278791036998,0.42657634184471077
directed_cross_project_edge_weight,5504,2,0.5736321000521105,0.42647212089630016
directed_cross_project_edge_weight,5505,2,0.5737363210005211,0.42636789994788954
directed_cross_project_edge_weight,5506,2,0.5738405419489317,0.42626367899947887
directed_cross_project_edge_weight,5507,2,0.5739447628973424,0.42615945805106825
directed_cross_project_edge_weight,5508,2,0.574048983845753,0.42605523710265764
directed_cross_project_edge_weight,5509,2,0.5741532047941637,0.425951016154247
directed_cross_project_edge_weight,5510,2,0.5742574257425742,0.42584679520583635
directed_cross_project_edge_weight,5511,2,0.5743616466909849,0.42574257425742573
directed_cross_project_edge_weight,5512,2,0.5744658676393956,0.4256383533090151
directed_cross_project_edge_weight,5513,2,0.5745700885878061,0.4255341323606045
directed_cross_project_edge_weight,5514,2,0.5746743095362168,0.42542991141219383
directed_cross_project_edge_weight,5515,2,0.5747785304846275,0.4253256904637832
directed_cross_project_edge_weight,5516,2,0.574882751433038,0.4252214695153726
directed_cross_project_edge_weight,5517,2,0.5749869723814487,0.425117248566962
directed_cross_project_edge_weight,5518,2,0.5750911933298593,0.4250130276185513
directed_cross_project_edge_weight,5519,2,0.5751954142782699,0.4249088066701407
directed_cross_project_edge_weight,5520,2,0.5752996352266806,0.4248045857217301
directed_cross_project_edge_weight,5521,2,0.5754038561750912,0.42470036477331946
directed_cross_project_edge_weight,5522,2,0.5755080771235018,0.4245961438249088
directed_cross_project_edge_weight,5523,2,0.5756122980719125,0.4244919228764982
directed_cross_project_edge_weight,5524,2,0.5757165190203231,0.42438770192808756
directed_cross_project_edge_weight,5525,2,0.5758207399687337,0.42428348097967694
directed_cross_project_edge_weight,5526,2,0.5759249609171443,0.42417926003126627
directed_cross_project_edge_weight,5527,2,0.576029181865555,0.42407503908285565
directed_cross_project_edge_weight,5528,2,0.5761334028139656,0.42397081813444504
directed_cross_project_edge_weight,5529,2,0.5762376237623762,0.42386659718603437
directed_cross_project_edge_weight,5530,2,0.5763418447107869,0.42376237623762375
directed_cross_project_edge_weight,5531,2,0.5764460656591975,0.42365815528921313
directed_cross_project_edge_weight,5532,2,0.5765502866076081,0.4235539343408025
directed_cross_project_edge_weight,5533,2,0.5766545075560188,0.42344971339239185
directed_cross_project_edge_weight,5534,2,0.5767587285044294,0.42334549244398123
directed_cross_project_edge_weight,5535,2,0.57686294945284,0.4232412714955706
directed_cross_project_edge_weight,5536,2,0.5769671704012507,0.42313705054716
directed_cross_project_edge_weight,5537,2,0.5770713913496612,0.4230328295987493
directed_cross_project_edge_weight,5538,2,0.5771756122980719,0.4229286086503387
directed_cross_project_edge_weight,5539,2,0.5772798332464826,0.4228243877019281
directed_cross_project_edge_weight,5540,2,0.5773840541948931,0.4227201667535175
directed_cross_project_edge_weight,5541,2,0.5774882751433038,0.4226159458051068
directed_cross_project_edge_weight,5542,2,0.5775924960917145,0.4225117248566962
directed_cross_project_edge_weight,5543,2,0.577696717040125,0.4224075039082856
directed_cross_project_edge_weight,5544,2,0.5778009379885357,0.42230328295987496
directed_cross_project_edge_weight,5545,2,0.5779051589369463,0.4221990620114643
directed_cross_project_edge_weight,5546,2,0.5780093798853569,0.42209484106305367
directed_cross_project_edge_weight,5547,2,0.5781136008337676,0.42199062011464306
directed_cross_project_edge_weight,5548,2,0.5782178217821782,0.42188639916623244
directed_cross_project_edge_weight,5549,2,0.5783220427305888,0.42178217821782177
directed_cross_project_edge_weight,5550,2,0.5784262636789995,0.42167795726941115
directed_cross_project_edge_weight,5551,2,0.5785304846274101,0.42157373632100054
directed_cross_project_edge_weight,5552,2,0.5786347055758208,0.42146951537258986
directed_cross_project_edge_weight,5553,2,0.5787389265242314,0.42136529442417925
directed_cross_project_edge_weight,5554,2,0.578843147472642,0.42126107347576863
directed_cross_project_edge_weight,5555,2,0.5789473684210527,0.421156852527358
directed_cross_project_edge_weight,5556,2,0.5790515893694632,0.42105263157894735
directed_cross_project_edge_weight,5557,2,0.5791558103178739,0.42094841063053673
directed_cross_project_edge_weight,5558,2,0.5792600312662846,0.4208441896821261
directed_cross_project_edge_weight,5559,2,0.5793642522146951,0.4207399687337155
directed_cross_project_edge_weight,5560,2,0.5794684731631058,0.4206357477853048
directed_cross_project_edge_weight,5561,2,0.5795726941115165,0.4205315268368942
directed_cross_project_edge_weight,5562,2,0.579676915059927,0.4204273058884836
directed_cross_project_edge_weight,5563,2,0.5797811360083377,0.420323084940073
directed_cross_project_edge_weight,5564,2,0.5798853569567483,0.4202188639916623
directed_cross_project_edge_weight,5565,2,0.5799895779051589,0.4201146430432517
directed_cross_project_edge_weight,5566,2,0.5800937988535696,0.4200104220948411
directed_cross_project_edge_weight,5567,2,0.5801980198019802,0.41990620114643046
directed_cross_project_edge_weight,5568,2,0.5803022407503908,0.4198019801980198
directed_cross_project_edge_weight,5569,2,0.5804064616988015,0.41969775924960917
directed_cross_project_edge_weight,5570,2,0.5805106826472121,0.41959353830119855
directed_cross_project_edge_weight,5571,2,0.5806149035956227,0.4194893173527879
directed_cross_project_edge_weight,5572,2,0.5807191245440334,0.41938509640437727
directed_cross_project_edge_weight,5573,2,0.580823345492444,0.41928087545596665
directed_cross_project_edge_weight,5574,2,0.5809275664408546,0.41917665450755603
directed_cross_project_edge_weight,5575,2,0.5810317873892652,0.41907243355914536
directed_cross_project_edge_weight,5576,2,0.5811360083376759,0.41896821261073475
directed_cross_project_edge_weight,5577,2,0.5812402292860865,0.41886399166232413
directed_cross_project_edge_weight,5578,2,0.5813444502344971,0.4187597707139135
directed_cross_project_edge_weight,5579,2,0.5814486711829078,0.41865554976550284
directed_cross_project_edge_weight,5580,2,0.5815528921313184,0.4185513288170922
directed_cross_project_edge_weight,5581,2,0.581657113079729,0.4184471078686816
directed_cross_project_edge_weight,5582,2,0.5817613340281397,0.418342886920271
directed_cross_project_edge_weight,5583,2,0.5818655549765502,0.4182386659718603
directed_cross_project_edge_weight,5584,2,0.5819697759249609,0.4181344450234497
directed_cross_project_edge_weight,5585,2,0.5820739968733716,0.4180302240750391
directed_cross_project_edge_weight,5586,2,0.5821782178217821,0.4179260031266285
directed_cross_project_edge_weight,5587,2,0.5822824387701928,0.4178217821782178
directed_cross_project_edge_weight,5588,2,0.5823866597186035,0.4177175612298072
directed_cross_project_edge_weight,5589,2,0.582490880667014,0.4176133402813966
directed_cross_project_edge_weight,5590,2,0.5825951016154247,0.41750911933298596
directed_cross_project_edge_weight,5591,2,0.5826993225638353,0.4174048983845753
directed_cross_project_edge_weight,5592,2,0.582803543512246,0.41730067743616467
directed_cross_project_edge_weight,5593,2,0.5829077644606566,0.41719645648775405
directed_cross_project_edge_weight,5594,2,0.5830119854090672,0.4170922355393434
directed_cross_project_edge_weight,5595,2,0.5831162063574779,0.41698801459093277
directed_cross_project_edge_weight,5596,2,0.5832204273058885,0.41688379364252215
directed_cross_project_edge_weight,5597,2,0.5833246482542991,0.41677957269411153
directed_cross_project_edge_weight,5598,2,0.5834288692027098,0.41667535174570086
directed_cross_project_edge_weight,5599,2,0.5835330901511204,0.41657113079729025
directed_cross_project_edge_weight,5600,2,0.583637311099531,0.41646690984887963
directed_cross_project_edge_weight,5601,2,0.5837415320479417,0.416362688900469
directed_cross_project_edge_weight,5602,2,0.5838457529963522,0.41625846795205834
directed_cross_project_edge_weight,5603,2,0.5839499739447629,0.4161542470036477
directed_cross_project_edge_weight,5604,2,0.5840541948931736,0.4160500260552371
directed_cross_project_edge_weight,5605,2,0.5841584158415841,0.4159458051068265
directed_cross_project_edge_weight,5606,2,0.5842626367899948,0.4158415841584158
directed_cross_project_edge_weight,5607,2,0.5843668577384055,0.4157373632100052
directed_cross_project_edge_weight,5608,2,0.584471078686816,0.4156331422615946
directed_cross_project_edge_weight,5609,2,0.5845752996352267,0.415528921313184
directed_cross_project_edge_weight,5610,2,0.5846795205836373,0.4154247003647733
directed_cross_project_edge_weight,5611,2,0.5847837415320479,0.4153204794163627
directed_cross_project_edge_weight,5612,2,0.5848879624804586,0.41521625846795207
directed_cross_project_edge_weight,5613,2,0.5849921834288692,0.41511203751954145
directed_cross_project_edge_weight,5614,2,0.5850964043772798,0.4150078165711308
directed_cross_project_edge_weight,5615,2,0.5852006253256905,0.41490359562272017
directed_cross_project_edge_weight,5616,2,0.5853048462741011,0.41479937467430955
directed_cross_project_edge_weight,5617,2,0.5854090672225117,0.4146951537258989
directed_cross_project_edge_weight,5618,2,0.5855132881709224,0.41459093277748826
directed_cross_project_edge_weight,5619,2,0.585617509119333,0.41448671182907765
directed_cross_project_edge_weight,5620,2,0.5857217300677436,0.41438249088066703
directed_cross_project_edge_weight,5621,2,0.5858259510161542,0.41427826993225636
directed_cross_project_edge_weight,5622,2,0.5859301719645649,0.41417404898384574
directed_cross_project_edge_weight,5623,2,0.5860343929129755,0.41406982803543513
directed_cross_project_edge_weight,5624,2,0.5861386138613861,0.4139656070870245
directed_cross_project_edge_weight,5625,2,0.5862428348097968,0.41386138613861384
directed_cross_project_edge_weight,5626,2,0.5863470557582074,0.4137571651902032
directed_cross_project_edge_weight,5627,2,0.586451276706618,0.4136529442417926
directed_cross_project_edge_weight,5628,2,0.5865554976550287,0.413548723293382
directed_cross_project_edge_weight,5629,2,0.5866597186034392,0.4134445023449713
directed_cross_project_edge_weight,5630,2,0.5867639395518499,0.4133402813965607
directed_cross_project_edge_weight,5631,2,0.5868681605002606,0.4132360604481501
directed_cross_project_edge_weight,5632,2,0.5869723814486711,0.4131318394997395
directed_cross_project_edge_weight,5633,2,0.5870766023970818,0.4130276185513288
directed_cross_project_edge_weight,5634,2,0.5871808233454925,0.4129233976029182
directed_cross_project_edge_weight,5635,2,0.587285044293903,0.41281917665450757
directed_cross_project_edge_weight,5636,2,0.5873892652423137,0.41271495570609695
directed_cross_project_edge_weight,5637,2,0.5874934861907244,0.4126107347576863
directed_cross_project_edge_weight,5638,2,0.587597707139135,0.41250651380927567
directed_cross_project_edge_weight,5639,2,0.5877019280875456,0.41240229286086505
directed_cross_project_edge_weight,5640,2,0.5878061490359562,0.4122980719124544
directed_cross_project_edge_weight,5641,2,0.5879103699843669,0.41219385096404376
directed_cross_project_edge_weight,5642,2,0.5880145909327775,0.41208963001563315
directed_cross_project_edge_weight,5643,2,0.5881188118811881,0.41198540906722253
directed_cross_project_edge_weight,5644,2,0.5882230328295988,0.41188118811881186
directed_cross_project_edge_weight,5645,2,0.5883272537780094,0.41177696717040124
directed_cross_project_edge_weight,5646,2,0.58843147472642,0.4116727462219906
directed_cross_project_edge_weight,5647,2,0.5885356956748307,0.41156852527358
directed_cross_project_edge_weight,5648,2,0.5886399166232412,0.41146430432516934
directed_cross_project_edge_weight,5649,2,0.5887441375716519,0.4113600833767587
directed_cross_project_edge_weight,5650,2,0.5888483585200626,0.4112558624283481
directed_cross_project_edge_weight,5651,2,0.5889525794684731,0.4111516414799375
directed_cross_project_edge_weight,5652,2,0.5890568004168838,0.4110474205315268
directed_cross_project_edge_weight,5653,2,0.5891610213652945,0.4109431995831162
directed_cross_project_edge_weight,5654,2,0.589265242313705,0.4108389786347056
directed_cross_project_edge_weight,5655,2,0.5893694632621157,0.41073475768629497
directed_cross_project_edge_weight,5656,2,0.5894736842105263,0.4106305367378843
directed_cross_project_edge_weight,5657,2,0.5895779051589369,0.4105263157894737
directed_cross_project_edge_weight,5658,2,0.5896821261073476,0.41042209484106307
directed_cross_project_edge_weight,5659,2,0.5897863470557582,0.4103178738926524
directed_cross_project_edge_weight,5660,2,0.5898905680041688,0.4102136529442418
directed_cross_project_edge_weight,5661,2,0.5899947889525795,0.41010943199583116
directed_cross_project_edge_weight,5662,2,0.5900990099009901,0.41000521104742055
directed_cross_project_edge_weight,5663,2,0.5902032308494007,0.4099009900990099
directed_cross_project_edge_weight,5664,2,0.5903074517978114,0.40979676915059926
directed_cross_project_edge_weight,5665,2,0.590411672746222,0.40969254820218864
directed_cross_project_edge_weight,5666,2,0.5905158936946326,0.40958832725377803
directed_cross_project_edge_weight,5667,2,0.5906201146430432,0.40948410630536736
directed_cross_project_edge_weight,5668,2,0.5907243355914539,0.40937988535695674
directed_cross_project_edge_weight,5669,2,0.5908285565398645,0.4092756644085461
directed_cross_project_edge_weight,5670,2,0.5909327774882751,0.4091714434601355
directed_cross_project_edge_weight,5671,2,0.5910369984366858,0.40906722251172484
directed_cross_project_edge_weight,5672,2,0.5911412193850965,0.4089630015633142
directed_cross_project_edge_weight,5673,2,0.591245440333507,0.4088587806149036
directed_cross_project_edge_weight,5674,2,0.5913496612819177,0.408754559666493
directed_cross_project_edge_weight,5675,2,0.5914538822303282,0.4086503387180823
directed_cross_project_edge_weight,5676,2,0.5915581031787389,0.4085461177696717
directed_cross_project_edge_weight,5677,2,0.5916623241271496,0.4084418968212611
directed_cross_project_edge_weight,5678,2,0.5917665450755601,0.40833767587285047
directed_cross_project_edge_weight,5679,2,0.5918707660239708,0.4082334549244398
directed_cross_project_edge_weight,5680,2,0.5919749869723815,0.4081292339760292
directed_cross_project_edge_weight,5681,2,0.592079207920792,0.40802501302761857
directed_cross_project_edge_weight,5682,2,0.5921834288692027,0.4079207920792079
directed_cross_project_edge_weight,5683,2,0.5922876498176134,0.4078165711307973
directed_cross_project_edge_weight,5684,2,0.592391870766024,0.40771235018238666
directed_cross_project_edge_weight,5685,2,0.5924960917144346,0.40760812923397605
directed_cross_project_edge_weight,5686,2,0.5926003126628452,0.4075039082855654
directed_cross_project_edge_weight,5687,2,0.5927045336112559,0.40739968733715476
directed_cross_project_edge_weight,5688,2,0.5928087545596665,0.40729546638874414
directed_cross_project_edge_weight,5689,2,0.5929129755080771,0.4071912454403335
directed_cross_project_edge_weight,5690,2,0.5930171964564878,0.40708702449192286
directed_cross_project_edge_weight,5691,2,0.5931214174048984,0.40698280354351224
directed_cross_project_edge_weight,5692,2,0.593225638353309,0.4068785825951016
directed_cross_project_edge_weight,5693,2,0.5933298593017197,0.406774361646691
directed_cross_project_edge_weight,5694,2,0.5934340802501302,0.40667014069828034
directed_cross_project_edge_weight,5695,2,0.5935383011985409,0.4065659197498697
directed_cross_project_edge_weight,5696,2,0.5936425221469516,0.4064616988014591
directed_cross_project_edge_weight,5697,2,0.5937467430953621,0.4063574778530485
directed_cross_project_edge_weight,5698,2,0.5938509640437728,0.4062532569046378
directed_cross_project_edge_weight,5699,2,0.5939551849921835,0.4061490359562272
directed_cross_project_edge_weight,5700,2,0.594059405940594,0.4060448150078166
directed_cross_project_edge_weight,5701,2,0.5941636268890047,0.40594059405940597
directed_cross_project_edge_weight,5702,2,0.5942678478374154,0.4058363731109953
directed_cross_project_edge_weight,5703,2,0.5943720687858259,0.4057321521625847
directed_cross_project_edge_weight,5704,2,0.5944762897342366,0.40562793121417406
directed_cross_project_edge_weight,5705,2,0.5945805106826472,0.4055237102657634
directed_cross_project_edge_weight,5706,2,0.5946847316310578,0.4054194893173528
directed_cross_project_edge_weight,5707,2,0.5947889525794685,0.40531526836894216
directed_cross_project_edge_weight,5708,2,0.5948931735278791,0.40521104742053154
directed_cross_project_edge_weight,5709,2,0.5949973944762897,0.4051068264721209
directed_cross_project_edge_weight,5710,2,0.5951016154247004,0.40500260552371026
directed_cross_project_edge_weight,5711,2,0.595205836373111,0.40489838457529964
directed_cross_project_edge_weight,5712,2,0.5953100573215216,0.404794163626889
directed_cross_project_edge_weight,5713,2,0.5954142782699322,0.40468994267847835
directed_cross_project_edge_weight,5714,2,0.5955184992183429,0.40458572173006774
directed_cross_project_edge_weight,5715,2,0.5956227201667535,0.4044815007816571
directed_cross_project_edge_weight,5716,2,0.5957269411151641,0.4043772798332465
directed_cross_project_edge_weight,5717,2,0.5958311620635748,0.40427305888483583
directed_cross_project_edge_weight,5718,2,0.5959353830119855,0.4041688379364252
directed_cross_project_edge_weight,5719,2,0.596039603960396,0.4040646169880146
directed_cross_project_edge_weight,5720,2,0.5961438249088067,0.403960396039604
directed_cross_project_edge_weight,5721,2,0.5962480458572172,0.4038561750911933
directed_cross_project_edge_weight,5722,2,0.5963522668056279,0.4037519541427827
directed_cross_project_edge_weight,5723,2,0.5964564877540386,0.4036477331943721
directed_cross_project_edge_weight,5724,2,0.5965607087024491,0.4035435122459614
directed_cross_project_edge_weight,5725,2,0.5966649296508598,0.4034392912975508
directed_cross_project_edge_weight,5726,2,0.5967691505992705,0.4033350703491402
directed_cross_project_edge_weight,5727,2,0.596873371547681,0.40323084940072956
directed_cross_project_edge_weight,5728,2,0.5969775924960917,0.4031266284523189
directed_cross_project_edge_weight,5729,2,0.5970818134445024,0.4030224075039083
directed_cross_project_edge_weight,5730,2,0.597186034392913,0.40291818655549766
directed_cross_project_edge_weight,5731,2,0.5972902553413236,0.40281396560708704
directed_cross_project_edge_weight,5732,2,0.5973944762897342,0.40270974465867637
directed_cross_project_edge_weight,5733,2,0.5974986972381449,0.40260552371026576
directed_cross_project_edge_weight,5734,2,0.5976029181865555,0.40250130276185514
directed_cross_project_edge_weight,5735,2,0.5977071391349661,0.4023970818134445
directed_cross_project_edge_weight,5736,2,0.5978113600833768,0.40229286086503385
directed_cross_project_edge_weight,5737,2,0.5979155810317874,0.40218863991662324
directed_cross_project_edge_weight,5738,2,0.598019801980198,0.4020844189682126
directed_cross_project_edge_weight,5739,2,0.5981240229286087,0.401980198019802
directed_cross_project_edge_weight,5740,2,0.5982282438770192,0.40187597707139133
directed_cross_project_edge_weight,5741,2,0.5983324648254299,0.4017717561229807
directed_cross_project_edge_weight,5742,2,0.5984366857738406,0.4016675351745701
directed_cross_project_edge_weight,5743,2,0.5985409067222511,0.4015633142261595
directed_cross_project_edge_weight,5744,2,0.5986451276706618,0.4014590932777488
directed_cross_project_edge_weight,5745,2,0.5987493486190725,0.4013548723293382
directed_cross_project_edge_weight,5746,2,0.598853569567483,0.4012506513809276
directed_cross_project_edge_weight,5747,2,0.5989577905158937,0.4011464304325169
directed_cross_project_edge_weight,5748,2,0.5990620114643044,0.4010422094841063
directed_cross_project_edge_weight,5749,2,0.5991662324127149,0.4009379885356957
directed_cross_project_edge_weight,5750,2,0.5992704533611256,0.40083376758728506
directed_cross_project_edge_weight,5751,2,0.5993746743095362,0.4007295466388744
directed_cross_project_edge_weight,5752,2,0.5994788952579468,0.4006253256904638
directed_cross_project_edge_weight,5753,2,0.5995831162063575,0.40052110474205316
directed_cross_project_edge_weight,5754,2,0.5996873371547681,0.40041688379364254
directed_cross_project_edge_weight,5755,2,0.5997915581031787,0.40031266284523187
directed_cross_project_edge_weight,5756,2,0.5998957790515894,0.40020844189682125
directed_cross_project_edge_weight,5757,2,0.6,0.40010422094841064
directed_cross_project_edge_weight,5758,2,0.6001042209484106,0.4
directed_cross_project_edge_weight,5759,2,0.6002084418968212,0.39989577905158935
directed_cross_project_edge_weight,5760,2,0.6003126628452319,0.39979155810317873
directed_cross_project_edge_weight,5761,2,0.6004168837936426,0.3996873371547681
directed_cross_project_edge_weight,5762,2,0.6005211047420531,0.3995831162063575
directed_cross_project_edge_weight,5763,2,0.6006253256904638,0.39947889525794683
directed_cross_project_edge_weight,5764,2,0.6007295466388745,0.3993746743095362
directed_cross_project_edge_weight,5765,2,0.600833767587285,0.3992704533611256
directed_cross_project_edge_weight,5766,2,0.6009379885356957,0.399166232412715
directed_cross_project_edge_weight,5767,2,0.6010422094841064,0.3990620114643043
directed_cross_project_edge_weight,5768,2,0.6011464304325169,0.3989577905158937
directed_cross_project_edge_weight,5769,2,0.6012506513809276,0.3988535695674831
directed_cross_project_edge_weight,5770,2,0.6013548723293382,0.3987493486190724
directed_cross_project_edge_weight,5771,2,0.6014590932777488,0.3986451276706618
directed_cross_project_edge_weight,5772,2,0.6015633142261595,0.3985409067222512
directed_cross_project_edge_weight,5773,2,0.6016675351745701,0.39843668577384056
directed_cross_project_edge_weight,5774,2,0.6017717561229807,0.3983324648254299
directed_cross_project_edge_weight,5775,2,0.6018759770713914,0.3982282438770193
directed_cross_project_edge_weight,5776,2,0.601980198019802,0.39812402292860866
directed_cross_project_edge_weight,5777,2,0.6020844189682126,0.39801980198019804
directed_cross_project_edge_weight,5778,2,0.6021886399166232,0.39791558103178737
directed_cross_project_edge_weight,5779,2,0.6022928608650339,0.39781136008337675
directed_cross_project_edge_weight,5780,2,0.6023970818134445,0.39770713913496614
directed_cross_project_edge_weight,5781,2,0.6025013027618551,0.3976029181865555
directed_cross_project_edge_weight,5782,2,0.6026055237102658,0.39749869723814485
directed_cross_project_edge_weight,5783,2,0.6027097446586764,0.39739447628973423
directed_cross_project_edge_weight,5784,2,0.602813965607087,0.3972902553413236
directed_cross_project_edge_weight,5785,2,0.6029181865554977,0.397186034392913
directed_cross_project_edge_weight,5786,2,0.6030224075039082,0.39708181344450233
directed_cross_project_edge_weight,5787,2,0.6031266284523189,0.3969775924960917
directed_cross_project_edge_weight,5788,2,0.6032308494007296,0.3968733715476811
directed_cross_project_edge_weight,5789,2,0.6033350703491401,0.3967691505992704
directed_cross_project_edge_weight,5790,2,0.6034392912975508,0.3966649296508598
directed_cross_project_edge_weight,5791,2,0.6035435122459615,0.3965607087024492
directed_cross_project_edge_weight,5792,2,0.603647733194372,0.3964564877540386
directed_cross_project_edge_weight,5793,2,0.6037519541427827,0.3963522668056279
directed_cross_project_edge_weight,5794,2,0.6038561750911934,0.3962480458572173
directed_cross_project_edge_weight,5795,2,0.6039603960396039,0.3961438249088067
directed_cross_project_edge_weight,5796,2,0.6040646169880146,0.39603960396039606
directed_cross_project_edge_weight,5797,2,0.6041688379364252,0.3959353830119854
directed_cross_project_edge_weight,5798,2,0.6042730588848358,0.39583116206357477
directed_cross_project_edge_weight,5799,2,0.6043772798332465,0.39572694111516415
directed_cross_project_edge_weight,5800,2,0.6044815007816571,0.39562272016675354
directed_cross_project_edge_weight,5801,2,0.6045857217300677,0.39551849921834287
directed_cross_project_edge_weight,5802,2,0.6046899426784784,0.39541427826993225
directed_cross_project_edge_weight,5803,2,0.604794163626889,0.39531005732152164
directed_cross_project_edge_weight,5804,2,0.6048983845752997,0.395205836373111
directed_cross_project_edge_weight,5805,2,0.6050026055237102,0.39510161542470035
directed_cross_project_edge_weight,5806,2,0.6051068264721209,0.39499739447628973
directed_cross_project_edge_weight,5807,2,0.6052110474205316,0.3948931735278791
directed_cross_project_edge_weight,5808,2,0.6053152683689421,0.3947889525794685
directed_cross_project_edge_weight,5809,2,0.6054194893173528,0.39468473163105783
directed_cross_project_edge_weight,5810,2,0.6055237102657635,0.3945805106826472
directed_cross_project_edge_weight,5811,2,0.605627931214174,0.3944762897342366
directed_cross_project_edge_weight,5812,2,0.6057321521625847,0.3943720687858259
directed_cross_project_edge_weight,5813,2,0.6058363731109954,0.3942678478374153
directed_cross_project_edge_weight,5814,2,0.6059405940594059,0.3941636268890047
directed_cross_project_edge_weight,5815,2,0.6060448150078166,0.3940594059405941
directed_cross_project_edge_weight,5816,2,0.6061490359562272,0.3939551849921834
directed_cross_project_edge_weight,5817,2,0.6062532569046378,0.3938509640437728
directed_cross_project_edge_weight,5818,2,0.6063574778530485,0.3937467430953622
directed_cross_project_edge_weight,5819,2,0.6064616988014591,0.39364252214695156
directed_cross_project_edge_weight,5820,2,0.6065659197498697,0.3935383011985409
directed_cross_project_edge_weight,5821,2,0.6066701406982804,0.39343408025013027
directed_cross_project_edge_weight,5822,2,0.606774361646691,0.39332985930171965
directed_cross_project_edge_weight,5823,2,0.6068785825951016,0.39322563835330904
directed_cross_project_edge_weight,5824,2,0.6069828035435122,0.39312141740489837
directed_cross_project_edge_weight,5825,2,0.6070870244919229,0.39301719645648775
directed_cross_project_edge_weight,5826,2,0.6071912454403335,0.39291297550807713
directed_cross_project_edge_weight,5827,2,0.6072954663887441,0.3928087545596665
directed_cross_project_edge_weight,5828,2,0.6073996873371548,0.39270453361125585
directed_cross_project_edge_weight,5829,2,0.6075039082855654,0.39260031266284523
directed_cross_project_edge_weight,5830,2,0.607608129233976,0.3924960917144346
directed_cross_project_edge_weight,5831,2,0.6077123501823867,0.392391870766024
directed_cross_project_edge_weight,5832,2,0.6078165711307973,0.3922876498176133
directed_cross_project_edge_weight,5833,2,0.6079207920792079,0.3921834288692027
directed_cross_project_edge_weight,5834,2,0.6080250130276186,0.3920792079207921
directed_cross_project_edge_weight,5835,2,0.6081292339760291,0.3919749869723814
directed_cross_project_edge_weight,5836,2,0.6082334549244398,0.3918707660239708
directed_cross_project_edge_weight,5837,2,0.6083376758728505,0.3917665450755602
directed_cross_project_edge_weight,5838,2,0.608441896821261,0.3916623241271496
directed_cross_project_edge_weight,5839,2,0.6085461177696717,0.3915581031787389
directed_cross_project_edge_weight,5840,2,0.6086503387180824,0.3914538822303283
directed_cross_project_edge_weight,5841,2,0.608754559666493,0.39134966128191767
directed_cross_project_edge_weight,5842,2,0.6088587806149036,0.39124544033350706
directed_cross_project_edge_weight,5843,2,0.6089630015633142,0.3911412193850964
directed_cross_project_edge_weight,5844,2,0.6090672225117248,0.39103699843668577
directed_cross_project_edge_weight,5845,2,0.6091714434601355,0.39093277748827515
directed_cross_project_edge_weight,5846,2,0.6092756644085461,0.39082855653986454
directed_cross_project_edge_weight,5847,2,0.6093798853569568,0.39072433559145386
directed_cross_project_edge_weight,5848,2,0.6094841063053674,0.39062011464304325
directed_cross_project_edge_weight,5849,2,0.609588327253778,0.39051589369463263
directed_cross_project_edge_weight,5850,2,0.6096925482021887,0.390411672746222
directed_cross_project_edge_weight,5851,2,0.6097967691505992,0.39030745179781134
directed_cross_project_edge_weight,5852,2,0.6099009900990099,0.39020323084940073
directed_cross_project_edge_weight,5853,2,0.6100052110474206,0.3900990099009901
directed_cross_project_edge_weight,5854,2,0.6101094319958311,0.38999478895257944
directed_cross_project_edge_weight,5855,2,0.6102136529442418,0.3898905680041688
directed_cross_project_edge_weight,5856,2,0.6103178738926525,0.3897863470557582
directed_cross_project_edge_weight,5857,2,0.610422094841063,0.3896821261073476
directed_cross_project_edge_weight,5858,2,0.6105263157894737,0.3895779051589369
directed_cross_project_edge_weight,5859,2,0.6106305367378844,0.3894736842105263
directed_cross_project_edge_weight,5860,2,0.6107347576862949,0.3893694632621157
directed_cross_project_edge_weight,5861,2,0.6108389786347056,0.3892652423137051
directed_cross_project_edge_weight,5862,2,0.6109431995831162,0.3891610213652944
directed_cross_project_edge_weight,5863,2,0.6110474205315268,0.3890568004168838
directed_cross_project_edge_weight,5864,2,0.6111516414799375,0.38895257946847317
directed_cross_project_edge_weight,5865,2,0.6112558624283481,0.38884835852006255
directed_cross_project_edge_weight,5866,2,0.6113600833767587,0.3887441375716519
directed_cross_project_edge_weight,5867,2,0.6114643043251694,0.38863991662324127
directed_cross_project_edge_weight,5868,2,0.61156852527358,0.38853569567483065
directed_cross_project_edge_weight,5869,2,0.6116727462219906,0.38843147472642003
directed_cross_project_edge_weight,5870,2,0.6117769671704012,0.38832725377800936
directed_cross_project_edge_weight,5871,2,0.6118811881188119,0.38822303282959875
directed_cross_project_edge_weight,5872,2,0.6119854090672225,0.38811881188118813
directed_cross_project_edge_weight,5873,2,0.6120896300156331,0.3880145909327775
directed_cross_project_edge_weight,5874,2,0.6121938509640438,0.38791036998436684
directed_cross_project_edge_weight,5875,2,0.6122980719124544,0.3878061490359562
directed_cross_project_edge_weight,5876,2,0.612402292860865,0.3877019280875456
directed_cross_project_edge_weight,5877,2,0.6125065138092757,0.38759770713913494
directed_cross_project_edge_weight,5878,2,0.6126107347576863,0.3874934861907243
directed_cross_project_edge_weight,5879,2,0.6127149557060969,0.3873892652423137
directed_cross_project_edge_weight,5880,2,0.6128191766545076,0.3872850442939031
directed_cross_project_edge_weight,5881,2,0.6129233976029181,0.3871808233454924
directed_cross_project_edge_weight,5882,2,0.6130276185513288,0.3870766023970818
directed_cross_project_edge_weight,5883,2,0.6131318394997395,0.3869723814486712
directed_cross_project_edge_weight,5884,2,0.61323606044815,0.38686816050026057
directed_cross_project_edge_weight,5885,2,0.6133402813965607,0.3867639395518499
directed_cross_project_edge_weight,5886,2,0.6134445023449714,0.3866597186034393
directed_cross_project_edge_weight,5887,2,0.613548723293382,0.38655549765502867
directed_cross_project_edge_weight,5888,2,0.6136529442417926,0.38645127670661805
directed_cross_project_edge_weight,5889,2,0.6137571651902032,0.3863470557582074
directed_cross_project_edge_weight,5890,2,0.6138613861386139,0.38624283480979676
directed_cross_project_edge_weight,5891,2,0.6139656070870245,0.38613861386138615
directed_cross_project_edge_weight,5892,2,0.6140698280354351,0.38603439291297553
directed_cross_project_edge_weight,5893,2,0.6141740489838458,0.38593017196456486
directed_cross_project_edge_weight,5894,2,0.6142782699322564,0.38582595101615424
directed_cross_project_edge_weight,5895,2,0.614382490880667,0.38572173006774363
directed_cross_project_edge_weight,5896,2,0.6144867118290777,0.385617509119333
directed_cross_project_edge_weight,5897,2,0.6145909327774883,0.38551328817092234
directed_cross_project_edge_weight,5898,2,0.6146951537258989,0.3854090672225117
directed_cross_project_edge_weight,5899,2,0.6147993746743096,0.3853048462741011
directed_cross_project_edge_weight,5900,2,0.6149035956227201,0.38520062532569044
directed_cross_project_edge_weight,5901,2,0.6150078165711308,0.3850964043772798
directed_cross_project_edge_weight,5902,2,0.6151120375195415,0.3849921834288692
directed_cross_project_edge_weight,5903,2,0.615216258467952,0.3848879624804586
directed_cross_project_edge_weight,5904,2,0.6153204794163627,0.3847837415320479
directed_cross_project_edge_weight,5905,2,0.6154247003647734,0.3846795205836373
directed_cross_project_edge_weight,5906,2,0.6155289213131839,0.3845752996352267
directed_cross_project_edge_weight,5907,2,0.6156331422615946,0.38447107868681607
directed_cross_project_edge_weight,5908,2,0.6157373632100052,0.3843668577384054
directed_cross_project_edge_weight,5909,2,0.6158415841584158,0.3842626367899948
directed_cross_project_edge_weight,5910,2,0.6159458051068265,0.38415841584158417
directed_cross_project_edge_weight,5911,2,0.6160500260552371,0.38405419489317355
directed_cross_project_edge_weight,5912,2,0.6161542470036477,0.3839499739447629
directed_cross_project_edge_weight,5913,2,0.6162584679520584,0.38384575299635226
directed_cross_project_edge_weight,5914,2,0.616362688900469,0.38374153204794165
directed_cross_project_edge_weight,5915,2,0.6164669098488796,0.38363731109953103
directed_cross_project_edge_weight,5916,2,0.6165711307972902,0.38353309015112036
directed_cross_project_edge_weight,5917,2,0.6166753517457009,0.38342886920270974
directed_cross_project_edge_weight,5918,2,0.6167795726941115,0.3833246482542991
directed_cross_project_edge_weight,5919,2,0.6168837936425221,0.3832204273058885
directed_cross_project_edge_weight,5920,2,0.6169880145909328,0.38311620635747784
directed_cross_project_edge_weight,5921,2,0.6170922355393434,0.3830119854090672
directed_cross_project_edge_weight,5922,2,0.617196456487754,0.3829077644606566
directed_cross_project_edge_weight,5923,2,0.6173006774361647,0.38280354351224594
directed_cross_project_edge_weight,5924,2,0.6174048983845754,0.3826993225638353
directed_cross_project_edge_weight,5925,2,0.6175091193329859,0.3825951016154247
directed_cross_project_edge_weight,5926,2,0.6176133402813966,0.3824908806670141
directed_cross_project_edge_weight,5927,2,0.6177175612298071,0.3823866597186034
directed_cross_project_edge_weight,5928,2,0.6178217821782178,0.3822824387701928
directed_cross_project_edge_weight,5929,2,0.6179260031266285,0.3821782178217822
directed_cross_project_edge_weight,5930,2,0.618030224075039,0.38207399687337157
directed_cross_project_edge_weight,5931,2,0.6181344450234497,0.3819697759249609
directed_cross_project_edge_weight,5932,2,0.6182386659718604,0.3818655549765503
directed_cross_project_edge_weight,5933,2,0.618342886920271,0.38176133402813966
directed_cross_project_edge_weight,5934,2,0.6184471078686816,0.38165711307972905
directed_cross_project_edge_weight,5935,2,0.6185513288170922,0.3815528921313184
directed_cross_project_edge_weight,5936,2,0.6186555497655029,0.38144867118290776
directed_cross_project_edge_weight,5937,2,0.6187597707139135,0.38134445023449715
directed_cross_project_edge_weight,5938,2,0.6188639916623241,0.38124022928608653
directed_cross_project_edge_weight,5939,2,0.6189682126107348,0.38113600833767586
directed_cross_project_edge_weight,5940,2,0.6190724335591454,0.38103178738926524
directed_cross_project_edge_weight,5941,2,0.619176654507556,0.3809275664408546
directed_cross_project_edge_weight,5942,2,0.6192808754559667,0.38082334549244395
directed_cross_project_edge_weight,5943,2,0.6193850964043773,0.38071912454403334
directed_cross_project_edge_weight,5944,2,0.6194893173527879,0.3806149035956227
directed_cross_project_edge_weight,5945,2,0.6195935383011986,0.3805106826472121
directed_cross_project_edge_weight,5946,2,0.6196977592496091,0.38040646169880143
directed_cross_project_edge_weight,5947,2,0.6198019801980198,0.3803022407503908
directed_cross_project_edge_weight,5948,2,0.6199062011464305,0.3801980198019802
directed_cross_project_edge_weight,5949,2,0.620010422094841,0.3800937988535696
directed_cross_project_edge_weight,5950,2,0.6201146430432517,0.3799895779051589
directed_cross_project_edge_weight,5951,2,0.6202188639916624,0.3798853569567483
directed_cross_project_edge_weight,5952,2,0.6203230849400729,0.3797811360083377
directed_cross_project_edge_weight,5953,2,0.6204273058884836,0.37967691505992707
directed_cross_project_edge_weight,5954,2,0.6205315268368942,0.3795726941115164
directed_cross_project_edge_weight,5955,2,0.6206357477853048,0.3794684731631058
directed_cross_project_edge_weight,5956,2,0.6207399687337155,0.37936425221469516
directed_cross_project_edge_weight,5957,2,0.6208441896821261,0.37926003126628455
directed_cross_project_edge_weight,5958,2,0.6209484106305367,0.3791558103178739
directed_cross_project_edge_weight,5959,2,0.6210526315789474,0.37905158936946326
directed_cross_project_edge_weight,5960,2,0.621156852527358,0.37894736842105264
directed_cross_project_edge_weight,5961,2,0.6212610734757686,0.37884314747264203
directed_cross_project_edge_weight,5962,2,0.6213652944241793,0.37873892652423136
directed_cross_project_edge_weight,5963,2,0.6214695153725899,0.37863470557582074
directed_cross_project_edge_weight,5964,2,0.6215737363210005,0.3785304846274101
directed_cross_project_edge_weight,5965,2,0.6216779572694111,0.37842626367899945
directed_cross_project_edge_weight,5966,2,0.6217821782178218,0.37832204273058884
directed_cross_project_edge_weight,5967,2,0.6218863991662325,0.3782178217821782
directed_cross_project_edge_weight,5968,2,0.621990620114643,0.3781136008337676
directed_cross_project_edge_weight,5969,2,0.6220948410630537,0.37800937988535693
directed_cross_project_edge_weight,5970,2,0.6221990620114644,0.3779051589369463
directed_cross_project_edge_weight,5971,2,0.6223032829598749,0.3778009379885357
directed_cross_project_edge_weight,5972,2,0.6224075039082856,0.3776967170401251
directed_cross_project_edge_weight,5973,2,0.6225117248566961,0.3775924960917144
directed_cross_project_edge_weight,5974,2,0.6226159458051068,0.3774882751433038
directed_cross_project_edge_weight,5975,2,0.6227201667535175,0.3773840541948932
directed_cross_project_edge_weight,5976,2,0.622824387701928,0.37727983324648257
directed_cross_project_edge_weight,5977,2,0.6229286086503387,0.3771756122980719
directed_cross_project_edge_weight,5978,2,0.6230328295987494,0.3770713913496613
directed_cross_project_edge_weight,5979,2,0.62313705054716,0.37696717040125066
directed_cross_project_edge_weight,5980,2,0.6232412714955706,0.37686294945284005
directed_cross_project_edge_weight,5981,2,0.6233454924439812,0.3767587285044294
directed_cross_project_edge_weight,5982,2,0.6234497133923919,0.37665450755601876
directed_cross_project_edge_weight,5983,2,0.6235539343408025,0.37655028660760814
directed_cross_project_edge_weight,5984,2,0.6236581552892131,0.3764460656591975
directed_cross_project_edge_weight,5985,2,0.6237623762376238,0.37634184471078685
directed_cross_project_edge_weight,5986,2,0.6238665971860344,0.37623762376237624
directed_cross_project_edge_weight,5987,2,0.623970818134445,0.3761334028139656
directed_cross_project_edge_weight,5988,2,0.6240750390828557,0.37602918186555495
directed_cross_project_edge_weight,5989,2,0.6241792600312663,0.37592496091714434
directed_cross_project_edge_weight,5990,2,0.6242834809796769,0.3758207399687337
directed_cross_project_edge_weight,5991,2,0.6243877019280876,0.3757165190203231
directed_cross_project_edge_weight,5992,2,0.6244919228764981,0.37561229807191243
directed_cross_project_edge_weight,5993,2,0.6245961438249088,0.3755080771235018
directed_cross_project_edge_weight,5994,2,0.6247003647733195,0.3754038561750912
directed_cross_project_edge_weight,5995,2,0.62480458572173,0.3752996352266806
directed_cross_project_edge_weight,5996,2,0.6249088066701407,0.3751954142782699
directed_cross_project_edge_weight,5997,2,0.6250130276185514,0.3750911933298593
directed_cross_project_edge_weight,5998,2,0.6251172485669619,0.3749869723814487
directed_cross_project_edge_weight,5999,2,0.6252214695153726,0.37488275143303806
directed_cross_project_edge_weight,6000,2,0.6253256904637832,0.3747785304846274
directed_cross_project_edge_weight,6001,2,0.6254299114121938,0.3746743095362168
directed_cross_project_edge_weight,6002,2,0.6255341323606045,0.37457008858780616
directed_cross_project_edge_weight,6003,2,0.6256383533090151,0.37446586763939554
directed_cross_project_edge_weight,6004,2,0.6257425742574257,0.3743616466909849
directed_cross_project_edge_weight,6005,2,0.6258467952058364,0.37425742574257426
directed_cross_project_edge_weight,6006,2,0.625951016154247,0.37415320479416364
directed_cross_project_edge_weight,6007,2,0.6260552371026576,0.37404898384575297
directed_cross_project_edge_weight,6008,2,0.6261594580510683,0.37394476289734235
directed_cross_project_edge_weight,6009,2,0.6262636789994789,0.37384054194893174
directed_cross_project_edge_weight,6010,2,0.6263678999478896,0.3737363210005211
directed_cross_project_edge_weight,6011,2,0.6264721208963001,0.37363210005211045
directed_cross_project_edge_weight,6012,2,0.6265763418447108,0.37352787910369983
directed_cross_project_edge_weight,6013,2,0.6266805627931215,0.3734236581552892
directed_cross_project_edge_weight,6014,2,0.626784783741532,0.3733194372068786
directed_cross_project_edge_weight,6015,2,0.6268890046899427,0.37321521625846793
directed_cross_project_edge_weight,6016,2,0.6269932256383534,0.3731109953100573
directed_cross_project_edge_weight,6017,2,0.6270974465867639,0.3730067743616467
directed_cross_project_edge_weight,6018,2,0.6272016675351746,0.3729025534132361
directed_cross_project_edge_weight,6019,2,0.6273058884835852,0.3727983324648254
directed_cross_project_edge_weight,6020,2,0.6274101094319958,0.3726941115164148
directed_cross_project_edge_weight,6021,2,0.6275143303804065,0.3725898905680042
directed_cross_project_edge_weight,6022,2,0.627618551328817,0.37248566961959356
directed_cross_project_edge_weight,6023,2,0.6277227722772277,0.3723814486711829
directed_cross_project_edge_weight,6024,2,0.6278269932256384,0.3722772277227723
directed_cross_project_edge_weight,6025,2,0.627931214174049,0.37217300677436166
directed_cross_project_edge_weight,6026,2,0.6280354351224596,0.37206878582595104
directed_cross_project_edge_weight,6027,2,0.6281396560708703,0.37196456487754037
directed_cross_project_edge_weight,6028,2,0.6282438770192809,0.37186034392912976
directed_cross_project_edge_weight,6029,2,0.6283480979676915,0.37175612298071914
directed_cross_project_edge_weight,6030,2,0.6284523189161021,0.37165190203230847
directed_cross_project_edge_weight,6031,2,0.6285565398645128,0.37154768108389785
directed_cross_project_edge_weight,6032,2,0.6286607608129234,0.37144346013548724
directed_cross_project_edge_weight,6033,2,0.628764981761334,0.3713392391870766
directed_cross_project_edge_weight,6034,2,0.6288692027097447,0.37123501823866595
directed_cross_project_edge_weight,6035,2,0.6289734236581553,0.37113079729025533
directed_cross_project_edge_weight,6036,2,0.6290776446065659,0.3710265763418447
directed_cross_project_edge_weight,6037,2,0.6291818655549766,0.3709223553934341
directed_cross_project_edge_weight,6038,2,0.6292860865033871,0.37081813444502343
directed_cross_project_edge_weight,6039,2,0.6293903074517978,0.3707139134966128
directed_cross_project_edge_weight,6040,2,0.6294945284002085,0.3706096925482022
directed_cross_project_edge_weight,6041,2,0.629598749348619,0.3705054715997916
directed_cross_project_edge_weight,6042,2,0.6297029702970297,0.3704012506513809
directed_cross_project_edge_weight,6043,2,0.6298071912454404,0.3702970297029703
directed_cross_project_edge_weight,6044,2,0.6299114121938509,0.3701928087545597
directed_cross_project_edge_weight,6045,2,0.6300156331422616,0.37008858780614906
directed_cross_project_edge_weight,6046,2,0.6301198540906722,0.3699843668577384
directed_cross_project_edge_weight,6047,2,0.6302240750390828,0.3698801459093278
directed_cross_project_edge_weight,6048,2,0.6303282959874935,0.36977592496091716
directed_cross_project_edge_weight,6049,2,0.6304325169359041,0.36967170401250654
directed_cross_project_edge_weight,6050,2,0.6305367378843147,0.36956748306409587
directed_cross_project_edge_weight,6051,2,0.6306409588327254,0.36946326211568525
directed_cross_project_edge_weight,6052,2,0.630745179781136,0.36935904116727464
directed_cross_project_edge_weight,6053,2,0.6308494007295466,0.36925482021886397
directed_cross_project_edge_weight,6054,2,0.6309536216779573,0.36915059927045335
directed_cross_project_edge_weight,6055,2,0.6310578426263679,0.36904637832204273
directed_cross_project_edge_weight,6056,2,0.6311620635747786,0.3689421573736321
directed_cross_project_edge_weight,6057,2,0.6312662845231891,0.36883793642522145
directed_cross_project_edge_weight,6058,2,0.6313705054715998,0.36873371547681083
directed_cross_project_edge_weight,6059,2,0.6314747264200105,0.3686294945284002
directed_cross_project_edge_weight,6060,2,0.631578947368421,0.3685252735799896
directed_cross_project_edge_weight,6061,2,0.6316831683168317,0.3684210526315789
directed_cross_project_edge_weight,6062,2,0.6317873892652424,0.3683168316831683
directed_cross_project_edge_weight,6063,2,0.6318916102136529,0.3682126107347577
directed_cross_project_edge_weight,6064,2,0.6319958311620636,0.3681083897863471
directed_cross_project_edge_weight,6065,2,0.6321000521104742,0.3680041688379364
directed_cross_project_edge_weight,6066,2,0.6322042730588848,0.3678999478895258
directed_cross_project_edge_weight,6067,2,0.6323084940072955,0.3677957269411152
directed_cross_project_edge_weight,6068,2,0.6324127149557061,0.36769150599270456
directed_cross_project_edge_weight,6069,2,0.6325169359041167,0.3675872850442939
directed_cross_project_edge_weight,6070,2,0.6326211568525274,0.36748306409588327
directed_cross_project_edge_weight,6071,2,0.632725377800938,0.36737884314747266
directed_cross_project_edge_weight,6072,2,0.6328295987493486,0.367274622199062
directed_cross_project_edge_weight,6073,2,0.6329338196977593,0.36717040125065137
directed_cross_project_edge_weight,6074,2,0.6330380406461699,0.36706618030224075
directed_cross_project_edge_weight,6075,2,0.6331422615945805,0.36696195935383014
directed_cross_project_edge_weight,6076,2,0.6332464825429911,0.36685773840541946
directed_cross_project_edge_weight,6077,2,0.6333507034914018,0.36675351745700885
directed_cross_project_edge_weight,6078,2,0.6334549244398124,0.36664929650859823
directed_cross_project_edge_weight,6079,2,0.633559145388223,0.3665450755601876
directed_cross_project_edge_weight,6080,2,0.6336633663366337,0.36644085461177694
directed_cross_project_edge_weight,6081,2,0.6337675872850443,0.36633663366336633
directed_cross_project_edge_weight,6082,2,0.6338718082334549,0.3662324127149557
directed_cross_project_edge_weight,6083,2,0.6339760291818656,0.3661281917665451
directed_cross_project_edge_weight,6084,2,0.6340802501302761,0.3660239708181344
directed_cross_project_edge_weight,6085,2,0.6341844710786868,0.3659197498697238
directed_cross_project_edge_weight,6086,2,0.6342886920270975,0.3658155289213132
directed_cross_project_edge_weight,6087,2,0.634392912975508,0.3657113079729026
directed_cross_project_edge_weight,6088,2,0.6344971339239187,0.3656070870244919
directed_cross_project_edge_weight,6089,2,0.6346013548723294,0.3655028660760813
directed_cross_project_edge_weight,6090,2,0.6347055758207399,0.3653986451276707
directed_cross_project_edge_weight,6091,2,0.6348097967691506,0.36529442417926006
directed_cross_project_edge_weight,6092,2,0.6349140177175612,0.3651902032308494
directed_cross_project_edge_weight,6093,2,0.6350182386659718,0.36508598228243877
directed_cross_project_edge_weight,6094,2,0.6351224596143825,0.36498176133402815
directed_cross_project_edge_weight,6095,2,0.6352266805627931,0.3648775403856175
directed_cross_project_edge_weight,6096,2,0.6353309015112037,0.36477331943720687
directed_cross_project_edge_weight,6097,2,0.6354351224596144,0.36466909848879625
directed_cross_project_edge_weight,6098,2,0.635539343408025,0.36456487754038563
directed_cross_project_edge_weight,6099,2,0.6356435643564357,0.36446065659197496
directed_cross_project_edge_weight,6100,2,0.6357477853048463,0.36435643564356435
directed_cross_project_edge_weight,6101,2,0.6358520062532569,0.36425221469515373
directed_cross_project_edge_weight,6102,2,0.6359562272016676,0.3641479937467431
directed_cross_project_edge_weight,6103,2,0.6360604481500781,0.36404377279833244
directed_cross_project_edge_weight,6104,2,0.6361646690984888,0.3639395518499218
directed_cross_project_edge_weight,6105,2,0.6362688900468995,0.3638353309015112
directed_cross_project_edge_weight,6106,2,0.63637311099531,0.3637311099531006
directed_cross_project_edge_weight,6107,2,0.6364773319437207,0.3636268890046899
directed_cross_project_edge_weight,6108,2,0.6365815528921314,0.3635226680562793
directed_cross_project_edge_weight,6109,2,0.6366857738405419,0.3634184471078687
directed_cross_project_edge_weight,6110,2,0.6367899947889526,0.3633142261594581
directed_cross_project_edge_weight,6111,2,0.6368942157373632,0.3632100052110474
directed_cross_project_edge_weight,6112,2,0.6369984366857738,0.3631057842626368
directed_cross_project_edge_weight,6113,2,0.6371026576341845,0.36300156331422617
directed_cross_project_edge_weight,6114,2,0.6372068785825951,0.36289734236581556
directed_cross_project_edge_weight,6115,2,0.6373110995310057,0.3627931214174049
directed_cross_project_edge_weight,6116,2,0.6374153204794164,0.36268890046899427
directed_cross_project_edge_weight,6117,2,0.637519541427827,0.36258467952058365
directed_cross_project_edge_weight,6118,2,0.6376237623762376,0.362480458572173
directed_cross_project_edge_weight,6119,2,0.6377279833246483,0.36237623762376237
directed_cross_project_edge_weight,6120,2,0.6378322042730589,0.36227201667535175
directed_cross_project_edge_weight,6121,2,0.6379364252214695,0.36216779572694113
directed_cross_project_edge_weight,6122,2,0.6380406461698801,0.36206357477853046
directed_cross_project_edge_weight,6123,2,0.6381448671182908,0.36195935383011985
directed_cross_project_edge_weight,6124,2,0.6382490880667014,0.36185513288170923
directed_cross_project_edge_weight,6125,2,0.638353309015112,0.3617509119332986
directed_cross_project_edge_weight,6126,2,0.6384575299635227,0.36164669098488794
directed_cross_project_edge_weight,6127,2,0.6385617509119333,0.3615424700364773
directed_cross_project_edge_weight,6128,2,0.6386659718603439,0.3614382490880667
directed_cross_project_edge_weight,6129,2,0.6387701928087546,0.3613340281396561
directed_cross_project_edge_weight,6130,2,0.6388744137571651,0.3612298071912454
directed_cross_project_edge_weight,6131,2,0.6389786347055758,0.3611255862428348
directed_cross_project_edge_weight,6132,2,0.6390828556539865,0.3610213652944242
directed_cross_project_edge_weight,6133,2,0.639187076602397,0.3609171443460136
directed_cross_project_edge_weight,6134,2,0.6392912975508077,0.3608129233976029
directed_cross_project_edge_weight,6135,2,0.6393955184992184,0.3607087024491923
directed_cross_project_edge_weight,6136,2,0.639499739447629,0.36060448150078167
directed_cross_project_edge_weight,6137,2,0.6396039603960396,0.360500260552371
directed_cross_project_edge_weight,6138,2,0.6397081813444503,0.3603960396039604
directed_cross_project_edge_weight,6139,2,0.6398124022928608,0.36029181865554977
directed_cross_project_edge_weight,6140,2,0.6399166232412715,0.36018759770713915
directed_cross_project_edge_weight,6141,2,0.6400208441896821,0.3600833767587285
directed_cross_project_edge_weight,6142,2,0.6401250651380928,0.35997915581031786
directed_cross_project_edge_weight,6143,2,0.6402292860865034,0.35987493486190725
directed_cross_project_edge_weight,6144,2,0.640333507034914,0.35977071391349663
directed_cross_project_edge_weight,6145,2,0.6404377279833247,0.35966649296508596
directed_cross_project_edge_weight,6146,2,0.6405419489317353,0.35956227201667534
directed_cross_project_edge_weight,6147,2,0.6406461698801459,0.35945805106826473
directed_cross_project_edge_weight,6148,2,0.6407503908285566,0.3593538301198541
directed_cross_project_edge_weight,6149,2,0.6408546117769671,0.35924960917144344
directed_cross_project_edge_weight,6150,2,0.6409588327253778,0.3591453882230328
directed_cross_project_edge_weight,6151,2,0.6410630536737885,0.3590411672746222
directed_cross_project_edge_weight,6152,2,0.641167274622199,0.3589369463262116
directed_cross_project_edge_weight,6153,2,0.6412714955706097,0.3588327253778009
directed_cross_project_edge_weight,6154,2,0.6413757165190204,0.3587285044293903
directed_cross_project_edge_weight,6155,2,0.6414799374674309,0.3586242834809797
directed_cross_project_edge_weight,6156,2,0.6415841584158416,0.3585200625325691
directed_cross_project_edge_weight,6157,2,0.6416883793642522,0.3584158415841584
directed_cross_project_edge_weight,6158,2,0.6417926003126628,0.3583116206357478
directed_cross_project_edge_weight,6159,3,0.6418968212610735,0.35820739968733717
directed_cross_project_edge_weight,6160,3,0.6420010422094841,0.3581031787389265
directed_cross_project_edge_weight,6161,3,0.6421052631578947,0.3579989577905159
directed_cross_project_edge_weight,6162,3,0.6422094841063054,0.35789473684210527
directed_cross_project_edge_weight,6163,3,0.642313705054716,0.35779051589369465
directed_cross_project_edge_weight,6164,3,0.6424179260031266,0.357686294945284
directed_cross_project_edge_weight,6165,3,0.6425221469515373,0.35758207399687336
directed_cross_project_edge_weight,6166,3,0.6426263678999479,0.35747785304846275
directed_cross_project_edge_weight,6167,3,0.6427305888483585,0.35737363210005213
directed_cross_project_edge_weight,6168,3,0.6428348097967691,0.35726941115164146
directed_cross_project_edge_weight,6169,3,0.6429390307451798,0.35716519020323084
directed_cross_project_edge_weight,6170,3,0.6430432516935904,0.3570609692548202
directed_cross_project_edge_weight,6171,3,0.643147472642001,0.3569567483064096
directed_cross_project_edge_weight,6172,3,0.6432516935904117,0.35685252735799894
directed_cross_project_edge_weight,6173,3,0.6433559145388223,0.3567483064095883
directed_cross_project_edge_weight,6174,3,0.6434601354872329,0.3566440854611777
directed_cross_project_edge_weight,6175,3,0.6435643564356436,0.3565398645127671
directed_cross_project_edge_weight,6176,3,0.6436685773840541,0.3564356435643564
directed_cross_project_edge_weight,6177,3,0.6437727983324648,0.3563314226159458
directed_cross_project_edge_weight,6178,3,0.6438770192808755,0.3562272016675352
directed_cross_project_edge_weight,6179,3,0.643981240229286,0.35612298071912457
directed_cross_project_edge_weight,6180,3,0.6440854611776967,0.3560187597707139
directed_cross_project_edge_weight,6181,3,0.6441896821261074,0.3559145388223033
directed_cross_project_edge_weight,6182,3,0.644293903074518,0.35581031787389267
directed_cross_project_edge_weight,6183,3,0.6443981240229286,0.355706096925482
directed_cross_project_edge_weight,6184,3,0.6445023449713393,0.3556018759770714
directed_cross_project_edge_weight,6185,3,0.6446065659197499,0.35549765502866076
directed_cross_project_edge_weight,6186,3,0.6447107868681605,0.35539343408025015
directed_cross_project_edge_weight,6187,3,0.6448150078165711,0.3552892131318395
directed_cross_project_edge_weight,6188,3,0.6449192287649818,0.35518499218342886
directed_cross_project_edge_weight,6189,3,0.6450234497133924,0.35508077123501824
directed_cross_project_edge_weight,6190,3,0.645127670661803,0.35497655028660763
directed_cross_project_edge_weight,6191,3,0.6452318916102137,0.35487232933819696
directed_cross_project_edge_weight,6192,3,0.6453361125586243,0.35476810838978634
directed_cross_project_edge_weight,6193,3,0.6454403335070349,0.3546638874413757
directed_cross_project_edge_weight,6194,3,0.6455445544554456,0.3545596664929651
directed_cross_project_edge_weight,6195,3,0.6456487754038561,0.35445544554455444
directed_cross_project_edge_weight,6196,3,0.6457529963522668,0.3543512245961438
directed_cross_project_edge_weight,6197,3,0.6458572173006775,0.3542470036477332
directed_cross_project_edge_weight,6198,3,0.645961438249088,0.3541427826993226
directed_cross_project_edge_weight,6199,3,0.6460656591974987,0.3540385617509119
directed_cross_project_edge_weight,6200,3,0.6461698801459094,0.3539343408025013
directed_cross_project_edge_weight,6201,3,0.6462741010943199,0.3538301198540907
directed_cross_project_edge_weight,6202,3,0.6463783220427306,0.35372589890568
directed_cross_project_edge_weight,6203,3,0.6464825429911413,0.3536216779572694
directed_cross_project_edge_weight,6204,3,0.6465867639395518,0.3535174570088588
directed_cross_project_edge_weight,6205,3,0.6466909848879625,0.35341323606044817
directed_cross_project_edge_weight,6206,3,0.6467952058363731,0.3533090151120375
directed_cross_project_edge_weight,6207,3,0.6468994267847837,0.3532047941636269
directed_cross_project_edge_weight,6208,3,0.6470036477331944,0.35310057321521626
directed_cross_project_edge_weight,6209,3,0.647107868681605,0.35299635226680565
directed_cross_project_edge_weight,6210,3,0.6472120896300156,0.352892131318395
directed_cross_project_edge_weight,6211,3,0.6473163105784263,0.35278791036998436
directed_cross_project_edge_weight,6212,3,0.6474205315268369,0.35268368942157374
directed_cross_project_edge_weight,6213,3,0.6475247524752475,0.3525794684731631
directed_cross_project_edge_weight,6214,3,0.6476289734236581,0.35247524752475246
directed_cross_project_edge_weight,6215,3,0.6477331943720688,0.35237102657634184
directed_cross_project_edge_weight,6216,3,0.6478374153204794,0.3522668056279312
directed_cross_project_edge_weight,6217,3,0.64794163626889,0.3521625846795206
directed_cross_project_edge_weight,6218,3,0.6480458572173007,0.35205836373110994
directed_cross_project_edge_weight,6219,3,0.6481500781657114,0.3519541427826993
directed_cross_project_edge_weight,6220,3,0.6482542991141219,0.3518499218342887
directed_cross_project_edge_weight,6221,3,0.6483585200625326,0.3517457008858781
directed_cross_project_edge_weight,6222,3,0.6484627410109431,0.3516414799374674
directed_cross_project_edge_weight,6223,3,0.6485669619593538,0.3515372589890568
directed_cross_project_edge_weight,6224,3,0.6486711829077645,0.3514330380406462
directed_cross_project_edge_weight,6225,3,0.648775403856175,0.3513288170922355
directed_cross_project_edge_weight,6226,3,0.6488796248045857,0.3512245961438249
directed_cross_project_edge_weight,6227,3,0.6489838457529964,0.3511203751954143
directed_cross_project_edge_weight,6228,3,0.649088066701407,0.35101615424700366
directed_cross_project_edge_weight,6229,3,0.6491922876498176,0.350911933298593
directed_cross_project_edge_weight,6230,3,0.6492965085982283,0.3508077123501824
directed_cross_project_edge_weight,6231,3,0.6494007295466389,0.35070349140177176
directed_cross_project_edge_weight,6232,3,0.6495049504950495,0.35059927045336114
directed_cross_project_edge_weight,6233,3,0.6496091714434601,0.3504950495049505
directed_cross_project_edge_weight,6234,3,0.6497133923918708,0.35039082855653986
directed_cross_project_edge_weight,6235,3,0.6498176133402814,0.35028660760812924
directed_cross_project_edge_weight,6236,3,0.649921834288692,0.3501823866597186
directed_cross_project_edge_weight,6237,3,0.6500260552371027,0.35007816571130795
directed_cross_project_edge_weight,6238,3,0.6501302761855133,0.34997394476289734
directed_cross_project_edge_weight,6239,3,0.6502344971339239,0.3498697238144867
directed_cross_project_edge_weight,6240,3,0.6503387180823346,0.3497655028660761
directed_cross_project_edge_weight,6241,3,0.6504429390307451,0.34966128191766543
directed_cross_project_edge_weight,6242,3,0.6505471599791558,0.3495570609692548
directed_cross_project_edge_weight,6243,3,0.6506513809275665,0.3494528400208442
directed_cross_project_edge_weight,6244,3,0.650755601875977,0.3493486190724336
directed_cross_project_edge_weight,6245,3,0.6508598228243877,0.3492443981240229
directed_cross_project_edge_weight,6246,3,0.6509640437727984,0.3491401771756123
directed_cross_project_edge_weight,6247,3,0.6510682647212089,0.3490359562272017
directed_cross_project_edge_weight,6248,3,0.6511724856696196,0.348931735278791
directed_cross_project_edge_weight,6249,3,0.6512767066180303,0.3488275143303804
directed_cross_project_edge_weight,6250,3,0.6513809275664408,0.3487232933819698
directed_cross_project_edge_weight,6251,3,0.6514851485148515,0.34861907243355916
directed_cross_project_edge_weight,6252,3,0.6515893694632621,0.3485148514851485
directed_cross_project_edge_weight,6253,3,0.6516935904116727,0.3484106305367379
directed_cross_project_edge_weight,6254,3,0.6517978113600834,0.34830640958832726
directed_cross_project_edge_weight,6255,3,0.651902032308494,0.34820218863991664
directed_cross_project_edge_weight,6256,3,0.6520062532569046,0.34809796769150597
directed_cross_project_edge_weight,6257,3,0.6521104742053153,0.34799374674309536
directed_cross_project_edge_weight,6258,3,0.6522146951537259,0.34788952579468474
directed_cross_project_edge_weight,6259,3,0.6523189161021365,0.3477853048462741
directed_cross_project_edge_weight,6260,3,0.6524231370505471,0.34768108389786345
directed_cross_project_edge_weight,6261,3,0.6525273579989578,0.34757686294945284
directed_cross_project_edge_weight,6262,3,0.6526315789473685,0.3474726420010422
directed_cross_project_edge_weight,6263,3,0.652735799895779,0.3473684210526316
directed_cross_project_edge_weight,6264,3,0.6528400208441897,0.34726420010422093
directed_cross_project_edge_weight,6265,3,0.6529442417926004,0.3471599791558103
directed_cross_project_edge_weight,6266,3,0.6530484627410109,0.3470557582073997
directed_cross_project_edge_weight,6267,3,0.6531526836894216,0.3469515372589891
directed_cross_project_edge_weight,6268,3,0.6532569046378323,0.3468473163105784
directed_cross_project_edge_weight,6269,3,0.6533611255862428,0.3467430953621678
directed_cross_project_edge_weight,6270,3,0.6534653465346535,0.3466388744137572
directed_cross_project_edge_weight,6271,3,0.653569567483064,0.3465346534653465
directed_cross_project_edge_weight,6272,3,0.6536737884314747,0.3464304325169359
directed_cross_project_edge_weight,6273,3,0.6537780093798854,0.3463262115685253
directed_cross_project_edge_weight,6274,3,0.653882230328296,0.34622199062011466
directed_cross_project_edge_weight,6275,3,0.6539864512767066,0.346117769671704
directed_cross_project_edge_weight,6276,3,0.6540906722251173,0.3460135487232934
directed_cross_project_edge_weight,6277,3,0.6541948931735279,0.34590932777488276
directed_cross_project_edge_weight,6278,3,0.6542991141219385,0.34580510682647214
directed_cross_project_edge_weight,6279,3,0.6544033350703491,0.34570088587806147
directed_cross_project_edge_weight,6280,3,0.6545075560187598,0.34559666492965085
directed_cross_project_edge_weight,6281,3,0.6546117769671704,0.34549244398124024
directed_cross_project_edge_weight,6282,3,0.654715997915581,0.3453882230328296
directed_cross_project_edge_weight,6283,3,0.6548202188639917,0.34528400208441895
directed_cross_project_edge_weight,6284,3,0.6549244398124023,0.34517978113600833
directed_cross_project_edge_weight,6285,3,0.6550286607608129,0.3450755601875977
directed_cross_project_edge_weight,6286,3,0.6551328817092236,0.3449713392391871
directed_cross_project_edge_weight,6287,3,0.6552371026576341,0.34486711829077643
directed_cross_project_edge_weight,6288,3,0.6553413236060448,0.3447628973423658
directed_cross_project_edge_weight,6289,3,0.6554455445544555,0.3446586763939552
directed_cross_project_edge_weight,6290,3,0.655549765502866,0.3445544554455445
directed_cross_project_edge_weight,6291,3,0.6556539864512767,0.3444502344971339
directed_cross_project_edge_weight,6292,3,0.6557582073996874,0.3443460135487233
directed_cross_project_edge_weight,6293,3,0.6558624283480979,0.3442417926003127
directed_cross_project_edge_weight,6294,3,0.6559666492965086,0.344137571651902
directed_cross_project_edge_weight,6295,3,0.6560708702449193,0.3440333507034914
directed_cross_project_edge_weight,6296,3,0.6561750911933298,0.3439291297550808
directed_cross_project_edge_weight,6297,3,0.6562793121417405,0.34382490880667016
directed_cross_project_edge_weight,6298,3,0.6563835330901511,0.3437206878582595
directed_cross_project_edge_weight,6299,3,0.6564877540385617,0.34361646690984887
directed_cross_project_edge_weight,6300,3,0.6565919749869724,0.34351224596143826
directed_cross_project_edge_weight,6301,3,0.656696195935383,0.34340802501302764
directed_cross_project_edge_weight,6302,3,0.6568004168837936,0.34330380406461697
directed_cross_project_edge_weight,6303,3,0.6569046378322043,0.34319958311620635
directed_cross_project_edge_weight,6304,3,0.6570088587806149,0.34309536216779574
directed_cross_project_edge_weight,6305,3,0.6571130797290256,0.3429911412193851
directed_cross_project_edge_weight,6306,3,0.6572173006774361,0.34288692027097445
directed_cross_project_edge_weight,6307,3,0.6573215216258468,0.34278269932256383
directed_cross_project_edge_weight,6308,3,0.6574257425742575,0.3426784783741532
directed_cross_project_edge_weight,6309,3,0.657529963522668,0.3425742574257426
directed_cross_project_edge_weight,6310,3,0.6576341844710787,0.34247003647733193
directed_cross_project_edge_weight,6311,3,0.6577384054194894,0.3423658155289213
directed_cross_project_edge_weight,6312,3,0.6578426263678999,0.3422615945805107
directed_cross_project_edge_weight,6313,3,0.6579468473163106,0.3421573736321
directed_cross_project_edge_weight,6314,3,0.6580510682647213,0.3420531526836894
directed_cross_project_edge_weight,6315,3,0.6581552892131318,0.3419489317352788
directed_cross_project_edge_weight,6316,3,0.6582595101615425,0.3418447107868682
directed_cross_project_edge_weight,6317,3,0.658363731109953,0.3417404898384575
directed_cross_project_edge_weight,6318,3,0.6584679520583637,0.3416362688900469
directed_cross_project_edge_weight,6319,3,0.6585721730067744,0.3415320479416363
directed_cross_project_edge_weight,6320,3,0.658676393955185,0.34142782699322566
directed_cross_project_edge_weight,6321,3,0.6587806149035956,0.341323606044815
directed_cross_project_edge_weight,6322,3,0.6588848358520063,0.34121938509640437
directed_cross_project_edge_weight,6323,3,0.6589890568004169,0.34111516414799375
directed_cross_project_edge_weight,6324,3,0.6590932777488275,0.34101094319958314
directed_cross_project_edge_weight,6325,3,0.6591974986972381,0.34090672225117247
directed_cross_project_edge_weight,6326,3,0.6593017196456488,0.34080250130276185
directed_cross_project_edge_weight,6327,3,0.6594059405940594,0.34069828035435124
directed_cross_project_edge_weight,6328,3,0.65951016154247,0.3405940594059406
directed_cross_project_edge_weight,6329,3,0.6596143824908807,0.34048983845752995
directed_cross_project_edge_weight,6330,3,0.6597186034392913,0.34038561750911933
directed_cross_project_edge_weight,6331,3,0.6598228243877019,0.3402813965607087
directed_cross_project_edge_weight,6332,3,0.6599270453361126,0.3401771756122981
directed_cross_project_edge_weight,6333,3,0.6600312662845232,0.34007295466388743
directed_cross_project_edge_weight,6334,3,0.6601354872329338,0.3399687337154768
directed_cross_project_edge_weight,6335,3,0.6602397081813445,0.3398645127670662
directed_cross_project_edge_weight,6336,3,0.660343929129755,0.3397602918186555
directed_cross_project_edge_weight,6337,3,0.6604481500781657,0.3396560708702449
directed_cross_project_edge_weight,6338,3,0.6605523710265764,0.3395518499218343
directed_cross_project_edge_weight,6339,3,0.6606565919749869,0.3394476289734237
directed_cross_project_edge_weight,6340,3,0.6607608129233976,0.339343408025013
directed_cross_project_edge_weight,6341,3,0.6608650338718083,0.3392391870766024
directed_cross_project_edge_weight,6342,3,0.6609692548202188,0.3391349661281918
directed_cross_project_edge_weight,6343,3,0.6610734757686295,0.33903074517978116
directed_cross_project_edge_weight,6344,3,0.6611776967170401,0.3389265242313705
directed_cross_project_edge_weight,6345,3,0.6612819176654507,0.33882230328295987
directed_cross_project_edge_weight,6346,3,0.6613861386138614,0.33871808233454925
directed_cross_project_edge_weight,6347,3,0.661490359562272,0.33861386138613864
directed_cross_project_edge_weight,6348,3,0.6615945805106827,0.33850964043772797
directed_cross_project_edge_weight,6349,3,0.6616988014590933,0.33840541948931735
directed_cross_project_edge_weight,6350,3,0.6618030224075039,0.33830119854090673
directed_cross_project_edge_weight,6351,3,0.6619072433559146,0.3381969775924961
directed_cross_project_edge_weight,6352,3,0.6620114643043251,0.33809275664408545
directed_cross_project_edge_weight,6353,3,0.6621156852527358,0.33798853569567483
directed_cross_project_edge_weight,6354,3,0.6622199062011465,0.3378843147472642
directed_cross_project_edge_weight,6355,3,0.662324127149557,0.33778009379885354
directed_cross_project_edge_weight,6356,3,0.6624283480979677,0.3376758728504429
directed_cross_project_edge_weight,6357,3,0.6625325690463784,0.3375716519020323
directed_cross_project_edge_weight,6358,3,0.6626367899947889,0.3374674309536217
directed_cross_project_edge_weight,6359,3,0.6627410109431996,0.337363210005211
directed_cross_project_edge_weight,6360,3,0.6628452318916103,0.3372589890568004
directed_cross_project_edge_weight,6361,3,0.6629494528400208,0.3371547681083898
directed_cross_project_edge_weight,6362,3,0.6630536737884315,0.3370505471599792
directed_cross_project_edge_weight,6363,3,0.6631578947368421,0.3369463262115685
directed_cross_project_edge_weight,6364,3,0.6632621156852527,0.3368421052631579
directed_cross_project_edge_weight,6365,3,0.6633663366336634,0.33673788431474727
directed_cross_project_edge_weight,6366,3,0.663470557582074,0.33663366336633666
directed_cross_project_edge_weight,6367,3,0.6635747785304846,0.336529442417926
directed_cross_project_edge_weight,6368,3,0.6636789994788953,0.33642522146951537
directed_cross_project_edge_weight,6369,3,0.6637832204273059,0.33632100052110475
directed_cross_project_edge_weight,6370,3,0.6638874413757165,0.33621677957269414
directed_cross_project_edge_weight,6371,3,0.6639916623241271,0.33611255862428346
directed_cross_project_edge_weight,6372,3,0.6640958832725378,0.33600833767587285
directed_cross_project_edge_weight,6373,3,0.6642001042209484,0.33590411672746223
directed_cross_project_edge_weight,6374,3,0.664304325169359,0.3357998957790516
directed_cross_project_edge_weight,6375,3,0.6644085461177697,0.33569567483064094
directed_cross_project_edge_weight,6376,3,0.6645127670661803,0.33559145388223033
directed_cross_project_edge_weight,6377,3,0.6646169880145909,0.3354872329338197
directed_cross_project_edge_weight,6378,3,0.6647212089630016,0.33538301198540904
directed_cross_project_edge_weight,6379,3,0.6648254299114122,0.3352787910369984
directed_cross_project_edge_weight,6380,3,0.6649296508598228,0.3351745700885878
directed_cross_project_edge_weight,6381,3,0.6650338718082335,0.3350703491401772
directed_cross_project_edge_weight,6382,3,0.665138092756644,0.3349661281917665
directed_cross_project_edge_weight,6383,3,0.6652423137050547,0.3348619072433559
directed_cross_project_edge_weight,6384,3,0.6653465346534654,0.3347576862949453
directed_cross_project_edge_weight,6385,3,0.6654507556018759,0.3346534653465347
directed_cross_project_edge_weight,6386,3,0.6655549765502866,0.334549244398124
directed_cross_project_edge_weight,6387,3,0.6656591974986973,0.3344450234497134
directed_cross_project_edge_weight,6388,3,0.6657634184471078,0.33434080250130277
directed_cross_project_edge_weight,6389,3,0.6658676393955185,0.33423658155289215
directed_cross_project_edge_weight,6390,3,0.6659718603439291,0.3341323606044815
directed_cross_project_edge_weight,6391,3,0.6660760812923398,0.33402813965607087
directed_cross_project_edge_weight,6392,3,0.6661803022407504,0.33392391870766025
directed_cross_project_edge_weight,6393,3,0.666284523189161,0.33381969775924963
directed_cross_project_edge_weight,6394,3,0.6663887441375717,0.33371547681083896
directed_cross_project_edge_weight,6395,3,0.6664929650859823,0.33361125586242835
directed_cross_project_edge_weight,6396,3,0.6665971860343929,0.33350703491401773
directed_cross_project_edge_weight,6397,3,0.6667014069828036,0.3334028139656071
directed_cross_project_edge_weight,6398,3,0.6668056279312142,0.33329859301719644
directed_cross_project_edge_weight,6399,3,0.6669098488796248,0.3331943720687858
directed_cross_project_edge_weight,6400,3,0.6670140698280355,0.3330901511203752
directed_cross_project_edge_weight,6401,3,0.667118290776446,0.33298593017196454
directed_cross_project_edge_weight,6402,3,0.6672225117248567,0.3328817092235539
directed_cross_project_edge_weight,6403,3,0.6673267326732674,0.3327774882751433
directed_cross_project_edge_weight,6404,3,0.6674309536216779,0.3326732673267327
directed_cross_project_edge_weight,6405,3,0.6675351745700886,0.332569046378322
directed_cross_project_edge_weight,6406,3,0.6676393955184993,0.3324648254299114
directed_cross_project_edge_weight,6407,3,0.6677436164669098,0.3323606044815008
directed_cross_project_edge_weight,6408,3,0.6678478374153205,0.33225638353309017
directed_cross_project_edge_weight,6409,3,0.6679520583637311,0.3321521625846795
directed_cross_project_edge_weight,6410,3,0.6680562793121417,0.3320479416362689
directed_cross_project_edge_weight,6411,3,0.6681605002605524,0.33194372068785827
directed_cross_project_edge_weight,6412,3,0.668264721208963,0.33183949973944765
directed_cross_project_edge_weight,6413,3,0.6683689421573736,0.331735278791037
directed_cross_project_edge_weight,6414,3,0.6684731631057843,0.33163105784262636
directed_cross_project_edge_weight,6415,3,0.6685773840541949,0.33152683689421575
directed_cross_project_edge_weight,6416,3,0.6686816050026055,0.33142261594580513
directed_cross_project_edge_weight,6417,3,0.6687858259510161,0.33131839499739446
directed_cross_project_edge_weight,6418,3,0.6688900468994268,0.33121417404898384
directed_cross_project_edge_weight,6419,3,0.6689942678478374,0.33110995310057323
directed_cross_project_edge_weight,6420,3,0.669098488796248,0.33100573215216256
directed_cross_project_edge_weight,6421,3,0.6692027097446587,0.33090151120375194
directed_cross_project_edge_weight,6422,3,0.6693069306930693,0.3307972902553413
directed_cross_project_edge_weight,6423,3,0.6694111516414799,0.3306930693069307
directed_cross_project_edge_weight,6424,3,0.6695153725898906,0.33058884835852004
directed_cross_project_edge_weight,6425,3,0.6696195935383012,0.3304846274101094
directed_cross_project_edge_weight,6426,3,0.6697238144867118,0.3303804064616988
directed_cross_project_edge_weight,6427,3,0.6698280354351225,0.3302761855132882
directed_cross_project_edge_weight,6428,3,0.669932256383533,0.3301719645648775
directed_cross_project_edge_weight,6429,3,0.6700364773319437,0.3300677436164669
directed_cross_project_edge_weight,6430,3,0.6701406982803544,0.3299635226680563
directed_cross_project_edge_weight,6431,3,0.670244919228765,0.32985930171964567
directed_cross_project_edge_weight,6432,3,0.6703491401771756,0.329755080771235
directed_cross_project_edge_weight,6433,3,0.6704533611255863,0.3296508598228244
directed_cross_project_edge_weight,6434,3,0.6705575820739968,0.32954663887441377
directed_cross_project_edge_weight,6435,3,0.6706618030224075,0.32944241792600315
directed_cross_project_edge_weight,6436,3,0.6707660239708181,0.3293381969775925
directed_cross_project_edge_weight,6437,3,0.6708702449192288,0.32923397602918186
directed_cross_project_edge_weight,6438,3,0.6709744658676394,0.32912975508077125
directed_cross_project_edge_weight,6439,3,0.67107868681605,0.32902553413236063
directed_cross_project_edge_weight,6440,3,0.6711829077644607,0.32892131318394996
directed_cross_project_edge_weight,6441,3,0.6712871287128713,0.32881709223553934
directed_cross_project_edge_weight,6442,3,0.6713913496612819,0.3287128712871287
directed_cross_project_edge_weight,6443,3,0.6714955706096926,0.32860865033871806
directed_cross_project_edge_weight,6444,3,0.6715997915581032,0.32850442939030744
directed_cross_project_edge_weight,6445,3,0.6717040125065138,0.3284002084418968
directed_cross_project_edge_weight,6446,3,0.6718082334549245,0.3282959874934862
directed_cross_project_edge_weight,6447,3,0.671912454403335,0.32819176654507554
directed_cross_project_edge_weight,6448,3,0.6720166753517457,0.3280875455966649
directed_cross_project_edge_weight,6449,3,0.6721208963001564,0.3279833246482543
directed_cross_project_edge_weight,6450,3,0.6722251172485669,0.3278791036998437
directed_cross_project_edge_weight,6451,3,0.6723293381969776,0.327774882751433
directed_cross_project_edge_weight,6452,3,0.6724335591453883,0.3276706618030224
directed_cross_project_edge_weight,6453,3,0.6725377800937988,0.3275664408546118
directed_cross_project_edge_weight,6454,3,0.6726420010422095,0.32746221990620117
directed_cross_project_edge_weight,6455,3,0.6727462219906201,0.3273579989577905
directed_cross_project_edge_weight,6456,3,0.6728504429390307,0.3272537780093799
directed_cross_project_edge_weight,6457,3,0.6729546638874414,0.32714955706096926
directed_cross_project_edge_weight,6458,3,0.673058884835852,0.32704533611255865
directed_cross_project_edge_weight,6459,3,0.6731631057842626,0.326941115164148
directed_cross_project_edge_weight,6460,3,0.6732673267326733,0.32683689421573736
directed_cross_project_edge_weight,6461,3,0.6733715476810839,0.32673267326732675
directed_cross_project_edge_weight,6462,3,0.6734757686294945,0.32662845231891613
directed_cross_project_edge_weight,6463,3,0.6735799895779052,0.32652423137050546
directed_cross_project_edge_weight,6464,3,0.6736842105263158,0.32642001042209484
directed_cross_project_edge_weight,6465,3,0.6737884314747264,0.3263157894736842
directed_cross_project_edge_weight,6466,3,0.673892652423137,0.32621156852527355
directed_cross_project_edge_weight,6467,3,0.6739968733715477,0.32610734757686294
directed_cross_project_edge_weight,6468,3,0.6741010943199583,0.3260031266284523
directed_cross_project_edge_weight,6469,3,0.6742053152683689,0.3258989056800417
directed_cross_project_edge_weight,6470,3,0.6743095362167796,0.32579468473163103
directed_cross_project_edge_weight,6471,3,0.6744137571651903,0.3256904637832204
directed_cross_project_edge_weight,6472,3,0.6745179781136008,0.3255862428348098
directed_cross_project_edge_weight,6473,3,0.6746221990620115,0.3254820218863992
directed_cross_project_edge_weight,6474,3,0.674726420010422,0.3253778009379885
directed_cross_project_edge_weight,6475,3,0.6748306409588327,0.3252735799895779
directed_cross_project_edge_weight,6476,3,0.6749348619072434,0.3251693590411673
directed_cross_project_edge_weight,6477,3,0.675039082855654,0.32506513809275667
directed_cross_project_edge_weight,6478,3,0.6751433038040646,0.324960917144346
directed_cross_project_edge_weight,6479,3,0.6752475247524753,0.3248566961959354
directed_cross_project_edge_weight,6480,3,0.6753517457008859,0.32475247524752476
directed_cross_project_edge_weight,6481,3,0.6754559666492965,0.32464825429911415
directed_cross_project_edge_weight,6482,3,0.6755601875977071,0.3245440333507035
directed_cross_project_edge_weight,6483,3,0.6756644085461178,0.32443981240229286
directed_cross_project_edge_weight,6484,3,0.6757686294945284,0.32433559145388224
directed_cross_project_edge_weight,6485,3,0.675872850442939,0.32423137050547157
directed_cross_project_edge_weight,6486,3,0.6759770713913497,0.32412714955706096
directed_cross_project_edge_weight,6487,3,0.6760812923397603,0.32402292860865034
directed_cross_project_edge_weight,6488,3,0.6761855132881709,0.3239187076602397
directed_cross_project_edge_weight,6489,3,0.6762897342365816,0.32381448671182905
directed_cross_project_edge_weight,6490,3,0.6763939551849922,0.32371026576341844
directed_cross_project_edge_weight,6491,3,0.6764981761334028,0.3236060448150078
directed_cross_project_edge_weight,6492,3,0.6766023970818135,0.3235018238665972
directed_cross_project_edge_weight,6493,3,0.676706618030224,0.32339760291818653
directed_cross_project_edge_weight,6494,3,0.6768108389786347,0.3232933819697759
directed_cross_project_edge_weight,6495,3,0.6769150599270454,0.3231891610213653
directed_cross_project_edge_weight,6496,3,0.6770192808754559,0.3230849400729547
directed_cross_project_edge_weight,6497,3,0.6771235018238666,0.322980719124544
directed_cross_project_edge_weight,6498,3,0.6772277227722773,0.3228764981761334
directed_cross_project_edge_weight,6499,3,0.6773319437206878,0.3227722772277228
directed_cross_project_edge_weight,6500,3,0.6774361646690985,0.32266805627931217
directed_cross_project_edge_weight,6501,3,0.6775403856175091,0.3225638353309015
directed_cross_project_edge_weight,6502,3,0.6776446065659197,0.3224596143824909
directed_cross_project_edge_weight,6503,3,0.6777488275143304,0.32235539343408026
directed_cross_project_edge_weight,6504,3,0.677853048462741,0.32225117248566965
directed_cross_project_edge_weight,6505,3,0.6779572694111516,0.322146951537259
directed_cross_project_edge_weight,6506,3,0.6780614903595623,0.32204273058884836
directed_cross_project_edge_weight,6507,3,0.6781657113079729,0.32193850964043774
directed_cross_project_edge_weight,6508,3,0.6782699322563835,0.32183428869202707
directed_cross_project_edge_weight,6509,3,0.6783741532047942,0.32173006774361645
directed_cross_project_edge_weight,6510,3,0.6784783741532048,0.32162584679520584
directed_cross_project_edge_weight,6511,3,0.6785825951016154,0.3215216258467952
directed_cross_project_edge_weight,6512,3,0.678686816050026,0.32141740489838455
directed_cross_project_edge_weight,6513,3,0.6787910369984367,0.32131318394997394
directed_cross_project_edge_weight,6514,3,0.6788952579468474,0.3212089630015633
directed_cross_project_edge_weight,6515,3,0.6789994788952579,0.3211047420531527
directed_cross_project_edge_weight,6516,3,0.6791036998436686,0.32100052110474203
directed_cross_project_edge_weight,6517,3,0.6792079207920793,0.3208963001563314
directed_cross_project_edge_weight,6518,3,0.6793121417404898,0.3207920792079208
directed_cross_project_edge_weight,6519,3,0.6794163626889005,0.3206878582595102
directed_cross_project_edge_weight,6520,3,0.679520583637311,0.3205836373110995
directed_cross_project_edge_weight,6521,3,0.6796248045857217,0.3204794163626889
directed_cross_project_edge_weight,6522,3,0.6797290255341324,0.3203751954142783
directed_cross_project_edge_weight,6523,3,0.679833246482543,0.32027097446586766
directed_cross_project_edge_weight,6524,3,0.6799374674309536,0.320166753517457
directed_cross_project_edge_weight,6525,3,0.6800416883793643,0.3200625325690464
directed_cross_project_edge_weight,6526,3,0.6801459093277749,0.31995831162063576
directed_cross_project_edge_weight,6527,3,0.6802501302761855,0.31985409067222514
directed_cross_project_edge_weight,6528,3,0.6803543512245962,0.3197498697238145
directed_cross_project_edge_weight,6529,3,0.6804585721730068,0.31964564877540386
directed_cross_project_edge_weight,6530,3,0.6805627931214174,0.31954142782699324
directed_cross_project_edge_weight,6531,3,0.680667014069828,0.31943720687858257
directed_cross_project_edge_weight,6532,3,0.6807712350182387,0.31933298593017195
directed_cross_project_edge_weight,6533,3,0.6808754559666493,0.31922876498176134
directed_cross_project_edge_weight,6534,3,0.6809796769150599,0.3191245440333507
directed_cross_project_edge_weight,6535,3,0.6810838978634706,0.31902032308494005
directed_cross_project_edge_weight,6536,3,0.6811881188118812,0.31891610213652943
directed_cross_project_edge_weight,6537,3,0.6812923397602918,0.3188118811881188
directed_cross_project_edge_weight,6538,3,0.6813965607087025,0.3187076602397082
directed_cross_project_edge_weight,6539,3,0.681500781657113,0.31860343929129753
directed_cross_project_edge_weight,6540,3,0.6816050026055237,0.3184992183428869
directed_cross_project_edge_weight,6541,3,0.6817092235539344,0.3183949973944763
directed_cross_project_edge_weight,6542,3,0.6818134445023449,0.3182907764460657
directed_cross_project_edge_weight,6543,3,0.6819176654507556,0.318186555497655
directed_cross_project_edge_weight,6544,3,0.6820218863991663,0.3180823345492444
directed_cross_project_edge_weight,6545,3,0.6821261073475768,0.3179781136008338
directed_cross_project_edge_weight,6546,3,0.6822303282959875,0.31787389265242316
directed_cross_project_edge_weight,6547,3,0.6823345492443981,0.3177696717040125
directed_cross_project_edge_weight,6548,3,0.6824387701928087,0.3176654507556019
directed_cross_project_edge_weight,6549,3,0.6825429911412194,0.31756122980719126
directed_cross_project_edge_weight,6550,3,0.68264721208963,0.3174570088587806
directed_cross_project_edge_weight,6551,3,0.6827514330380406,0.31735278791036997
directed_cross_project_edge_weight,6552,3,0.6828556539864513,0.31724856696195936
directed_cross_project_edge_weight,6553,3,0.6829598749348619,0.31714434601354874
directed_cross_project_edge_weight,6554,3,0.6830640958832725,0.31704012506513807
directed_cross_project_edge_weight,6555,3,0.6831683168316832,0.31693590411672745
directed_cross_project_edge_weight,6556,3,0.6832725377800938,0.31683168316831684
directed_cross_project_edge_weight,6557,3,0.6833767587285045,0.3167274622199062
directed_cross_project_edge_weight,6558,3,0.683480979676915,0.31662324127149555
directed_cross_project_edge_weight,6559,3,0.6835852006253257,0.31651902032308493
directed_cross_project_edge_weight,6560,3,0.6836894215737364,0.3164147993746743
directed_cross_project_edge_weight,6561,3,0.6837936425221469,0.3163105784262637
directed_cross_project_edge_weight,6562,3,0.6838978634705576,0.31620635747785303
directed_cross_project_edge_weight,6563,3,0.6840020844189683,0.3161021365294424
directed_cross_project_edge_weight,6564,3,0.6841063053673788,0.3159979155810318
directed_cross_project_edge_weight,6565,3,0.6842105263157895,0.3158936946326212
directed_cross_project_edge_weight,6566,3,0.6843147472642,0.3157894736842105
directed_cross_project_edge_weight,6567,3,0.6844189682126107,0.3156852527357999
directed_cross_project_edge_weight,6568,3,0.6845231891610214,0.3155810317873893
directed_cross_project_edge_weight,6569,3,0.684627410109432,0.31547681083897866
directed_cross_project_edge_weight,6570,3,0.6847316310578426,0.315372589890568
directed_cross_project_edge_weight,6571,3,0.6848358520062533,0.3152683689421574
directed_cross_project_edge_weight,6572,3,0.6849400729546639,0.31516414799374676
directed_cross_project_edge_weight,6573,3,0.6850442939030745,0.3150599270453361
directed_cross_project_edge_weight,6574,3,0.6851485148514852,0.31495570609692547
directed_cross_project_edge_weight,6575,3,0.6852527357998958,0.31485148514851485
directed_cross_project_edge_weight,6576,3,0.6853569567483064,0.31474726420010424
directed_cross_project_edge_weight,6577,3,0.685461177696717,0.31464304325169357
directed_cross_project_edge_weight,6578,3,0.6855653986451277,0.31453882230328295
directed_cross_project_edge_weight,6579,3,0.6856696195935383,0.31443460135487233
directed_cross_project_edge_weight,6580,3,0.6857738405419489,0.3143303804064617
directed_cross_project_edge_weight,6581,3,0.6858780614903596,0.31422615945805105
directed_cross_project_edge_weight,6582,3,0.6859822824387702,0.31412193850964043
directed_cross_project_edge_weight,6583,3,0.6860865033871808,0.3140177175612298
directed_cross_project_edge_weight,6584,3,0.6861907243355915,0.3139134966128192
directed_cross_project_edge_weight,6585,3,0.686294945284002,0.3138092756644085
directed_cross_project_edge_weight,6586,3,0.6863991662324127,0.3137050547159979
directed_cross_project_edge_weight,6587,3,0.6865033871808234,0.3136008337675873
directed_cross_project_edge_weight,6588,3,0.6866076081292339,0.3134966128191767
directed_cross_project_edge_weight,6589,3,0.6867118290776446,0.313392391870766
directed_cross_project_edge_weight,6590,3,0.6868160500260553,0.3132881709223554
directed_cross_project_edge_weight,6591,3,0.6869202709744658,0.3131839499739448
directed_cross_project_edge_weight,6592,3,0.6870244919228765,0.31307972902553416
directed_cross_project_edge_weight,6593,3,0.6871287128712872,0.3129755080771235
directed_cross_project_edge_weight,6594,3,0.6872329338196977,0.31287128712871287
directed_cross_project_edge_weight,6595,3,0.6873371547681084,0.31276706618030226
directed_cross_project_edge_weight,6596,3,0.687441375716519,0.3126628452318916
directed_cross_project_edge_weight,6597,3,0.6875455966649296,0.31255862428348097
directed_cross_project_edge_weight,6598,3,0.6876498176133403,0.31245440333507035
directed_cross_project_edge_weight,6599,3,0.6877540385617509,0.31235018238665974
directed_cross_project_edge_weight,6600,3,0.6878582595101616,0.31224596143824906
directed_cross_project_edge_weight,6601,3,0.6879624804585722,0.31214174048983845
directed_cross_project_edge_weight,6602,3,0.6880667014069828,0.31203751954142783
directed_cross_project_edge_weight,6603,3,0.6881709223553935,0.3119332985930172
directed_cross_project_edge_weight,6604,3,0.688275143303804,0.31182907764460654
directed_cross_project_edge_weight,6605,3,0.6883793642522147,0.31172485669619593
directed_cross_project_edge_weight,6606,3,0.6884835852006254,0.3116206357477853
directed_cross_project_edge_weight,6607,3,0.6885878061490359,0.3115164147993747
directed_cross_project_edge_weight,6608,3,0.6886920270974466,0.311412193850964
directed_cross_project_edge_weight,6609,3,0.6887962480458573,0.3113079729025534
directed_cross_project_edge_weight,6610,3,0.6889004689942678,0.3112037519541428
directed_cross_project_edge_weight,6611,3,0.6890046899426785,0.3110995310057322
directed_cross_project_edge_weight,6612,3,0.689108910891089,0.3109953100573215
directed_cross_project_edge_weight,6613,3,0.6892131318394997,0.3108910891089109
directed_cross_project_edge_weight,6614,3,0.6893173527879104,0.3107868681605003
directed_cross_project_edge_weight,6615,3,0.689421573736321,0.31068264721208966
directed_cross_project_edge_weight,6616,3,0.6895257946847316,0.310578426263679
directed_cross_project_edge_weight,6617,3,0.6896300156331423,0.31047420531526837
directed_cross_project_edge_weight,6618,3,0.6897342365815529,0.31036998436685775
directed_cross_project_edge_weight,6619,3,0.6898384575299635,0.3102657634184471
directed_cross_project_edge_weight,6620,3,0.6899426784783742,0.31016154247003647
directed_cross_project_edge_weight,6621,3,0.6900468994267848,0.31005732152162585
directed_cross_project_edge_weight,6622,3,0.6901511203751954,0.30995310057321523
directed_cross_project_edge_weight,6623,3,0.690255341323606,0.30984887962480456
directed_cross_project_edge_weight,6624,3,0.6903595622720167,0.30974465867639395
directed_cross_project_edge_weight,6625,3,0.6904637832204273,0.30964043772798333
directed_cross_project_edge_weight,6626,3,0.6905680041688379,0.3095362167795727
directed_cross_project_edge_weight,6627,3,0.6906722251172486,0.30943199583116204
directed_cross_project_edge_weight,6628,3,0.6907764460656592,0.3093277748827514
directed_cross_project_edge_weight,6629,3,0.6908806670140698,0.3092235539343408
directed_cross_project_edge_weight,6630,3,0.6909848879624805,0.3091193329859302
directed_cross_project_edge_weight,6631,3,0.691089108910891,0.3090151120375195
directed_cross_project_edge_weight,6632,3,0.6911933298593017,0.3089108910891089
directed_cross_project_edge_weight,6633,3,0.6912975508077124,0.3088066701406983
directed_cross_project_edge_weight,6634,3,0.6914017717561229,0.3087024491922877
directed_cross_project_edge_weight,6635,3,0.6915059927045336,0.308598228243877
directed_cross_project_edge_weight,6636,3,0.6916102136529443,0.3084940072954664
directed_cross_project_edge_weight,6637,3,0.6917144346013548,0.30838978634705577
directed_cross_project_edge_weight,6638,3,0.6918186555497655,0.3082855653986451
directed_cross_project_edge_weight,6639,3,0.6919228764981762,0.3081813444502345
directed_cross_project_edge_weight,6640,3,0.6920270974465867,0.30807712350182387
directed_cross_project_edge_weight,6641,3,0.6921313183949974,0.30797290255341325
directed_cross_project_edge_weight,6642,3,0.692235539343408,0.3078686816050026
directed_cross_project_edge_weight,6643,3,0.6923397602918187,0.30776446065659196
directed_cross_project_edge_weight,6644,3,0.6924439812402293,0.30766023970818135
directed_cross_project_edge_weight,6645,3,0.6925482021886399,0.30755601875977073
directed_cross_project_edge_weight,6646,3,0.6926524231370506,0.30745179781136006
directed_cross_project_edge_weight,6647,3,0.6927566440854612,0.30734757686294945
directed_cross_project_edge_weight,6648,3,0.6928608650338718,0.30724335591453883
directed_cross_project_edge_weight,6649,3,0.6929650859822825,0.3071391349661282
directed_cross_project_edge_weight,6650,3,0.693069306930693,0.30703491401771754
directed_cross_project_edge_weight,6651,3,0.6931735278791037,0.3069306930693069
directed_cross_project_edge_weight,6652,3,0.6932777488275144,0.3068264721208963
directed_cross_project_edge_weight,6653,3,0.6933819697759249,0.3067222511724857
directed_cross_project_edge_weight,6654,3,0.6934861907243356,0.306618030224075
directed_cross_project_edge_weight,6655,3,0.6935904116727463,0.3065138092756644
directed_cross_project_edge_weight,6656,3,0.6936946326211568,0.3064095883272538
directed_cross_project_edge_weight,6657,3,0.6937988535695675,0.3063053673788432
directed_cross_project_edge_weight,6658,3,0.6939030745179782,0.3062011464304325
directed_cross_project_edge_weight,6659,3,0.6940072954663887,0.3060969254820219
directed_cross_project_edge_weight,6660,3,0.6941115164147994,0.30599270453361127
directed_cross_project_edge_weight,6661,3,0.69421573736321,0.3058884835852006
directed_cross_project_edge_weight,6662,3,0.6943199583116206,0.30578426263679
directed_cross_project_edge_weight,6663,3,0.6944241792600313,0.30568004168837937
directed_cross_project_edge_weight,6664,3,0.6945284002084419,0.30557582073996875
directed_cross_project_edge_weight,6665,3,0.6946326211568525,0.3054715997915581
directed_cross_project_edge_weight,6666,3,0.6947368421052632,0.30536737884314746
directed_cross_project_edge_weight,6667,3,0.6948410630536738,0.30526315789473685
directed_cross_project_edge_weight,6668,3,0.6949452840020844,0.30515893694632623
directed_cross_project_edge_weight,6669,3,0.695049504950495,0.30505471599791556
directed_cross_project_edge_weight,6670,3,0.6951537258989057,0.30495049504950494
directed_cross_project_edge_weight,6671,3,0.6952579468473163,0.30484627410109433
directed_cross_project_edge_weight,6672,3,0.6953621677957269,0.3047420531526837
directed_cross_project_edge_weight,6673,3,0.6954663887441376,0.30463783220427304
directed_cross_project_edge_weight,6674,3,0.6955706096925482,0.3045336112558624
directed_cross_project_edge_weight,6675,3,0.6956748306409588,0.3044293903074518
directed_cross_project_edge_weight,6676,3,0.6957790515893695,0.3043251693590412
directed_cross_project_edge_weight,6677,3,0.69588327253778,0.3042209484106305
directed_cross_project_edge_weight,6678,3,0.6959874934861907,0.3041167274622199
directed_cross_project_edge_weight,6679,3,0.6960917144346014,0.3040125065138093
directed_cross_project_edge_weight,6680,3,0.6961959353830119,0.3039082855653987
directed_cross_project_edge_weight,6681,3,0.6963001563314226,0.303804064616988
directed_cross_project_edge_weight,6682,3,0.6964043772798333,0.3036998436685774
directed_cross_project_edge_weight,6683,3,0.6965085982282438,0.30359562272016677
directed_cross_project_edge_weight,6684,3,0.6966128191766545,0.3034914017717561
directed_cross_project_edge_weight,6685,3,0.6967170401250652,0.3033871808233455
directed_cross_project_edge_weight,6686,3,0.6968212610734758,0.30328295987493487
directed_cross_project_edge_weight,6687,3,0.6969254820218864,0.30317873892652425
directed_cross_project_edge_weight,6688,3,0.697029702970297,0.3030745179781136
directed_cross_project_edge_weight,6689,3,0.6971339239187077,0.30297029702970296
directed_cross_project_edge_weight,6690,3,0.6972381448671183,0.30286607608129235
directed_cross_project_edge_weight,6691,3,0.6973423658155289,0.30276185513288173
directed_cross_project_edge_weight,6692,3,0.6974465867639396,0.30265763418447106
directed_cross_project_edge_weight,6693,3,0.6975508077123502,0.30255341323606044
directed_cross_project_edge_weight,6694,3,0.6976550286607608,0.3024491922876498
directed_cross_project_edge_weight,6695,3,0.6977592496091715,0.3023449713392392
directed_cross_project_edge_weight,6696,3,0.697863470557582,0.30224075039082854
directed_cross_project_edge_weight,6697,3,0.6979676915059927,0.3021365294424179
directed_cross_project_edge_weight,6698,3,0.6980719124544034,0.3020323084940073
directed_cross_project_edge_weight,6699,3,0.6981761334028139,0.3019280875455967
directed_cross_project_edge_weight,6700,3,0.6982803543512246,0.301823866597186
directed_cross_project_edge_weight,6701,3,0.6983845752996353,0.3017196456487754
directed_cross_project_edge_weight,6702,3,0.6984887962480458,0.3016154247003648
directed_cross_project_edge_weight,6703,3,0.6985930171964565,0.3015112037519541
directed_cross_project_edge_weight,6704,3,0.6986972381448672,0.3014069828035435
directed_cross_project_edge_weight,6705,3,0.6988014590932777,0.3013027618551329
directed_cross_project_edge_weight,6706,3,0.6989056800416884,0.30119854090672227
directed_cross_project_edge_weight,6707,3,0.699009900990099,0.3010943199583116
directed_cross_project_edge_weight,6708,3,0.6991141219385096,0.300990099009901
directed_cross_project_edge_weight,6709,3,0.6992183428869203,0.30088587806149036
directed_cross_project_edge_weight,6710,3,0.6993225638353309,0.30078165711307975
directed_cross_project_edge_weight,6711,3,0.6994267847837415,0.3006774361646691
directed_cross_project_edge_weight,6712,3,0.6995310057321522,0.30057321521625846
directed_cross_project_edge_weight,6713,3,0.6996352266805628,0.30046899426784784
directed_cross_project_edge_weight,6714,3,0.6997394476289734,0.30036477331943723
directed_cross_project_edge_weight,6715,3,0.699843668577384,0.30026055237102656
directed_cross_project_edge_weight,6716,3,0.6999478895257947,0.30015633142261594
directed_cross_project_edge_weight,6717,3,0.7000521104742053,0.3000521104742053
directed_cross_project_edge_weight,6718,3,0.7001563314226159,0.2999478895257947
directed_cross_project_edge_weight,6719,3,0.7002605523710266,0.29984366857738404
directed_cross_project_edge_weight,6720,3,0.7003647733194373,0.2997394476289734
directed_cross_project_edge_weight,6721,3,0.7004689942678478,0.2996352266805628
directed_cross_project_edge_weight,6722,3,0.7005732152162585,0.2995310057321522
directed_cross_project_edge_weight,6723,3,0.700677436164669,0.2994267847837415
directed_cross_project_edge_weight,6724,3,0.7007816571130797,0.2993225638353309
directed_cross_project_edge_weight,6725,3,0.7008858780614904,0.2992183428869203
directed_cross_project_edge_weight,6726,3,0.700990099009901,0.2991141219385096
directed_cross_project_edge_weight,6727,3,0.7010943199583116,0.299009900990099
directed_cross_project_edge_weight,6728,3,0.7011985409067223,0.2989056800416884
directed_cross_project_edge_weight,6729,3,0.7013027618551329,0.29880145909327777
directed_cross_project_edge_weight,6730,3,0.7014069828035435,0.2986972381448671
directed_cross_project_edge_weight,6731,3,0.7015112037519542,0.2985930171964565
directed_cross_project_edge_weight,6732,3,0.7016154247003648,0.29848879624804586
directed_cross_project_edge_weight,6733,3,0.7017196456487754,0.29838457529963525
directed_cross_project_edge_weight,6734,3,0.701823866597186,0.2982803543512246
directed_cross_project_edge_weight,6735,3,0.7019280875455967,0.29817613340281396
directed_cross_project_edge_weight,6736,3,0.7020323084940073,0.29807191245440334
directed_cross_project_edge_weight,6737,3,0.7021365294424179,0.2979676915059927
directed_cross_project_edge_weight,6738,3,0.7022407503908286,0.29786347055758206
directed_cross_project_edge_weight,6739,3,0.7023449713392392,0.29775924960917144
directed_cross_project_edge_weight,6740,3,0.7024491922876498,0.2976550286607608
directed_cross_project_edge_weight,6741,3,0.7025534132360605,0.2975508077123502
directed_cross_project_edge_weight,6742,3,0.702657634184471,0.29744658676393954
directed_cross_project_edge_weight,6743,3,0.7027618551328817,0.2973423658155289
directed_cross_project_edge_weight,6744,3,0.7028660760812924,0.2972381448671183
directed_cross_project_edge_weight,6745,3,0.7029702970297029,0.2971339239187077
directed_cross_project_edge_weight,6746,3,0.7030745179781136,0.297029702970297
directed_cross_project_edge_weight,6747,3,0.7031787389265243,0.2969254820218864
directed_cross_project_edge_weight,6748,3,0.7032829598749348,0.2968212610734758
directed_cross_project_edge_weight,6749,3,0.7033871808233455,0.2967170401250651
directed_cross_project_edge_weight,6750,3,0.7034914017717562,0.2966128191766545
directed_cross_project_edge_weight,6751,3,0.7035956227201667,0.2965085982282439
directed_cross_project_edge_weight,6752,3,0.7036998436685774,0.29640437727983326
directed_cross_project_edge_weight,6753,3,0.703804064616988,0.2963001563314226
directed_cross_project_edge_weight,6754,3,0.7039082855653986,0.296195935383012
directed_cross_project_edge_weight,6755,3,0.7040125065138093,0.29609171443460136
directed_cross_project_edge_weight,6756,3,0.7041167274622199,0.29598749348619074
directed_cross_project_edge_weight,6757,3,0.7042209484106305,0.2958832725377801
directed_cross_project_edge_weight,6758,3,0.7043251693590412,0.29577905158936946
directed_cross_project_edge_weight,6759,3,0.7044293903074518,0.29567483064095884
directed_cross_project_edge_weight,6760,3,0.7045336112558624,0.2955706096925482
directed_cross_project_edge_weight,6761,3,0.704637832204273,0.29546638874413755
directed_cross_project_edge_weight,6762,3,0.7047420531526837,0.29536216779572694
directed_cross_project_edge_weight,6763,3,0.7048462741010943,0.2952579468473163
directed_cross_project_edge_weight,6764,3,0.7049504950495049,0.2951537258989057
directed_cross_project_edge_weight,6765,3,0.7050547159979156,0.29504950495049503
directed_cross_project_edge_weight,6766,3,0.7051589369463263,0.2949452840020844
directed_cross_project_edge_weight,6767,3,0.7052631578947368,0.2948410630536738
directed_cross_project_edge_weight,6768,3,0.7053673788431475,0.29473684210526313
directed_cross_project_edge_weight,6769,3,0.7054715997915582,0.2946326211568525
directed_cross_project_edge_weight,6770,3,0.7055758207399687,0.2945284002084419
directed_cross_project_edge_weight,6771,3,0.7056800416883794,0.2944241792600313
directed_cross_project_edge_weight,6772,3,0.70578426263679,0.2943199583116206
directed_cross_project_edge_weight,6773,3,0.7058884835852006,0.29421573736321
directed_cross_project_edge_weight,6774,3,0.7059927045336113,0.2941115164147994
directed_cross_project_edge_weight,6775,3,0.7060969254820219,0.29400729546638876
directed_cross_project_edge_weight,6776,3,0.7062011464304325,0.2939030745179781
directed_cross_project_edge_weight,6777,3,0.7063053673788432,0.2937988535695675
directed_cross_project_edge_weight,6778,3,0.7064095883272538,0.29369463262115686
directed_cross_project_edge_weight,6779,3,0.7065138092756644,0.29359041167274624
directed_cross_project_edge_weight,6780,3,0.706618030224075,0.29348619072433557
directed_cross_project_edge_weight,6781,3,0.7067222511724857,0.29338196977592496
directed_cross_project_edge_weight,6782,3,0.7068264721208963,0.29327774882751434
directed_cross_project_edge_weight,6783,3,0.7069306930693069,0.2931735278791037
directed_cross_project_edge_weight,6784,3,0.7070349140177176,0.29306930693069305
directed_cross_project_edge_weight,6785,3,0.7071391349661282,0.29296508598228244
directed_cross_project_edge_weight,6786,3,0.7072433559145388,0.2928608650338718
directed_cross_project_edge_weight,6787,3,0.7073475768629495,0.2927566440854612
directed_cross_project_edge_weight,6788,3,0.70745179781136,0.29265242313705053
directed_cross_project_edge_weight,6789,3,0.7075560187597707,0.2925482021886399
directed_cross_project_edge_weight,6790,3,0.7076602397081814,0.2924439812402293
directed_cross_project_edge_weight,6791,3,0.7077644606565919,0.29233976029181863
directed_cross_project_edge_weight,6792,3,0.7078686816050026,0.292235539343408
directed_cross_project_edge_weight,6793,3,0.7079729025534133,0.2921313183949974
directed_cross_project_edge_weight,6794,3,0.7080771235018238,0.2920270974465868
directed_cross_project_edge_weight,6795,3,0.7081813444502345,0.2919228764981761
directed_cross_project_edge_weight,6796,3,0.7082855653986452,0.2918186555497655
directed_cross_project_edge_weight,6797,3,0.7083897863470557,0.2917144346013549
directed_cross_project_edge_weight,6798,3,0.7084940072954664,0.29161021365294426
directed_cross_project_edge_weight,6799,3,0.708598228243877,0.2915059927045336
directed_cross_project_edge_weight,6800,3,0.7087024491922876,0.291401771756123
directed_cross_project_edge_weight,6801,3,0.7088066701406983,0.29129755080771236
directed_cross_project_edge_weight,6802,3,0.7089108910891089,0.29119332985930174
directed_cross_project_edge_weight,6803,3,0.7090151120375195,0.29108910891089107
directed_cross_project_edge_weight,6804,3,0.7091193329859302,0.29098488796248045
directed_cross_project_edge_weight,6805,3,0.7092235539343408,0.29088066701406984
directed_cross_project_edge_weight,6806,3,0.7093277748827514,0.2907764460656592
directed_cross_project_edge_weight,6807,3,0.709431995831162,0.29067222511724855
directed_cross_project_edge_weight,6808,3,0.7095362167795727,0.29056800416883793
directed_cross_project_edge_weight,6809,3,0.7096404377279834,0.2904637832204273
directed_cross_project_edge_weight,6810,3,0.7097446586763939,0.2903595622720167
directed_cross_project_edge_weight,6811,3,0.7098488796248046,0.29025534132360603
directed_cross_project_edge_weight,6812,3,0.7099531005732153,0.2901511203751954
directed_cross_project_edge_weight,6813,3,0.7100573215216258,0.2900468994267848
directed_cross_project_edge_weight,6814,3,0.7101615424700365,0.2899426784783741
directed_cross_project_edge_weight,6815,3,0.7102657634184472,0.2898384575299635
directed_cross_project_edge_weight,6816,3,0.7103699843668577,0.2897342365815529
directed_cross_project_edge_weight,6817,3,0.7104742053152684,0.2896300156331423
directed_cross_project_edge_weight,6818,3,0.710578426263679,0.2895257946847316
directed_cross_project_edge_weight,6819,3,0.7106826472120896,0.289421573736321
directed_cross_project_edge_weight,6820,3,0.7107868681605003,0.2893173527879104
directed_cross_project_edge_weight,6821,3,0.7108910891089109,0.28921313183949976
directed_cross_project_edge_weight,6822,3,0.7109953100573215,0.2891089108910891
directed_cross_project_edge_weight,6823,3,0.7110995310057322,0.28900468994267847
directed_cross_project_edge_weight,6824,3,0.7112037519541428,0.28890046899426786
directed_cross_project_edge_weight,6825,3,0.7113079729025534,0.28879624804585724
directed_cross_project_edge_weight,6826,3,0.711412193850964,0.28869202709744657
directed_cross_project_edge_weight,6827,3,0.7115164147993747,0.28858780614903595
directed_cross_project_edge_weight,6828,3,0.7116206357477853,0.28848358520062534
directed_cross_project_edge_weight,6829,3,0.7117248566961959,0.2883793642522147
directed_cross_project_edge_weight,6830,3,0.7118290776446066,0.28827514330380405
directed_cross_project_edge_weight,6831,3,0.7119332985930172,0.28817092235539343
directed_cross_project_edge_weight,6832,3,0.7120375195414278,0.2880667014069828
directed_cross_project_edge_weight,6833,3,0.7121417404898385,0.28796248045857215
directed_cross_project_edge_weight,6834,3,0.7122459614382491,0.28785825951016153
directed_cross_project_edge_weight,6835,3,0.7123501823866597,0.2877540385617509
directed_cross_project_edge_weight,6836,3,0.7124544033350704,0.2876498176133403
directed_cross_project_edge_weight,6837,3,0.7125586242834809,0.2875455966649296
directed_cross_project_edge_weight,6838,3,0.7126628452318916,0.287441375716519
directed_cross_project_edge_weight,6839,3,0.7127670661803023,0.2873371547681084
directed_cross_project_edge_weight,6840,3,0.7128712871287128,0.2872329338196978
directed_cross_project_edge_weight,6841,3,0.7129755080771235,0.2871287128712871
directed_cross_project_edge_weight,6842,3,0.7130797290255342,0.2870244919228765
directed_cross_project_edge_weight,6843,3,0.7131839499739447,0.2869202709744659
directed_cross_project_edge_weight,6844,3,0.7132881709223554,0.28681605002605526
directed_cross_project_edge_weight,6845,3,0.713392391870766,0.2867118290776446
directed_cross_project_edge_weight,6846,3,0.7134966128191766,0.28660760812923397
directed_cross_project_edge_weight,6847,3,0.7136008337675873,0.28650338718082335
directed_cross_project_edge_weight,6848,3,0.7137050547159979,0.28639916623241274
directed_cross_project_edge_weight,6849,3,0.7138092756644085,0.28629494528400207
directed_cross_project_edge_weight,6850,3,0.7139134966128192,0.28619072433559145
directed_cross_project_edge_weight,6851,3,0.7140177175612298,0.28608650338718083
directed_cross_project_edge_weight,6852,3,0.7141219385096405,0.2859822824387702
directed_cross_project_edge_weight,6853,3,0.714226159458051,0.28587806149035955
directed_cross_project_edge_weight,6854,3,0.7143303804064617,0.28577384054194893
directed_cross_project_edge_weight,6855,3,0.7144346013548724,0.2856696195935383
directed_cross_project_edge_weight,6856,3,0.7145388223032829,0.28556539864512764
directed_cross_project_edge_weight,6857,3,0.7146430432516936,0.28546117769671703
directed_cross_project_edge_weight,6858,3,0.7147472642001043,0.2853569567483064
directed_cross_project_edge_weight,6859,3,0.7148514851485148,0.2852527357998958
directed_cross_project_edge_weight,6860,3,0.7149557060969255,0.2851485148514851
directed_cross_project_edge_weight,6861,3,0.7150599270453362,0.2850442939030745
directed_cross_project_edge_weight,6862,3,0.7151641479937467,0.2849400729546639
directed_cross_project_edge_weight,6863,4,0.7152683689421574,0.2848358520062533
directed_cross_project_edge_weight,6864,4,0.715372589890568,0.2847316310578426
directed_cross_project_edge_weight,6865,4,0.7154768108389786,0.284627410109432
directed_cross_project_edge_weight,6866,4,0.7155810317873893,0.2845231891610214
directed_cross_project_edge_weight,6867,4,0.7156852527357999,0.28441896821261076
directed_cross_project_edge_weight,6868,4,0.7157894736842105,0.2843147472642001
directed_cross_project_edge_weight,6869,4,0.7158936946326212,0.28421052631578947
directed_cross_project_edge_weight,6870,4,0.7159979155810318,0.28410630536737885
directed_cross_project_edge_weight,6871,4,0.7161021365294424,0.28400208441896824
directed_cross_project_edge_weight,6872,4,0.716206357477853,0.28389786347055757
directed_cross_project_edge_weight,6873,4,0.7163105784262637,0.28379364252214695
directed_cross_project_edge_weight,6874,4,0.7164147993746743,0.28368942157373633
directed_cross_project_edge_weight,6875,4,0.7165190203230849,0.2835852006253257
directed_cross_project_edge_weight,6876,4,0.7166232412714956,0.28348097967691505
directed_cross_project_edge_weight,6877,4,0.7167274622199062,0.28337675872850443
directed_cross_project_edge_weight,6878,4,0.7168316831683168,0.2832725377800938
directed_cross_project_edge_weight,6879,4,0.7169359041167275,0.28316831683168314
directed_cross_project_edge_weight,6880,4,0.7170401250651381,0.2830640958832725
directed_cross_project_edge_weight,6881,4,0.7171443460135487,0.2829598749348619
directed_cross_project_edge_weight,6882,4,0.7172485669619594,0.2828556539864513
directed_cross_project_edge_weight,6883,4,0.7173527879103699,0.2827514330380406
directed_cross_project_edge_weight,6884,4,0.7174570088587806,0.28264721208963
directed_cross_project_edge_weight,6885,4,0.7175612298071913,0.2825429911412194
directed_cross_project_edge_weight,6886,4,0.7176654507556018,0.2824387701928088
directed_cross_project_edge_weight,6887,4,0.7177696717040125,0.2823345492443981
directed_cross_project_edge_weight,6888,4,0.7178738926524232,0.2822303282959875
directed_cross_project_edge_weight,6889,4,0.7179781136008337,0.28212610734757687
directed_cross_project_edge_weight,6890,4,0.7180823345492444,0.28202188639916626
directed_cross_project_edge_weight,6891,4,0.718186555497655,0.2819176654507556
directed_cross_project_edge_weight,6892,4,0.7182907764460656,0.28181344450234497
directed_cross_project_edge_weight,6893,4,0.7183949973944763,0.28170922355393435
directed_cross_project_edge_weight,6894,4,0.7184992183428869,0.28160500260552374
directed_cross_project_edge_weight,6895,4,0.7186034392912976,0.28150078165711306
directed_cross_project_edge_weight,6896,4,0.7187076602397082,0.28139656070870245
directed_cross_project_edge_weight,6897,4,0.7188118811881188,0.28129233976029183
directed_cross_project_edge_weight,6898,4,0.7189161021365295,0.2811881188118812
directed_cross_project_edge_weight,6899,4,0.7190203230849401,0.28108389786347054
directed_cross_project_edge_weight,6900,4,0.7191245440333507,0.28097967691505993
directed_cross_project_edge_weight,6901,4,0.7192287649817614,0.2808754559666493
directed_cross_project_edge_weight,6902,4,0.7193329859301719,0.28077123501823864
directed_cross_project_edge_weight,6903,4,0.7194372068785826,0.280667014069828
directed_cross_project_edge_weight,6904,4,0.7195414278269933,0.2805627931214174
directed_cross_project_edge_weight,6905,4,0.7196456487754038,0.2804585721730068
directed_cross_project_edge_weight,6906,4,0.7197498697238145,0.2803543512245961
directed_cross_project_edge_weight,6907,4,0.7198540906722252,0.2802501302761855
directed_cross_project_edge_weight,6908,4,0.7199583116206357,0.2801459093277749
directed_cross_project_edge_weight,6909,4,0.7200625325690464,0.2800416883793643
directed_cross_project_edge_weight,6910,4,0.720166753517457,0.2799374674309536
directed_cross_project_edge_weight,6911,4,0.7202709744658676,0.279833246482543
directed_cross_project_edge_weight,6912,4,0.7203751954142783,0.27972902553413237
directed_cross_project_edge_weight,6913,4,0.7204794163626889,0.27962480458572175
directed_cross_project_edge_weight,6914,4,0.7205836373110995,0.2795205836373111
directed_cross_project_edge_weight,6915,4,0.7206878582595102,0.27941636268890047
directed_cross_project_edge_weight,6916,4,0.7207920792079208,0.27931214174048985
directed_cross_project_edge_weight,6917,4,0.7208963001563314,0.27920792079207923
directed_cross_project_edge_weight,6918,4,0.721000521104742,0.27910369984366856
directed_cross_project_edge_weight,6919,4,0.7211047420531527,0.27899947889525795
directed_cross_project_edge_weight,6920,4,0.7212089630015633,0.27889525794684733
directed_cross_project_edge_weight,6921,4,0.7213131839499739,0.27879103699843666
directed_cross_project_edge_weight,6922,4,0.7214174048983846,0.27868681605002604
directed_cross_project_edge_weight,6923,4,0.7215216258467952,0.2785825951016154
directed_cross_project_edge_weight,6924,4,0.7216258467952058,0.2784783741532048
directed_cross_project_edge_weight,6925,4,0.7217300677436165,0.27837415320479414
directed_cross_project_edge_weight,6926,4,0.7218342886920271,0.2782699322563835
directed_cross_project_edge_weight,6927,4,0.7219385096404377,0.2781657113079729
directed_cross_project_edge_weight,6928,4,0.7220427305888484,0.2780614903595623
directed_cross_project_edge_weight,6929,4,0.7221469515372589,0.2779572694111516
directed_cross_project_edge_weight,6930,4,0.7222511724856696,0.277853048462741
directed_cross_project_edge_weight,6931,4,0.7223553934340803,0.2777488275143304
directed_cross_project_edge_weight,6932,4,0.7224596143824908,0.27764460656591977
directed_cross_project_edge_weight,6933,4,0.7225638353309015,0.2775403856175091
directed_cross_project_edge_weight,6934,4,0.7226680562793122,0.2774361646690985
directed_cross_project_edge_weight,6935,4,0.7227722772277227,0.27733194372068787
directed_cross_project_edge_weight,6936,4,0.7228764981761334,0.27722772277227725
directed_cross_project_edge_weight,6937,4,0.722980719124544,0.2771235018238666
directed_cross_project_edge_weight,6938,4,0.7230849400729547,0.27701928087545596
directed_cross_project_edge_weight,6939,4,0.7231891610213653,0.27691505992704535
directed_cross_project_edge_weight,6940,4,0.7232933819697759,0.27681083897863473
directed_cross_project_edge_weight,6941,4,0.7233976029181866,0.27670661803022406
directed_cross_project_edge_weight,6942,4,0.7235018238665972,0.27660239708181344
directed_cross_project_edge_weight,6943,4,0.7236060448150078,0.27649817613340283
directed_cross_project_edge_weight,6944,4,0.7237102657634185,0.27639395518499216
directed_cross_project_edge_weight,6945,4,0.7238144867118291,0.27628973423658154
directed_cross_project_edge_weight,6946,4,0.7239187076602397,0.2761855132881709
directed_cross_project_edge_weight,6947,4,0.7240229286086504,0.2760812923397603
directed_cross_project_edge_weight,6948,4,0.7241271495570609,0.27597707139134964
directed_cross_project_edge_weight,6949,4,0.7242313705054716,0.275872850442939
directed_cross_project_edge_weight,6950,4,0.7243355914538823,0.2757686294945284
directed_cross_project_edge_weight,6951,4,0.7244398124022928,0.2756644085461178
directed_cross_project_edge_weight,6952,4,0.7245440333507035,0.2755601875977071
directed_cross_project_edge_weight,6953,4,0.7246482542991142,0.2754559666492965
directed_cross_project_edge_weight,6954,4,0.7247524752475247,0.2753517457008859
directed_cross_project_edge_weight,6955,4,0.7248566961959354,0.27524752475247527
directed_cross_project_edge_weight,6956,4,0.724960917144346,0.2751433038040646
directed_cross_project_edge_weight,6957,4,0.7250651380927566,0.275039082855654
directed_cross_project_edge_weight,6958,4,0.7251693590411673,0.27493486190724337
directed_cross_project_edge_weight,6959,4,0.7252735799895779,0.27483064095883275
directed_cross_project_edge_weight,6960,4,0.7253778009379885,0.2747264200104221
directed_cross_project_edge_weight,6961,4,0.7254820218863992,0.27462219906201146
directed_cross_project_edge_weight,6962,4,0.7255862428348098,0.27451797811360085
directed_cross_project_edge_weight,6963,4,0.7256904637832204,0.27441375716519023
directed_cross_project_edge_weight,6964,4,0.7257946847316311,0.27430953621677956
directed_cross_project_edge_weight,6965,4,0.7258989056800417,0.27420531526836894
directed_cross_project_edge_weight,6966,4,0.7260031266284523,0.2741010943199583
directed_cross_project_edge_weight,6967,4,0.7261073475768629,0.27399687337154766
directed_cross_project_edge_weight,6968,4,0.7262115685252736,0.27389265242313704
directed_cross_project_edge_weight,6969,4,0.7263157894736842,0.2737884314747264
directed_cross_project_edge_weight,6970,4,0.7264200104220948,0.2736842105263158
directed_cross_project_edge_weight,6971,4,0.7265242313705055,0.27357998957790514
directed_cross_project_edge_weight,6972,4,0.7266284523189162,0.2734757686294945
directed_cross_project_edge_weight,6973,4,0.7267326732673267,0.2733715476810839
directed_cross_project_edge_weight,6974,4,0.7268368942157374,0.2732673267326733
directed_cross_project_edge_weight,6975,4,0.7269411151641479,0.2731631057842626
directed_cross_project_edge_weight,6976,4,0.7270453361125586,0.273058884835852
directed_cross_project_edge_weight,6977,4,0.7271495570609693,0.2729546638874414
directed_cross_project_edge_weight,6978,4,0.7272537780093798,0.27285044293903077
directed_cross_project_edge_weight,6979,4,0.7273579989577905,0.2727462219906201
directed_cross_project_edge_weight,6980,4,0.7274622199062012,0.2726420010422095
directed_cross_project_edge_weight,6981,4,0.7275664408546118,0.27253778009379886
directed_cross_project_edge_weight,6982,4,0.7276706618030224,0.27243355914538825
directed_cross_project_edge_weight,6983,4,0.727774882751433,0.2723293381969776
directed_cross_project_edge_weight,6984,4,0.7278791036998437,0.27222511724856696
directed_cross_project_edge_weight,6985,4,0.7279833246482543,0.27212089630015635
directed_cross_project_edge_weight,6986,4,0.7280875455966649,0.2720166753517457
directed_cross_project_edge_weight,6987,4,0.7281917665450756,0.27191245440333506
directed_cross_project_edge_weight,6988,4,0.7282959874934862,0.27180823345492444
directed_cross_project_edge_weight,6989,4,0.7284002084418968,0.2717040125065138
directed_cross_project_edge_weight,6990,4,0.7285044293903075,0.27159979155810315
directed_cross_project_edge_weight,6991,4,0.7286086503387181,0.27149557060969254
directed_cross_project_edge_weight,6992,4,0.7287128712871287,0.2713913496612819
directed_cross_project_edge_weight,6993,4,0.7288170922355394,0.2712871287128713
directed_cross_project_edge_weight,6994,4,0.7289213131839499,0.27118290776446063
directed_cross_project_edge_weight,6995,4,0.7290255341323606,0.27107868681605
directed_cross_project_edge_weight,6996,4,0.7291297550807713,0.2709744658676394
directed_cross_project_edge_weight,6997,4,0.7292339760291818,0.2708702449192288
directed_cross_project_edge_weight,6998,4,0.7293381969775925,0.2707660239708181
directed_cross_project_edge_weight,6999,4,0.7294424179260032,0.2706618030224075
directed_cross_project_edge_weight,7000,4,0.7295466388744137,0.2705575820739969
directed_cross_project_edge_weight,7001,4,0.7296508598228244,0.27045336112558627
directed_cross_project_edge_weight,7002,4,0.729755080771235,0.2703491401771756
directed_cross_project_edge_weight,7003,4,0.7298593017196456,0.270244919228765
directed_cross_project_edge_weight,7004,4,0.7299635226680563,0.27014069828035436
directed_cross_project_edge_weight,7005,4,0.7300677436164669,0.27003647733194375
directed_cross_project_edge_weight,7006,4,0.7301719645648775,0.2699322563835331
directed_cross_project_edge_weight,7007,4,0.7302761855132882,0.26982803543512246
directed_cross_project_edge_weight,7008,4,0.7303804064616988,0.26972381448671184
directed_cross_project_edge_weight,7009,4,0.7304846274101094,0.26961959353830117
directed_cross_project_edge_weight,7010,4,0.7305888483585201,0.26951537258989056
directed_cross_project_edge_weight,7011,4,0.7306930693069307,0.26941115164147994
directed_cross_project_edge_weight,7012,4,0.7307972902553413,0.2693069306930693
directed_cross_project_edge_weight,7013,4,0.7309015112037519,0.26920270974465865
directed_cross_project_edge_weight,7014,4,0.7310057321521626,0.26909848879624804
directed_cross_project_edge_weight,7015,4,0.7311099531005733,0.2689942678478374
directed_cross_project_edge_weight,7016,4,0.7312141740489838,0.2688900468994268
directed_cross_project_edge_weight,7017,4,0.7313183949973945,0.26878582595101613
directed_cross_project_edge_weight,7018,4,0.7314226159458052,0.2686816050026055
directed_cross_project_edge_weight,7019,4,0.7315268368942157,0.2685773840541949
directed_cross_project_edge_weight,7020,4,0.7316310578426264,0.2684731631057843
directed_cross_project_edge_weight,7021,4,0.731735278791037,0.2683689421573736
directed_cross_project_edge_weight,7022,4,0.7318394997394476,0.268264721208963
directed_cross_project_edge_weight,7023,4,0.7319437206878583,0.2681605002605524
directed_cross_project_edge_weight,7024,4,0.7320479416362689,0.26805627931214177
directed_cross_project_edge_weight,7025,4,0.7321521625846795,0.2679520583637311
directed_cross_project_edge_weight,7026,4,0.7322563835330902,0.2678478374153205
directed_cross_project_edge_weight,7027,4,0.7323606044815008,0.26774361646690986
directed_cross_project_edge_weight,7028,4,0.7324648254299114,0.26763939551849925
directed_cross_project_edge_weight,7029,4,0.7325690463783221,0.2675351745700886
directed_cross_project_edge_weight,7030,4,0.7326732673267327,0.26743095362167796
directed_cross_project_edge_weight,7031,4,0.7327774882751433,0.26732673267326734
directed_cross_project_edge_weight,7032,4,0.7328817092235539,0.26722251172485667
directed_cross_project_edge_weight,7033,4,0.7329859301719646,0.26711829077644605
directed_cross_project_edge_weight,7034,4,0.7330901511203752,0.26701406982803544
directed_cross_project_edge_weight,7035,4,0.7331943720687858,0.2669098488796248
directed_cross_project_edge_weight,7036,4,0.7332985930171965,0.26680562793121415
directed_cross_project_edge_weight,7037,4,0.7334028139656071,0.26670140698280353
directed_cross_project_edge_weight,7038,4,0.7335070349140177,0.2665971860343929
directed_cross_project_edge_weight,7039,4,0.7336112558624284,0.2664929650859823
directed_cross_project_edge_weight,7040,4,0.7337154768108389,0.26638874413757163
directed_cross_project_edge_weight,7041,4,0.7338196977592496,0.266284523189161
directed_cross_project_edge_weight,7042,4,0.7339239187076603,0.2661803022407504
directed_cross_project_edge_weight,7043,4,0.7340281396560708,0.2660760812923398
directed_cross_project_edge_weight,7044,4,0.7341323606044815,0.2659718603439291
directed_cross_project_edge_weight,7045,4,0.7342365815528922,0.2658676393955185
directed_cross_project_edge_weight,7046,4,0.7343408025013027,0.2657634184471079
directed_cross_project_edge_weight,7047,4,0.7344450234497134,0.26565919749869726
directed_cross_project_edge_weight,7048,4,0.734549244398124,0.2655549765502866
directed_cross_project_edge_weight,7049,4,0.7346534653465346,0.265450755601876
directed_cross_project_edge_weight,7050,4,0.7347576862949453,0.26534653465346536
directed_cross_project_edge_weight,7051,4,0.7348619072433559,0.2652423137050547
directed_cross_project_edge_weight,7052,4,0.7349661281917665,0.2651380927566441
directed_cross_project_edge_weight,7053,4,0.7350703491401772,0.26503387180823346
directed_cross_project_edge_weight,7054,4,0.7351745700885878,0.26492965085982284
directed_cross_project_edge_weight,7055,4,0.7352787910369984,0.26482542991141217
directed_cross_project_edge_weight,7056,4,0.7353830119854091,0.26472120896300155
directed_cross_project_edge_weight,7057,4,0.7354872329338197,0.26461698801459094
directed_cross_project_edge_weight,7058,4,0.7355914538822304,0.2645127670661803
directed_cross_project_edge_weight,7059,4,0.7356956748306409,0.26440854611776965
directed_cross_project_edge_weight,7060,4,0.7357998957790516,0.26430432516935903
directed_cross_project_edge_weight,7061,4,0.7359041167274623,0.2642001042209484
directed_cross_project_edge_weight,7062,4,0.7360083376758728,0.2640958832725378
directed_cross_project_edge_weight,7063,4,0.7361125586242835,0.26399166232412713
directed_cross_project_edge_weight,7064,4,0.7362167795726942,0.2638874413757165
directed_cross_project_edge_weight,7065,4,0.7363210005211047,0.2637832204273059
directed_cross_project_edge_weight,7066,4,0.7364252214695154,0.2636789994788953
directed_cross_project_edge_weight,7067,4,0.736529442417926,0.2635747785304846
directed_cross_project_edge_weight,7068,4,0.7366336633663366,0.263470557582074
directed_cross_project_edge_weight,7069,4,0.7367378843147473,0.2633663366336634
directed_cross_project_edge_weight,7070,4,0.7368421052631579,0.26326211568525276
directed_cross_project_edge_weight,7071,4,0.7369463262115685,0.2631578947368421
directed_cross_project_edge_weight,7072,4,0.7370505471599792,0.2630536737884315
directed_cross_project_edge_weight,7073,4,0.7371547681083898,0.26294945284002086
directed_cross_project_edge_weight,7074,4,0.7372589890568004,0.2628452318916102
directed_cross_project_edge_weight,7075,4,0.7373632100052111,0.26274101094319957
directed_cross_project_edge_weight,7076,4,0.7374674309536217,0.26263678999478896
directed_cross_project_edge_weight,7077,4,0.7375716519020323,0.26253256904637834
directed_cross_project_edge_weight,7078,4,0.7376758728504429,0.26242834809796767
directed_cross_project_edge_weight,7079,4,0.7377800937988536,0.26232412714955705
directed_cross_project_edge_weight,7080,4,0.7378843147472642,0.26221990620114644
directed_cross_project_edge_weight,7081,4,0.7379885356956748,0.2621156852527358
directed_cross_project_edge_weight,7082,4,0.7380927566440855,0.26201146430432515
directed_cross_project_edge_weight,7083,4,0.7381969775924961,0.26190724335591453
directed_cross_project_edge_weight,7084,4,0.7383011985409067,0.2618030224075039
directed_cross_project_edge_weight,7085,4,0.7384054194893174,0.2616988014590933
directed_cross_project_edge_weight,7086,4,0.7385096404377279,0.26159458051068263
directed_cross_project_edge_weight,7087,4,0.7386138613861386,0.261490359562272
directed_cross_project_edge_weight,7088,4,0.7387180823345493,0.2613861386138614
directed_cross_project_edge_weight,7089,4,0.7388223032829598,0.2612819176654508
directed_cross_project_edge_weight,7090,4,0.7389265242313705,0.2611776967170401
directed_cross_project_edge_weight,7091,4,0.7390307451797812,0.2610734757686295
directed_cross_project_edge_weight,7092,4,0.7391349661281917,0.2609692548202189
directed_cross_project_edge_weight,7093,4,0.7392391870766024,0.26086503387180826
directed_cross_project_edge_weight,7094,4,0.7393434080250131,0.2607608129233976
directed_cross_project_edge_weight,7095,4,0.7394476289734236,0.260656591974987
directed_cross_project_edge_weight,7096,4,0.7395518499218343,0.26055237102657636
directed_cross_project_edge_weight,7097,4,0.7396560708702449,0.2604481500781657
directed_cross_project_edge_weight,7098,4,0.7397602918186555,0.26034392912975507
directed_cross_project_edge_weight,7099,4,0.7398645127670662,0.26023970818134445
directed_cross_project_edge_weight,7100,4,0.7399687337154768,0.26013548723293384
directed_cross_project_edge_weight,7101,4,0.7400729546638875,0.26003126628452317
directed_cross_project_edge_weight,7102,4,0.7401771756122981,0.25992704533611255
directed_cross_project_edge_weight,7103,4,0.7402813965607087,0.25982282438770193
directed_cross_project_edge_weight,7104,4,0.7403856175091194,0.2597186034392913
directed_cross_project_edge_weight,7105,4,0.7404898384575299,0.25961438249088065
directed_cross_project_edge_weight,7106,4,0.7405940594059406,0.25951016154247003
directed_cross_project_edge_weight,7107,4,0.7406982803543513,0.2594059405940594
directed_cross_project_edge_weight,7108,4,0.7408025013027618,0.2593017196456488
directed_cross_project_edge_weight,7109,4,0.7409067222511725,0.2591974986972381
directed_cross_project_edge_weight,7110,4,0.7410109431995832,0.2590932777488275
directed_cross_project_edge_weight,7111,4,0.7411151641479937,0.2589890568004169
directed_cross_project_edge_weight,7112,4,0.7412193850964044,0.2588848358520063
directed_cross_project_edge_weight,7113,4,0.741323606044815,0.2587806149035956
directed_cross_project_edge_weight,7114,4,0.7414278269932256,0.258676393955185
directed_cross_project_edge_weight,7115,4,0.7415320479416363,0.2585721730067744
directed_cross_project_edge_weight,7116,4,0.7416362688900469,0.2584679520583637
directed_cross_project_edge_weight,7117,4,0.7417404898384575,0.2583637311099531
directed_cross_project_edge_weight,7118,4,0.7418447107868682,0.25825951016154247
directed_cross_project_edge_weight,7119,4,0.7419489317352788,0.25815528921313186
directed_cross_project_edge_weight,7120,4,0.7420531526836894,0.2580510682647212
directed_cross_project_edge_weight,7121,4,0.7421573736321001,0.25794684731631057
directed_cross_project_edge_weight,7122,4,0.7422615945805107,0.25784262636789995
directed_cross_project_edge_weight,7123,4,0.7423658155289213,0.25773840541948934
directed_cross_project_edge_weight,7124,4,0.7424700364773319,0.25763418447107866
directed_cross_project_edge_weight,7125,4,0.7425742574257426,0.25752996352266805
directed_cross_project_edge_weight,7126,4,0.7426784783741532,0.25742574257425743
directed_cross_project_edge_weight,7127,4,0.7427826993225638,0.2573215216258468
directed_cross_project_edge_weight,7128,4,0.7428869202709745,0.25721730067743614
directed_cross_project_edge_weight,7129,4,0.7429911412193851,0.25711307972902553
directed_cross_project_edge_weight,7130,4,0.7430953621677957,0.2570088587806149
directed_cross_project_edge_weight,7131,4,0.7431995831162064,0.2569046378322043
directed_cross_project_edge_weight,7132,4,0.7433038040646169,0.2568004168837936
directed_cross_project_edge_weight,7133,4,0.7434080250130276,0.256696195935383
directed_cross_project_edge_weight,7134,4,0.7435122459614383,0.2565919749869724
directed_cross_project_edge_weight,7135,4,0.7436164669098488,0.2564877540385618
directed_cross_project_edge_weight,7136,4,0.7437206878582595,0.2563835330901511
directed_cross_project_edge_weight,7137,4,0.7438249088066702,0.2562793121417405
directed_cross_project_edge_weight,7138,4,0.7439291297550807,0.2561750911933299
directed_cross_project_edge_weight,7139,4,0.7440333507034914,0.2560708702449192
directed_cross_project_edge_weight,7140,4,0.7441375716519021,0.2559666492965086
directed_cross_project_edge_weight,7141,4,0.7442417926003126,0.25586242834809797
directed_cross_project_edge_weight,7142,4,0.7443460135487233,0.25575820739968735
directed_cross_project_edge_weight,7143,4,0.7444502344971339,0.2556539864512767
directed_cross_project_edge_weight,7144,4,0.7445544554455445,0.25554976550286607
directed_cross_project_edge_weight,7145,4,0.7446586763939552,0.25544554455445545
directed_cross_project_edge_weight,7146,4,0.7447628973423658,0.25534132360604483
directed_cross_project_edge_weight,7147,4,0.7448671182907765,0.25523710265763416
directed_cross_project_edge_weight,7148,4,0.7449713392391871,0.25513288170922355
directed_cross_project_edge_weight,7149,4,0.7450755601875977,0.25502866076081293
directed_cross_project_edge_weight,7150,4,0.7451797811360084,0.2549244398124023
directed_cross_project_edge_weight,7151,4,0.7452840020844189,0.25482021886399164
directed_cross_project_edge_weight,7152,4,0.7453882230328296,0.254715997915581
directed_cross_project_edge_weight,7153,4,0.7454924439812403,0.2546117769671704
directed_cross_project_edge_weight,7154,4,0.7455966649296508,0.2545075560187598
directed_cross_project_edge_weight,7155,4,0.7457008858780615,0.2544033350703491
directed_cross_project_edge_weight,7156,4,0.7458051068264722,0.2542991141219385
directed_cross_project_edge_weight,7157,4,0.7459093277748827,0.2541948931735279
directed_cross_project_edge_weight,7158,4,0.7460135487232934,0.2540906722251173
directed_cross_project_edge_weight,7159,4,0.7461177696717041,0.2539864512767066
directed_cross_project_edge_weight,7160,4,0.7462219906201146,0.253882230328296
directed_cross_project_edge_weight,7161,4,0.7463262115685253,0.25377800937988537
directed_cross_project_edge_weight,7162,4,0.7464304325169359,0.2536737884314747
directed_cross_project_edge_weight,7163,4,0.7465346534653465,0.2535695674830641
directed_cross_project_edge_weight,7164,4,0.7466388744137572,0.25346534653465347
directed_cross_project_edge_weight,7165,4,0.7467430953621678,0.25336112558624285
directed_cross_project_edge_weight,7166,4,0.7468473163105784,0.2532569046378322
directed_cross_project_edge_weight,7167,4,0.7469515372589891,0.25315268368942156
directed_cross_project_edge_weight,7168,4,0.7470557582073997,0.25304846274101095
directed_cross_project_edge_weight,7169,4,0.7471599791558103,0.25294424179260033
directed_cross_project_edge_weight,7170,4,0.7472642001042209,0.25284002084418966
directed_cross_project_edge_weight,7171,4,0.7473684210526316,0.25273579989577905
directed_cross_project_edge_weight,7172,4,0.7474726420010422,0.25263157894736843
directed_cross_project_edge_weight,7173,4,0.7475768629494528,0.2525273579989578
directed_cross_project_edge_weight,7174,4,0.7476810838978635,0.25242313705054714
directed_cross_project_edge_weight,7175,4,0.7477853048462741,0.2523189161021365
directed_cross_project_edge_weight,7176,4,0.7478895257946847,0.2522146951537259
directed_cross_project_edge_weight,7177,4,0.7479937467430954,0.2521104742053153
directed_cross_project_edge_weight,7178,4,0.7480979676915059,0.2520062532569046
directed_cross_project_edge_weight,7179,4,0.7482021886399166,0.251902032308494
directed_cross_project_edge_weight,7180,4,0.7483064095883273,0.2517978113600834
directed_cross_project_edge_weight,7181,4,0.7484106305367378,0.2516935904116727
directed_cross_project_edge_weight,7182,4,0.7485148514851485,0.2515893694632621
directed_cross_project_edge_weight,7183,4,0.7486190724335592,0.2514851485148515
directed_cross_project_edge_weight,7184,4,0.7487232933819697,0.25138092756644087
directed_cross_project_edge_weight,7185,4,0.7488275143303804,0.2512767066180302
directed_cross_project_edge_weight,7186,4,0.7489317352787911,0.2511724856696196
directed_cross_project_edge_weight,7187,4,0.7490359562272016,0.25106826472120897
directed_cross_project_edge_weight,7188,4,0.7491401771756123,0.25096404377279835
directed_cross_project_edge_weight,7189,4,0.7492443981240229,0.2508598228243877
directed_cross_project_edge_weight,7190,4,0.7493486190724336,0.25075560187597706
directed_cross_project_edge_weight,7191,4,0.7494528400208442,0.25065138092756645
directed_cross_project_edge_weight,7192,4,0.7495570609692548,0.25054715997915583
directed_cross_project_edge_weight,7193,4,0.7496612819176655,0.25044293903074516
directed_cross_project_edge_weight,7194,4,0.7497655028660761,0.25033871808233454
directed_cross_project_edge_weight,7195,4,0.7498697238144867,0.2502344971339239
directed_cross_project_edge_weight,7196,4,0.7499739447628974,0.2501302761855133
directed_cross_project_edge_weight,7197,4,0.7500781657113079,0.25002605523710264
directed_cross_project_edge_weight,7198,4,0.7501823866597186,0.24992183428869202
directed_cross_project_edge_weight,7199,4,0.7502866076081293,0.2498176133402814
directed_cross_project_edge_weight,7200,4,0.7503908285565398,0.24971339239187076
directed_cross_project_edge_weight,7201,4,0.7504950495049505,0.24960917144346015
directed_cross_project_edge_weight,7202,4,0.7505992704533612,0.2495049504950495
directed_cross_project_edge_weight,7203,4,0.7507034914017717,0.24940072954663886
directed_cross_project_edge_weight,7204,4,0.7508077123501824,0.24929650859822824
directed_cross_project_edge_weight,7205,4,0.7509119332985931,0.2491922876498176
directed_cross_project_edge_weight,7206,4,0.7510161542470036,0.24908806670140698
directed_cross_project_edge_weight,7207,4,0.7511203751954143,0.24898384575299634
directed_cross_project_edge_weight,7208,4,0.7512245961438249,0.24887962480458573
directed_cross_project_edge_weight,7209,4,0.7513288170922355,0.24877540385617508
directed_cross_project_edge_weight,7210,4,0.7514330380406462,0.24867118290776447
directed_cross_project_edge_weight,7211,4,0.7515372589890568,0.24856696195935382
directed_cross_project_edge_weight,7212,4,0.7516414799374674,0.2484627410109432
directed_cross_project_edge_weight,7213,4,0.7517457008858781,0.24835852006253256
directed_cross_project_edge_weight,7214,4,0.7518499218342887,0.24825429911412195
directed_cross_project_edge_weight,7215,4,0.7519541427826993,0.2481500781657113
directed_cross_project_edge_weight,7216,4,0.7520583637311099,0.24804585721730069
directed_cross_project_edge_weight,7217,4,0.7521625846795206,0.24794163626889004
directed_cross_project_edge_weight,7218,4,0.7522668056279312,0.24783741532047943
directed_cross_project_edge_weight,7219,4,0.7523710265763418,0.24773319437206878
directed_cross_project_edge_weight,7220,4,0.7524752475247525,0.24762897342365817
directed_cross_project_edge_weight,7221,4,0.7525794684731631,0.24752475247524752
directed_cross_project_edge_weight,7222,4,0.7526836894215737,0.2474205315268369
directed_cross_project_edge_weight,7223,4,0.7527879103699844,0.24731631057842626
directed_cross_project_edge_weight,7224,4,0.752892131318395,0.24721208963001565
directed_cross_project_edge_weight,7225,4,0.7529963522668056,0.247107868681605
directed_cross_project_edge_weight,7226,4,0.7531005732152163,0.24700364773319436
directed_cross_project_edge_weight,7227,4,0.7532047941636268,0.24689942678478374
directed_cross_project_edge_weight,7228,4,0.7533090151120375,0.2467952058363731
directed_cross_project_edge_weight,7229,4,0.7534132360604482,0.24669098488796248
directed_cross_project_edge_weight,7230,4,0.7535174570088587,0.24658676393955184
directed_cross_project_edge_weight,7231,4,0.7536216779572694,0.24648254299114122
directed_cross_project_edge_weight,7232,4,0.7537258989056801,0.24637832204273058
directed_cross_project_edge_weight,7233,4,0.7538301198540907,0.24627410109431996
directed_cross_project_edge_weight,7234,4,0.7539343408025013,0.24616988014590932
directed_cross_project_edge_weight,7235,4,0.7540385617509119,0.2460656591974987
directed_cross_project_edge_weight,7236,4,0.7541427826993226,0.24596143824908806
directed_cross_project_edge_weight,7237,4,0.7542470036477332,0.24585721730067744
directed_cross_project_edge_weight,7238,4,0.7543512245961438,0.2457529963522668
directed_cross_project_edge_weight,7239,4,0.7544554455445545,0.24564877540385618
directed_cross_project_edge_weight,7240,4,0.7545596664929651,0.24554455445544554
directed_cross_project_edge_weight,7241,4,0.7546638874413757,0.24544033350703492
directed_cross_project_edge_weight,7242,4,0.7547681083897864,0.24533611255862428
directed_cross_project_edge_weight,7243,4,0.7548723293381969,0.24523189161021366
directed_cross_project_edge_weight,7244,4,0.7549765502866076,0.24512767066180302
directed_cross_project_edge_weight,7245,4,0.7550807712350183,0.2450234497133924
directed_cross_project_edge_weight,7246,4,0.7551849921834288,0.24491922876498176
directed_cross_project_edge_weight,7247,4,0.7552892131318395,0.24481500781657112
directed_cross_project_edge_weight,7248,4,0.7553934340802502,0.2447107868681605
directed_cross_project_edge_weight,7249,4,0.7554976550286607,0.24460656591974986
directed_cross_project_edge_weight,7250,4,0.7556018759770714,0.24450234497133924
directed_cross_project_edge_weight,7251,4,0.7557060969254821,0.2443981240229286
directed_cross_project_edge_weight,7252,4,0.7558103178738926,0.24429390307451798
directed_cross_project_edge_weight,7253,4,0.7559145388223033,0.24418968212610734
directed_cross_project_edge_weight,7254,4,0.7560187597707139,0.24408546117769672
directed_cross_project_edge_weight,7255,4,0.7561229807191245,0.24398124022928608
directed_cross_project_edge_weight,7256,4,0.7562272016675352,0.24387701928087546
directed_cross_project_edge_weight,7257,4,0.7563314226159458,0.24377279833246482
directed_cross_project_edge_weight,7258,4,0.7564356435643564,0.2436685773840542
directed_cross_project_edge_weight,7259,4,0.7565398645127671,0.24356435643564356
directed_cross_project_edge_weight,7260,4,0.7566440854611777,0.24346013548723294
directed_cross_project_edge_weight,7261,4,0.7567483064095883,0.2433559145388223
directed_cross_project_edge_weight,7262,4,0.7568525273579989,0.24325169359041168
directed_cross_project_edge_weight,7263,4,0.7569567483064096,0.24314747264200104
directed_cross_project_edge_weight,7264,4,0.7570609692548202,0.24304325169359042
directed_cross_project_edge_weight,7265,4,0.7571651902032308,0.24293903074517978
directed_cross_project_edge_weight,7266,5,0.7572694111516415,0.24283480979676916
directed_cross_project_edge_weight,7267,5,0.7573736321000522,0.24273058884835852
directed_cross_project_edge_weight,7268,5,0.7574778530484627,0.24262636789994788
directed_cross_project_edge_weight,7269,5,0.7575820739968734,0.24252214695153726
directed_cross_project_edge_weight,7270,5,0.7576862949452841,0.24241792600312662
directed_cross_project_edge_weight,7271,5,0.7577905158936946,0.242313705054716
directed_cross_project_edge_weight,7272,5,0.7578947368421053,0.24220948410630536
directed_cross_project_edge_weight,7273,5,0.7579989577905158,0.24210526315789474
directed_cross_project_edge_weight,7274,5,0.7581031787389265,0.2420010422094841
directed_cross_project_edge_weight,7275,5,0.7582073996873372,0.24189682126107348
directed_cross_project_edge_weight,7276,5,0.7583116206357478,0.24179260031266284
directed_cross_project_edge_weight,7277,5,0.7584158415841584,0.24168837936425222
directed_cross_project_edge_weight,7278,5,0.7585200625325691,0.24158415841584158
directed_cross_project_edge_weight,7279,5,0.7586242834809797,0.24147993746743096
directed_cross_project_edge_weight,7280,5,0.7587285044293903,0.24137571651902032
directed_cross_project_edge_weight,7281,5,0.7588327253778009,0.2412714955706097
directed_cross_project_edge_weight,7282,5,0.7589369463262116,0.24116727462219906
directed_cross_project_edge_weight,7283,5,0.7590411672746222,0.24106305367378844
directed_cross_project_edge_weight,7284,5,0.7591453882230328,0.2409588327253778
directed_cross_project_edge_weight,7285,5,0.7592496091714435,0.24085461177696718
directed_cross_project_edge_weight,7286,5,0.7593538301198541,0.24075039082855654
directed_cross_project_edge_weight,7287,5,0.7594580510682647,0.24064616988014592
directed_cross_project_edge_weight,7288,5,0.7595622720166754,0.24054194893173528
directed_cross_project_edge_weight,7289,5,0.759666492965086,0.24043772798332466
directed_cross_project_edge_weight,7290,5,0.7597707139134966,0.24033350703491402
directed_cross_project_edge_weight,7291,5,0.7598749348619073,0.24022928608650337
directed_cross_project_edge_weight,7292,5,0.7599791558103178,0.24012506513809276
directed_cross_project_edge_weight,7293,5,0.7600833767587285,0.24002084418968211
directed_cross_project_edge_weight,7294,5,0.7601875977071392,0.2399166232412715
directed_cross_project_edge_weight,7295,5,0.7602918186555497,0.23981240229286085
directed_cross_project_edge_weight,7296,5,0.7603960396039604,0.23970818134445024
directed_cross_project_edge_weight,7297,5,0.7605002605523711,0.2396039603960396
directed_cross_project_edge_weight,7298,5,0.7606044815007816,0.23949973944762898
directed_cross_project_edge_weight,7299,5,0.7607087024491923,0.23939551849921833
directed_cross_project_edge_weight,7300,5,0.7608129233976029,0.23929129755080772
directed_cross_project_edge_weight,7301,5,0.7609171443460135,0.23918707660239708
directed_cross_project_edge_weight,7302,5,0.7610213652944242,0.23908285565398646
directed_cross_project_edge_weight,7303,5,0.7611255862428348,0.23897863470557582
directed_cross_project_edge_weight,7304,5,0.7612298071912454,0.2388744137571652
directed_cross_project_edge_weight,7305,5,0.7613340281396561,0.23877019280875456
directed_cross_project_edge_weight,7306,5,0.7614382490880667,0.23866597186034394
directed_cross_project_edge_weight,7307,5,0.7615424700364773,0.2385617509119333
directed_cross_project_edge_weight,7308,5,0.7616466909848879,0.23845752996352268
directed_cross_project_edge_weight,7309,5,0.7617509119332986,0.23835330901511204
directed_cross_project_edge_weight,7310,5,0.7618551328817093,0.23824908806670142
directed_cross_project_edge_weight,7311,5,0.7619593538301198,0.23814486711829078
directed_cross_project_edge_weight,7312,5,0.7620635747785305,0.23804064616988013
directed_cross_project_edge_weight,7313,5,0.7621677957269412,0.23793642522146952
directed_cross_project_edge_weight,7314,5,0.7622720166753517,0.23783220427305887
directed_cross_project_edge_weight,7315,5,0.7623762376237624,0.23772798332464826
directed_cross_project_edge_weight,7316,5,0.7624804585721731,0.2376237623762376
directed_cross_project_edge_weight,7317,5,0.7625846795205836,0.237519541427827
directed_cross_project_edge_weight,7318,5,0.7626889004689943,0.23741532047941635
directed_cross_project_edge_weight,7319,5,0.7627931214174049,0.23731109953100574
directed_cross_project_edge_weight,7320,5,0.7628973423658155,0.2372068785825951
directed_cross_project_edge_weight,7321,5,0.7630015633142262,0.23710265763418448
directed_cross_project_edge_weight,7322,5,0.7631057842626368,0.23699843668577383
directed_cross_project_edge_weight,7323,5,0.7632100052110474,0.23689421573736322
directed_cross_project_edge_weight,7324,5,0.7633142261594581,0.23678999478895257
directed_cross_project_edge_weight,7325,5,0.7634184471078687,0.23668577384054196
directed_cross_project_edge_weight,7326,5,0.7635226680562793,0.2365815528921313
directed_cross_project_edge_weight,7327,5,0.7636268890046899,0.2364773319437207
directed_cross_project_edge_weight,7328,5,0.7637311099531006,0.23637311099531005
directed_cross_project_edge_weight,7329,5,0.7638353309015112,0.23626889004689944
directed_cross_project_edge_weight,7330,5,0.7639395518499218,0.2361646690984888
directed_cross_project_edge_weight,7331,5,0.7640437727983325,0.23606044815007818
directed_cross_project_edge_weight,7332,5,0.7641479937467431,0.23595622720166753
directed_cross_project_edge_weight,7333,5,0.7642522146951537,0.23585200625325692
directed_cross_project_edge_weight,7334,5,0.7643564356435644,0.23574778530484627
directed_cross_project_edge_weight,7335,5,0.764460656591975,0.23564356435643563
directed_cross_project_edge_weight,7336,5,0.7645648775403856,0.23553934340802501
directed_cross_project_edge_weight,7337,5,0.7646690984887963,0.23543512245961437
directed_cross_project_edge_weight,7338,5,0.7647733194372068,0.23533090151120375
directed_cross_project_edge_weight,7339,5,0.7648775403856175,0.2352266805627931
directed_cross_project_edge_weight,7340,5,0.7649817613340282,0.2351224596143825
directed_cross_project_edge_weight,7341,5,0.7650859822824387,0.23501823866597185
directed_cross_project_edge_weight,7342,5,0.7651902032308494,0.23491401771756124
directed_cross_project_edge_weight,7343,5,0.7652944241792601,0.2348097967691506
directed_cross_project_edge_weight,7344,5,0.7653986451276706,0.23470557582073998
directed_cross_project_edge_weight,7345,5,0.7655028660760813,0.23460135487232933
directed_cross_project_edge_weight,7346,5,0.7656070870244919,0.23449713392391872
directed_cross_project_edge_weight,7347,5,0.7657113079729025,0.23439291297550807
directed_cross_project_edge_weight,7348,5,0.7658155289213132,0.23428869202709746
directed_cross_project_edge_weight,7349,5,0.7659197498697238,0.2341844710786868
directed_cross_project_edge_weight,7350,5,0.7660239708181344,0.2340802501302762
directed_cross_project_edge_weight,7351,5,0.7661281917665451,0.23397602918186555
directed_cross_project_edge_weight,7352,5,0.7662324127149557,0.23387180823345494
directed_cross_project_edge_weight,7353,5,0.7663366336633664,0.2337675872850443
directed_cross_project_edge_weight,7354,5,0.766440854611777,0.23366336633663368
directed_cross_project_edge_weight,7355,5,0.7665450755601876,0.23355914538822303
directed_cross_project_edge_weight,7356,5,0.7666492965085983,0.2334549244398124
directed_cross_project_edge_weight,7357,5,0.7667535174570088,0.23335070349140177
directed_cross_project_edge_weight,7358,5,0.7668577384054195,0.23324648254299113
directed_cross_project_edge_weight,7359,5,0.7669619593538302,0.2331422615945805
directed_cross_project_edge_weight,7360,5,0.7670661803022407,0.23303804064616987
directed_cross_project_edge_weight,7361,5,0.7671704012506514,0.23293381969775925
directed_cross_project_edge_weight,7362,5,0.7672746221990621,0.2328295987493486
directed_cross_project_edge_weight,7363,5,0.7673788431474726,0.232725377800938
directed_cross_project_edge_weight,7364,5,0.7674830640958833,0.23262115685252735
directed_cross_project_edge_weight,7365,5,0.7675872850442939,0.23251693590411673
directed_cross_project_edge_weight,7366,5,0.7676915059927045,0.2324127149557061
directed_cross_project_edge_weight,7367,5,0.7677957269411152,0.23230849400729547
directed_cross_project_edge_weight,7368,5,0.7678999478895258,0.23220427305888483
directed_cross_project_edge_weight,7369,5,0.7680041688379364,0.23210005211047421
directed_cross_project_edge_weight,7370,5,0.7681083897863471,0.23199583116206357
directed_cross_project_edge_weight,7371,5,0.7682126107347577,0.23189161021365295
directed_cross_project_edge_weight,7372,5,0.7683168316831683,0.2317873892652423
directed_cross_project_edge_weight,7373,5,0.7684210526315789,0.2316831683168317
directed_cross_project_edge_weight,7374,5,0.7685252735799896,0.23157894736842105
directed_cross_project_edge_weight,7375,5,0.7686294945284002,0.23147472642001043
directed_cross_project_edge_weight,7376,5,0.7687337154768108,0.2313705054715998
directed_cross_project_edge_weight,7377,5,0.7688379364252215,0.23126628452318915
directed_cross_project_edge_weight,7378,5,0.7689421573736321,0.23116206357477853
directed_cross_project_edge_weight,7379,5,0.7690463783220427,0.2310578426263679
directed_cross_project_edge_weight,7380,5,0.7691505992704534,0.23095362167795727
directed_cross_project_edge_weight,7381,5,0.769254820218864,0.23084940072954663
directed_cross_project_edge_weight,7382,5,0.7693590411672746,0.230745179781136
directed_cross_project_edge_weight,7383,5,0.7694632621156853,0.23064095883272537
directed_cross_project_edge_weight,7384,5,0.7695674830640958,0.23053673788431475
directed_cross_project_edge_weight,7385,5,0.7696717040125065,0.2304325169359041
directed_cross_project_edge_weight,7386,5,0.7697759249609172,0.2303282959874935
directed_cross_project_edge_weight,7387,5,0.7698801459093277,0.23022407503908285
directed_cross_project_edge_weight,7388,5,0.7699843668577384,0.23011985409067223
directed_cross_project_edge_weight,7389,5,0.7700885878061491,0.2300156331422616
directed_cross_project_edge_weight,7390,5,0.7701928087545596,0.22991141219385097
directed_cross_project_edge_weight,7391,5,0.7702970297029703,0.22980719124544033
directed_cross_project_edge_weight,7392,5,0.7704012506513809,0.2297029702970297
directed_cross_project_edge_weight,7393,5,0.7705054715997915,0.22959874934861907
directed_cross_project_edge_weight,7394,5,0.7706096925482022,0.22949452840020845
directed_cross_project_edge_weight,7395,5,0.7707139134966128,0.2293903074517978
directed_cross_project_edge_weight,7396,5,0.7708181344450235,0.2292860865033872
directed_cross_project_edge_weight,7397,5,0.7709223553934341,0.22918186555497655
directed_cross_project_edge_weight,7398,5,0.7710265763418447,0.22907764460656593
directed_cross_project_edge_weight,7399,5,0.7711307972902554,0.2289734236581553
directed_cross_project_edge_weight,7400,5,0.771235018238666,0.22886920270974465
directed_cross_project_edge_weight,7401,5,0.7713392391870766,0.22876498176133403
directed_cross_project_edge_weight,7402,5,0.7714434601354873,0.22866076081292339
directed_cross_project_edge_weight,7403,5,0.7715476810838978,0.22855653986451277
directed_cross_project_edge_weight,7404,5,0.7716519020323085,0.22845231891610213
directed_cross_project_edge_weight,7405,5,0.7717561229807192,0.2283480979676915
directed_cross_project_edge_weight,7406,5,0.7718603439291297,0.22824387701928087
directed_cross_project_edge_weight,7407,5,0.7719645648775404,0.22813965607087025
directed_cross_project_edge_weight,7408,5,0.7720687858259511,0.2280354351224596
directed_cross_project_edge_weight,7409,5,0.7721730067743616,0.227931214174049
directed_cross_project_edge_weight,7410,5,0.7722772277227723,0.22782699322563835
directed_cross_project_edge_weight,7411,5,0.7723814486711829,0.22772277227722773
directed_cross_project_edge_weight,7412,5,0.7724856696195935,0.2276185513288171
directed_cross_project_edge_weight,7413,5,0.7725898905680042,0.22751433038040647
directed_cross_project_edge_weight,7414,5,0.7726941115164148,0.22741010943199583
directed_cross_project_edge_weight,7415,5,0.7727983324648254,0.2273058884835852
directed_cross_project_edge_weight,7416,5,0.7729025534132361,0.22720166753517457
directed_cross_project_edge_weight,7417,5,0.7730067743616467,0.22709744658676395
directed_cross_project_edge_weight,7418,5,0.7731109953100573,0.2269932256383533
directed_cross_project_edge_weight,7419,5,0.7732152162584679,0.2268890046899427
directed_cross_project_edge_weight,7420,5,0.7733194372068786,0.22678478374153205
directed_cross_project_edge_weight,7421,5,0.7734236581552892,0.2266805627931214
directed_cross_project_edge_weight,7422,5,0.7735278791036998,0.2265763418447108
directed_cross_project_edge_weight,7423,5,0.7736321000521105,0.22647212089630014
directed_cross_project_edge_weight,7424,5,0.7737363210005211,0.22636789994788953
directed_cross_project_edge_weight,7425,5,0.7738405419489317,0.22626367899947888
directed_cross_project_edge_weight,7426,5,0.7739447628973424,0.22615945805106827
directed_cross_project_edge_weight,7427,5,0.774048983845753,0.22605523710265762
directed_cross_project_edge_weight,7428,5,0.7741532047941636,0.225951016154247
directed_cross_project_edge_weight,7429,5,0.7742574257425743,0.22584679520583636
directed_cross_project_edge_weight,7430,5,0.7743616466909848,0.22574257425742575
directed_cross_project_edge_weight,7431,5,0.7744658676393955,0.2256383533090151
directed_cross_project_edge_weight,7432,5,0.7745700885878062,0.2255341323606045
directed_cross_project_edge_weight,7433,5,0.7746743095362167,0.22542991141219385
directed_cross_project_edge_weight,7434,5,0.7747785304846274,0.22532569046378323
directed_cross_project_edge_weight,7435,5,0.7748827514330381,0.22522146951537259
directed_cross_project_edge_weight,7436,5,0.7749869723814486,0.22511724856696197
directed_cross_project_edge_weight,7437,5,0.7750911933298593,0.22501302761855133
directed_cross_project_edge_weight,7438,5,0.7751954142782699,0.2249088066701407
directed_cross_project_edge_weight,7439,5,0.7752996352266806,0.22480458572173007
directed_cross_project_edge_weight,7440,5,0.7754038561750912,0.22470036477331945
directed_cross_project_edge_weight,7441,5,0.7755080771235018,0.2245961438249088
directed_cross_project_edge_weight,7442,5,0.7756122980719125,0.2244919228764982
directed_cross_project_edge_weight,7443,5,0.7757165190203231,0.22438770192808755
directed_cross_project_edge_weight,7444,5,0.7758207399687337,0.2242834809796769
directed_cross_project_edge_weight,7445,5,0.7759249609171444,0.2241792600312663
directed_cross_project_edge_weight,7446,5,0.776029181865555,0.22407503908285564
directed_cross_project_edge_weight,7447,5,0.7761334028139656,0.22397081813444503
directed_cross_project_edge_weight,7448,5,0.7762376237623763,0.22386659718603438
directed_cross_project_edge_weight,7449,5,0.7763418447107868,0.22376237623762377
directed_cross_project_edge_weight,7450,5,0.7764460656591975,0.22365815528921312
directed_cross_project_edge_weight,7451,5,0.7765502866076082,0.2235539343408025
directed_cross_project_edge_weight,7452,5,0.7766545075560187,0.22344971339239186
directed_cross_project_edge_weight,7453,5,0.7767587285044294,0.22334549244398125
directed_cross_project_edge_weight,7454,5,0.7768629494528401,0.2232412714955706
directed_cross_project_edge_weight,7455,5,0.7769671704012506,0.22313705054716
directed_cross_project_edge_weight,7456,5,0.7770713913496613,0.22303282959874934
directed_cross_project_edge_weight,7457,5,0.7771756122980719,0.22292860865033873
directed_cross_project_edge_weight,7458,5,0.7772798332464825,0.22282438770192808
directed_cross_project_edge_weight,7459,5,0.7773840541948932,0.22272016675351747
directed_cross_project_edge_weight,7460,5,0.7774882751433038,0.22261594580510682
directed_cross_project_edge_weight,7461,5,0.7775924960917144,0.2225117248566962
directed_cross_project_edge_weight,7462,5,0.7776967170401251,0.22240750390828556
directed_cross_project_edge_weight,7463,5,0.7778009379885357,0.22230328295987495
directed_cross_project_edge_weight,7464,5,0.7779051589369463,0.2221990620114643
directed_cross_project_edge_weight,7465,5,0.778009379885357,0.22209484106305366
directed_cross_project_edge_weight,7466,5,0.7781136008337676,0.22199062011464304
directed_cross_project_edge_weight,7467,5,0.7782178217821782,0.2218863991662324
directed_cross_project_edge_weight,7468,5,0.7783220427305888,0.22178217821782178
directed_cross_project_edge_weight,7469,5,0.7784262636789995,0.22167795726941114
directed_cross_project_edge_weight,7470,5,0.7785304846274101,0.22157373632100053
directed_cross_project_edge_weight,7471,5,0.7786347055758207,0.22146951537258988
directed_cross_project_edge_weight,7472,5,0.7787389265242314,0.22136529442417927
directed_cross_project_edge_weight,7473,5,0.778843147472642,0.22126107347576862
directed_cross_project_edge_weight,7474,5,0.7789473684210526,0.221156852527358
directed_cross_project_edge_weight,7475,5,0.7790515893694633,0.22105263157894736
directed_cross_project_edge_weight,7476,5,0.7791558103178738,0.22094841063053675
directed_cross_project_edge_weight,7477,5,0.7792600312662845,0.2208441896821261
directed_cross_project_edge_weight,7478,5,0.7793642522146952,0.22073996873371549
directed_cross_project_edge_weight,7479,5,0.7794684731631057,0.22063574778530484
directed_cross_project_edge_weight,7480,5,0.7795726941115164,0.22053152683689423
directed_cross_project_edge_weight,7481,5,0.7796769150599271,0.22042730588848358
directed_cross_project_edge_weight,7482,5,0.7797811360083376,0.22032308494007297
directed_cross_project_edge_weight,7483,5,0.7798853569567483,0.22021886399166232
directed_cross_project_edge_weight,7484,5,0.7799895779051589,0.2201146430432517
directed_cross_project_edge_weight,7485,5,0.7800937988535696,0.22001042209484106
directed_cross_project_edge_weight,7486,5,0.7801980198019802,0.21990620114643042
directed_cross_project_edge_weight,7487,5,0.7803022407503908,0.2198019801980198
directed_cross_project_edge_weight,7488,5,0.7804064616988015,0.21969775924960916
directed_cross_project_edge_weight,7489,5,0.7805106826472121,0.21959353830119854
directed_cross_project_edge_weight,7490,5,0.7806149035956227,0.2194893173527879
directed_cross_project_edge_weight,7491,5,0.7807191245440334,0.21938509640437728
directed_cross_project_edge_weight,7492,5,0.780823345492444,0.21928087545596664
directed_cross_project_edge_weight,7493,5,0.7809275664408546,0.21917665450755602
directed_cross_project_edge_weight,7494,5,0.7810317873892653,0.21907243355914538
directed_cross_project_edge_weight,7495,5,0.7811360083376758,0.21896821261073476
directed_cross_project_edge_weight,7496,5,0.7812402292860865,0.21886399166232412
directed_cross_project_edge_weight,7497,5,0.7813444502344972,0.2187597707139135
directed_cross_project_edge_weight,7498,5,0.7814486711829077,0.21865554976550286
directed_cross_project_edge_weight,7499,5,0.7815528921313184,0.21855132881709224
directed_cross_project_edge_weight,7500,5,0.7816571130797291,0.2184471078686816
directed_cross_project_edge_weight,7501,5,0.7817613340281396,0.21834288692027098
directed_cross_project_edge_weight,7502,5,0.7818655549765503,0.21823866597186034
directed_cross_project_edge_weight,7503,5,0.7819697759249609,0.21813444502344972
directed_cross_project_edge_weight,7504,5,0.7820739968733715,0.21803022407503908
directed_cross_project_edge_weight,7505,5,0.7821782178217822,0.21792600312662846
directed_cross_project_edge_weight,7506,5,0.7822824387701928,0.21782178217821782
directed_cross_project_edge_weight,7507,5,0.7823866597186034,0.2177175612298072
directed_cross_project_edge_weight,7508,5,0.7824908806670141,0.21761334028139656
directed_cross_project_edge_weight,7509,5,0.7825951016154247,0.21750911933298592
directed_cross_project_edge_weight,7510,5,0.7826993225638353,0.2174048983845753
directed_cross_project_edge_weight,7511,5,0.782803543512246,0.21730067743616466
directed_cross_project_edge_weight,7512,5,0.7829077644606566,0.21719645648775404
directed_cross_project_edge_weight,7513,5,0.7830119854090672,0.2170922355393434
directed_cross_project_edge_weight,7514,5,0.7831162063574778,0.21698801459093278
directed_cross_project_edge_weight,7515,5,0.7832204273058885,0.21688379364252214
directed_cross_project_edge_weight,7516,5,0.7833246482542991,0.21677957269411152
directed_cross_project_edge_weight,7517,5,0.7834288692027097,0.21667535174570088
directed_cross_project_edge_weight,7518,5,0.7835330901511204,0.21657113079729026
directed_cross_project_edge_weight,7519,5,0.783637311099531,0.21646690984887962
directed_cross_project_edge_weight,7520,5,0.7837415320479416,0.216362688900469
directed_cross_project_edge_weight,7521,5,0.7838457529963523,0.21625846795205836
directed_cross_project_edge_weight,7522,5,0.7839499739447628,0.21615424700364774
directed_cross_project_edge_weight,7523,5,0.7840541948931735,0.2160500260552371
directed_cross_project_edge_weight,7524,5,0.7841584158415842,0.21594580510682648
directed_cross_project_edge_weight,7525,5,0.7842626367899947,0.21584158415841584
directed_cross_project_edge_weight,7526,5,0.7843668577384054,0.21573736321000522
directed_cross_project_edge_weight,7527,5,0.7844710786868161,0.21563314226159458
directed_cross_project_edge_weight,7528,5,0.7845752996352267,0.21552892131318396
directed_cross_project_edge_weight,7529,5,0.7846795205836373,0.21542470036477332
directed_cross_project_edge_weight,7530,5,0.784783741532048,0.21532047941636268
directed_cross_project_edge_weight,7531,5,0.7848879624804586,0.21521625846795206
directed_cross_project_edge_weight,7532,5,0.7849921834288692,0.21511203751954142
directed_cross_project_edge_weight,7533,5,0.7850964043772798,0.2150078165711308
directed_cross_project_edge_weight,7534,5,0.7852006253256905,0.21490359562272016
directed_cross_project_edge_weight,7535,5,0.7853048462741011,0.21479937467430954
directed_cross_project_edge_weight,7536,5,0.7854090672225117,0.2146951537258989
directed_cross_project_edge_weight,7537,5,0.7855132881709224,0.21459093277748828
directed_cross_project_edge_weight,7538,5,0.785617509119333,0.21448671182907764
directed_cross_project_edge_weight,7539,5,0.7857217300677436,0.21438249088066702
directed_cross_project_edge_weight,7540,6,0.7858259510161543,0.21427826993225638
directed_cross_project_edge_weight,7541,6,0.7859301719645648,0.21417404898384576
directed_cross_project_edge_weight,7542,6,0.7860343929129755,0.21406982803543512
directed_cross_project_edge_weight,7543,6,0.7861386138613862,0.2139656070870245
directed_cross_project_edge_weight,7544,6,0.7862428348097967,0.21386138613861386
directed_cross_project_edge_weight,7545,6,0.7863470557582074,0.21375716519020324
directed_cross_project_edge_weight,7546,6,0.7864512767066181,0.2136529442417926
directed_cross_project_edge_weight,7547,6,0.7865554976550286,0.21354872329338198
directed_cross_project_edge_weight,7548,6,0.7866597186034393,0.21344450234497134
directed_cross_project_edge_weight,7549,6,0.7867639395518499,0.21334028139656072
directed_cross_project_edge_weight,7550,6,0.7868681605002605,0.21323606044815008
directed_cross_project_edge_weight,7551,6,0.7869723814486712,0.21313183949973943
directed_cross_project_edge_weight,7552,6,0.7870766023970818,0.21302761855132882
directed_cross_project_edge_weight,7553,6,0.7871808233454924,0.21292339760291817
directed_cross_project_edge_weight,7554,6,0.7872850442939031,0.21281917665450756
directed_cross_project_edge_weight,7555,6,0.7873892652423137,0.21271495570609691
directed_cross_project_edge_weight,7556,6,0.7874934861907243,0.2126107347576863
directed_cross_project_edge_weight,7557,6,0.787597707139135,0.21250651380927565
directed_cross_project_edge_weight,7558,6,0.7877019280875456,0.21240229286086504
directed_cross_project_edge_weight,7559,6,0.7878061490359562,0.2122980719124544
directed_cross_project_edge_weight,7560,6,0.7879103699843668,0.21219385096404378
directed_cross_project_edge_weight,7561,6,0.7880145909327775,0.21208963001563313
directed_cross_project_edge_weight,7562,6,0.7881188118811882,0.21198540906722252
directed_cross_project_edge_weight,7563,6,0.7882230328295987,0.21188118811881188
directed_cross_project_edge_weight,7564,6,0.7883272537780094,0.21177696717040126
directed_cross_project_edge_weight,7565,6,0.7884314747264201,0.21167274622199062
directed_cross_project_edge_weight,7566,6,0.7885356956748306,0.21156852527358
directed_cross_project_edge_weight,7567,6,0.7886399166232413,0.21146430432516936
directed_cross_project_edge_weight,7568,6,0.7887441375716518,0.21136008337675874
directed_cross_project_edge_weight,7569,6,0.7888483585200625,0.2112558624283481
directed_cross_project_edge_weight,7570,6,0.7889525794684732,0.21115164147993748
directed_cross_project_edge_weight,7571,6,0.7890568004168838,0.21104742053152684
directed_cross_project_edge_weight,7572,6,0.7891610213652944,0.21094319958311622
directed_cross_project_edge_weight,7573,6,0.7892652423137051,0.21083897863470558
directed_cross_project_edge_weight,7574,6,0.7893694632621157,0.21073475768629493
directed_cross_project_edge_weight,7575,6,0.7894736842105263,0.21063053673788432
directed_cross_project_edge_weight,7576,6,0.789577905158937,0.21052631578947367
directed_cross_project_edge_weight,7577,6,0.7896821261073476,0.21042209484106306
directed_cross_project_edge_weight,7578,6,0.7897863470557582,0.2103178738926524
directed_cross_project_edge_weight,7579,6,0.7898905680041688,0.2102136529442418
directed_cross_project_edge_weight,7580,6,0.7899947889525795,0.21010943199583115
directed_cross_project_edge_weight,7581,6,0.7900990099009901,0.21000521104742054
directed_cross_project_edge_weight,7582,6,0.7902032308494007,0.2099009900990099
directed_cross_project_edge_weight,7583,6,0.7903074517978114,0.20979676915059928
directed_cross_project_edge_weight,7584,6,0.790411672746222,0.20969254820218863
directed_cross_project_edge_weight,7585,6,0.7905158936946326,0.20958832725377802
directed_cross_project_edge_weight,7586,6,0.7906201146430433,0.20948410630536737
directed_cross_project_edge_weight,7587,6,0.7907243355914538,0.20937988535695676
directed_cross_project_edge_weight,7588,6,0.7908285565398645,0.2092756644085461
directed_cross_project_edge_weight,7589,6,0.7909327774882752,0.2091714434601355
directed_cross_project_edge_weight,7590,6,0.7910369984366857,0.20906722251172485
directed_cross_project_edge_weight,7591,6,0.7911412193850964,0.20896300156331424
directed_cross_project_edge_weight,7592,6,0.7912454403335071,0.2088587806149036
directed_cross_project_edge_weight,7593,6,0.7913496612819176,0.20875455966649298
directed_cross_project_edge_weight,7594,6,0.7914538822303283,0.20865033871808233
directed_cross_project_edge_weight,7595,6,0.791558103178739,0.2085461177696717
directed_cross_project_edge_weight,7596,6,0.7916623241271495,0.20844189682126107
directed_cross_project_edge_weight,7597,6,0.7917665450755602,0.20833767587285043
directed_cross_project_edge_weight,7598,6,0.7918707660239708,0.20823345492443981
directed_cross_project_edge_weight,7599,6,0.7919749869723814,0.20812923397602917
directed_cross_project_edge_weight,7600,6,0.7920792079207921,0.20802501302761855
directed_cross_project_edge_weight,7601,6,0.7921834288692027,0.2079207920792079
directed_cross_project_edge_weight,7602,6,0.7922876498176133,0.2078165711307973
directed_cross_project_edge_weight,7603,6,0.792391870766024,0.20771235018238665
directed_cross_project_edge_weight,7604,6,0.7924960917144346,0.20760812923397604
directed_cross_project_edge_weight,7605,6,0.7926003126628453,0.2075039082855654
directed_cross_project_edge_weight,7606,6,0.7927045336112558,0.20739968733715478
directed_cross_project_edge_weight,7607,6,0.7928087545596665,0.20729546638874413
directed_cross_project_edge_weight,7608,6,0.7929129755080772,0.20719124544033352
directed_cross_project_edge_weight,7609,6,0.7930171964564877,0.20708702449192287
directed_cross_project_edge_weight,7610,6,0.7931214174048984,0.20698280354351226
directed_cross_project_edge_weight,7611,6,0.7932256383533091,0.2068785825951016
directed_cross_project_edge_weight,7612,6,0.7933298593017196,0.206774361646691
directed_cross_project_edge_weight,7613,6,0.7934340802501303,0.20667014069828035
directed_cross_project_edge_weight,7614,6,0.7935383011985409,0.20656591974986974
directed_cross_project_edge_weight,7615,6,0.7936425221469515,0.2064616988014591
directed_cross_project_edge_weight,7616,6,0.7937467430953622,0.20635747785304848
directed_cross_project_edge_weight,7617,6,0.7938509640437728,0.20625325690463783
directed_cross_project_edge_weight,7618,6,0.7939551849921834,0.2061490359562272
directed_cross_project_edge_weight,7619,6,0.7940594059405941,0.20604481500781657
directed_cross_project_edge_weight,7620,6,0.7941636268890047,0.20594059405940593
directed_cross_project_edge_weight,7621,6,0.7942678478374153,0.2058363731109953
directed_cross_project_edge_weight,7622,6,0.794372068785826,0.20573215216258467
directed_cross_project_edge_weight,7623,6,0.7944762897342366,0.20562793121417405
directed_cross_project_edge_weight,7624,6,0.7945805106826472,0.2055237102657634
directed_cross_project_edge_weight,7625,6,0.7946847316310578,0.2054194893173528
directed_cross_project_edge_weight,7626,6,0.7947889525794685,0.20531526836894215
directed_cross_project_edge_weight,7627,6,0.7948931735278791,0.20521104742053153
directed_cross_project_edge_weight,7628,6,0.7949973944762897,0.2051068264721209
directed_cross_project_edge_weight,7629,6,0.7951016154247004,0.20500260552371027
directed_cross_project_edge_weight,7630,6,0.795205836373111,0.20489838457529963
directed_cross_project_edge_weight,7631,6,0.7953100573215216,0.20479416362688901
directed_cross_project_edge_weight,7632,6,0.7954142782699323,0.20468994267847837
directed_cross_project_edge_weight,7633,6,0.7955184992183428,0.20458572173006775
directed_cross_project_edge_weight,7634,6,0.7956227201667535,0.2044815007816571
directed_cross_project_edge_weight,7635,6,0.7957269411151642,0.2043772798332465
directed_cross_project_edge_weight,7636,6,0.7958311620635747,0.20427305888483585
directed_cross_project_edge_weight,7637,6,0.7959353830119854,0.20416883793642523
directed_cross_project_edge_weight,7638,6,0.7960396039603961,0.2040646169880146
directed_cross_project_edge_weight,7639,6,0.7961438249088066,0.20396039603960395
directed_cross_project_edge_weight,7640,6,0.7962480458572173,0.20385617509119333
directed_cross_project_edge_weight,7641,6,0.796352266805628,0.2037519541427827
directed_cross_project_edge_weight,7642,6,0.7964564877540385,0.20364773319437207
directed_cross_project_edge_weight,7643,6,0.7965607087024492,0.20354351224596143
directed_cross_project_edge_weight,7644,6,0.7966649296508598,0.2034392912975508
directed_cross_project_edge_weight,7645,6,0.7967691505992704,0.20333507034914017
directed_cross_project_edge_weight,7646,6,0.7968733715476811,0.20323084940072955
directed_cross_project_edge_weight,7647,6,0.7969775924960917,0.2031266284523189
directed_cross_project_edge_weight,7648,6,0.7970818134445024,0.2030224075039083
directed_cross_project_edge_weight,7649,6,0.797186034392913,0.20291818655549765
directed_cross_project_edge_weight,7650,6,0.7972902553413236,0.20281396560708703
directed_cross_project_edge_weight,7651,6,0.7973944762897343,0.2027097446586764
directed_cross_project_edge_weight,7652,6,0.7974986972381448,0.20260552371026577
directed_cross_project_edge_weight,7653,6,0.7976029181865555,0.20250130276185513
directed_cross_project_edge_weight,7654,6,0.7977071391349662,0.2023970818134445
directed_cross_project_edge_weight,7655,6,0.7978113600833767,0.20229286086503387
directed_cross_project_edge_weight,7656,6,0.7979155810317874,0.20218863991662325
directed_cross_project_edge_weight,7657,6,0.7980198019801981,0.2020844189682126
directed_cross_project_edge_weight,7658,6,0.7981240229286086,0.201980198019802
directed_cross_project_edge_weight,7659,6,0.7982282438770193,0.20187597707139135
directed_cross_project_edge_weight,7660,6,0.79833246482543,0.2017717561229807
directed_cross_project_edge_weight,7661,6,0.7984366857738405,0.2016675351745701
directed_cross_project_edge_weight,7662,6,0.7985409067222512,0.20156331422615945
directed_cross_project_edge_weight,7663,6,0.7986451276706618,0.20145909327774883
directed_cross_project_edge_weight,7664,6,0.7987493486190724,0.20135487232933819
directed_cross_project_edge_weight,7665,6,0.7988535695674831,0.20125065138092757
directed_cross_project_edge_weight,7666,6,0.7989577905158937,0.20114643043251693
directed_cross_project_edge_weight,7667,6,0.7990620114643043,0.2010422094841063
directed_cross_project_edge_weight,7668,6,0.799166232412715,0.20093798853569567
directed_cross_project_edge_weight,7669,6,0.7992704533611256,0.20083376758728505
directed_cross_project_edge_weight,7670,6,0.7993746743095362,0.2007295466388744
directed_cross_project_edge_weight,7671,6,0.7994788952579468,0.2006253256904638
directed_cross_project_edge_weight,7672,6,0.7995831162063575,0.20052110474205315
directed_cross_project_edge_weight,7673,6,0.7996873371547681,0.20041688379364253
directed_cross_project_edge_weight,7674,6,0.7997915581031787,0.2003126628452319
directed_cross_project_edge_weight,7675,6,0.7998957790515894,0.20020844189682127
directed_cross_project_edge_weight,7676,6,0.8,0.20010422094841063
directed_cross_project_edge_weight,7677,6,0.8001042209484106,0.2
directed_cross_project_edge_weight,7678,6,0.8002084418968213,0.19989577905158937
directed_cross_project_edge_weight,7679,6,0.8003126628452318,0.19979155810317875
directed_cross_project_edge_weight,7680,6,0.8004168837936425,0.1996873371547681
directed_cross_project_edge_weight,7681,6,0.8005211047420532,0.1995831162063575
directed_cross_project_edge_weight,7682,6,0.8006253256904637,0.19947889525794685
directed_cross_project_edge_weight,7683,6,0.8007295466388744,0.1993746743095362
directed_cross_project_edge_weight,7684,6,0.8008337675872851,0.1992704533611256
directed_cross_project_edge_weight,7685,6,0.8009379885356956,0.19916623241271494
directed_cross_project_edge_weight,7686,6,0.8010422094841063,0.19906201146430433
directed_cross_project_edge_weight,7687,6,0.801146430432517,0.19895779051589368
directed_cross_project_edge_weight,7688,6,0.8012506513809275,0.19885356956748307
directed_cross_project_edge_weight,7689,6,0.8013548723293382,0.19874934861907242
directed_cross_project_edge_weight,7690,6,0.8014590932777488,0.1986451276706618
directed_cross_project_edge_weight,7691,6,0.8015633142261595,0.19854090672225116
directed_cross_project_edge_weight,7692,6,0.8016675351745701,0.19843668577384055
directed_cross_project_edge_weight,7693,6,0.8017717561229807,0.1983324648254299
directed_cross_project_edge_weight,7694,6,0.8018759770713914,0.1982282438770193
directed_cross_project_edge_weight,7695,6,0.801980198019802,0.19812402292860865
directed_cross_project_edge_weight,7696,6,0.8020844189682126,0.19801980198019803
directed_cross_project_edge_weight,7697,6,0.8021886399166233,0.19791558103178739
directed_cross_project_edge_weight,7698,6,0.8022928608650338,0.19781136008337677
directed_cross_project_edge_weight,7699,6,0.8023970818134445,0.19770713913496613
directed_cross_project_edge_weight,7700,6,0.8025013027618552,0.1976029181865555
directed_cross_project_edge_weight,7701,6,0.8026055237102657,0.19749869723814487
directed_cross_project_edge_weight,7702,6,0.8027097446586764,0.19739447628973425
directed_cross_project_edge_weight,7703,6,0.8028139656070871,0.1972902553413236
directed_cross_project_edge_weight,7704,6,0.8029181865554976,0.19718603439291296
directed_cross_project_edge_weight,7705,6,0.8030224075039083,0.19708181344450235
directed_cross_project_edge_weight,7706,6,0.803126628452319,0.1969775924960917
directed_cross_project_edge_weight,7707,6,0.8032308494007295,0.1968733715476811
directed_cross_project_edge_weight,7708,6,0.8033350703491402,0.19676915059927044
directed_cross_project_edge_weight,7709,6,0.8034392912975508,0.19666492965085983
directed_cross_project_edge_weight,7710,6,0.8035435122459614,0.19656070870244918
directed_cross_project_edge_weight,7711,6,0.8036477331943721,0.19645648775403857
directed_cross_project_edge_weight,7712,6,0.8037519541427827,0.19635226680562792
directed_cross_project_edge_weight,7713,6,0.8038561750911933,0.1962480458572173
directed_cross_project_edge_weight,7714,6,0.803960396039604,0.19614382490880666
directed_cross_project_edge_weight,7715,6,0.8040646169880146,0.19603960396039605
directed_cross_project_edge_weight,7716,6,0.8041688379364252,0.1959353830119854
directed_cross_project_edge_weight,7717,6,0.8042730588848358,0.1958311620635748
directed_cross_project_edge_weight,7718,6,0.8043772798332465,0.19572694111516414
directed_cross_project_edge_weight,7719,6,0.8044815007816571,0.19562272016675353
directed_cross_project_edge_weight,7720,6,0.8045857217300677,0.19551849921834288
directed_cross_project_edge_weight,7721,6,0.8046899426784784,0.19541427826993227
directed_cross_project_edge_weight,7722,6,0.804794163626889,0.19531005732152162
directed_cross_project_edge_weight,7723,6,0.8048983845752996,0.195205836373111
directed_cross_project_edge_weight,7724,6,0.8050026055237103,0.19510161542470036
directed_cross_project_edge_weight,7725,6,0.805106826472121,0.19499739447628972
directed_cross_project_edge_weight,7726,6,0.8052110474205315,0.1948931735278791
directed_cross_project_edge_weight,7727,6,0.8053152683689422,0.19478895257946846
directed_cross_project_edge_weight,7728,6,0.8054194893173527,0.19468473163105784
directed_cross_project_edge_weight,7729,6,0.8055237102657634,0.1945805106826472
directed_cross_project_edge_weight,7730,6,0.8056279312141741,0.19447628973423658
directed_cross_project_edge_weight,7731,6,0.8057321521625846,0.19437206878582594
directed_cross_project_edge_weight,7732,6,0.8058363731109953,0.19426784783741533
directed_cross_project_edge_weight,7733,6,0.805940594059406,0.19416362688900468
directed_cross_project_edge_weight,7734,6,0.8060448150078166,0.19405940594059407
directed_cross_project_edge_weight,7735,6,0.8061490359562272,0.19395518499218342
directed_cross_project_edge_weight,7736,6,0.8062532569046378,0.1938509640437728
directed_cross_project_edge_weight,7737,6,0.8063574778530485,0.19374674309536216
directed_cross_project_edge_weight,7738,6,0.8064616988014591,0.19364252214695155
directed_cross_project_edge_weight,7739,6,0.8065659197498697,0.1935383011985409
directed_cross_project_edge_weight,7740,6,0.8066701406982804,0.19343408025013029
directed_cross_project_edge_weight,7741,6,0.806774361646691,0.19332985930171964
directed_cross_project_edge_weight,7742,6,0.8068785825951016,0.19322563835330903
directed_cross_project_edge_weight,7743,6,0.8069828035435123,0.19312141740489838
directed_cross_project_edge_weight,7744,6,0.8070870244919228,0.19301719645648777
directed_cross_project_edge_weight,7745,6,0.8071912454403335,0.19291297550807712
directed_cross_project_edge_weight,7746,6,0.8072954663887442,0.1928087545596665
directed_cross_project_edge_weight,7747,6,0.8073996873371547,0.19270453361125586
directed_cross_project_edge_weight,7748,6,0.8075039082855654,0.19260031266284522
directed_cross_project_edge_weight,7749,7,0.8076081292339761,0.1924960917144346
directed_cross_project_edge_weight,7750,7,0.8077123501823866,0.19239187076602396
directed_cross_project_edge_weight,7751,7,0.8078165711307973,0.19228764981761334
directed_cross_project_edge_weight,7752,7,0.807920792079208,0.1921834288692027
directed_cross_project_edge_weight,7753,7,0.8080250130276185,0.19207920792079208
directed_cross_project_edge_weight,7754,7,0.8081292339760292,0.19197498697238144
directed_cross_project_edge_weight,7755,7,0.8082334549244398,0.19187076602397082
directed_cross_project_edge_weight,7756,7,0.8083376758728504,0.19176654507556018
directed_cross_project_edge_weight,7757,7,0.8084418968212611,0.19166232412714956
directed_cross_project_edge_weight,7758,7,0.8085461177696717,0.19155810317873892
directed_cross_project_edge_weight,7759,7,0.8086503387180823,0.1914538822303283
directed_cross_project_edge_weight,7760,7,0.808754559666493,0.19134966128191766
directed_cross_project_edge_weight,7761,7,0.8088587806149036,0.19124544033350704
directed_cross_project_edge_weight,7762,7,0.8089630015633142,0.1911412193850964
directed_cross_project_edge_weight,7763,7,0.8090672225117248,0.19103699843668578
directed_cross_project_edge_weight,7764,7,0.8091714434601355,0.19093277748827514
directed_cross_project_edge_weight,7765,7,0.8092756644085461,0.19082855653986452
directed_cross_project_edge_weight,7766,7,0.8093798853569567,0.19072433559145388
directed_cross_project_edge_weight,7767,7,0.8094841063053674,0.19062011464304326
directed_cross_project_edge_weight,7768,7,0.809588327253778,0.19051589369463262
directed_cross_project_edge_weight,7769,7,0.8096925482021886,0.19041167274622198
directed_cross_project_edge_weight,7770,7,0.8097967691505993,0.19030745179781136
directed_cross_project_edge_weight,7771,7,0.80990099009901,0.19020323084940072
directed_cross_project_edge_weight,7772,7,0.8100052110474205,0.1900990099009901
directed_cross_project_edge_weight,7773,7,0.8101094319958312,0.18999478895257946
directed_cross_project_edge_weight,7774,7,0.8102136529442417,0.18989056800416884
directed_cross_project_edge_weight,7775,7,0.8103178738926524,0.1897863470557582
directed_cross_project_edge_weight,7776,7,0.8104220948410631,0.18968212610734758
directed_cross_project_edge_weight,7777,7,0.8105263157894737,0.18957790515893694
directed_cross_project_edge_weight,7778,7,0.8106305367378843,0.18947368421052632
directed_cross_project_edge_weight,7779,7,0.810734757686295,0.18936946326211568
directed_cross_project_edge_weight,7780,7,0.8108389786347056,0.18926524231370506
directed_cross_project_edge_weight,7781,7,0.8109431995831162,0.18916102136529442
directed_cross_project_edge_weight,7782,7,0.8110474205315268,0.1890568004168838
directed_cross_project_edge_weight,7783,7,0.8111516414799375,0.18895257946847316
directed_cross_project_edge_weight,7784,7,0.8112558624283481,0.18884835852006254
directed_cross_project_edge_weight,7785,7,0.8113600833767587,0.1887441375716519
directed_cross_project_edge_weight,7786,7,0.8114643043251694,0.18863991662324128
directed_cross_project_edge_weight,7787,7,0.81156852527358,0.18853569567483064
directed_cross_project_edge_weight,7788,7,0.8116727462219906,0.18843147472642002
directed_cross_project_edge_weight,7789,7,0.8117769671704013,0.18832725377800938
directed_cross_project_edge_weight,7790,7,0.8118811881188119,0.18822303282959876
directed_cross_project_edge_weight,7791,7,0.8119854090672225,0.18811881188118812
directed_cross_project_edge_weight,7792,7,0.8120896300156332,0.18801459093277748
directed_cross_project_edge_weight,7793,7,0.8121938509640437,0.18791036998436686
directed_cross_project_edge_weight,7794,7,0.8122980719124544,0.18780614903595622
directed_cross_project_edge_weight,7795,7,0.8124022928608651,0.1877019280875456
directed_cross_project_edge_weight,7796,7,0.8125065138092756,0.18759770713913496
directed_cross_project_edge_weight,7797,7,0.8126107347576863,0.18749348619072434
directed_cross_project_edge_weight,7798,7,0.812714955706097,0.1873892652423137
directed_cross_project_edge_weight,7799,7,0.8128191766545075,0.18728504429390308
directed_cross_project_edge_weight,7800,7,0.8129233976029182,0.18718082334549244
directed_cross_project_edge_weight,7801,7,0.8130276185513288,0.18707660239708182
directed_cross_project_edge_weight,7802,7,0.8131318394997394,0.18697238144867118
directed_cross_project_edge_weight,7803,7,0.8132360604481501,0.18686816050026056
directed_cross_project_edge_weight,7804,7,0.8133402813965607,0.18676393955184992
directed_cross_project_edge_weight,7805,7,0.8134445023449713,0.1866597186034393
directed_cross_project_edge_weight,7806,7,0.813548723293382,0.18655549765502866
directed_cross_project_edge_weight,7807,7,0.8136529442417926,0.18645127670661804
directed_cross_project_edge_weight,7808,7,0.8137571651902032,0.1863470557582074
directed_cross_project_edge_weight,7809,7,0.8138613861386138,0.18624283480979678
directed_cross_project_edge_weight,7810,7,0.8139656070870245,0.18613861386138614
directed_cross_project_edge_weight,7811,7,0.8140698280354352,0.18603439291297552
directed_cross_project_edge_weight,7812,7,0.8141740489838457,0.18593017196456488
directed_cross_project_edge_weight,7813,7,0.8142782699322564,0.18582595101615423
directed_cross_project_edge_weight,7814,7,0.814382490880667,0.18572173006774362
directed_cross_project_edge_weight,7815,7,0.8144867118290776,0.18561750911933297
directed_cross_project_edge_weight,7816,7,0.8145909327774883,0.18551328817092236
directed_cross_project_edge_weight,7817,7,0.814695153725899,0.18540906722251171
directed_cross_project_edge_weight,7818,7,0.8147993746743095,0.1853048462741011
directed_cross_project_edge_weight,7819,7,0.8149035956227202,0.18520062532569045
directed_cross_project_edge_weight,7820,7,0.8150078165711307,0.18509640437727984
directed_cross_project_edge_weight,7821,7,0.8151120375195414,0.1849921834288692
directed_cross_project_edge_weight,7822,7,0.8152162584679521,0.18488796248045858
directed_cross_project_edge_weight,7823,7,0.8153204794163627,0.18478374153204793
directed_cross_project_edge_weight,7824,7,0.8154247003647733,0.18467952058363732
directed_cross_project_edge_weight,7825,7,0.815528921313184,0.18457529963522668
directed_cross_project_edge_weight,7826,7,0.8156331422615946,0.18447107868681606
directed_cross_project_edge_weight,7827,7,0.8157373632100052,0.18436685773840542
directed_cross_project_edge_weight,7828,7,0.8158415841584158,0.1842626367899948
directed_cross_project_edge_weight,7829,7,0.8159458051068265,0.18415841584158416
directed_cross_project_edge_weight,7830,7,0.8160500260552371,0.18405419489317354
directed_cross_project_edge_weight,7831,7,0.8161542470036477,0.1839499739447629
directed_cross_project_edge_weight,7832,7,0.8162584679520584,0.18384575299635228
directed_cross_project_edge_weight,7833,7,0.816362688900469,0.18374153204794164
directed_cross_project_edge_weight,7834,7,0.8164669098488796,0.183637311099531
directed_cross_project_edge_weight,7835,7,0.8165711307972903,0.18353309015112038
directed_cross_project_edge_weight,7836,7,0.8166753517457009,0.18342886920270973
directed_cross_project_edge_weight,7837,7,0.8167795726941115,0.18332464825429912
directed_cross_project_edge_weight,7838,7,0.8168837936425222,0.18322042730588847
directed_cross_project_edge_weight,7839,7,0.8169880145909327,0.18311620635747786
directed_cross_project_edge_weight,7840,7,0.8170922355393434,0.1830119854090672
directed_cross_project_edge_weight,7841,7,0.8171964564877541,0.1829077644606566
directed_cross_project_edge_weight,7842,7,0.8173006774361646,0.18280354351224595
directed_cross_project_edge_weight,7843,7,0.8174048983845753,0.18269932256383534
directed_cross_project_edge_weight,7844,7,0.817509119332986,0.1825951016154247
directed_cross_project_edge_weight,7845,7,0.8176133402813965,0.18249088066701408
directed_cross_project_edge_weight,7846,7,0.8177175612298072,0.18238665971860343
directed_cross_project_edge_weight,7847,7,0.8178217821782178,0.18228243877019282
directed_cross_project_edge_weight,7848,7,0.8179260031266284,0.18217821782178217
directed_cross_project_edge_weight,7849,7,0.8180302240750391,0.18207399687337156
directed_cross_project_edge_weight,7850,7,0.8181344450234497,0.1819697759249609
directed_cross_project_edge_weight,7851,7,0.8182386659718603,0.1818655549765503
directed_cross_project_edge_weight,7852,7,0.818342886920271,0.18176133402813965
directed_cross_project_edge_weight,7853,7,0.8184471078686816,0.18165711307972904
directed_cross_project_edge_weight,7854,7,0.8185513288170922,0.1815528921313184
directed_cross_project_edge_weight,7855,7,0.8186555497655029,0.18144867118290778
directed_cross_project_edge_weight,7856,7,0.8187597707139135,0.18134445023449713
directed_cross_project_edge_weight,7857,7,0.8188639916623242,0.1812402292860865
directed_cross_project_edge_weight,7858,7,0.8189682126107347,0.18113600833767587
directed_cross_project_edge_weight,7859,7,0.8190724335591454,0.18103178738926523
directed_cross_project_edge_weight,7860,7,0.8191766545075561,0.18092756644085461
directed_cross_project_edge_weight,7861,7,0.8192808754559666,0.18082334549244397
directed_cross_project_edge_weight,7862,7,0.8193850964043773,0.18071912454403335
directed_cross_project_edge_weight,7863,7,0.819489317352788,0.1806149035956227
directed_cross_project_edge_weight,7864,7,0.8195935383011985,0.1805106826472121
directed_cross_project_edge_weight,7865,7,0.8196977592496092,0.18040646169880145
directed_cross_project_edge_weight,7866,7,0.8198019801980198,0.18030224075039084
directed_cross_project_edge_weight,7867,7,0.8199062011464304,0.1801980198019802
directed_cross_project_edge_weight,7868,7,0.8200104220948411,0.18009379885356958
directed_cross_project_edge_weight,7869,7,0.8201146430432517,0.17998957790515893
directed_cross_project_edge_weight,7870,7,0.8202188639916623,0.17988535695674832
directed_cross_project_edge_weight,7871,7,0.820323084940073,0.17978113600833767
directed_cross_project_edge_weight,7872,7,0.8204273058884836,0.17967691505992706
directed_cross_project_edge_weight,7873,7,0.8205315268368942,0.1795726941115164
directed_cross_project_edge_weight,7874,7,0.8206357477853048,0.1794684731631058
directed_cross_project_edge_weight,7875,7,0.8207399687337155,0.17936425221469515
directed_cross_project_edge_weight,7876,7,0.8208441896821261,0.17926003126628454
directed_cross_project_edge_weight,7877,7,0.8209484106305367,0.1791558103178739
directed_cross_project_edge_weight,7878,7,0.8210526315789474,0.17905158936946325
directed_cross_project_edge_weight,7879,7,0.821156852527358,0.17894736842105263
directed_cross_project_edge_weight,7880,7,0.8212610734757686,0.178843147472642
directed_cross_project_edge_weight,7881,7,0.8213652944241793,0.17873892652423137
directed_cross_project_edge_weight,7882,7,0.8214695153725899,0.17863470557582073
directed_cross_project_edge_weight,7883,7,0.8215737363210005,0.1785304846274101
directed_cross_project_edge_weight,7884,7,0.8216779572694112,0.17842626367899947
directed_cross_project_edge_weight,7885,7,0.8217821782178217,0.17832204273058885
directed_cross_project_edge_weight,7886,7,0.8218863991662324,0.1782178217821782
directed_cross_project_edge_weight,7887,7,0.8219906201146431,0.1781136008337676
directed_cross_project_edge_weight,7888,7,0.8220948410630536,0.17800937988535695
directed_cross_project_edge_weight,7889,7,0.8221990620114643,0.17790515893694633
directed_cross_project_edge_weight,7890,7,0.822303282959875,0.1778009379885357
directed_cross_project_edge_weight,7891,7,0.8224075039082855,0.17769671704012507
directed_cross_project_edge_weight,7892,7,0.8225117248566962,0.17759249609171443
directed_cross_project_edge_weight,7893,7,0.8226159458051068,0.17748827514330381
directed_cross_project_edge_weight,7894,7,0.8227201667535174,0.17738405419489317
directed_cross_project_edge_weight,7895,7,0.8228243877019281,0.17727983324648255
directed_cross_project_edge_weight,7896,7,0.8229286086503387,0.1771756122980719
directed_cross_project_edge_weight,7897,7,0.8230328295987493,0.1770713913496613
directed_cross_project_edge_weight,7898,7,0.82313705054716,0.17696717040125065
directed_cross_project_edge_weight,7899,7,0.8232412714955706,0.17686294945284
directed_cross_project_edge_weight,7900,7,0.8233454924439813,0.1767587285044294
directed_cross_project_edge_weight,7901,7,0.8234497133923919,0.17665450755601875
directed_cross_project_edge_weight,7902,7,0.8235539343408025,0.17655028660760813
directed_cross_project_edge_weight,7903,7,0.8236581552892132,0.1764460656591975
directed_cross_project_edge_weight,7904,7,0.8237623762376237,0.17634184471078687
directed_cross_project_edge_weight,7905,7,0.8238665971860344,0.17623762376237623
directed_cross_project_edge_weight,7906,7,0.8239708181344451,0.1761334028139656
directed_cross_project_edge_weight,7907,7,0.8240750390828556,0.17602918186555497
directed_cross_project_edge_weight,7908,7,0.8241792600312663,0.17592496091714435
directed_cross_project_edge_weight,7909,7,0.824283480979677,0.1758207399687337
directed_cross_project_edge_weight,7910,7,0.8243877019280875,0.1757165190203231
directed_cross_project_edge_weight,7911,8,0.8244919228764982,0.17561229807191245
directed_cross_project_edge_weight,7912,8,0.8245961438249088,0.17550807712350183
directed_cross_project_edge_weight,7913,8,0.8247003647733194,0.1754038561750912
directed_cross_project_edge_weight,7914,8,0.8248045857217301,0.17529963522668057
directed_cross_project_edge_weight,7915,8,0.8249088066701407,0.17519541427826993
directed_cross_project_edge_weight,7916,8,0.8250130276185513,0.1750911933298593
directed_cross_project_edge_weight,7917,8,0.825117248566962,0.17498697238144867
directed_cross_project_edge_weight,7918,8,0.8252214695153726,0.17488275143303805
directed_cross_project_edge_weight,7919,8,0.8253256904637832,0.1747785304846274
directed_cross_project_edge_weight,7920,8,0.8254299114121939,0.1746743095362168
directed_cross_project_edge_weight,7921,8,0.8255341323606045,0.17457008858780615
directed_cross_project_edge_weight,7922,8,0.8256383533090151,0.1744658676393955
directed_cross_project_edge_weight,7923,8,0.8257425742574257,0.1743616466909849
directed_cross_project_edge_weight,7924,8,0.8258467952058364,0.17425742574257425
directed_cross_project_edge_weight,7925,8,0.825951016154247,0.17415320479416363
directed_cross_project_edge_weight,7926,8,0.8260552371026576,0.17404898384575299
directed_cross_project_edge_weight,7927,8,0.8261594580510683,0.17394476289734237
directed_cross_project_edge_weight,7928,8,0.826263678999479,0.17384054194893173
directed_cross_project_edge_weight,7929,8,0.8263678999478895,0.1737363210005211
directed_cross_project_edge_weight,7930,8,0.8264721208963002,0.17363210005211047
directed_cross_project_edge_weight,7931,8,0.8265763418447107,0.17352787910369985
directed_cross_project_edge_weight,7932,8,0.8266805627931214,0.1734236581552892
directed_cross_project_edge_weight,7933,8,0.8267847837415321,0.1733194372068786
directed_cross_project_edge_weight,7934,8,0.8268890046899426,0.17321521625846795
directed_cross_project_edge_weight,7935,8,0.8269932256383533,0.17311099531005733
directed_cross_project_edge_weight,7936,8,0.827097446586764,0.1730067743616467
directed_cross_project_edge_weight,7937,8,0.8272016675351745,0.17290255341323607
directed_cross_project_edge_weight,7938,8,0.8273058884835852,0.17279833246482543
directed_cross_project_edge_weight,7939,8,0.8274101094319958,0.1726941115164148
directed_cross_project_edge_weight,7940,8,0.8275143303804064,0.17258989056800417
directed_cross_project_edge_weight,7941,8,0.8276185513288171,0.17248566961959355
directed_cross_project_edge_weight,7942,8,0.8277227722772277,0.1723814486711829
directed_cross_project_edge_weight,7943,8,0.8278269932256384,0.17227722772277226
directed_cross_project_edge_weight,7944,8,0.827931214174049,0.17217300677436165
directed_cross_project_edge_weight,7945,8,0.8280354351224596,0.172068785825951
directed_cross_project_edge_weight,7946,8,0.8281396560708703,0.1719645648775404
directed_cross_project_edge_weight,7947,8,0.8282438770192809,0.17186034392912974
directed_cross_project_edge_weight,7948,8,0.8283480979676915,0.17175612298071913
directed_cross_project_edge_weight,7949,8,0.8284523189161022,0.17165190203230848
directed_cross_project_edge_weight,7950,8,0.8285565398645127,0.17154768108389787
directed_cross_project_edge_weight,7951,8,0.8286607608129234,0.17144346013548722
directed_cross_project_edge_weight,7952,8,0.8287649817613341,0.1713392391870766
directed_cross_project_edge_weight,7953,8,0.8288692027097446,0.17123501823866596
directed_cross_project_edge_weight,7954,8,0.8289734236581553,0.17113079729025535
directed_cross_project_edge_weight,7955,8,0.829077644606566,0.1710265763418447
directed_cross_project_edge_weight,7956,8,0.8291818655549765,0.1709223553934341
directed_cross_project_edge_weight,7957,8,0.8292860865033872,0.17081813444502345
directed_cross_project_edge_weight,7958,8,0.8293903074517978,0.17071391349661283
directed_cross_project_edge_weight,7959,8,0.8294945284002084,0.17060969254820219
directed_cross_project_edge_weight,7960,8,0.8295987493486191,0.17050547159979157
directed_cross_project_edge_weight,7961,8,0.8297029702970297,0.17040125065138093
directed_cross_project_edge_weight,7962,8,0.8298071912454403,0.1702970297029703
directed_cross_project_edge_weight,7963,8,0.829911412193851,0.17019280875455967
directed_cross_project_edge_weight,7964,8,0.8300156331422616,0.17008858780614905
directed_cross_project_edge_weight,7965,8,0.8301198540906722,0.1699843668577384
directed_cross_project_edge_weight,7966,8,0.8302240750390829,0.16988014590932776
directed_cross_project_edge_weight,7967,8,0.8303282959874935,0.16977592496091715
directed_cross_project_edge_weight,7968,8,0.8304325169359041,0.1696717040125065
directed_cross_project_edge_weight,7969,8,0.8305367378843147,0.1695674830640959
directed_cross_project_edge_weight,7970,8,0.8306409588327254,0.16946326211568524
directed_cross_project_edge_weight,7971,8,0.830745179781136,0.16935904116727463
directed_cross_project_edge_weight,7972,8,0.8308494007295466,0.16925482021886398
directed_cross_project_edge_weight,7973,8,0.8309536216779573,0.16915059927045337
directed_cross_project_edge_weight,7974,8,0.831057842626368,0.16904637832204272
directed_cross_project_edge_weight,7975,8,0.8311620635747785,0.1689421573736321
directed_cross_project_edge_weight,7976,8,0.8312662845231892,0.16883793642522146
directed_cross_project_edge_weight,7977,8,0.8313705054715997,0.16873371547681085
directed_cross_project_edge_weight,7978,8,0.8314747264200104,0.1686294945284002
directed_cross_project_edge_weight,7979,8,0.8315789473684211,0.1685252735799896
directed_cross_project_edge_weight,7980,8,0.8316831683168316,0.16842105263157894
directed_cross_project_edge_weight,7981,8,0.8317873892652423,0.16831683168316833
directed_cross_project_edge_weight,7982,8,0.831891610213653,0.16821261073475768
directed_cross_project_edge_weight,7983,8,0.8319958311620635,0.16810838978634707
directed_cross_project_edge_weight,7984,8,0.8321000521104742,0.16800416883793642
directed_cross_project_edge_weight,7985,8,0.8322042730588849,0.1678999478895258
directed_cross_project_edge_weight,7986,8,0.8323084940072955,0.16779572694111516
directed_cross_project_edge_weight,7987,8,0.8324127149557061,0.16769150599270452
directed_cross_project_edge_weight,7988,8,0.8325169359041167,0.1675872850442939
directed_cross_project_edge_weight,7989,8,0.8326211568525274,0.16748306409588326
directed_cross_project_edge_weight,7990,8,0.832725377800938,0.16737884314747264
directed_cross_project_edge_weight,7991,8,0.8328295987493486,0.167274622199062
directed_cross_project_edge_weight,7992,8,0.8329338196977593,0.16717040125065138
directed_cross_project_edge_weight,7993,8,0.8330380406461699,0.16706618030224074
directed_cross_project_edge_weight,7994,8,0.8331422615945805,0.16696195935383012
directed_cross_project_edge_weight,7995,8,0.8332464825429912,0.16685773840541948
directed_cross_project_edge_weight,7996,8,0.8333507034914017,0.16675351745700887
directed_cross_project_edge_weight,7997,8,0.8334549244398124,0.16664929650859822
directed_cross_project_edge_weight,7998,8,0.8335591453882231,0.1665450755601876
directed_cross_project_edge_weight,7999,8,0.8336633663366336,0.16644085461177696
directed_cross_project_edge_weight,8000,8,0.8337675872850443,0.16633663366336635
directed_cross_project_edge_weight,8001,8,0.833871808233455,0.1662324127149557
directed_cross_project_edge_weight,8002,8,0.8339760291818655,0.16612819176654509
directed_cross_project_edge_weight,8003,8,0.8340802501302762,0.16602397081813444
directed_cross_project_edge_weight,8004,8,0.8341844710786868,0.16591974986972383
directed_cross_project_edge_weight,8005,8,0.8342886920270974,0.16581552892131318
directed_cross_project_edge_weight,8006,8,0.8343929129755081,0.16571130797290257
directed_cross_project_edge_weight,8007,8,0.8344971339239187,0.16560708702449192
directed_cross_project_edge_weight,8008,8,0.8346013548723293,0.16550286607608128
directed_cross_project_edge_weight,8009,8,0.83470557582074,0.16539864512767066
directed_cross_project_edge_weight,8010,8,0.8348097967691506,0.16529442417926002
directed_cross_project_edge_weight,8011,8,0.8349140177175612,0.1651902032308494
directed_cross_project_edge_weight,8012,8,0.8350182386659719,0.16508598228243876
directed_cross_project_edge_weight,8013,8,0.8351224596143825,0.16498176133402814
directed_cross_project_edge_weight,8014,8,0.8352266805627931,0.1648775403856175
directed_cross_project_edge_weight,8015,8,0.8353309015112037,0.16477331943720688
directed_cross_project_edge_weight,8016,8,0.8354351224596144,0.16466909848879624
directed_cross_project_edge_weight,8017,8,0.835539343408025,0.16456487754038562
directed_cross_project_edge_weight,8018,8,0.8356435643564356,0.16446065659197498
directed_cross_project_edge_weight,8019,8,0.8357477853048463,0.16435643564356436
directed_cross_project_edge_weight,8020,8,0.835852006253257,0.16425221469515372
directed_cross_project_edge_weight,8021,8,0.8359562272016675,0.1641479937467431
directed_cross_project_edge_weight,8022,8,0.8360604481500782,0.16404377279833246
directed_cross_project_edge_weight,8023,8,0.8361646690984887,0.16393955184992184
directed_cross_project_edge_weight,8024,8,0.8362688900468994,0.1638353309015112
directed_cross_project_edge_weight,8025,8,0.8363731109953101,0.16373110995310058
directed_cross_project_edge_weight,8026,8,0.8364773319437206,0.16362688900468994
directed_cross_project_edge_weight,8027,8,0.8365815528921313,0.16352266805627932
directed_cross_project_edge_weight,8028,8,0.836685773840542,0.16341844710786868
directed_cross_project_edge_weight,8029,8,0.8367899947889526,0.16331422615945806
directed_cross_project_edge_weight,8030,8,0.8368942157373632,0.16321000521104742
directed_cross_project_edge_weight,8031,9,0.8369984366857739,0.16310578426263678
directed_cross_project_edge_weight,8032,9,0.8371026576341845,0.16300156331422616
directed_cross_project_edge_weight,8033,9,0.8372068785825951,0.16289734236581552
directed_cross_project_edge_weight,8034,9,0.8373110995310057,0.1627931214174049
directed_cross_project_edge_weight,8035,9,0.8374153204794164,0.16268890046899426
directed_cross_project_edge_weight,8036,9,0.837519541427827,0.16258467952058364
directed_cross_project_edge_weight,8037,9,0.8376237623762376,0.162480458572173
directed_cross_project_edge_weight,8038,9,0.8377279833246483,0.16237623762376238
directed_cross_project_edge_weight,8039,9,0.8378322042730589,0.16227201667535174
directed_cross_project_edge_weight,8040,9,0.8379364252214695,0.16216779572694112
directed_cross_project_edge_weight,8041,9,0.8380406461698802,0.16206357477853048
directed_cross_project_edge_weight,8042,9,0.8381448671182907,0.16195935383011986
directed_cross_project_edge_weight,8043,9,0.8382490880667014,0.16185513288170922
directed_cross_project_edge_weight,8044,9,0.8383533090151121,0.1617509119332986
directed_cross_project_edge_weight,8045,9,0.8384575299635226,0.16164669098488796
directed_cross_project_edge_weight,8046,9,0.8385617509119333,0.16154247003647734
directed_cross_project_edge_weight,8047,9,0.838665971860344,0.1614382490880667
directed_cross_project_edge_weight,8048,9,0.8387701928087545,0.16133402813965608
directed_cross_project_edge_weight,8049,9,0.8388744137571652,0.16122980719124544
directed_cross_project_edge_weight,8050,9,0.8389786347055758,0.16112558624283482
directed_cross_project_edge_weight,8051,9,0.8390828556539864,0.16102136529442418
directed_cross_project_edge_weight,8052,9,0.8391870766023971,0.16091714434601354
directed_cross_project_edge_weight,8053,9,0.8392912975508077,0.16081292339760292
directed_cross_project_edge_weight,8054,9,0.8393955184992183,0.16070870244919228
directed_cross_project_edge_weight,8055,9,0.839499739447629,0.16060448150078166
directed_cross_project_edge_weight,8056,9,0.8396039603960396,0.16050026055237102
directed_cross_project_edge_weight,8057,9,0.8397081813444502,0.1603960396039604
directed_cross_project_edge_weight,8058,9,0.8398124022928609,0.16029181865554976
directed_cross_project_edge_weight,8059,9,0.8399166232412715,0.16018759770713914
directed_cross_project_edge_weight,8060,9,0.8400208441896821,0.1600833767587285
directed_cross_project_edge_weight,8061,9,0.8401250651380927,0.15997915581031788
directed_cross_project_edge_weight,8062,9,0.8402292860865034,0.15987493486190724
directed_cross_project_edge_weight,8063,9,0.840333507034914,0.15977071391349662
directed_cross_project_edge_weight,8064,9,0.8404377279833246,0.15966649296508598
directed_cross_project_edge_weight,8065,9,0.8405419489317353,0.15956227201667536
directed_cross_project_edge_weight,8066,9,0.840646169880146,0.15945805106826472
directed_cross_project_edge_weight,8067,9,0.8407503908285565,0.1593538301198541
directed_cross_project_edge_weight,8068,9,0.8408546117769672,0.15924960917144346
directed_cross_project_edge_weight,8069,9,0.8409588327253777,0.15914538822303284
directed_cross_project_edge_weight,8070,9,0.8410630536737884,0.1590411672746222
directed_cross_project_edge_weight,8071,9,0.8411672746221991,0.15893694632621158
directed_cross_project_edge_weight,8072,9,0.8412714955706097,0.15883272537780094
directed_cross_project_edge_weight,8073,9,0.8413757165190203,0.1587285044293903
directed_cross_project_edge_weight,8074,9,0.841479937467431,0.15862428348097968
directed_cross_project_edge_weight,8075,9,0.8415841584158416,0.15852006253256903
directed_cross_project_edge_weight,8076,9,0.8416883793642522,0.15841584158415842
directed_cross_project_edge_weight,8077,9,0.8417926003126629,0.15831162063574777
directed_cross_project_edge_weight,8078,9,0.8418968212610735,0.15820739968733716
directed_cross_project_edge_weight,8079,9,0.8420010422094841,0.15810317873892651
directed_cross_project_edge_weight,8080,9,0.8421052631578947,0.1579989577905159
directed_cross_project_edge_weight,8081,9,0.8422094841063054,0.15789473684210525
directed_cross_project_edge_weight,8082,9,0.842313705054716,0.15779051589369464
directed_cross_project_edge_weight,8083,9,0.8424179260031266,0.157686294945284
directed_cross_project_edge_weight,8084,9,0.8425221469515373,0.15758207399687338
directed_cross_project_edge_weight,8085,9,0.8426263678999479,0.15747785304846273
directed_cross_project_edge_weight,8086,9,0.8427305888483585,0.15737363210005212
directed_cross_project_edge_weight,8087,9,0.8428348097967692,0.15726941115164147
directed_cross_project_edge_weight,8088,9,0.8429390307451797,0.15716519020323086
directed_cross_project_edge_weight,8089,9,0.8430432516935904,0.15706096925482022
directed_cross_project_edge_weight,8090,9,0.8431474726420011,0.1569567483064096
directed_cross_project_edge_weight,8091,9,0.8432516935904116,0.15685252735799896
directed_cross_project_edge_weight,8092,9,0.8433559145388223,0.15674830640958834
directed_cross_project_edge_weight,8093,9,0.843460135487233,0.1566440854611777
directed_cross_project_edge_weight,8094,9,0.8435643564356435,0.15653986451276708
directed_cross_project_edge_weight,8095,9,0.8436685773840542,0.15643564356435644
directed_cross_project_edge_weight,8096,9,0.8437727983324649,0.1563314226159458
directed_cross_project_edge_weight,8097,9,0.8438770192808754,0.15622720166753518
directed_cross_project_edge_weight,8098,9,0.8439812402292861,0.15612298071912453
directed_cross_project_edge_weight,8099,9,0.8440854611776967,0.15601875977071392
directed_cross_project_edge_weight,8100,9,0.8441896821261073,0.15591453882230327
directed_cross_project_edge_weight,8101,9,0.844293903074518,0.15581031787389266
directed_cross_project_edge_weight,8102,9,0.8443981240229286,0.155706096925482
directed_cross_project_edge_weight,8103,9,0.8445023449713392,0.1556018759770714
directed_cross_project_edge_weight,8104,9,0.8446065659197499,0.15549765502866075
directed_cross_project_edge_weight,8105,9,0.8447107868681605,0.15539343408025014
directed_cross_project_edge_weight,8106,9,0.8448150078165712,0.1552892131318395
directed_cross_project_edge_weight,8107,9,0.8449192287649817,0.15518499218342888
directed_cross_project_edge_weight,8108,9,0.8450234497133924,0.15508077123501823
directed_cross_project_edge_weight,8109,9,0.845127670661803,0.15497655028660762
directed_cross_project_edge_weight,8110,9,0.8452318916102136,0.15487232933819697
directed_cross_project_edge_weight,8111,9,0.8453361125586243,0.15476810838978636
directed_cross_project_edge_weight,8112,9,0.845440333507035,0.1546638874413757
directed_cross_project_edge_weight,8113,9,0.8455445544554455,0.1545596664929651
directed_cross_project_edge_weight,8114,9,0.8456487754038562,0.15445544554455445
directed_cross_project_edge_weight,8115,9,0.8457529963522668,0.15435122459614384
directed_cross_project_edge_weight,8116,9,0.8458572173006774,0.1542470036477332
directed_cross_project_edge_weight,8117,9,0.8459614382490881,0.15414278269932255
directed_cross_project_edge_weight,8118,9,0.8460656591974987,0.15403856175091193
directed_cross_project_edge_weight,8119,9,0.8461698801459093,0.1539343408025013
directed_cross_project_edge_weight,8120,9,0.84627410109432,0.15383011985409067
directed_cross_project_edge_weight,8121,9,0.8463783220427306,0.15372589890568003
directed_cross_project_edge_weight,8122,9,0.8464825429911412,0.15362167795726941
directed_cross_project_edge_weight,8123,9,0.8465867639395519,0.15351745700885877
directed_cross_project_edge_weight,8124,9,0.8466909848879625,0.15341323606044815
directed_cross_project_edge_weight,8125,9,0.8467952058363731,0.1533090151120375
directed_cross_project_edge_weight,8126,9,0.8468994267847837,0.1532047941636269
directed_cross_project_edge_weight,8127,9,0.8470036477331944,0.15310057321521625
directed_cross_project_edge_weight,8128,9,0.847107868681605,0.15299635226680564
directed_cross_project_edge_weight,8129,9,0.8472120896300156,0.152892131318395
directed_cross_project_edge_weight,8130,9,0.8473163105784263,0.15278791036998438
directed_cross_project_edge_weight,8131,9,0.8474205315268369,0.15268368942157373
directed_cross_project_edge_weight,8132,9,0.8475247524752475,0.15257946847316312
directed_cross_project_edge_weight,8133,9,0.8476289734236582,0.15247524752475247
directed_cross_project_edge_weight,8134,9,0.8477331943720687,0.15237102657634186
directed_cross_project_edge_weight,8135,9,0.8478374153204794,0.1522668056279312
directed_cross_project_edge_weight,8136,9,0.8479416362688901,0.1521625846795206
directed_cross_project_edge_weight,8137,9,0.8480458572173006,0.15205836373110995
directed_cross_project_edge_weight,8138,9,0.8481500781657113,0.15195414278269934
directed_cross_project_edge_weight,8139,9,0.848254299114122,0.1518499218342887
directed_cross_project_edge_weight,8140,9,0.8483585200625325,0.15174570088587805
directed_cross_project_edge_weight,8141,9,0.8484627410109432,0.15164147993746743
directed_cross_project_edge_weight,8142,9,0.8485669619593539,0.1515372589890568
directed_cross_project_edge_weight,8143,9,0.8486711829077644,0.15143303804064617
directed_cross_project_edge_weight,8144,9,0.8487754038561751,0.15132881709223553
directed_cross_project_edge_weight,8145,9,0.8488796248045857,0.1512245961438249
directed_cross_project_edge_weight,8146,9,0.8489838457529963,0.15112037519541427
directed_cross_project_edge_weight,8147,9,0.849088066701407,0.15101615424700365
directed_cross_project_edge_weight,8148,9,0.8491922876498176,0.150911933298593
directed_cross_project_edge_weight,8149,9,0.8492965085982283,0.1508077123501824
directed_cross_project_edge_weight,8150,10,0.8494007295466389,0.15070349140177175
directed_cross_project_edge_weight,8151,10,0.8495049504950495,0.15059927045336113
directed_cross_project_edge_weight,8152,10,0.8496091714434602,0.1504950495049505
directed_cross_project_edge_weight,8153,10,0.8497133923918707,0.15039082855653987
directed_cross_project_edge_weight,8154,10,0.8498176133402814,0.15028660760812923
directed_cross_project_edge_weight,8155,10,0.8499218342886921,0.15018238665971861
directed_cross_project_edge_weight,8156,10,0.8500260552371026,0.15007816571130797
directed_cross_project_edge_weight,8157,10,0.8501302761855133,0.14997394476289735
directed_cross_project_edge_weight,8158,10,0.850234497133924,0.1498697238144867
directed_cross_project_edge_weight,8159,10,0.8503387180823345,0.1497655028660761
directed_cross_project_edge_weight,8160,10,0.8504429390307452,0.14966128191766545
directed_cross_project_edge_weight,8161,10,0.8505471599791559,0.1495570609692548
directed_cross_project_edge_weight,8162,10,0.8506513809275664,0.1494528400208442
directed_cross_project_edge_weight,8163,10,0.8507556018759771,0.14934861907243355
directed_cross_project_edge_weight,8164,10,0.8508598228243877,0.14924439812402293
directed_cross_project_edge_weight,8165,10,0.8509640437727983,0.1491401771756123
directed_cross_project_edge_weight,8166,10,0.851068264721209,0.14903595622720167
directed_cross_project_edge_weight,8167,10,0.8511724856696196,0.14893173527879103
directed_cross_project_edge_weight,8168,10,0.8512767066180302,0.1488275143303804
directed_cross_project_edge_weight,8169,10,0.8513809275664409,0.14872329338196977
directed_cross_project_edge_weight,8170,10,0.8514851485148515,0.14861907243355915
directed_cross_project_edge_weight,8171,10,0.8515893694632621,0.1485148514851485
directed_cross_project_edge_weight,8172,10,0.8516935904116727,0.1484106305367379
directed_cross_project_edge_weight,8173,10,0.8517978113600834,0.14830640958832725
directed_cross_project_edge_weight,8174,10,0.851902032308494,0.14820218863991663
directed_cross_project_edge_weight,8175,10,0.8520062532569046,0.148097967691506
directed_cross_project_edge_weight,8176,10,0.8521104742053153,0.14799374674309537
directed_cross_project_edge_weight,8177,10,0.8522146951537259,0.14788952579468473
directed_cross_project_edge_weight,8178,10,0.8523189161021365,0.1477853048462741
directed_cross_project_edge_weight,8179,10,0.8524231370505472,0.14768108389786347
directed_cross_project_edge_weight,8180,10,0.8525273579989577,0.14757686294945285
directed_cross_project_edge_weight,8181,10,0.8526315789473684,0.1474726420010422
directed_cross_project_edge_weight,8182,10,0.8527357998957791,0.14736842105263157
directed_cross_project_edge_weight,8183,10,0.8528400208441896,0.14726420010422095
directed_cross_project_edge_weight,8184,10,0.8529442417926003,0.1471599791558103
directed_cross_project_edge_weight,8185,10,0.853048462741011,0.1470557582073997
directed_cross_project_edge_weight,8186,10,0.8531526836894215,0.14695153725898905
directed_cross_project_edge_weight,8187,10,0.8532569046378322,0.14684731631057843
directed_cross_project_edge_weight,8188,10,0.8533611255862429,0.14674309536216779
directed_cross_project_edge_weight,8189,10,0.8534653465346534,0.14663887441375717
directed_cross_project_edge_weight,8190,10,0.8535695674830641,0.14653465346534653
directed_cross_project_edge_weight,8191,10,0.8536737884314747,0.1464304325169359
directed_cross_project_edge_weight,8192,10,0.8537780093798853,0.14632621156852527
directed_cross_project_edge_weight,8193,10,0.853882230328296,0.14622199062011465
directed_cross_project_edge_weight,8194,10,0.8539864512767066,0.146117769671704
directed_cross_project_edge_weight,8195,10,0.8540906722251173,0.1460135487232934
directed_cross_project_edge_weight,8196,10,0.8541948931735279,0.14590932777488275
directed_cross_project_edge_weight,8197,10,0.8542991141219385,0.14580510682647213
directed_cross_project_edge_weight,8198,10,0.8544033350703492,0.1457008858780615
directed_cross_project_edge_weight,8199,10,0.8545075560187597,0.14559666492965087
directed_cross_project_edge_weight,8200,10,0.8546117769671704,0.14549244398124023
directed_cross_project_edge_weight,8201,10,0.8547159979155811,0.1453882230328296
directed_cross_project_edge_weight,8202,10,0.8548202188639916,0.14528400208441897
directed_cross_project_edge_weight,8203,10,0.8549244398124023,0.14517978113600835
directed_cross_project_edge_weight,8204,10,0.855028660760813,0.1450755601875977
directed_cross_project_edge_weight,8205,10,0.8551328817092235,0.14497133923918706
directed_cross_project_edge_weight,8206,10,0.8552371026576342,0.14486711829077645
directed_cross_project_edge_weight,8207,10,0.8553413236060449,0.1447628973423658
directed_cross_project_edge_weight,8208,10,0.8554455445544554,0.1446586763939552
directed_cross_project_edge_weight,8209,10,0.8555497655028661,0.14455445544554454
directed_cross_project_edge_weight,8210,10,0.8556539864512767,0.14445023449713393
directed_cross_project_edge_weight,8211,10,0.8557582073996873,0.14434601354872328
directed_cross_project_edge_weight,8212,10,0.855862428348098,0.14424179260031267
directed_cross_project_edge_weight,8213,10,0.8559666492965086,0.14413757165190202
directed_cross_project_edge_weight,8214,10,0.8560708702449192,0.1440333507034914
directed_cross_project_edge_weight,8215,10,0.8561750911933299,0.14392912975508076
directed_cross_project_edge_weight,8216,10,0.8562793121417405,0.14382490880667015
directed_cross_project_edge_weight,8217,10,0.8563835330901511,0.1437206878582595
directed_cross_project_edge_weight,8218,10,0.8564877540385617,0.1436164669098489
directed_cross_project_edge_weight,8219,10,0.8565919749869724,0.14351224596143825
directed_cross_project_edge_weight,8220,10,0.856696195935383,0.14340802501302763
directed_cross_project_edge_weight,8221,10,0.8568004168837936,0.14330380406461699
directed_cross_project_edge_weight,8222,10,0.8569046378322043,0.14319958311620637
directed_cross_project_edge_weight,8223,10,0.857008858780615,0.14309536216779573
directed_cross_project_edge_weight,8224,10,0.8571130797290255,0.1429911412193851
directed_cross_project_edge_weight,8225,10,0.8572173006774362,0.14288692027097447
directed_cross_project_edge_weight,8226,10,0.8573215216258468,0.14278269932256382
directed_cross_project_edge_weight,8227,10,0.8574257425742574,0.1426784783741532
directed_cross_project_edge_weight,8228,10,0.8575299635226681,0.14257425742574256
directed_cross_project_edge_weight,8229,10,0.8576341844710786,0.14247003647733195
directed_cross_project_edge_weight,8230,10,0.8577384054194893,0.1423658155289213
directed_cross_project_edge_weight,8231,10,0.8578426263679,0.1422615945805107
directed_cross_project_edge_weight,8232,10,0.8579468473163105,0.14215737363210004
directed_cross_project_edge_weight,8233,10,0.8580510682647212,0.14205315268368943
directed_cross_project_edge_weight,8234,10,0.8581552892131319,0.14194893173527878
directed_cross_project_edge_weight,8235,10,0.8582595101615424,0.14184471078686817
directed_cross_project_edge_weight,8236,10,0.8583637311099531,0.14174048983845752
directed_cross_project_edge_weight,8237,10,0.8584679520583637,0.1416362688900469
directed_cross_project_edge_weight,8238,10,0.8585721730067744,0.14153204794163626
directed_cross_project_edge_weight,8239,10,0.858676393955185,0.14142782699322565
directed_cross_project_edge_weight,8240,10,0.8587806149035956,0.141323606044815
directed_cross_project_edge_weight,8241,10,0.8588848358520063,0.1412193850964044
directed_cross_project_edge_weight,8242,10,0.8589890568004169,0.14111516414799374
directed_cross_project_edge_weight,8243,10,0.8590932777488275,0.14101094319958313
directed_cross_project_edge_weight,8244,10,0.8591974986972382,0.14090672225117248
directed_cross_project_edge_weight,8245,10,0.8593017196456487,0.14080250130276187
directed_cross_project_edge_weight,8246,10,0.8594059405940594,0.14069828035435122
directed_cross_project_edge_weight,8247,10,0.8595101615424701,0.1405940594059406
directed_cross_project_edge_weight,8248,10,0.8596143824908806,0.14048983845752996
directed_cross_project_edge_weight,8249,10,0.8597186034392913,0.14038561750911932
directed_cross_project_edge_weight,8250,10,0.859822824387702,0.1402813965607087
directed_cross_project_edge_weight,8251,10,0.8599270453361125,0.14017717561229806
directed_cross_project_edge_weight,8252,11,0.8600312662845232,0.14007295466388744
directed_cross_project_edge_weight,8253,11,0.8601354872329339,0.1399687337154768
directed_cross_project_edge_weight,8254,11,0.8602397081813444,0.13986451276706618
directed_cross_project_edge_weight,8255,11,0.8603439291297551,0.13976029181865554
directed_cross_project_edge_weight,8256,11,0.8604481500781657,0.13965607087024492
directed_cross_project_edge_weight,8257,11,0.8605523710265763,0.13955184992183428
directed_cross_project_edge_weight,8258,11,0.860656591974987,0.13944762897342367
directed_cross_project_edge_weight,8259,11,0.8607608129233976,0.13934340802501302
directed_cross_project_edge_weight,8260,11,0.8608650338718082,0.1392391870766024
directed_cross_project_edge_weight,8261,11,0.8609692548202189,0.13913496612819176
directed_cross_project_edge_weight,8262,11,0.8610734757686295,0.13903074517978115
directed_cross_project_edge_weight,8263,11,0.8611776967170401,0.1389265242313705
directed_cross_project_edge_weight,8264,11,0.8612819176654507,0.13882230328295989
directed_cross_project_edge_weight,8265,11,0.8613861386138614,0.13871808233454924
directed_cross_project_edge_weight,8266,11,0.861490359562272,0.13861386138613863
directed_cross_project_edge_weight,8267,11,0.8615945805106826,0.13850964043772798
directed_cross_project_edge_weight,8268,11,0.8616988014590933,0.13840541948931737
directed_cross_project_edge_weight,8269,11,0.861803022407504,0.13830119854090672
directed_cross_project_edge_weight,8270,11,0.8619072433559145,0.13819697759249608
directed_cross_project_edge_weight,8271,11,0.8620114643043252,0.13809275664408546
directed_cross_project_edge_weight,8272,11,0.8621156852527359,0.13798853569567482
directed_cross_project_edge_weight,8273,11,0.8622199062011464,0.1378843147472642
directed_cross_project_edge_weight,8274,11,0.8623241271495571,0.13778009379885356
directed_cross_project_edge_weight,8275,11,0.8624283480979676,0.13767587285044294
directed_cross_project_edge_weight,8276,11,0.8625325690463783,0.1375716519020323
directed_cross_project_edge_weight,8277,11,0.862636789994789,0.13746743095362168
directed_cross_project_edge_weight,8278,11,0.8627410109431995,0.13736321000521104
directed_cross_project_edge_weight,8279,11,0.8628452318916102,0.13725898905680042
directed_cross_project_edge_weight,8280,11,0.8629494528400209,0.13715476810838978
directed_cross_project_edge_weight,8281,11,0.8630536737884315,0.13705054715997916
directed_cross_project_edge_weight,8282,11,0.8631578947368421,0.13694632621156852
directed_cross_project_edge_weight,8283,11,0.8632621156852527,0.1368421052631579
directed_cross_project_edge_weight,8284,11,0.8633663366336634,0.13673788431474726
directed_cross_project_edge_weight,8285,11,0.863470557582074,0.13663366336633664
directed_cross_project_edge_weight,8286,11,0.8635747785304846,0.136529442417926
directed_cross_project_edge_weight,8287,11,0.8636789994788953,0.13642522146951538
directed_cross_project_edge_weight,8288,11,0.8637832204273059,0.13632100052110474
directed_cross_project_edge_weight,8289,11,0.8638874413757165,0.13621677957269412
directed_cross_project_edge_weight,8290,11,0.8639916623241272,0.13611255862428348
directed_cross_project_edge_weight,8291,11,0.8640958832725378,0.13600833767587284
directed_cross_project_edge_weight,8292,11,0.8642001042209484,0.13590411672746222
directed_cross_project_edge_weight,8293,11,0.8643043251693591,0.13579989577905158
directed_cross_project_edge_weight,8294,11,0.8644085461177696,0.13569567483064096
directed_cross_project_edge_weight,8295,11,0.8645127670661803,0.13559145388223032
directed_cross_project_edge_weight,8296,11,0.864616988014591,0.1354872329338197
directed_cross_project_edge_weight,8297,11,0.8647212089630015,0.13538301198540906
directed_cross_project_edge_weight,8298,11,0.8648254299114122,0.13527879103699844
directed_cross_project_edge_weight,8299,11,0.8649296508598229,0.1351745700885878
directed_cross_project_edge_weight,8300,11,0.8650338718082334,0.13507034914017718
directed_cross_project_edge_weight,8301,11,0.8651380927566441,0.13496612819176654
directed_cross_project_edge_weight,8302,11,0.8652423137050547,0.13486190724335592
directed_cross_project_edge_weight,8303,11,0.8653465346534653,0.13475768629494528
directed_cross_project_edge_weight,8304,11,0.865450755601876,0.13465346534653466
directed_cross_project_edge_weight,8305,11,0.8655549765502866,0.13454924439812402
directed_cross_project_edge_weight,8306,11,0.8656591974986972,0.1344450234497134
directed_cross_project_edge_weight,8307,11,0.8657634184471079,0.13434080250130276
directed_cross_project_edge_weight,8308,11,0.8658676393955185,0.13423658155289214
directed_cross_project_edge_weight,8309,11,0.8659718603439291,0.1341323606044815
directed_cross_project_edge_weight,8310,11,0.8660760812923397,0.13402813965607088
directed_cross_project_edge_weight,8311,11,0.8661803022407504,0.13392391870766024
directed_cross_project_edge_weight,8312,11,0.866284523189161,0.13381969775924962
directed_cross_project_edge_weight,8313,11,0.8663887441375716,0.13371547681083898
directed_cross_project_edge_weight,8314,11,0.8664929650859823,0.13361125586242834
directed_cross_project_edge_weight,8315,11,0.866597186034393,0.13350703491401772
directed_cross_project_edge_weight,8316,11,0.8667014069828035,0.13340281396560708
directed_cross_project_edge_weight,8317,11,0.8668056279312142,0.13329859301719646
directed_cross_project_edge_weight,8318,11,0.8669098488796249,0.13319437206878582
directed_cross_project_edge_weight,8319,11,0.8670140698280354,0.1330901511203752
directed_cross_project_edge_weight,8320,11,0.8671182907764461,0.13298593017196456
directed_cross_project_edge_weight,8321,11,0.8672225117248566,0.13288170922355394
directed_cross_project_edge_weight,8322,11,0.8673267326732673,0.1327774882751433
directed_cross_project_edge_weight,8323,11,0.867430953621678,0.13267326732673268
directed_cross_project_edge_weight,8324,11,0.8675351745700886,0.13256904637832204
directed_cross_project_edge_weight,8325,11,0.8676393955184992,0.13246482542991142
directed_cross_project_edge_weight,8326,11,0.8677436164669099,0.13236060448150078
directed_cross_project_edge_weight,8327,11,0.8678478374153205,0.13225638353309016
directed_cross_project_edge_weight,8328,11,0.8679520583637311,0.13215216258467952
directed_cross_project_edge_weight,8329,11,0.8680562793121417,0.1320479416362689
directed_cross_project_edge_weight,8330,11,0.8681605002605524,0.13194372068785826
directed_cross_project_edge_weight,8331,11,0.868264721208963,0.13183949973944764
directed_cross_project_edge_weight,8332,11,0.8683689421573736,0.131735278791037
directed_cross_project_edge_weight,8333,11,0.8684731631057843,0.13163105784262638
directed_cross_project_edge_weight,8334,11,0.8685773840541949,0.13152683689421574
directed_cross_project_edge_weight,8335,11,0.8686816050026055,0.1314226159458051
directed_cross_project_edge_weight,8336,11,0.8687858259510162,0.13131839499739448
directed_cross_project_edge_weight,8337,11,0.8688900468994268,0.13121417404898383
directed_cross_project_edge_weight,8338,11,0.8689942678478374,0.13110995310057322
directed_cross_project_edge_weight,8339,11,0.8690984887962481,0.13100573215216257
directed_cross_project_edge_weight,8340,11,0.8692027097446586,0.13090151120375196
directed_cross_project_edge_weight,8341,12,0.8693069306930693,0.13079729025534131
directed_cross_project_edge_weight,8342,12,0.86941115164148,0.1306930693069307
directed_cross_project_edge_weight,8343,12,0.8695153725898905,0.13058884835852005
directed_cross_project_edge_weight,8344,12,0.8696195935383012,0.13048462741010944
directed_cross_project_edge_weight,8345,12,0.8697238144867119,0.1303804064616988
directed_cross_project_edge_weight,8346,12,0.8698280354351224,0.13027618551328818
directed_cross_project_edge_weight,8347,12,0.8699322563835331,0.13017196456487753
directed_cross_project_edge_weight,8348,12,0.8700364773319437,0.13006774361646692
directed_cross_project_edge_weight,8349,12,0.8701406982803543,0.12996352266805627
directed_cross_project_edge_weight,8350,12,0.870244919228765,0.12985930171964566
directed_cross_project_edge_weight,8351,12,0.8703491401771756,0.12975508077123502
directed_cross_project_edge_weight,8352,12,0.8704533611255862,0.1296508598228244
directed_cross_project_edge_weight,8353,12,0.8705575820739969,0.12954663887441376
directed_cross_project_edge_weight,8354,12,0.8706618030224075,0.12944241792600314
directed_cross_project_edge_weight,8355,12,0.8707660239708181,0.1293381969775925
directed_cross_project_edge_weight,8356,12,0.8708702449192288,0.12923397602918185
directed_cross_project_edge_weight,8357,12,0.8709744658676394,0.12912975508077124
directed_cross_project_edge_weight,8358,12,0.87107868681605,0.1290255341323606
directed_cross_project_edge_weight,8359,12,0.8711829077644606,0.12892131318394998
directed_cross_project_edge_weight,8360,12,0.8712871287128713,0.12881709223553933
directed_cross_project_edge_weight,8361,12,0.871391349661282,0.12871287128712872
directed_cross_project_edge_weight,8362,12,0.8714955706096925,0.12860865033871807
directed_cross_project_edge_weight,8363,12,0.8715997915581032,0.12850442939030746
directed_cross_project_edge_weight,8364,12,0.8717040125065139,0.1284002084418968
directed_cross_project_edge_weight,8365,12,0.8718082334549244,0.1282959874934862
directed_cross_project_edge_weight,8366,12,0.8719124544033351,0.12819176654507555
directed_cross_project_edge_weight,8367,12,0.8720166753517457,0.12808754559666494
directed_cross_project_edge_weight,8368,12,0.8721208963001563,0.1279833246482543
directed_cross_project_edge_weight,8369,12,0.872225117248567,0.12787910369984368
directed_cross_project_edge_weight,8370,12,0.8723293381969776,0.12777488275143303
directed_cross_project_edge_weight,8371,12,0.8724335591453882,0.12767066180302242
directed_cross_project_edge_weight,8372,12,0.8725377800937989,0.12756644085461177
directed_cross_project_edge_weight,8373,12,0.8726420010422095,0.12746221990620116
directed_cross_project_edge_weight,8374,12,0.8727462219906201,0.1273579989577905
directed_cross_project_edge_weight,8375,12,0.8728504429390307,0.1272537780093799
directed_cross_project_edge_weight,8376,12,0.8729546638874414,0.12714955706096925
directed_cross_project_edge_weight,8377,12,0.873058884835852,0.12704533611255864
directed_cross_project_edge_weight,8378,12,0.8731631057842626,0.126941115164148
directed_cross_project_edge_weight,8379,12,0.8732673267326733,0.12683689421573735
directed_cross_project_edge_weight,8380,12,0.8733715476810839,0.12673267326732673
directed_cross_project_edge_weight,8381,12,0.8734757686294945,0.1266284523189161
directed_cross_project_edge_weight,8382,12,0.8735799895779052,0.12652423137050547
directed_cross_project_edge_weight,8383,12,0.8736842105263158,0.12642001042209483
directed_cross_project_edge_weight,8384,12,0.8737884314747264,0.12631578947368421
directed_cross_project_edge_weight,8385,12,0.8738926524231371,0.12621156852527357
directed_cross_project_edge_weight,8386,12,0.8739968733715476,0.12610734757686295
directed_cross_project_edge_weight,8387,12,0.8741010943199583,0.1260031266284523
directed_cross_project_edge_weight,8388,12,0.874205315268369,0.1258989056800417
directed_cross_project_edge_weight,8389,12,0.8743095362167795,0.12579468473163105
directed_cross_project_edge_weight,8390,12,0.8744137571651902,0.12569046378322044
directed_cross_project_edge_weight,8391,12,0.8745179781136009,0.1255862428348098
directed_cross_project_edge_weight,8392,12,0.8746221990620114,0.12548202188639918
directed_cross_project_edge_weight,8393,12,0.8747264200104221,0.12537780093798853
directed_cross_project_edge_weight,8394,12,0.8748306409588327,0.12527357998957792
directed_cross_project_edge_weight,8395,12,0.8749348619072433,0.12516935904116727
directed_cross_project_edge_weight,8396,12,0.875039082855654,0.12506513809275666
directed_cross_project_edge_weight,8397,12,0.8751433038040646,0.12496091714434601
directed_cross_project_edge_weight,8398,12,0.8752475247524752,0.12485669619593538
directed_cross_project_edge_weight,8399,12,0.8753517457008859,0.12475247524752475
directed_cross_project_edge_weight,8400,12,0.8754559666492965,0.12464825429911412
directed_cross_project_edge_weight,8401,12,0.8755601875977072,0.12454403335070349
directed_cross_project_edge_weight,8402,12,0.8756644085461178,0.12443981240229286
directed_cross_project_edge_weight,8403,12,0.8757686294945284,0.12433559145388223
directed_cross_project_edge_weight,8404,12,0.875872850442939,0.1242313705054716
directed_cross_project_edge_weight,8405,12,0.8759770713913496,0.12412714955706097
directed_cross_project_edge_weight,8406,12,0.8760812923397603,0.12402292860865034
directed_cross_project_edge_weight,8407,12,0.876185513288171,0.12391870766023971
directed_cross_project_edge_weight,8408,12,0.8762897342365815,0.12381448671182908
directed_cross_project_edge_weight,8409,12,0.8763939551849922,0.12371026576341845
directed_cross_project_edge_weight,8410,12,0.8764981761334029,0.12360604481500782
directed_cross_project_edge_weight,8411,12,0.8766023970818134,0.12350182386659718
directed_cross_project_edge_weight,8412,12,0.8767066180302241,0.12339760291818655
directed_cross_project_edge_weight,8413,12,0.8768108389786347,0.12329338196977592
directed_cross_project_edge_weight,8414,12,0.8769150599270453,0.12318916102136529
directed_cross_project_edge_weight,8415,12,0.877019280875456,0.12308494007295466
directed_cross_project_edge_weight,8416,13,0.8771235018238666,0.12298071912454403
directed_cross_project_edge_weight,8417,13,0.8772277227722772,0.1228764981761334
directed_cross_project_edge_weight,8418,13,0.8773319437206879,0.12277227722772277
directed_cross_project_edge_weight,8419,13,0.8774361646690985,0.12266805627931214
directed_cross_project_edge_weight,8420,13,0.8775403856175091,0.12256383533090151
directed_cross_project_edge_weight,8421,13,0.8776446065659198,0.12245961438249088
directed_cross_project_edge_weight,8422,13,0.8777488275143304,0.12235539343408025
directed_cross_project_edge_weight,8423,13,0.877853048462741,0.12225117248566962
directed_cross_project_edge_weight,8424,13,0.8779572694111516,0.12214695153725899
directed_cross_project_edge_weight,8425,13,0.8780614903595623,0.12204273058884836
directed_cross_project_edge_weight,8426,13,0.8781657113079729,0.12193850964043773
directed_cross_project_edge_weight,8427,13,0.8782699322563835,0.1218342886920271
directed_cross_project_edge_weight,8428,13,0.8783741532047942,0.12173006774361647
directed_cross_project_edge_weight,8429,13,0.8784783741532048,0.12162584679520584
directed_cross_project_edge_weight,8430,13,0.8785825951016154,0.12152162584679521
directed_cross_project_edge_weight,8431,13,0.8786868160500261,0.12141740489838458
directed_cross_project_edge_weight,8432,13,0.8787910369984366,0.12131318394997394
directed_cross_project_edge_weight,8433,13,0.8788952579468473,0.12120896300156331
directed_cross_project_edge_weight,8434,13,0.878999478895258,0.12110474205315268
directed_cross_project_edge_weight,8435,13,0.8791036998436685,0.12100052110474205
directed_cross_project_edge_weight,8436,13,0.8792079207920792,0.12089630015633142
directed_cross_project_edge_weight,8437,13,0.8793121417404899,0.12079207920792079
directed_cross_project_edge_weight,8438,13,0.8794163626889004,0.12068785825951016
directed_cross_project_edge_weight,8439,13,0.8795205836373111,0.12058363731109953
directed_cross_project_edge_weight,8440,13,0.8796248045857217,0.1204794163626889
directed_cross_project_edge_weight,8441,13,0.8797290255341323,0.12037519541427827
directed_cross_project_edge_weight,8442,13,0.879833246482543,0.12027097446586764
directed_cross_project_edge_weight,8443,13,0.8799374674309536,0.12016675351745701
directed_cross_project_edge_weight,8444,13,0.8800416883793643,0.12006253256904638
directed_cross_project_edge_weight,8445,13,0.8801459093277749,0.11995831162063575
directed_cross_project_edge_weight,8446,13,0.8802501302761855,0.11985409067222512
directed_cross_project_edge_weight,8447,13,0.8803543512245962,0.11974986972381449
directed_cross_project_edge_weight,8448,13,0.8804585721730068,0.11964564877540386
directed_cross_project_edge_weight,8449,13,0.8805627931214174,0.11954142782699323
directed_cross_project_edge_weight,8450,13,0.8806670140698281,0.1194372068785826
directed_cross_project_edge_weight,8451,13,0.8807712350182386,0.11933298593017197
directed_cross_project_edge_weight,8452,13,0.8808754559666493,0.11922876498176134
directed_cross_project_edge_weight,8453,13,0.88097967691506,0.11912454403335071
directed_cross_project_edge_weight,8454,13,0.8810838978634705,0.11902032308494007
directed_cross_project_edge_weight,8455,13,0.8811881188118812,0.11891610213652944
directed_cross_project_edge_weight,8456,13,0.8812923397602919,0.1188118811881188
directed_cross_project_edge_weight,8457,13,0.8813965607087024,0.11870766023970818
directed_cross_project_edge_weight,8458,13,0.8815007816571131,0.11860343929129755
directed_cross_project_edge_weight,8459,13,0.8816050026055237,0.11849921834288692
directed_cross_project_edge_weight,8460,13,0.8817092235539343,0.11839499739447629
directed_cross_project_edge_weight,8461,13,0.881813444502345,0.11829077644606566
directed_cross_project_edge_weight,8462,13,0.8819176654507556,0.11818655549765503
directed_cross_project_edge_weight,8463,13,0.8820218863991662,0.1180823345492444
directed_cross_project_edge_weight,8464,13,0.8821261073475769,0.11797811360083377
directed_cross_project_edge_weight,8465,13,0.8822303282959875,0.11787389265242314
directed_cross_project_edge_weight,8466,13,0.8823345492443981,0.11776967170401251
directed_cross_project_edge_weight,8467,13,0.8824387701928088,0.11766545075560188
directed_cross_project_edge_weight,8468,13,0.8825429911412194,0.11756122980719125
directed_cross_project_edge_weight,8469,13,0.88264721208963,0.11745700885878062
directed_cross_project_edge_weight,8470,13,0.8827514330380406,0.11735278791036999
directed_cross_project_edge_weight,8471,13,0.8828556539864513,0.11724856696195936
directed_cross_project_edge_weight,8472,13,0.8829598749348619,0.11714434601354873
directed_cross_project_edge_weight,8473,13,0.8830640958832725,0.1170401250651381
directed_cross_project_edge_weight,8474,13,0.8831683168316832,0.11693590411672747
directed_cross_project_edge_weight,8475,13,0.8832725377800938,0.11683168316831684
directed_cross_project_edge_weight,8476,13,0.8833767587285044,0.1167274622199062
directed_cross_project_edge_weight,8477,13,0.8834809796769151,0.11662324127149556
directed_cross_project_edge_weight,8478,13,0.8835852006253256,0.11651902032308493
directed_cross_project_edge_weight,8479,13,0.8836894215737363,0.1164147993746743
directed_cross_project_edge_weight,8480,13,0.883793642522147,0.11631057842626367
directed_cross_project_edge_weight,8481,14,0.8838978634705575,0.11620635747785305
directed_cross_project_edge_weight,8482,14,0.8840020844189682,0.11610213652944242
directed_cross_project_edge_weight,8483,14,0.8841063053673789,0.11599791558103179
directed_cross_project_edge_weight,8484,14,0.8842105263157894,0.11589369463262116
directed_cross_project_edge_weight,8485,14,0.8843147472642001,0.11578947368421053
directed_cross_project_edge_weight,8486,14,0.8844189682126108,0.1156852527357999
directed_cross_project_edge_weight,8487,14,0.8845231891610214,0.11558103178738927
directed_cross_project_edge_weight,8488,14,0.884627410109432,0.11547681083897864
directed_cross_project_edge_weight,8489,14,0.8847316310578426,0.115372589890568
directed_cross_project_edge_weight,8490,14,0.8848358520062533,0.11526836894215738
directed_cross_project_edge_weight,8491,14,0.8849400729546639,0.11516414799374675
directed_cross_project_edge_weight,8492,14,0.8850442939030745,0.11505992704533612
directed_cross_project_edge_weight,8493,14,0.8851485148514852,0.11495570609692549
directed_cross_project_edge_weight,8494,14,0.8852527357998958,0.11485148514851486
directed_cross_project_edge_weight,8495,14,0.8853569567483064,0.11474726420010423
directed_cross_project_edge_weight,8496,14,0.8854611776967171,0.1146430432516936
directed_cross_project_edge_weight,8497,14,0.8855653986451276,0.11453882230328297
directed_cross_project_edge_weight,8498,14,0.8856696195935383,0.11443460135487232
directed_cross_project_edge_weight,8499,14,0.885773840541949,0.11433038040646169
directed_cross_project_edge_weight,8500,14,0.8858780614903595,0.11422615945805106
directed_cross_project_edge_weight,8501,14,0.8859822824387702,0.11412193850964043
directed_cross_project_edge_weight,8502,14,0.8860865033871809,0.1140177175612298
directed_cross_project_edge_weight,8503,14,0.8861907243355914,0.11391349661281917
directed_cross_project_edge_weight,8504,14,0.8862949452840021,0.11380927566440854
directed_cross_project_edge_weight,8505,14,0.8863991662324127,0.11370505471599791
directed_cross_project_edge_weight,8506,14,0.8865033871808233,0.11360083376758728
directed_cross_project_edge_weight,8507,14,0.886607608129234,0.11349661281917665
directed_cross_project_edge_weight,8508,14,0.8867118290776446,0.11339239187076602
directed_cross_project_edge_weight,8509,14,0.8868160500260552,0.1132881709223554
directed_cross_project_edge_weight,8510,14,0.8869202709744659,0.11318394997394476
directed_cross_project_edge_weight,8511,14,0.8870244919228765,0.11307972902553413
directed_cross_project_edge_weight,8512,14,0.8871287128712871,0.1129755080771235
directed_cross_project_edge_weight,8513,14,0.8872329338196978,0.11287128712871287
directed_cross_project_edge_weight,8514,14,0.8873371547681084,0.11276706618030224
directed_cross_project_edge_weight,8515,14,0.887441375716519,0.11266284523189161
directed_cross_project_edge_weight,8516,14,0.8875455966649296,0.11255862428348098
directed_cross_project_edge_weight,8517,14,0.8876498176133403,0.11245440333507035
directed_cross_project_edge_weight,8518,14,0.887754038561751,0.11235018238665972
directed_cross_project_edge_weight,8519,14,0.8878582595101615,0.1122459614382491
directed_cross_project_edge_weight,8520,14,0.8879624804585722,0.11214174048983845
directed_cross_project_edge_weight,8521,14,0.8880667014069829,0.11203751954142782
directed_cross_project_edge_weight,8522,14,0.8881709223553934,0.11193329859301719
directed_cross_project_edge_weight,8523,14,0.8882751433038041,0.11182907764460656
directed_cross_project_edge_weight,8524,14,0.8883793642522146,0.11172485669619593
directed_cross_project_edge_weight,8525,14,0.8884835852006253,0.1116206357477853
directed_cross_project_edge_weight,8526,14,0.888587806149036,0.11151641479937467
directed_cross_project_edge_weight,8527,14,0.8886920270974465,0.11141219385096404
directed_cross_project_edge_weight,8528,14,0.8887962480458572,0.11130797290255341
directed_cross_project_edge_weight,8529,14,0.8889004689942679,0.11120375195414278
directed_cross_project_edge_weight,8530,14,0.8890046899426784,0.11109953100573215
directed_cross_project_edge_weight,8531,14,0.8891089108910891,0.11099531005732152
directed_cross_project_edge_weight,8532,14,0.8892131318394998,0.11089108910891089
directed_cross_project_edge_weight,8533,14,0.8893173527879104,0.11078686816050026
directed_cross_project_edge_weight,8534,14,0.889421573736321,0.11068264721208963
directed_cross_project_edge_weight,8535,14,0.8895257946847316,0.110578426263679
directed_cross_project_edge_weight,8536,14,0.8896300156331423,0.11047420531526837
directed_cross_project_edge_weight,8537,14,0.8897342365815529,0.11036998436685774
directed_cross_project_edge_weight,8538,14,0.8898384575299635,0.11026576341844711
directed_cross_project_edge_weight,8539,14,0.8899426784783742,0.11016154247003648
directed_cross_project_edge_weight,8540,14,0.8900468994267848,0.11005732152162585
directed_cross_project_edge_weight,8541,14,0.8901511203751954,0.10995310057321521
directed_cross_project_edge_weight,8542,14,0.8902553413236061,0.10984887962480458
directed_cross_project_edge_weight,8543,14,0.8903595622720166,0.10974465867639395
directed_cross_project_edge_weight,8544,14,0.8904637832204273,0.10964043772798332
directed_cross_project_edge_weight,8545,15,0.890568004168838,0.10953621677957269
directed_cross_project_edge_weight,8546,15,0.8906722251172485,0.10943199583116206
directed_cross_project_edge_weight,8547,15,0.8907764460656592,0.10932777488275143
directed_cross_project_edge_weight,8548,15,0.8908806670140699,0.1092235539343408
directed_cross_project_edge_weight,8549,15,0.8909848879624804,0.10911933298593017
directed_cross_project_edge_weight,8550,15,0.8910891089108911,0.10901511203751954
directed_cross_project_edge_weight,8551,15,0.8911933298593018,0.10891089108910891
directed_cross_project_edge_weight,8552,15,0.8912975508077123,0.10880667014069828
directed_cross_project_edge_weight,8553,15,0.891401771756123,0.10870244919228765
directed_cross_project_edge_weight,8554,15,0.8915059927045336,0.10859822824387702
directed_cross_project_edge_weight,8555,15,0.8916102136529442,0.10849400729546639
directed_cross_project_edge_weight,8556,15,0.8917144346013549,0.10838978634705576
directed_cross_project_edge_weight,8557,15,0.8918186555497655,0.10828556539864513
directed_cross_project_edge_weight,8558,15,0.8919228764981761,0.1081813444502345
directed_cross_project_edge_weight,8559,15,0.8920270974465868,0.10807712350182387
directed_cross_project_edge_weight,8560,15,0.8921313183949974,0.10797290255341324
directed_cross_project_edge_weight,8561,15,0.892235539343408,0.10786868160500261
directed_cross_project_edge_weight,8562,15,0.8923397602918186,0.10776446065659198
directed_cross_project_edge_weight,8563,15,0.8924439812402293,0.10766023970818134
directed_cross_project_edge_weight,8564,15,0.89254820218864,0.10755601875977071
directed_cross_project_edge_weight,8565,15,0.8926524231370505,0.10745179781136008
directed_cross_project_edge_weight,8566,15,0.8927566440854612,0.10734757686294945
directed_cross_project_edge_weight,8567,15,0.8928608650338719,0.10724335591453882
directed_cross_project_edge_weight,8568,15,0.8929650859822824,0.10713913496612819
directed_cross_project_edge_weight,8569,15,0.8930693069306931,0.10703491401771756
directed_cross_project_edge_weight,8570,15,0.8931735278791036,0.10693069306930693
directed_cross_project_edge_weight,8571,15,0.8932777488275143,0.1068264721208963
directed_cross_project_edge_weight,8572,15,0.893381969775925,0.10672225117248567
directed_cross_project_edge_weight,8573,15,0.8934861907243355,0.10661803022407504
directed_cross_project_edge_weight,8574,15,0.8935904116727462,0.10651380927566441
directed_cross_project_edge_weight,8575,15,0.8936946326211569,0.10640958832725378
directed_cross_project_edge_weight,8576,15,0.8937988535695675,0.10630536737884315
directed_cross_project_edge_weight,8577,15,0.8939030745179781,0.10620114643043252
directed_cross_project_edge_weight,8578,15,0.8940072954663888,0.10609692548202189
directed_cross_project_edge_weight,8579,15,0.8941115164147994,0.10599270453361126
directed_cross_project_edge_weight,8580,15,0.89421573736321,0.10588848358520063
directed_cross_project_edge_weight,8581,15,0.8943199583116206,0.10578426263679
directed_cross_project_edge_weight,8582,15,0.8944241792600313,0.10568004168837937
directed_cross_project_edge_weight,8583,15,0.8945284002084419,0.10557582073996874
directed_cross_project_edge_weight,8584,15,0.8946326211568525,0.10547159979155811
directed_cross_project_edge_weight,8585,15,0.8947368421052632,0.10536737884314747
directed_cross_project_edge_weight,8586,15,0.8948410630536738,0.10526315789473684
directed_cross_project_edge_weight,8587,15,0.8949452840020844,0.1051589369463262
directed_cross_project_edge_weight,8588,15,0.8950495049504951,0.10505471599791558
directed_cross_project_edge_weight,8589,15,0.8951537258989056,0.10495049504950495
directed_cross_project_edge_weight,8590,15,0.8952579468473163,0.10484627410109432
directed_cross_project_edge_weight,8591,15,0.895362167795727,0.10474205315268369
directed_cross_project_edge_weight,8592,15,0.8954663887441375,0.10463783220427306
directed_cross_project_edge_weight,8593,15,0.8955706096925482,0.10453361125586243
directed_cross_project_edge_weight,8594,15,0.8956748306409589,0.1044293903074518
directed_cross_project_edge_weight,8595,16,0.8957790515893694,0.10432516935904117
directed_cross_project_edge_weight,8596,16,0.8958832725377801,0.10422094841063054
directed_cross_project_edge_weight,8597,16,0.8959874934861908,0.10411672746221991
directed_cross_project_edge_weight,8598,16,0.8960917144346013,0.10401250651380928
directed_cross_project_edge_weight,8599,16,0.896195935383012,0.10390828556539865
directed_cross_project_edge_weight,8600,16,0.8963001563314226,0.10380406461698802
directed_cross_project_edge_weight,8601,16,0.8964043772798332,0.10369984366857739
directed_cross_project_edge_weight,8602,16,0.8965085982282439,0.10359562272016676
directed_cross_project_edge_weight,8603,16,0.8966128191766545,0.10349140177175613
directed_cross_project_edge_weight,8604,16,0.8967170401250651,0.1033871808233455
directed_cross_project_edge_weight,8605,16,0.8968212610734758,0.10328295987493487
directed_cross_project_edge_weight,8606,16,0.8969254820218864,0.10317873892652424
directed_cross_project_edge_weight,8607,16,0.897029702970297,0.1030745179781136
directed_cross_project_edge_weight,8608,16,0.8971339239187076,0.10297029702970296
directed_cross_project_edge_weight,8609,16,0.8972381448671183,0.10286607608129233
directed_cross_project_edge_weight,8610,16,0.897342365815529,0.1027618551328817
directed_cross_project_edge_weight,8611,16,0.8974465867639395,0.10265763418447107
directed_cross_project_edge_weight,8612,16,0.8975508077123502,0.10255341323606045
directed_cross_project_edge_weight,8613,16,0.8976550286607609,0.10244919228764982
directed_cross_project_edge_weight,8614,16,0.8977592496091714,0.10234497133923919
directed_cross_project_edge_weight,8615,16,0.8978634705575821,0.10224075039082856
directed_cross_project_edge_weight,8616,16,0.8979676915059928,0.10213652944241793
directed_cross_project_edge_weight,8617,16,0.8980719124544033,0.1020323084940073
directed_cross_project_edge_weight,8618,16,0.898176133402814,0.10192808754559667
directed_cross_project_edge_weight,8619,16,0.8982803543512246,0.10182386659718604
directed_cross_project_edge_weight,8620,16,0.8983845752996352,0.1017196456487754
directed_cross_project_edge_weight,8621,16,0.8984887962480459,0.10161542470036478
directed_cross_project_edge_weight,8622,16,0.8985930171964565,0.10151120375195415
directed_cross_project_edge_weight,8623,16,0.8986972381448671,0.10140698280354352
directed_cross_project_edge_weight,8624,16,0.8988014590932778,0.10130276185513289
directed_cross_project_edge_weight,8625,16,0.8989056800416884,0.10119854090672226
directed_cross_project_edge_weight,8626,16,0.899009900990099,0.10109431995831163
directed_cross_project_edge_weight,8627,16,0.8991141219385096,0.100990099009901
directed_cross_project_edge_weight,8628,16,0.8992183428869203,0.10088587806149035
directed_cross_project_edge_weight,8629,16,0.8993225638353309,0.10078165711307972
directed_cross_project_edge_weight,8630,16,0.8994267847837415,0.10067743616466909
directed_cross_project_edge_weight,8631,16,0.8995310057321522,0.10057321521625846
directed_cross_project_edge_weight,8632,16,0.8996352266805628,0.10046899426784783
directed_cross_project_edge_weight,8633,16,0.8997394476289734,0.1003647733194372
directed_cross_project_edge_weight,8634,16,0.8998436685773841,0.10026055237102657
directed_cross_project_edge_weight,8635,16,0.8999478895257946,0.10015633142261594
directed_cross_project_edge_weight,8636,16,0.9000521104742053,0.10005211047420531
directed_cross_project_edge_weight,8637,16,0.900156331422616,0.09994788952579468
directed_cross_project_edge_weight,8638,16,0.9002605523710265,0.09984366857738405
directed_cross_project_edge_weight,8639,16,0.9003647733194372,0.09973944762897342
directed_cross_project_edge_weight,8640,16,0.9004689942678479,0.0996352266805628
directed_cross_project_edge_weight,8641,16,0.9005732152162584,0.09953100573215216
directed_cross_project_edge_weight,8642,16,0.9006774361646691,0.09942678478374153
directed_cross_project_edge_weight,8643,16,0.9007816571130798,0.0993225638353309
directed_cross_project_edge_weight,8644,16,0.9008858780614903,0.09921834288692027
directed_cross_project_edge_weight,8645,16,0.900990099009901,0.09911412193850964
directed_cross_project_edge_weight,8646,16,0.9010943199583116,0.09900990099009901
directed_cross_project_edge_weight,8647,16,0.9011985409067222,0.09890568004168838
directed_cross_project_edge_weight,8648,17,0.9013027618551329,0.09880145909327775
directed_cross_project_edge_weight,8649,17,0.9014069828035435,0.09869723814486712
directed_cross_project_edge_weight,8650,17,0.9015112037519541,0.09859301719645648
directed_cross_project_edge_weight,8651,17,0.9016154247003648,0.09848879624804585
directed_cross_project_edge_weight,8652,17,0.9017196456487754,0.09838457529963522
directed_cross_project_edge_weight,8653,17,0.901823866597186,0.09828035435122459
directed_cross_project_edge_weight,8654,17,0.9019280875455966,0.09817613340281396
directed_cross_project_edge_weight,8655,17,0.9020323084940073,0.09807191245440333
directed_cross_project_edge_weight,8656,17,0.902136529442418,0.0979676915059927
directed_cross_project_edge_weight,8657,17,0.9022407503908285,0.09786347055758207
directed_cross_project_edge_weight,8658,17,0.9023449713392392,0.09775924960917144
directed_cross_project_edge_weight,8659,17,0.9024491922876499,0.09765502866076081
directed_cross_project_edge_weight,8660,17,0.9025534132360604,0.09755080771235018
directed_cross_project_edge_weight,8661,17,0.9026576341844711,0.09744658676393955
directed_cross_project_edge_weight,8662,17,0.9027618551328818,0.09734236581552892
directed_cross_project_edge_weight,8663,17,0.9028660760812923,0.09723814486711829
directed_cross_project_edge_weight,8664,17,0.902970297029703,0.09713392391870766
directed_cross_project_edge_weight,8665,17,0.9030745179781136,0.09702970297029703
directed_cross_project_edge_weight,8666,17,0.9031787389265242,0.0969254820218864
directed_cross_project_edge_weight,8667,17,0.9032829598749349,0.09682126107347577
directed_cross_project_edge_weight,8668,17,0.9033871808233455,0.09671704012506514
directed_cross_project_edge_weight,8669,17,0.9034914017717561,0.09661281917665451
directed_cross_project_edge_weight,8670,17,0.9035956227201668,0.09650859822824388
directed_cross_project_edge_weight,8671,17,0.9036998436685774,0.09640437727983325
directed_cross_project_edge_weight,8672,17,0.903804064616988,0.09630015633142261
directed_cross_project_edge_weight,8673,17,0.9039082855653986,0.09619593538301198
directed_cross_project_edge_weight,8674,17,0.9040125065138093,0.09609171443460135
directed_cross_project_edge_weight,8675,17,0.9041167274622199,0.09598749348619072
directed_cross_project_edge_weight,8676,17,0.9042209484106305,0.09588327253778009
directed_cross_project_edge_weight,8677,17,0.9043251693590412,0.09577905158936946
directed_cross_project_edge_weight,8678,17,0.9044293903074518,0.09567483064095883
directed_cross_project_edge_weight,8679,17,0.9045336112558624,0.0955706096925482
directed_cross_project_edge_weight,8680,17,0.9046378322042731,0.09546638874413757
directed_cross_project_edge_weight,8681,17,0.9047420531526836,0.09536216779572694
directed_cross_project_edge_weight,8682,17,0.9048462741010943,0.09525794684731631
directed_cross_project_edge_weight,8683,17,0.904950495049505,0.09515372589890568
directed_cross_project_edge_weight,8684,17,0.9050547159979155,0.09504950495049505
directed_cross_project_edge_weight,8685,17,0.9051589369463262,0.09494528400208442
directed_cross_project_edge_weight,8686,17,0.9052631578947369,0.09484106305367379
directed_cross_project_edge_weight,8687,17,0.9053673788431474,0.09473684210526316
directed_cross_project_edge_weight,8688,17,0.9054715997915581,0.09463262115685253
directed_cross_project_edge_weight,8689,17,0.9055758207399688,0.0945284002084419
directed_cross_project_edge_weight,8690,17,0.9056800416883793,0.09442417926003127
directed_cross_project_edge_weight,8691,17,0.90578426263679,0.09431995831162064
directed_cross_project_edge_weight,8692,17,0.9058884835852006,0.09421573736321001
directed_cross_project_edge_weight,8693,18,0.9059927045336112,0.09411151641479938
directed_cross_project_edge_weight,8694,18,0.9060969254820219,0.09400729546638874
directed_cross_project_edge_weight,8695,18,0.9062011464304325,0.09390307451797811
directed_cross_project_edge_weight,8696,18,0.9063053673788432,0.09379885356956748
directed_cross_project_edge_weight,8697,18,0.9064095883272538,0.09369463262115685
directed_cross_project_edge_weight,8698,18,0.9065138092756644,0.09359041167274622
directed_cross_project_edge_weight,8699,18,0.906618030224075,0.09348619072433559
directed_cross_project_edge_weight,8700,18,0.9067222511724856,0.09338196977592496
directed_cross_project_edge_weight,8701,18,0.9068264721208963,0.09327774882751433
directed_cross_project_edge_weight,8702,18,0.906930693069307,0.0931735278791037
directed_cross_project_edge_weight,8703,18,0.9070349140177175,0.09306930693069307
directed_cross_project_edge_weight,8704,18,0.9071391349661282,0.09296508598228244
directed_cross_project_edge_weight,8705,18,0.9072433559145389,0.09286086503387181
directed_cross_project_edge_weight,8706,18,0.9073475768629494,0.09275664408546118
directed_cross_project_edge_weight,8707,18,0.9074517978113601,0.09265242313705055
directed_cross_project_edge_weight,8708,18,0.9075560187597708,0.09254820218863992
directed_cross_project_edge_weight,8709,18,0.9076602397081813,0.09244398124022929
directed_cross_project_edge_weight,8710,18,0.907764460656592,0.09233976029181866
directed_cross_project_edge_weight,8711,18,0.9078686816050026,0.09223553934340803
directed_cross_project_edge_weight,8712,18,0.9079729025534132,0.0921313183949974
directed_cross_project_edge_weight,8713,18,0.9080771235018239,0.09202709744658677
directed_cross_project_edge_weight,8714,18,0.9081813444502345,0.09192287649817614
directed_cross_project_edge_weight,8715,18,0.9082855653986451,0.0918186555497655
directed_cross_project_edge_weight,8716,18,0.9083897863470558,0.09171443460135487
directed_cross_project_edge_weight,8717,18,0.9084940072954664,0.09161021365294424
directed_cross_project_edge_weight,8718,18,0.908598228243877,0.0915059927045336
directed_cross_project_edge_weight,8719,18,0.9087024491922876,0.09140177175612298
directed_cross_project_edge_weight,8720,18,0.9088066701406983,0.09129755080771235
directed_cross_project_edge_weight,8721,18,0.9089108910891089,0.09119332985930172
directed_cross_project_edge_weight,8722,18,0.9090151120375195,0.09108910891089109
directed_cross_project_edge_weight,8723,18,0.9091193329859302,0.09098488796248046
directed_cross_project_edge_weight,8724,18,0.9092235539343408,0.09088066701406983
directed_cross_project_edge_weight,8725,18,0.9093277748827514,0.0907764460656592
directed_cross_project_edge_weight,8726,18,0.9094319958311621,0.09067222511724857
directed_cross_project_edge_weight,8727,18,0.9095362167795727,0.09056800416883794
directed_cross_project_edge_weight,8728,18,0.9096404377279833,0.09046378322042731
directed_cross_project_edge_weight,8729,18,0.909744658676394,0.09035956227201668
directed_cross_project_edge_weight,8730,18,0.9098488796248045,0.09025534132360605
directed_cross_project_edge_weight,8731,18,0.9099531005732152,0.09015112037519542
directed_cross_project_edge_weight,8732,18,0.9100573215216259,0.09004689942678479
directed_cross_project_edge_weight,8733,18,0.9101615424700364,0.08994267847837416
directed_cross_project_edge_weight,8734,18,0.9102657634184471,0.08983845752996353
directed_cross_project_edge_weight,8735,18,0.9103699843668578,0.0897342365815529
directed_cross_project_edge_weight,8736,18,0.9104742053152683,0.08963001563314227
directed_cross_project_edge_weight,8737,19,0.910578426263679,0.08952579468473162
directed_cross_project_edge_weight,8738,19,0.9106826472120896,0.089421573736321
directed_cross_project_edge_weight,8739,19,0.9107868681605003,0.08931735278791036
directed_cross_project_edge_weight,8740,19,0.9108910891089109,0.08921313183949973
directed_cross_project_edge_weight,8741,19,0.9109953100573215,0.0891089108910891
directed_cross_project_edge_weight,8742,19,0.9110995310057322,0.08900468994267847
directed_cross_project_edge_weight,8743,19,0.9112037519541428,0.08890046899426784
directed_cross_project_edge_weight,8744,19,0.9113079729025534,0.08879624804585722
directed_cross_project_edge_weight,8745,19,0.9114121938509641,0.08869202709744659
directed_cross_project_edge_weight,8746,19,0.9115164147993746,0.08858780614903596
directed_cross_project_edge_weight,8747,19,0.9116206357477853,0.08848358520062533
directed_cross_project_edge_weight,8748,19,0.911724856696196,0.0883793642522147
directed_cross_project_edge_weight,8749,19,0.9118290776446065,0.08827514330380407
directed_cross_project_edge_weight,8750,19,0.9119332985930172,0.08817092235539344
directed_cross_project_edge_weight,8751,19,0.9120375195414279,0.0880667014069828
directed_cross_project_edge_weight,8752,19,0.9121417404898384,0.08796248045857218
directed_cross_project_edge_weight,8753,19,0.9122459614382491,0.08785825951016155
directed_cross_project_edge_weight,8754,19,0.9123501823866598,0.08775403856175092
directed_cross_project_edge_weight,8755,19,0.9124544033350703,0.08764981761334029
directed_cross_project_edge_weight,8756,19,0.912558624283481,0.08754559666492966
directed_cross_project_edge_weight,8757,19,0.9126628452318916,0.08744137571651903
directed_cross_project_edge_weight,8758,19,0.9127670661803022,0.0873371547681084
directed_cross_project_edge_weight,8759,19,0.9128712871287129,0.08723293381969775
directed_cross_project_edge_weight,8760,19,0.9129755080771235,0.08712871287128712
directed_cross_project_edge_weight,8761,19,0.9130797290255341,0.08702449192287649
directed_cross_project_edge_weight,8762,19,0.9131839499739448,0.08692027097446586
directed_cross_project_edge_weight,8763,19,0.9132881709223554,0.08681605002605523
directed_cross_project_edge_weight,8764,19,0.913392391870766,0.0867118290776446
directed_cross_project_edge_weight,8765,19,0.9134966128191766,0.08660760812923397
directed_cross_project_edge_weight,8766,19,0.9136008337675873,0.08650338718082334
directed_cross_project_edge_weight,8767,19,0.9137050547159979,0.08639916623241271
directed_cross_project_edge_weight,8768,19,0.9138092756644085,0.08629494528400208
directed_cross_project_edge_weight,8769,19,0.9139134966128192,0.08619072433559145
directed_cross_project_edge_weight,8770,19,0.9140177175612298,0.08608650338718082
directed_cross_project_edge_weight,8771,19,0.9141219385096404,0.0859822824387702
directed_cross_project_edge_weight,8772,19,0.9142261594580511,0.08587806149035956
directed_cross_project_edge_weight,8773,19,0.9143303804064618,0.08577384054194893
directed_cross_project_edge_weight,8774,19,0.9144346013548723,0.0856696195935383
directed_cross_project_edge_weight,8775,19,0.914538822303283,0.08556539864512767
directed_cross_project_edge_weight,8776,19,0.9146430432516935,0.08546117769671704
directed_cross_project_edge_weight,8777,19,0.9147472642001042,0.08535695674830641
directed_cross_project_edge_weight,8778,19,0.9148514851485149,0.08525273579989578
directed_cross_project_edge_weight,8779,19,0.9149557060969254,0.08514851485148515
directed_cross_project_edge_weight,8780,19,0.9150599270453361,0.08504429390307452
directed_cross_project_edge_weight,8781,20,0.9151641479937468,0.08494007295466388
directed_cross_project_edge_weight,8782,20,0.9152683689421574,0.08483585200625325
directed_cross_project_edge_weight,8783,20,0.915372589890568,0.08473163105784262
directed_cross_project_edge_weight,8784,20,0.9154768108389786,0.08462741010943199
directed_cross_project_edge_weight,8785,20,0.9155810317873893,0.08452318916102136
directed_cross_project_edge_weight,8786,20,0.9156852527357999,0.08441896821261073
directed_cross_project_edge_weight,8787,20,0.9157894736842105,0.0843147472642001
directed_cross_project_edge_weight,8788,20,0.9158936946326212,0.08421052631578947
directed_cross_project_edge_weight,8789,20,0.9159979155810318,0.08410630536737884
directed_cross_project_edge_weight,8790,20,0.9161021365294424,0.08400208441896821
directed_cross_project_edge_weight,8791,20,0.9162063574778531,0.08389786347055758
directed_cross_project_edge_weight,8792,20,0.9163105784262637,0.08379364252214695
directed_cross_project_edge_weight,8793,20,0.9164147993746743,0.08368942157373632
directed_cross_project_edge_weight,8794,20,0.916519020323085,0.08358520062532569
directed_cross_project_edge_weight,8795,20,0.9166232412714955,0.08348097967691506
directed_cross_project_edge_weight,8796,20,0.9167274622199062,0.08337675872850443
directed_cross_project_edge_weight,8797,20,0.9168316831683169,0.0832725377800938
directed_cross_project_edge_weight,8798,20,0.9169359041167274,0.08316831683168317
directed_cross_project_edge_weight,8799,20,0.9170401250651381,0.08306409588327254
directed_cross_project_edge_weight,8800,20,0.9171443460135488,0.08295987493486191
directed_cross_project_edge_weight,8801,20,0.9172485669619593,0.08285565398645128
directed_cross_project_edge_weight,8802,20,0.91735278791037,0.08275143303804064
directed_cross_project_edge_weight,8803,20,0.9174570088587806,0.08264721208963001
directed_cross_project_edge_weight,8804,20,0.9175612298071912,0.08254299114121938
directed_cross_project_edge_weight,8805,20,0.9176654507556019,0.08243877019280875
directed_cross_project_edge_weight,8806,20,0.9177696717040125,0.08233454924439812
directed_cross_project_edge_weight,8807,20,0.9178738926524231,0.08223032829598749
directed_cross_project_edge_weight,8808,20,0.9179781136008338,0.08212610734757686
directed_cross_project_edge_weight,8809,20,0.9180823345492444,0.08202188639916623
directed_cross_project_edge_weight,8810,20,0.918186555497655,0.0819176654507556
directed_cross_project_edge_weight,8811,20,0.9182907764460656,0.08181344450234497
directed_cross_project_edge_weight,8812,20,0.9183949973944763,0.08170922355393434
directed_cross_project_edge_weight,8813,20,0.918499218342887,0.08160500260552371
directed_cross_project_edge_weight,8814,20,0.9186034392912975,0.08150078165711308
directed_cross_project_edge_weight,8815,20,0.9187076602397082,0.08139656070870245
directed_cross_project_edge_weight,8816,21,0.9188118811881189,0.08129233976029182
directed_cross_project_edge_weight,8817,21,0.9189161021365294,0.08118811881188119
directed_cross_project_edge_weight,8818,21,0.9190203230849401,0.08108389786347056
directed_cross_project_edge_weight,8819,21,0.9191245440333508,0.08097967691505993
directed_cross_project_edge_weight,8820,21,0.9192287649817613,0.0808754559666493
directed_cross_project_edge_weight,8821,21,0.919332985930172,0.08077123501823867
directed_cross_project_edge_weight,8822,21,0.9194372068785825,0.08066701406982804
directed_cross_project_edge_weight,8823,21,0.9195414278269932,0.08056279312141741
directed_cross_project_edge_weight,8824,21,0.9196456487754039,0.08045857217300677
directed_cross_project_edge_weight,8825,21,0.9197498697238145,0.08035435122459614
directed_cross_project_edge_weight,8826,21,0.9198540906722251,0.08025013027618551
directed_cross_project_edge_weight,8827,21,0.9199583116206358,0.08014590932777488
directed_cross_project_edge_weight,8828,21,0.9200625325690464,0.08004168837936425
directed_cross_project_edge_weight,8829,21,0.920166753517457,0.07993746743095362
directed_cross_project_edge_weight,8830,21,0.9202709744658676,0.07983324648254299
directed_cross_project_edge_weight,8831,21,0.9203751954142783,0.07972902553413236
directed_cross_project_edge_weight,8832,21,0.9204794163626889,0.07962480458572173
directed_cross_project_edge_weight,8833,21,0.9205836373110995,0.0795205836373111
directed_cross_project_edge_weight,8834,21,0.9206878582595102,0.07941636268890047
directed_cross_project_edge_weight,8835,21,0.9207920792079208,0.07931214174048984
directed_cross_project_edge_weight,8836,21,0.9208963001563314,0.07920792079207921
directed_cross_project_edge_weight,8837,21,0.9210005211047421,0.07910369984366858
directed_cross_project_edge_weight,8838,21,0.9211047420531527,0.07899947889525795
directed_cross_project_edge_weight,8839,21,0.9212089630015633,0.07889525794684732
directed_cross_project_edge_weight,8840,21,0.921313183949974,0.07879103699843669
directed_cross_project_edge_weight,8841,21,0.9214174048983845,0.07868681605002606
directed_cross_project_edge_weight,8842,21,0.9215216258467952,0.07858259510161543
directed_cross_project_edge_weight,8843,21,0.9216258467952059,0.0784783741532048
directed_cross_project_edge_weight,8844,21,0.9217300677436164,0.07837415320479417
directed_cross_project_edge_weight,8845,21,0.9218342886920271,0.07826993225638354
directed_cross_project_edge_weight,8846,21,0.9219385096404378,0.0781657113079729
directed_cross_project_edge_weight,8847,21,0.9220427305888483,0.07806149035956227
directed_cross_project_edge_weight,8848,21,0.922146951537259,0.07795726941115164
directed_cross_project_edge_weight,8849,21,0.9222511724856696,0.077853048462741
directed_cross_project_edge_weight,8850,21,0.9223553934340802,0.07774882751433038
directed_cross_project_edge_weight,8851,21,0.9224596143824909,0.07764460656591975
directed_cross_project_edge_weight,8852,21,0.9225638353309015,0.07754038561750912
directed_cross_project_edge_weight,8853,21,0.9226680562793121,0.07743616466909849
directed_cross_project_edge_weight,8854,21,0.9227722772277228,0.07733194372068786
directed_cross_project_edge_weight,8855,21,0.9228764981761334,0.07722772277227723
directed_cross_project_edge_weight,8856,22,0.922980719124544,0.0771235018238666
directed_cross_project_edge_weight,8857,22,0.9230849400729547,0.07701928087545597
directed_cross_project_edge_weight,8858,22,0.9231891610213653,0.07691505992704534
directed_cross_project_edge_weight,8859,22,0.923293381969776,0.07681083897863471
directed_cross_project_edge_weight,8860,22,0.9233976029181865,0.07670661803022408
directed_cross_project_edge_weight,8861,22,0.9235018238665972,0.07660239708181345
directed_cross_project_edge_weight,8862,22,0.9236060448150079,0.07649817613340282
directed_cross_project_edge_weight,8863,22,0.9237102657634184,0.07639395518499219
directed_cross_project_edge_weight,8864,22,0.9238144867118291,0.07628973423658156
directed_cross_project_edge_weight,8865,22,0.9239187076602398,0.07618551328817093
directed_cross_project_edge_weight,8866,22,0.9240229286086503,0.0760812923397603
directed_cross_project_edge_weight,8867,22,0.924127149557061,0.07597707139134967
directed_cross_project_edge_weight,8868,22,0.9242313705054716,0.07587285044293902
directed_cross_project_edge_weight,8869,22,0.9243355914538822,0.0757686294945284
directed_cross_project_edge_weight,8870,22,0.9244398124022929,0.07566440854611776
directed_cross_project_edge_weight,8871,22,0.9245440333507035,0.07556018759770713
directed_cross_project_edge_weight,8872,22,0.9246482542991141,0.0754559666492965
directed_cross_project_edge_weight,8873,22,0.9247524752475248,0.07535174570088587
directed_cross_project_edge_weight,8874,22,0.9248566961959354,0.07524752475247524
directed_cross_project_edge_weight,8875,22,0.924960917144346,0.07514330380406462
directed_cross_project_edge_weight,8876,22,0.9250651380927566,0.07503908285565399
directed_cross_project_edge_weight,8877,22,0.9251693590411673,0.07493486190724336
directed_cross_project_edge_weight,8878,22,0.9252735799895779,0.07483064095883273
directed_cross_project_edge_weight,8879,22,0.9253778009379885,0.0747264200104221
directed_cross_project_edge_weight,8880,22,0.9254820218863992,0.07462219906201147
directed_cross_project_edge_weight,8881,22,0.9255862428348098,0.07451797811360084
directed_cross_project_edge_weight,8882,22,0.9256904637832204,0.0744137571651902
directed_cross_project_edge_weight,8883,22,0.9257946847316311,0.07430953621677958
directed_cross_project_edge_weight,8884,22,0.9258989056800417,0.07420531526836895
directed_cross_project_edge_weight,8885,22,0.9260031266284523,0.07410109431995832
directed_cross_project_edge_weight,8886,23,0.926107347576863,0.07399687337154769
directed_cross_project_edge_weight,8887,23,0.9262115685252735,0.07389265242313706
directed_cross_project_edge_weight,8888,23,0.9263157894736842,0.07378843147472643
directed_cross_project_edge_weight,8889,23,0.9264200104220949,0.07368421052631578
directed_cross_project_edge_weight,8890,23,0.9265242313705054,0.07357998957790515
directed_cross_project_edge_weight,8891,23,0.9266284523189161,0.07347576862949452
directed_cross_project_edge_weight,8892,23,0.9267326732673268,0.07337154768108389
directed_cross_project_edge_weight,8893,23,0.9268368942157373,0.07326732673267326
directed_cross_project_edge_weight,8894,23,0.926941115164148,0.07316310578426263
directed_cross_project_edge_weight,8895,23,0.9270453361125586,0.073058884835852
directed_cross_project_edge_weight,8896,23,0.9271495570609692,0.07295466388744137
directed_cross_project_edge_weight,8897,23,0.9272537780093799,0.07285044293903074
directed_cross_project_edge_weight,8898,23,0.9273579989577905,0.07274622199062011
directed_cross_project_edge_weight,8899,23,0.9274622199062011,0.07264200104220948
directed_cross_project_edge_weight,8900,23,0.9275664408546118,0.07253778009379885
directed_cross_project_edge_weight,8901,23,0.9276706618030224,0.07243355914538822
directed_cross_project_edge_weight,8902,23,0.927774882751433,0.0723293381969776
directed_cross_project_edge_weight,8903,23,0.9278791036998437,0.07222511724856696
directed_cross_project_edge_weight,8904,23,0.9279833246482543,0.07212089630015633
directed_cross_project_edge_weight,8905,23,0.928087545596665,0.0720166753517457
directed_cross_project_edge_weight,8906,23,0.9281917665450755,0.07191245440333507
directed_cross_project_edge_weight,8907,23,0.9282959874934862,0.07180823345492444
directed_cross_project_edge_weight,8908,23,0.9284002084418969,0.07170401250651381
directed_cross_project_edge_weight,8909,23,0.9285044293903074,0.07159979155810318
directed_cross_project_edge_weight,8910,23,0.9286086503387181,0.07149557060969255
directed_cross_project_edge_weight,8911,23,0.9287128712871288,0.07139134966128191
directed_cross_project_edge_weight,8912,23,0.9288170922355393,0.07128712871287128
directed_cross_project_edge_weight,8913,24,0.92892131318395,0.07118290776446065
directed_cross_project_edge_weight,8914,24,0.9290255341323606,0.07107868681605002
directed_cross_project_edge_weight,8915,24,0.9291297550807712,0.07097446586763939
directed_cross_project_edge_weight,8916,24,0.9292339760291819,0.07087024491922876
directed_cross_project_edge_weight,8917,24,0.9293381969775925,0.07076602397081813
directed_cross_project_edge_weight,8918,24,0.9294424179260031,0.0706618030224075
directed_cross_project_edge_weight,8919,24,0.9295466388744138,0.07055758207399687
directed_cross_project_edge_weight,8920,24,0.9296508598228244,0.07045336112558624
directed_cross_project_edge_weight,8921,24,0.929755080771235,0.07034914017717561
directed_cross_project_edge_weight,8922,24,0.9298593017196457,0.07024491922876498
directed_cross_project_edge_weight,8923,24,0.9299635226680563,0.07014069828035435
directed_cross_project_edge_weight,8924,24,0.9300677436164669,0.07003647733194372
directed_cross_project_edge_weight,8925,24,0.9301719645648775,0.06993225638353309
directed_cross_project_edge_weight,8926,24,0.9302761855132882,0.06982803543512246
directed_cross_project_edge_weight,8927,24,0.9303804064616988,0.06972381448671183
directed_cross_project_edge_weight,8928,24,0.9304846274101094,0.0696195935383012
directed_cross_project_edge_weight,8929,24,0.9305888483585201,0.06951537258989057
directed_cross_project_edge_weight,8930,24,0.9306930693069307,0.06941115164147994
directed_cross_project_edge_weight,8931,24,0.9307972902553413,0.06930693069306931
directed_cross_project_edge_weight,8932,25,0.930901511203752,0.06920270974465868
directed_cross_project_edge_weight,8933,25,0.9310057321521625,0.06909848879624804
directed_cross_project_edge_weight,8934,25,0.9311099531005732,0.06899426784783741
directed_cross_project_edge_weight,8935,25,0.9312141740489839,0.06889004689942678
directed_cross_project_edge_weight,8936,25,0.9313183949973944,0.06878582595101615
directed_cross_project_edge_weight,8937,25,0.9314226159458051,0.06868160500260552
directed_cross_project_edge_weight,8938,25,0.9315268368942158,0.06857738405419489
directed_cross_project_edge_weight,8939,25,0.9316310578426263,0.06847316310578426
directed_cross_project_edge_weight,8940,25,0.931735278791037,0.06836894215737363
directed_cross_project_edge_weight,8941,25,0.9318394997394476,0.068264721208963
directed_cross_project_edge_weight,8942,25,0.9319437206878582,0.06816050026055237
directed_cross_project_edge_weight,8943,25,0.9320479416362689,0.06805627931214174
directed_cross_project_edge_weight,8944,25,0.9321521625846795,0.06795205836373111
directed_cross_project_edge_weight,8945,25,0.9322563835330901,0.06784783741532048
directed_cross_project_edge_weight,8946,25,0.9323606044815008,0.06774361646690985
directed_cross_project_edge_weight,8947,25,0.9324648254299114,0.06763939551849922
directed_cross_project_edge_weight,8948,25,0.932569046378322,0.06753517457008859
directed_cross_project_edge_weight,8949,25,0.9326732673267327,0.06743095362167796
directed_cross_project_edge_weight,8950,25,0.9327774882751433,0.06732673267326733
directed_cross_project_edge_weight,8951,25,0.932881709223554,0.0672225117248567
directed_cross_project_edge_weight,8952,25,0.9329859301719645,0.06711829077644607
directed_cross_project_edge_weight,8953,25,0.9330901511203752,0.06701406982803544
directed_cross_project_edge_weight,8954,25,0.9331943720687859,0.06690984887962481
directed_cross_project_edge_weight,8955,25,0.9332985930171964,0.06680562793121417
directed_cross_project_edge_weight,8956,25,0.9334028139656071,0.06670140698280354
directed_cross_project_edge_weight,8957,25,0.9335070349140178,0.06659718603439291
directed_cross_project_edge_weight,8958,25,0.9336112558624283,0.06649296508598228
directed_cross_project_edge_weight,8959,26,0.933715476810839,0.06638874413757165
directed_cross_project_edge_weight,8960,26,0.9338196977592496,0.06628452318916102
directed_cross_project_edge_weight,8961,26,0.9339239187076602,0.06618030224075039
directed_cross_project_edge_weight,8962,26,0.9340281396560709,0.06607608129233976
directed_cross_project_edge_weight,8963,26,0.9341323606044815,0.06597186034392913
directed_cross_project_edge_weight,8964,26,0.9342365815528921,0.0658676393955185
directed_cross_project_edge_weight,8965,26,0.9343408025013028,0.06576341844710787
directed_cross_project_edge_weight,8966,26,0.9344450234497134,0.06565919749869724
directed_cross_project_edge_weight,8967,26,0.934549244398124,0.06555497655028661
directed_cross_project_edge_weight,8968,26,0.9346534653465347,0.06545075560187598
directed_cross_project_edge_weight,8969,26,0.9347576862949453,0.06534653465346535
directed_cross_project_edge_weight,8970,26,0.9348619072433559,0.06524231370505472
directed_cross_project_edge_weight,8971,26,0.9349661281917665,0.06513809275664409
directed_cross_project_edge_weight,8972,26,0.9350703491401772,0.06503387180823346
directed_cross_project_edge_weight,8973,26,0.9351745700885878,0.06492965085982283
directed_cross_project_edge_weight,8974,26,0.9352787910369984,0.0648254299114122
directed_cross_project_edge_weight,8975,26,0.9353830119854091,0.06472120896300157
directed_cross_project_edge_weight,8976,26,0.9354872329338197,0.06461698801459093
directed_cross_project_edge_weight,8977,27,0.9355914538822303,0.0645127670661803
directed_cross_project_edge_weight,8978,27,0.935695674830641,0.06440854611776967
directed_cross_project_edge_weight,8979,27,0.9357998957790515,0.06430432516935904
directed_cross_project_edge_weight,8980,27,0.9359041167274622,0.0642001042209484
directed_cross_project_edge_weight,8981,27,0.9360083376758729,0.06409588327253778
directed_cross_project_edge_weight,8982,27,0.9361125586242834,0.06399166232412715
directed_cross_project_edge_weight,8983,27,0.9362167795726941,0.06388744137571652
directed_cross_project_edge_weight,8984,27,0.9363210005211048,0.06378322042730589
directed_cross_project_edge_weight,8985,27,0.9364252214695153,0.06367899947889526
directed_cross_project_edge_weight,8986,27,0.936529442417926,0.06357477853048463
directed_cross_project_edge_weight,8987,27,0.9366336633663367,0.063470557582074
directed_cross_project_edge_weight,8988,27,0.9367378843147472,0.06336633663366337
directed_cross_project_edge_weight,8989,27,0.9368421052631579,0.06326211568525274
directed_cross_project_edge_weight,8990,27,0.9369463262115685,0.06315789473684211
directed_cross_project_edge_weight,8991,27,0.9370505471599792,0.06305367378843148
directed_cross_project_edge_weight,8992,27,0.9371547681083898,0.06294945284002085
directed_cross_project_edge_weight,8993,27,0.9372589890568004,0.06284523189161022
directed_cross_project_edge_weight,8994,27,0.9373632100052111,0.06274101094319959
directed_cross_project_edge_weight,8995,27,0.9374674309536217,0.06263678999478896
directed_cross_project_edge_weight,8996,27,0.9375716519020323,0.06253256904637833
directed_cross_project_edge_weight,8997,27,0.937675872850443,0.06242834809796769
directed_cross_project_edge_weight,8998,28,0.9377800937988535,0.06232412714955706
directed_cross_project_edge_weight,8999,28,0.9378843147472642,0.06221990620114643
directed_cross_project_edge_weight,9000,28,0.9379885356956749,0.0621156852527358
directed_cross_project_edge_weight,9001,28,0.9380927566440854,0.06201146430432517
directed_cross_project_edge_weight,9002,28,0.9381969775924961,0.06190724335591454
directed_cross_project_edge_weight,9003,28,0.9383011985409068,0.06180302240750391
directed_cross_project_edge_weight,9004,28,0.9384054194893173,0.061698801459093275
directed_cross_project_edge_weight,9005,28,0.938509640437728,0.061594580510682645
directed_cross_project_edge_weight,9006,28,0.9386138613861386,0.061490359562272015
directed_cross_project_edge_weight,9007,28,0.9387180823345492,0.061386138613861385
directed_cross_project_edge_weight,9008,28,0.9388223032829599,0.061281917665450755
directed_cross_project_edge_weight,9009,28,0.9389265242313705,0.061177696717040125
directed_cross_project_edge_weight,9010,28,0.9390307451797811,0.061073475768629495
directed_cross_project_edge_weight,9011,28,0.9391349661281918,0.060969254820218866
directed_cross_project_edge_weight,9012,28,0.9392391870766024,0.060865033871808236
directed_cross_project_edge_weight,9013,28,0.939343408025013,0.060760812923397606
directed_cross_project_edge_weight,9014,28,0.9394476289734237,0.06065659197498697
directed_cross_project_edge_weight,9015,28,0.9395518499218343,0.06055237102657634
directed_cross_project_edge_weight,9016,28,0.9396560708702449,0.06044815007816571
directed_cross_project_edge_weight,9017,28,0.9397602918186555,0.06034392912975508
directed_cross_project_edge_weight,9018,29,0.9398645127670662,0.06023970818134445
directed_cross_project_edge_weight,9019,29,0.9399687337154768,0.06013548723293382
directed_cross_project_edge_weight,9020,29,0.9400729546638874,0.06003126628452319
directed_cross_project_edge_weight,9021,29,0.9401771756122981,0.05992704533611256
directed_cross_project_edge_weight,9022,29,0.9402813965607087,0.05982282438770193
directed_cross_project_edge_weight,9023,29,0.9403856175091193,0.0597186034392913
directed_cross_project_edge_weight,9024,29,0.94048983845753,0.05961438249088067
directed_cross_project_edge_weight,9025,29,0.9405940594059405,0.05951016154247003
directed_cross_project_edge_weight,9026,29,0.9406982803543512,0.0594059405940594
directed_cross_project_edge_weight,9027,29,0.9408025013027619,0.05930171964564877
directed_cross_project_edge_weight,9028,29,0.9409067222511724,0.05919749869723814
directed_cross_project_edge_weight,9029,29,0.9410109431995831,0.059093277748827513
directed_cross_project_edge_weight,9030,29,0.9411151641479938,0.058989056800416884
directed_cross_project_edge_weight,9031,29,0.9412193850964043,0.058884835852006254
directed_cross_project_edge_weight,9032,29,0.941323606044815,0.058780614903595624
directed_cross_project_edge_weight,9033,30,0.9414278269932257,0.058676393955184994
directed_cross_project_edge_weight,9034,30,0.9415320479416363,0.058572173006774364
directed_cross_project_edge_weight,9035,30,0.9416362688900469,0.058467952058363734
directed_cross_project_edge_weight,9036,30,0.9417404898384575,0.0583637311099531
directed_cross_project_edge_weight,9037,30,0.9418447107868682,0.05825951016154247
directed_cross_project_edge_weight,9038,30,0.9419489317352788,0.05815528921313184
directed_cross_project_edge_weight,9039,30,0.9420531526836894,0.05805106826472121
directed_cross_project_edge_weight,9040,30,0.9421573736321001,0.05794684731631058
directed_cross_project_edge_weight,9041,30,0.9422615945805107,0.05784262636789995
directed_cross_project_edge_weight,9042,30,0.9423658155289213,0.05773840541948932
directed_cross_project_edge_weight,9043,30,0.942470036477332,0.05763418447107869
directed_cross_project_edge_weight,9044,30,0.9425742574257425,0.05752996352266806
directed_cross_project_edge_weight,9045,30,0.9426784783741532,0.05742574257425743
directed_cross_project_edge_weight,9046,30,0.9427826993225639,0.0573215216258468
directed_cross_project_edge_weight,9047,30,0.9428869202709744,0.05721730067743616
directed_cross_project_edge_weight,9048,30,0.9429911412193851,0.05711307972902553
directed_cross_project_edge_weight,9049,30,0.9430953621677958,0.0570088587806149
directed_cross_project_edge_weight,9050,30,0.9431995831162063,0.05690463783220427
directed_cross_project_edge_weight,9051,30,0.943303804064617,0.05680041688379364
directed_cross_project_edge_weight,9052,31,0.9434080250130277,0.05669619593538301
directed_cross_project_edge_weight,9053,31,0.9435122459614382,0.05659197498697238
directed_cross_project_edge_weight,9054,31,0.9436164669098489,0.05648775403856175
directed_cross_project_edge_weight,9055,31,0.9437206878582595,0.05638353309015112
directed_cross_project_edge_weight,9056,31,0.9438249088066701,0.05627931214174049
directed_cross_project_edge_weight,9057,31,0.9439291297550808,0.05617509119332986
directed_cross_project_edge_weight,9058,31,0.9440333507034914,0.056070870244919226
directed_cross_project_edge_weight,9059,31,0.944137571651902,0.055966649296508596
directed_cross_project_edge_weight,9060,31,0.9442417926003127,0.055862428348097966
directed_cross_project_edge_weight,9061,31,0.9443460135487233,0.055758207399687336
directed_cross_project_edge_weight,9062,31,0.944450234497134,0.055653986451276706
directed_cross_project_edge_weight,9063,31,0.9445544554455445,0.055549765502866076
directed_cross_project_edge_weight,9064,31,0.9446586763939552,0.055445544554455446
directed_cross_project_edge_weight,9065,31,0.9447628973423658,0.055341323606044816
directed_cross_project_edge_weight,9066,32,0.9448671182907764,0.055237102657634186
directed_cross_project_edge_weight,9067,32,0.9449713392391871,0.055132881709223557
directed_cross_project_edge_weight,9068,32,0.9450755601875978,0.05502866076081293
directed_cross_project_edge_weight,9069,32,0.9451797811360083,0.05492443981240229
directed_cross_project_edge_weight,9070,32,0.945284002084419,0.05482021886399166
directed_cross_project_edge_weight,9071,32,0.9453882230328295,0.05471599791558103
directed_cross_project_edge_weight,9072,32,0.9454924439812402,0.0546117769671704
directed_cross_project_edge_weight,9073,32,0.9455966649296509,0.05450755601875977
directed_cross_project_edge_weight,9074,32,0.9457008858780614,0.05440333507034914
directed_cross_project_edge_weight,9075,32,0.9458051068264721,0.05429911412193851
directed_cross_project_edge_weight,9076,32,0.9459093277748828,0.05419489317352788
directed_cross_project_edge_weight,9077,32,0.9460135487232934,0.05409067222511725
directed_cross_project_edge_weight,9078,33,0.946117769671704,0.05398645127670662
directed_cross_project_edge_weight,9079,33,0.9462219906201147,0.05388223032829599
directed_cross_project_edge_weight,9080,33,0.9463262115685253,0.053778009379885354
directed_cross_project_edge_weight,9081,33,0.9464304325169359,0.053673788431474724
directed_cross_project_edge_weight,9082,33,0.9465346534653465,0.053569567483064094
directed_cross_project_edge_weight,9083,33,0.9466388744137572,0.053465346534653464
directed_cross_project_edge_weight,9084,33,0.9467430953621678,0.053361125586242834
directed_cross_project_edge_weight,9085,33,0.9468473163105784,0.053256904637832204
directed_cross_project_edge_weight,9086,33,0.9469515372589891,0.053152683689421575
directed_cross_project_edge_weight,9087,33,0.9470557582073997,0.053048462741010945
directed_cross_project_edge_weight,9088,33,0.9471599791558103,0.052944241792600315
directed_cross_project_edge_weight,9089,33,0.947264200104221,0.052840020844189685
directed_cross_project_edge_weight,9090,33,0.9473684210526315,0.052735799895779055
directed_cross_project_edge_weight,9091,33,0.9474726420010422,0.05263157894736842
directed_cross_project_edge_weight,9092,33,0.9475768629494529,0.05252735799895779
directed_cross_project_edge_weight,9093,33,0.9476810838978634,0.05242313705054716
directed_cross_project_edge_weight,9094,33,0.9477853048462741,0.05231891610213653
directed_cross_project_edge_weight,9095,34,0.9478895257946848,0.0522146951537259
directed_cross_project_edge_weight,9096,34,0.9479937467430953,0.05211047420531527
directed_cross_project_edge_weight,9097,34,0.948097967691506,0.05200625325690464
directed_cross_project_edge_weight,9098,34,0.9482021886399167,0.05190203230849401
directed_cross_project_edge_weight,9099,34,0.9483064095883272,0.05179781136008338
directed_cross_project_edge_weight,9100,34,0.9484106305367379,0.05169359041167275
directed_cross_project_edge_weight,9101,34,0.9485148514851485,0.05158936946326212
directed_cross_project_edge_weight,9102,34,0.9486190724335591,0.05148514851485148
directed_cross_project_edge_weight,9103,34,0.9487232933819698,0.05138092756644085
directed_cross_project_edge_weight,9104,34,0.9488275143303804,0.05127670661803022
directed_cross_project_edge_weight,9105,34,0.948931735278791,0.05117248566961959
directed_cross_project_edge_weight,9106,34,0.9490359562272017,0.05106826472120896
directed_cross_project_edge_weight,9107,34,0.9491401771756123,0.05096404377279833
directed_cross_project_edge_weight,9108,35,0.949244398124023,0.0508598228243877
directed_cross_project_edge_weight,9109,35,0.9493486190724335,0.05075560187597707
directed_cross_project_edge_weight,9110,35,0.9494528400208442,0.05065138092756644
directed_cross_project_edge_weight,9111,35,0.9495570609692549,0.05054715997915581
directed_cross_project_edge_weight,9112,35,0.9496612819176654,0.050442939030745176
directed_cross_project_edge_weight,9113,35,0.9497655028660761,0.050338718082334546
directed_cross_project_edge_weight,9114,35,0.9498697238144868,0.05023449713392392
directed_cross_project_edge_weight,9115,35,0.9499739447628973,0.05013027618551329
directed_cross_project_edge_weight,9116,35,0.950078165711308,0.05002605523710266
directed_cross_project_edge_weight,9117,35,0.9501823866597187,0.04992183428869203
directed_cross_project_edge_weight,9118,35,0.9502866076081292,0.0498176133402814
directed_cross_project_edge_weight,9119,35,0.9503908285565399,0.04971339239187077
directed_cross_project_edge_weight,9120,35,0.9504950495049505,0.04960917144346014
directed_cross_project_edge_weight,9121,35,0.9505992704533611,0.04950495049504951
directed_cross_project_edge_weight,9122,35,0.9507034914017718,0.04940072954663888
directed_cross_project_edge_weight,9123,35,0.9508077123501824,0.04929650859822824
directed_cross_project_edge_weight,9124,35,0.950911933298593,0.04919228764981761
directed_cross_project_edge_weight,9125,35,0.9510161542470037,0.04908806670140698
directed_cross_project_edge_weight,9126,35,0.9511203751954143,0.04898384575299635
directed_cross_project_edge_weight,9127,36,0.9512245961438249,0.04887962480458572
directed_cross_project_edge_weight,9128,36,0.9513288170922355,0.04877540385617509
directed_cross_project_edge_weight,9129,36,0.9514330380406462,0.04867118290776446
directed_cross_project_edge_weight,9130,36,0.9515372589890568,0.04856696195935383
directed_cross_project_edge_weight,9131,36,0.9516414799374674,0.0484627410109432
directed_cross_project_edge_weight,9132,36,0.9517457008858781,0.04835852006253257
directed_cross_project_edge_weight,9133,36,0.9518499218342887,0.04825429911412194
directed_cross_project_edge_weight,9134,36,0.9519541427826993,0.048150078165711305
directed_cross_project_edge_weight,9135,36,0.95205836373111,0.048045857217300675
directed_cross_project_edge_weight,9136,36,0.9521625846795205,0.047941636268890045
directed_cross_project_edge_weight,9137,36,0.9522668056279312,0.047837415320479415
directed_cross_project_edge_weight,9138,36,0.9523710265763419,0.047733194372068785
directed_cross_project_edge_weight,9139,37,0.9524752475247524,0.047628973423658155
directed_cross_project_edge_weight,9140,37,0.9525794684731631,0.047524752475247525
directed_cross_project_edge_weight,9141,37,0.9526836894215738,0.047420531526836895
directed_cross_project_edge_weight,9142,37,0.9527879103699843,0.047316310578426266
directed_cross_project_edge_weight,9143,37,0.952892131318395,0.047212089630015636
directed_cross_project_edge_weight,9144,37,0.9529963522668057,0.047107868681605006
directed_cross_project_edge_weight,9145,37,0.9531005732152162,0.04700364773319437
directed_cross_project_edge_weight,9146,37,0.9532047941636269,0.04689942678478374
directed_cross_project_edge_weight,9147,37,0.9533090151120375,0.04679520583637311
directed_cross_project_edge_weight,9148,38,0.9534132360604481,0.04669098488796248
directed_cross_project_edge_weight,9149,38,0.9535174570088588,0.04658676393955185
directed_cross_project_edge_weight,9150,38,0.9536216779572694,0.04648254299114122
directed_cross_project_edge_weight,9151,38,0.95372589890568,0.04637832204273059
directed_cross_project_edge_weight,9152,38,0.9538301198540907,0.04627410109431996
directed_cross_project_edge_weight,9153,38,0.9539343408025013,0.04616988014590933
directed_cross_project_edge_weight,9154,38,0.954038561750912,0.0460656591974987
directed_cross_project_edge_weight,9155,38,0.9541427826993225,0.04596143824908807
directed_cross_project_edge_weight,9156,38,0.9542470036477332,0.04585721730067743
directed_cross_project_edge_weight,9157,38,0.9543512245961439,0.0457529963522668
directed_cross_project_edge_weight,9158,38,0.9544554455445544,0.04564877540385617
directed_cross_project_edge_weight,9159,38,0.9545596664929651,0.04554455445544554
directed_cross_project_edge_weight,9160,38,0.9546638874413758,0.045440333507034913
directed_cross_project_edge_weight,9161,39,0.9547681083897863,0.045336112558624284
directed_cross_project_edge_weight,9162,39,0.954872329338197,0.045231891610213654
directed_cross_project_edge_weight,9163,39,0.9549765502866077,0.045127670661803024
directed_cross_project_edge_weight,9164,39,0.9550807712350182,0.045023449713392394
directed_cross_project_edge_weight,9165,39,0.9551849921834289,0.044919228764981764
directed_cross_project_edge_weight,9166,39,0.9552892131318395,0.044815007816571134
directed_cross_project_edge_weight,9167,39,0.9553934340802501,0.0447107868681605
directed_cross_project_edge_weight,9168,39,0.9554976550286608,0.04460656591974987
directed_cross_project_edge_weight,9169,39,0.9556018759770714,0.04450234497133924
directed_cross_project_edge_weight,9170,39,0.955706096925482,0.04439812402292861
directed_cross_project_edge_weight,9171,39,0.9558103178738927,0.04429390307451798
directed_cross_project_edge_weight,9172,39,0.9559145388223033,0.04418968212610735
directed_cross_project_edge_weight,9173,39,0.9560187597707139,0.04408546117769672
directed_cross_project_edge_weight,9174,39,0.9561229807191245,0.04398124022928609
directed_cross_project_edge_weight,9175,39,0.9562272016675352,0.04387701928087546
directed_cross_project_edge_weight,9176,40,0.9563314226159458,0.04377279833246483
directed_cross_project_edge_weight,9177,40,0.9564356435643564,0.0436685773840542
directed_cross_project_edge_weight,9178,40,0.9565398645127671,0.04356435643564356
directed_cross_project_edge_weight,9179,40,0.9566440854611777,0.04346013548723293
directed_cross_project_edge_weight,9180,40,0.9567483064095883,0.0433559145388223
directed_cross_project_edge_weight,9181,40,0.956852527357999,0.04325169359041167
directed_cross_project_edge_weight,9182,40,0.9569567483064096,0.04314747264200104
directed_cross_project_edge_weight,9183,40,0.9570609692548202,0.04304325169359041
directed_cross_project_edge_weight,9184,41,0.9571651902032309,0.04293903074517978
directed_cross_project_edge_weight,9185,41,0.9572694111516414,0.04283480979676915
directed_cross_project_edge_weight,9186,41,0.9573736321000521,0.04273058884835852
directed_cross_project_edge_weight,9187,41,0.9574778530484628,0.04262636789994789
directed_cross_project_edge_weight,9188,41,0.9575820739968733,0.04252214695153726
directed_cross_project_edge_weight,9189,41,0.957686294945284,0.042417926003126626
directed_cross_project_edge_weight,9190,41,0.9577905158936947,0.042313705054715996
directed_cross_project_edge_weight,9191,42,0.9578947368421052,0.042209484106305366
directed_cross_project_edge_weight,9192,42,0.9579989577905159,0.042105263157894736
directed_cross_project_edge_weight,9193,42,0.9581031787389265,0.042001042209484106
directed_cross_project_edge_weight,9194,42,0.9582073996873371,0.041896821261073476
directed_cross_project_edge_weight,9195,42,0.9583116206357478,0.041792600312662846
directed_cross_project_edge_weight,9196,42,0.9584158415841584,0.041688379364252216
directed_cross_project_edge_weight,9197,42,0.958520062532569,0.041584158415841586
directed_cross_project_edge_weight,9198,42,0.9586242834809797,0.041479937467430956
directed_cross_project_edge_weight,9199,43,0.9587285044293903,0.04137571651902032
directed_cross_project_edge_weight,9200,43,0.958832725377801,0.04127149557060969
directed_cross_project_edge_weight,9201,43,0.9589369463262115,0.04116727462219906
directed_cross_project_edge_weight,9202,43,0.9590411672746222,0.04106305367378843
directed_cross_project_edge_weight,9203,43,0.9591453882230329,0.0409588327253778
directed_cross_project_edge_weight,9204,43,0.9592496091714434,0.04085461177696717
directed_cross_project_edge_weight,9205,43,0.9593538301198541,0.04075039082855654
directed_cross_project_edge_weight,9206,43,0.9594580510682648,0.04064616988014591
directed_cross_project_edge_weight,9207,43,0.9595622720166753,0.04054194893173528
directed_cross_project_edge_weight,9208,43,0.959666492965086,0.04043772798332465
directed_cross_project_edge_weight,9209,43,0.9597707139134967,0.04033350703491402
directed_cross_project_edge_weight,9210,43,0.9598749348619072,0.040229286086503384
directed_cross_project_edge_weight,9211,44,0.9599791558103179,0.040125065138092754
directed_cross_project_edge_weight,9212,44,0.9600833767587285,0.040020844189682124
directed_cross_project_edge_weight,9213,44,0.9601875977071391,0.039916623241271494
directed_cross_project_edge_weight,9214,45,0.9602918186555498,0.039812402292860864
directed_cross_project_edge_weight,9215,45,0.9603960396039604,0.039708181344450234
directed_cross_project_edge_weight,9216,45,0.960500260552371,0.039603960396039604
directed_cross_project_edge_weight,9217,45,0.9606044815007817,0.039499739447628975
directed_cross_project_edge_weight,9218,45,0.9607087024491923,0.039395518499218345
directed_cross_project_edge_weight,9219,45,0.9608129233976029,0.039291297550807715
directed_cross_project_edge_weight,9220,46,0.9609171443460135,0.039187076602397085
directed_cross_project_edge_weight,9221,46,0.9610213652944242,0.03908285565398645
directed_cross_project_edge_weight,9222,46,0.9611255862428348,0.03897863470557582
directed_cross_project_edge_weight,9223,46,0.9612298071912454,0.03887441375716519
directed_cross_project_edge_weight,9224,47,0.9613340281396561,0.03877019280875456
directed_cross_project_edge_weight,9225,47,0.9614382490880667,0.03866597186034393
directed_cross_project_edge_weight,9226,47,0.9615424700364773,0.0385617509119333
directed_cross_project_edge_weight,9227,47,0.961646690984888,0.03845752996352267
directed_cross_project_edge_weight,9228,47,0.9617509119332986,0.03835330901511204
directed_cross_project_edge_weight,9229,47,0.9618551328817092,0.03824908806670141
directed_cross_project_edge_weight,9230,48,0.9619593538301199,0.03814486711829078
directed_cross_project_edge_weight,9231,48,0.9620635747785304,0.03804064616988015
directed_cross_project_edge_weight,9232,48,0.9621677957269411,0.03793642522146951
directed_cross_project_edge_weight,9233,48,0.9622720166753518,0.03783220427305888
directed_cross_project_edge_weight,9234,48,0.9623762376237623,0.03772798332464825
directed_cross_project_edge_weight,9235,48,0.962480458572173,0.03762376237623762
directed_cross_project_edge_weight,9236,48,0.9625846795205837,0.03751954142782699
directed_cross_project_edge_weight,9237,48,0.9626889004689942,0.03741532047941636
directed_cross_project_edge_weight,9238,48,0.9627931214174049,0.03731109953100573
directed_cross_project_edge_weight,9239,48,0.9628973423658155,0.0372068785825951
directed_cross_project_edge_weight,9240,48,0.9630015633142261,0.03710265763418447
directed_cross_project_edge_weight,9241,48,0.9631057842626368,0.03699843668577384
directed_cross_project_edge_weight,9242,48,0.9632100052110474,0.03689421573736321
directed_cross_project_edge_weight,9243,48,0.963314226159458,0.036789994788952576
directed_cross_project_edge_weight,9244,49,0.9634184471078687,0.036685773840541946
directed_cross_project_edge_weight,9245,49,0.9635226680562793,0.03658155289213132
directed_cross_project_edge_weight,9246,49,0.96362688900469,0.03647733194372069
directed_cross_project_edge_weight,9247,49,0.9637311099531006,0.03637311099531006
directed_cross_project_edge_weight,9248,49,0.9638353309015112,0.03626889004689943
directed_cross_project_edge_weight,9249,50,0.9639395518499219,0.0361646690984888
directed_cross_project_edge_weight,9250,50,0.9640437727983324,0.03606044815007817
directed_cross_project_edge_weight,9251,50,0.9641479937467431,0.03595622720166754
directed_cross_project_edge_weight,9252,51,0.9642522146951538,0.03585200625325691
directed_cross_project_edge_weight,9253,51,0.9643564356435643,0.03574778530484628
directed_cross_project_edge_weight,9254,51,0.964460656591975,0.03564356435643564
directed_cross_project_edge_weight,9255,51,0.9645648775403857,0.03553934340802501
directed_cross_project_edge_weight,9256,51,0.9646690984887962,0.03543512245961438
directed_cross_project_edge_weight,9257,51,0.9647733194372069,0.03533090151120375
directed_cross_project_edge_weight,9258,51,0.9648775403856175,0.03522668056279312
directed_cross_project_edge_weight,9259,51,0.9649817613340281,0.03512245961438249
directed_cross_project_edge_weight,9260,51,0.9650859822824388,0.03501823866597186
directed_cross_project_edge_weight,9261,51,0.9651902032308494,0.03491401771756123
directed_cross_project_edge_weight,9262,52,0.96529442417926,0.0348097967691506
directed_cross_project_edge_weight,9263,52,0.9653986451276707,0.03470557582073997
directed_cross_project_edge_weight,9264,52,0.9655028660760813,0.03460135487232934
directed_cross_project_edge_weight,9265,52,0.9656070870244919,0.034497133923918705
directed_cross_project_edge_weight,9266,52,0.9657113079729025,0.034392912975508075
directed_cross_project_edge_weight,9267,52,0.9658155289213132,0.034288692027097445
directed_cross_project_edge_weight,9268,52,0.9659197498697238,0.034184471078686815
directed_cross_project_edge_weight,9269,53,0.9660239708181344,0.034080250130276185
directed_cross_project_edge_weight,9270,53,0.9661281917665451,0.033976029181865555
directed_cross_project_edge_weight,9271,53,0.9662324127149557,0.033871808233454925
directed_cross_project_edge_weight,9272,53,0.9663366336633663,0.033767587285044295
directed_cross_project_edge_weight,9273,54,0.966440854611777,0.033663366336633666
directed_cross_project_edge_weight,9274,54,0.9665450755601876,0.033559145388223036
directed_cross_project_edge_weight,9275,54,0.9666492965085982,0.033454924439812406
directed_cross_project_edge_weight,9276,54,0.9667535174570089,0.03335070349140177
directed_cross_project_edge_weight,9277,54,0.9668577384054194,0.03324648254299114
directed_cross_project_edge_weight,9278,54,0.9669619593538301,0.03314226159458051
directed_cross_project_edge_weight,9279,55,0.9670661803022408,0.03303804064616988
directed_cross_project_edge_weight,9280,55,0.9671704012506513,0.03293381969775925
directed_cross_project_edge_weight,9281,55,0.967274622199062,0.03282959874934862
directed_cross_project_edge_weight,9282,55,0.9673788431474727,0.03272537780093799
directed_cross_project_edge_weight,9283,55,0.9674830640958832,0.03262115685252736
directed_cross_project_edge_weight,9284,56,0.9675872850442939,0.03251693590411673
directed_cross_project_edge_weight,9285,56,0.9676915059927045,0.0324127149557061
directed_cross_project_edge_weight,9286,56,0.9677957269411152,0.03230849400729546
directed_cross_project_edge_weight,9287,56,0.9678999478895258,0.03220427305888483
directed_cross_project_edge_weight,9288,56,0.9680041688379364,0.0321000521104742
directed_cross_project_edge_weight,9289,56,0.9681083897863471,0.03199583116206357
directed_cross_project_edge_weight,9290,57,0.9682126107347577,0.03189161021365294
directed_cross_project_edge_weight,9291,57,0.9683168316831683,0.03178738926524231
directed_cross_project_edge_weight,9292,57,0.968421052631579,0.031683168316831684
directed_cross_project_edge_weight,9293,57,0.9685252735799896,0.031578947368421054
directed_cross_project_edge_weight,9294,58,0.9686294945284002,0.031474726420010424
directed_cross_project_edge_weight,9295,58,0.9687337154768109,0.031370505471599794
directed_cross_project_edge_weight,9296,58,0.9688379364252214,0.031266284523189164
directed_cross_project_edge_weight,9297,58,0.9689421573736321,0.03116206357477853
directed_cross_project_edge_weight,9298,58,0.9690463783220428,0.0310578426263679
directed_cross_project_edge_weight,9299,58,0.9691505992704533,0.03095362167795727
directed_cross_project_edge_weight,9300,59,0.969254820218864,0.030849400729546637
directed_cross_project_edge_weight,9301,59,0.9693590411672747,0.030745179781136008
directed_cross_project_edge_weight,9302,59,0.9694632621156852,0.030640958832725378
directed_cross_project_edge_weight,9303,59,0.9695674830640959,0.030536737884314748
directed_cross_project_edge_weight,9304,59,0.9696717040125065,0.030432516935904118
directed_cross_project_edge_weight,9305,59,0.9697759249609171,0.030328295987493484
directed_cross_project_edge_weight,9306,59,0.9698801459093278,0.030224075039082855
directed_cross_project_edge_weight,9307,60,0.9699843668577384,0.030119854090672225
directed_cross_project_edge_weight,9308,60,0.970088587806149,0.030015633142261595
directed_cross_project_edge_weight,9309,60,0.9701928087545597,0.029911412193850965
directed_cross_project_edge_weight,9310,61,0.9702970297029703,0.029807191245440335
directed_cross_project_edge_weight,9311,61,0.9704012506513809,0.0297029702970297
directed_cross_project_edge_weight,9312,61,0.9705054715997915,0.02959874934861907
directed_cross_project_edge_weight,9313,62,0.9706096925482022,0.029494528400208442
directed_cross_project_edge_weight,9314,62,0.9707139134966128,0.029390307451797812
directed_cross_project_edge_weight,9315,63,0.9708181344450234,0.029286086503387182
directed_cross_project_edge_weight,9316,63,0.9709223553934341,0.02918186555497655
directed_cross_project_edge_weight,9317,63,0.9710265763418447,0.02907764460656592
directed_cross_project_edge_weight,9318,63,0.9711307972902553,0.02897342365815529
directed_cross_project_edge_weight,9319,64,0.971235018238666,0.02886920270974466
directed_cross_project_edge_weight,9320,64,0.9713392391870767,0.02876498176133403
directed_cross_project_edge_weight,9321,64,0.9714434601354872,0.0286607608129234
directed_cross_project_edge_weight,9322,64,0.9715476810838979,0.028556539864512766
directed_cross_project_edge_weight,9323,64,0.9716519020323084,0.028452318916102136
directed_cross_project_edge_weight,9324,64,0.9717561229807191,0.028348097967691506
directed_cross_project_edge_weight,9325,65,0.9718603439291298,0.028243877019280876
directed_cross_project_edge_weight,9326,65,0.9719645648775403,0.028139656070870246
directed_cross_project_edge_weight,9327,65,0.972068785825951,0.028035435122459613
directed_cross_project_edge_weight,9328,65,0.9721730067743617,0.027931214174048983
directed_cross_project_edge_weight,9329,65,0.9722772277227723,0.027826993225638353
directed_cross_project_edge_weight,9330,65,0.9723814486711829,0.027722772277227723
directed_cross_project_edge_weight,9331,66,0.9724856696195935,0.027618551328817093
directed_cross_project_edge_weight,9332,66,0.9725898905680042,0.027514330380406463
directed_cross_project_edge_weight,9333,66,0.9726941115164148,0.02741010943199583
directed_cross_project_edge_weight,9334,67,0.9727983324648254,0.0273058884835852
directed_cross_project_edge_weight,9335,67,0.9729025534132361,0.02720166753517457
directed_cross_project_edge_weight,9336,68,0.9730067743616467,0.02709744658676394
directed_cross_project_edge_weight,9337,68,0.9731109953100573,0.02699322563835331
directed_cross_project_edge_weight,9338,68,0.973215216258468,0.026889004689942677
directed_cross_project_edge_weight,9339,68,0.9733194372068786,0.026784783741532047
directed_cross_project_edge_weight,9340,69,0.9734236581552892,0.026680562793121417
directed_cross_project_edge_weight,9341,69,0.9735278791036999,0.026576341844710787
directed_cross_project_edge_weight,9342,69,0.9736321000521104,0.026472120896300157
directed_cross_project_edge_weight,9343,69,0.9737363210005211,0.026367899947889527
directed_cross_project_edge_weight,9344,70,0.9738405419489318,0.026263678999478894
directed_cross_project_edge_weight,9345,71,0.9739447628973423,0.026159458051068264
directed_cross_project_edge_weight,9346,71,0.974048983845753,0.026055237102657634
directed_cross_project_edge_weight,9347,72,0.9741532047941637,0.025951016154247004
directed_cross_project_edge_weight,9348,72,0.9742574257425742,0.025846795205836375
directed_cross_project_edge_weight,9349,73,0.9743616466909849,0.02574257425742574
directed_cross_project_edge_weight,9350,73,0.9744658676393955,0.02563835330901511
directed_cross_project_edge_weight,9351,74,0.9745700885878061,0.02553413236060448
directed_cross_project_edge_weight,9352,74,0.9746743095362168,0.02542991141219385
directed_cross_project_edge_weight,9353,74,0.9747785304846274,0.02532569046378322
directed_cross_project_edge_weight,9354,75,0.974882751433038,0.025221469515372588
directed_cross_project_edge_weight,9355,75,0.9749869723814487,0.02511724856696196
directed_cross_project_edge_weight,9356,76,0.9750911933298593,0.02501302761855133
directed_cross_project_edge_weight,9357,76,0.97519541427827,0.0249088066701407
directed_cross_project_edge_weight,9358,76,0.9752996352266806,0.02480458572173007
directed_cross_project_edge_weight,9359,77,0.9754038561750912,0.02470036477331944
directed_cross_project_edge_weight,9360,77,0.9755080771235018,0.024596143824908805
directed_cross_project_edge_weight,9361,77,0.9756122980719124,0.024491922876498175
directed_cross_project_edge_weight,9362,77,0.9757165190203231,0.024387701928087546
directed_cross_project_edge_weight,9363,77,0.9758207399687338,0.024283480979676916
directed_cross_project_edge_weight,9364,77,0.9759249609171443,0.024179260031266286
directed_cross_project_edge_weight,9365,77,0.976029181865555,0.024075039082855652
directed_cross_project_edge_weight,9366,77,0.9761334028139657,0.023970818134445022
directed_cross_project_edge_weight,9367,79,0.9762376237623762,0.023866597186034393
directed_cross_project_edge_weight,9368,79,0.9763418447107869,0.023762376237623763
directed_cross_project_edge_weight,9369,79,0.9764460656591974,0.023658155289213133
directed_cross_project_edge_weight,9370,80,0.9765502866076081,0.023553934340802503
directed_cross_project_edge_weight,9371,81,0.9766545075560188,0.02344971339239187
directed_cross_project_edge_weight,9372,81,0.9767587285044294,0.02334549244398124
directed_cross_project_edge_weight,9373,81,0.97686294945284,0.02324127149557061
directed_cross_project_edge_weight,9374,81,0.9769671704012507,0.02313705054715998
directed_cross_project_edge_weight,9375,81,0.9770713913496613,0.02303282959874935
directed_cross_project_edge_weight,9376,82,0.9771756122980719,0.022928608650338717
directed_cross_project_edge_weight,9377,82,0.9772798332464825,0.022824387701928087
directed_cross_project_edge_weight,9378,83,0.9773840541948932,0.022720166753517457
directed_cross_project_edge_weight,9379,83,0.9774882751433038,0.022615945805106827
directed_cross_project_edge_weight,9380,84,0.9775924960917144,0.022511724856696197
directed_cross_project_edge_weight,9381,84,0.9776967170401251,0.022407503908285567
directed_cross_project_edge_weight,9382,85,0.9778009379885357,0.022303282959874934
directed_cross_project_edge_weight,9383,88,0.9779051589369463,0.022199062011464304
directed_cross_project_edge_weight,9384,89,0.978009379885357,0.022094841063053674
directed_cross_project_edge_weight,9385,90,0.9781136008337676,0.021990620114643044
directed_cross_project_edge_weight,9386,90,0.9782178217821782,0.021886399166232414
directed_cross_project_edge_weight,9387,90,0.9783220427305889,0.02178217821782178
directed_cross_project_edge_weight,9388,90,0.9784262636789994,0.02167795726941115
directed_cross_project_edge_weight,9389,90,0.9785304846274101,0.02157373632100052
directed_cross_project_edge_weight,9390,91,0.9786347055758208,0.02146951537258989
directed_cross_project_edge_weight,9391,92,0.9787389265242313,0.02136529442417926
directed_cross_project_edge_weight,9392,92,0.978843147472642,0.02126107347576863
directed_cross_project_edge_weight,9393,92,0.9789473684210527,0.021156852527357998
directed_cross_project_edge_weight,9394,93,0.9790515893694632,0.021052631578947368
directed_cross_project_edge_weight,9395,93,0.9791558103178739,0.020948410630536738
directed_cross_project_edge_weight,9396,93,0.9792600312662845,0.020844189682126108
directed_cross_project_edge_weight,9397,93,0.9793642522146951,0.020739968733715478
directed_cross_project_edge_weight,9398,93,0.9794684731631058,0.020635747785304845
directed_cross_project_edge_weight,9399,93,0.9795726941115164,0.020531526836894215
directed_cross_project_edge_weight,9400,93,0.979676915059927,0.020427305888483585
directed_cross_project_edge_weight,9401,94,0.9797811360083377,0.020323084940072955
directed_cross_project_edge_weight,9402,94,0.9798853569567483,0.020218863991662325
directed_cross_project_edge_weight,9403,94,0.979989577905159,0.020114643043251692
directed_cross_project_edge_weight,9404,94,0.9800937988535696,0.020010422094841062
directed_cross_project_edge_weight,9405,95,0.9801980198019802,0.019906201146430432
directed_cross_project_edge_weight,9406,95,0.9803022407503909,0.019801980198019802
directed_cross_project_edge_weight,9407,95,0.9804064616988014,0.019697759249609172
directed_cross_project_edge_weight,9408,95,0.9805106826472121,0.019593538301198542
directed_cross_project_edge_weight,9409,96,0.9806149035956228,0.01948931735278791
directed_cross_project_edge_weight,9410,96,0.9807191245440333,0.01938509640437728
directed_cross_project_edge_weight,9411,98,0.980823345492444,0.01928087545596665
directed_cross_project_edge_weight,9412,99,0.9809275664408547,0.01917665450755602
directed_cross_project_edge_weight,9413,101,0.9810317873892652,0.01907243355914539
directed_cross_project_edge_weight,9414,102,0.9811360083376759,0.018968212610734756
directed_cross_project_edge_weight,9415,103,0.9812402292860865,0.018863991662324126
directed_cross_project_edge_weight,9416,103,0.9813444502344971,0.018759770713913496
directed_cross_project_edge_weight,9417,103,0.9814486711829078,0.018655549765502866
directed_cross_project_edge_weight,9418,104,0.9815528921313184,0.018551328817092236
directed_cross_project_edge_weight,9419,104,0.981657113079729,0.018447107868681607
directed_cross_project_edge_weight,9420,105,0.9817613340281397,0.018342886920270973
directed_cross_project_edge_weight,9421,105,0.9818655549765503,0.018238665971860343
directed_cross_project_edge_weight,9422,105,0.9819697759249609,0.018134445023449713
directed_cross_project_edge_weight,9423,105,0.9820739968733716,0.018030224075039084
directed_cross_project_edge_weight,9424,106,0.9821782178217822,0.017926003126628454
directed_cross_project_edge_weight,9425,106,0.9822824387701928,0.01782178217821782
directed_cross_project_edge_weight,9426,106,0.9823866597186034,0.01771756122980719
directed_cross_project_edge_weight,9427,107,0.9824908806670141,0.01761334028139656
directed_cross_project_edge_weight,9428,110,0.9825951016154247,0.01750911933298593
directed_cross_project_edge_weight,9429,111,0.9826993225638353,0.0174048983845753
directed_cross_project_edge_weight,9430,111,0.982803543512246,0.01730067743616467
directed_cross_project_edge_weight,9431,111,0.9829077644606566,0.017196456487754037
directed_cross_project_edge_weight,9432,112,0.9830119854090672,0.017092235539343408
directed_cross_project_edge_weight,9433,112,0.9831162063574779,0.016988014590932778
directed_cross_project_edge_weight,9434,114,0.9832204273058884,0.016883793642522148
directed_cross_project_edge_weight,9435,114,0.9833246482542991,0.016779572694111518
directed_cross_project_edge_weight,9436,114,0.9834288692027098,0.016675351745700884
directed_cross_project_edge_weight,9437,114,0.9835330901511203,0.016571130797290255
directed_cross_project_edge_weight,9438,115,0.983637311099531,0.016466909848879625
directed_cross_project_edge_weight,9439,117,0.9837415320479417,0.016362688900468995
directed_cross_project_edge_weight,9440,118,0.9838457529963522,0.016258467952058365
directed_cross_project_edge_weight,9441,118,0.9839499739447629,0.01615424700364773
directed_cross_project_edge_weight,9442,118,0.9840541948931735,0.0160500260552371
directed_cross_project_edge_weight,9443,120,0.9841584158415841,0.01594580510682647
directed_cross_project_edge_weight,9444,120,0.9842626367899948,0.015841584158415842
directed_cross_project_edge_weight,9445,121,0.9843668577384054,0.015737363210005212
directed_cross_project_edge_weight,9446,121,0.984471078686816,0.015633142261594582
directed_cross_project_edge_weight,9447,122,0.9845752996352267,0.01552892131318395
directed_cross_project_edge_weight,9448,122,0.9846795205836373,0.015424700364773319
directed_cross_project_edge_weight,9449,123,0.984783741532048,0.015320479416362689
directed_cross_project_edge_weight,9450,124,0.9848879624804586,0.015216258467952059
directed_cross_project_edge_weight,9451,125,0.9849921834288692,0.015112037519541427
directed_cross_project_edge_weight,9452,125,0.9850964043772799,0.015007816571130797
directed_cross_project_edge_weight,9453,125,0.9852006253256904,0.014903595622720167
directed_cross_project_edge_weight,9454,126,0.9853048462741011,0.014799374674309536
directed_cross_project_edge_weight,9455,127,0.9854090672225118,0.014695153725898906
directed_cross_project_edge_weight,9456,127,0.9855132881709223,0.014590932777488274
directed_cross_project_edge_weight,9457,129,0.985617509119333,0.014486711829077644
directed_cross_project_edge_weight,9458,130,0.9857217300677437,0.014382490880667015
directed_cross_project_edge_weight,9459,131,0.9858259510161542,0.014278269932256383
directed_cross_project_edge_weight,9460,132,0.9859301719645649,0.014174048983845753
directed_cross_project_edge_weight,9461,132,0.9860343929129755,0.014069828035435123
directed_cross_project_edge_weight,9462,137,0.9861386138613861,0.013965607087024491
directed_cross_project_edge_weight,9463,139,0.9862428348097968,0.013861386138613862
directed_cross_project_edge_weight,9464,139,0.9863470557582074,0.013757165190203232
directed_cross_project_edge_weight,9465,140,0.986451276706618,0.0136529442417926
directed_cross_project_edge_weight,9466,143,0.9865554976550287,0.01354872329338197
directed_cross_project_edge_weight,9467,143,0.9866597186034393,0.013444502344971338
directed_cross_project_edge_weight,9468,144,0.9867639395518499,0.013340281396560709
directed_cross_project_edge_weight,9469,145,0.9868681605002606,0.013236060448150079
directed_cross_project_edge_weight,9470,146,0.9869723814486712,0.013131839499739447
directed_cross_project_edge_weight,9471,147,0.9870766023970818,0.013027618551328817
directed_cross_project_edge_weight,9472,147,0.9871808233454924,0.012923397602918187
directed_cross_project_edge_weight,9473,149,0.9872850442939031,0.012819176654507556
directed_cross_project_edge_weight,9474,150,0.9873892652423137,0.012714955706096926
directed_cross_project_edge_weight,9475,150,0.9874934861907243,0.012610734757686294
directed_cross_project_edge_weight,9476,153,0.987597707139135,0.012506513809275664
directed_cross_project_edge_weight,9477,153,0.9877019280875456,0.012402292860865034
directed_cross_project_edge_weight,9478,154,0.9878061490359562,0.012298071912454403
directed_cross_project_edge_weight,9479,156,0.9879103699843669,0.012193850964043773
directed_cross_project_edge_weight,9480,156,0.9880145909327774,0.012089630015633143
directed_cross_project_edge_weight,9481,161,0.9881188118811881,0.011985409067222511
directed_cross_project_edge_weight,9482,162,0.9882230328295988,0.011881188118811881
directed_cross_project_edge_weight,9483,162,0.9883272537780093,0.011776967170401251
directed_cross_project_edge_weight,9484,162,0.98843147472642,0.01167274622199062
directed_cross_project_edge_weight,9485,165,0.9885356956748307,0.01156852527357999
directed_cross_project_edge_weight,9486,169,0.9886399166232412,0.011464304325169358
directed_cross_project_edge_weight,9487,169,0.9887441375716519,0.011360083376758728
directed_cross_project_edge_weight,9488,173,0.9888483585200626,0.011255862428348098
directed_cross_project_edge_weight,9489,175,0.9889525794684731,0.011151641479937467
directed_cross_project_edge_weight,9490,175,0.9890568004168838,0.011047420531526837
directed_cross_project_edge_weight,9491,175,0.9891610213652944,0.010943199583116207
directed_cross_project_edge_weight,9492,176,0.989265242313705,0.010838978634705575
directed_cross_project_edge_weight,9493,181,0.9893694632621157,0.010734757686294946
directed_cross_project_edge_weight,9494,182,0.9894736842105263,0.010630536737884316
directed_cross_project_edge_weight,9495,183,0.989577905158937,0.010526315789473684
directed_cross_project_edge_weight,9496,186,0.9896821261073476,0.010422094841063054
directed_cross_project_edge_weight,9497,186,0.9897863470557582,0.010317873892652422
directed_cross_project_edge_weight,9498,188,0.9898905680041689,0.010213652944241793
directed_cross_project_edge_weight,9499,188,0.9899947889525794,0.010109431995831163
directed_cross_project_edge_weight,9500,188,0.9900990099009901,0.010005211047420531
directed_cross_project_edge_weight,9501,189,0.9902032308494008,0.009900990099009901
directed_cross_project_edge_weight,9502,190,0.9903074517978113,0.009796769150599271
directed_cross_project_edge_weight,9503,193,0.990411672746222,0.00969254820218864
directed_cross_project_edge_weight,9504,196,0.9905158936946327,0.00958832725377801
directed_cross_project_edge_weight,9505,196,0.9906201146430432,0.009484106305367378
directed_cross_project_edge_weight,9506,196,0.9907243355914539,0.009379885356956748
directed_cross_project_edge_weight,9507,200,0.9908285565398645,0.009275664408546118
directed_cross_project_edge_weight,9508,201,0.9909327774882751,0.009171443460135487
directed_cross_project_edge_weight,9509,201,0.9910369984366858,0.009067222511724857
directed_cross_project_edge_weight,9510,201,0.9911412193850964,0.008963001563314227
directed_cross_project_edge_weight,9511,203,0.991245440333507,0.008858780614903595
directed_cross_project_edge_weight,9512,205,0.9913496612819177,0.008754559666492965
directed_cross_project_edge_weight,9513,210,0.9914538822303283,0.008650338718082335
directed_cross_project_edge_weight,9514,211,0.9915581031787389,0.008546117769671704
directed_cross_project_edge_weight,9515,216,0.9916623241271496,0.008441896821261074
directed_cross_project_edge_weight,9516,226,0.9917665450755602,0.008337675872850442
directed_cross_project_edge_weight,9517,229,0.9918707660239708,0.008233454924439812
directed_cross_project_edge_weight,9518,229,0.9919749869723814,0.008129233976029182
directed_cross_project_edge_weight,9519,231,0.9920792079207921,0.00802501302761855
directed_cross_project_edge_weight,9520,232,0.9921834288692027,0.007920792079207921
directed_cross_project_edge_weight,9521,235,0.9922876498176133,0.007816571130797291
directed_cross_project_edge_weight,9522,237,0.992391870766024,0.007712350182386659
directed_cross_project_edge_weight,9523,243,0.9924960917144346,0.0076081292339760295
directed_cross_project_edge_weight,9524,250,0.9926003126628452,0.007503908285565399
directed_cross_project_edge_weight,9525,254,0.9927045336112559,0.007399687337154768
directed_cross_project_edge_weight,9526,268,0.9928087545596664,0.007295466388744137
directed_cross_project_edge_weight,9527,271,0.9929129755080771,0.007191245440333507
directed_cross_project_edge_weight,9528,273,0.9930171964564878,0.0070870244919228765
directed_cross_project_edge_weight,9529,273,0.9931214174048983,0.006982803543512246
directed_cross_project_edge_weight,9530,287,0.993225638353309,0.006878582595101616
directed_cross_project_edge_weight,9531,291,0.9933298593017197,0.006774361646690985
directed_cross_project_edge_weight,9532,295,0.9934340802501302,0.006670140698280354
directed_cross_project_edge_weight,9533,299,0.9935383011985409,0.0065659197498697235
directed_cross_project_edge_weight,9534,304,0.9936425221469516,0.006461698801459094
directed_cross_project_edge_weight,9535,305,0.9937467430953622,0.006357477853048463
directed_cross_project_edge_weight,9536,306,0.9938509640437728,0.006253256904637832
directed_cross_project_edge_weight,9537,326,0.9939551849921834,0.006149035956227201
directed_cross_project_edge_weight,9538,340,0.994059405940594,0.006044815007816571
directed_cross_project_edge_weight,9539,341,0.9941636268890047,0.005940594059405941
directed_cross_project_edge_weight,9540,354,0.9942678478374153,0.00583637311099531
directed_cross_project_edge_weight,9541,354,0.994372068785826,0.005732152162584679
directed_cross_project_edge_weight,9542,361,0.9944762897342366,0.005627931214174049
directed_cross_project_edge_weight,9543,365,0.9945805106826472,0.0055237102657634185
directed_cross_project_edge_weight,9544,375,0.9946847316310579,0.005419489317352788
directed_cross_project_edge_weight,9545,381,0.9947889525794684,0.005315268368942158
directed_cross_project_edge_weight,9546,400,0.9948931735278791,0.005211047420531527
directed_cross_project_edge_weight,9547,407,0.9949973944762898,0.005106826472120896
directed_cross_project_edge_weight,9548,407,0.9951016154247003,0.0050026055237102655
directed_cross_project_edge_weight,9549,434,0.995205836373111,0.004898384575299636
directed_cross_project_edge_weight,9550,444,0.9953100573215217,0.004794163626889005
directed_cross_project_edge_weight,9551,460,0.9954142782699322,0.004689942678478374
directed_cross_project_edge_weight,9552,523,0.9955184992183429,0.004585721730067743
directed_cross_project_edge_weight,9553,579,0.9956227201667536,0.004481500781657113
directed_cross_project_edge_weight,9554,582,0.9957269411151641,0.004377279833246483
directed_cross_project_edge_weight,9555,592,0.9958311620635748,0.004273058884835852
directed_cross_project_edge_weight,9556,593,0.9959353830119854,0.004168837936425221
directed_cross_project_edge_weight,9557,594,0.996039603960396,0.004064616988014591
directed_cross_project_edge_weight,9558,598,0.9961438249088067,0.0039603960396039604
directed_cross_project_edge_weight,9559,605,0.9962480458572173,0.0038561750911933297
directed_cross_project_edge_weight,9560,652,0.9963522668056279,0.0037519541427826993
directed_cross_project_edge_weight,9561,656,0.9964564877540386,0.0036477331943720686
directed_cross_project_edge_weight,9562,674,0.9965607087024492,0.0035435122459614382
directed_cross_project_edge_weight,9563,680,0.9966649296508598,0.003439291297550808
directed_cross_project_edge_weight,9564,751,0.9967691505992704,0.003335070349140177
directed_cross_project_edge_weight,9565,785,0.9968733715476811,0.003230849400729547
directed_cross_project_edge_weight,9566,803,0.9969775924960917,0.003126628452318916
directed_cross_project_edge_weight,9567,836,0.9970818134445023,0.0030224075039082857
directed_cross_project_edge_weight,9568,857,0.997186034392913,0.002918186555497655
directed_cross_project_edge_weight,9569,858,0.9972902553413237,0.0028139656070870246
directed_cross_project_edge_weight,9570,864,0.9973944762897342,0.002709744658676394
directed_cross_project_edge_weight,9571,1118,0.9974986972381449,0.0026055237102657635
directed_cross_project_edge_weight,9572,1431,0.9976029181865554,0.0025013027618551328
directed_cross_project_edge_weight,9573,1575,0.9977071391349661,0.0023970818134445024
directed_cross_project_edge_weight,9574,1835,0.9978113600833768,0.0022928608650338717
directed_cross_project_edge_weight,9575,1851,0.9979155810317873,0.0021886399166232413
directed_cross_project_edge_weight,9576,1997,0.998019801980198,0.0020844189682126106
directed_cross_project_edge_weight,9577,1999,0.9981240229286087,0.0019801980198019802
directed_cross_project_edge_weight,9578,2000,0.9982282438770193,0.0018759770713913497
directed_cross_project_edge_weight,9579,2002,0.9983324648254299,0.0017717561229807191
directed_cross_project_edge_weight,9580,2002,0.9984366857738406,0.0016675351745700886
directed_cross_project_edge_weight,9581,2004,0.9985409067222512,0.001563314226159458
directed_cross_project_edge_weight,9582,2005,0.9986451276706618,0.0014590932777488275
directed_cross_project_edge_weight,9583,2005,0.9987493486190724,0.001354872329338197
directed_cross_project_edge_weight,9584,2006,0.9988535695674831,0.0012506513809275664
directed_cross_project_edge_weight,9585,2006,0.9989577905158937,0.0011464304325169358
directed_cross_project_edge_weight,9586,2007,0.9990620114643043,0.0010422094841063053
directed_cross_project_edge_weight,9587,2008,0.999166232412715,0.0009379885356956748
directed_cross_project_edge_weight,9588,2009,0.9992704533611256,0.0008337675872850443
directed_cross_project_edge_weight,9589,2009,0.9993746743095362,0.0007295466388744137
directed_cross_project_edge_weight,9590,2012,0.9994788952579469,0.0006253256904637832
directed_cross_project_edge_weight,9591,2014,0.9995831162063574,0.0005211047420531526
directed_cross_project_edge_weight,9592,2017,0.9996873371547681,0.00041688379364252214
directed_cross_project_edge_weight,9593,2039,0.9997915581031788,0.0003126628452318916
directed_cross_project_edge_weight,9594,2177,0.9998957790515893,0.00020844189682126107
directed_cross_project_edge_weight,9595,2297,1.0,0.00010422094841063054
