metric,rank,value,cdf,ccdf
out_degree,1,0.0,0.003401360544217687,1.0
out_degree,2,0.0,0.006802721088435374,0.9965986394557823
out_degree,3,0.0,0.01020408163265306,0.9931972789115646
out_degree,4,0.0,0.013605442176870748,0.9897959183673469
out_degree,5,0.0,0.017006802721088437,0.9863945578231292
out_degree,6,0.0,0.02040816326530612,0.9829931972789115
out_degree,7,0.0,0.023809523809523808,0.9795918367346939
out_degree,8,0.0,0.027210884353741496,0.9761904761904762
out_degree,9,0.0,0.030612244897959183,0.9727891156462585
out_degree,10,0.0,0.034013605442176874,0.9693877551020408
out_degree,11,0.0,0.03741496598639456,0.9659863945578231
out_degree,12,0.0,0.04081632653061224,0.9625850340136054
out_degree,13,0.0,0.04421768707482993,0.9591836734693877
out_degree,14,0.0,0.047619047619047616,0.95578231292517
out_degree,15,0.0,0.05102040816326531,0.9523809523809523
out_degree,16,0.0,0.05442176870748299,0.9489795918367347
out_degree,17,0.0,0.05782312925170068,0.9455782312925171
out_degree,18,0.0,0.061224489795918366,0.9421768707482994
out_degree,19,0.0,0.06462585034013606,0.9387755102040817
out_degree,20,0.0,0.06802721088435375,0.935374149659864
out_degree,21,0.0,0.07142857142857142,0.9319727891156463
out_degree,22,0.0,0.07482993197278912,0.9285714285714286
out_degree,23,0.0,0.0782312925170068,0.9251700680272109
out_degree,24,0.0,0.08163265306122448,0.9217687074829932
out_degree,25,0.0,0.08503401360544217,0.9183673469387755
out_degree,26,0.0,0.08843537414965986,0.9149659863945578
out_degree,27,0.0,0.09183673469387756,0.9115646258503401
out_degree,28,0.0,0.09523809523809523,0.9081632653061225
out_degree,29,0.0,0.09863945578231292,0.9047619047619048
out_degree,30,0.0,0.10204081632653061,0.9013605442176871
out_degree,31,0.0,0.1054421768707483,0.8979591836734694
out_degree,32,0.0,0.10884353741496598,0.8945578231292517
out_degree,33,1.0,0.11224489795918367,0.891156462585034
out_degree,34,1.0,0.11564625850340136,0.8877551020408163
out_degree,35,1.0,0.11904761904761904,0.8843537414965986
out_degree,36,1.0,0.12244897959183673,0.8809523809523809
out_degree,37,1.0,0.12585034013605442,0.8775510204081632
out_degree,38,1.0,0.1292517006802721,0.8741496598639455
out_degree,39,1.0,0.1326530612244898,0.8707482993197279
out_degree,40,1.0,0.1360544217687075,0.8673469387755102
out_degree,41,1.0,0.13945578231292516,0.8639455782312925
out_degree,42,1.0,0.14285714285714285,0.8605442176870748
out_degree,43,1.0,0.14625850340136054,0.8571428571428571
out_degree,44,1.0,0.14965986394557823,0.8537414965986394
out_degree,45,1.0,0.15306122448979592,0.8503401360544217
out_degree,46,1.0,0.1564625850340136,0.8469387755102041
out_degree,47,1.0,0.1598639455782313,0.8435374149659864
out_degree,48,1.0,0.16326530612244897,0.8401360544217688
out_degree,49,1.0,0.16666666666666666,0.8367346938775511
out_degree,50,1.0,0.17006802721088435,0.8333333333333334
out_degree,51,1.0,0.17346938775510204,0.8299319727891157
out_degree,52,1.0,0.17687074829931973,0.826530612244898
out_degree,53,2.0,0.18027210884353742,0.8231292517006803
out_degree,54,2.0,0.1836734693877551,0.8197278911564626
out_degree,55,2.0,0.1870748299319728,0.8163265306122449
out_degree,56,2.0,0.19047619047619047,0.8129251700680272
out_degree,57,2.0,0.19387755102040816,0.8095238095238095
out_degree,58,2.0,0.19727891156462585,0.8061224489795918
out_degree,59,2.0,0.20068027210884354,0.8027210884353742
out_degree,60,2.0,0.20408163265306123,0.7993197278911565
out_degree,61,2.0,0.20748299319727892,0.7959183673469388
out_degree,62,2.0,0.2108843537414966,0.7925170068027211
out_degree,63,2.0,0.21428571428571427,0.7891156462585034
out_degree,64,2.0,0.21768707482993196,0.7857142857142857
out_degree,65,2.0,0.22108843537414966,0.782312925170068
out_degree,66,2.0,0.22448979591836735,0.7789115646258503
out_degree,67,2.0,0.22789115646258504,0.7755102040816326
out_degree,68,2.0,0.23129251700680273,0.7721088435374149
out_degree,69,2.0,0.23469387755102042,0.7687074829931972
out_degree,70,2.0,0.23809523809523808,0.7653061224489796
out_degree,71,3.0,0.24149659863945577,0.7619047619047619
out_degree,72,3.0,0.24489795918367346,0.7585034013605442
out_degree,73,3.0,0.24829931972789115,0.7551020408163265
out_degree,74,3.0,0.25170068027210885,0.7517006802721088
out_degree,75,3.0,0.25510204081632654,0.7482993197278912
out_degree,76,3.0,0.2585034013605442,0.7448979591836735
out_degree,77,3.0,0.2619047619047619,0.7414965986394558
out_degree,78,3.0,0.2653061224489796,0.7380952380952381
out_degree,79,3.0,0.2687074829931973,0.7346938775510204
out_degree,80,3.0,0.272108843537415,0.7312925170068028
out_degree,81,3.0,0.2755102040816326,0.7278911564625851
out_degree,82,3.0,0.2789115646258503,0.7244897959183674
out_degree,83,3.0,0.282312925170068,0.7210884353741497
out_degree,84,3.0,0.2857142857142857,0.717687074829932
out_degree,85,3.0,0.2891156462585034,0.7142857142857143
out_degree,86,4.0,0.2925170068027211,0.7108843537414966
out_degree,87,4.0,0.29591836734693877,0.7074829931972789
out_degree,88,4.0,0.29931972789115646,0.7040816326530612
out_degree,89,4.0,0.30272108843537415,0.7006802721088435
out_degree,90,4.0,0.30612244897959184,0.6972789115646258
out_degree,91,4.0,0.30952380952380953,0.6938775510204082
out_degree,92,4.0,0.3129251700680272,0.6904761904761905
out_degree,93,4.0,0.3163265306122449,0.6870748299319728
out_degree,94,4.0,0.3197278911564626,0.6836734693877551
out_degree,95,4.0,0.3231292517006803,0.6802721088435374
out_degree,96,4.0,0.32653061224489793,0.6768707482993197
out_degree,97,5.0,0.3299319727891156,0.673469387755102
out_degree,98,5.0,0.3333333333333333,0.6700680272108843
out_degree,99,5.0,0.336734693877551,0.6666666666666666
out_degree,100,5.0,0.3401360544217687,0.6632653061224489
out_degree,101,5.0,0.3435374149659864,0.6598639455782312
out_degree,102,5.0,0.3469387755102041,0.6564625850340136
out_degree,103,5.0,0.35034013605442177,0.6530612244897959
out_degree,104,5.0,0.35374149659863946,0.6496598639455783
out_degree,105,5.0,0.35714285714285715,0.6462585034013606
out_degree,106,5.0,0.36054421768707484,0.6428571428571429
out_degree,107,5.0,0.36394557823129253,0.6394557823129252
out_degree,108,5.0,0.3673469387755102,0.6360544217687075
out_degree,109,5.0,0.3707482993197279,0.6326530612244898
out_degree,110,6.0,0.3741496598639456,0.6292517006802721
out_degree,111,6.0,0.37755102040816324,0.6258503401360545
out_degree,112,6.0,0.38095238095238093,0.6224489795918368
out_degree,113,6.0,0.3843537414965986,0.6190476190476191
out_degree,114,6.0,0.3877551020408163,0.6156462585034014
out_degree,115,6.0,0.391156462585034,0.6122448979591837
out_degree,116,6.0,0.3945578231292517,0.608843537414966
out_degree,117,6.0,0.3979591836734694,0.6054421768707483
out_degree,118,6.0,0.4013605442176871,0.6020408163265306
out_degree,119,6.0,0.40476190476190477,0.5986394557823129
out_degree,120,7.0,0.40816326530612246,0.5952380952380952
out_degree,121,7.0,0.41156462585034015,0.5918367346938775
out_degree,122,7.0,0.41496598639455784,0.5884353741496599
out_degree,123,7.0,0.41836734693877553,0.5850340136054422
out_degree,124,7.0,0.4217687074829932,0.5816326530612245
out_degree,125,7.0,0.42517006802721086,0.5782312925170068
out_degree,126,7.0,0.42857142857142855,0.5748299319727891
out_degree,127,7.0,0.43197278911564624,0.5714285714285714
out_degree,128,7.0,0.43537414965986393,0.5680272108843537
out_degree,129,7.0,0.4387755102040816,0.564625850340136
out_degree,130,7.0,0.4421768707482993,0.5612244897959183
out_degree,131,7.0,0.445578231292517,0.5578231292517006
out_degree,132,8.0,0.4489795918367347,0.5544217687074829
out_degree,133,8.0,0.4523809523809524,0.5510204081632653
out_degree,134,8.0,0.4557823129251701,0.5476190476190477
out_degree,135,8.0,0.45918367346938777,0.54421768707483
out_degree,136,9.0,0.46258503401360546,0.5408163265306123
out_degree,137,9.0,0.46598639455782315,0.5374149659863946
out_degree,138,9.0,0.46938775510204084,0.5340136054421769
out_degree,139,9.0,0.47278911564625853,0.5306122448979592
out_degree,140,9.0,0.47619047619047616,0.5272108843537415
out_degree,141,10.0,0.47959183673469385,0.5238095238095238
out_degree,142,10.0,0.48299319727891155,0.5204081632653061
out_degree,143,10.0,0.48639455782312924,0.5170068027210885
out_degree,144,10.0,0.4897959183673469,0.5136054421768708
out_degree,145,10.0,0.4931972789115646,0.5102040816326531
out_degree,146,11.0,0.4965986394557823,0.5068027210884354
out_degree,147,11.0,0.5,0.5034013605442177
out_degree,148,11.0,0.5034013605442177,0.5
out_degree,149,11.0,0.5068027210884354,0.4965986394557823
out_degree,150,11.0,0.5102040816326531,0.4931972789115646
out_degree,151,11.0,0.5136054421768708,0.4897959183673469
out_degree,152,11.0,0.5170068027210885,0.48639455782312924
out_degree,153,11.0,0.5204081632653061,0.48299319727891155
out_degree,154,11.0,0.5238095238095238,0.47959183673469385
out_degree,155,12.0,0.5272108843537415,0.47619047619047616
out_degree,156,12.0,0.5306122448979592,0.47278911564625853
out_degree,157,12.0,0.5340136054421769,0.46938775510204084
out_degree,158,12.0,0.5374149659863946,0.46598639455782315
out_degree,159,12.0,0.5408163265306123,0.46258503401360546
out_degree,160,12.0,0.54421768707483,0.45918367346938777
out_degree,161,12.0,0.5476190476190477,0.4557823129251701
out_degree,162,12.0,0.5510204081632653,0.4523809523809524
out_degree,163,12.0,0.5544217687074829,0.4489795918367347
out_degree,164,13.0,0.5578231292517006,0.445578231292517
out_degree,165,13.0,0.5612244897959183,0.4421768707482993
out_degree,166,13.0,0.564625850340136,0.4387755102040816
out_degree,167,13.0,0.5680272108843537,0.43537414965986393
out_degree,168,13.0,0.5714285714285714,0.43197278911564624
out_degree,169,14.0,0.5748299319727891,0.42857142857142855
out_degree,170,14.0,0.5782312925170068,0.42517006802721086
out_degree,171,15.0,0.5816326530612245,0.4217687074829932
out_degree,172,15.0,0.5850340136054422,0.41836734693877553
out_degree,173,15.0,0.5884353741496599,0.41496598639455784
out_degree,174,15.0,0.5918367346938775,0.41156462585034015
out_degree,175,15.0,0.5952380952380952,0.40816326530612246
out_degree,176,15.0,0.5986394557823129,0.40476190476190477
out_degree,177,16.0,0.6020408163265306,0.4013605442176871
out_degree,178,16.0,0.6054421768707483,0.3979591836734694
out_degree,179,17.0,0.608843537414966,0.3945578231292517
out_degree,180,17.0,0.6122448979591837,0.391156462585034
out_degree,181,17.0,0.6156462585034014,0.3877551020408163
out_degree,182,18.0,0.6190476190476191,0.3843537414965986
out_degree,183,18.0,0.6224489795918368,0.38095238095238093
out_degree,184,19.0,0.6258503401360545,0.37755102040816324
out_degree,185,19.0,0.6292517006802721,0.3741496598639456
out_degree,186,20.0,0.6326530612244898,0.3707482993197279
out_degree,187,20.0,0.6360544217687075,0.3673469387755102
out_degree,188,20.0,0.6394557823129252,0.36394557823129253
out_degree,189,21.0,0.6428571428571429,0.36054421768707484
out_degree,190,21.0,0.6462585034013606,0.35714285714285715
out_degree,191,21.0,0.6496598639455783,0.35374149659863946
out_degree,192,22.0,0.6530612244897959,0.35034013605442177
out_degree,193,22.0,0.6564625850340136,0.3469387755102041
out_degree,194,22.0,0.6598639455782312,0.3435374149659864
out_degree,195,23.0,0.6632653061224489,0.3401360544217687
out_degree,196,23.0,0.6666666666666666,0.336734693877551
out_degree,197,23.0,0.6700680272108843,0.3333333333333333
out_degree,198,23.0,0.673469387755102,0.3299319727891156
out_degree,199,24.0,0.6768707482993197,0.32653061224489793
out_degree,200,25.0,0.6802721088435374,0.3231292517006803
out_degree,201,25.0,0.6836734693877551,0.3197278911564626
out_degree,202,26.0,0.6870748299319728,0.3163265306122449
out_degree,203,26.0,0.6904761904761905,0.3129251700680272
out_degree,204,26.0,0.6938775510204082,0.30952380952380953
out_degree,205,27.0,0.6972789115646258,0.30612244897959184
out_degree,206,27.0,0.7006802721088435,0.30272108843537415
out_degree,207,28.0,0.7040816326530612,0.29931972789115646
out_degree,208,29.0,0.7074829931972789,0.29591836734693877
out_degree,209,30.0,0.7108843537414966,0.2925170068027211
out_degree,210,30.0,0.7142857142857143,0.2891156462585034
out_degree,211,31.0,0.717687074829932,0.2857142857142857
out_degree,212,32.0,0.7210884353741497,0.282312925170068
out_degree,213,32.0,0.7244897959183674,0.2789115646258503
out_degree,214,34.0,0.7278911564625851,0.2755102040816326
out_degree,215,36.0,0.7312925170068028,0.272108843537415
out_degree,216,36.0,0.7346938775510204,0.2687074829931973
out_degree,217,37.0,0.7380952380952381,0.2653061224489796
out_degree,218,38.0,0.7414965986394558,0.2619047619047619
out_degree,219,38.0,0.7448979591836735,0.2585034013605442
out_degree,220,39.0,0.7482993197278912,0.25510204081632654
out_degree,221,39.0,0.7517006802721088,0.25170068027210885
out_degree,222,40.0,0.7551020408163265,0.24829931972789115
out_degree,223,40.0,0.7585034013605442,0.24489795918367346
out_degree,224,40.0,0.7619047619047619,0.24149659863945577
out_degree,225,40.0,0.7653061224489796,0.23809523809523808
out_degree,226,40.0,0.7687074829931972,0.23469387755102042
out_degree,227,42.0,0.7721088435374149,0.23129251700680273
out_degree,228,42.0,0.7755102040816326,0.22789115646258504
out_degree,229,43.0,0.7789115646258503,0.22448979591836735
out_degree,230,43.0,0.782312925170068,0.22108843537414966
out_degree,231,44.0,0.7857142857142857,0.21768707482993196
out_degree,232,44.0,0.7891156462585034,0.21428571428571427
out_degree,233,46.0,0.7925170068027211,0.2108843537414966
out_degree,234,46.0,0.7959183673469388,0.20748299319727892
out_degree,235,46.0,0.7993197278911565,0.20408163265306123
out_degree,236,47.0,0.8027210884353742,0.20068027210884354
out_degree,237,49.0,0.8061224489795918,0.19727891156462585
out_degree,238,49.0,0.8095238095238095,0.19387755102040816
out_degree,239,50.0,0.8129251700680272,0.19047619047619047
out_degree,240,50.0,0.8163265306122449,0.1870748299319728
out_degree,241,54.0,0.8197278911564626,0.1836734693877551
out_degree,242,54.0,0.8231292517006803,0.18027210884353742
out_degree,243,55.0,0.826530612244898,0.17687074829931973
out_degree,244,58.0,0.8299319727891157,0.17346938775510204
out_degree,245,59.0,0.8333333333333334,0.17006802721088435
out_degree,246,59.0,0.8367346938775511,0.16666666666666666
out_degree,247,61.0,0.8401360544217688,0.16326530612244897
out_degree,248,65.0,0.8435374149659864,0.1598639455782313
out_degree,249,66.0,0.8469387755102041,0.1564625850340136
out_degree,250,66.0,0.8503401360544217,0.15306122448979592
out_degree,251,67.0,0.8537414965986394,0.14965986394557823
out_degree,252,67.0,0.8571428571428571,0.14625850340136054
out_degree,253,69.0,0.8605442176870748,0.14285714285714285
out_degree,254,75.0,0.8639455782312925,0.13945578231292516
out_degree,255,78.0,0.8673469387755102,0.1360544217687075
out_degree,256,78.0,0.8707482993197279,0.1326530612244898
out_degree,257,83.0,0.8741496598639455,0.1292517006802721
out_degree,258,86.0,0.8775510204081632,0.12585034013605442
out_degree,259,86.0,0.8809523809523809,0.12244897959183673
out_degree,260,86.0,0.8843537414965986,0.11904761904761904
out_degree,261,88.0,0.8877551020408163,0.11564625850340136
out_degree,262,91.0,0.891156462585034,0.11224489795918367
out_degree,263,92.0,0.8945578231292517,0.10884353741496598
out_degree,264,94.0,0.8979591836734694,0.1054421768707483
out_degree,265,100.0,0.9013605442176871,0.10204081632653061
out_degree,266,101.0,0.9047619047619048,0.09863945578231292
out_degree,267,106.0,0.9081632653061225,0.09523809523809523
out_degree,268,113.0,0.9115646258503401,0.09183673469387756
out_degree,269,114.0,0.9149659863945578,0.08843537414965986
out_degree,270,114.0,0.9183673469387755,0.08503401360544217
out_degree,271,115.0,0.9217687074829932,0.08163265306122448
out_degree,272,116.0,0.9251700680272109,0.0782312925170068
out_degree,273,116.0,0.9285714285714286,0.07482993197278912
out_degree,274,118.0,0.9319727891156463,0.07142857142857142
out_degree,275,118.0,0.935374149659864,0.06802721088435375
out_degree,276,122.0,0.9387755102040817,0.06462585034013606
out_degree,277,124.0,0.9421768707482994,0.061224489795918366
out_degree,278,125.0,0.9455782312925171,0.05782312925170068
out_degree,279,130.0,0.9489795918367347,0.05442176870748299
out_degree,280,138.0,0.9523809523809523,0.05102040816326531
out_degree,281,140.0,0.95578231292517,0.047619047619047616
out_degree,282,143.0,0.9591836734693877,0.04421768707482993
out_degree,283,146.0,0.9625850340136054,0.04081632653061224
out_degree,284,177.0,0.9659863945578231,0.03741496598639456
out_degree,285,179.0,0.9693877551020408,0.034013605442176874
out_degree,286,181.0,0.9727891156462585,0.030612244897959183
out_degree,287,183.0,0.9761904761904762,0.027210884353741496
out_degree,288,208.0,0.9795918367346939,0.023809523809523808
out_degree,289,227.0,0.9829931972789115,0.02040816326530612
out_degree,290,263.0,0.9863945578231292,0.017006802721088437
out_degree,291,303.0,0.9897959183673469,0.013605442176870748
out_degree,292,305.0,0.9931972789115646,0.01020408163265306
out_degree,293,316.0,0.9965986394557823,0.006802721088435374
out_degree,294,352.0,1.0,0.003401360544217687
out_strength,1,0.0,0.003401360544217687,1.0
out_strength,2,0.0,0.006802721088435374,0.9965986394557823
out_strength,3,0.0,0.01020408163265306,0.9931972789115646
out_strength,4,0.0,0.013605442176870748,0.9897959183673469
out_strength,5,0.0,0.017006802721088437,0.9863945578231292
out_strength,6,0.0,0.02040816326530612,0.9829931972789115
out_strength,7,0.0,0.023809523809523808,0.9795918367346939
out_strength,8,0.0,0.027210884353741496,0.9761904761904762
out_strength,9,0.0,0.030612244897959183,0.9727891156462585
out_strength,10,0.0,0.034013605442176874,0.9693877551020408
out_strength,11,0.0,0.03741496598639456,0.9659863945578231
out_strength,12,0.0,0.04081632653061224,0.9625850340136054
out_strength,13,0.0,0.04421768707482993,0.9591836734693877
out_strength,14,0.0,0.047619047619047616,0.95578231292517
out_strength,15,0.0,0.05102040816326531,0.9523809523809523
out_strength,16,0.0,0.05442176870748299,0.9489795918367347
out_strength,17,0.0,0.05782312925170068,0.9455782312925171
out_strength,18,0.0,0.061224489795918366,0.9421768707482994
out_strength,19,0.0,0.06462585034013606,0.9387755102040817
out_strength,20,0.0,0.06802721088435375,0.935374149659864
out_strength,21,0.0,0.07142857142857142,0.9319727891156463
out_strength,22,0.0,0.07482993197278912,0.9285714285714286
out_strength,23,0.0,0.0782312925170068,0.9251700680272109
out_strength,24,0.0,0.08163265306122448,0.9217687074829932
out_strength,25,0.0,0.08503401360544217,0.9183673469387755
out_strength,26,0.0,0.08843537414965986,0.9149659863945578
out_strength,27,0.0,0.09183673469387756,0.9115646258503401
out_strength,28,0.0,0.09523809523809523,0.9081632653061225
out_strength,29,0.0,0.09863945578231292,0.9047619047619048
out_strength,30,0.0,0.10204081632653061,0.9013605442176871
out_strength,31,0.0,0.1054421768707483,0.8979591836734694
out_strength,32,0.0,0.10884353741496598,0.8945578231292517
out_strength,33,1.0,0.11224489795918367,0.891156462585034
out_strength,34,1.0,0.11564625850340136,0.8877551020408163
out_strength,35,1.0,0.11904761904761904,0.8843537414965986
out_strength,36,1.0,0.12244897959183673,0.8809523809523809
out_strength,37,1.0,0.12585034013605442,0.8775510204081632
out_strength,38,1.0,0.1292517006802721,0.8741496598639455
out_strength,39,1.0,0.1326530612244898,0.8707482993197279
out_strength,40,1.0,0.1360544217687075,0.8673469387755102
out_strength,41,1.0,0.13945578231292516,0.8639455782312925
out_strength,42,1.0,0.14285714285714285,0.8605442176870748
out_strength,43,1.0,0.14625850340136054,0.8571428571428571
out_strength,44,1.0,0.14965986394557823,0.8537414965986394
out_strength,45,1.0,0.15306122448979592,0.8503401360544217
out_strength,46,1.0,0.1564625850340136,0.8469387755102041
out_strength,47,1.0,0.1598639455782313,0.8435374149659864
out_strength,48,2.0,0.16326530612244897,0.8401360544217688
out_strength,49,2.0,0.16666666666666666,0.8367346938775511
out_strength,50,2.0,0.17006802721088435,0.8333333333333334
out_strength,51,2.0,0.17346938775510204,0.8299319727891157
out_strength,52,2.0,0.17687074829931973,0.826530612244898
out_strength,53,2.0,0.18027210884353742,0.8231292517006803
out_strength,54,2.0,0.1836734693877551,0.8197278911564626
out_strength,55,2.0,0.1870748299319728,0.8163265306122449
out_strength,56,2.0,0.19047619047619047,0.8129251700680272
out_strength,57,2.0,0.19387755102040816,0.8095238095238095
out_strength,58,3.0,0.19727891156462585,0.8061224489795918
out_strength,59,3.0,0.20068027210884354,0.8027210884353742
out_strength,60,3.0,0.20408163265306123,0.7993197278911565
out_strength,61,3.0,0.20748299319727892,0.7959183673469388
out_strength,62,3.0,0.2108843537414966,0.7925170068027211
out_strength,63,3.0,0.21428571428571427,0.7891156462585034
out_strength,64,3.0,0.21768707482993196,0.7857142857142857
out_strength,65,3.0,0.22108843537414966,0.782312925170068
out_strength,66,3.0,0.22448979591836735,0.7789115646258503
out_strength,67,4.0,0.22789115646258504,0.7755102040816326
out_strength,68,4.0,0.23129251700680273,0.7721088435374149
out_strength,69,4.0,0.23469387755102042,0.7687074829931972
out_strength,70,4.0,0.23809523809523808,0.7653061224489796
out_strength,71,4.0,0.24149659863945577,0.7619047619047619
out_strength,72,4.0,0.24489795918367346,0.7585034013605442
out_strength,73,5.0,0.24829931972789115,0.7551020408163265
out_strength,74,5.0,0.25170068027210885,0.7517006802721088
out_strength,75,5.0,0.25510204081632654,0.7482993197278912
out_strength,76,5.0,0.2585034013605442,0.7448979591836735
out_strength,77,5.0,0.2619047619047619,0.7414965986394558
out_strength,78,5.0,0.2653061224489796,0.7380952380952381
out_strength,79,5.0,0.2687074829931973,0.7346938775510204
out_strength,80,5.0,0.272108843537415,0.7312925170068028
out_strength,81,6.0,0.2755102040816326,0.7278911564625851
out_strength,82,6.0,0.2789115646258503,0.7244897959183674
out_strength,83,6.0,0.282312925170068,0.7210884353741497
out_strength,84,6.0,0.2857142857142857,0.717687074829932
out_strength,85,6.0,0.2891156462585034,0.7142857142857143
out_strength,86,6.0,0.2925170068027211,0.7108843537414966
out_strength,87,6.0,0.29591836734693877,0.7074829931972789
out_strength,88,6.0,0.29931972789115646,0.7040816326530612
out_strength,89,7.0,0.30272108843537415,0.7006802721088435
out_strength,90,7.0,0.30612244897959184,0.6972789115646258
out_strength,91,7.0,0.30952380952380953,0.6938775510204082
out_strength,92,7.0,0.3129251700680272,0.6904761904761905
out_strength,93,7.0,0.3163265306122449,0.6870748299319728
out_strength,94,7.0,0.3197278911564626,0.6836734693877551
out_strength,95,8.0,0.3231292517006803,0.6802721088435374
out_strength,96,8.0,0.32653061224489793,0.6768707482993197
out_strength,97,8.0,0.3299319727891156,0.673469387755102
out_strength,98,8.0,0.3333333333333333,0.6700680272108843
out_strength,99,8.0,0.336734693877551,0.6666666666666666
out_strength,100,8.0,0.3401360544217687,0.6632653061224489
out_strength,101,9.0,0.3435374149659864,0.6598639455782312
out_strength,102,9.0,0.3469387755102041,0.6564625850340136
out_strength,103,9.0,0.35034013605442177,0.6530612244897959
out_strength,104,9.0,0.35374149659863946,0.6496598639455783
out_strength,105,10.0,0.35714285714285715,0.6462585034013606
out_strength,106,10.0,0.36054421768707484,0.6428571428571429
out_strength,107,10.0,0.36394557823129253,0.6394557823129252
out_strength,108,10.0,0.3673469387755102,0.6360544217687075
out_strength,109,11.0,0.3707482993197279,0.6326530612244898
out_strength,110,11.0,0.3741496598639456,0.6292517006802721
out_strength,111,11.0,0.37755102040816324,0.6258503401360545
out_strength,112,11.0,0.38095238095238093,0.6224489795918368
out_strength,113,12.0,0.3843537414965986,0.6190476190476191
out_strength,114,12.0,0.3877551020408163,0.6156462585034014
out_strength,115,13.0,0.391156462585034,0.6122448979591837
out_strength,116,13.0,0.3945578231292517,0.608843537414966
out_strength,117,13.0,0.3979591836734694,0.6054421768707483
out_strength,118,13.0,0.4013605442176871,0.6020408163265306
out_strength,119,14.0,0.40476190476190477,0.5986394557823129
out_strength,120,15.0,0.40816326530612246,0.5952380952380952
out_strength,121,15.0,0.41156462585034015,0.5918367346938775
out_strength,122,15.0,0.41496598639455784,0.5884353741496599
out_strength,123,16.0,0.41836734693877553,0.5850340136054422
out_strength,124,16.0,0.4217687074829932,0.5816326530612245
out_strength,125,16.0,0.42517006802721086,0.5782312925170068
out_strength,126,16.0,0.42857142857142855,0.5748299319727891
out_strength,127,16.0,0.43197278911564624,0.5714285714285714
out_strength,128,18.0,0.43537414965986393,0.5680272108843537
out_strength,129,18.0,0.4387755102040816,0.564625850340136
out_strength,130,19.0,0.4421768707482993,0.5612244897959183
out_strength,131,19.0,0.445578231292517,0.5578231292517006
out_strength,132,19.0,0.4489795918367347,0.5544217687074829
out_strength,133,19.0,0.4523809523809524,0.5510204081632653
out_strength,134,20.0,0.4557823129251701,0.5476190476190477
out_strength,135,20.0,0.45918367346938777,0.54421768707483
out_strength,136,21.0,0.46258503401360546,0.5408163265306123
out_strength,137,22.0,0.46598639455782315,0.5374149659863946
out_strength,138,22.0,0.46938775510204084,0.5340136054421769
out_strength,139,23.0,0.47278911564625853,0.5306122448979592
out_strength,140,23.0,0.47619047619047616,0.5272108843537415
out_strength,141,23.0,0.47959183673469385,0.5238095238095238
out_strength,142,24.0,0.48299319727891155,0.5204081632653061
out_strength,143,24.0,0.48639455782312924,0.5170068027210885
out_strength,144,24.0,0.4897959183673469,0.5136054421768708
out_strength,145,25.0,0.4931972789115646,0.5102040816326531
out_strength,146,26.0,0.4965986394557823,0.5068027210884354
out_strength,147,26.0,0.5,0.5034013605442177
out_strength,148,27.0,0.5034013605442177,0.5
out_strength,149,28.0,0.5068027210884354,0.4965986394557823
out_strength,150,28.0,0.5102040816326531,0.4931972789115646
out_strength,151,29.0,0.5136054421768708,0.4897959183673469
out_strength,152,29.0,0.5170068027210885,0.48639455782312924
out_strength,153,29.0,0.5204081632653061,0.48299319727891155
out_strength,154,30.0,0.5238095238095238,0.47959183673469385
out_strength,155,30.0,0.5272108843537415,0.47619047619047616
out_strength,156,31.0,0.5306122448979592,0.47278911564625853
out_strength,157,31.0,0.5340136054421769,0.46938775510204084
out_strength,158,32.0,0.5374149659863946,0.46598639455782315
out_strength,159,34.0,0.5408163265306123,0.46258503401360546
out_strength,160,36.0,0.54421768707483,0.45918367346938777
out_strength,161,37.0,0.5476190476190477,0.4557823129251701
out_strength,162,37.0,0.5510204081632653,0.4523809523809524
out_strength,163,38.0,0.5544217687074829,0.4489795918367347
out_strength,164,38.0,0.5578231292517006,0.445578231292517
out_strength,165,38.0,0.5612244897959183,0.4421768707482993
out_strength,166,38.0,0.564625850340136,0.4387755102040816
out_strength,167,40.0,0.5680272108843537,0.43537414965986393
out_strength,168,40.0,0.5714285714285714,0.43197278911564624
out_strength,169,41.0,0.5748299319727891,0.42857142857142855
out_strength,170,42.0,0.5782312925170068,0.42517006802721086
out_strength,171,43.0,0.5816326530612245,0.4217687074829932
out_strength,172,45.0,0.5850340136054422,0.41836734693877553
out_strength,173,46.0,0.5884353741496599,0.41496598639455784
out_strength,174,46.0,0.5918367346938775,0.41156462585034015
out_strength,175,48.0,0.5952380952380952,0.40816326530612246
out_strength,176,48.0,0.5986394557823129,0.40476190476190477
out_strength,177,50.0,0.6020408163265306,0.4013605442176871
out_strength,178,53.0,0.6054421768707483,0.3979591836734694
out_strength,179,59.0,0.608843537414966,0.3945578231292517
out_strength,180,61.0,0.6122448979591837,0.391156462585034
out_strength,181,63.0,0.6156462585034014,0.3877551020408163
out_strength,182,66.0,0.6190476190476191,0.3843537414965986
out_strength,183,67.0,0.6224489795918368,0.38095238095238093
out_strength,184,70.0,0.6258503401360545,0.37755102040816324
out_strength,185,74.0,0.6292517006802721,0.3741496598639456
out_strength,186,74.0,0.6326530612244898,0.3707482993197279
out_strength,187,75.0,0.6360544217687075,0.3673469387755102
out_strength,188,75.0,0.6394557823129252,0.36394557823129253
out_strength,189,85.0,0.6428571428571429,0.36054421768707484
out_strength,190,85.0,0.6462585034013606,0.35714285714285715
out_strength,191,85.0,0.6496598639455783,0.35374149659863946
out_strength,192,88.0,0.6530612244897959,0.35034013605442177
out_strength,193,93.0,0.6564625850340136,0.3469387755102041
out_strength,194,97.0,0.6598639455782312,0.3435374149659864
out_strength,195,97.0,0.6632653061224489,0.3401360544217687
out_strength,196,99.0,0.6666666666666666,0.336734693877551
out_strength,197,103.0,0.6700680272108843,0.3333333333333333
out_strength,198,105.0,0.673469387755102,0.3299319727891156
out_strength,199,111.0,0.6768707482993197,0.32653061224489793
out_strength,200,117.0,0.6802721088435374,0.3231292517006803
out_strength,201,127.0,0.6836734693877551,0.3197278911564626
out_strength,202,132.0,0.6870748299319728,0.3163265306122449
out_strength,203,133.0,0.6904761904761905,0.3129251700680272
out_strength,204,135.0,0.6938775510204082,0.30952380952380953
out_strength,205,135.0,0.6972789115646258,0.30612244897959184
out_strength,206,136.0,0.7006802721088435,0.30272108843537415
out_strength,207,140.0,0.7040816326530612,0.29931972789115646
out_strength,208,141.0,0.7074829931972789,0.29591836734693877
out_strength,209,142.0,0.7108843537414966,0.2925170068027211
out_strength,210,150.0,0.7142857142857143,0.2891156462585034
out_strength,211,160.0,0.717687074829932,0.2857142857142857
out_strength,212,163.0,0.7210884353741497,0.282312925170068
out_strength,213,178.0,0.7244897959183674,0.2789115646258503
out_strength,214,180.0,0.7278911564625851,0.2755102040816326
out_strength,215,180.0,0.7312925170068028,0.272108843537415
out_strength,216,181.0,0.7346938775510204,0.2687074829931973
out_strength,217,181.0,0.7380952380952381,0.2653061224489796
out_strength,218,186.0,0.7414965986394558,0.2619047619047619
out_strength,219,188.0,0.7448979591836735,0.2585034013605442
out_strength,220,189.0,0.7482993197278912,0.25510204081632654
out_strength,221,194.0,0.7517006802721088,0.25170068027210885
out_strength,222,203.0,0.7551020408163265,0.24829931972789115
out_strength,223,216.0,0.7585034013605442,0.24489795918367346
out_strength,224,236.0,0.7619047619047619,0.24149659863945577
out_strength,225,237.0,0.7653061224489796,0.23809523809523808
out_strength,226,240.0,0.7687074829931972,0.23469387755102042
out_strength,227,240.0,0.7721088435374149,0.23129251700680273
out_strength,228,242.0,0.7755102040816326,0.22789115646258504
out_strength,229,245.0,0.7789115646258503,0.22448979591836735
out_strength,230,261.0,0.782312925170068,0.22108843537414966
out_strength,231,269.0,0.7857142857142857,0.21768707482993196
out_strength,232,294.0,0.7891156462585034,0.21428571428571427
out_strength,233,298.0,0.7925170068027211,0.2108843537414966
out_strength,234,302.0,0.7959183673469388,0.20748299319727892
out_strength,235,307.0,0.7993197278911565,0.20408163265306123
out_strength,236,317.0,0.8027210884353742,0.20068027210884354
out_strength,237,320.0,0.8061224489795918,0.19727891156462585
out_strength,238,342.0,0.8095238095238095,0.19387755102040816
out_strength,239,355.0,0.8129251700680272,0.19047619047619047
out_strength,240,357.0,0.8163265306122449,0.1870748299319728
out_strength,241,371.0,0.8197278911564626,0.1836734693877551
out_strength,242,389.0,0.8231292517006803,0.18027210884353742
out_strength,243,410.0,0.826530612244898,0.17687074829931973
out_strength,244,414.0,0.8299319727891157,0.17346938775510204
out_strength,245,434.0,0.8333333333333334,0.17006802721088435
out_strength,246,454.0,0.8367346938775511,0.16666666666666666
out_strength,247,486.0,0.8401360544217688,0.16326530612244897
out_strength,248,487.0,0.8435374149659864,0.1598639455782313
out_strength,249,541.0,0.8469387755102041,0.1564625850340136
out_strength,250,543.0,0.8503401360544217,0.15306122448979592
out_strength,251,556.0,0.8537414965986394,0.14965986394557823
out_strength,252,561.0,0.8571428571428571,0.14625850340136054
out_strength,253,621.0,0.8605442176870748,0.14285714285714285
out_strength,254,638.0,0.8639455782312925,0.13945578231292516
out_strength,255,659.0,0.8673469387755102,0.1360544217687075
out_strength,256,675.0,0.8707482993197279,0.1326530612244898
out_strength,257,727.0,0.8741496598639455,0.1292517006802721
out_strength,258,733.0,0.8775510204081632,0.12585034013605442
out_strength,259,750.0,0.8809523809523809,0.12244897959183673
out_strength,260,767.0,0.8843537414965986,0.11904761904761904
out_strength,261,837.0,0.8877551020408163,0.11564625850340136
out_strength,262,888.0,0.891156462585034,0.11224489795918367
out_strength,263,916.0,0.8945578231292517,0.10884353741496598
out_strength,264,982.0,0.8979591836734694,0.1054421768707483
out_strength,265,1136.0,0.9013605442176871,0.10204081632653061
out_strength,266,1164.0,0.9047619047619048,0.09863945578231292
out_strength,267,1280.0,0.9081632653061225,0.09523809523809523
out_strength,268,1347.0,0.9115646258503401,0.09183673469387756
out_strength,269,1358.0,0.9149659863945578,0.08843537414965986
out_strength,270,1362.0,0.9183673469387755,0.08503401360544217
out_strength,271,1451.0,0.9217687074829932,0.08163265306122448
out_strength,272,1589.0,0.9251700680272109,0.0782312925170068
out_strength,273,1655.0,0.9285714285714286,0.07482993197278912
out_strength,274,1676.0,0.9319727891156463,0.07142857142857142
out_strength,275,1802.0,0.935374149659864,0.06802721088435375
out_strength,276,1809.0,0.9387755102040817,0.06462585034013606
out_strength,277,1850.0,0.9421768707482994,0.061224489795918366
out_strength,278,1858.0,0.9455782312925171,0.05782312925170068
out_strength,279,1933.0,0.9489795918367347,0.05442176870748299
out_strength,280,1980.0,0.9523809523809523,0.05102040816326531
out_strength,281,2021.0,0.95578231292517,0.047619047619047616
out_strength,282,2032.0,0.9591836734693877,0.04421768707482993
out_strength,283,2032.0,0.9625850340136054,0.04081632653061224
out_strength,284,2119.0,0.9659863945578231,0.03741496598639456
out_strength,285,2379.0,0.9693877551020408,0.034013605442176874
out_strength,286,2492.0,0.9727891156462585,0.030612244897959183
out_strength,287,2968.0,0.9761904761904762,0.027210884353741496
out_strength,288,3707.0,0.9795918367346939,0.023809523809523808
out_strength,289,4190.0,0.9829931972789115,0.02040816326530612
out_strength,290,4236.0,0.9863945578231292,0.017006802721088437
out_strength,291,4445.0,0.9897959183673469,0.013605442176870748
out_strength,292,5000.0,0.9931972789115646,0.01020408163265306
out_strength,293,5013.0,0.9965986394557823,0.006802721088435374
out_strength,294,43574.0,1.0,0.003401360544217687
seed_to_seed_weight,1,0.0,0.003401360544217687,1.0
seed_to_seed_weight,2,0.0,0.006802721088435374,0.9965986394557823
seed_to_seed_weight,3,0.0,0.01020408163265306,0.9931972789115646
seed_to_seed_weight,4,0.0,0.013605442176870748,0.9897959183673469
seed_to_seed_weight,5,0.0,0.017006802721088437,0.9863945578231292
seed_to_seed_weight,6,0.0,0.02040816326530612,0.9829931972789115
seed_to_seed_weight,7,0.0,0.023809523809523808,0.9795918367346939
seed_to_seed_weight,8,0.0,0.027210884353741496,0.9761904761904762
seed_to_seed_weight,9,0.0,0.030612244897959183,0.9727891156462585
seed_to_seed_weight,10,0.0,0.034013605442176874,0.9693877551020408
seed_to_seed_weight,11,0.0,0.03741496598639456,0.9659863945578231
seed_to_seed_weight,12,0.0,0.04081632653061224,0.9625850340136054
seed_to_seed_weight,13,0.0,0.04421768707482993,0.9591836734693877
seed_to_seed_weight,14,0.0,0.047619047619047616,0.95578231292517
seed_to_seed_weight,15,0.0,0.05102040816326531,0.9523809523809523
seed_to_seed_weight,16,0.0,0.05442176870748299,0.9489795918367347
seed_to_seed_weight,17,0.0,0.05782312925170068,0.9455782312925171
seed_to_seed_weight,18,0.0,0.061224489795918366,0.9421768707482994
seed_to_seed_weight,19,0.0,0.06462585034013606,0.9387755102040817
seed_to_seed_weight,20,0.0,0.06802721088435375,0.935374149659864
seed_to_seed_weight,21,0.0,0.07142857142857142,0.9319727891156463
seed_to_seed_weight,22,0.0,0.07482993197278912,0.9285714285714286
seed_to_seed_weight,23,0.0,0.0782312925170068,0.9251700680272109
seed_to_seed_weight,24,0.0,0.08163265306122448,0.9217687074829932
seed_to_seed_weight,25,0.0,0.08503401360544217,0.9183673469387755
seed_to_seed_weight,26,0.0,0.08843537414965986,0.9149659863945578
seed_to_seed_weight,27,0.0,0.09183673469387756,0.9115646258503401
seed_to_seed_weight,28,0.0,0.09523809523809523,0.9081632653061225
seed_to_seed_weight,29,0.0,0.09863945578231292,0.9047619047619048
seed_to_seed_weight,30,0.0,0.10204081632653061,0.9013605442176871
seed_to_seed_weight,31,0.0,0.1054421768707483,0.8979591836734694
seed_to_seed_weight,32,0.0,0.10884353741496598,0.8945578231292517
seed_to_seed_weight,33,0.0,0.11224489795918367,0.891156462585034
seed_to_seed_weight,34,0.0,0.11564625850340136,0.8877551020408163
seed_to_seed_weight,35,0.0,0.11904761904761904,0.8843537414965986
seed_to_seed_weight,36,0.0,0.12244897959183673,0.8809523809523809
seed_to_seed_weight,37,0.0,0.12585034013605442,0.8775510204081632
seed_to_seed_weight,38,0.0,0.1292517006802721,0.8741496598639455
seed_to_seed_weight,39,0.0,0.1326530612244898,0.8707482993197279
seed_to_seed_weight,40,0.0,0.1360544217687075,0.8673469387755102
seed_to_seed_weight,41,0.0,0.13945578231292516,0.8639455782312925
seed_to_seed_weight,42,0.0,0.14285714285714285,0.8605442176870748
seed_to_seed_weight,43,0.0,0.14625850340136054,0.8571428571428571
seed_to_seed_weight,44,0.0,0.14965986394557823,0.8537414965986394
seed_to_seed_weight,45,0.0,0.15306122448979592,0.8503401360544217
seed_to_seed_weight,46,0.0,0.1564625850340136,0.8469387755102041
seed_to_seed_weight,47,0.0,0.1598639455782313,0.8435374149659864
seed_to_seed_weight,48,0.0,0.16326530612244897,0.8401360544217688
seed_to_seed_weight,49,0.0,0.16666666666666666,0.8367346938775511
seed_to_seed_weight,50,0.0,0.17006802721088435,0.8333333333333334
seed_to_seed_weight,51,0.0,0.17346938775510204,0.8299319727891157
seed_to_seed_weight,52,0.0,0.17687074829931973,0.826530612244898
seed_to_seed_weight,53,0.0,0.18027210884353742,0.8231292517006803
seed_to_seed_weight,54,0.0,0.1836734693877551,0.8197278911564626
seed_to_seed_weight,55,0.0,0.1870748299319728,0.8163265306122449
seed_to_seed_weight,56,0.0,0.19047619047619047,0.8129251700680272
seed_to_seed_weight,57,0.0,0.19387755102040816,0.8095238095238095
seed_to_seed_weight,58,0.0,0.19727891156462585,0.8061224489795918
seed_to_seed_weight,59,0.0,0.20068027210884354,0.8027210884353742
seed_to_seed_weight,60,0.0,0.20408163265306123,0.7993197278911565
seed_to_seed_weight,61,0.0,0.20748299319727892,0.7959183673469388
seed_to_seed_weight,62,0.0,0.2108843537414966,0.7925170068027211
seed_to_seed_weight,63,0.0,0.21428571428571427,0.7891156462585034
seed_to_seed_weight,64,0.0,0.21768707482993196,0.7857142857142857
seed_to_seed_weight,65,0.0,0.22108843537414966,0.782312925170068
seed_to_seed_weight,66,0.0,0.22448979591836735,0.7789115646258503
seed_to_seed_weight,67,0.0,0.22789115646258504,0.7755102040816326
seed_to_seed_weight,68,0.0,0.23129251700680273,0.7721088435374149
seed_to_seed_weight,69,0.0,0.23469387755102042,0.7687074829931972
seed_to_seed_weight,70,0.0,0.23809523809523808,0.7653061224489796
seed_to_seed_weight,71,0.0,0.24149659863945577,0.7619047619047619
seed_to_seed_weight,72,0.0,0.24489795918367346,0.7585034013605442
seed_to_seed_weight,73,0.0,0.24829931972789115,0.7551020408163265
seed_to_seed_weight,74,0.0,0.25170068027210885,0.7517006802721088
seed_to_seed_weight,75,0.0,0.25510204081632654,0.7482993197278912
seed_to_seed_weight,76,0.0,0.2585034013605442,0.7448979591836735
seed_to_seed_weight,77,0.0,0.2619047619047619,0.7414965986394558
seed_to_seed_weight,78,0.0,0.2653061224489796,0.7380952380952381
seed_to_seed_weight,79,0.0,0.2687074829931973,0.7346938775510204
seed_to_seed_weight,80,0.0,0.272108843537415,0.7312925170068028
seed_to_seed_weight,81,0.0,0.2755102040816326,0.7278911564625851
seed_to_seed_weight,82,0.0,0.2789115646258503,0.7244897959183674
seed_to_seed_weight,83,0.0,0.282312925170068,0.7210884353741497
seed_to_seed_weight,84,0.0,0.2857142857142857,0.717687074829932
seed_to_seed_weight,85,0.0,0.2891156462585034,0.7142857142857143
seed_to_seed_weight,86,0.0,0.2925170068027211,0.7108843537414966
seed_to_seed_weight,87,0.0,0.29591836734693877,0.7074829931972789
seed_to_seed_weight,88,0.0,0.29931972789115646,0.7040816326530612
seed_to_seed_weight,89,0.0,0.30272108843537415,0.7006802721088435
seed_to_seed_weight,90,0.0,0.30612244897959184,0.6972789115646258
seed_to_seed_weight,91,0.0,0.30952380952380953,0.6938775510204082
seed_to_seed_weight,92,0.0,0.3129251700680272,0.6904761904761905
seed_to_seed_weight,93,0.0,0.3163265306122449,0.6870748299319728
seed_to_seed_weight,94,0.0,0.3197278911564626,0.6836734693877551
seed_to_seed_weight,95,0.0,0.3231292517006803,0.6802721088435374
seed_to_seed_weight,96,0.0,0.32653061224489793,0.6768707482993197
seed_to_seed_weight,97,0.0,0.3299319727891156,0.673469387755102
seed_to_seed_weight,98,0.0,0.3333333333333333,0.6700680272108843
seed_to_seed_weight,99,0.0,0.336734693877551,0.6666666666666666
seed_to_seed_weight,100,0.0,0.3401360544217687,0.6632653061224489
seed_to_seed_weight,101,0.0,0.3435374149659864,0.6598639455782312
seed_to_seed_weight,102,0.0,0.3469387755102041,0.6564625850340136
seed_to_seed_weight,103,0.0,0.35034013605442177,0.6530612244897959
seed_to_seed_weight,104,0.0,0.35374149659863946,0.6496598639455783
seed_to_seed_weight,105,0.0,0.35714285714285715,0.6462585034013606
seed_to_seed_weight,106,0.0,0.36054421768707484,0.6428571428571429
seed_to_seed_weight,107,0.0,0.36394557823129253,0.6394557823129252
seed_to_seed_weight,108,0.0,0.3673469387755102,0.6360544217687075
seed_to_seed_weight,109,0.0,0.3707482993197279,0.6326530612244898
seed_to_seed_weight,110,0.0,0.3741496598639456,0.6292517006802721
seed_to_seed_weight,111,0.0,0.37755102040816324,0.6258503401360545
seed_to_seed_weight,112,0.0,0.38095238095238093,0.6224489795918368
seed_to_seed_weight,113,0.0,0.3843537414965986,0.6190476190476191
seed_to_seed_weight,114,0.0,0.3877551020408163,0.6156462585034014
seed_to_seed_weight,115,0.0,0.391156462585034,0.6122448979591837
seed_to_seed_weight,116,0.0,0.3945578231292517,0.608843537414966
seed_to_seed_weight,117,0.0,0.3979591836734694,0.6054421768707483
seed_to_seed_weight,118,0.0,0.4013605442176871,0.6020408163265306
seed_to_seed_weight,119,0.0,0.40476190476190477,0.5986394557823129
seed_to_seed_weight,120,0.0,0.40816326530612246,0.5952380952380952
seed_to_seed_weight,121,0.0,0.41156462585034015,0.5918367346938775
seed_to_seed_weight,122,0.0,0.41496598639455784,0.5884353741496599
seed_to_seed_weight,123,0.0,0.41836734693877553,0.5850340136054422
seed_to_seed_weight,124,0.0,0.4217687074829932,0.5816326530612245
seed_to_seed_weight,125,0.0,0.42517006802721086,0.5782312925170068
seed_to_seed_weight,126,0.0,0.42857142857142855,0.5748299319727891
seed_to_seed_weight,127,0.0,0.43197278911564624,0.5714285714285714
seed_to_seed_weight,128,0.0,0.43537414965986393,0.5680272108843537
seed_to_seed_weight,129,0.0,0.4387755102040816,0.564625850340136
seed_to_seed_weight,130,0.0,0.4421768707482993,0.5612244897959183
seed_to_seed_weight,131,0.0,0.445578231292517,0.5578231292517006
seed_to_seed_weight,132,0.0,0.4489795918367347,0.5544217687074829
seed_to_seed_weight,133,0.0,0.4523809523809524,0.5510204081632653
seed_to_seed_weight,134,0.0,0.4557823129251701,0.5476190476190477
seed_to_seed_weight,135,0.0,0.45918367346938777,0.54421768707483
seed_to_seed_weight,136,0.0,0.46258503401360546,0.5408163265306123
seed_to_seed_weight,137,0.0,0.46598639455782315,0.5374149659863946
seed_to_seed_weight,138,0.0,0.46938775510204084,0.5340136054421769
seed_to_seed_weight,139,0.0,0.47278911564625853,0.5306122448979592
seed_to_seed_weight,140,0.0,0.47619047619047616,0.5272108843537415
seed_to_seed_weight,141,0.0,0.47959183673469385,0.5238095238095238
seed_to_seed_weight,142,0.0,0.48299319727891155,0.5204081632653061
seed_to_seed_weight,143,0.0,0.48639455782312924,0.5170068027210885
seed_to_seed_weight,144,0.0,0.4897959183673469,0.5136054421768708
seed_to_seed_weight,145,0.0,0.4931972789115646,0.5102040816326531
seed_to_seed_weight,146,0.0,0.4965986394557823,0.5068027210884354
seed_to_seed_weight,147,0.0,0.5,0.5034013605442177
seed_to_seed_weight,148,0.0,0.5034013605442177,0.5
seed_to_seed_weight,149,0.0,0.5068027210884354,0.4965986394557823
seed_to_seed_weight,150,1.0,0.5102040816326531,0.4931972789115646
seed_to_seed_weight,151,1.0,0.5136054421768708,0.4897959183673469
seed_to_seed_weight,152,1.0,0.5170068027210885,0.48639455782312924
seed_to_seed_weight,153,1.0,0.5204081632653061,0.48299319727891155
seed_to_seed_weight,154,1.0,0.5238095238095238,0.47959183673469385
seed_to_seed_weight,155,1.0,0.5272108843537415,0.47619047619047616
seed_to_seed_weight,156,1.0,0.5306122448979592,0.47278911564625853
seed_to_seed_weight,157,1.0,0.5340136054421769,0.46938775510204084
seed_to_seed_weight,158,1.0,0.5374149659863946,0.46598639455782315
seed_to_seed_weight,159,1.0,0.5408163265306123,0.46258503401360546
seed_to_seed_weight,160,1.0,0.54421768707483,0.45918367346938777
seed_to_seed_weight,161,1.0,0.5476190476190477,0.4557823129251701
seed_to_seed_weight,162,1.0,0.5510204081632653,0.4523809523809524
seed_to_seed_weight,163,1.0,0.5544217687074829,0.4489795918367347
seed_to_seed_weight,164,1.0,0.5578231292517006,0.445578231292517
seed_to_seed_weight,165,1.0,0.5612244897959183,0.4421768707482993
seed_to_seed_weight,166,1.0,0.564625850340136,0.4387755102040816
seed_to_seed_weight,167,1.0,0.5680272108843537,0.43537414965986393
seed_to_seed_weight,168,1.0,0.5714285714285714,0.43197278911564624
seed_to_seed_weight,169,1.0,0.5748299319727891,0.42857142857142855
seed_to_seed_weight,170,1.0,0.5782312925170068,0.42517006802721086
seed_to_seed_weight,171,1.0,0.5816326530612245,0.4217687074829932
seed_to_seed_weight,172,1.0,0.5850340136054422,0.41836734693877553
seed_to_seed_weight,173,1.0,0.5884353741496599,0.41496598639455784
seed_to_seed_weight,174,1.0,0.5918367346938775,0.41156462585034015
seed_to_seed_weight,175,1.0,0.5952380952380952,0.40816326530612246
seed_to_seed_weight,176,1.0,0.5986394557823129,0.40476190476190477
seed_to_seed_weight,177,1.0,0.6020408163265306,0.4013605442176871
seed_to_seed_weight,178,1.0,0.6054421768707483,0.3979591836734694
seed_to_seed_weight,179,1.0,0.608843537414966,0.3945578231292517
seed_to_seed_weight,180,1.0,0.6122448979591837,0.391156462585034
seed_to_seed_weight,181,1.0,0.6156462585034014,0.3877551020408163
seed_to_seed_weight,182,1.0,0.6190476190476191,0.3843537414965986
seed_to_seed_weight,183,1.0,0.6224489795918368,0.38095238095238093
seed_to_seed_weight,184,2.0,0.6258503401360545,0.37755102040816324
seed_to_seed_weight,185,2.0,0.6292517006802721,0.3741496598639456
seed_to_seed_weight,186,2.0,0.6326530612244898,0.3707482993197279
seed_to_seed_weight,187,2.0,0.6360544217687075,0.3673469387755102
seed_to_seed_weight,188,2.0,0.6394557823129252,0.36394557823129253
seed_to_seed_weight,189,2.0,0.6428571428571429,0.36054421768707484
seed_to_seed_weight,190,2.0,0.6462585034013606,0.35714285714285715
seed_to_seed_weight,191,2.0,0.6496598639455783,0.35374149659863946
seed_to_seed_weight,192,2.0,0.6530612244897959,0.35034013605442177
seed_to_seed_weight,193,2.0,0.6564625850340136,0.3469387755102041
seed_to_seed_weight,194,2.0,0.6598639455782312,0.3435374149659864
seed_to_seed_weight,195,2.0,0.6632653061224489,0.3401360544217687
seed_to_seed_weight,196,3.0,0.6666666666666666,0.336734693877551
seed_to_seed_weight,197,3.0,0.6700680272108843,0.3333333333333333
seed_to_seed_weight,198,3.0,0.673469387755102,0.3299319727891156
seed_to_seed_weight,199,3.0,0.6768707482993197,0.32653061224489793
seed_to_seed_weight,200,3.0,0.6802721088435374,0.3231292517006803
seed_to_seed_weight,201,3.0,0.6836734693877551,0.3197278911564626
seed_to_seed_weight,202,3.0,0.6870748299319728,0.3163265306122449
seed_to_seed_weight,203,3.0,0.6904761904761905,0.3129251700680272
seed_to_seed_weight,204,3.0,0.6938775510204082,0.30952380952380953
seed_to_seed_weight,205,3.0,0.6972789115646258,0.30612244897959184
seed_to_seed_weight,206,3.0,0.7006802721088435,0.30272108843537415
seed_to_seed_weight,207,3.0,0.7040816326530612,0.29931972789115646
seed_to_seed_weight,208,3.0,0.7074829931972789,0.29591836734693877
seed_to_seed_weight,209,3.0,0.7108843537414966,0.2925170068027211
seed_to_seed_weight,210,3.0,0.7142857142857143,0.2891156462585034
seed_to_seed_weight,211,4.0,0.717687074829932,0.2857142857142857
seed_to_seed_weight,212,4.0,0.7210884353741497,0.282312925170068
seed_to_seed_weight,213,4.0,0.7244897959183674,0.2789115646258503
seed_to_seed_weight,214,4.0,0.7278911564625851,0.2755102040816326
seed_to_seed_weight,215,4.0,0.7312925170068028,0.272108843537415
seed_to_seed_weight,216,4.0,0.7346938775510204,0.2687074829931973
seed_to_seed_weight,217,4.0,0.7380952380952381,0.2653061224489796
seed_to_seed_weight,218,4.0,0.7414965986394558,0.2619047619047619
seed_to_seed_weight,219,5.0,0.7448979591836735,0.2585034013605442
seed_to_seed_weight,220,5.0,0.7482993197278912,0.25510204081632654
seed_to_seed_weight,221,5.0,0.7517006802721088,0.25170068027210885
seed_to_seed_weight,222,5.0,0.7551020408163265,0.24829931972789115
seed_to_seed_weight,223,6.0,0.7585034013605442,0.24489795918367346
seed_to_seed_weight,224,6.0,0.7619047619047619,0.24149659863945577
seed_to_seed_weight,225,6.0,0.7653061224489796,0.23809523809523808
seed_to_seed_weight,226,6.0,0.7687074829931972,0.23469387755102042
seed_to_seed_weight,227,6.0,0.7721088435374149,0.23129251700680273
seed_to_seed_weight,228,7.0,0.7755102040816326,0.22789115646258504
seed_to_seed_weight,229,8.0,0.7789115646258503,0.22448979591836735
seed_to_seed_weight,230,8.0,0.782312925170068,0.22108843537414966
seed_to_seed_weight,231,8.0,0.7857142857142857,0.21768707482993196
seed_to_seed_weight,232,8.0,0.7891156462585034,0.21428571428571427
seed_to_seed_weight,233,9.0,0.7925170068027211,0.2108843537414966
seed_to_seed_weight,234,9.0,0.7959183673469388,0.20748299319727892
seed_to_seed_weight,235,9.0,0.7993197278911565,0.20408163265306123
seed_to_seed_weight,236,9.0,0.8027210884353742,0.20068027210884354
seed_to_seed_weight,237,9.0,0.8061224489795918,0.19727891156462585
seed_to_seed_weight,238,10.0,0.8095238095238095,0.19387755102040816
seed_to_seed_weight,239,10.0,0.8129251700680272,0.19047619047619047
seed_to_seed_weight,240,10.0,0.8163265306122449,0.1870748299319728
seed_to_seed_weight,241,10.0,0.8197278911564626,0.1836734693877551
seed_to_seed_weight,242,12.0,0.8231292517006803,0.18027210884353742
seed_to_seed_weight,243,12.0,0.826530612244898,0.17687074829931973
seed_to_seed_weight,244,13.0,0.8299319727891157,0.17346938775510204
seed_to_seed_weight,245,14.0,0.8333333333333334,0.17006802721088435
seed_to_seed_weight,246,14.0,0.8367346938775511,0.16666666666666666
seed_to_seed_weight,247,15.0,0.8401360544217688,0.16326530612244897
seed_to_seed_weight,248,15.0,0.8435374149659864,0.1598639455782313
seed_to_seed_weight,249,16.0,0.8469387755102041,0.1564625850340136
seed_to_seed_weight,250,16.0,0.8503401360544217,0.15306122448979592
seed_to_seed_weight,251,20.0,0.8537414965986394,0.14965986394557823
seed_to_seed_weight,252,20.0,0.8571428571428571,0.14625850340136054
seed_to_seed_weight,253,20.0,0.8605442176870748,0.14285714285714285
seed_to_seed_weight,254,20.0,0.8639455782312925,0.13945578231292516
seed_to_seed_weight,255,21.0,0.8673469387755102,0.1360544217687075
seed_to_seed_weight,256,21.0,0.8707482993197279,0.1326530612244898
seed_to_seed_weight,257,21.0,0.8741496598639455,0.1292517006802721
seed_to_seed_weight,258,25.0,0.8775510204081632,0.12585034013605442
seed_to_seed_weight,259,29.0,0.8809523809523809,0.12244897959183673
seed_to_seed_weight,260,29.0,0.8843537414965986,0.11904761904761904
seed_to_seed_weight,261,33.0,0.8877551020408163,0.11564625850340136
seed_to_seed_weight,262,36.0,0.891156462585034,0.11224489795918367
seed_to_seed_weight,263,39.0,0.8945578231292517,0.10884353741496598
seed_to_seed_weight,264,42.0,0.8979591836734694,0.1054421768707483
seed_to_seed_weight,265,42.0,0.9013605442176871,0.10204081632653061
seed_to_seed_weight,266,48.0,0.9047619047619048,0.09863945578231292
seed_to_seed_weight,267,49.0,0.9081632653061225,0.09523809523809523
seed_to_seed_weight,268,54.0,0.9115646258503401,0.09183673469387756
seed_to_seed_weight,269,57.0,0.9149659863945578,0.08843537414965986
seed_to_seed_weight,270,58.0,0.9183673469387755,0.08503401360544217
seed_to_seed_weight,271,61.0,0.9217687074829932,0.08163265306122448
seed_to_seed_weight,272,63.0,0.9251700680272109,0.0782312925170068
seed_to_seed_weight,273,69.0,0.9285714285714286,0.07482993197278912
seed_to_seed_weight,274,71.0,0.9319727891156463,0.07142857142857142
seed_to_seed_weight,275,72.0,0.935374149659864,0.06802721088435375
seed_to_seed_weight,276,74.0,0.9387755102040817,0.06462585034013606
seed_to_seed_weight,277,76.0,0.9421768707482994,0.061224489795918366
seed_to_seed_weight,278,76.0,0.9455782312925171,0.05782312925170068
seed_to_seed_weight,279,85.0,0.9489795918367347,0.05442176870748299
seed_to_seed_weight,280,90.0,0.9523809523809523,0.05102040816326531
seed_to_seed_weight,281,107.0,0.95578231292517,0.047619047619047616
seed_to_seed_weight,282,116.0,0.9591836734693877,0.04421768707482993
seed_to_seed_weight,283,130.0,0.9625850340136054,0.04081632653061224
seed_to_seed_weight,284,143.0,0.9659863945578231,0.03741496598639456
seed_to_seed_weight,285,178.0,0.9693877551020408,0.034013605442176874
seed_to_seed_weight,286,199.0,0.9727891156462585,0.030612244897959183
seed_to_seed_weight,287,253.0,0.9761904761904762,0.027210884353741496
seed_to_seed_weight,288,309.0,0.9795918367346939,0.023809523809523808
seed_to_seed_weight,289,365.0,0.9829931972789115,0.02040816326530612
seed_to_seed_weight,290,444.0,0.9863945578231292,0.017006802721088437
seed_to_seed_weight,291,467.0,0.9897959183673469,0.013605442176870748
seed_to_seed_weight,292,591.0,0.9931972789115646,0.01020408163265306
seed_to_seed_weight,293,636.0,0.9965986394557823,0.006802721088435374
seed_to_seed_weight,294,1835.0,1.0,0.003401360544217687
seed_to_expanded_weight,1,0.0,0.003401360544217687,1.0
seed_to_expanded_weight,2,0.0,0.006802721088435374,0.9965986394557823
seed_to_expanded_weight,3,0.0,0.01020408163265306,0.9931972789115646
seed_to_expanded_weight,4,0.0,0.013605442176870748,0.9897959183673469
seed_to_expanded_weight,5,0.0,0.017006802721088437,0.9863945578231292
seed_to_expanded_weight,6,0.0,0.02040816326530612,0.9829931972789115
seed_to_expanded_weight,7,0.0,0.023809523809523808,0.9795918367346939
seed_to_expanded_weight,8,0.0,0.027210884353741496,0.9761904761904762
seed_to_expanded_weight,9,0.0,0.030612244897959183,0.9727891156462585
seed_to_expanded_weight,10,0.0,0.034013605442176874,0.9693877551020408
seed_to_expanded_weight,11,0.0,0.03741496598639456,0.9659863945578231
seed_to_expanded_weight,12,0.0,0.04081632653061224,0.9625850340136054
seed_to_expanded_weight,13,0.0,0.04421768707482993,0.9591836734693877
seed_to_expanded_weight,14,0.0,0.047619047619047616,0.95578231292517
seed_to_expanded_weight,15,0.0,0.05102040816326531,0.9523809523809523
seed_to_expanded_weight,16,0.0,0.05442176870748299,0.9489795918367347
seed_to_expanded_weight,17,0.0,0.05782312925170068,0.9455782312925171
seed_to_expanded_weight,18,0.0,0.061224489795918366,0.9421768707482994
seed_to_expanded_weight,19,0.0,0.06462585034013606,0.9387755102040817
seed_to_expanded_weight,20,0.0,0.06802721088435375,0.935374149659864
seed_to_expanded_weight,21,0.0,0.07142857142857142,0.9319727891156463
seed_to_expanded_weight,22,0.0,0.07482993197278912,0.9285714285714286
seed_to_expanded_weight,23,0.0,0.0782312925170068,0.9251700680272109
seed_to_expanded_weight,24,0.0,0.08163265306122448,0.9217687074829932
seed_to_expanded_weight,25,0.0,0.08503401360544217,0.9183673469387755
seed_to_expanded_weight,26,0.0,0.08843537414965986,0.9149659863945578
seed_to_expanded_weight,27,0.0,0.09183673469387756,0.9115646258503401
seed_to_expanded_weight,28,0.0,0.09523809523809523,0.9081632653061225
seed_to_expanded_weight,29,0.0,0.09863945578231292,0.9047619047619048
seed_to_expanded_weight,30,0.0,0.10204081632653061,0.9013605442176871
seed_to_expanded_weight,31,0.0,0.1054421768707483,0.8979591836734694
seed_to_expanded_weight,32,0.0,0.10884353741496598,0.8945578231292517
seed_to_expanded_weight,33,0.0,0.11224489795918367,0.891156462585034
seed_to_expanded_weight,34,0.0,0.11564625850340136,0.8877551020408163
seed_to_expanded_weight,35,1.0,0.11904761904761904,0.8843537414965986
seed_to_expanded_weight,36,1.0,0.12244897959183673,0.8809523809523809
seed_to_expanded_weight,37,1.0,0.12585034013605442,0.8775510204081632
seed_to_expanded_weight,38,1.0,0.1292517006802721,0.8741496598639455
seed_to_expanded_weight,39,1.0,0.1326530612244898,0.8707482993197279
seed_to_expanded_weight,40,1.0,0.1360544217687075,0.8673469387755102
seed_to_expanded_weight,41,1.0,0.13945578231292516,0.8639455782312925
seed_to_expanded_weight,42,1.0,0.14285714285714285,0.8605442176870748
seed_to_expanded_weight,43,1.0,0.14625850340136054,0.8571428571428571
seed_to_expanded_weight,44,1.0,0.14965986394557823,0.8537414965986394
seed_to_expanded_weight,45,1.0,0.15306122448979592,0.8503401360544217
seed_to_expanded_weight,46,1.0,0.1564625850340136,0.8469387755102041
seed_to_expanded_weight,47,1.0,0.1598639455782313,0.8435374149659864
seed_to_expanded_weight,48,1.0,0.16326530612244897,0.8401360544217688
seed_to_expanded_weight,49,1.0,0.16666666666666666,0.8367346938775511
seed_to_expanded_weight,50,1.0,0.17006802721088435,0.8333333333333334
seed_to_expanded_weight,51,1.0,0.17346938775510204,0.8299319727891157
seed_to_expanded_weight,52,2.0,0.17687074829931973,0.826530612244898
seed_to_expanded_weight,53,2.0,0.18027210884353742,0.8231292517006803
seed_to_expanded_weight,54,2.0,0.1836734693877551,0.8197278911564626
seed_to_expanded_weight,55,2.0,0.1870748299319728,0.8163265306122449
seed_to_expanded_weight,56,2.0,0.19047619047619047,0.8129251700680272
seed_to_expanded_weight,57,2.0,0.19387755102040816,0.8095238095238095
seed_to_expanded_weight,58,2.0,0.19727891156462585,0.8061224489795918
seed_to_expanded_weight,59,2.0,0.20068027210884354,0.8027210884353742
seed_to_expanded_weight,60,2.0,0.20408163265306123,0.7993197278911565
seed_to_expanded_weight,61,2.0,0.20748299319727892,0.7959183673469388
seed_to_expanded_weight,62,3.0,0.2108843537414966,0.7925170068027211
seed_to_expanded_weight,63,3.0,0.21428571428571427,0.7891156462585034
seed_to_expanded_weight,64,3.0,0.21768707482993196,0.7857142857142857
seed_to_expanded_weight,65,3.0,0.22108843537414966,0.782312925170068
seed_to_expanded_weight,66,3.0,0.22448979591836735,0.7789115646258503
seed_to_expanded_weight,67,3.0,0.22789115646258504,0.7755102040816326
seed_to_expanded_weight,68,3.0,0.23129251700680273,0.7721088435374149
seed_to_expanded_weight,69,3.0,0.23469387755102042,0.7687074829931972
seed_to_expanded_weight,70,4.0,0.23809523809523808,0.7653061224489796
seed_to_expanded_weight,71,4.0,0.24149659863945577,0.7619047619047619
seed_to_expanded_weight,72,4.0,0.24489795918367346,0.7585034013605442
seed_to_expanded_weight,73,4.0,0.24829931972789115,0.7551020408163265
seed_to_expanded_weight,74,4.0,0.25170068027210885,0.7517006802721088
seed_to_expanded_weight,75,5.0,0.25510204081632654,0.7482993197278912
seed_to_expanded_weight,76,5.0,0.2585034013605442,0.7448979591836735
seed_to_expanded_weight,77,5.0,0.2619047619047619,0.7414965986394558
seed_to_expanded_weight,78,5.0,0.2653061224489796,0.7380952380952381
seed_to_expanded_weight,79,5.0,0.2687074829931973,0.7346938775510204
seed_to_expanded_weight,80,5.0,0.272108843537415,0.7312925170068028
seed_to_expanded_weight,81,5.0,0.2755102040816326,0.7278911564625851
seed_to_expanded_weight,82,5.0,0.2789115646258503,0.7244897959183674
seed_to_expanded_weight,83,5.0,0.282312925170068,0.7210884353741497
seed_to_expanded_weight,84,5.0,0.2857142857142857,0.717687074829932
seed_to_expanded_weight,85,6.0,0.2891156462585034,0.7142857142857143
seed_to_expanded_weight,86,6.0,0.2925170068027211,0.7108843537414966
seed_to_expanded_weight,87,6.0,0.29591836734693877,0.7074829931972789
seed_to_expanded_weight,88,6.0,0.29931972789115646,0.7040816326530612
seed_to_expanded_weight,89,6.0,0.30272108843537415,0.7006802721088435
seed_to_expanded_weight,90,6.0,0.30612244897959184,0.6972789115646258
seed_to_expanded_weight,91,6.0,0.30952380952380953,0.6938775510204082
seed_to_expanded_weight,92,7.0,0.3129251700680272,0.6904761904761905
seed_to_expanded_weight,93,7.0,0.3163265306122449,0.6870748299319728
seed_to_expanded_weight,94,7.0,0.3197278911564626,0.6836734693877551
seed_to_expanded_weight,95,7.0,0.3231292517006803,0.6802721088435374
seed_to_expanded_weight,96,7.0,0.32653061224489793,0.6768707482993197
seed_to_expanded_weight,97,7.0,0.3299319727891156,0.673469387755102
seed_to_expanded_weight,98,7.0,0.3333333333333333,0.6700680272108843
seed_to_expanded_weight,99,8.0,0.336734693877551,0.6666666666666666
seed_to_expanded_weight,100,8.0,0.3401360544217687,0.6632653061224489
seed_to_expanded_weight,101,8.0,0.3435374149659864,0.6598639455782312
seed_to_expanded_weight,102,8.0,0.3469387755102041,0.6564625850340136
seed_to_expanded_weight,103,8.0,0.35034013605442177,0.6530612244897959
seed_to_expanded_weight,104,8.0,0.35374149659863946,0.6496598639455783
seed_to_expanded_weight,105,9.0,0.35714285714285715,0.6462585034013606
seed_to_expanded_weight,106,9.0,0.36054421768707484,0.6428571428571429
seed_to_expanded_weight,107,9.0,0.36394557823129253,0.6394557823129252
seed_to_expanded_weight,108,10.0,0.3673469387755102,0.6360544217687075
seed_to_expanded_weight,109,10.0,0.3707482993197279,0.6326530612244898
seed_to_expanded_weight,110,10.0,0.3741496598639456,0.6292517006802721
seed_to_expanded_weight,111,10.0,0.37755102040816324,0.6258503401360545
seed_to_expanded_weight,112,11.0,0.38095238095238093,0.6224489795918368
seed_to_expanded_weight,113,11.0,0.3843537414965986,0.6190476190476191
seed_to_expanded_weight,114,11.0,0.3877551020408163,0.6156462585034014
seed_to_expanded_weight,115,12.0,0.391156462585034,0.6122448979591837
seed_to_expanded_weight,116,12.0,0.3945578231292517,0.608843537414966
seed_to_expanded_weight,117,12.0,0.3979591836734694,0.6054421768707483
seed_to_expanded_weight,118,13.0,0.4013605442176871,0.6020408163265306
seed_to_expanded_weight,119,13.0,0.40476190476190477,0.5986394557823129
seed_to_expanded_weight,120,13.0,0.40816326530612246,0.5952380952380952
seed_to_expanded_weight,121,13.0,0.41156462585034015,0.5918367346938775
seed_to_expanded_weight,122,13.0,0.41496598639455784,0.5884353741496599
seed_to_expanded_weight,123,13.0,0.41836734693877553,0.5850340136054422
seed_to_expanded_weight,124,14.0,0.4217687074829932,0.5816326530612245
seed_to_expanded_weight,125,14.0,0.42517006802721086,0.5782312925170068
seed_to_expanded_weight,126,14.0,0.42857142857142855,0.5748299319727891
seed_to_expanded_weight,127,14.0,0.43197278911564624,0.5714285714285714
seed_to_expanded_weight,128,15.0,0.43537414965986393,0.5680272108843537
seed_to_expanded_weight,129,15.0,0.4387755102040816,0.564625850340136
seed_to_expanded_weight,130,15.0,0.4421768707482993,0.5612244897959183
seed_to_expanded_weight,131,16.0,0.445578231292517,0.5578231292517006
seed_to_expanded_weight,132,17.0,0.4489795918367347,0.5544217687074829
seed_to_expanded_weight,133,18.0,0.4523809523809524,0.5510204081632653
seed_to_expanded_weight,134,18.0,0.4557823129251701,0.5476190476190477
seed_to_expanded_weight,135,19.0,0.45918367346938777,0.54421768707483
seed_to_expanded_weight,136,19.0,0.46258503401360546,0.5408163265306123
seed_to_expanded_weight,137,19.0,0.46598639455782315,0.5374149659863946
seed_to_expanded_weight,138,20.0,0.46938775510204084,0.5340136054421769
seed_to_expanded_weight,139,20.0,0.47278911564625853,0.5306122448979592
seed_to_expanded_weight,140,21.0,0.47619047619047616,0.5272108843537415
seed_to_expanded_weight,141,22.0,0.47959183673469385,0.5238095238095238
seed_to_expanded_weight,142,22.0,0.48299319727891155,0.5204081632653061
seed_to_expanded_weight,143,22.0,0.48639455782312924,0.5170068027210885
seed_to_expanded_weight,144,23.0,0.4897959183673469,0.5136054421768708
seed_to_expanded_weight,145,23.0,0.4931972789115646,0.5102040816326531
seed_to_expanded_weight,146,24.0,0.4965986394557823,0.5068027210884354
seed_to_expanded_weight,147,24.0,0.5,0.5034013605442177
seed_to_expanded_weight,148,24.0,0.5034013605442177,0.5
seed_to_expanded_weight,149,26.0,0.5068027210884354,0.4965986394557823
seed_to_expanded_weight,150,26.0,0.5102040816326531,0.4931972789115646
seed_to_expanded_weight,151,27.0,0.5136054421768708,0.4897959183673469
seed_to_expanded_weight,152,27.0,0.5170068027210885,0.48639455782312924
seed_to_expanded_weight,153,27.0,0.5204081632653061,0.48299319727891155
seed_to_expanded_weight,154,27.0,0.5238095238095238,0.47959183673469385
seed_to_expanded_weight,155,28.0,0.5272108843537415,0.47619047619047616
seed_to_expanded_weight,156,28.0,0.5306122448979592,0.47278911564625853
seed_to_expanded_weight,157,29.0,0.5340136054421769,0.46938775510204084
seed_to_expanded_weight,158,29.0,0.5374149659863946,0.46598639455782315
seed_to_expanded_weight,159,29.0,0.5408163265306123,0.46258503401360546
seed_to_expanded_weight,160,30.0,0.54421768707483,0.45918367346938777
seed_to_expanded_weight,161,30.0,0.5476190476190477,0.4557823129251701
seed_to_expanded_weight,162,31.0,0.5510204081632653,0.4523809523809524
seed_to_expanded_weight,163,31.0,0.5544217687074829,0.4489795918367347
seed_to_expanded_weight,164,34.0,0.5578231292517006,0.445578231292517
seed_to_expanded_weight,165,35.0,0.5612244897959183,0.4421768707482993
seed_to_expanded_weight,166,35.0,0.564625850340136,0.4387755102040816
seed_to_expanded_weight,167,35.0,0.5680272108843537,0.43537414965986393
seed_to_expanded_weight,168,37.0,0.5714285714285714,0.43197278911564624
seed_to_expanded_weight,169,37.0,0.5748299319727891,0.42857142857142855
seed_to_expanded_weight,170,38.0,0.5782312925170068,0.42517006802721086
seed_to_expanded_weight,171,38.0,0.5816326530612245,0.4217687074829932
seed_to_expanded_weight,172,39.0,0.5850340136054422,0.41836734693877553
seed_to_expanded_weight,173,41.0,0.5884353741496599,0.41496598639455784
seed_to_expanded_weight,174,41.0,0.5918367346938775,0.41156462585034015
seed_to_expanded_weight,175,42.0,0.5952380952380952,0.40816326530612246
seed_to_expanded_weight,176,46.0,0.5986394557823129,0.40476190476190477
seed_to_expanded_weight,177,47.0,0.6020408163265306,0.4013605442176871
seed_to_expanded_weight,178,48.0,0.6054421768707483,0.3979591836734694
seed_to_expanded_weight,179,48.0,0.608843537414966,0.3945578231292517
seed_to_expanded_weight,180,49.0,0.6122448979591837,0.391156462585034
seed_to_expanded_weight,181,50.0,0.6156462585034014,0.3877551020408163
seed_to_expanded_weight,182,59.0,0.6190476190476191,0.3843537414965986
seed_to_expanded_weight,183,60.0,0.6224489795918368,0.38095238095238093
seed_to_expanded_weight,184,61.0,0.6258503401360545,0.37755102040816324
seed_to_expanded_weight,185,65.0,0.6292517006802721,0.3741496598639456
seed_to_expanded_weight,186,69.0,0.6326530612244898,0.3707482993197279
seed_to_expanded_weight,187,70.0,0.6360544217687075,0.3673469387755102
seed_to_expanded_weight,188,72.0,0.6394557823129252,0.36394557823129253
seed_to_expanded_weight,189,75.0,0.6428571428571429,0.36054421768707484
seed_to_expanded_weight,190,76.0,0.6462585034013606,0.35714285714285715
seed_to_expanded_weight,191,84.0,0.6496598639455783,0.35374149659863946
seed_to_expanded_weight,192,84.0,0.6530612244897959,0.35034013605442177
seed_to_expanded_weight,193,85.0,0.6564625850340136,0.3469387755102041
seed_to_expanded_weight,194,92.0,0.6598639455782312,0.3435374149659864
seed_to_expanded_weight,195,93.0,0.6632653061224489,0.3401360544217687
seed_to_expanded_weight,196,95.0,0.6666666666666666,0.336734693877551
seed_to_expanded_weight,197,95.0,0.6700680272108843,0.3333333333333333
seed_to_expanded_weight,198,96.0,0.673469387755102,0.3299319727891156
seed_to_expanded_weight,199,96.0,0.6768707482993197,0.32653061224489793
seed_to_expanded_weight,200,102.0,0.6802721088435374,0.3231292517006803
seed_to_expanded_weight,201,105.0,0.6836734693877551,0.3197278911564626
seed_to_expanded_weight,202,107.0,0.6870748299319728,0.3163265306122449
seed_to_expanded_weight,203,112.0,0.6904761904761905,0.3129251700680272
seed_to_expanded_weight,204,117.0,0.6938775510204082,0.30952380952380953
seed_to_expanded_weight,205,121.0,0.6972789115646258,0.30612244897959184
seed_to_expanded_weight,206,123.0,0.7006802721088435,0.30272108843537415
seed_to_expanded_weight,207,126.0,0.7040816326530612,0.29931972789115646
seed_to_expanded_weight,208,128.0,0.7074829931972789,0.29591836734693877
seed_to_expanded_weight,209,128.0,0.7108843537414966,0.2925170068027211
seed_to_expanded_weight,210,131.0,0.7142857142857143,0.2891156462585034
seed_to_expanded_weight,211,137.0,0.717687074829932,0.2857142857142857
seed_to_expanded_weight,212,137.0,0.7210884353741497,0.282312925170068
seed_to_expanded_weight,213,138.0,0.7244897959183674,0.2789115646258503
seed_to_expanded_weight,214,160.0,0.7278911564625851,0.2755102040816326
seed_to_expanded_weight,215,161.0,0.7312925170068028,0.272108843537415
seed_to_expanded_weight,216,163.0,0.7346938775510204,0.2687074829931973
seed_to_expanded_weight,217,170.0,0.7380952380952381,0.2653061224489796
seed_to_expanded_weight,218,173.0,0.7414965986394558,0.2619047619047619
seed_to_expanded_weight,219,175.0,0.7448979591836735,0.2585034013605442
seed_to_expanded_weight,220,177.0,0.7482993197278912,0.25510204081632654
seed_to_expanded_weight,221,186.0,0.7517006802721088,0.25170068027210885
seed_to_expanded_weight,222,188.0,0.7551020408163265,0.24829931972789115
seed_to_expanded_weight,223,188.0,0.7585034013605442,0.24489795918367346
seed_to_expanded_weight,224,191.0,0.7619047619047619,0.24149659863945577
seed_to_expanded_weight,225,198.0,0.7653061224489796,0.23809523809523808
seed_to_expanded_weight,226,201.0,0.7687074829931972,0.23469387755102042
seed_to_expanded_weight,227,216.0,0.7721088435374149,0.23129251700680273
seed_to_expanded_weight,228,220.0,0.7755102040816326,0.22789115646258504
seed_to_expanded_weight,229,236.0,0.7789115646258503,0.22448979591836735
seed_to_expanded_weight,230,240.0,0.782312925170068,0.22108843537414966
seed_to_expanded_weight,231,245.0,0.7857142857142857,0.21768707482993196
seed_to_expanded_weight,232,252.0,0.7891156462585034,0.21428571428571427
seed_to_expanded_weight,233,255.0,0.7925170068027211,0.2108843537414966
seed_to_expanded_weight,234,269.0,0.7959183673469388,0.20748299319727892
seed_to_expanded_weight,235,273.0,0.7993197278911565,0.20408163265306123
seed_to_expanded_weight,236,278.0,0.8027210884353742,0.20068027210884354
seed_to_expanded_weight,237,281.0,0.8061224489795918,0.19727891156462585
seed_to_expanded_weight,238,283.0,0.8095238095238095,0.19387755102040816
seed_to_expanded_weight,239,284.0,0.8129251700680272,0.19047619047619047
seed_to_expanded_weight,240,289.0,0.8163265306122449,0.1870748299319728
seed_to_expanded_weight,241,293.0,0.8197278911564626,0.1836734693877551
seed_to_expanded_weight,242,307.0,0.8231292517006803,0.18027210884353742
seed_to_expanded_weight,243,317.0,0.826530612244898,0.17687074829931973
seed_to_expanded_weight,244,340.0,0.8299319727891157,0.17346938775510204
seed_to_expanded_weight,245,355.0,0.8333333333333334,0.17006802721088435
seed_to_expanded_weight,246,365.0,0.8367346938775511,0.16666666666666666
seed_to_expanded_weight,247,388.0,0.8401360544217688,0.16326530612244897
seed_to_expanded_weight,248,401.0,0.8435374149659864,0.1598639455782313
seed_to_expanded_weight,249,411.0,0.8469387755102041,0.1564625850340136
seed_to_expanded_weight,250,424.0,0.8503401360544217,0.15306122448979592
seed_to_expanded_weight,251,484.0,0.8537414965986394,0.14965986394557823
seed_to_expanded_weight,252,486.0,0.8571428571428571,0.14625850340136054
seed_to_expanded_weight,253,495.0,0.8605442176870748,0.14285714285714285
seed_to_expanded_weight,254,533.0,0.8639455782312925,0.13945578231292516
seed_to_expanded_weight,255,541.0,0.8673469387755102,0.1360544217687075
seed_to_expanded_weight,256,541.0,0.8707482993197279,0.1326530612244898
seed_to_expanded_weight,257,552.0,0.8741496598639455,0.1292517006802721
seed_to_expanded_weight,258,636.0,0.8775510204081632,0.12585034013605442
seed_to_expanded_weight,259,656.0,0.8809523809523809,0.12244897959183673
seed_to_expanded_weight,260,719.0,0.8843537414965986,0.11904761904761904
seed_to_expanded_weight,261,727.0,0.8877551020408163,0.11564625850340136
seed_to_expanded_weight,262,761.0,0.891156462585034,0.11224489795918367
seed_to_expanded_weight,263,836.0,0.8945578231292517,0.10884353741496598
seed_to_expanded_weight,264,868.0,0.8979591836734694,0.1054421768707483
seed_to_expanded_weight,265,970.0,0.9013605442176871,0.10204081632653061
seed_to_expanded_weight,266,986.0,0.9047619047619048,0.09863945578231292
seed_to_expanded_weight,267,1127.0,0.9081632653061225,0.09523809523809523
seed_to_expanded_weight,268,1217.0,0.9115646258503401,0.09183673469387756
seed_to_expanded_weight,269,1224.0,0.9149659863945578,0.08843537414965986
seed_to_expanded_weight,270,1247.0,0.9183673469387755,0.08503401360544217
seed_to_expanded_weight,271,1286.0,0.9217687074829932,0.08163265306122448
seed_to_expanded_weight,272,1300.0,0.9251700680272109,0.0782312925170068
seed_to_expanded_weight,273,1361.0,0.9285714285714286,0.07482993197278912
seed_to_expanded_weight,274,1606.0,0.9319727891156463,0.07142857142857142
seed_to_expanded_weight,275,1676.0,0.935374149659864,0.06802721088435375
seed_to_expanded_weight,276,1778.0,0.9387755102040817,0.06462585034013606
seed_to_expanded_weight,277,1781.0,0.9421768707482994,0.061224489795918366
seed_to_expanded_weight,278,1801.0,0.9455782312925171,0.05782312925170068
seed_to_expanded_weight,279,1858.0,0.9489795918367347,0.05442176870748299
seed_to_expanded_weight,280,1933.0,0.9523809523809523,0.05102040816326531
seed_to_expanded_weight,281,1971.0,0.95578231292517,0.047619047619047616
seed_to_expanded_weight,282,1975.0,0.9591836734693877,0.04421768707482993
seed_to_expanded_weight,283,1977.0,0.9625850340136054,0.04081632653061224
seed_to_expanded_weight,284,2000.0,0.9659863945578231,0.03741496598639456
seed_to_expanded_weight,285,2375.0,0.9693877551020408,0.034013605442176874
seed_to_expanded_weight,286,2491.0,0.9727891156462585,0.030612244897959183
seed_to_expanded_weight,287,2953.0,0.9761904761904762,0.027210884353741496
seed_to_expanded_weight,288,3398.0,0.9795918367346939,0.023809523809523808
seed_to_expanded_weight,289,3854.0,0.9829931972789115,0.02040816326530612
seed_to_expanded_weight,290,4120.0,0.9863945578231292,0.017006802721088437
seed_to_expanded_weight,291,4182.0,0.9897959183673469,0.013605442176870748
seed_to_expanded_weight,292,4929.0,0.9931972789115646,0.01020408163265306
seed_to_expanded_weight,293,4999.0,0.9965986394557823,0.006802721088435374
seed_to_expanded_weight,294,43321.0,1.0,0.003401360544217687
source_concentration_hhi,1,0.0,0.003401360544217687,1.0
source_concentration_hhi,2,0.0,0.006802721088435374,0.9965986394557823
source_concentration_hhi,3,0.0,0.01020408163265306,0.9931972789115646
source_concentration_hhi,4,0.0,0.013605442176870748,0.9897959183673469
source_concentration_hhi,5,0.0,0.017006802721088437,0.9863945578231292
source_concentration_hhi,6,0.0,0.02040816326530612,0.9829931972789115
source_concentration_hhi,7,0.0,0.023809523809523808,0.9795918367346939
source_concentration_hhi,8,0.0,0.027210884353741496,0.9761904761904762
source_concentration_hhi,9,0.0,0.030612244897959183,0.9727891156462585
source_concentration_hhi,10,0.0,0.034013605442176874,0.9693877551020408
source_concentration_hhi,11,0.0,0.03741496598639456,0.9659863945578231
source_concentration_hhi,12,0.0,0.04081632653061224,0.9625850340136054
source_concentration_hhi,13,0.0,0.04421768707482993,0.9591836734693877
source_concentration_hhi,14,0.0,0.047619047619047616,0.95578231292517
source_concentration_hhi,15,0.0,0.05102040816326531,0.9523809523809523
source_concentration_hhi,16,0.0,0.05442176870748299,0.9489795918367347
source_concentration_hhi,17,0.0,0.05782312925170068,0.9455782312925171
source_concentration_hhi,18,0.0,0.061224489795918366,0.9421768707482994
source_concentration_hhi,19,0.0,0.06462585034013606,0.9387755102040817
source_concentration_hhi,20,0.0,0.06802721088435375,0.935374149659864
source_concentration_hhi,21,0.0,0.07142857142857142,0.9319727891156463
source_concentration_hhi,22,0.0,0.07482993197278912,0.9285714285714286
source_concentration_hhi,23,0.0,0.0782312925170068,0.9251700680272109
source_concentration_hhi,24,0.0,0.08163265306122448,0.9217687074829932
source_concentration_hhi,25,0.0,0.08503401360544217,0.9183673469387755
source_concentration_hhi,26,0.0,0.08843537414965986,0.9149659863945578
source_concentration_hhi,27,0.0,0.09183673469387756,0.9115646258503401
source_concentration_hhi,28,0.0,0.09523809523809523,0.9081632653061225
source_concentration_hhi,29,0.0,0.09863945578231292,0.9047619047619048
source_concentration_hhi,30,0.0,0.10204081632653061,0.9013605442176871
source_concentration_hhi,31,0.0,0.1054421768707483,0.8979591836734694
source_concentration_hhi,32,0.0,0.10884353741496598,0.8945578231292517
source_concentration_hhi,33,0.0126237104555595,0.11224489795918367,0.891156462585034
source_concentration_hhi,34,0.0131208181154127,0.11564625850340136,0.8877551020408163
source_concentration_hhi,35,0.013630705886742,0.11904761904761904,0.8843537414965986
source_concentration_hhi,36,0.0183333333333333,0.12244897959183673,0.8809523809523809
source_concentration_hhi,37,0.0219750976562499,0.12585034013605442,0.8775510204081632
source_concentration_hhi,38,0.0228498750054822,0.1292517006802721,0.8741496598639455
source_concentration_hhi,39,0.0288319951639903,0.1326530612244898,0.8707482993197279
source_concentration_hhi,40,0.0315517662285324,0.1360544217687075,0.8673469387755102
source_concentration_hhi,41,0.0338409873753423,0.13945578231292516,0.8639455782312925
source_concentration_hhi,42,0.0354122966701895,0.14285714285714285,0.8605442176870748
source_concentration_hhi,43,0.0356601087539965,0.14625850340136054,0.8571428571428571
source_concentration_hhi,44,0.0356771220454883,0.14965986394557823,0.8537414965986394
source_concentration_hhi,45,0.0359639857150042,0.15306122448979592,0.8503401360544217
source_concentration_hhi,46,0.03625,0.1564625850340136,0.8469387755102041
source_concentration_hhi,47,0.0370733402309401,0.1598639455782313,0.8435374149659864
source_concentration_hhi,48,0.0378071833648393,0.16326530612244897,0.8401360544217688
source_concentration_hhi,49,0.0395229657609099,0.16666666666666666,0.8367346938775511
source_concentration_hhi,50,0.0396180792361584,0.17006802721088435,0.8333333333333334
source_concentration_hhi,51,0.0397171443231547,0.17346938775510204,0.8299319727891157
source_concentration_hhi,52,0.0400868922335502,0.17687074829931973,0.826530612244898
source_concentration_hhi,53,0.0406486872278137,0.18027210884353742,0.8231292517006803
source_concentration_hhi,54,0.0415363511659808,0.1836734693877551,0.8197278911564626
source_concentration_hhi,55,0.0422845704242573,0.1870748299319728,0.8163265306122449
source_concentration_hhi,56,0.044074475813273,0.19047619047619047,0.8129251700680272
source_concentration_hhi,57,0.0452595155709342,0.19387755102040816,0.8095238095238095
source_concentration_hhi,58,0.045390625,0.19727891156462585,0.8061224489795918
source_concentration_hhi,59,0.046485260770975,0.20068027210884354,0.8027210884353742
source_concentration_hhi,60,0.047227602360254,0.20408163265306123,0.7993197278911565
source_concentration_hhi,61,0.0473454238542561,0.20748299319727892,0.7959183673469388
source_concentration_hhi,62,0.0473512358144093,0.2108843537414966,0.7925170068027211
source_concentration_hhi,63,0.0475077053884578,0.21428571428571427,0.7891156462585034
source_concentration_hhi,64,0.0476118785050246,0.21768707482993196,0.7857142857142857
source_concentration_hhi,65,0.0478335764834794,0.22108843537414966,0.782312925170068
source_concentration_hhi,66,0.0482057274466968,0.22448979591836735,0.7789115646258503
source_concentration_hhi,67,0.0502710171112764,0.22789115646258504,0.7755102040816326
source_concentration_hhi,68,0.0519255903538683,0.23129251700680273,0.7721088435374149
source_concentration_hhi,69,0.0522159099249864,0.23469387755102042,0.7687074829931972
source_concentration_hhi,70,0.0524001521203188,0.23809523809523808,0.7653061224489796
source_concentration_hhi,71,0.0530437878248487,0.24149659863945577,0.7619047619047619
source_concentration_hhi,72,0.0532183224271267,0.24489795918367346,0.7585034013605442
source_concentration_hhi,73,0.0561823875153478,0.24829931972789115,0.7551020408163265
source_concentration_hhi,74,0.0562620883753223,0.25170068027210885,0.7517006802721088
source_concentration_hhi,75,0.0564738292011019,0.25510204081632654,0.7482993197278912
source_concentration_hhi,76,0.0566666666666666,0.2585034013605442,0.7448979591836735
source_concentration_hhi,77,0.0570316799999999,0.2619047619047619,0.7414965986394558
source_concentration_hhi,78,0.0621482641033276,0.2653061224489796,0.7380952380952381
source_concentration_hhi,79,0.0623447728625272,0.2687074829931973,0.7346938775510204
source_concentration_hhi,80,0.0647688950605038,0.272108843537415,0.7312925170068028
source_concentration_hhi,81,0.0651732813894976,0.2755102040816326,0.7278911564625851
source_concentration_hhi,82,0.0672153635116598,0.2789115646258503,0.7244897959183674
source_concentration_hhi,83,0.0679065743944636,0.282312925170068,0.7210884353741497
source_concentration_hhi,84,0.0697348898407099,0.2857142857142857,0.717687074829932
source_concentration_hhi,85,0.0699432892249527,0.2891156462585034,0.7142857142857143
source_concentration_hhi,86,0.070617063934061,0.2925170068027211,0.7108843537414966
source_concentration_hhi,87,0.070854638422206,0.29591836734693877,0.7074829931972789
source_concentration_hhi,88,0.0733333333333333,0.29931972789115646,0.7040816326530612
source_concentration_hhi,89,0.0748870703496778,0.30272108843537415,0.7006802721088435
source_concentration_hhi,90,0.0755530020109164,0.30612244897959184,0.6972789115646258
source_concentration_hhi,91,0.0774287801314828,0.30952380952380953,0.6938775510204082
source_concentration_hhi,92,0.0777641625035347,0.3129251700680272,0.6904761904761905
source_concentration_hhi,93,0.0789473684210526,0.3163265306122449,0.6870748299319728
source_concentration_hhi,94,0.0793650793650793,0.3197278911564626,0.6836734693877551
source_concentration_hhi,95,0.0811893681740624,0.3231292517006803,0.6802721088435374
source_concentration_hhi,96,0.0812181180192769,0.32653061224489793,0.6768707482993197
source_concentration_hhi,97,0.0822060353798127,0.3299319727891156,0.673469387755102
source_concentration_hhi,98,0.0874400571370268,0.3333333333333333,0.6700680272108843
source_concentration_hhi,99,0.0875,0.336734693877551,0.6666666666666666
source_concentration_hhi,100,0.0880632871460117,0.3401360544217687,0.6632653061224489
source_concentration_hhi,101,0.0918367346938775,0.3435374149659864,0.6598639455782312
source_concentration_hhi,102,0.0920441744659795,0.3469387755102041,0.6564625850340136
source_concentration_hhi,103,0.0922004132231405,0.35034013605442177,0.6530612244897959
source_concentration_hhi,104,0.09375,0.35374149659863946,0.6496598639455783
source_concentration_hhi,105,0.0946520886753664,0.35714285714285715,0.6462585034013606
source_concentration_hhi,106,0.0949091295568073,0.36054421768707484,0.6428571428571429
source_concentration_hhi,107,0.0949756447825496,0.36394557823129253,0.6394557823129252
source_concentration_hhi,108,0.0964934842249657,0.3673469387755102,0.6360544217687075
source_concentration_hhi,109,0.0969529085872576,0.3707482993197279,0.6326530612244898
source_concentration_hhi,110,0.1008780993500834,0.3741496598639456,0.6292517006802721
source_concentration_hhi,111,0.1010330057949105,0.37755102040816324,0.6258503401360545
source_concentration_hhi,112,0.1022222222222222,0.38095238095238093,0.6224489795918368
source_concentration_hhi,113,0.1023154156136876,0.3843537414965986,0.6190476190476191
source_concentration_hhi,114,0.1024623912487148,0.3877551020408163,0.6156462585034014
source_concentration_hhi,115,0.1033057851239669,0.391156462585034,0.6122448979591837
source_concentration_hhi,116,0.1067708333333333,0.3945578231292517,0.608843537414966
source_concentration_hhi,117,0.1071604938271605,0.3979591836734694,0.6054421768707483
source_concentration_hhi,118,0.1072,0.4013605442176871,0.6020408163265306
source_concentration_hhi,119,0.1080332409972299,0.40476190476190477,0.5986394557823129
source_concentration_hhi,120,0.1085714285714285,0.40816326530612246,0.5952380952380952
source_concentration_hhi,121,0.109375,0.41156462585034015,0.5918367346938775
source_concentration_hhi,122,0.1111111111111111,0.41496598639455784,0.5884353741496599
source_concentration_hhi,123,0.1129704108014938,0.41836734693877553,0.5850340136054422
source_concentration_hhi,124,0.1168,0.4217687074829932,0.5816326530612245
source_concentration_hhi,125,0.117030677944704,0.42517006802721086,0.5782312925170068
source_concentration_hhi,126,0.1233333333333333,0.42857142857142855,0.5748299319727891
source_concentration_hhi,127,0.1240888888888888,0.43197278911564624,0.5714285714285714
source_concentration_hhi,128,0.125,0.43537414965986393,0.5680272108843537
source_concentration_hhi,129,0.125,0.4387755102040816,0.564625850340136
source_concentration_hhi,130,0.1252167880679847,0.4421768707482993,0.5612244897959183
source_concentration_hhi,131,0.1257142857142857,0.445578231292517,0.5578231292517006
source_concentration_hhi,132,0.1263696128560993,0.4489795918367347,0.5544217687074829
source_concentration_hhi,133,0.1288888888888889,0.4523809523809524,0.5510204081632653
source_concentration_hhi,134,0.1299677765843179,0.4557823129251701,0.5476190476190477
source_concentration_hhi,135,0.1301020408163265,0.45918367346938777,0.54421768707483
source_concentration_hhi,136,0.1330610873523836,0.46258503401360546,0.5408163265306123
source_concentration_hhi,137,0.1332031249999999,0.46598639455782315,0.5374149659863946
source_concentration_hhi,138,0.1332584266992907,0.46938775510204084,0.5340136054421769
source_concentration_hhi,139,0.136094674556213,0.47278911564625853,0.5306122448979592
source_concentration_hhi,140,0.136094674556213,0.47619047619047616,0.5272108843537415
source_concentration_hhi,141,0.140495867768595,0.47959183673469385,0.5238095238095238
source_concentration_hhi,142,0.140625,0.48299319727891155,0.5204081632653061
source_concentration_hhi,143,0.1412742382271468,0.48639455782312924,0.5170068027210885
source_concentration_hhi,144,0.15625,0.4897959183673469,0.5136054421768708
source_concentration_hhi,145,0.15625,0.4931972789115646,0.5102040816326531
source_concentration_hhi,146,0.1569053155363711,0.4965986394557823,0.5068027210884354
source_concentration_hhi,147,0.1588541666666667,0.5,0.5034013605442177
source_concentration_hhi,148,0.1589035942683218,0.5034013605442177,0.5
source_concentration_hhi,149,0.1604938271604938,0.5068027210884354,0.4965986394557823
source_concentration_hhi,150,0.16351606805293,0.5102040816326531,0.4931972789115646
source_concentration_hhi,151,0.1666666666666666,0.5136054421768708,0.4897959183673469
source_concentration_hhi,152,0.1666666666666666,0.5170068027210885,0.48639455782312924
source_concentration_hhi,153,0.1666666666666666,0.5204081632653061,0.48299319727891155
source_concentration_hhi,154,0.1669701072060763,0.5238095238095238,0.47959183673469385
source_concentration_hhi,155,0.1715976331360947,0.5272108843537415,0.47619047619047616
source_concentration_hhi,156,0.171875,0.5306122448979592,0.47278911564625853
source_concentration_hhi,157,0.177939646201873,0.5340136054421769,0.46938775510204084
source_concentration_hhi,158,0.1822222222222222,0.5374149659863946,0.46598639455782315
source_concentration_hhi,159,0.183673469387755,0.5408163265306123,0.46258503401360546
source_concentration_hhi,160,0.1842129361130612,0.54421768707483,0.45918367346938777
source_concentration_hhi,161,0.1843043995243757,0.5476190476190477,0.4557823129251701
source_concentration_hhi,162,0.1853250471231148,0.5510204081632653,0.4523809523809524
source_concentration_hhi,163,0.1888888888888889,0.5544217687074829,0.4489795918367347
source_concentration_hhi,164,0.1894651975275464,0.5578231292517006,0.445578231292517
source_concentration_hhi,165,0.1895437520619457,0.5612244897959183,0.4421768707482993
source_concentration_hhi,166,0.1900826446280991,0.564625850340136,0.4387755102040816
source_concentration_hhi,167,0.1959683465222823,0.5680272108843537,0.43537414965986393
source_concentration_hhi,168,0.2,0.5714285714285714,0.43197278911564624
source_concentration_hhi,169,0.2022160664819944,0.5748299319727891,0.42857142857142855
source_concentration_hhi,170,0.2060491493383743,0.5782312925170068,0.42517006802721086
source_concentration_hhi,171,0.2098765432098765,0.5816326530612245,0.4217687074829932
source_concentration_hhi,172,0.2098765432098765,0.5850340136054422,0.41836734693877553
source_concentration_hhi,173,0.21875,0.5884353741496599,0.41496598639455784
source_concentration_hhi,174,0.21875,0.5918367346938775,0.41156462585034015
source_concentration_hhi,175,0.2188365650969529,0.5952380952380952,0.40816326530612246
source_concentration_hhi,176,0.2222222222222222,0.5986394557823129,0.40476190476190477
source_concentration_hhi,177,0.2222222222222222,0.6020408163265306,0.4013605442176871
source_concentration_hhi,178,0.2222222222222222,0.6054421768707483,0.3979591836734694
source_concentration_hhi,179,0.2224517906336088,0.608843537414966,0.3945578231292517
source_concentration_hhi,180,0.2244897959183673,0.6122448979591837,0.391156462585034
source_concentration_hhi,181,0.2247324613555291,0.6156462585034014,0.3877551020408163
source_concentration_hhi,182,0.2253125,0.6190476190476191,0.3843537414965986
source_concentration_hhi,183,0.2265625,0.6224489795918368,0.38095238095238093
source_concentration_hhi,184,0.2291444095113092,0.6258503401360545,0.37755102040816324
source_concentration_hhi,185,0.2360711111111111,0.6292517006802721,0.3741496598639456
source_concentration_hhi,186,0.2361689470553242,0.6326530612244898,0.3707482993197279
source_concentration_hhi,187,0.2398521390314333,0.6360544217687075,0.3673469387755102
source_concentration_hhi,188,0.25,0.6394557823129252,0.36394557823129253
source_concentration_hhi,189,0.2504056246619794,0.6428571428571429,0.36054421768707484
source_concentration_hhi,190,0.2538588901351279,0.6462585034013606,0.35714285714285715
source_concentration_hhi,191,0.256198347107438,0.6496598639455783,0.35374149659863946
source_concentration_hhi,192,0.2567338162064282,0.6530612244897959,0.35034013605442177
source_concentration_hhi,193,0.26,0.6564625850340136,0.3469387755102041
source_concentration_hhi,194,0.2653061224489795,0.6598639455782312,0.3435374149659864
source_concentration_hhi,195,0.2678376473514739,0.6632653061224489,0.3401360544217687
source_concentration_hhi,196,0.2704,0.6666666666666666,0.336734693877551
source_concentration_hhi,197,0.2716049382716049,0.6700680272108843,0.3333333333333333
source_concentration_hhi,198,0.2763208295373313,0.673469387755102,0.3299319727891156
source_concentration_hhi,199,0.2777777777777778,0.6768707482993197,0.32653061224489793
source_concentration_hhi,200,0.28,0.6802721088435374,0.3231292517006803
source_concentration_hhi,201,0.28,0.6836734693877551,0.3197278911564626
source_concentration_hhi,202,0.28,0.6870748299319728,0.3163265306122449
source_concentration_hhi,203,0.28,0.6904761904761905,0.3129251700680272
source_concentration_hhi,204,0.2825760203491732,0.6938775510204082,0.30952380952380953
source_concentration_hhi,205,0.2839172654926569,0.6972789115646258,0.30612244897959184
source_concentration_hhi,206,0.2839506172839506,0.7006802721088435,0.30272108843537415
source_concentration_hhi,207,0.2889417360285374,0.7040816326530612,0.29931972789115646
source_concentration_hhi,208,0.3061224489795918,0.7074829931972789,0.29591836734693877
source_concentration_hhi,209,0.3125,0.7108843537414966,0.2925170068027211
source_concentration_hhi,210,0.3254437869822485,0.7142857142857143,0.2891156462585034
source_concentration_hhi,211,0.3263888888888889,0.717687074829932,0.2857142857142857
source_concentration_hhi,212,0.3333333333333333,0.7210884353741497,0.282312925170068
source_concentration_hhi,213,0.3333333333333333,0.7244897959183674,0.2789115646258503
source_concentration_hhi,214,0.3333333333333333,0.7278911564625851,0.2755102040816326
source_concentration_hhi,215,0.3333333333333333,0.7312925170068028,0.272108843537415
source_concentration_hhi,216,0.3333333333333333,0.7346938775510204,0.2687074829931973
source_concentration_hhi,217,0.3333333333333333,0.7380952380952381,0.2653061224489796
source_concentration_hhi,218,0.3333333333333333,0.7414965986394558,0.2619047619047619
source_concentration_hhi,219,0.3393363069553022,0.7448979591836735,0.2585034013605442
source_concentration_hhi,220,0.3541666666666666,0.7482993197278912,0.25510204081632654
source_concentration_hhi,221,0.3600000000000001,0.7517006802721088,0.25170068027210885
source_concentration_hhi,222,0.3600000000000001,0.7551020408163265,0.24829931972789115
source_concentration_hhi,223,0.375,0.7585034013605442,0.24489795918367346
source_concentration_hhi,224,0.375,0.7619047619047619,0.24149659863945577
source_concentration_hhi,225,0.375,0.7653061224489796,0.23809523809523808
source_concentration_hhi,226,0.375,0.7687074829931972,0.23469387755102042
source_concentration_hhi,227,0.3877551020408163,0.7721088435374149,0.23129251700680273
source_concentration_hhi,228,0.391190006574622,0.7755102040816326,0.22789115646258504
source_concentration_hhi,229,0.4171597633136095,0.7789115646258503,0.22448979591836735
source_concentration_hhi,230,0.42,0.782312925170068,0.22108843537414966
source_concentration_hhi,231,0.4305555555555556,0.7857142857142857,0.21768707482993196
source_concentration_hhi,232,0.4358818277737196,0.7891156462585034,0.21428571428571427
source_concentration_hhi,233,0.44,0.7925170068027211,0.2108843537414966
source_concentration_hhi,234,0.4676868001951423,0.7959183673469388,0.20748299319727892
source_concentration_hhi,235,0.470726643598616,0.7993197278911565,0.20408163265306123
source_concentration_hhi,236,0.4792387543252596,0.8027210884353742,0.20068027210884354
source_concentration_hhi,237,0.4795918367346939,0.8061224489795918,0.19727891156462585
source_concentration_hhi,238,0.4816326530612245,0.8095238095238095,0.19387755102040816
source_concentration_hhi,239,0.5,0.8129251700680272,0.19047619047619047
source_concentration_hhi,240,0.5,0.8163265306122449,0.1870748299319728
source_concentration_hhi,241,0.5,0.8197278911564626,0.1836734693877551
source_concentration_hhi,242,0.5,0.8231292517006803,0.18027210884353742
source_concentration_hhi,243,0.5,0.826530612244898,0.17687074829931973
source_concentration_hhi,244,0.5,0.8299319727891157,0.17346938775510204
source_concentration_hhi,245,0.5,0.8333333333333334,0.17006802721088435
source_concentration_hhi,246,0.5,0.8367346938775511,0.16666666666666666
source_concentration_hhi,247,0.5,0.8401360544217688,0.16326530612244897
source_concentration_hhi,248,0.5029333333333335,0.8435374149659864,0.1598639455782313
source_concentration_hhi,249,0.52,0.8469387755102041,0.1564625850340136
source_concentration_hhi,250,0.5430971512052595,0.8503401360544217,0.15306122448979592
source_concentration_hhi,251,0.5454545454545456,0.8537414965986394,0.14965986394557823
source_concentration_hhi,252,0.551246537396122,0.8571428571428571,0.14625850340136054
source_concentration_hhi,253,0.5555555555555556,0.8605442176870748,0.14285714285714285
source_concentration_hhi,254,0.5555555555555556,0.8639455782312925,0.13945578231292516
source_concentration_hhi,255,0.5555555555555556,0.8673469387755102,0.1360544217687075
source_concentration_hhi,256,0.5841975308641975,0.8707482993197279,0.1326530612244898
source_concentration_hhi,257,0.6094674556213018,0.8741496598639455,0.1292517006802721
source_concentration_hhi,258,0.6193484196399646,0.8775510204081632,0.12585034013605442
source_concentration_hhi,259,0.625,0.8809523809523809,0.12244897959183673
source_concentration_hhi,260,0.625,0.8843537414965986,0.11904761904761904
source_concentration_hhi,261,0.6590044511153668,0.8877551020408163,0.11564625850340136
source_concentration_hhi,262,0.7396543209876544,0.891156462585034,0.11224489795918367
source_concentration_hhi,263,0.7543789632487565,0.8945578231292517,0.10884353741496598
source_concentration_hhi,264,0.7618147448015123,0.8979591836734694,0.1054421768707483
source_concentration_hhi,265,0.7799307958477509,0.9013605442176871,0.10204081632653061
source_concentration_hhi,266,0.7929159167598816,0.9047619047619048,0.09863945578231292
source_concentration_hhi,267,0.8116343490304709,0.9081632653061225,0.09523809523809523
source_concentration_hhi,268,0.8200000000000001,0.9115646258503401,0.09183673469387756
source_concentration_hhi,269,0.8200000000000001,0.9149659863945578,0.08843537414965986
source_concentration_hhi,270,0.8347107438016528,0.9183673469387755,0.08503401360544217
source_concentration_hhi,271,0.853156746854783,0.9217687074829932,0.08163265306122448
source_concentration_hhi,272,0.874297520661157,0.9251700680272109,0.0782312925170068
source_concentration_hhi,273,0.8832371654296798,0.9285714285714286,0.07482993197278912
source_concentration_hhi,274,0.8927009853732991,0.9319727891156463,0.07142857142857142
source_concentration_hhi,275,1.0,0.935374149659864,0.06802721088435375
source_concentration_hhi,276,1.0,0.9387755102040817,0.06462585034013606
source_concentration_hhi,277,1.0,0.9421768707482994,0.061224489795918366
source_concentration_hhi,278,1.0,0.9455782312925171,0.05782312925170068
source_concentration_hhi,279,1.0,0.9489795918367347,0.05442176870748299
source_concentration_hhi,280,1.0,0.9523809523809523,0.05102040816326531
source_concentration_hhi,281,1.0,0.95578231292517,0.047619047619047616
source_concentration_hhi,282,1.0,0.9591836734693877,0.04421768707482993
source_concentration_hhi,283,1.0,0.9625850340136054,0.04081632653061224
source_concentration_hhi,284,1.0,0.9659863945578231,0.03741496598639456
source_concentration_hhi,285,1.0,0.9693877551020408,0.034013605442176874
source_concentration_hhi,286,1.0,0.9727891156462585,0.030612244897959183
source_concentration_hhi,287,1.0,0.9761904761904762,0.027210884353741496
source_concentration_hhi,288,1.0,0.9795918367346939,0.023809523809523808
source_concentration_hhi,289,1.0,0.9829931972789115,0.02040816326530612
source_concentration_hhi,290,1.0,0.9863945578231292,0.017006802721088437
source_concentration_hhi,291,1.0,0.9897959183673469,0.013605442176870748
source_concentration_hhi,292,1.0,0.9931972789115646,0.01020408163265306
source_concentration_hhi,293,1.0,0.9965986394557823,0.006802721088435374
source_concentration_hhi,294,1.0,1.0,0.003401360544217687
top_target_weight_share,1,0.0,0.003401360544217687,1.0
top_target_weight_share,2,0.0,0.006802721088435374,0.9965986394557823
top_target_weight_share,3,0.0,0.01020408163265306,0.9931972789115646
top_target_weight_share,4,0.0,0.013605442176870748,0.9897959183673469
top_target_weight_share,5,0.0,0.017006802721088437,0.9863945578231292
top_target_weight_share,6,0.0,0.02040816326530612,0.9829931972789115
top_target_weight_share,7,0.0,0.023809523809523808,0.9795918367346939
top_target_weight_share,8,0.0,0.027210884353741496,0.9761904761904762
top_target_weight_share,9,0.0,0.030612244897959183,0.9727891156462585
top_target_weight_share,10,0.0,0.034013605442176874,0.9693877551020408
top_target_weight_share,11,0.0,0.03741496598639456,0.9659863945578231
top_target_weight_share,12,0.0,0.04081632653061224,0.9625850340136054
top_target_weight_share,13,0.0,0.04421768707482993,0.9591836734693877
top_target_weight_share,14,0.0,0.047619047619047616,0.95578231292517
top_target_weight_share,15,0.0,0.05102040816326531,0.9523809523809523
top_target_weight_share,16,0.0,0.05442176870748299,0.9489795918367347
top_target_weight_share,17,0.0,0.05782312925170068,0.9455782312925171
top_target_weight_share,18,0.0,0.061224489795918366,0.9421768707482994
top_target_weight_share,19,0.0,0.06462585034013606,0.9387755102040817
top_target_weight_share,20,0.0,0.06802721088435375,0.935374149659864
top_target_weight_share,21,0.0,0.07142857142857142,0.9319727891156463
top_target_weight_share,22,0.0,0.07482993197278912,0.9285714285714286
top_target_weight_share,23,0.0,0.0782312925170068,0.9251700680272109
top_target_weight_share,24,0.0,0.08163265306122448,0.9217687074829932
top_target_weight_share,25,0.0,0.08503401360544217,0.9183673469387755
top_target_weight_share,26,0.0,0.08843537414965986,0.9149659863945578
top_target_weight_share,27,0.0,0.09183673469387756,0.9115646258503401
top_target_weight_share,28,0.0,0.09523809523809523,0.9081632653061225
top_target_weight_share,29,0.0,0.09863945578231292,0.9047619047619048
top_target_weight_share,30,0.0,0.10204081632653061,0.9013605442176871
top_target_weight_share,31,0.0,0.1054421768707483,0.8979591836734694
top_target_weight_share,32,0.0,0.10884353741496598,0.8945578231292517
top_target_weight_share,33,0.0423572744014733,0.11224489795918367,0.891156462585034
top_target_weight_share,34,0.0475675675675675,0.11564625850340136,0.8877551020408163
top_target_weight_share,35,0.0499609859090283,0.11904761904761904,0.8843537414965986
top_target_weight_share,36,0.06171875,0.12244897959183673,0.8809523809523809
top_target_weight_share,37,0.0666666666666666,0.12585034013605442,0.8775510204081632
top_target_weight_share,38,0.0700483091787439,0.1292517006802721,0.8741496598639455
top_target_weight_share,39,0.0709219858156028,0.1326530612244898,0.8707482993197279
top_target_weight_share,40,0.074235807860262,0.1360544217687075,0.8673469387755102
top_target_weight_share,41,0.0749185667752443,0.13945578231292516,0.8639455782312925
top_target_weight_share,42,0.075,0.14285714285714285,0.8605442176870748
top_target_weight_share,43,0.076158940397351,0.14625850340136054,0.8571428571428571
top_target_weight_share,44,0.0883280757097791,0.14965986394557823,0.8537414965986394
top_target_weight_share,45,0.0917183706501214,0.15306122448979592,0.8503401360544217
top_target_weight_share,46,0.0920245398773006,0.1564625850340136,0.8469387755102041
top_target_weight_share,47,0.0927835051546391,0.1598639455782313,0.8435374149659864
top_target_weight_share,48,0.0952380952380952,0.16326530612244897,0.8401360544217688
top_target_weight_share,49,0.0952380952380952,0.16666666666666666,0.8367346938775511
top_target_weight_share,50,0.0984251968503937,0.17006802721088435,0.8333333333333334
top_target_weight_share,51,0.1014492753623188,0.17346938775510204,0.8299319727891157
top_target_weight_share,52,0.106060606060606,0.17687074829931973,0.826530612244898
top_target_weight_share,53,0.108695652173913,0.18027210884353742,0.8231292517006803
top_target_weight_share,54,0.1098591549295774,0.1836734693877551,0.8197278911564626
top_target_weight_share,55,0.1102362204724409,0.1870748299319728,0.8163265306122449
top_target_weight_share,56,0.1111111111111111,0.19047619047619047,0.8129251700680272
top_target_weight_share,57,0.1122166943062465,0.19387755102040816,0.8095238095238095
top_target_weight_share,58,0.1126968503937007,0.19727891156462585,0.8061224489795918
top_target_weight_share,59,0.1132075471698113,0.20068027210884354,0.8027210884353742
top_target_weight_share,60,0.1213991769547325,0.20408163265306123,0.7993197278911565
top_target_weight_share,61,0.125,0.20748299319727892,0.7959183673469388
top_target_weight_share,62,0.1262886597938144,0.2108843537414966,0.7925170068027211
top_target_weight_share,63,0.128125,0.21428571428571427,0.7891156462585034
top_target_weight_share,64,0.1290322580645161,0.21768707482993196,0.7857142857142857
top_target_weight_share,65,0.1290322580645161,0.22108843537414966,0.782312925170068
top_target_weight_share,66,0.1308597646120087,0.22448979591836735,0.7789115646258503
top_target_weight_share,67,0.1333333333333333,0.22789115646258504,0.7755102040816326
top_target_weight_share,68,0.1333333333333333,0.23129251700680273,0.7721088435374149
top_target_weight_share,69,0.1336332958380202,0.23469387755102042,0.7687074829931972
top_target_weight_share,70,0.1383685800604229,0.23809523809523808,0.7653061224489796
top_target_weight_share,71,0.1428571428571428,0.24149659863945577,0.7619047619047619
top_target_weight_share,72,0.1428571428571428,0.24489795918367346,0.7585034013605442
top_target_weight_share,73,0.1430536451169188,0.24829931972789115,0.7551020408163265
top_target_weight_share,74,0.1441441441441441,0.25170068027210885,0.7517006802721088
top_target_weight_share,75,0.1457680250783699,0.25510204081632654,0.7482993197278912
top_target_weight_share,76,0.1491002570694087,0.2585034013605442,0.7448979591836735
top_target_weight_share,77,0.15,0.2619047619047619,0.7414965986394558
top_target_weight_share,78,0.1529411764705882,0.2653061224489796,0.7380952380952381
top_target_weight_share,79,0.1534391534391534,0.2687074829931973,0.7346938775510204
top_target_weight_share,80,0.1566200215285253,0.272108843537415,0.7312925170068028
top_target_weight_share,81,0.1621621621621621,0.2755102040816326,0.7278911564625851
top_target_weight_share,82,0.1644295302013423,0.2789115646258503,0.7244897959183674
top_target_weight_share,83,0.1649484536082474,0.282312925170068,0.7210884353741497
top_target_weight_share,84,0.1666666666666666,0.2857142857142857,0.717687074829932
top_target_weight_share,85,0.1666666666666666,0.2891156462585034,0.7142857142857143
top_target_weight_share,86,0.1703703703703703,0.2925170068027211,0.7108843537414966
top_target_weight_share,87,0.1714,0.29591836734693877,0.7074829931972789
top_target_weight_share,88,0.1719038817005545,0.29931972789115646,0.7040816326530612
top_target_weight_share,89,0.1725352112676056,0.30272108843537415,0.7006802721088435
top_target_weight_share,90,0.1739130434782608,0.30612244897959184,0.6972789115646258
top_target_weight_share,91,0.1756756756756756,0.30952380952380953,0.6938775510204082
top_target_weight_share,92,0.1764705882352941,0.3129251700680272,0.6904761904761905
top_target_weight_share,93,0.1773399014778325,0.3163265306122449,0.6870748299319728
top_target_weight_share,94,0.1818181818181818,0.3197278911564626,0.6836734693877551
top_target_weight_share,95,0.1827956989247312,0.3231292517006803,0.6802721088435374
top_target_weight_share,96,0.1839080459770115,0.32653061224489793,0.6768707482993197
top_target_weight_share,97,0.1842105263157894,0.3299319727891156,0.673469387755102
top_target_weight_share,98,0.1859838274932614,0.3333333333333333,0.6700680272108843
top_target_weight_share,99,0.1875,0.336734693877551,0.6666666666666666
top_target_weight_share,100,0.1875,0.3401360544217687,0.6632653061224489
top_target_weight_share,101,0.1875,0.3435374149659864,0.6598639455782312
top_target_weight_share,102,0.1878048780487805,0.3469387755102041,0.6564625850340136
top_target_weight_share,103,0.1888888888888888,0.35034013605442177,0.6530612244897959
top_target_weight_share,104,0.1933333333333333,0.35374149659863946,0.6496598639455783
top_target_weight_share,105,0.1994609164420485,0.35714285714285715,0.6462585034013606
top_target_weight_share,106,0.2,0.36054421768707484,0.6428571428571429
top_target_weight_share,107,0.2003034901365705,0.36394557823129253,0.6394557823129252
top_target_weight_share,108,0.2013854527461652,0.3673469387755102,0.6360544217687075
top_target_weight_share,109,0.204225352112676,0.3707482993197279,0.6326530612244898
top_target_weight_share,110,0.2062052505966587,0.3741496598639456,0.6292517006802721
top_target_weight_share,111,0.208955223880597,0.37755102040816324,0.6258503401360545
top_target_weight_share,112,0.2105263157894736,0.38095238095238093,0.6224489795918368
top_target_weight_share,113,0.2159090909090909,0.3843537414965986,0.6190476190476191
top_target_weight_share,114,0.219047619047619,0.3877551020408163,0.6156462585034014
top_target_weight_share,115,0.2203389830508474,0.391156462585034,0.6122448979591837
top_target_weight_share,116,0.2222222222222222,0.3945578231292517,0.608843537414966
top_target_weight_share,117,0.2222222222222222,0.3979591836734694,0.6054421768707483
top_target_weight_share,118,0.2222222222222222,0.4013605442176871,0.6020408163265306
top_target_weight_share,119,0.2231404958677686,0.40476190476190477,0.5986394557823129
top_target_weight_share,120,0.2245762711864407,0.40816326530612246,0.5952380952380952
top_target_weight_share,121,0.2272727272727272,0.41156462585034015,0.5918367346938775
top_target_weight_share,122,0.2297042164883574,0.41496598639455784,0.5884353741496599
top_target_weight_share,123,0.2307692307692307,0.41836734693877553,0.5850340136054422
top_target_weight_share,124,0.2307692307692307,0.4217687074829932,0.5816326530612245
top_target_weight_share,125,0.2307692307692307,0.42517006802721086,0.5782312925170068
top_target_weight_share,126,0.2323232323232323,0.42857142857142855,0.5748299319727891
top_target_weight_share,127,0.2357142857142857,0.43197278911564624,0.5714285714285714
top_target_weight_share,128,0.24,0.43537414965986393,0.5680272108843537
top_target_weight_share,129,0.24375,0.4387755102040816,0.564625850340136
top_target_weight_share,130,0.2442067736185383,0.4421768707482993,0.5612244897959183
top_target_weight_share,131,0.25,0.445578231292517,0.5578231292517006
top_target_weight_share,132,0.25,0.4489795918367347,0.5544217687074829
top_target_weight_share,133,0.25,0.4523809523809524,0.5510204081632653
top_target_weight_share,134,0.25,0.4557823129251701,0.5476190476190477
top_target_weight_share,135,0.25,0.45918367346938777,0.54421768707483
top_target_weight_share,136,0.25,0.46258503401360546,0.5408163265306123
top_target_weight_share,137,0.2524271844660194,0.46598639455782315,0.5374149659863946
top_target_weight_share,138,0.2584269662921348,0.46938775510204084,0.5340136054421769
top_target_weight_share,139,0.2631578947368421,0.47278911564625853,0.5306122448979592
top_target_weight_share,140,0.2639282341831916,0.47619047619047616,0.5272108843537415
top_target_weight_share,141,0.2653061224489796,0.47959183673469385,0.5238095238095238
top_target_weight_share,142,0.2666666666666666,0.48299319727891155,0.5204081632653061
top_target_weight_share,143,0.2666666666666666,0.48639455782312924,0.5170068027210885
top_target_weight_share,144,0.2666666666666666,0.4897959183673469,0.5136054421768708
top_target_weight_share,145,0.268041237113402,0.4931972789115646,0.5102040816326531
top_target_weight_share,146,0.2797356828193832,0.4965986394557823,0.5068027210884354
top_target_weight_share,147,0.2833333333333333,0.5,0.5034013605442177
top_target_weight_share,148,0.2857142857142857,0.5034013605442177,0.5
top_target_weight_share,149,0.2857142857142857,0.5068027210884354,0.4965986394557823
top_target_weight_share,150,0.2857142857142857,0.5102040816326531,0.4931972789115646
top_target_weight_share,151,0.2894736842105263,0.5136054421768708,0.4897959183673469
top_target_weight_share,152,0.2894736842105263,0.5170068027210885,0.48639455782312924
top_target_weight_share,153,0.2933333333333333,0.5204081632653061,0.48299319727891155
top_target_weight_share,154,0.2972972972972973,0.5238095238095238,0.47959183673469385
top_target_weight_share,155,0.3043478260869565,0.5272108843537415,0.47619047619047616
top_target_weight_share,156,0.3055555555555556,0.5306122448979592,0.47278911564625853
top_target_weight_share,157,0.3067770305225039,0.5340136054421769,0.46938775510204084
top_target_weight_share,158,0.3125,0.5374149659863946,0.46598639455782315
top_target_weight_share,159,0.3157894736842105,0.5408163265306123,0.46258503401360546
top_target_weight_share,160,0.3170731707317073,0.54421768707483,0.45918367346938777
top_target_weight_share,161,0.3201911589008363,0.5476190476190477,0.4557823129251701
top_target_weight_share,162,0.3319755600814664,0.5510204081632653,0.4523809523809524
top_target_weight_share,163,0.3333333333333333,0.5544217687074829,0.4489795918367347
top_target_weight_share,164,0.3333333333333333,0.5578231292517006,0.445578231292517
top_target_weight_share,165,0.3333333333333333,0.5612244897959183,0.4421768707482993
top_target_weight_share,166,0.3333333333333333,0.564625850340136,0.4387755102040816
top_target_weight_share,167,0.3333333333333333,0.5680272108843537,0.43537414965986393
top_target_weight_share,168,0.3333333333333333,0.5714285714285714,0.43197278911564624
top_target_weight_share,169,0.3333333333333333,0.5748299319727891,0.42857142857142855
top_target_weight_share,170,0.3333333333333333,0.5782312925170068,0.42517006802721086
top_target_weight_share,171,0.3333333333333333,0.5816326530612245,0.4217687074829932
top_target_weight_share,172,0.3333333333333333,0.5850340136054422,0.41836734693877553
top_target_weight_share,173,0.3333333333333333,0.5884353741496599,0.41496598639455784
top_target_weight_share,174,0.3333333333333333,0.5918367346938775,0.41156462585034015
top_target_weight_share,175,0.3333333333333333,0.5952380952380952,0.40816326530612246
top_target_weight_share,176,0.337536780159731,0.5986394557823129,0.40476190476190477
top_target_weight_share,177,0.3383458646616541,0.6020408163265306,0.4013605442176871
top_target_weight_share,178,0.3448275862068966,0.6054421768707483,0.3979591836734694
top_target_weight_share,179,0.3457446808510638,0.608843537414966,0.3945578231292517
top_target_weight_share,180,0.3548387096774194,0.6122448979591837,0.391156462585034
top_target_weight_share,181,0.3636363636363636,0.6156462585034014,0.3877551020408163
top_target_weight_share,182,0.3636363636363636,0.6190476190476191,0.3843537414965986
top_target_weight_share,183,0.3654970760233918,0.6224489795918368,0.38095238095238093
top_target_weight_share,184,0.3695652173913043,0.6258503401360545,0.37755102040816324
top_target_weight_share,185,0.375,0.6292517006802721,0.3741496598639456
top_target_weight_share,186,0.3773584905660377,0.6326530612244898,0.3707482993197279
top_target_weight_share,187,0.3933333333333333,0.6360544217687075,0.3673469387755102
top_target_weight_share,188,0.4,0.6394557823129252,0.36394557823129253
top_target_weight_share,189,0.4,0.6428571428571429,0.36054421768707484
top_target_weight_share,190,0.4,0.6462585034013606,0.35714285714285715
top_target_weight_share,191,0.4,0.6496598639455783,0.35374149659863946
top_target_weight_share,192,0.4,0.6530612244897959,0.35034013605442177
top_target_weight_share,193,0.4,0.6564625850340136,0.3469387755102041
top_target_weight_share,194,0.4,0.6598639455782312,0.3435374149659864
top_target_weight_share,195,0.4,0.6632653061224489,0.3401360544217687
top_target_weight_share,196,0.4083333333333333,0.6666666666666666,0.336734693877551
top_target_weight_share,197,0.4088397790055249,0.6700680272108843,0.3333333333333333
top_target_weight_share,198,0.4098360655737705,0.673469387755102,0.3299319727891156
top_target_weight_share,199,0.4137931034482758,0.6768707482993197,0.32653061224489793
top_target_weight_share,200,0.4140969162995594,0.6802721088435374,0.3231292517006803
top_target_weight_share,201,0.4166666666666667,0.6836734693877551,0.3197278911564626
top_target_weight_share,202,0.4166666666666667,0.6870748299319728,0.3163265306122449
top_target_weight_share,203,0.4285714285714285,0.6904761904761905,0.3129251700680272
top_target_weight_share,204,0.4285714285714285,0.6938775510204082,0.30952380952380953
top_target_weight_share,205,0.4285714285714285,0.6972789115646258,0.30612244897959184
top_target_weight_share,206,0.4318181818181818,0.7006802721088435,0.30272108843537415
top_target_weight_share,207,0.4418604651162791,0.7040816326530612,0.29931972789115646
top_target_weight_share,208,0.4444444444444444,0.7074829931972789,0.29591836734693877
top_target_weight_share,209,0.4455081001472754,0.7108843537414966,0.2925170068027211
top_target_weight_share,210,0.4475138121546961,0.7142857142857143,0.2891156462585034
top_target_weight_share,211,0.45,0.717687074829932,0.2857142857142857
top_target_weight_share,212,0.4615384615384615,0.7210884353741497,0.282312925170068
top_target_weight_share,213,0.4683544303797468,0.7244897959183674,0.2789115646258503
top_target_weight_share,214,0.4795539033457249,0.7278911564625851,0.2755102040816326
top_target_weight_share,215,0.4838709677419355,0.7312925170068028,0.272108843537415
top_target_weight_share,216,0.5,0.7346938775510204,0.2687074829931973
top_target_weight_share,217,0.5,0.7380952380952381,0.2653061224489796
top_target_weight_share,218,0.5,0.7414965986394558,0.2619047619047619
top_target_weight_share,219,0.5,0.7448979591836735,0.2585034013605442
top_target_weight_share,220,0.5,0.7482993197278912,0.25510204081632654
top_target_weight_share,221,0.5,0.7517006802721088,0.25170068027210885
top_target_weight_share,222,0.5,0.7551020408163265,0.24829931972789115
top_target_weight_share,223,0.5,0.7585034013605442,0.24489795918367346
top_target_weight_share,224,0.5,0.7619047619047619,0.24149659863945577
top_target_weight_share,225,0.5,0.7653061224489796,0.23809523809523808
top_target_weight_share,226,0.5,0.7687074829931972,0.23469387755102042
top_target_weight_share,227,0.5,0.7721088435374149,0.23129251700680273
top_target_weight_share,228,0.5,0.7755102040816326,0.22789115646258504
top_target_weight_share,229,0.5,0.7789115646258503,0.22448979591836735
top_target_weight_share,230,0.5,0.782312925170068,0.22108843537414966
top_target_weight_share,231,0.5,0.7857142857142857,0.21768707482993196
top_target_weight_share,232,0.5,0.7891156462585034,0.21428571428571427
top_target_weight_share,233,0.5003711952487008,0.7925170068027211,0.2108843537414966
top_target_weight_share,234,0.5172413793103449,0.7959183673469388,0.20748299319727892
top_target_weight_share,235,0.5416666666666666,0.7993197278911565,0.20408163265306123
top_target_weight_share,236,0.5761543762922122,0.8027210884353742,0.20068027210884354
top_target_weight_share,237,0.5897435897435898,0.8061224489795918,0.19727891156462585
top_target_weight_share,238,0.6,0.8095238095238095,0.19387755102040816
top_target_weight_share,239,0.6,0.8129251700680272,0.19047619047619047
top_target_weight_share,240,0.6,0.8163265306122449,0.1870748299319728
top_target_weight_share,241,0.6153846153846154,0.8197278911564626,0.1836734693877551
top_target_weight_share,242,0.6428571428571429,0.8231292517006803,0.18027210884353742
top_target_weight_share,243,0.6470588235294118,0.826530612244898,0.17687074829931973
top_target_weight_share,244,0.6554054054054054,0.8299319727891157,0.17346938775510204
top_target_weight_share,245,0.6666666666666666,0.8333333333333334,0.17006802721088435
top_target_weight_share,246,0.6666666666666666,0.8367346938775511,0.16666666666666666
top_target_weight_share,247,0.6666666666666666,0.8401360544217688,0.16326530612244897
top_target_weight_share,248,0.6666666666666666,0.8435374149659864,0.1598639455782313
top_target_weight_share,249,0.6785714285714286,0.8469387755102041,0.1564625850340136
top_target_weight_share,250,0.68,0.8503401360544217,0.15306122448979592
top_target_weight_share,251,0.681877444589309,0.8537414965986394,0.14965986394557823
top_target_weight_share,252,0.6823529411764706,0.8571428571428571,0.14625850340136054
top_target_weight_share,253,0.7272727272727273,0.8605442176870748,0.14285714285714285
top_target_weight_share,254,0.7297297297297297,0.8639455782312925,0.13945578231292516
top_target_weight_share,255,0.7368421052631579,0.8673469387755102,0.1360544217687075
top_target_weight_share,256,0.75,0.8707482993197279,0.1326530612244898
top_target_weight_share,257,0.75,0.8741496598639455,0.1292517006802721
top_target_weight_share,258,0.762962962962963,0.8775510204081632,0.12585034013605442
top_target_weight_share,259,0.7687074829931972,0.8809523809523809,0.12244897959183673
top_target_weight_share,260,0.7692307692307693,0.8843537414965986,0.11904761904761904
top_target_weight_share,261,0.7985611510791367,0.8877551020408163,0.11564625850340136
top_target_weight_share,262,0.8577777777777778,0.891156462585034,0.11224489795918367
top_target_weight_share,263,0.8659745162812648,0.8945578231292517,0.10884353741496598
top_target_weight_share,264,0.8695652173913043,0.8979591836734694,0.1054421768707483
top_target_weight_share,265,0.8823529411764706,0.9013605442176871,0.10204081632653061
top_target_weight_share,266,0.8894952251023193,0.9047619047619048,0.09863945578231292
top_target_weight_share,267,0.8947368421052632,0.9081632653061225,0.09523809523809523
top_target_weight_share,268,0.9,0.9115646258503401,0.09183673469387756
top_target_weight_share,269,0.9,0.9149659863945578,0.08843537414965986
top_target_weight_share,270,0.9090909090909092,0.9183673469387755,0.08503401360544217
top_target_weight_share,271,0.9217495987158908,0.9217687074829932,0.08163265306122448
top_target_weight_share,272,0.9348484848484848,0.9251700680272109,0.0782312925170068
top_target_weight_share,273,0.9397374701670644,0.9285714285714286,0.07482993197278912
top_target_weight_share,274,0.944558521560575,0.9319727891156463,0.07142857142857142
top_target_weight_share,275,1.0,0.935374149659864,0.06802721088435375
top_target_weight_share,276,1.0,0.9387755102040817,0.06462585034013606
top_target_weight_share,277,1.0,0.9421768707482994,0.061224489795918366
top_target_weight_share,278,1.0,0.9455782312925171,0.05782312925170068
top_target_weight_share,279,1.0,0.9489795918367347,0.05442176870748299
top_target_weight_share,280,1.0,0.9523809523809523,0.05102040816326531
top_target_weight_share,281,1.0,0.95578231292517,0.047619047619047616
top_target_weight_share,282,1.0,0.9591836734693877,0.04421768707482993
top_target_weight_share,283,1.0,0.9625850340136054,0.04081632653061224
top_target_weight_share,284,1.0,0.9659863945578231,0.03741496598639456
top_target_weight_share,285,1.0,0.9693877551020408,0.034013605442176874
top_target_weight_share,286,1.0,0.9727891156462585,0.030612244897959183
top_target_weight_share,287,1.0,0.9761904761904762,0.027210884353741496
top_target_weight_share,288,1.0,0.9795918367346939,0.023809523809523808
top_target_weight_share,289,1.0,0.9829931972789115,0.02040816326530612
top_target_weight_share,290,1.0,0.9863945578231292,0.017006802721088437
top_target_weight_share,291,1.0,0.9897959183673469,0.013605442176870748
top_target_weight_share,292,1.0,0.9931972789115646,0.01020408163265306
top_target_weight_share,293,1.0,0.9965986394557823,0.006802721088435374
top_target_weight_share,294,1.0,1.0,0.003401360544217687
