project_id,node_role,edge_observed,zero_edge_seed
100060912,expanded_target_project,True,False
100285497,expanded_target_project,True,False
100470837,expanded_target_project,True,False
100649664,expanded_target_project,True,False
100656827,expanded_target_project,True,False
100683024,expanded_target_project,True,False
100728550,expanded_target_project,True,False
100758341,expanded_target_project,True,False
10080335,expanded_target_project,True,False
100921897,expanded_target_project,True,False
10095297,expanded_target_project,True,False
100982449,expanded_target_project,True,False
101107622,expanded_target_project,True,False
101325844,expanded_target_project,True,False
101408117,expanded_target_project,True,False
10153163,expanded_target_project,True,False
10160141,expanded_target_project,True,False
101664763,expanded_target_project,True,False
10166531,expanded_target_project,True,False
10176240,expanded_target_project,True,False
101767772,expanded_target_project,True,False
101769985,expanded_target_project,True,False
101807531,expanded_target_project,True,False
101808120,expanded_target_project,True,False
102025276,expanded_target_project,True,False
1020639,expanded_target_project,True,False
102083576,expanded_target_project,True,False
102180889,expanded_target_project,True,False
102216161,expanded_target_project,True,False
102268227,expanded_target_project,True,False
10230369,expanded_target_project,True,False
1023109,expanded_target_project,True,False
10232128,expanded_target_project,True,False
102343794,expanded_target_project,True,False
102390943,expanded_target_project,True,False
10247874,expanded_target_project,True,False
102534028,expanded_target_project,True,False
102601749,expanded_target_project,True,False
10262364,expanded_target_project,True,False
102692863,expanded_target_project,True,False
10270722,expanded_target_project,True,False
102726009,expanded_target_project,True,False
102765966,expanded_target_project,True,False
10277647,expanded_target_project,True,False
102792138,expanded_target_project,True,False
1028340,expanded_target_project,True,False
102969245,expanded_target_project,True,False
10302694,expanded_target_project,True,False
103115020,expanded_target_project,True,False
103172419,expanded_target_project,True,False
10319059,expanded_target_project,True,False
103195470,expanded_target_project,True,False
10320116,expanded_target_project,True,False
10323585,expanded_target_project,True,False
103275720,expanded_target_project,True,False
103506984,expanded_target_project,True,False
103530053,expanded_target_project,True,False
103603776,expanded_target_project,True,False
103619486,expanded_target_project,True,False
10364381,expanded_target_project,True,False
103706410,expanded_target_project,True,False
103940483,expanded_target_project,True,False
10394615,expanded_target_project,True,False
103980089,expanded_target_project,True,False
104061241,expanded_target_project,True,False
104064722,expanded_target_project,True,False
104110775,expanded_target_project,True,False
10416648,expanded_target_project,True,False
104231541,expanded_target_project,True,False
104327447,expanded_target_project,True,False
104354828,expanded_target_project,True,False
10437688,expanded_target_project,True,False
1045976,expanded_target_project,True,False
105066063,expanded_target_project,True,False
105069363,expanded_target_project,True,False
105088940,expanded_target_project,True,False
1050944,seed_project,True,False
105195750,expanded_target_project,True,False
10522120,expanded_target_project,True,False
105262714,expanded_target_project,True,False
105300706,expanded_target_project,True,False
105379569,expanded_target_project,True,False
105672026,expanded_target_project,True,False
105711679,expanded_target_project,True,False
105712749,expanded_target_project,True,False
105769029,expanded_target_project,True,False
1059430,expanded_target_project,True,False
105944401,seed_project,True,False
105963253,expanded_target_project,True,False
106016020,expanded_target_project,True,False
106024057,expanded_target_project,True,False
106060031,expanded_target_project,True,False
10610797,expanded_target_project,True,False
106192858,expanded_target_project,True,False
106239956,expanded_target_project,True,False
1062572,expanded_target_project,True,False
106263946,expanded_target_project,True,False
1062897,expanded_target_project,True,False
106310,expanded_target_project,True,False
10637893,expanded_target_project,True,False
10637896,expanded_target_project,True,False
106402526,expanded_target_project,True,False
1064563,expanded_target_project,True,False
106481151,expanded_target_project,True,False
10649374,expanded_target_project,True,False
106520420,expanded_target_project,True,False
106698888,expanded_target_project,True,False
106737290,expanded_target_project,True,False
106805892,expanded_target_project,True,False
106898220,expanded_target_project,True,False
10691398,expanded_target_project,True,False
10744183,expanded_target_project,True,False
10746583,expanded_target_project,True,False
107505869,expanded_target_project,True,False
10757154,expanded_target_project,True,False
107708884,expanded_target_project,True,False
107775870,expanded_target_project,True,False
107914493,expanded_target_project,True,False
108050,expanded_target_project,True,False
10805187,expanded_target_project,True,False
108110,seed_project,True,False
108110706,expanded_target_project,True,False
108169607,expanded_target_project,True,False
108187130,expanded_target_project,True,False
108306129,expanded_target_project,True,False
10835647,expanded_target_project,True,False
10854028,expanded_target_project,True,False
108761645,expanded_target_project,True,False
108764455,expanded_target_project,True,False
10885469,expanded_target_project,True,False
108883568,expanded_target_project,True,False
108883966,expanded_target_project,True,False
108908685,expanded_target_project,True,False
108920680,expanded_target_project,True,False
108979839,expanded_target_project,True,False
109145553,expanded_target_project,True,False
109162639,expanded_target_project,True,False
109330128,expanded_target_project,True,False
109401999,expanded_target_project,True,False
109404010,expanded_target_project,True,False
109404123,expanded_target_project,True,False
109480449,expanded_target_project,True,False
109711622,expanded_target_project,True,False
109803086,expanded_target_project,True,False
10985948,expanded_target_project,True,False
1099265,expanded_target_project,True,False
109997238,expanded_target_project,True,False
110020935,expanded_target_project,True,False
11002815,expanded_target_project,True,False
11006053,expanded_target_project,True,False
11008207,seed_project,True,False
110100447,expanded_target_project,True,False
11031412,expanded_target_project,True,False
1103607,expanded_target_project,True,False
110613089,expanded_target_project,True,False
11061773,expanded_target_project,True,False
110772190,expanded_target_project,True,False
110902512,expanded_target_project,True,False
11125589,expanded_target_project,True,False
11131631,expanded_target_project,True,False
111333972,seed_project,True,False
111364256,expanded_target_project,True,False
111431261,expanded_target_project,True,False
111465030,expanded_target_project,True,False
111510376,expanded_target_project,True,False
11162159,expanded_target_project,True,False
111641659,expanded_target_project,True,False
11171548,expanded_target_project,True,False
111860063,expanded_target_project,True,False
11203131,expanded_target_project,True,False
11206255,expanded_target_project,True,False
11208105,expanded_target_project,True,False
11208890,expanded_target_project,True,False
112100818,expanded_target_project,True,False
112219764,expanded_target_project,True,False
11225014,seed_project,True,False
11225909,expanded_target_project,True,False
112302758,expanded_target_project,True,False
11233996,expanded_target_project,True,False
1123727,expanded_target_project,True,False
11247824,expanded_target_project,True,False
112504288,expanded_target_project,True,False
1126087,expanded_target_project,True,False
11262602,expanded_target_project,True,False
112638589,expanded_target_project,True,False
112655189,expanded_target_project,True,False
112736538,expanded_target_project,True,False
11293703,expanded_target_project,True,False
113089820,expanded_target_project,True,False
11309795,expanded_target_project,True,False
113100288,expanded_target_project,True,False
113106184,expanded_target_project,True,False
113111202,expanded_target_project,True,False
113455762,expanded_target_project,True,False
113512596,expanded_target_project,True,False
11362278,expanded_target_project,True,False
113677956,expanded_target_project,True,False
113677984,expanded_target_project,True,False
113678060,expanded_target_project,True,False
113678093,expanded_target_project,True,False
113678112,expanded_target_project,True,False
113678133,expanded_target_project,True,False
113678153,expanded_target_project,True,False
113678275,expanded_target_project,True,False
113678303,expanded_target_project,True,False
113678351,expanded_target_project,True,False
113678408,expanded_target_project,True,False
113678674,expanded_target_project,True,False
113678772,expanded_target_project,True,False
113678857,expanded_target_project,True,False
113678874,expanded_target_project,True,False
11369509,expanded_target_project,True,False
113701924,expanded_target_project,True,False
11380094,seed_project,True,False
11384368,expanded_target_project,True,False
113912678,expanded_target_project,True,False
113918130,expanded_target_project,True,False
11393110,expanded_target_project,True,False
114023960,expanded_target_project,True,False
11403699,expanded_target_project,True,False
11408729,expanded_target_project,True,False
114187903,seed_project,True,False
114312965,expanded_target_project,True,False
114363116,expanded_target_project,True,False
11445479,expanded_target_project,True,False
11452538,expanded_target_project,True,False
11452676,expanded_target_project,True,False
114577229,expanded_target_project,True,False
114619105,seed_project,True,False
114682244,expanded_target_project,True,False
114705574,expanded_target_project,True,False
114705611,expanded_target_project,True,False
114735865,expanded_target_project,True,False
11481074,expanded_target_project,True,False
11482978,expanded_target_project,True,False
11486644,expanded_target_project,True,False
1148753,expanded_target_project,True,False
114948816,expanded_target_project,True,False
115039706,expanded_target_project,True,False
115191628,expanded_target_project,True,False
115316912,expanded_target_project,True,False
115575640,expanded_target_project,True,False
115740402,expanded_target_project,True,False
115758461,expanded_target_project,True,False
115969499,expanded_target_project,True,False
11597120,expanded_target_project,True,False
11599760,expanded_target_project,True,False
116038660,expanded_target_project,True,False
11608365,expanded_target_project,True,False
116140523,expanded_target_project,True,False
116165188,expanded_target_project,True,False
116259506,expanded_target_project,True,False
11633363,expanded_target_project,True,False
116522453,seed_project,True,False
11654790,seed_project,True,False
116585275,expanded_target_project,True,False
116641240,expanded_target_project,True,False
116659368,expanded_target_project,True,False
11676453,expanded_target_project,True,False
116867981,expanded_target_project,True,False
116871310,expanded_target_project,True,False
116955501,expanded_target_project,True,False
11695619,seed_project,True,False
11696086,expanded_target_project,True,False
11696117,expanded_target_project,True,False
116995448,expanded_target_project,True,False
11708465,expanded_target_project,True,False
11726616,expanded_target_project,True,False
117380983,expanded_target_project,True,False
11749475,expanded_target_project,True,False
11753735,expanded_target_project,True,False
117701523,expanded_target_project,True,False
117906003,expanded_target_project,True,False
117965972,expanded_target_project,True,False
118105436,expanded_target_project,True,False
118498743,expanded_target_project,True,False
118517813,expanded_target_project,True,False
118649335,expanded_target_project,True,False
118668940,expanded_target_project,True,False
118764574,expanded_target_project,True,False
1187853,expanded_target_project,True,False
11892534,expanded_target_project,True,False
119205516,expanded_target_project,True,False
119272629,expanded_target_project,True,False
11939484,expanded_target_project,True,False
1194027,expanded_target_project,True,False
119419195,expanded_target_project,True,False
119439276,expanded_target_project,True,False
119460813,expanded_target_project,True,False
119590498,expanded_target_project,True,False
11966919,expanded_target_project,True,False
11974348,expanded_target_project,True,False
119818775,expanded_target_project,True,False
120011481,expanded_target_project,True,False
120157734,expanded_target_project,True,False
120325908,expanded_target_project,True,False
1204125,expanded_target_project,True,False
120511966,expanded_target_project,True,False
120538653,expanded_target_project,True,False
120606279,expanded_target_project,True,False
120627608,expanded_target_project,True,False
1207300,expanded_target_project,True,False
12079212,expanded_target_project,True,False
12080551,expanded_target_project,True,False
120894,expanded_target_project,True,False
120938309,expanded_target_project,True,False
1210290,expanded_target_project,True,False
121086193,expanded_target_project,True,False
121236494,expanded_target_project,True,False
121337784,expanded_target_project,True,False
12140830,expanded_target_project,True,False
121554427,expanded_target_project,True,False
121587063,expanded_target_project,True,False
121663790,expanded_target_project,True,False
121676470,expanded_target_project,True,False
12179494,expanded_target_project,True,False
121834895,expanded_target_project,True,False
121870635,expanded_target_project,True,False
121898717,expanded_target_project,True,False
12191244,expanded_target_project,True,False
122193808,expanded_target_project,True,False
122235145,expanded_target_project,True,False
122282812,expanded_target_project,True,False
122505634,expanded_target_project,True,False
122508361,expanded_target_project,True,False
122782022,expanded_target_project,True,False
123020983,expanded_target_project,True,False
123068215,expanded_target_project,True,False
123148813,expanded_target_project,True,False
123303402,expanded_target_project,True,False
123345344,expanded_target_project,True,False
123410,expanded_target_project,True,False
12344532,expanded_target_project,True,False
123475536,expanded_target_project,True,False
123518148,expanded_target_project,True,False
123590537,expanded_target_project,True,False
123649788,expanded_target_project,True,False
123684665,expanded_target_project,True,False
123690489,expanded_target_project,True,False
12390121,expanded_target_project,True,False
123986201,expanded_target_project,True,False
123993596,expanded_target_project,True,False
124042164,expanded_target_project,True,False
12421065,expanded_target_project,True,False
12426527,expanded_target_project,True,False
124275922,expanded_target_project,True,False
124290783,expanded_target_project,True,False
124315604,seed_project,True,False
12440855,expanded_target_project,True,False
124409889,expanded_target_project,True,False
124417205,expanded_target_project,True,False
124564425,expanded_target_project,True,False
124602093,expanded_target_project,True,False
124657854,expanded_target_project,True,False
124701774,expanded_target_project,True,False
124802455,expanded_target_project,True,False
12488647,expanded_target_project,True,False
12488845,expanded_target_project,True,False
12499251,expanded_target_project,True,False
125234630,seed_project,True,False
125238132,expanded_target_project,True,False
125266328,expanded_target_project,True,False
125366028,expanded_target_project,True,False
12550138,expanded_target_project,True,False
1257070,expanded_target_project,True,False
12574344,expanded_target_project,True,False
125824259,seed_project,True,False
12584841,expanded_target_project,True,False
125863507,expanded_target_project,True,False
126215645,expanded_target_project,True,False
126238614,expanded_target_project,True,False
126250425,expanded_target_project,True,False
126382836,expanded_target_project,True,False
126412363,expanded_target_project,True,False
126465227,expanded_target_project,True,False
12682522,expanded_target_project,True,False
126914245,expanded_target_project,True,False
127026401,expanded_target_project,True,False
127101557,expanded_target_project,True,False
12711522,expanded_target_project,True,False
12712630,expanded_target_project,True,False
127201711,expanded_target_project,True,False
127224346,expanded_target_project,True,False
127268366,expanded_target_project,True,False
127420809,expanded_target_project,True,False
127425805,expanded_target_project,True,False
12791642,expanded_target_project,True,False
128089774,expanded_target_project,True,False
128096570,expanded_target_project,True,False
128529416,expanded_target_project,True,False
128693525,expanded_target_project,True,False
1287669,expanded_target_project,True,False
128778692,expanded_target_project,True,False
128842710,expanded_target_project,True,False
128887107,expanded_target_project,True,False
129072319,seed_project,True,False
129137599,expanded_target_project,True,False
12920091,expanded_target_project,True,False
129436009,seed_project,True,False
129449094,expanded_target_project,True,False
129549229,expanded_target_project,True,False
1295612,expanded_target_project,True,False
129563456,expanded_target_project,True,False
129640825,expanded_target_project,True,False
129648001,expanded_target_project,True,False
129717717,expanded_target_project,True,False
12974177,expanded_target_project,True,False
129883659,expanded_target_project,True,False
129954828,expanded_target_project,True,False
130013,expanded_target_project,True,False
130040931,expanded_target_project,True,False
130084383,expanded_target_project,True,False
130107902,expanded_target_project,True,False
130140573,expanded_target_project,True,False
130237506,expanded_target_project,True,False
1303538,expanded_target_project,True,False
130370449,expanded_target_project,True,False
130386123,expanded_target_project,True,False
130546049,expanded_target_project,True,False
13057937,expanded_target_project,True,False
130688011,seed_project,True,False
130727736,expanded_target_project,True,False
13078968,expanded_target_project,True,False
130865762,expanded_target_project,True,False
13092745,expanded_target_project,True,False
131014812,expanded_target_project,True,False
13124802,seed_project,True,False
131339601,expanded_target_project,True,False
131347954,expanded_target_project,True,False
131364545,expanded_target_project,True,False
131389850,expanded_target_project,True,False
131403312,expanded_target_project,True,False
13150250,expanded_target_project,True,False
131584258,expanded_target_project,True,False
131738270,expanded_target_project,True,False
131763823,seed_project,True,False
13191344,expanded_target_project,True,False
132057885,expanded_target_project,True,False
132145189,expanded_target_project,True,False
13222351,expanded_target_project,True,False
132232698,expanded_target_project,True,False
132313422,expanded_target_project,True,False
13238459,expanded_target_project,True,False
132518310,expanded_target_project,True,False
1325587,expanded_target_project,True,False
13258039,expanded_target_project,True,False
13273703,expanded_target_project,True,False
132776693,expanded_target_project,True,False
133067498,expanded_target_project,True,False
133092972,expanded_target_project,True,False
13310527,expanded_target_project,True,False
133134007,expanded_target_project,True,False
133238084,expanded_target_project,True,False
133275023,expanded_target_project,True,False
133411492,expanded_target_project,True,False
133431470,expanded_target_project,True,False
133442384,expanded_target_project,True,False
1334607,expanded_target_project,True,False
133491254,expanded_target_project,True,False
13379995,expanded_target_project,True,False
134018330,expanded_target_project,True,False
13404515,expanded_target_project,True,False
1341324,expanded_target_project,True,False
134262408,expanded_target_project,True,False
134603838,expanded_target_project,True,False
134683798,expanded_target_project,True,False
134862372,expanded_target_project,True,False
135060366,expanded_target_project,True,False
135175513,expanded_target_project,True,False
135201145,expanded_target_project,True,False
13524719,expanded_target_project,True,False
135356868,expanded_target_project,True,False
13539049,expanded_target_project,True,False
135618791,expanded_target_project,True,False
1357199,expanded_target_project,True,False
1357796,expanded_target_project,True,False
135798749,expanded_target_project,True,False
135900664,expanded_target_project,True,False
136060027,expanded_target_project,True,False
1361792,expanded_target_project,True,False
136202695,expanded_target_project,True,False
13624859,expanded_target_project,True,False
1362490,expanded_target_project,True,False
1362764,expanded_target_project,True,False
13628513,expanded_target_project,True,False
136494223,expanded_target_project,True,False
136510559,expanded_target_project,True,False
13655592,expanded_target_project,True,False
13655949,expanded_target_project,True,False
1367055,expanded_target_project,True,False
13674972,expanded_target_project,True,False
136806005,expanded_target_project,True,False
1368195,expanded_target_project,True,False
136926865,expanded_target_project,True,False
137101956,expanded_target_project,True,False
137137466,expanded_target_project,True,False
137247827,expanded_target_project,True,False
137255598,expanded_target_project,True,False
1372698,expanded_target_project,True,False
137362393,expanded_target_project,True,False
1374129,seed_project,True,False
137430744,expanded_target_project,True,False
137444487,expanded_target_project,True,False
13745124,expanded_target_project,True,False
137451403,expanded_target_project,True,False
137724480,expanded_target_project,True,False
137814779,expanded_target_project,True,False
137855319,expanded_target_project,True,False
137869753,seed_project,True,False
13793886,expanded_target_project,True,False
138105554,expanded_target_project,True,False
138290517,expanded_target_project,True,False
138411034,seed_project,True,False
13855476,expanded_target_project,True,False
138596205,expanded_target_project,True,False
138597372,expanded_target_project,True,False
13868694,expanded_target_project,True,False
138707242,expanded_target_project,True,False
138717670,expanded_target_project,True,False
138754790,seed_project,True,False
1388495,expanded_target_project,True,False
138867419,expanded_target_project,True,False
139076329,expanded_target_project,True,False
139201883,expanded_target_project,True,False
139314347,expanded_target_project,True,False
139405400,expanded_target_project,True,False
139499718,expanded_target_project,True,False
139543029,expanded_target_project,True,False
139545213,expanded_target_project,True,False
1397974,expanded_target_project,True,False
139914932,expanded_target_project,True,False
139969620,expanded_target_project,True,False
13998001,expanded_target_project,True,False
140029949,expanded_target_project,True,False
14003349,expanded_target_project,True,False
140034345,expanded_target_project,True,False
140053781,expanded_target_project,True,False
14008364,expanded_target_project,True,False
1402936,expanded_target_project,True,False
140325970,expanded_target_project,True,False
140482476,expanded_target_project,True,False
140609832,expanded_target_project,True,False
140656334,expanded_target_project,True,False
14076122,expanded_target_project,True,False
14115755,expanded_target_project,True,False
14125254,expanded_target_project,True,False
14128006,expanded_target_project,True,False
141339868,expanded_target_project,True,False
141345580,expanded_target_project,True,False
14135470,expanded_target_project,True,False
141376301,seed_project,True,False
14143026,expanded_target_project,True,False
141451032,expanded_target_project,True,False
141621344,expanded_target_project,True,False
14173176,expanded_target_project,True,False
141846986,expanded_target_project,True,False
141877580,expanded_target_project,True,False
142017296,expanded_target_project,True,False
14210523,expanded_target_project,True,False
14212940,expanded_target_project,True,False
142161875,expanded_target_project,True,False
142369435,expanded_target_project,True,False
14243858,expanded_target_project,True,False
142473200,expanded_target_project,True,False
1425437,expanded_target_project,True,False
142720484,expanded_target_project,True,False
14281190,expanded_target_project,True,False
142890794,expanded_target_project,True,False
143040428,expanded_target_project,True,False
14313288,expanded_target_project,True,False
143220272,expanded_target_project,True,False
143253020,seed_project,True,False
143262333,expanded_target_project,True,False
143321848,expanded_target_project,True,False
143328315,expanded_target_project,True,False
143344440,expanded_target_project,True,False
143379187,expanded_target_project,True,False
143436277,seed_project,True,False
14367737,expanded_target_project,True,False
143839054,expanded_target_project,True,False
143840299,expanded_target_project,True,False
143841882,expanded_target_project,True,False
143867478,expanded_target_project,True,False
14389056,expanded_target_project,True,False
14401179,expanded_target_project,True,False
144025618,expanded_target_project,True,False
144073539,expanded_target_project,True,False
144092408,expanded_target_project,True,False
144108814,expanded_target_project,True,False
144403787,expanded_target_project,True,False
144419645,expanded_target_project,True,False
14447732,expanded_target_project,True,False
144573225,expanded_target_project,True,False
1446467,expanded_target_project,True,False
144708327,expanded_target_project,True,False
144749268,expanded_target_project,True,False
144751911,expanded_target_project,True,False
144752087,expanded_target_project,True,False
144952955,expanded_target_project,True,False
144987904,expanded_target_project,True,False
144999365,expanded_target_project,True,False
1450115,expanded_target_project,True,False
145036770,expanded_target_project,True,False
145076038,expanded_target_project,True,False
14509169,expanded_target_project,True,False
1451352,expanded_target_project,True,False
145156191,expanded_target_project,True,False
145263040,expanded_target_project,True,False
145303551,expanded_target_project,True,False
14532176,expanded_target_project,True,False
145434487,expanded_target_project,True,False
145749701,expanded_target_project,True,False
145880460,expanded_target_project,True,False
1458923,expanded_target_project,True,False
145900295,expanded_target_project,True,False
14594941,expanded_target_project,True,False
145976381,expanded_target_project,True,False
1460385,expanded_target_project,True,False
146116598,expanded_target_project,True,False
14624255,expanded_target_project,True,False
14627445,expanded_target_project,True,False
146285756,expanded_target_project,True,False
146285827,expanded_target_project,True,False
146313205,expanded_target_project,True,False
146327667,expanded_target_project,True,False
146459443,seed_project,True,False
146468829,expanded_target_project,True,False
146510094,expanded_target_project,True,False
146575135,expanded_target_project,True,False
146678664,expanded_target_project,True,False
146722095,expanded_target_project,True,False
1468280,expanded_target_project,True,False
146879533,expanded_target_project,True,False
14696091,expanded_target_project,True,False
147069330,expanded_target_project,True,False
147069989,expanded_target_project,True,False
147195610,expanded_target_project,True,False
147213800,expanded_target_project,True,False
147342506,expanded_target_project,True,False
147511063,expanded_target_project,True,False
147566119,expanded_target_project,True,False
147740437,expanded_target_project,True,False
147767244,expanded_target_project,True,False
147809547,expanded_target_project,True,False
147850769,expanded_target_project,True,False
147880351,seed_project,True,False
147963112,expanded_target_project,True,False
148087762,seed_project,True,False
14812631,expanded_target_project,True,False
14812739,expanded_target_project,True,False
148137989,expanded_target_project,True,False
148253885,expanded_target_project,True,False
14829536,expanded_target_project,True,False
1483979,expanded_target_project,True,False
148464499,expanded_target_project,True,False
148546580,expanded_target_project,True,False
148666822,expanded_target_project,True,False
148698815,expanded_target_project,True,False
148723815,expanded_target_project,True,False
149026292,expanded_target_project,True,False
14904540,expanded_target_project,True,False
149121954,expanded_target_project,True,False
149199408,expanded_target_project,True,False
1493089,expanded_target_project,True,False
14934771,expanded_target_project,True,False
149355527,expanded_target_project,True,False
149638165,expanded_target_project,True,False
149782046,expanded_target_project,True,False
149824037,expanded_target_project,True,False
15001136,seed_project,True,False
150013328,seed_project,True,False
150110305,expanded_target_project,True,False
150154628,expanded_target_project,True,False
150225803,expanded_target_project,True,False
150307921,expanded_target_project,True,False
150444746,expanded_target_project,True,False
15045751,expanded_target_project,True,False
150468186,expanded_target_project,True,False
15056182,expanded_target_project,True,False
15062869,expanded_target_project,True,False
150954997,seed_project,True,False
150988662,expanded_target_project,True,False
151068206,expanded_target_project,True,False
15111821,expanded_target_project,True,False
151122650,expanded_target_project,True,False
15122806,expanded_target_project,True,False
151231787,expanded_target_project,True,False
151233646,expanded_target_project,True,False
1512899,expanded_target_project,True,False
151298737,expanded_target_project,True,False
151455245,expanded_target_project,True,False
151619717,expanded_target_project,True,False
151717145,expanded_target_project,True,False
151740965,expanded_target_project,True,False
151760169,expanded_target_project,True,False
15176189,expanded_target_project,True,False
151832185,expanded_target_project,True,False
151846403,expanded_target_project,True,False
151898169,expanded_target_project,True,False
152034043,expanded_target_project,True,False
15208514,expanded_target_project,True,False
15213446,expanded_target_project,True,False
1523106,expanded_target_project,True,False
152424770,expanded_target_project,True,False
153180924,expanded_target_project,True,False
153279483,expanded_target_project,True,False
153315627,expanded_target_project,True,False
15345331,expanded_target_project,True,False
153460371,expanded_target_project,True,False
15357351,expanded_target_project,True,False
153694833,expanded_target_project,True,False
1538047,expanded_target_project,True,False
153882884,expanded_target_project,True,False
15389347,expanded_target_project,True,False
153996559,expanded_target_project,True,False
1539978,expanded_target_project,True,False
154318300,expanded_target_project,True,False
15437182,expanded_target_project,True,False
154422394,expanded_target_project,True,False
15450627,expanded_target_project,True,False
15452919,expanded_target_project,True,False
154606109,expanded_target_project,True,False
154743215,expanded_target_project,True,False
154744163,expanded_target_project,True,False
154832451,expanded_target_project,True,False
154962060,expanded_target_project,True,False
15500883,expanded_target_project,True,False
15502383,expanded_target_project,True,False
15510677,expanded_target_project,True,False
155119796,expanded_target_project,True,False
155136567,expanded_target_project,True,False
155220641,expanded_target_project,True,False
155240458,expanded_target_project,True,False
155243481,expanded_target_project,True,False
155286170,expanded_target_project,True,False
155368246,expanded_target_project,True,False
155379486,expanded_target_project,True,False
155609504,expanded_target_project,True,False
155652490,expanded_target_project,True,False
155740984,expanded_target_project,True,False
155749886,expanded_target_project,True,False
155858802,expanded_target_project,True,False
155941061,expanded_target_project,True,False
156018,seed_project,True,False
156066420,expanded_target_project,True,False
156108485,expanded_target_project,True,False
156111871,expanded_target_project,True,False
156204572,expanded_target_project,True,False
15625834,expanded_target_project,True,False
156599958,expanded_target_project,True,False
156606443,expanded_target_project,True,False
15661465,expanded_target_project,True,False
156939672,expanded_target_project,True,False
156968527,expanded_target_project,True,False
157008425,expanded_target_project,True,False
15730865,expanded_target_project,True,False
157310998,expanded_target_project,True,False
157397583,expanded_target_project,True,False
157422219,expanded_target_project,True,False
157463841,expanded_target_project,True,False
157514605,expanded_target_project,True,False
1575956,expanded_target_project,True,False
157629873,expanded_target_project,True,False
157680689,expanded_target_project,True,False
157821911,expanded_target_project,True,False
157827731,expanded_target_project,True,False
15785507,expanded_target_project,True,False
157863033,expanded_target_project,True,False
157919688,expanded_target_project,True,False
15807269,expanded_target_project,True,False
15823460,expanded_target_project,True,False
158256479,expanded_target_project,True,False
158310651,expanded_target_project,True,False
158403775,expanded_target_project,True,False
158437146,expanded_target_project,True,False
158477175,expanded_target_project,True,False
15861701,expanded_target_project,True,False
158756762,expanded_target_project,True,False
1588844,expanded_target_project,True,False
158906962,expanded_target_project,True,False
158975124,seed_project,True,False
159005377,expanded_target_project,True,False
159049339,expanded_target_project,True,False
159109434,expanded_target_project,True,False
159271175,expanded_target_project,True,False
159294525,expanded_target_project,True,False
159351868,expanded_target_project,True,False
159548561,expanded_target_project,True,False
159568404,expanded_target_project,True,False
159907380,expanded_target_project,True,False
15992970,expanded_target_project,True,False
15993599,expanded_target_project,True,False
15993609,expanded_target_project,True,False
15993612,expanded_target_project,True,False
15993613,expanded_target_project,True,False
15993616,expanded_target_project,True,False
15993618,expanded_target_project,True,False
16019737,expanded_target_project,True,False
160253491,expanded_target_project,True,False
160367623,expanded_target_project,True,False
1604991,expanded_target_project,True,False
160528020,seed_project,True,False
160615620,expanded_target_project,True,False
160689777,expanded_target_project,True,False
160735013,expanded_target_project,True,False
160784930,expanded_target_project,True,False
160919119,expanded_target_project,True,False
160999,seed_project,True,False
161001,expanded_target_project,True,False
161155314,expanded_target_project,True,False
161407222,expanded_target_project,True,False
161525880,expanded_target_project,True,False
161674141,expanded_target_project,True,False
161681291,expanded_target_project,True,False
161689193,expanded_target_project,True,False
161843366,expanded_target_project,True,False
16189524,seed_project,True,False
161951219,expanded_target_project,True,False
161979323,expanded_target_project,True,False
16211818,expanded_target_project,True,False
162168274,expanded_target_project,True,False
162201964,expanded_target_project,True,False
162484658,expanded_target_project,True,False
162548942,expanded_target_project,True,False
1625986,expanded_target_project,True,False
162643764,expanded_target_project,True,False
162725910,expanded_target_project,True,False
162864176,expanded_target_project,True,False
162869571,expanded_target_project,True,False
16287235,expanded_target_project,True,False
16296100,expanded_target_project,True,False
163071182,expanded_target_project,True,False
16309670,expanded_target_project,True,False
163185206,expanded_target_project,True,False
163387337,expanded_target_project,True,False
16345015,expanded_target_project,True,False
163568212,expanded_target_project,True,False
163653257,expanded_target_project,True,False
163847389,expanded_target_project,True,False
163853205,expanded_target_project,True,False
163883279,expanded_target_project,True,False
164008820,expanded_target_project,True,False
164026325,expanded_target_project,True,False
164047061,expanded_target_project,True,False
164074287,expanded_target_project,True,False
164267980,expanded_target_project,True,False
16431132,expanded_target_project,True,False
164354270,expanded_target_project,True,False
1644196,expanded_target_project,True,False
1646466,expanded_target_project,True,False
164668916,expanded_target_project,True,False
164789751,expanded_target_project,True,False
164896915,expanded_target_project,True,False
16489874,expanded_target_project,True,False
164999650,expanded_target_project,True,False
165021340,expanded_target_project,True,False
165087274,expanded_target_project,True,False
165092572,expanded_target_project,True,False
16514887,expanded_target_project,True,False
16523712,expanded_target_project,True,False
165289175,expanded_target_project,True,False
165332779,expanded_target_project,True,False
165478163,expanded_target_project,True,False
165536154,expanded_target_project,True,False
16554739,expanded_target_project,True,False
165561258,expanded_target_project,True,False
16556373,expanded_target_project,True,False
16563587,seed_project,True,False
165758293,expanded_target_project,True,False
16587283,expanded_target_project,True,False
165954705,expanded_target_project,True,False
165957180,expanded_target_project,True,False
16597023,expanded_target_project,True,False
166244463,expanded_target_project,True,False
166274005,expanded_target_project,True,False
166282681,expanded_target_project,True,False
166314916,expanded_target_project,True,False
166319643,expanded_target_project,True,False
166363507,expanded_target_project,True,False
166387176,seed_project,True,False
166397747,expanded_target_project,True,False
166480286,expanded_target_project,True,False
166483718,expanded_target_project,True,False
166515022,seed_project,True,False
16652218,expanded_target_project,True,False
166545969,expanded_target_project,True,False
166571755,expanded_target_project,True,False
166575621,expanded_target_project,True,False
1666245,expanded_target_project,True,False
166763279,expanded_target_project,True,False
167017214,expanded_target_project,True,False
1670832,expanded_target_project,True,False
167093203,expanded_target_project,True,False
167317243,expanded_target_project,True,False
16740838,expanded_target_project,True,False
167499157,expanded_target_project,True,False
167553735,expanded_target_project,True,False
167596974,expanded_target_project,True,False
167615437,expanded_target_project,True,False
167666671,expanded_target_project,True,False
167756292,expanded_target_project,True,False
167839176,expanded_target_project,True,False
167926123,expanded_target_project,True,False
167949879,expanded_target_project,True,False
16795933,expanded_target_project,True,False
168011367,expanded_target_project,True,False
168043047,expanded_target_project,True,False
1680733,expanded_target_project,True,False
1680909,expanded_target_project,True,False
168183392,expanded_target_project,True,False
168370,expanded_target_project,True,False
168712350,seed_project,True,False
168736310,expanded_target_project,True,False
168736372,expanded_target_project,True,False
168870773,expanded_target_project,True,False
16907502,expanded_target_project,True,False
169087223,expanded_target_project,True,False
16916235,expanded_target_project,True,False
169454043,expanded_target_project,True,False
169608259,expanded_target_project,True,False
169656159,expanded_target_project,True,False
169677297,expanded_target_project,True,False
16980777,expanded_target_project,True,False
16994340,expanded_target_project,True,False
17002442,expanded_target_project,True,False
170134290,expanded_target_project,True,False
170366344,expanded_target_project,True,False
170411418,expanded_target_project,True,False
170439169,expanded_target_project,True,False
170496871,seed_project,True,False
170570699,expanded_target_project,True,False
1705960,expanded_target_project,True,False
170681535,expanded_target_project,True,False
170740248,expanded_target_project,True,False
17085874,expanded_target_project,True,False
171396748,expanded_target_project,True,False
171460321,expanded_target_project,True,False
171486120,expanded_target_project,True,False
17165658,seed_project,True,False
17170044,expanded_target_project,True,False
17192780,expanded_target_project,True,False
172000765,expanded_target_project,True,False
172104891,expanded_target_project,True,False
172142138,expanded_target_project,True,False
172155554,expanded_target_project,True,False
17224514,seed_project,True,False
172281423,expanded_target_project,True,False
17234665,expanded_target_project,True,False
17238321,expanded_target_project,True,False
172401332,expanded_target_project,True,False
17241201,expanded_target_project,True,False
172421430,expanded_target_project,True,False
172456427,expanded_target_project,True,False
172491601,expanded_target_project,True,False
1725199,expanded_target_project,True,False
172705585,expanded_target_project,True,False
172750723,expanded_target_project,True,False
172799788,expanded_target_project,True,False
17286587,expanded_target_project,True,False
173009358,expanded_target_project,True,False
173055585,expanded_target_project,True,False
17310686,expanded_target_project,True,False
1731413,expanded_target_project,True,False
173228436,expanded_target_project,True,False
173431969,expanded_target_project,True,False
173454206,expanded_target_project,True,False
173458129,expanded_target_project,True,False
17359057,expanded_target_project,True,False
173709830,expanded_target_project,True,False
17372733,expanded_target_project,True,False
17381605,expanded_target_project,True,False
17391973,expanded_target_project,True,False
173952378,expanded_target_project,True,False
173972535,expanded_target_project,True,False
174204333,expanded_target_project,True,False
17420913,expanded_target_project,True,False
174265685,expanded_target_project,True,False
174378326,expanded_target_project,True,False
174381831,expanded_target_project,True,False
174417748,expanded_target_project,True,False
17451182,expanded_target_project,True,False
174522026,expanded_target_project,True,False
174581882,expanded_target_project,True,False
1746398,expanded_target_project,True,False
175096978,expanded_target_project,True,False
175100306,expanded_target_project,True,False
175129788,expanded_target_project,True,False
17516793,expanded_target_project,True,False
175232615,expanded_target_project,True,False
17527989,expanded_target_project,True,False
175296188,expanded_target_project,True,False
175425051,expanded_target_project,True,False
175458368,expanded_target_project,True,False
175592968,expanded_target_project,True,False
17559913,expanded_target_project,True,False
1756350,expanded_target_project,True,False
1756541,expanded_target_project,True,False
175910132,expanded_target_project,True,False
1759835,expanded_target_project,True,False
176172924,expanded_target_project,True,False
17620347,expanded_target_project,True,False
176278485,seed_project,True,False
176524785,expanded_target_project,True,False
176821351,expanded_target_project,True,False
177049645,expanded_target_project,True,False
177139928,expanded_target_project,True,False
17714713,expanded_target_project,True,False
177161203,expanded_target_project,True,False
17720373,expanded_target_project,True,False
177210627,expanded_target_project,True,False
177216640,expanded_target_project,True,False
177428838,expanded_target_project,True,False
17748183,expanded_target_project,True,False
177659629,expanded_target_project,True,False
177727591,expanded_target_project,True,False
178017670,expanded_target_project,True,False
1780633,expanded_target_project,True,False
17812502,expanded_target_project,True,False
178199416,expanded_target_project,True,False
178249461,expanded_target_project,True,False
178303050,expanded_target_project,True,False
178381879,expanded_target_project,True,False
178394770,expanded_target_project,True,False
178462204,expanded_target_project,True,False
178462340,expanded_target_project,True,False
178486642,expanded_target_project,True,False
178576091,expanded_target_project,True,False
178626720,expanded_target_project,True,False
178628673,expanded_target_project,True,False
178710662,expanded_target_project,True,False
178738123,expanded_target_project,True,False
17884290,expanded_target_project,True,False
178956163,expanded_target_project,True,False
178964735,expanded_target_project,True,False
178991158,expanded_target_project,True,False
179258435,expanded_target_project,True,False
179344069,expanded_target_project,True,False
179492861,expanded_target_project,True,False
179553396,expanded_target_project,True,False
179603362,expanded_target_project,True,False
179637219,expanded_target_project,True,False
179866722,expanded_target_project,True,False
18004019,expanded_target_project,True,False
180155433,expanded_target_project,True,False
180226750,expanded_target_project,True,False
18030517,expanded_target_project,True,False
1804055,expanded_target_project,True,False
180414458,expanded_target_project,True,False
180481986,expanded_target_project,True,False
180508509,expanded_target_project,True,False
180687624,expanded_target_project,True,False
1807659,expanded_target_project,True,False
180863671,expanded_target_project,True,False
18097275,expanded_target_project,True,False
18106269,expanded_target_project,True,False
18128548,expanded_target_project,True,False
181510702,expanded_target_project,True,False
181624025,expanded_target_project,True,False
181715383,expanded_target_project,True,False
181738376,expanded_target_project,True,False
18174590,expanded_target_project,True,False
181782286,expanded_target_project,True,False
18192493,expanded_target_project,True,False
18193978,expanded_target_project,True,False
181939935,expanded_target_project,True,False
18210201,expanded_target_project,True,False
182128122,expanded_target_project,True,False
182145736,expanded_target_project,True,False
182299236,expanded_target_project,True,False
182466444,expanded_target_project,True,False
18260583,expanded_target_project,True,False
182849188,seed_project,True,False
182926332,expanded_target_project,True,False
183030217,expanded_target_project,True,False
183095067,expanded_target_project,True,False
183126028,expanded_target_project,True,False
18314451,expanded_target_project,True,False
18320947,expanded_target_project,True,False
183247201,expanded_target_project,True,False
183302822,expanded_target_project,True,False
183365721,expanded_target_project,True,False
183477487,expanded_target_project,True,False
18351848,seed_project,True,False
183559023,expanded_target_project,True,False
18369373,expanded_target_project,True,False
183781681,expanded_target_project,True,False
183929744,seed_project,True,False
184128064,expanded_target_project,True,False
18413405,expanded_target_project,True,False
184148355,expanded_target_project,True,False
184149296,expanded_target_project,True,False
184227406,seed_project,True,False
184286875,expanded_target_project,True,False
184304089,expanded_target_project,True,False
184312964,expanded_target_project,True,False
184460,expanded_target_project,True,False
184463891,expanded_target_project,True,False
184484074,expanded_target_project,True,False
1845223,expanded_target_project,True,False
184635772,expanded_target_project,True,False
184636558,expanded_target_project,True,False
184654298,expanded_target_project,True,False
18469325,expanded_target_project,True,False
184734634,expanded_target_project,True,False
184792968,expanded_target_project,True,False
18492045,expanded_target_project,True,False
184955020,expanded_target_project,True,False
184981,seed_project,True,False
18506893,expanded_target_project,True,False
185240903,expanded_target_project,True,False
185278617,expanded_target_project,True,False
185478926,expanded_target_project,True,False
185651869,expanded_target_project,True,False
185861173,expanded_target_project,True,False
186022916,expanded_target_project,True,False
186332888,seed_project,True,False
186765948,expanded_target_project,True,False
186899882,expanded_target_project,True,False
186904487,expanded_target_project,True,False
187042471,expanded_target_project,True,False
187086161,expanded_target_project,True,False
187113923,expanded_target_project,True,False
18712703,expanded_target_project,True,False
187231162,expanded_target_project,True,False
187269923,expanded_target_project,True,False
1874483,expanded_target_project,True,False
187523334,expanded_target_project,True,False
18765044,expanded_target_project,True,False
187694683,expanded_target_project,True,False
187811455,expanded_target_project,True,False
187847963,expanded_target_project,True,False
18785884,expanded_target_project,True,False
187879115,expanded_target_project,True,False
187943341,expanded_target_project,True,False
18800032,seed_project,True,False
188057676,expanded_target_project,True,False
1885237,expanded_target_project,True,False
188779637,expanded_target_project,True,False
188811692,expanded_target_project,True,False
188828946,expanded_target_project,True,False
188836864,expanded_target_project,True,False
18891741,expanded_target_project,True,False
18893367,expanded_target_project,True,False
189012294,expanded_target_project,True,False
189029839,expanded_target_project,True,False
189044704,expanded_target_project,True,False
18906266,expanded_target_project,True,False
189447606,expanded_target_project,True,False
189476904,expanded_target_project,True,False
189621607,expanded_target_project,True,False
19000107,expanded_target_project,True,False
190051296,expanded_target_project,True,False
190163438,expanded_target_project,True,False
19016985,expanded_target_project,True,False
190198180,expanded_target_project,True,False
19030037,expanded_target_project,True,False
1903522,expanded_target_project,True,False
190416463,expanded_target_project,True,False
190478838,expanded_target_project,True,False
190704068,expanded_target_project,True,False
1908577,expanded_target_project,True,False
190994178,expanded_target_project,True,False
19101720,expanded_target_project,True,False
191163758,expanded_target_project,True,False
191249232,expanded_target_project,True,False
19128505,expanded_target_project,True,False
191316757,expanded_target_project,True,False
19138780,expanded_target_project,True,False
191461487,expanded_target_project,True,False
1915437,expanded_target_project,True,False
1916228,expanded_target_project,True,False
191655189,expanded_target_project,True,False
1917262,seed_project,True,False
191751505,expanded_target_project,True,False
191779319,expanded_target_project,True,False
191817804,expanded_target_project,True,False
191838304,expanded_target_project,True,False
191880399,expanded_target_project,True,False
191937949,expanded_target_project,True,False
191942768,expanded_target_project,True,False
191973776,expanded_target_project,True,False
191988685,expanded_target_project,True,False
192345200,expanded_target_project,True,False
192366753,expanded_target_project,True,False
19244865,expanded_target_project,True,False
19257422,seed_project,True,False
192587835,expanded_target_project,True,False
192624594,expanded_target_project,True,False
192625306,expanded_target_project,True,False
192625525,expanded_target_project,True,False
192625955,expanded_target_project,True,False
192626254,expanded_target_project,True,False
192631273,expanded_target_project,True,False
192689401,expanded_target_project,True,False
19271154,seed_project,True,False
192768713,expanded_target_project,True,False
192805335,expanded_target_project,True,False
192925833,expanded_target_project,True,False
192958794,expanded_target_project,True,False
193056466,expanded_target_project,True,False
19308738,expanded_target_project,True,False
1931356,expanded_target_project,True,False
193156399,expanded_target_project,True,False
193215554,expanded_target_project,True,False
19323986,expanded_target_project,True,False
19330466,expanded_target_project,True,False
19330736,expanded_target_project,True,False
193500153,expanded_target_project,True,False
193784341,expanded_target_project,True,False
193784379,expanded_target_project,True,False
193929371,expanded_target_project,True,False
19449303,expanded_target_project,True,False
194617274,expanded_target_project,True,False
194645305,expanded_target_project,True,False
194829679,expanded_target_project,True,False
19485249,expanded_target_project,True,False
195088274,expanded_target_project,True,False
19512853,expanded_target_project,True,False
195277793,expanded_target_project,True,False
195619075,seed_project,True,False
195747855,expanded_target_project,True,False
19582982,expanded_target_project,True,False
195895847,seed_project,True,False
195927552,expanded_target_project,True,False
196057608,expanded_target_project,True,False
19608522,expanded_target_project,True,False
19618350,expanded_target_project,True,False
196253599,expanded_target_project,True,False
196353673,seed_project,True,False
196358205,expanded_target_project,True,False
196414933,expanded_target_project,True,False
19641638,expanded_target_project,True,False
196555066,expanded_target_project,True,False
196587809,expanded_target_project,True,False
196629842,expanded_target_project,True,False
196639786,expanded_target_project,True,False
196650278,expanded_target_project,True,False
196680411,expanded_target_project,True,False
196758769,expanded_target_project,True,False
19684359,expanded_target_project,True,False
19689699,expanded_target_project,True,False
197015643,expanded_target_project,True,False
197077443,expanded_target_project,True,False
197139729,expanded_target_project,True,False
197176365,expanded_target_project,True,False
197220033,expanded_target_project,True,False
197281609,expanded_target_project,True,False
197299111,expanded_target_project,True,False
197367072,expanded_target_project,True,False
19746601,expanded_target_project,True,False
197584193,expanded_target_project,True,False
197658090,expanded_target_project,True,False
197709259,expanded_target_project,True,False
197730309,expanded_target_project,True,False
197814629,expanded_target_project,True,False
197858776,seed_project,True,False
19794451,expanded_target_project,True,False
198009353,expanded_target_project,True,False
19816070,seed_project,True,False
198288319,expanded_target_project,True,False
1983092,expanded_target_project,True,False
198350484,expanded_target_project,True,False
198466472,seed_project,True,False
198484780,expanded_target_project,True,False
198616978,expanded_target_project,True,False
198683574,seed_project,True,False
198711527,expanded_target_project,True,False
19873619,expanded_target_project,True,False
198802259,expanded_target_project,True,False
198966166,expanded_target_project,True,False
199041238,expanded_target_project,True,False
199060308,expanded_target_project,True,False
1993762,expanded_target_project,True,False
199398069,expanded_target_project,True,False
199488860,expanded_target_project,True,False
19953044,expanded_target_project,True,False
19961085,seed_project,True,False
199684110,expanded_target_project,True,False
199703788,expanded_target_project,True,False
19975250,expanded_target_project,True,False
199813084,expanded_target_project,True,False
199863976,expanded_target_project,True,False
199921433,expanded_target_project,True,False
199940050,expanded_target_project,True,False
199997323,expanded_target_project,True,False
200030123,expanded_target_project,True,False
20015974,expanded_target_project,True,False
200259335,expanded_target_project,True,False
200271950,expanded_target_project,True,False
200299178,expanded_target_project,True,False
20031333,expanded_target_project,True,False
200346067,expanded_target_project,True,False
2003641,expanded_target_project,True,False
20037550,expanded_target_project,True,False
200437066,expanded_target_project,True,False
200458979,expanded_target_project,True,False
200511807,expanded_target_project,True,False
200663555,expanded_target_project,True,False
200696780,expanded_target_project,True,False
20072342,expanded_target_project,True,False
20078379,expanded_target_project,True,False
20089857,seed_project,True,False
20101515,expanded_target_project,True,False
201103120,expanded_target_project,True,False
201118306,expanded_target_project,True,False
201284004,expanded_target_project,True,False
201284016,expanded_target_project,True,False
201403923,seed_project,True,False
201441751,expanded_target_project,True,False
201455508,expanded_target_project,True,False
201517171,expanded_target_project,True,False
201584981,expanded_target_project,True,False
20188259,expanded_target_project,True,False
201885288,expanded_target_project,True,False
201975309,expanded_target_project,True,False
202061775,expanded_target_project,True,False
202127068,expanded_target_project,True,False
20236160,expanded_target_project,True,False
202379383,expanded_target_project,True,False
20245398,expanded_target_project,True,False
20248082,expanded_target_project,True,False
20248084,expanded_target_project,True,False
202483348,expanded_target_project,True,False
20275545,expanded_target_project,True,False
202769902,expanded_target_project,True,False
202936427,expanded_target_project,True,False
20300177,expanded_target_project,True,False
20312497,expanded_target_project,True,False
203132746,expanded_target_project,True,False
203150729,expanded_target_project,True,False
20321688,expanded_target_project,True,False
203259544,expanded_target_project,True,False
2032665,expanded_target_project,True,False
203267660,expanded_target_project,True,False
203410297,expanded_target_project,True,False
203461509,expanded_target_project,True,False
203461790,expanded_target_project,True,False
203537234,expanded_target_project,True,False
203553224,expanded_target_project,True,False
203589409,expanded_target_project,True,False
20364355,expanded_target_project,True,False
203668074,expanded_target_project,True,False
203697873,expanded_target_project,True,False
203863933,expanded_target_project,True,False
20388420,expanded_target_project,True,False
204009988,expanded_target_project,True,False
204020546,expanded_target_project,True,False
204033634,expanded_target_project,True,False
204086862,expanded_target_project,True,False
20415251,expanded_target_project,True,False
204253808,expanded_target_project,True,False
204513717,expanded_target_project,True,False
2045207,expanded_target_project,True,False
204553191,expanded_target_project,True,False
204593825,expanded_target_project,True,False
204631624,expanded_target_project,True,False
204671232,expanded_target_project,True,False
204727434,expanded_target_project,True,False
20473418,seed_project,True,False
204788647,expanded_target_project,True,False
204888772,expanded_target_project,True,False
20491274,expanded_target_project,True,False
2049404,expanded_target_project,True,False
204949228,expanded_target_project,True,False
204949916,expanded_target_project,True,False
205262760,expanded_target_project,True,False
20537104,seed_project,True,False
205417,expanded_target_project,True,False
20543575,expanded_target_project,True,False
205564111,expanded_target_project,True,False
2055965,expanded_target_project,True,False
2056549,expanded_target_project,True,False
20570214,expanded_target_project,True,False
20580498,expanded_target_project,True,False
205870847,expanded_target_project,True,False
20587599,seed_project,True,False
205966957,expanded_target_project,True,False
206130163,expanded_target_project,True,False
206228780,expanded_target_project,True,False
206317,expanded_target_project,True,False
206320,expanded_target_project,True,False
206337472,expanded_target_project,True,False
206339,expanded_target_project,True,False
206341,expanded_target_project,True,False
206371,expanded_target_project,True,False
206372614,expanded_target_project,True,False
206378,expanded_target_project,True,False
206396,expanded_target_project,True,False
206398,expanded_target_project,True,False
206402,expanded_target_project,True,False
206403,seed_project,True,False
206417,seed_project,True,False
206424,seed_project,True,False
206427,expanded_target_project,True,False
206444,seed_project,True,False
206459,expanded_target_project,True,False
20647396,expanded_target_project,True,False
206483,expanded_target_project,True,False
20653934,expanded_target_project,True,False
206632,expanded_target_project,True,False
206686299,seed_project,True,False
20675634,expanded_target_project,True,False
20675635,expanded_target_project,True,False
20675636,expanded_target_project,True,False
206791328,expanded_target_project,True,False
206917262,expanded_target_project,True,False
206917473,expanded_target_project,True,False
20736043,expanded_target_project,True,False
207363466,expanded_target_project,True,False
2074703,expanded_target_project,True,False
207585477,expanded_target_project,True,False
207618995,expanded_target_project,True,False
207663235,seed_project,True,False
20773773,expanded_target_project,True,False
208047461,expanded_target_project,True,False
208060770,expanded_target_project,True,False
208243336,expanded_target_project,True,False
20831114,expanded_target_project,True,False
208509888,expanded_target_project,True,False
208698479,expanded_target_project,True,False
208728772,seed_project,True,False
208795891,expanded_target_project,True,False
209013801,expanded_target_project,True,False
20904437,expanded_target_project,True,False
209101661,expanded_target_project,True,False
209217594,expanded_target_project,True,False
20929025,expanded_target_project,True,False
209491653,expanded_target_project,True,False
209600930,expanded_target_project,True,False
209642759,expanded_target_project,True,False
209657662,expanded_target_project,True,False
209881172,expanded_target_project,True,False
210029529,expanded_target_project,True,False
21052744,expanded_target_project,True,False
210583017,expanded_target_project,True,False
210716005,expanded_target_project,True,False
210788647,expanded_target_project,True,False
21088403,expanded_target_project,True,False
210909024,expanded_target_project,True,False
210933087,expanded_target_project,True,False
21099,expanded_target_project,True,False
210997817,seed_project,True,False
211165922,expanded_target_project,True,False
21125024,expanded_target_project,True,False
2112962,expanded_target_project,True,False
211309920,expanded_target_project,True,False
211340922,expanded_target_project,True,False
2113660,expanded_target_project,True,False
211494818,expanded_target_project,True,False
21193524,expanded_target_project,True,False
212378409,expanded_target_project,True,False
212382406,expanded_target_project,True,False
212459447,expanded_target_project,True,False
212465715,expanded_target_project,True,False
21251069,expanded_target_project,True,False
212709818,expanded_target_project,True,False
212786426,expanded_target_project,True,False
212857695,expanded_target_project,True,False
212936374,expanded_target_project,True,False
212984760,expanded_target_project,True,False
21303988,expanded_target_project,True,False
21306961,expanded_target_project,True,False
21338027,expanded_target_project,True,False
213417638,expanded_target_project,True,False
2134191,expanded_target_project,True,False
213449445,expanded_target_project,True,False
213633271,expanded_target_project,True,False
213701835,expanded_target_project,True,False
213717832,expanded_target_project,True,False
213793403,expanded_target_project,True,False
213836768,expanded_target_project,True,False
213852395,expanded_target_project,True,False
213947642,expanded_target_project,True,False
214215524,expanded_target_project,True,False
214266955,expanded_target_project,True,False
214273093,expanded_target_project,True,False
214350064,expanded_target_project,True,False
214361893,expanded_target_project,True,False
21440127,expanded_target_project,True,False
214487724,expanded_target_project,True,False
214566843,expanded_target_project,True,False
21467907,expanded_target_project,True,False
21488145,expanded_target_project,True,False
214913183,expanded_target_project,True,False
214996328,expanded_target_project,True,False
215108366,expanded_target_project,True,False
215231163,expanded_target_project,True,False
215263010,expanded_target_project,True,False
21540759,expanded_target_project,True,False
215532341,expanded_target_project,True,False
215566462,expanded_target_project,True,False
215570371,expanded_target_project,True,False
215638242,expanded_target_project,True,False
215875945,expanded_target_project,True,False
21591001,expanded_target_project,True,False
215948042,expanded_target_project,True,False
216069489,expanded_target_project,True,False
216143574,expanded_target_project,True,False
216207542,expanded_target_project,True,False
216254547,expanded_target_project,True,False
216283035,expanded_target_project,True,False
216478215,expanded_target_project,True,False
216494674,expanded_target_project,True,False
216581567,expanded_target_project,True,False
216797458,expanded_target_project,True,False
216847853,expanded_target_project,True,False
21686666,expanded_target_project,True,False
21704134,expanded_target_project,True,False
217067290,expanded_target_project,True,False
21708091,expanded_target_project,True,False
21708754,expanded_target_project,True,False
217354397,expanded_target_project,True,False
2174666,expanded_target_project,True,False
21759652,expanded_target_project,True,False
217627454,expanded_target_project,True,False
21772838,expanded_target_project,True,False
218006898,expanded_target_project,True,False
218025521,expanded_target_project,True,False
218158416,expanded_target_project,True,False
218396611,expanded_target_project,True,False
218525428,expanded_target_project,True,False
218559411,expanded_target_project,True,False
218629347,expanded_target_project,True,False
218852626,expanded_target_project,True,False
219035799,expanded_target_project,True,False
219045178,expanded_target_project,True,False
219061541,expanded_target_project,True,False
21946092,expanded_target_project,True,False
219505677,expanded_target_project,True,False
219515346,expanded_target_project,True,False
21954009,expanded_target_project,True,False
21985130,seed_project,True,False
219865964,expanded_target_project,True,False
219891102,expanded_target_project,True,False
219915319,expanded_target_project,True,False
220177733,expanded_target_project,True,False
22017842,expanded_target_project,True,False
220186120,seed_project,True,False
220362473,expanded_target_project,True,False
220391287,expanded_target_project,True,False
220602533,expanded_target_project,True,False
220778874,expanded_target_project,True,False
220808376,expanded_target_project,True,False
221058575,expanded_target_project,True,False
2211243,expanded_target_project,True,False
221177708,expanded_target_project,True,False
221407234,expanded_target_project,True,False
221437306,expanded_target_project,True,False
221574203,expanded_target_project,True,False
221584272,expanded_target_project,True,False
221600181,expanded_target_project,True,False
221654776,expanded_target_project,True,False
221787679,expanded_target_project,True,False
221862,expanded_target_project,True,False
221981891,expanded_target_project,True,False
221989665,expanded_target_project,True,False
221993778,expanded_target_project,True,False
222023566,expanded_target_project,True,False
22234992,expanded_target_project,True,False
222364980,expanded_target_project,True,False
222501873,expanded_target_project,True,False
22266795,expanded_target_project,True,False
222735791,expanded_target_project,True,False
222791664,expanded_target_project,True,False
222887140,expanded_target_project,True,False
222960238,expanded_target_project,True,False
22305416,expanded_target_project,True,False
22321368,expanded_target_project,True,False
223241444,expanded_target_project,True,False
223268020,expanded_target_project,True,False
223420284,expanded_target_project,True,False
223442049,expanded_target_project,True,False
223462217,seed_project,True,False
223485832,expanded_target_project,True,False
223490876,expanded_target_project,True,False
22360263,expanded_target_project,True,False
223708643,expanded_target_project,True,False
22374529,expanded_target_project,True,False
223794069,expanded_target_project,True,False
22392639,expanded_target_project,True,False
224021526,expanded_target_project,True,False
224104199,expanded_target_project,True,False
224225724,expanded_target_project,True,False
224289715,expanded_target_project,True,False
22432442,expanded_target_project,True,False
224374031,expanded_target_project,True,False
22442659,expanded_target_project,True,False
22446506,expanded_target_project,True,False
224592887,expanded_target_project,True,False
224674233,expanded_target_project,True,False
22475123,seed_project,True,False
22478116,expanded_target_project,True,False
22479136,expanded_target_project,True,False
22484898,expanded_target_project,True,False
22525984,expanded_target_project,True,False
22531552,expanded_target_project,True,False
225419211,expanded_target_project,True,False
225497783,expanded_target_project,True,False
22558387,expanded_target_project,True,False
225690537,expanded_target_project,True,False
22571838,expanded_target_project,True,False
225885766,expanded_target_project,True,False
22608597,expanded_target_project,True,False
226151984,expanded_target_project,True,False
226167176,expanded_target_project,True,False
226354201,expanded_target_project,True,False
226417174,expanded_target_project,True,False
22660515,expanded_target_project,True,False
226668025,expanded_target_project,True,False
226724438,expanded_target_project,True,False
22684655,expanded_target_project,True,False
226992639,expanded_target_project,True,False
22700054,expanded_target_project,True,False
22711503,expanded_target_project,True,False
227300707,expanded_target_project,True,False
22734848,expanded_target_project,True,False
227460322,expanded_target_project,True,False
227465592,expanded_target_project,True,False
227542815,expanded_target_project,True,False
227805015,expanded_target_project,True,False
228117837,expanded_target_project,True,False
228390865,expanded_target_project,True,False
22841549,expanded_target_project,True,False
228435476,expanded_target_project,True,False
22844864,expanded_target_project,True,False
22855240,expanded_target_project,True,False
228829544,expanded_target_project,True,False
22883472,expanded_target_project,True,False
228868155,expanded_target_project,True,False
228908078,expanded_target_project,True,False
228925870,expanded_target_project,True,False
229011395,expanded_target_project,True,False
229030654,expanded_target_project,True,False
229145432,expanded_target_project,True,False
229315360,expanded_target_project,True,False
22938893,expanded_target_project,True,False
22959046,expanded_target_project,True,False
229877920,expanded_target_project,True,False
229959677,expanded_target_project,True,False
230075785,expanded_target_project,True,False
23013460,seed_project,True,False
230219297,expanded_target_project,True,False
230310173,expanded_target_project,True,False
23050110,expanded_target_project,True,False
230595891,expanded_target_project,True,False
23061798,expanded_target_project,True,False
230737113,expanded_target_project,True,False
230795797,expanded_target_project,True,False
230847070,expanded_target_project,True,False
23086893,expanded_target_project,True,False
23088740,expanded_target_project,True,False
23096959,expanded_target_project,True,False
230993380,expanded_target_project,True,False
231150319,expanded_target_project,True,False
231268,expanded_target_project,True,False
231798478,expanded_target_project,True,False
231824392,expanded_target_project,True,False
23206290,expanded_target_project,True,False
232099133,expanded_target_project,True,False
232160635,expanded_target_project,True,False
23235250,expanded_target_project,True,False
23247808,seed_project,True,False
2325298,expanded_target_project,True,False
232539879,expanded_target_project,True,False
23254194,expanded_target_project,True,False
23277480,expanded_target_project,True,False
2328181,expanded_target_project,True,False
233147271,expanded_target_project,True,False
23315232,seed_project,True,False
233320086,expanded_target_project,True,False
23335281,expanded_target_project,True,False
23351479,expanded_target_project,True,False
233563057,expanded_target_project,True,False
23356570,expanded_target_project,True,False
23357588,expanded_target_project,True,False
23362234,expanded_target_project,True,False
23368445,expanded_target_project,True,False
233938764,expanded_target_project,True,False
2339555,expanded_target_project,True,False
233984636,expanded_target_project,True,False
23405758,seed_project,True,False
234167893,expanded_target_project,True,False
23418517,expanded_target_project,True,False
234270760,expanded_target_project,True,False
23465977,expanded_target_project,True,False
234727608,expanded_target_project,True,False
234798675,expanded_target_project,True,False
234839116,expanded_target_project,True,False
234890761,expanded_target_project,True,False
23496893,expanded_target_project,True,False
23500865,expanded_target_project,True,False
235075339,expanded_target_project,True,False
235590808,expanded_target_project,True,False
235638810,expanded_target_project,True,False
23572616,expanded_target_project,True,False
2358108,expanded_target_project,True,False
235819600,expanded_target_project,True,False
235822784,expanded_target_project,True,False
235860204,expanded_target_project,True,False
235866201,expanded_target_project,True,False
235901813,expanded_target_project,True,False
2359378,expanded_target_project,True,False
236055696,expanded_target_project,True,False
236106066,expanded_target_project,True,False
23622727,expanded_target_project,True,False
23641816,expanded_target_project,True,False
2365549,expanded_target_project,True,False
236570305,expanded_target_project,True,False
236570369,expanded_target_project,True,False
23664475,expanded_target_project,True,False
23670203,expanded_target_project,True,False
236824540,expanded_target_project,True,False
236828515,expanded_target_project,True,False
236953554,expanded_target_project,True,False
237159,expanded_target_project,True,False
23727431,expanded_target_project,True,False
237360465,expanded_target_project,True,False
237402828,expanded_target_project,True,False
237409088,expanded_target_project,True,False
237459124,expanded_target_project,True,False
237523442,expanded_target_project,True,False
237547093,expanded_target_project,True,False
237617513,expanded_target_project,True,False
237707489,expanded_target_project,True,False
237844675,expanded_target_project,True,False
23797421,expanded_target_project,True,False
23821422,expanded_target_project,True,False
238290996,expanded_target_project,True,False
23837751,expanded_target_project,True,False
2383782,expanded_target_project,True,False
23845253,expanded_target_project,True,False
238683847,expanded_target_project,True,False
239253118,expanded_target_project,True,False
23930639,expanded_target_project,True,False
239381576,expanded_target_project,True,False
239416281,expanded_target_project,True,False
2394379,expanded_target_project,True,False
239469102,expanded_target_project,True,False
2396600,expanded_target_project,True,False
239770490,expanded_target_project,True,False
239781275,expanded_target_project,True,False
23982180,expanded_target_project,True,False
24000265,expanded_target_project,True,False
2401217,expanded_target_project,True,False
240151150,expanded_target_project,True,False
240215314,expanded_target_project,True,False
240315046,expanded_target_project,True,False
240317939,expanded_target_project,True,False
240328897,expanded_target_project,True,False
240466,expanded_target_project,True,False
240488592,expanded_target_project,True,False
240543078,expanded_target_project,True,False
24063576,expanded_target_project,True,False
240819531,expanded_target_project,True,False
240846407,expanded_target_project,True,False
240912221,expanded_target_project,True,False
240949621,expanded_target_project,True,False
240971435,expanded_target_project,True,False
2410676,expanded_target_project,True,False
241092383,expanded_target_project,True,False
241163393,expanded_target_project,True,False
241268229,expanded_target_project,True,False
24130045,expanded_target_project,True,False
241506979,expanded_target_project,True,False
24167016,expanded_target_project,True,False
24182261,expanded_target_project,True,False
241853427,expanded_target_project,True,False
241903378,expanded_target_project,True,False
24195339,expanded_target_project,True,False
242094505,expanded_target_project,True,False
242202166,expanded_target_project,True,False
2423322,expanded_target_project,True,False
242479774,expanded_target_project,True,False
242581770,expanded_target_project,True,False
242754476,expanded_target_project,True,False
242765280,expanded_target_project,True,False
242776849,expanded_target_project,True,False
242828875,expanded_target_project,True,False
242856167,expanded_target_project,True,False
242923033,expanded_target_project,True,False
242923372,expanded_target_project,True,False
242970900,expanded_target_project,True,False
2430537,expanded_target_project,True,False
243452117,expanded_target_project,True,False
24349832,expanded_target_project,True,False
243538828,expanded_target_project,True,False
24355992,expanded_target_project,True,False
243668393,expanded_target_project,True,False
243808437,expanded_target_project,True,False
24385451,expanded_target_project,True,False
244123773,expanded_target_project,True,False
2441517,expanded_target_project,True,False
24420506,expanded_target_project,True,False
244496643,expanded_target_project,True,False
244514240,expanded_target_project,True,False
244554606,expanded_target_project,True,False
24494032,seed_project,True,False
244958571,expanded_target_project,True,False
244979294,expanded_target_project,True,False
24499046,expanded_target_project,True,False
245388716,expanded_target_project,True,False
24560307,expanded_target_project,True,False
245704608,expanded_target_project,True,False
246133980,expanded_target_project,True,False
246338488,expanded_target_project,True,False
24653868,expanded_target_project,True,False
24693026,expanded_target_project,True,False
247111689,expanded_target_project,True,False
24725038,expanded_target_project,True,False
247399816,expanded_target_project,True,False
247430773,expanded_target_project,True,False
24747723,expanded_target_project,True,False
247587757,expanded_target_project,True,False
247590545,expanded_target_project,True,False
2476162,expanded_target_project,True,False
24776728,expanded_target_project,True,False
24806180,expanded_target_project,True,False
2484785,expanded_target_project,True,False
248537383,expanded_target_project,True,False
248790367,expanded_target_project,True,False
248868816,expanded_target_project,True,False
2489216,expanded_target_project,True,False
24894902,expanded_target_project,True,False
249098063,expanded_target_project,True,False
249152133,expanded_target_project,True,False
249188235,expanded_target_project,True,False
249319182,expanded_target_project,True,False
249466377,expanded_target_project,True,False
249512698,expanded_target_project,True,False
24963784,expanded_target_project,True,False
249722766,expanded_target_project,True,False
24993138,expanded_target_project,True,False
249956697,expanded_target_project,True,False
250110282,expanded_target_project,True,False
250110372,expanded_target_project,True,False
250213286,expanded_target_project,True,False
25026453,expanded_target_project,True,False
250397925,expanded_target_project,True,False
2504175,expanded_target_project,True,False
250552313,expanded_target_project,True,False
250652185,expanded_target_project,True,False
250782700,expanded_target_project,True,False
251312202,expanded_target_project,True,False
251420886,expanded_target_project,True,False
251584398,expanded_target_project,True,False
2516976,expanded_target_project,True,False
25174671,expanded_target_project,True,False
251747948,expanded_target_project,True,False
25175723,expanded_target_project,True,False
252325176,expanded_target_project,True,False
2524488,seed_project,True,False
252494861,expanded_target_project,True,False
252522672,expanded_target_project,True,False
252523575,expanded_target_project,True,False
252604066,expanded_target_project,True,False
252649194,expanded_target_project,True,False
252650176,expanded_target_project,True,False
252745692,expanded_target_project,True,False
25287349,expanded_target_project,True,False
2529486,expanded_target_project,True,False
25299152,expanded_target_project,True,False
253103317,expanded_target_project,True,False
253290187,expanded_target_project,True,False
25345759,expanded_target_project,True,False
253614369,expanded_target_project,True,False
253650720,expanded_target_project,True,False
25372501,expanded_target_project,True,False
254116626,expanded_target_project,True,False
254149837,expanded_target_project,True,False
25417964,expanded_target_project,True,False
254351989,expanded_target_project,True,False
2544305,expanded_target_project,True,False
254450741,expanded_target_project,True,False
254578428,expanded_target_project,True,False
25459400,expanded_target_project,True,False
254623350,expanded_target_project,True,False
254774075,expanded_target_project,True,False
254865575,expanded_target_project,True,False
254894997,expanded_target_project,True,False
25494583,expanded_target_project,True,False
255043026,expanded_target_project,True,False
255071936,expanded_target_project,True,False
255086434,expanded_target_project,True,False
25516648,expanded_target_project,True,False
255262523,expanded_target_project,True,False
255546948,expanded_target_project,True,False
255551817,expanded_target_project,True,False
255592249,expanded_target_project,True,False
255983152,expanded_target_project,True,False
256061008,expanded_target_project,True,False
2560988,expanded_target_project,True,False
256133315,expanded_target_project,True,False
256256737,expanded_target_project,True,False
256328151,expanded_target_project,True,False
2564522,expanded_target_project,True,False
256534527,expanded_target_project,True,False
256736474,expanded_target_project,True,False
256942539,expanded_target_project,True,False
257044091,expanded_target_project,True,False
257130655,expanded_target_project,True,False
257145326,expanded_target_project,True,False
25719147,expanded_target_project,True,False
25720744,expanded_target_project,True,False
257240218,expanded_target_project,True,False
257240581,expanded_target_project,True,False
257313499,expanded_target_project,True,False
257485422,expanded_target_project,True,False
2575826,expanded_target_project,True,False
257703440,expanded_target_project,True,False
25777459,expanded_target_project,True,False
25780780,seed_project,True,False
257933864,expanded_target_project,True,False
2580768,expanded_target_project,True,False
2580769,expanded_target_project,True,False
258271226,expanded_target_project,True,False
258297672,expanded_target_project,True,False
258546843,expanded_target_project,True,False
258556027,expanded_target_project,True,False
258713958,expanded_target_project,True,False
25872841,expanded_target_project,True,False
25881432,expanded_target_project,True,False
25890500,expanded_target_project,True,False
258933250,expanded_target_project,True,False
259281907,expanded_target_project,True,False
259445878,expanded_target_project,True,False
25951358,expanded_target_project,True,False
259542436,seed_project,True,False
259626767,expanded_target_project,True,False
259710503,expanded_target_project,True,False
259777710,expanded_target_project,True,False
259933623,expanded_target_project,True,False
26002040,expanded_target_project,True,False
260167348,expanded_target_project,True,False
26018608,expanded_target_project,True,False
2601923,expanded_target_project,True,False
260236126,expanded_target_project,True,False
260295418,expanded_target_project,True,False
260338399,expanded_target_project,True,False
260351573,expanded_target_project,True,False
26038648,expanded_target_project,True,False
26039547,expanded_target_project,True,False
2604249,expanded_target_project,True,False
260452791,expanded_target_project,True,False
260488959,expanded_target_project,True,False
2606873,expanded_target_project,True,False
260749683,expanded_target_project,True,False
260889387,expanded_target_project,True,False
260960262,expanded_target_project,True,False
261032128,expanded_target_project,True,False
261141187,expanded_target_project,True,False
261265804,expanded_target_project,True,False
26126838,expanded_target_project,True,False
26127968,expanded_target_project,True,False
261293951,expanded_target_project,True,False
261541008,expanded_target_project,True,False
2615616,expanded_target_project,True,False
26181278,expanded_target_project,True,False
261895262,expanded_target_project,True,False
26210598,expanded_target_project,True,False
262289747,expanded_target_project,True,False
262521997,expanded_target_project,True,False
26255337,expanded_target_project,True,False
26289803,expanded_target_project,True,False
26290249,expanded_target_project,True,False
263035471,expanded_target_project,True,False
26311145,expanded_target_project,True,False
263165647,expanded_target_project,True,False
263411323,expanded_target_project,True,False
263442622,expanded_target_project,True,False
263463271,expanded_target_project,True,False
263472353,expanded_target_project,True,False
263609668,expanded_target_project,True,False
263701613,expanded_target_project,True,False
26371893,expanded_target_project,True,False
263727855,expanded_target_project,True,False
263752806,expanded_target_project,True,False
263991304,expanded_target_project,True,False
264043501,expanded_target_project,True,False
26426726,expanded_target_project,True,False
26459635,expanded_target_project,True,False
264742473,expanded_target_project,True,False
264818686,expanded_target_project,True,False
264855617,expanded_target_project,True,False
2649214,seed_project,True,False
264999390,expanded_target_project,True,False
2651432,expanded_target_project,True,False
265183027,expanded_target_project,True,False
26521129,expanded_target_project,True,False
265258032,expanded_target_project,True,False
265363855,expanded_target_project,True,False
265444433,expanded_target_project,True,False
265601040,expanded_target_project,True,False
265621392,expanded_target_project,True,False
26562411,expanded_target_project,True,False
26579900,expanded_target_project,True,False
265902625,expanded_target_project,True,False
26610130,expanded_target_project,True,False
266179818,expanded_target_project,True,False
2662146,seed_project,True,False
26628954,expanded_target_project,True,False
266444815,seed_project,True,False
266515876,seed_project,True,False
26658897,expanded_target_project,True,False
2669041,expanded_target_project,True,False
267024149,expanded_target_project,True,False
267118495,expanded_target_project,True,False
267161970,expanded_target_project,True,False
267273319,expanded_target_project,True,False
26731785,expanded_target_project,True,False
267324234,expanded_target_project,True,False
267410733,expanded_target_project,True,False
267482252,expanded_target_project,True,False
2675355,expanded_target_project,True,False
26774602,seed_project,True,False
26782461,expanded_target_project,True,False
26785339,expanded_target_project,True,False
268163609,seed_project,True,False
268179753,expanded_target_project,True,False
268274269,expanded_target_project,True,False
26827696,expanded_target_project,True,False
26850443,expanded_target_project,True,False
268568992,expanded_target_project,True,False
268591722,expanded_target_project,True,False
268817515,expanded_target_project,True,False
268833180,expanded_target_project,True,False
268936983,expanded_target_project,True,False
269073533,expanded_target_project,True,False
269159100,expanded_target_project,True,False
26917250,seed_project,True,False
269177629,expanded_target_project,True,False
269238359,expanded_target_project,True,False
26947860,expanded_target_project,True,False
269560571,expanded_target_project,True,False
269612753,expanded_target_project,True,False
26983101,expanded_target_project,True,False
2700147,expanded_target_project,True,False
2700159,expanded_target_project,True,False
27051771,expanded_target_project,True,False
270591305,expanded_target_project,True,False
270858421,seed_project,True,False
27096595,expanded_target_project,True,False
271140688,expanded_target_project,True,False
271251138,expanded_target_project,True,False
271357052,expanded_target_project,True,False
271409073,expanded_target_project,True,False
27146054,expanded_target_project,True,False
2718248,expanded_target_project,True,False
271913609,expanded_target_project,True,False
27193779,expanded_target_project,True,False
272244219,expanded_target_project,True,False
273084758,expanded_target_project,True,False
273200471,expanded_target_project,True,False
273382715,expanded_target_project,True,False
273550906,expanded_target_project,True,False
27358084,expanded_target_project,True,False
273601619,expanded_target_project,True,False
273741035,expanded_target_project,True,False
2740148,expanded_target_project,True,False
274077404,expanded_target_project,True,False
274116286,expanded_target_project,True,False
274135349,expanded_target_project,True,False
2744972,expanded_target_project,True,False
274705319,expanded_target_project,True,False
274753366,expanded_target_project,True,False
274799566,expanded_target_project,True,False
27483832,expanded_target_project,True,False
27500243,expanded_target_project,True,False
275084371,expanded_target_project,True,False
275100970,expanded_target_project,True,False
27522241,expanded_target_project,True,False
27522247,expanded_target_project,True,False
27522251,expanded_target_project,True,False
27522271,expanded_target_project,True,False
27522282,expanded_target_project,True,False
27522295,expanded_target_project,True,False
2752522,expanded_target_project,True,False
275257814,expanded_target_project,True,False
27546391,expanded_target_project,True,False
27549019,expanded_target_project,True,False
275516738,expanded_target_project,True,False
2755696,expanded_target_project,True,False
275647768,expanded_target_project,True,False
275650396,expanded_target_project,True,False
275707200,expanded_target_project,True,False
27576132,expanded_target_project,True,False
275993885,expanded_target_project,True,False
276025804,expanded_target_project,True,False
276042304,seed_project,True,False
276136616,expanded_target_project,True,False
276189831,expanded_target_project,True,False
276192114,expanded_target_project,True,False
276293034,seed_project,True,False
276293992,expanded_target_project,True,False
276304668,expanded_target_project,True,False
276347473,expanded_target_project,True,False
276535130,expanded_target_project,True,False
276685482,expanded_target_project,True,False
276898192,expanded_target_project,True,False
277186121,expanded_target_project,True,False
277189053,expanded_target_project,True,False
27721932,expanded_target_project,True,False
27729171,expanded_target_project,True,False
27729880,expanded_target_project,True,False
27729907,expanded_target_project,True,False
27729926,expanded_target_project,True,False
27759161,expanded_target_project,True,False
277836190,expanded_target_project,True,False
277837858,expanded_target_project,True,False
277852028,expanded_target_project,True,False
27790789,expanded_target_project,True,False
277923166,expanded_target_project,True,False
278098612,expanded_target_project,True,False
278320002,seed_project,True,False
278640104,expanded_target_project,True,False
278745987,expanded_target_project,True,False
27883327,expanded_target_project,True,False
27889694,expanded_target_project,True,False
27890669,expanded_target_project,True,False
279083788,expanded_target_project,True,False
279115112,expanded_target_project,True,False
279134229,expanded_target_project,True,False
279258716,expanded_target_project,True,False
27929056,expanded_target_project,True,False
279376765,expanded_target_project,True,False
27945817,expanded_target_project,True,False
27954927,expanded_target_project,True,False
279553,expanded_target_project,True,False
279622976,expanded_target_project,True,False
279678961,expanded_target_project,True,False
279745783,expanded_target_project,True,False
27974762,expanded_target_project,True,False
27994296,expanded_target_project,True,False
28011464,expanded_target_project,True,False
280276446,expanded_target_project,True,False
280356979,expanded_target_project,True,False
280428986,expanded_target_project,True,False
2804383,expanded_target_project,True,False
2804438,expanded_target_project,True,False
28061676,expanded_target_project,True,False
280818415,expanded_target_project,True,False
281550668,expanded_target_project,True,False
28156794,expanded_target_project,True,False
281634568,expanded_target_project,True,False
281870638,expanded_target_project,True,False
28200583,expanded_target_project,True,False
282179811,expanded_target_project,True,False
282229865,expanded_target_project,True,False
28226810,expanded_target_project,True,False
28233924,expanded_target_project,True,False
282339941,expanded_target_project,True,False
282416261,expanded_target_project,True,False
282994686,expanded_target_project,True,False
283046497,expanded_target_project,True,False
283187,expanded_target_project,True,False
283187702,expanded_target_project,True,False
283230219,expanded_target_project,True,False
28330263,expanded_target_project,True,False
283325,expanded_target_project,True,False
283343889,expanded_target_project,True,False
2835111,expanded_target_project,True,False
28352089,expanded_target_project,True,False
28366058,expanded_target_project,True,False
283817011,expanded_target_project,True,False
283874375,expanded_target_project,True,False
284165134,expanded_target_project,True,False
28449431,expanded_target_project,True,False
28470446,expanded_target_project,True,False
284745566,expanded_target_project,True,False
28478401,expanded_target_project,True,False
28478420,expanded_target_project,True,False
284949442,expanded_target_project,True,False
285320805,expanded_target_project,True,False
28554304,expanded_target_project,True,False
285669400,expanded_target_project,True,False
285864234,expanded_target_project,True,False
285867319,expanded_target_project,True,False
286108332,expanded_target_project,True,False
286301447,expanded_target_project,True,False
286732086,expanded_target_project,True,False
286973214,expanded_target_project,True,False
287010125,expanded_target_project,True,False
287015918,expanded_target_project,True,False
28710753,expanded_target_project,True,False
287193461,expanded_target_project,True,False
2871998,expanded_target_project,True,False
287279910,expanded_target_project,True,False
287336275,expanded_target_project,True,False
28738447,seed_project,True,False
287403351,expanded_target_project,True,False
28750927,expanded_target_project,True,False
287743349,expanded_target_project,True,False
28782747,expanded_target_project,True,False
288082909,expanded_target_project,True,False
28826653,expanded_target_project,True,False
288349261,expanded_target_project,True,False
2883574,expanded_target_project,True,False
288485773,expanded_target_project,True,False
288487894,expanded_target_project,True,False
288677911,expanded_target_project,True,False
2888818,expanded_target_project,True,False
28900400,expanded_target_project,True,False
289034413,expanded_target_project,True,False
28905625,expanded_target_project,True,False
289076255,expanded_target_project,True,False
289243246,expanded_target_project,True,False
289379729,expanded_target_project,True,False
289382944,expanded_target_project,True,False
28951059,expanded_target_project,True,False
28975929,expanded_target_project,True,False
28986292,expanded_target_project,True,False
28992330,expanded_target_project,True,False
290090784,expanded_target_project,True,False
290227969,expanded_target_project,True,False
29028775,expanded_target_project,True,False
2902935,expanded_target_project,True,False
290871583,expanded_target_project,True,False
290899681,expanded_target_project,True,False
290916665,expanded_target_project,True,False
29094022,expanded_target_project,True,False
29102367,expanded_target_project,True,False
291038744,expanded_target_project,True,False
291130821,expanded_target_project,True,False
291153670,expanded_target_project,True,False
291308731,expanded_target_project,True,False
291474609,expanded_target_project,True,False
2915576,expanded_target_project,True,False
291570,expanded_target_project,True,False
291675222,seed_project,True,False
291735249,expanded_target_project,True,False
29178282,expanded_target_project,True,False
291960479,expanded_target_project,True,False
29197565,expanded_target_project,True,False
292014229,expanded_target_project,True,False
292053394,expanded_target_project,True,False
29207621,expanded_target_project,True,False
29220333,expanded_target_project,True,False
2923236,expanded_target_project,True,False
292381946,expanded_target_project,True,False
292561501,expanded_target_project,True,False
29261473,expanded_target_project,True,False
292834673,expanded_target_project,True,False
292853702,expanded_target_project,True,False
29287955,expanded_target_project,True,False
292888939,expanded_target_project,True,False
2928944,expanded_target_project,True,False
2928948,expanded_target_project,True,False
2929393,expanded_target_project,True,False
29301872,expanded_target_project,True,False
2931111,expanded_target_project,True,False
29312746,expanded_target_project,True,False
29326047,expanded_target_project,True,False
29329884,expanded_target_project,True,False
293399774,expanded_target_project,True,False
293811116,expanded_target_project,True,False
293888925,expanded_target_project,True,False
294129886,expanded_target_project,True,False
294223530,expanded_target_project,True,False
294224347,expanded_target_project,True,False
2944302,seed_project,True,False
294578325,expanded_target_project,True,False
294633672,expanded_target_project,True,False
294958663,expanded_target_project,True,False
295027737,expanded_target_project,True,False
295316675,expanded_target_project,True,False
29533139,expanded_target_project,True,False
29551708,expanded_target_project,True,False
295544240,expanded_target_project,True,False
295598569,expanded_target_project,True,False
295620416,expanded_target_project,True,False
295695288,expanded_target_project,True,False
295774370,expanded_target_project,True,False
295807341,expanded_target_project,True,False
295810364,expanded_target_project,True,False
295885135,expanded_target_project,True,False
295909370,expanded_target_project,True,False
296070150,expanded_target_project,True,False
296235125,expanded_target_project,True,False
296296855,expanded_target_project,True,False
296382547,expanded_target_project,True,False
296405219,expanded_target_project,True,False
296547184,expanded_target_project,True,False
296678196,expanded_target_project,True,False
296778170,expanded_target_project,True,False
296934024,expanded_target_project,True,False
296977951,expanded_target_project,True,False
297347284,expanded_target_project,True,False
297348383,expanded_target_project,True,False
29759715,expanded_target_project,True,False
297728481,expanded_target_project,True,False
297768162,expanded_target_project,True,False
297869437,expanded_target_project,True,False
297975339,expanded_target_project,True,False
298223290,expanded_target_project,True,False
298223552,expanded_target_project,True,False
298328,expanded_target_project,True,False
298439529,expanded_target_project,True,False
29845767,expanded_target_project,True,False
29849956,expanded_target_project,True,False
298533689,expanded_target_project,True,False
298565987,expanded_target_project,True,False
298726683,expanded_target_project,True,False
298763623,seed_project,True,False
2988730,expanded_target_project,True,False
298920362,seed_project,True,False
2992074,expanded_target_project,True,False
299220196,expanded_target_project,True,False
29923817,expanded_target_project,True,False
299240810,expanded_target_project,True,False
299276319,expanded_target_project,True,False
299510783,expanded_target_project,True,False
299603525,expanded_target_project,True,False
299907256,expanded_target_project,True,False
30004263,expanded_target_project,True,False
300200809,expanded_target_project,True,False
300290246,expanded_target_project,True,False
30030073,expanded_target_project,True,False
30062547,expanded_target_project,True,False
30071587,expanded_target_project,True,False
30072532,expanded_target_project,True,False
300726227,expanded_target_project,True,False
300752838,expanded_target_project,True,False
301573344,expanded_target_project,True,False
301695013,expanded_target_project,True,False
301727732,expanded_target_project,True,False
301742,expanded_target_project,True,False
301794968,expanded_target_project,True,False
30193977,expanded_target_project,True,False
30203935,expanded_target_project,True,False
30216244,expanded_target_project,True,False
302298095,expanded_target_project,True,False
302322,expanded_target_project,True,False
302670797,expanded_target_project,True,False
30270430,expanded_target_project,True,False
30272,expanded_target_project,True,False
302827809,seed_project,True,False
302982238,expanded_target_project,True,False
30321994,expanded_target_project,True,False
303405208,expanded_target_project,True,False
303703887,expanded_target_project,True,False
3037278,expanded_target_project,True,False
303762301,expanded_target_project,True,False
3037907,expanded_target_project,True,False
303803422,expanded_target_project,True,False
30381877,expanded_target_project,True,False
30383208,expanded_target_project,True,False
3038937,expanded_target_project,True,False
30389634,expanded_target_project,True,False
303940930,expanded_target_project,True,False
303967701,expanded_target_project,True,False
30405191,expanded_target_project,True,False
304146787,expanded_target_project,True,False
304242794,expanded_target_project,True,False
3043048,expanded_target_project,True,False
30434289,expanded_target_project,True,False
304398999,expanded_target_project,True,False
304430669,expanded_target_project,True,False
304432822,expanded_target_project,True,False
304465394,expanded_target_project,True,False
30449481,seed_project,True,False
304537599,expanded_target_project,True,False
305438763,expanded_target_project,True,False
305468604,expanded_target_project,True,False
305498835,expanded_target_project,True,False
305513242,seed_project,True,False
305514104,expanded_target_project,True,False
30553392,expanded_target_project,True,False
305581149,expanded_target_project,True,False
30567707,expanded_target_project,True,False
306009386,expanded_target_project,True,False
306084295,expanded_target_project,True,False
3060959,expanded_target_project,True,False
30618733,expanded_target_project,True,False
306382967,expanded_target_project,True,False
30667298,expanded_target_project,True,False
30676648,expanded_target_project,True,False
306769011,expanded_target_project,True,False
30712202,expanded_target_project,True,False
307213173,expanded_target_project,True,False
307214458,expanded_target_project,True,False
3072629,expanded_target_project,True,False
30753733,seed_project,True,False
30765938,expanded_target_project,True,False
307760976,expanded_target_project,True,False
307992244,expanded_target_project,True,False
308027791,expanded_target_project,True,False
308044189,expanded_target_project,True,False
3080628,expanded_target_project,True,False
30824101,expanded_target_project,True,False
30828052,expanded_target_project,True,False
308653481,expanded_target_project,True,False
3087541,expanded_target_project,True,False
309309464,expanded_target_project,True,False
30945132,expanded_target_project,True,False
309512982,expanded_target_project,True,False
309513886,expanded_target_project,True,False
30951894,expanded_target_project,True,False
309689851,expanded_target_project,True,False
31006158,seed_project,True,False
310143368,expanded_target_project,True,False
310217738,expanded_target_project,True,False
310300394,expanded_target_project,True,False
310302823,expanded_target_project,True,False
310611,expanded_target_project,True,False
310666411,expanded_target_project,True,False
310873272,expanded_target_project,True,False
311293512,expanded_target_project,True,False
311344607,expanded_target_project,True,False
311682575,expanded_target_project,True,False
311701406,expanded_target_project,True,False
31180321,expanded_target_project,True,False
31185891,expanded_target_project,True,False
31197250,expanded_target_project,True,False
31228039,expanded_target_project,True,False
31261671,expanded_target_project,True,False
31261793,expanded_target_project,True,False
312851969,expanded_target_project,True,False
31288958,expanded_target_project,True,False
31290528,expanded_target_project,True,False
313068453,expanded_target_project,True,False
313091396,expanded_target_project,True,False
31315021,seed_project,True,False
31315121,expanded_target_project,True,False
31323121,expanded_target_project,True,False
313250436,expanded_target_project,True,False
313347776,expanded_target_project,True,False
31339163,expanded_target_project,True,False
31358787,expanded_target_project,True,False
313731577,expanded_target_project,True,False
313801701,expanded_target_project,True,False
31432573,expanded_target_project,True,False
314337176,expanded_target_project,True,False
314384911,expanded_target_project,True,False
314442029,expanded_target_project,True,False
314641288,expanded_target_project,True,False
3148979,expanded_target_project,True,False
3149948,expanded_target_project,True,False
31504491,expanded_target_project,True,False
315538318,expanded_target_project,True,False
315591279,expanded_target_project,True,False
315885410,expanded_target_project,True,False
315928700,expanded_target_project,True,False
315929658,expanded_target_project,True,False
315990473,expanded_target_project,True,False
31619713,expanded_target_project,True,False
31629751,expanded_target_project,True,False
316556151,expanded_target_project,True,False
31663150,expanded_target_project,True,False
316690542,seed_project,True,False
316738106,expanded_target_project,True,False
316761074,expanded_target_project,True,False
316803297,expanded_target_project,True,False
3168225,expanded_target_project,True,False
317173754,expanded_target_project,True,False
317234849,expanded_target_project,True,False
31728565,expanded_target_project,True,False
317655208,expanded_target_project,True,False
31772468,expanded_target_project,True,False
317755107,expanded_target_project,True,False
31792824,expanded_target_project,True,False
317940258,expanded_target_project,True,False
3180553,expanded_target_project,True,False
31806094,expanded_target_project,True,False
31830551,expanded_target_project,True,False
318328445,expanded_target_project,True,False
318476701,expanded_target_project,True,False
318608950,expanded_target_project,True,False
31862543,expanded_target_project,True,False
318660317,expanded_target_project,True,False
319035161,expanded_target_project,True,False
319059109,expanded_target_project,True,False
319168169,expanded_target_project,True,False
31927407,expanded_target_project,True,False
31933589,expanded_target_project,True,False
319459651,expanded_target_project,True,False
319463560,expanded_target_project,True,False
319572121,expanded_target_project,True,False
319701508,expanded_target_project,True,False
31976266,seed_project,True,False
31986253,expanded_target_project,True,False
3199002,expanded_target_project,True,False
320135333,expanded_target_project,True,False
320146230,expanded_target_project,True,False
320426156,expanded_target_project,True,False
320459354,seed_project,True,False
320542358,expanded_target_project,True,False
320929718,expanded_target_project,True,False
32097112,expanded_target_project,True,False
3211618,expanded_target_project,True,False
321270638,expanded_target_project,True,False
32135981,expanded_target_project,True,False
321386930,expanded_target_project,True,False
3214406,expanded_target_project,True,False
32184830,expanded_target_project,True,False
321853986,seed_project,True,False
321908167,expanded_target_project,True,False
32193707,expanded_target_project,True,False
321938,expanded_target_project,True,False
321960447,expanded_target_project,True,False
322028429,expanded_target_project,True,False
322322404,expanded_target_project,True,False
322347496,expanded_target_project,True,False
32235223,expanded_target_project,True,False
32238354,expanded_target_project,True,False
32246828,expanded_target_project,True,False
322947344,expanded_target_project,True,False
323035550,expanded_target_project,True,False
323046430,expanded_target_project,True,False
3232106,expanded_target_project,True,False
323231688,expanded_target_project,True,False
323363286,expanded_target_project,True,False
323389945,seed_project,True,False
323438715,expanded_target_project,True,False
32347104,expanded_target_project,True,False
32363061,expanded_target_project,True,False
323751403,expanded_target_project,True,False
3237873,expanded_target_project,True,False
323830219,expanded_target_project,True,False
323902156,expanded_target_project,True,False
324487461,expanded_target_project,True,False
324647622,expanded_target_project,True,False
324673283,expanded_target_project,True,False
324754415,expanded_target_project,True,False
32500369,expanded_target_project,True,False
325213317,expanded_target_project,True,False
325329172,expanded_target_project,True,False
325329184,expanded_target_project,True,False
325329228,expanded_target_project,True,False
325329294,expanded_target_project,True,False
325329322,expanded_target_project,True,False
32538871,expanded_target_project,True,False
325548909,expanded_target_project,True,False
32559774,expanded_target_project,True,False
325701502,expanded_target_project,True,False
325777713,expanded_target_project,True,False
32579343,expanded_target_project,True,False
325822007,expanded_target_project,True,False
326269244,expanded_target_project,True,False
326652944,expanded_target_project,True,False
326725339,expanded_target_project,True,False
326744856,expanded_target_project,True,False
327089870,expanded_target_project,True,False
327160294,expanded_target_project,True,False
327310511,expanded_target_project,True,False
32741886,expanded_target_project,True,False
327528642,expanded_target_project,True,False
327628682,expanded_target_project,True,False
32769228,expanded_target_project,True,False
327705279,expanded_target_project,True,False
32786829,expanded_target_project,True,False
327874458,expanded_target_project,True,False
32792022,expanded_target_project,True,False
32795118,expanded_target_project,True,False
3280270,expanded_target_project,True,False
32812675,expanded_target_project,True,False
328697653,expanded_target_project,True,False
32873313,expanded_target_project,True,False
3287453,expanded_target_project,True,False
328806334,expanded_target_project,True,False
32887098,expanded_target_project,True,False
3291848,expanded_target_project,True,False
329445418,expanded_target_project,True,False
329451761,expanded_target_project,True,False
329798491,expanded_target_project,True,False
330085907,expanded_target_project,True,False
330211847,expanded_target_project,True,False
330478792,expanded_target_project,True,False
330488939,expanded_target_project,True,False
330590745,expanded_target_project,True,False
330600696,expanded_target_project,True,False
330622921,expanded_target_project,True,False
330802289,expanded_target_project,True,False
33088125,expanded_target_project,True,False
331456036,expanded_target_project,True,False
33146014,expanded_target_project,True,False
33157169,expanded_target_project,True,False
331611849,expanded_target_project,True,False
331691688,expanded_target_project,True,False
331725162,expanded_target_project,True,False
331747853,seed_project,True,False
331918284,expanded_target_project,True,False
33196459,expanded_target_project,True,False
3320710,expanded_target_project,True,False
33258973,expanded_target_project,True,False
33275300,seed_project,True,False
332819751,expanded_target_project,True,False
332845154,expanded_target_project,True,False
3328856,expanded_target_project,True,False
333303663,expanded_target_project,True,False
333356226,expanded_target_project,True,False
33352201,expanded_target_project,True,False
333570243,expanded_target_project,True,False
333867901,expanded_target_project,True,False
334134772,expanded_target_project,True,False
33413850,expanded_target_project,True,False
334164334,expanded_target_project,True,False
3342055,expanded_target_project,True,False
334274271,seed_project,True,False
334274317,expanded_target_project,True,False
33440467,expanded_target_project,True,False
33456236,expanded_target_project,True,False
334585300,expanded_target_project,True,False
335164964,expanded_target_project,True,False
335342,expanded_target_project,True,False
33539450,expanded_target_project,True,False
335671865,expanded_target_project,True,False
335786381,expanded_target_project,True,False
335831903,expanded_target_project,True,False
335846210,expanded_target_project,True,False
335983019,expanded_target_project,True,False
335991315,expanded_target_project,True,False
336150764,expanded_target_project,True,False
336170831,expanded_target_project,True,False
336256257,expanded_target_project,True,False
336298167,expanded_target_project,True,False
336431585,expanded_target_project,True,False
336739753,expanded_target_project,True,False
3370128,expanded_target_project,True,False
337259586,expanded_target_project,True,False
33745913,seed_project,True,False
33753632,expanded_target_project,True,False
337713340,expanded_target_project,True,False
337897840,expanded_target_project,True,False
337986406,expanded_target_project,True,False
338025227,expanded_target_project,True,False
33816473,expanded_target_project,True,False
338169115,expanded_target_project,True,False
338307278,expanded_target_project,True,False
33832372,expanded_target_project,True,False
338640454,expanded_target_project,True,False
338771983,expanded_target_project,True,False
33880218,expanded_target_project,True,False
33880730,expanded_target_project,True,False
33881440,expanded_target_project,True,False
33881870,expanded_target_project,True,False
33884891,expanded_target_project,True,False
339098424,expanded_target_project,True,False
339348284,expanded_target_project,True,False
33994380,expanded_target_project,True,False
339993112,seed_project,True,False
339993533,expanded_target_project,True,False
340038528,expanded_target_project,True,False
34007506,expanded_target_project,True,False
3402186,expanded_target_project,True,False
34039690,expanded_target_project,True,False
340449391,expanded_target_project,True,False
3407114,expanded_target_project,True,False
34083887,expanded_target_project,True,False
34087729,expanded_target_project,True,False
340996636,expanded_target_project,True,False
34117853,expanded_target_project,True,False
341208515,seed_project,True,False
341316058,expanded_target_project,True,False
341322737,expanded_target_project,True,False
341374920,expanded_target_project,True,False
34138622,expanded_target_project,True,False
34139230,expanded_target_project,True,False
341429644,expanded_target_project,True,False
341497177,expanded_target_project,True,False
341523730,expanded_target_project,True,False
341631350,seed_project,True,False
341636094,expanded_target_project,True,False
342006158,expanded_target_project,True,False
342249231,expanded_target_project,True,False
342401811,expanded_target_project,True,False
342551701,expanded_target_project,True,False
34262857,expanded_target_project,True,False
342643515,expanded_target_project,True,False
343068432,expanded_target_project,True,False
343191804,expanded_target_project,True,False
343208836,expanded_target_project,True,False
3432266,expanded_target_project,True,False
343429164,expanded_target_project,True,False
34351530,expanded_target_project,True,False
343576900,expanded_target_project,True,False
34363047,expanded_target_project,True,False
343648351,expanded_target_project,True,False
343668846,expanded_target_project,True,False
343853530,expanded_target_project,True,False
343883550,expanded_target_project,True,False
34391331,expanded_target_project,True,False
34406933,expanded_target_project,True,False
34414315,expanded_target_project,True,False
34416282,expanded_target_project,True,False
34428627,expanded_target_project,True,False
344411200,expanded_target_project,True,False
344711168,seed_project,True,False
344893038,expanded_target_project,True,False
34527204,expanded_target_project,True,False
345321678,expanded_target_project,True,False
34533675,seed_project,True,False
345431021,expanded_target_project,True,False
345619662,expanded_target_project,True,False
34562183,expanded_target_project,True,False
345802860,expanded_target_project,True,False
345847364,expanded_target_project,True,False
34595131,expanded_target_project,True,False
345982729,seed_project,True,False
346005187,expanded_target_project,True,False
346109201,expanded_target_project,True,False
346151858,expanded_target_project,True,False
346315576,expanded_target_project,True,False
346425226,expanded_target_project,True,False
34655771,expanded_target_project,True,False
346561418,expanded_target_project,True,False
346829005,expanded_target_project,True,False
34685800,expanded_target_project,True,False
346904112,expanded_target_project,True,False
346907737,expanded_target_project,True,False
34691715,expanded_target_project,True,False
346976717,seed_project,True,False
3470471,expanded_target_project,True,False
34705315,expanded_target_project,True,False
347111615,expanded_target_project,True,False
347171555,expanded_target_project,True,False
347277349,expanded_target_project,True,False
3476845,expanded_target_project,True,False
34839383,seed_project,True,False
348444625,expanded_target_project,True,False
34844615,expanded_target_project,True,False
34852158,expanded_target_project,True,False
348789764,expanded_target_project,True,False
348845583,expanded_target_project,True,False
348845617,expanded_target_project,True,False
348845699,expanded_target_project,True,False
348871706,expanded_target_project,True,False
348897374,expanded_target_project,True,False
34905043,expanded_target_project,True,False
349172057,expanded_target_project,True,False
34921116,expanded_target_project,True,False
349241,expanded_target_project,True,False
34933072,expanded_target_project,True,False
349424951,expanded_target_project,True,False
349570194,expanded_target_project,True,False
349627612,seed_project,True,False
349707098,expanded_target_project,True,False
349752717,expanded_target_project,True,False
350416584,expanded_target_project,True,False
35051820,expanded_target_project,True,False
350606794,expanded_target_project,True,False
350645373,expanded_target_project,True,False
350747449,expanded_target_project,True,False
35100117,expanded_target_project,True,False
351019317,expanded_target_project,True,False
351130822,expanded_target_project,True,False
35120039,expanded_target_project,True,False
351353365,expanded_target_project,True,False
35144191,expanded_target_project,True,False
351503108,expanded_target_project,True,False
351806852,seed_project,True,False
351978195,expanded_target_project,True,False
35197979,expanded_target_project,True,False
35228936,expanded_target_project,True,False
352436122,expanded_target_project,True,False
352804165,expanded_target_project,True,False
352933986,expanded_target_project,True,False
353335347,expanded_target_project,True,False
35339348,expanded_target_project,True,False
353523898,expanded_target_project,True,False
3535411,expanded_target_project,True,False
353791258,expanded_target_project,True,False
353886007,expanded_target_project,True,False
354080507,expanded_target_project,True,False
354090893,expanded_target_project,True,False
354094562,expanded_target_project,True,False
354123935,expanded_target_project,True,False
354125784,expanded_target_project,True,False
354126484,expanded_target_project,True,False
354129853,expanded_target_project,True,False
354136133,expanded_target_project,True,False
354191236,expanded_target_project,True,False
35437397,expanded_target_project,True,False
354375556,expanded_target_project,True,False
35440404,expanded_target_project,True,False
3544424,expanded_target_project,True,False
354899090,expanded_target_project,True,False
355015152,expanded_target_project,True,False
355027797,expanded_target_project,True,False
355029829,expanded_target_project,True,False
355030559,expanded_target_project,True,False
355032495,expanded_target_project,True,False
355033263,expanded_target_project,True,False
355035157,expanded_target_project,True,False
355197173,expanded_target_project,True,False
355253165,expanded_target_project,True,False
35529429,expanded_target_project,True,False
355307023,expanded_target_project,True,False
355636760,expanded_target_project,True,False
35566048,expanded_target_project,True,False
356003512,expanded_target_project,True,False
356069432,expanded_target_project,True,False
356362815,expanded_target_project,True,False
356756,expanded_target_project,True,False
35697158,expanded_target_project,True,False
35697461,expanded_target_project,True,False
35697550,expanded_target_project,True,False
35698342,expanded_target_project,True,False
35698408,expanded_target_project,True,False
35699223,expanded_target_project,True,False
35699660,expanded_target_project,True,False
35699831,expanded_target_project,True,False
35700771,expanded_target_project,True,False
35701030,expanded_target_project,True,False
357107303,expanded_target_project,True,False
35718616,expanded_target_project,True,False
35726310,expanded_target_project,True,False
357284448,expanded_target_project,True,False
357287236,expanded_target_project,True,False
357290698,expanded_target_project,True,False
357378270,expanded_target_project,True,False
357462016,expanded_target_project,True,False
357494593,expanded_target_project,True,False
357510578,expanded_target_project,True,False
357524436,expanded_target_project,True,False
357558544,expanded_target_project,True,False
357684878,expanded_target_project,True,False
357707809,seed_project,True,False
357720135,expanded_target_project,True,False
357723952,expanded_target_project,True,False
357728969,expanded_target_project,True,False
357794679,expanded_target_project,True,False
357936578,expanded_target_project,True,False
358067277,expanded_target_project,True,False
35810174,expanded_target_project,True,False
358201880,expanded_target_project,True,False
35823699,expanded_target_project,True,False
35852087,expanded_target_project,True,False
358735095,expanded_target_project,True,False
35890081,expanded_target_project,True,False
358917250,expanded_target_project,True,False
358917318,seed_project,True,False
358925208,expanded_target_project,True,False
35894511,expanded_target_project,True,False
35897457,expanded_target_project,True,False
35900688,expanded_target_project,True,False
359168968,expanded_target_project,True,False
359199097,expanded_target_project,True,False
359341902,expanded_target_project,True,False
359454217,expanded_target_project,True,False
359494116,expanded_target_project,True,False
35958325,expanded_target_project,True,False
359607103,expanded_target_project,True,False
359757315,expanded_target_project,True,False
359757377,expanded_target_project,True,False
359780596,expanded_target_project,True,False
359812205,expanded_target_project,True,False
359952601,expanded_target_project,True,False
359965651,expanded_target_project,True,False
360264486,expanded_target_project,True,False
3604157,expanded_target_project,True,False
360436551,expanded_target_project,True,False
360462210,expanded_target_project,True,False
3604630,expanded_target_project,True,False
36046479,expanded_target_project,True,False
360521076,expanded_target_project,True,False
360639607,expanded_target_project,True,False
360734598,expanded_target_project,True,False
360735059,expanded_target_project,True,False
360961757,expanded_target_project,True,False
360998824,expanded_target_project,True,False
36130556,expanded_target_project,True,False
361383146,expanded_target_project,True,False
36161366,expanded_target_project,True,False
361767999,expanded_target_project,True,False
361877033,expanded_target_project,True,False
362068489,expanded_target_project,True,False
362220956,expanded_target_project,True,False
362276910,expanded_target_project,True,False
362404999,expanded_target_project,True,False
362529558,expanded_target_project,True,False
3626075,expanded_target_project,True,False
36267369,expanded_target_project,True,False
362712307,expanded_target_project,True,False
363150,expanded_target_project,True,False
363191223,expanded_target_project,True,False
363245888,expanded_target_project,True,False
363341351,expanded_target_project,True,False
36377339,expanded_target_project,True,False
363801746,expanded_target_project,True,False
363917569,expanded_target_project,True,False
363920445,expanded_target_project,True,False
364003912,expanded_target_project,True,False
36404681,expanded_target_project,True,False
364189600,expanded_target_project,True,False
364195857,expanded_target_project,True,False
36439741,expanded_target_project,True,False
36444640,expanded_target_project,True,False
364534653,expanded_target_project,True,False
364602128,expanded_target_project,True,False
364712598,expanded_target_project,True,False
364741693,expanded_target_project,True,False
364992209,expanded_target_project,True,False
365005377,expanded_target_project,True,False
36502,expanded_target_project,True,False
365099290,expanded_target_project,True,False
365244061,expanded_target_project,True,False
365367675,expanded_target_project,True,False
36552873,expanded_target_project,True,False
3655872,expanded_target_project,True,False
365818754,expanded_target_project,True,False
366186609,expanded_target_project,True,False
366300218,expanded_target_project,True,False
3664596,expanded_target_project,True,False
36653430,expanded_target_project,True,False
36654353,expanded_target_project,True,False
366767099,expanded_target_project,True,False
366922019,expanded_target_project,True,False
367032142,expanded_target_project,True,False
367077563,expanded_target_project,True,False
367261349,expanded_target_project,True,False
367361729,expanded_target_project,True,False
367429065,expanded_target_project,True,False
36747447,expanded_target_project,True,False
367668551,expanded_target_project,True,False
36778364,expanded_target_project,True,False
367869181,expanded_target_project,True,False
3678731,expanded_target_project,True,False
368135119,expanded_target_project,True,False
36817457,expanded_target_project,True,False
368257515,expanded_target_project,True,False
368282919,expanded_target_project,True,False
36835663,expanded_target_project,True,False
368395082,expanded_target_project,True,False
368565094,expanded_target_project,True,False
368626599,expanded_target_project,True,False
368683828,expanded_target_project,True,False
36883823,expanded_target_project,True,False
36891867,expanded_target_project,True,False
3689718,expanded_target_project,True,False
369486739,expanded_target_project,True,False
369588765,expanded_target_project,True,False
36960321,expanded_target_project,True,False
369656460,expanded_target_project,True,False
369765180,expanded_target_project,True,False
3698588,expanded_target_project,True,False
370007792,expanded_target_project,True,False
370488914,expanded_target_project,True,False
370644553,expanded_target_project,True,False
370668507,expanded_target_project,True,False
371068214,expanded_target_project,True,False
371172777,seed_project,True,False
371468,expanded_target_project,True,False
371660676,expanded_target_project,True,False
37171746,expanded_target_project,True,False
37198116,expanded_target_project,True,False
372172254,expanded_target_project,True,False
372511564,expanded_target_project,True,False
372536503,expanded_target_project,True,False
372536760,seed_project,True,False
372560122,expanded_target_project,True,False
372609963,expanded_target_project,True,False
372630017,expanded_target_project,True,False
372675120,expanded_target_project,True,False
37282287,expanded_target_project,True,False
37285717,seed_project,True,False
37290652,expanded_target_project,True,False
37290678,expanded_target_project,True,False
37308208,expanded_target_project,True,False
373163805,expanded_target_project,True,False
37326770,expanded_target_project,True,False
373307571,expanded_target_project,True,False
373315216,expanded_target_project,True,False
37334619,expanded_target_project,True,False
37346186,expanded_target_project,True,False
373697868,expanded_target_project,True,False
373800628,expanded_target_project,True,False
373940169,expanded_target_project,True,False
37440338,expanded_target_project,True,False
374436184,expanded_target_project,True,False
37445421,expanded_target_project,True,False
374544800,expanded_target_project,True,False
374765810,expanded_target_project,True,False
374846113,expanded_target_project,True,False
374876908,expanded_target_project,True,False
37489525,expanded_target_project,True,False
374927,expanded_target_project,True,False
374992541,expanded_target_project,True,False
375027048,expanded_target_project,True,False
375032116,expanded_target_project,True,False
37510432,expanded_target_project,True,False
375265367,expanded_target_project,True,False
375499480,expanded_target_project,True,False
375543829,expanded_target_project,True,False
37560288,expanded_target_project,True,False
375724253,expanded_target_project,True,False
375736511,expanded_target_project,True,False
375842397,expanded_target_project,True,False
375962860,expanded_target_project,True,False
376093508,expanded_target_project,True,False
376172960,expanded_target_project,True,False
37631091,expanded_target_project,True,False
3766330,seed_project,True,False
376951839,expanded_target_project,True,False
37754268,expanded_target_project,True,False
377755619,expanded_target_project,True,False
377881607,expanded_target_project,True,False
37796696,expanded_target_project,True,False
378182560,expanded_target_project,True,False
3786237,seed_project,True,False
378817967,expanded_target_project,True,False
3788366,seed_project,True,False
379008980,expanded_target_project,True,False
37900915,expanded_target_project,True,False
379174547,expanded_target_project,True,False
379201052,expanded_target_project,True,False
379865325,expanded_target_project,True,False
379939977,expanded_target_project,True,False
379969359,expanded_target_project,True,False
380305028,expanded_target_project,True,False
380944275,expanded_target_project,True,False
380971085,expanded_target_project,True,False
3811518,expanded_target_project,True,False
381428400,expanded_target_project,True,False
381455151,expanded_target_project,True,False
381500711,expanded_target_project,True,False
38153503,expanded_target_project,True,False
381666251,expanded_target_project,True,False
381967785,expanded_target_project,True,False
38279457,expanded_target_project,True,False
38279790,expanded_target_project,True,False
382800841,expanded_target_project,True,False
383020697,expanded_target_project,True,False
38307428,expanded_target_project,True,False
383185912,expanded_target_project,True,False
38329989,expanded_target_project,True,False
383428435,expanded_target_project,True,False
383482440,expanded_target_project,True,False
383530539,expanded_target_project,True,False
383707539,expanded_target_project,True,False
38373338,expanded_target_project,True,False
383855027,expanded_target_project,True,False
383875967,expanded_target_project,True,False
384131047,expanded_target_project,True,False
384132842,expanded_target_project,True,False
384191524,expanded_target_project,True,False
384403174,expanded_target_project,True,False
38451868,expanded_target_project,True,False
38488726,expanded_target_project,True,False
38505249,expanded_target_project,True,False
385183546,expanded_target_project,True,False
38525117,expanded_target_project,True,False
385356389,seed_project,True,False
385426741,expanded_target_project,True,False
385554672,expanded_target_project,True,False
385634291,seed_project,True,False
385658067,expanded_target_project,True,False
385693693,expanded_target_project,True,False
385694529,expanded_target_project,True,False
38581626,expanded_target_project,True,False
386053978,expanded_target_project,True,False
386095335,expanded_target_project,True,False
38617,expanded_target_project,True,False
386788697,expanded_target_project,True,False
387065774,expanded_target_project,True,False
387157909,expanded_target_project,True,False
38744670,expanded_target_project,True,False
387486196,expanded_target_project,True,False
387486323,expanded_target_project,True,False
387547755,expanded_target_project,True,False
387598861,expanded_target_project,True,False
387622288,seed_project,True,False
3877327,expanded_target_project,True,False
387876243,expanded_target_project,True,False
38800748,expanded_target_project,True,False
388015125,expanded_target_project,True,False
388225543,expanded_target_project,True,False
388268970,expanded_target_project,True,False
38829639,expanded_target_project,True,False
388840211,expanded_target_project,True,False
388880322,expanded_target_project,True,False
388881093,expanded_target_project,True,False
388883534,expanded_target_project,True,False
388884666,expanded_target_project,True,False
388885253,expanded_target_project,True,False
388936696,expanded_target_project,True,False
388946490,seed_project,True,False
389256017,expanded_target_project,True,False
389390208,expanded_target_project,True,False
3894929,expanded_target_project,True,False
38973038,expanded_target_project,True,False
389745284,expanded_target_project,True,False
390240657,expanded_target_project,True,False
390324364,expanded_target_project,True,False
39038086,expanded_target_project,True,False
390505378,expanded_target_project,True,False
390536799,expanded_target_project,True,False
39062978,expanded_target_project,True,False
39063076,expanded_target_project,True,False
39107211,expanded_target_project,True,False
39111193,expanded_target_project,True,False
3911430,expanded_target_project,True,False
391153869,expanded_target_project,True,False
39144867,expanded_target_project,True,False
39176169,expanded_target_project,True,False
392292114,expanded_target_project,True,False
39265047,expanded_target_project,True,False
392714630,expanded_target_project,True,False
392728007,expanded_target_project,True,False
39283837,expanded_target_project,True,False
39285768,expanded_target_project,True,False
392918204,expanded_target_project,True,False
393094567,expanded_target_project,True,False
393159516,expanded_target_project,True,False
393235957,seed_project,True,False
393288578,expanded_target_project,True,False
393499763,expanded_target_project,True,False
393562005,expanded_target_project,True,False
39398382,expanded_target_project,True,False
394028369,expanded_target_project,True,False
39443258,expanded_target_project,True,False
394498711,expanded_target_project,True,False
394523815,expanded_target_project,True,False
39464018,expanded_target_project,True,False
39468142,expanded_target_project,True,False
394754122,expanded_target_project,True,False
394789638,expanded_target_project,True,False
394929332,expanded_target_project,True,False
39519916,seed_project,True,False
395260989,expanded_target_project,True,False
39527318,expanded_target_project,True,False
3954884,expanded_target_project,True,False
3955647,expanded_target_project,True,False
395696124,expanded_target_project,True,False
39573021,expanded_target_project,True,False
395733062,expanded_target_project,True,False
395893003,expanded_target_project,True,False
39592840,expanded_target_project,True,False
39595126,expanded_target_project,True,False
396684289,expanded_target_project,True,False
396856161,seed_project,True,False
396867188,seed_project,True,False
39720886,expanded_target_project,True,False
39759972,expanded_target_project,True,False
397776424,expanded_target_project,True,False
397826175,expanded_target_project,True,False
397996130,expanded_target_project,True,False
398105002,expanded_target_project,True,False
398164186,expanded_target_project,True,False
39816691,expanded_target_project,True,False
398251321,expanded_target_project,True,False
398329217,expanded_target_project,True,False
39840932,expanded_target_project,True,False
39842065,expanded_target_project,True,False
398516876,expanded_target_project,True,False
398732697,expanded_target_project,True,False
39874513,expanded_target_project,True,False
39907649,expanded_target_project,True,False
399244124,expanded_target_project,True,False
39945883,expanded_target_project,True,False
399925381,expanded_target_project,True,False
400147654,expanded_target_project,True,False
40029196,expanded_target_project,True,False
400492523,expanded_target_project,True,False
400786610,expanded_target_project,True,False
401531966,expanded_target_project,True,False
4015965,expanded_target_project,True,False
401599965,expanded_target_project,True,False
401621478,expanded_target_project,True,False
401850253,expanded_target_project,True,False
40200644,expanded_target_project,True,False
402021456,expanded_target_project,True,False
40210247,expanded_target_project,True,False
402121073,expanded_target_project,True,False
40219422,expanded_target_project,True,False
40276274,expanded_target_project,True,False
402945349,expanded_target_project,True,False
403020531,expanded_target_project,True,False
40306512,expanded_target_project,True,False
403248238,expanded_target_project,True,False
403331298,expanded_target_project,True,False
403351442,expanded_target_project,True,False
403449752,expanded_target_project,True,False
40345658,expanded_target_project,True,False
40355094,expanded_target_project,True,False
403691920,expanded_target_project,True,False
403744638,expanded_target_project,True,False
403880807,expanded_target_project,True,False
40395126,expanded_target_project,True,False
404086694,expanded_target_project,True,False
404143034,expanded_target_project,True,False
404144554,expanded_target_project,True,False
404184160,expanded_target_project,True,False
404194456,expanded_target_project,True,False
4044891,expanded_target_project,True,False
404607321,expanded_target_project,True,False
40518025,expanded_target_project,True,False
40539602,expanded_target_project,True,False
405898839,expanded_target_project,True,False
405937971,expanded_target_project,True,False
40620773,expanded_target_project,True,False
40667593,expanded_target_project,True,False
406681532,expanded_target_project,True,False
4067434,expanded_target_project,True,False
4069172,expanded_target_project,True,False
406919684,expanded_target_project,True,False
406999479,expanded_target_project,True,False
407142976,expanded_target_project,True,False
407242578,expanded_target_project,True,False
407294153,expanded_target_project,True,False
40736127,expanded_target_project,True,False
40741114,expanded_target_project,True,False
407468498,expanded_target_project,True,False
40781628,expanded_target_project,True,False
407831273,expanded_target_project,True,False
408387870,expanded_target_project,True,False
4084908,expanded_target_project,True,False
408582115,expanded_target_project,True,False
408656417,expanded_target_project,True,False
408725643,expanded_target_project,True,False
408822193,expanded_target_project,True,False
408996775,expanded_target_project,True,False
409279159,expanded_target_project,True,False
409296208,expanded_target_project,True,False
409307855,expanded_target_project,True,False
409370186,expanded_target_project,True,False
409388445,expanded_target_project,True,False
409392206,expanded_target_project,True,False
409505495,expanded_target_project,True,False
409565500,expanded_target_project,True,False
409808684,expanded_target_project,True,False
409814339,expanded_target_project,True,False
409876755,expanded_target_project,True,False
410009823,expanded_target_project,True,False
410139456,expanded_target_project,True,False
410442633,expanded_target_project,True,False
41058054,expanded_target_project,True,False
410716689,expanded_target_project,True,False
410766005,expanded_target_project,True,False
411125610,expanded_target_project,True,False
411261949,expanded_target_project,True,False
411318591,expanded_target_project,True,False
411442387,expanded_target_project,True,False
411502985,expanded_target_project,True,False
411527414,expanded_target_project,True,False
41175020,expanded_target_project,True,False
41179827,expanded_target_project,True,False
411979983,seed_project,True,False
412102330,expanded_target_project,True,False
412132838,expanded_target_project,True,False
412240914,expanded_target_project,True,False
412264930,expanded_target_project,True,False
412357715,expanded_target_project,True,False
412395318,expanded_target_project,True,False
41242592,expanded_target_project,True,False
412586952,expanded_target_project,True,False
4128353,expanded_target_project,True,False
413071565,expanded_target_project,True,False
41317079,expanded_target_project,True,False
413389267,expanded_target_project,True,False
41349039,seed_project,True,False
413873228,expanded_target_project,True,False
414013547,expanded_target_project,True,False
41420773,expanded_target_project,True,False
414314563,expanded_target_project,True,False
414369883,expanded_target_project,True,False
414399712,expanded_target_project,True,False
414411552,expanded_target_project,True,False
414487414,expanded_target_project,True,False
414515727,expanded_target_project,True,False
414613150,expanded_target_project,True,False
414633085,expanded_target_project,True,False
41473746,expanded_target_project,True,False
414909619,expanded_target_project,True,False
415117331,expanded_target_project,True,False
415174355,expanded_target_project,True,False
415573763,expanded_target_project,True,False
415741642,expanded_target_project,True,False
415771369,expanded_target_project,True,False
415776566,expanded_target_project,True,False
415895268,expanded_target_project,True,False
416051323,expanded_target_project,True,False
416091141,expanded_target_project,True,False
416141899,expanded_target_project,True,False
416144775,expanded_target_project,True,False
416174776,seed_project,True,False
416231913,expanded_target_project,True,False
416232706,expanded_target_project,True,False
416232973,expanded_target_project,True,False
416307049,expanded_target_project,True,False
416315721,expanded_target_project,True,False
41632796,expanded_target_project,True,False
416356262,expanded_target_project,True,False
4164482,expanded_target_project,True,False
41659639,expanded_target_project,True,False
41681600,expanded_target_project,True,False
417011402,expanded_target_project,True,False
417132124,expanded_target_project,True,False
417630672,expanded_target_project,True,False
417633116,expanded_target_project,True,False
41767943,expanded_target_project,True,False
417731747,expanded_target_project,True,False
41824974,expanded_target_project,True,False
418276612,expanded_target_project,True,False
418433841,expanded_target_project,True,False
41881575,expanded_target_project,True,False
418902234,expanded_target_project,True,False
419088860,expanded_target_project,True,False
4192593,expanded_target_project,True,False
41943138,expanded_target_project,True,False
41952293,expanded_target_project,True,False
419571031,expanded_target_project,True,False
41964498,expanded_target_project,True,False
41969076,expanded_target_project,True,False
419705751,expanded_target_project,True,False
41986369,seed_project,True,False
41986662,expanded_target_project,True,False
420026145,expanded_target_project,True,False
420067157,expanded_target_project,True,False
420110427,expanded_target_project,True,False
420582125,expanded_target_project,True,False
420777439,expanded_target_project,True,False
42078666,expanded_target_project,True,False
420838357,expanded_target_project,True,False
420854474,expanded_target_project,True,False
420965027,seed_project,True,False
421101922,expanded_target_project,True,False
42149336,expanded_target_project,True,False
42155092,expanded_target_project,True,False
421609857,expanded_target_project,True,False
421704236,expanded_target_project,True,False
421774239,expanded_target_project,True,False
421898654,expanded_target_project,True,False
422205507,expanded_target_project,True,False
422359641,expanded_target_project,True,False
42237038,expanded_target_project,True,False
422379561,expanded_target_project,True,False
42244830,expanded_target_project,True,False
422455952,expanded_target_project,True,False
422821402,seed_project,True,False
4228808,expanded_target_project,True,False
42300713,expanded_target_project,True,False
42304749,expanded_target_project,True,False
423543171,expanded_target_project,True,False
423691236,expanded_target_project,True,False
423712737,expanded_target_project,True,False
423828713,expanded_target_project,True,False
423907006,expanded_target_project,True,False
423942690,expanded_target_project,True,False
423955808,expanded_target_project,True,False
42406144,expanded_target_project,True,False
42408804,expanded_target_project,True,False
424470669,expanded_target_project,True,False
42479602,expanded_target_project,True,False
424898549,expanded_target_project,True,False
42494717,expanded_target_project,True,False
4253330,expanded_target_project,True,False
425358390,expanded_target_project,True,False
4254325,expanded_target_project,True,False
4254334,expanded_target_project,True,False
4254338,seed_project,True,False
425833530,expanded_target_project,True,False
42610470,expanded_target_project,True,False
42652543,expanded_target_project,True,False
426543151,expanded_target_project,True,False
426559977,expanded_target_project,True,False
426669980,expanded_target_project,True,False
426758144,expanded_target_project,True,False
42679047,expanded_target_project,True,False
42680391,expanded_target_project,True,False
4268140,expanded_target_project,True,False
42685794,expanded_target_project,True,False
426969608,expanded_target_project,True,False
426986055,expanded_target_project,True,False
427247481,expanded_target_project,True,False
42728217,expanded_target_project,True,False
427493431,expanded_target_project,True,False
42763345,expanded_target_project,True,False
427714336,expanded_target_project,True,False
427717011,expanded_target_project,True,False
428231308,expanded_target_project,True,False
428744086,expanded_target_project,True,False
42875585,expanded_target_project,True,False
428931480,expanded_target_project,True,False
42895929,expanded_target_project,True,False
429017214,expanded_target_project,True,False
429043408,expanded_target_project,True,False
429115636,expanded_target_project,True,False
429180442,expanded_target_project,True,False
429236908,expanded_target_project,True,False
429258530,expanded_target_project,True,False
429337233,expanded_target_project,True,False
429630067,seed_project,True,False
429687384,expanded_target_project,True,False
4298283,expanded_target_project,True,False
430286090,expanded_target_project,True,False
430398283,expanded_target_project,True,False
430633055,expanded_target_project,True,False
430756925,expanded_target_project,True,False
4307702,expanded_target_project,True,False
431078731,expanded_target_project,True,False
43111018,expanded_target_project,True,False
431214669,expanded_target_project,True,False
43135716,expanded_target_project,True,False
431388952,expanded_target_project,True,False
431654395,expanded_target_project,True,False
431665427,expanded_target_project,True,False
431747333,expanded_target_project,True,False
431885704,expanded_target_project,True,False
43192623,expanded_target_project,True,False
43225113,expanded_target_project,True,False
432838863,expanded_target_project,True,False
432844875,seed_project,True,False
432887132,expanded_target_project,True,False
432922260,expanded_target_project,True,False
433101168,expanded_target_project,True,False
433198567,expanded_target_project,True,False
433213085,expanded_target_project,True,False
433273516,expanded_target_project,True,False
433653701,expanded_target_project,True,False
43372634,expanded_target_project,True,False
433738623,expanded_target_project,True,False
433759186,expanded_target_project,True,False
433773425,expanded_target_project,True,False
433805355,expanded_target_project,True,False
4339479,expanded_target_project,True,False
434218673,expanded_target_project,True,False
43431363,expanded_target_project,True,False
43441403,expanded_target_project,True,False
434434408,expanded_target_project,True,False
434708679,expanded_target_project,True,False
434827479,expanded_target_project,True,False
434919155,expanded_target_project,True,False
435375021,expanded_target_project,True,False
435468683,expanded_target_project,True,False
4354801,expanded_target_project,True,False
43560507,expanded_target_project,True,False
435908560,expanded_target_project,True,False
435955533,expanded_target_project,True,False
436025393,expanded_target_project,True,False
436088903,expanded_target_project,True,False
436236826,expanded_target_project,True,False
436282917,expanded_target_project,True,False
436297183,expanded_target_project,True,False
436466520,expanded_target_project,True,False
436474538,expanded_target_project,True,False
43648562,expanded_target_project,True,False
436520237,expanded_target_project,True,False
436536364,expanded_target_project,True,False
436551874,expanded_target_project,True,False
436599976,expanded_target_project,True,False
436664109,expanded_target_project,True,False
436912897,expanded_target_project,True,False
43701787,expanded_target_project,True,False
43723161,expanded_target_project,True,False
437485701,expanded_target_project,True,False
437782928,expanded_target_project,True,False
437808595,expanded_target_project,True,False
437879921,expanded_target_project,True,False
437944910,expanded_target_project,True,False
438001215,expanded_target_project,True,False
438013940,expanded_target_project,True,False
438056248,expanded_target_project,True,False
438096425,expanded_target_project,True,False
438112499,expanded_target_project,True,False
438175733,expanded_target_project,True,False
438203376,expanded_target_project,True,False
438391791,expanded_target_project,True,False
438414171,expanded_target_project,True,False
438419937,expanded_target_project,True,False
438518303,expanded_target_project,True,False
438625184,expanded_target_project,True,False
438707344,expanded_target_project,True,False
439011383,expanded_target_project,True,False
439055966,expanded_target_project,True,False
439124081,expanded_target_project,True,False
439140560,expanded_target_project,True,False
439232298,expanded_target_project,True,False
439278330,expanded_target_project,True,False
439348478,expanded_target_project,True,False
439728561,expanded_target_project,True,False
43973779,expanded_target_project,True,False
43976244,expanded_target_project,True,False
43977215,expanded_target_project,True,False
43997752,expanded_target_project,True,False
440262866,expanded_target_project,True,False
440289940,expanded_target_project,True,False
440310078,expanded_target_project,True,False
440338104,expanded_target_project,True,False
440346630,expanded_target_project,True,False
440385562,expanded_target_project,True,False
440548397,expanded_target_project,True,False
440582814,expanded_target_project,True,False
4407129,seed_project,True,False
440807399,expanded_target_project,True,False
440858794,expanded_target_project,True,False
440884432,expanded_target_project,True,False
440909617,expanded_target_project,True,False
441206783,expanded_target_project,True,False
441299511,seed_project,True,False
441658598,expanded_target_project,True,False
442405131,expanded_target_project,True,False
442430,expanded_target_project,True,False
442441672,expanded_target_project,True,False
442441933,seed_project,True,False
442716595,expanded_target_project,True,False
443220240,seed_project,True,False
443226474,expanded_target_project,True,False
443233186,expanded_target_project,True,False
4433540,expanded_target_project,True,False
443730909,expanded_target_project,True,False
443772950,expanded_target_project,True,False
443833295,expanded_target_project,True,False
443997241,expanded_target_project,True,False
444308997,expanded_target_project,True,False
444345682,expanded_target_project,True,False
444403283,expanded_target_project,True,False
444784633,expanded_target_project,True,False
444867182,expanded_target_project,True,False
44498957,expanded_target_project,True,False
44518776,expanded_target_project,True,False
445340244,expanded_target_project,True,False
445376431,expanded_target_project,True,False
445423122,expanded_target_project,True,False
445431783,expanded_target_project,True,False
445557289,expanded_target_project,True,False
445569784,expanded_target_project,True,False
445627498,expanded_target_project,True,False
44611390,expanded_target_project,True,False
446314577,expanded_target_project,True,False
4463453,expanded_target_project,True,False
446567175,expanded_target_project,True,False
446597121,expanded_target_project,True,False
44662669,expanded_target_project,True,False
44667904,expanded_target_project,True,False
446687759,expanded_target_project,True,False
446812177,expanded_target_project,True,False
446937385,expanded_target_project,True,False
44702033,expanded_target_project,True,False
447060287,expanded_target_project,True,False
447103949,expanded_target_project,True,False
447154263,expanded_target_project,True,False
447225444,expanded_target_project,True,False
44733039,expanded_target_project,True,False
447544746,expanded_target_project,True,False
447659577,expanded_target_project,True,False
44781140,seed_project,True,False
448111235,expanded_target_project,True,False
448141955,expanded_target_project,True,False
448362311,expanded_target_project,True,False
44838949,expanded_target_project,True,False
449091292,expanded_target_project,True,False
449206656,expanded_target_project,True,False
44921781,expanded_target_project,True,False
449438333,expanded_target_project,True,False
449643557,expanded_target_project,True,False
449657737,expanded_target_project,True,False
449924556,seed_project,True,False
450019595,expanded_target_project,True,False
450105602,expanded_target_project,True,False
450183621,expanded_target_project,True,False
450439333,expanded_target_project,True,False
450466230,expanded_target_project,True,False
450602159,expanded_target_project,True,False
4508653,expanded_target_project,True,False
45115389,expanded_target_project,True,False
451254817,expanded_target_project,True,False
451415113,expanded_target_project,True,False
451511457,expanded_target_project,True,False
451543819,expanded_target_project,True,False
451562730,expanded_target_project,True,False
451686445,expanded_target_project,True,False
451988788,expanded_target_project,True,False
451990498,expanded_target_project,True,False
45200599,expanded_target_project,True,False
45202495,expanded_target_project,True,False
45226685,expanded_target_project,True,False
452337765,expanded_target_project,True,False
4524181,expanded_target_project,True,False
452575658,expanded_target_project,True,False
452618038,expanded_target_project,True,False
452825945,expanded_target_project,True,False
45305126,expanded_target_project,True,False
453068084,seed_project,True,False
453154263,expanded_target_project,True,False
453191009,seed_project,True,False
453379272,expanded_target_project,True,False
453540240,expanded_target_project,True,False
453580393,expanded_target_project,True,False
453631903,expanded_target_project,True,False
4537118,expanded_target_project,True,False
454132203,expanded_target_project,True,False
45423600,expanded_target_project,True,False
4542716,expanded_target_project,True,False
45446294,expanded_target_project,True,False
454528656,expanded_target_project,True,False
454636702,expanded_target_project,True,False
45497910,expanded_target_project,True,False
454981666,seed_project,True,False
45498365,expanded_target_project,True,False
45516769,expanded_target_project,True,False
455229168,expanded_target_project,True,False
455590766,expanded_target_project,True,False
455600,expanded_target_project,True,False
4564034,expanded_target_project,True,False
456549280,seed_project,True,False
456672770,expanded_target_project,True,False
456672881,expanded_target_project,True,False
456728202,expanded_target_project,True,False
4569051,expanded_target_project,True,False
456938055,expanded_target_project,True,False
45717250,expanded_target_project,True,False
45721011,expanded_target_project,True,False
45732002,seed_project,True,False
457577836,expanded_target_project,True,False
457619173,expanded_target_project,True,False
457946259,expanded_target_project,True,False
457955175,expanded_target_project,True,False
457979282,expanded_target_project,True,False
458035827,expanded_target_project,True,False
458058,expanded_target_project,True,False
458226256,expanded_target_project,True,False
458283258,expanded_target_project,True,False
45832751,expanded_target_project,True,False
458711155,expanded_target_project,True,False
458793640,expanded_target_project,True,False
458807284,expanded_target_project,True,False
459025965,expanded_target_project,True,False
45903621,expanded_target_project,True,False
45938451,expanded_target_project,True,False
460076120,expanded_target_project,True,False
460077424,expanded_target_project,True,False
460293724,expanded_target_project,True,False
4604367,seed_project,True,False
46052837,expanded_target_project,True,False
46083140,expanded_target_project,True,False
46089560,expanded_target_project,True,False
461140045,expanded_target_project,True,False
46122460,expanded_target_project,True,False
461622431,expanded_target_project,True,False
461846029,expanded_target_project,True,False
461875582,expanded_target_project,True,False
461884381,expanded_target_project,True,False
461899442,expanded_target_project,True,False
462292,expanded_target_project,True,False
462329984,seed_project,True,False
46234189,expanded_target_project,True,False
462355231,expanded_target_project,True,False
4624165,expanded_target_project,True,False
462601000,expanded_target_project,True,False
462611119,expanded_target_project,True,False
46291330,expanded_target_project,True,False
462937884,expanded_target_project,True,False
463144212,expanded_target_project,True,False
463209963,expanded_target_project,True,False
463247491,expanded_target_project,True,False
463288368,expanded_target_project,True,False
46328956,expanded_target_project,True,False
463346794,expanded_target_project,True,False
463453836,expanded_target_project,True,False
46347857,expanded_target_project,True,False
463656695,expanded_target_project,True,False
463689901,expanded_target_project,True,False
463750547,expanded_target_project,True,False
46376800,expanded_target_project,True,False
46379698,expanded_target_project,True,False
46394186,expanded_target_project,True,False
46420463,expanded_target_project,True,False
46425250,expanded_target_project,True,False
464597232,expanded_target_project,True,False
464684932,expanded_target_project,True,False
464893163,expanded_target_project,True,False
464980742,expanded_target_project,True,False
465011315,expanded_target_project,True,False
46504130,expanded_target_project,True,False
465431114,expanded_target_project,True,False
4659423,expanded_target_project,True,False
46598496,expanded_target_project,True,False
466440406,expanded_target_project,True,False
466488991,expanded_target_project,True,False
466498609,expanded_target_project,True,False
466511672,expanded_target_project,True,False
466757879,expanded_target_project,True,False
46712849,expanded_target_project,True,False
467151498,expanded_target_project,True,False
467164901,expanded_target_project,True,False
467205705,expanded_target_project,True,False
467305201,expanded_target_project,True,False
467336443,expanded_target_project,True,False
467348529,expanded_target_project,True,False
467355866,expanded_target_project,True,False
46755224,expanded_target_project,True,False
467580471,expanded_target_project,True,False
467834013,expanded_target_project,True,False
4681328,expanded_target_project,True,False
4685187,expanded_target_project,True,False
468576060,expanded_target_project,True,False
468964083,expanded_target_project,True,False
46900076,expanded_target_project,True,False
4690278,expanded_target_project,True,False
469069490,expanded_target_project,True,False
46916188,expanded_target_project,True,False
469345703,expanded_target_project,True,False
469617187,expanded_target_project,True,False
469712953,expanded_target_project,True,False
469828818,expanded_target_project,True,False
469877060,expanded_target_project,True,False
469914860,expanded_target_project,True,False
46998787,expanded_target_project,True,False
470126561,expanded_target_project,True,False
470195531,expanded_target_project,True,False
470405503,expanded_target_project,True,False
470569742,expanded_target_project,True,False
47065398,expanded_target_project,True,False
470755469,expanded_target_project,True,False
470873369,expanded_target_project,True,False
470954148,expanded_target_project,True,False
47140131,expanded_target_project,True,False
471459709,expanded_target_project,True,False
471621386,expanded_target_project,True,False
47190624,expanded_target_project,True,False
47203045,expanded_target_project,True,False
47219360,expanded_target_project,True,False
472230828,expanded_target_project,True,False
472249049,expanded_target_project,True,False
47264649,expanded_target_project,True,False
472775521,expanded_target_project,True,False
472870988,expanded_target_project,True,False
472893587,expanded_target_project,True,False
472909832,expanded_target_project,True,False
472961423,expanded_target_project,True,False
473235285,seed_project,True,False
473555568,expanded_target_project,True,False
473614246,expanded_target_project,True,False
47371310,expanded_target_project,True,False
473747677,expanded_target_project,True,False
474002249,expanded_target_project,True,False
474070793,seed_project,True,False
47409672,expanded_target_project,True,False
474191681,expanded_target_project,True,False
474202076,expanded_target_project,True,False
474609551,expanded_target_project,True,False
474841422,expanded_target_project,True,False
474942253,expanded_target_project,True,False
474982484,expanded_target_project,True,False
475016659,expanded_target_project,True,False
475029937,expanded_target_project,True,False
475599,expanded_target_project,True,False
47574295,expanded_target_project,True,False
475909036,expanded_target_project,True,False
476065101,expanded_target_project,True,False
476322310,expanded_target_project,True,False
476372928,expanded_target_project,True,False
476381845,expanded_target_project,True,False
476548123,expanded_target_project,True,False
47662468,expanded_target_project,True,False
476635419,expanded_target_project,True,False
47671127,expanded_target_project,True,False
476825711,expanded_target_project,True,False
476902780,expanded_target_project,True,False
47711273,expanded_target_project,True,False
47755262,expanded_target_project,True,False
47757098,expanded_target_project,True,False
477896448,expanded_target_project,True,False
477925242,expanded_target_project,True,False
478288303,seed_project,True,False
47848761,expanded_target_project,True,False
47849203,expanded_target_project,True,False
478529906,expanded_target_project,True,False
47854924,expanded_target_project,True,False
4787459,expanded_target_project,True,False
47878060,expanded_target_project,True,False
478886147,expanded_target_project,True,False
478886268,expanded_target_project,True,False
479291099,expanded_target_project,True,False
479292237,expanded_target_project,True,False
479517597,expanded_target_project,True,False
47969891,expanded_target_project,True,False
4797147,expanded_target_project,True,False
47973088,seed_project,True,False
479752228,expanded_target_project,True,False
479773469,expanded_target_project,True,False
479861850,expanded_target_project,True,False
48004987,expanded_target_project,True,False
480080,expanded_target_project,True,False
480211114,expanded_target_project,True,False
480217156,seed_project,True,False
480239936,expanded_target_project,True,False
480309588,expanded_target_project,True,False
480318757,expanded_target_project,True,False
480401263,expanded_target_project,True,False
48046454,expanded_target_project,True,False
48062626,expanded_target_project,True,False
480668717,expanded_target_project,True,False
480818071,expanded_target_project,True,False
481324763,expanded_target_project,True,False
481429011,expanded_target_project,True,False
481475524,expanded_target_project,True,False
482457819,expanded_target_project,True,False
482914040,expanded_target_project,True,False
483142984,expanded_target_project,True,False
483146498,expanded_target_project,True,False
483165434,expanded_target_project,True,False
483185939,expanded_target_project,True,False
483457655,expanded_target_project,True,False
483500211,expanded_target_project,True,False
483662796,expanded_target_project,True,False
483667431,expanded_target_project,True,False
483924,expanded_target_project,True,False
484214803,expanded_target_project,True,False
484398532,expanded_target_project,True,False
48451041,seed_project,True,False
484765387,expanded_target_project,True,False
48491431,expanded_target_project,True,False
485243264,expanded_target_project,True,False
485738909,expanded_target_project,True,False
48578152,expanded_target_project,True,False
486125557,expanded_target_project,True,False
486163275,expanded_target_project,True,False
48617634,seed_project,True,False
4861768,expanded_target_project,True,False
486278040,expanded_target_project,True,False
486365104,expanded_target_project,True,False
486605815,expanded_target_project,True,False
486917300,expanded_target_project,True,False
487009502,expanded_target_project,True,False
487074429,expanded_target_project,True,False
48714685,expanded_target_project,True,False
487515598,expanded_target_project,True,False
48770856,expanded_target_project,True,False
487859119,expanded_target_project,True,False
487932215,expanded_target_project,True,False
4879511,expanded_target_project,True,False
488009270,expanded_target_project,True,False
488104350,expanded_target_project,True,False
4882769,expanded_target_project,True,False
488299528,expanded_target_project,True,False
48833910,seed_project,True,False
488455975,expanded_target_project,True,False
488592770,expanded_target_project,True,False
488802963,expanded_target_project,True,False
489056993,expanded_target_project,True,False
489071239,expanded_target_project,True,False
489184364,expanded_target_project,True,False
489518412,expanded_target_project,True,False
489605824,expanded_target_project,True,False
489737124,expanded_target_project,True,False
490111123,expanded_target_project,True,False
490177159,expanded_target_project,True,False
490212656,expanded_target_project,True,False
490359003,expanded_target_project,True,False
490557661,expanded_target_project,True,False
490601958,expanded_target_project,True,False
49086513,expanded_target_project,True,False
49111463,expanded_target_project,True,False
491161925,expanded_target_project,True,False
491227630,expanded_target_project,True,False
491342043,expanded_target_project,True,False
491419259,expanded_target_project,True,False
49145686,expanded_target_project,True,False
491623541,expanded_target_project,True,False
491653777,expanded_target_project,True,False
49172647,expanded_target_project,True,False
491797414,expanded_target_project,True,False
491802223,expanded_target_project,True,False
491871393,expanded_target_project,True,False
491939640,expanded_target_project,True,False
492062409,expanded_target_project,True,False
492184868,expanded_target_project,True,False
49244766,expanded_target_project,True,False
492529077,expanded_target_project,True,False
4925652,expanded_target_project,True,False
493035916,expanded_target_project,True,False
4931095,expanded_target_project,True,False
49324039,expanded_target_project,True,False
493332759,expanded_target_project,True,False
493497728,expanded_target_project,True,False
493522583,expanded_target_project,True,False
493544360,expanded_target_project,True,False
493884806,expanded_target_project,True,False
49401134,expanded_target_project,True,False
49401416,seed_project,True,False
494107715,expanded_target_project,True,False
49412249,expanded_target_project,True,False
49412556,seed_project,True,False
494334828,expanded_target_project,True,False
49441405,expanded_target_project,True,False
49442815,expanded_target_project,True,False
494471755,expanded_target_project,True,False
494505892,expanded_target_project,True,False
4946406,expanded_target_project,True,False
4950187,expanded_target_project,True,False
495285029,expanded_target_project,True,False
495451270,expanded_target_project,True,False
495464826,expanded_target_project,True,False
49554190,expanded_target_project,True,False
495596586,expanded_target_project,True,False
495770186,expanded_target_project,True,False
495951099,expanded_target_project,True,False
496006028,expanded_target_project,True,False
49609581,expanded_target_project,True,False
496125850,expanded_target_project,True,False
496133440,expanded_target_project,True,False
496145136,expanded_target_project,True,False
496505424,seed_project,True,False
49662222,expanded_target_project,True,False
49670957,seed_project,True,False
496817075,seed_project,True,False
496855992,expanded_target_project,True,False
49691605,expanded_target_project,True,False
497022402,expanded_target_project,True,False
497173054,expanded_target_project,True,False
497381787,expanded_target_project,True,False
49756018,expanded_target_project,True,False
497825138,expanded_target_project,True,False
4979256,expanded_target_project,True,False
498085095,expanded_target_project,True,False
49827098,expanded_target_project,True,False
49867147,expanded_target_project,True,False
498688005,expanded_target_project,True,False
49876476,seed_project,True,False
498785517,expanded_target_project,True,False
499312846,expanded_target_project,True,False
49937981,expanded_target_project,True,False
499651572,expanded_target_project,True,False
49982695,expanded_target_project,True,False
499899955,expanded_target_project,True,False
50007393,expanded_target_project,True,False
500093,expanded_target_project,True,False
500338009,expanded_target_project,True,False
5003951,expanded_target_project,True,False
50053618,expanded_target_project,True,False
500595426,expanded_target_project,True,False
500820281,expanded_target_project,True,False
50082575,expanded_target_project,True,False
50107469,expanded_target_project,True,False
501101518,expanded_target_project,True,False
5011262,expanded_target_project,True,False
501159254,expanded_target_project,True,False
501399927,expanded_target_project,True,False
50140860,expanded_target_project,True,False
501687,expanded_target_project,True,False
501776658,expanded_target_project,True,False
501929647,expanded_target_project,True,False
502036013,expanded_target_project,True,False
50204988,expanded_target_project,True,False
50205233,expanded_target_project,True,False
502126992,expanded_target_project,True,False
502225300,expanded_target_project,True,False
502240118,expanded_target_project,True,False
50229487,seed_project,True,False
50244301,expanded_target_project,True,False
503029222,expanded_target_project,True,False
503138887,expanded_target_project,True,False
503240750,expanded_target_project,True,False
503577038,expanded_target_project,True,False
50370190,expanded_target_project,True,False
503800558,expanded_target_project,True,False
503841361,expanded_target_project,True,False
50387722,expanded_target_project,True,False
503900825,expanded_target_project,True,False
504030060,expanded_target_project,True,False
504134480,expanded_target_project,True,False
504295831,expanded_target_project,True,False
504360264,expanded_target_project,True,False
504460370,expanded_target_project,True,False
50538484,expanded_target_project,True,False
50565430,expanded_target_project,True,False
505828636,expanded_target_project,True,False
50594316,seed_project,True,False
50603846,expanded_target_project,True,False
50629145,expanded_target_project,True,False
506343924,expanded_target_project,True,False
50647838,seed_project,True,False
506590393,expanded_target_project,True,False
506592925,expanded_target_project,True,False
506613299,expanded_target_project,True,False
506659611,expanded_target_project,True,False
506746332,expanded_target_project,True,False
506753162,expanded_target_project,True,False
506753204,expanded_target_project,True,False
506915807,expanded_target_project,True,False
506916087,expanded_target_project,True,False
507003245,expanded_target_project,True,False
507086219,expanded_target_project,True,False
507089401,expanded_target_project,True,False
507251859,expanded_target_project,True,False
507414986,expanded_target_project,True,False
507775,seed_project,True,False
507829396,seed_project,True,False
507855351,expanded_target_project,True,False
507885417,expanded_target_project,True,False
508014426,expanded_target_project,True,False
508200407,expanded_target_project,True,False
508336811,expanded_target_project,True,False
508414565,expanded_target_project,True,False
508434677,expanded_target_project,True,False
50874442,seed_project,True,False
508865884,expanded_target_project,True,False
50904245,expanded_target_project,True,False
509092193,expanded_target_project,True,False
509101213,expanded_target_project,True,False
5092588,expanded_target_project,True,False
509367294,expanded_target_project,True,False
509396909,seed_project,True,False
509532500,expanded_target_project,True,False
509566212,expanded_target_project,True,False
509680851,expanded_target_project,True,False
509766182,expanded_target_project,True,False
509836733,expanded_target_project,True,False
5099453,expanded_target_project,True,False
509960044,expanded_target_project,True,False
510103717,expanded_target_project,True,False
510182286,expanded_target_project,True,False
510183901,expanded_target_project,True,False
51018409,expanded_target_project,True,False
510375115,seed_project,True,False
5103785,expanded_target_project,True,False
510463319,expanded_target_project,True,False
510607652,seed_project,True,False
510653879,expanded_target_project,True,False
510654075,expanded_target_project,True,False
510721105,expanded_target_project,True,False
51073068,expanded_target_project,True,False
510907833,expanded_target_project,True,False
510953846,expanded_target_project,True,False
511030127,seed_project,True,False
511043304,expanded_target_project,True,False
511108827,expanded_target_project,True,False
511184120,expanded_target_project,True,False
511235342,expanded_target_project,True,False
511236791,expanded_target_project,True,False
511276595,expanded_target_project,True,False
511691380,expanded_target_project,True,False
511745739,expanded_target_project,True,False
511904347,expanded_target_project,True,False
51205788,expanded_target_project,True,False
51206425,expanded_target_project,True,False
51212044,expanded_target_project,True,False
51219324,expanded_target_project,True,False
512398858,expanded_target_project,True,False
51274370,expanded_target_project,True,False
51286051,expanded_target_project,True,False
512901698,expanded_target_project,True,False
51290852,seed_project,True,False
512918917,expanded_target_project,True,False
51292821,expanded_target_project,True,False
513195031,expanded_target_project,True,False
513208282,expanded_target_project,True,False
513328880,expanded_target_project,True,False
513412912,expanded_target_project,True,False
513490444,expanded_target_project,True,False
513542067,expanded_target_project,True,False
513543581,expanded_target_project,True,False
513737416,expanded_target_project,True,False
513764614,expanded_target_project,True,False
51378283,expanded_target_project,True,False
514024958,expanded_target_project,True,False
51403967,expanded_target_project,True,False
51456908,expanded_target_project,True,False
515135906,expanded_target_project,True,False
515208425,expanded_target_project,True,False
5152285,expanded_target_project,True,False
515238162,expanded_target_project,True,False
515524532,expanded_target_project,True,False
51574639,expanded_target_project,True,False
51584791,expanded_target_project,True,False
515881221,expanded_target_project,True,False
515951203,expanded_target_project,True,False
515987842,expanded_target_project,True,False
51620247,expanded_target_project,True,False
516447169,expanded_target_project,True,False
516464713,expanded_target_project,True,False
516540438,expanded_target_project,True,False
516678127,expanded_target_project,True,False
516747253,expanded_target_project,True,False
516813356,expanded_target_project,True,False
516821813,expanded_target_project,True,False
516859981,expanded_target_project,True,False
517198710,expanded_target_project,True,False
51740644,expanded_target_project,True,False
5174103,expanded_target_project,True,False
517653557,expanded_target_project,True,False
517745858,expanded_target_project,True,False
517833272,expanded_target_project,True,False
517972406,expanded_target_project,True,False
518164214,expanded_target_project,True,False
518319075,expanded_target_project,True,False
518393338,expanded_target_project,True,False
518501680,expanded_target_project,True,False
518533087,expanded_target_project,True,False
518574859,expanded_target_project,True,False
519003926,expanded_target_project,True,False
51905338,expanded_target_project,True,False
51905353,expanded_target_project,True,False
51905729,expanded_target_project,True,False
51954402,expanded_target_project,True,False
519728947,expanded_target_project,True,False
519882617,expanded_target_project,True,False
520058706,expanded_target_project,True,False
520096046,seed_project,True,False
520314886,expanded_target_project,True,False
520342705,expanded_target_project,True,False
52034309,expanded_target_project,True,False
52037627,expanded_target_project,True,False
520455244,expanded_target_project,True,False
520568524,expanded_target_project,True,False
520709428,expanded_target_project,True,False
52071471,expanded_target_project,True,False
52080367,seed_project,True,False
520804429,expanded_target_project,True,False
520872712,expanded_target_project,True,False
521075255,expanded_target_project,True,False
52115335,expanded_target_project,True,False
521246855,expanded_target_project,True,False
521371906,expanded_target_project,True,False
521438915,expanded_target_project,True,False
521695479,expanded_target_project,True,False
521736914,expanded_target_project,True,False
522385121,expanded_target_project,True,False
522386929,expanded_target_project,True,False
522839183,expanded_target_project,True,False
522848088,expanded_target_project,True,False
52300938,expanded_target_project,True,False
523043277,expanded_target_project,True,False
523070419,expanded_target_project,True,False
52318322,expanded_target_project,True,False
523199201,expanded_target_project,True,False
523428811,expanded_target_project,True,False
523479704,expanded_target_project,True,False
523506543,expanded_target_project,True,False
523660510,expanded_target_project,True,False
523717821,expanded_target_project,True,False
523767396,expanded_target_project,True,False
52382088,expanded_target_project,True,False
523981741,expanded_target_project,True,False
524032322,expanded_target_project,True,False
524100695,expanded_target_project,True,False
52420005,seed_project,True,False
524240295,expanded_target_project,True,False
52425435,expanded_target_project,True,False
524496914,expanded_target_project,True,False
52507351,seed_project,True,False
525087484,expanded_target_project,True,False
52509220,expanded_target_project,True,False
525098578,expanded_target_project,True,False
525304261,expanded_target_project,True,False
525526295,expanded_target_project,True,False
52556695,expanded_target_project,True,False
525846885,expanded_target_project,True,False
52589524,expanded_target_project,True,False
526033780,expanded_target_project,True,False
52607837,expanded_target_project,True,False
526080122,expanded_target_project,True,False
52618352,expanded_target_project,True,False
526371668,expanded_target_project,True,False
526530291,expanded_target_project,True,False
52670913,expanded_target_project,True,False
526908111,expanded_target_project,True,False
526946427,expanded_target_project,True,False
527061453,expanded_target_project,True,False
52736898,expanded_target_project,True,False
527483772,expanded_target_project,True,False
527522464,expanded_target_project,True,False
527526335,expanded_target_project,True,False
52773157,expanded_target_project,True,False
527734576,expanded_target_project,True,False
52776218,expanded_target_project,True,False
527947052,expanded_target_project,True,False
527960367,expanded_target_project,True,False
52804750,expanded_target_project,True,False
528342545,expanded_target_project,True,False
528416224,expanded_target_project,True,False
52855516,expanded_target_project,True,False
528683893,expanded_target_project,True,False
528766495,seed_project,True,False
528791750,expanded_target_project,True,False
528806629,expanded_target_project,True,False
528989181,expanded_target_project,True,False
529112195,expanded_target_project,True,False
529408708,expanded_target_project,True,False
529504107,expanded_target_project,True,False
52987383,expanded_target_project,True,False
529878640,expanded_target_project,True,False
529961568,expanded_target_project,True,False
530236271,expanded_target_project,True,False
530449130,expanded_target_project,True,False
530655405,expanded_target_project,True,False
530681617,expanded_target_project,True,False
530712828,expanded_target_project,True,False
530730261,expanded_target_project,True,False
530754347,expanded_target_project,True,False
530821975,expanded_target_project,True,False
531019817,expanded_target_project,True,False
531051081,expanded_target_project,True,False
531104599,expanded_target_project,True,False
531326684,expanded_target_project,True,False
531406663,expanded_target_project,True,False
5317395,expanded_target_project,True,False
53174933,expanded_target_project,True,False
531804872,expanded_target_project,True,False
531812042,expanded_target_project,True,False
532163204,expanded_target_project,True,False
532317850,expanded_target_project,True,False
532337965,expanded_target_project,True,False
53238813,expanded_target_project,True,False
53258252,expanded_target_project,True,False
532673843,expanded_target_project,True,False
53277717,expanded_target_project,True,False
53279870,expanded_target_project,True,False
532842713,expanded_target_project,True,False
532844203,expanded_target_project,True,False
532847167,expanded_target_project,True,False
53292445,expanded_target_project,True,False
53311716,expanded_target_project,True,False
53330030,expanded_target_project,True,False
533543004,expanded_target_project,True,False
53356367,expanded_target_project,True,False
533735884,expanded_target_project,True,False
534109388,seed_project,True,False
534150188,expanded_target_project,True,False
53418103,expanded_target_project,True,False
534354967,expanded_target_project,True,False
534434596,expanded_target_project,True,False
5349565,seed_project,True,False
535259589,expanded_target_project,True,False
53527070,expanded_target_project,True,False
535364066,expanded_target_project,True,False
53548867,expanded_target_project,True,False
535581439,expanded_target_project,True,False
535788760,expanded_target_project,True,False
53579202,expanded_target_project,True,False
536010299,expanded_target_project,True,False
536026761,expanded_target_project,True,False
536084262,expanded_target_project,True,False
53618789,expanded_target_project,True,False
536198098,expanded_target_project,True,False
5362370,expanded_target_project,True,False
53628424,expanded_target_project,True,False
536457941,expanded_target_project,True,False
536463007,expanded_target_project,True,False
536473565,expanded_target_project,True,False
536498456,expanded_target_project,True,False
536597221,expanded_target_project,True,False
536650342,expanded_target_project,True,False
536725876,expanded_target_project,True,False
536871914,expanded_target_project,True,False
53703126,expanded_target_project,True,False
53728068,expanded_target_project,True,False
537394164,expanded_target_project,True,False
53757700,expanded_target_project,True,False
537800,expanded_target_project,True,False
538166046,expanded_target_project,True,False
538316309,expanded_target_project,True,False
5383731,expanded_target_project,True,False
538480445,expanded_target_project,True,False
538553958,expanded_target_project,True,False
538626126,expanded_target_project,True,False
538654002,expanded_target_project,True,False
538656848,expanded_target_project,True,False
539006295,expanded_target_project,True,False
539278717,expanded_target_project,True,False
539453813,expanded_target_project,True,False
53954979,expanded_target_project,True,False
539846712,expanded_target_project,True,False
53990057,expanded_target_project,True,False
539980905,expanded_target_project,True,False
54005538,seed_project,True,False
540192615,expanded_target_project,True,False
540262346,expanded_target_project,True,False
54030871,expanded_target_project,True,False
540538268,expanded_target_project,True,False
540545955,expanded_target_project,True,False
54105920,expanded_target_project,True,False
541249868,expanded_target_project,True,False
541281404,expanded_target_project,True,False
541286837,expanded_target_project,True,False
541321643,expanded_target_project,True,False
541387112,expanded_target_project,True,False
54141768,expanded_target_project,True,False
541433150,expanded_target_project,True,False
54158968,expanded_target_project,True,False
541611463,expanded_target_project,True,False
541645085,expanded_target_project,True,False
541668142,expanded_target_project,True,False
54168759,expanded_target_project,True,False
54172699,expanded_target_project,True,False
54173593,expanded_target_project,True,False
541788928,expanded_target_project,True,False
541912656,expanded_target_project,True,False
542039795,expanded_target_project,True,False
542065901,expanded_target_project,True,False
542103239,expanded_target_project,True,False
542413372,expanded_target_project,True,False
542452064,expanded_target_project,True,False
542714,seed_project,True,False
54280778,expanded_target_project,True,False
5428536,expanded_target_project,True,False
542858730,expanded_target_project,True,False
542931741,expanded_target_project,True,False
54298946,expanded_target_project,True,False
543095311,expanded_target_project,True,False
543114976,expanded_target_project,True,False
543133848,expanded_target_project,True,False
543207884,expanded_target_project,True,False
543218317,expanded_target_project,True,False
543276238,seed_project,True,False
543288517,expanded_target_project,True,False
543387336,expanded_target_project,True,False
54360307,expanded_target_project,True,False
543610387,expanded_target_project,True,False
543781937,expanded_target_project,True,False
54378638,expanded_target_project,True,False
543818184,expanded_target_project,True,False
54412018,expanded_target_project,True,False
54445829,expanded_target_project,True,False
544719261,expanded_target_project,True,False
544806613,expanded_target_project,True,False
544885367,expanded_target_project,True,False
544996776,expanded_target_project,True,False
54502204,expanded_target_project,True,False
54503347,expanded_target_project,True,False
545265415,expanded_target_project,True,False
5453989,seed_project,True,False
545702406,expanded_target_project,True,False
545901542,expanded_target_project,True,False
54596517,expanded_target_project,True,False
546206616,seed_project,True,False
546547856,expanded_target_project,True,False
546990739,expanded_target_project,True,False
547279625,expanded_target_project,True,False
547948072,expanded_target_project,True,False
547991185,expanded_target_project,True,False
548251,expanded_target_project,True,False
548349609,expanded_target_project,True,False
548619478,expanded_target_project,True,False
548730031,expanded_target_project,True,False
548823065,expanded_target_project,True,False
548871033,expanded_target_project,True,False
549071054,expanded_target_project,True,False
549230701,expanded_target_project,True,False
54980593,expanded_target_project,True,False
54994103,expanded_target_project,True,False
55072677,seed_project,True,False
55077261,expanded_target_project,True,False
550871856,expanded_target_project,True,False
550879823,expanded_target_project,True,False
551076626,expanded_target_project,True,False
551224363,expanded_target_project,True,False
551374215,seed_project,True,False
551375812,expanded_target_project,True,False
551397882,expanded_target_project,True,False
551440734,expanded_target_project,True,False
55185530,expanded_target_project,True,False
55205848,expanded_target_project,True,False
552661142,expanded_target_project,True,False
553059522,expanded_target_project,True,False
553234221,expanded_target_project,True,False
55330340,expanded_target_project,True,False
553390647,expanded_target_project,True,False
553986299,expanded_target_project,True,False
55401642,expanded_target_project,True,False
554034901,expanded_target_project,True,False
554147910,expanded_target_project,True,False
554148984,expanded_target_project,True,False
554217853,expanded_target_project,True,False
554225576,expanded_target_project,True,False
55425573,expanded_target_project,True,False
5543519,expanded_target_project,True,False
554365096,expanded_target_project,True,False
554376586,expanded_target_project,True,False
554411496,expanded_target_project,True,False
554581194,expanded_target_project,True,False
554750433,expanded_target_project,True,False
555039849,expanded_target_project,True,False
555777595,expanded_target_project,True,False
5561238,expanded_target_project,True,False
55626935,expanded_target_project,True,False
556353076,expanded_target_project,True,False
55637575,expanded_target_project,True,False
55643245,expanded_target_project,True,False
556558958,expanded_target_project,True,False
556675372,expanded_target_project,True,False
556677627,expanded_target_project,True,False
5569059,expanded_target_project,True,False
556961506,expanded_target_project,True,False
557075997,expanded_target_project,True,False
557135476,expanded_target_project,True,False
557167289,expanded_target_project,True,False
557280711,expanded_target_project,True,False
5573275,expanded_target_project,True,False
55760054,expanded_target_project,True,False
557785223,expanded_target_project,True,False
557927186,expanded_target_project,True,False
557952665,expanded_target_project,True,False
557980,expanded_target_project,True,False
557988291,expanded_target_project,True,False
558108873,expanded_target_project,True,False
558211706,expanded_target_project,True,False
558374870,expanded_target_project,True,False
558476533,expanded_target_project,True,False
558728916,expanded_target_project,True,False
558921832,expanded_target_project,True,False
55906763,expanded_target_project,True,False
559429813,expanded_target_project,True,False
559669561,expanded_target_project,True,False
559767361,expanded_target_project,True,False
559815862,expanded_target_project,True,False
559857046,expanded_target_project,True,False
560114031,expanded_target_project,True,False
560182652,expanded_target_project,True,False
56018561,expanded_target_project,True,False
560205109,expanded_target_project,True,False
560292269,expanded_target_project,True,False
560413356,expanded_target_project,True,False
560456116,expanded_target_project,True,False
560495,expanded_target_project,True,False
560617285,expanded_target_project,True,False
560621227,expanded_target_project,True,False
560657499,expanded_target_project,True,False
560704231,expanded_target_project,True,False
560750575,expanded_target_project,True,False
560789243,expanded_target_project,True,False
561272182,expanded_target_project,True,False
561282323,expanded_target_project,True,False
56128731,expanded_target_project,True,False
56128733,seed_project,True,False
561341270,expanded_target_project,True,False
561383674,expanded_target_project,True,False
561476718,expanded_target_project,True,False
561964390,expanded_target_project,True,False
56214716,expanded_target_project,True,False
562286999,expanded_target_project,True,False
562377431,expanded_target_project,True,False
56248127,expanded_target_project,True,False
562557612,expanded_target_project,True,False
562658065,expanded_target_project,True,False
562736699,expanded_target_project,True,False
562778457,expanded_target_project,True,False
562892210,expanded_target_project,True,False
562938446,expanded_target_project,True,False
562983970,expanded_target_project,True,False
563014005,expanded_target_project,True,False
563169255,expanded_target_project,True,False
56342508,expanded_target_project,True,False
563510952,expanded_target_project,True,False
56353740,expanded_target_project,True,False
563782278,expanded_target_project,True,False
563901154,expanded_target_project,True,False
564136837,expanded_target_project,True,False
564181035,expanded_target_project,True,False
56419418,expanded_target_project,True,False
56420035,expanded_target_project,True,False
56421126,expanded_target_project,True,False
56422769,expanded_target_project,True,False
56423106,expanded_target_project,True,False
56424832,expanded_target_project,True,False
56425027,expanded_target_project,True,False
564263024,expanded_target_project,True,False
564623768,expanded_target_project,True,False
564722430,expanded_target_project,True,False
564884242,expanded_target_project,True,False
564948381,expanded_target_project,True,False
565414082,expanded_target_project,True,False
565419004,expanded_target_project,True,False
56550961,expanded_target_project,True,False
565730722,expanded_target_project,True,False
565762670,expanded_target_project,True,False
565776271,expanded_target_project,True,False
566073,expanded_target_project,True,False
566275577,expanded_target_project,True,False
5663857,expanded_target_project,True,False
566388914,expanded_target_project,True,False
566593514,expanded_target_project,True,False
566614027,expanded_target_project,True,False
566619097,expanded_target_project,True,False
566665301,expanded_target_project,True,False
567184568,expanded_target_project,True,False
56729247,expanded_target_project,True,False
567328069,expanded_target_project,True,False
567524986,expanded_target_project,True,False
56760633,expanded_target_project,True,False
567620849,expanded_target_project,True,False
567634,expanded_target_project,True,False
568019934,expanded_target_project,True,False
5682770,expanded_target_project,True,False
5683653,seed_project,True,False
568807303,expanded_target_project,True,False
568830741,expanded_target_project,True,False
56884660,expanded_target_project,True,False
56894212,expanded_target_project,True,False
569041,expanded_target_project,True,False
569050726,expanded_target_project,True,False
569267,expanded_target_project,True,False
569293325,expanded_target_project,True,False
569311990,expanded_target_project,True,False
569438738,expanded_target_project,True,False
5694513,expanded_target_project,True,False
5695907,expanded_target_project,True,False
569638288,expanded_target_project,True,False
569649085,expanded_target_project,True,False
569763856,expanded_target_project,True,False
569774736,expanded_target_project,True,False
569796349,expanded_target_project,True,False
569901162,expanded_target_project,True,False
569901336,expanded_target_project,True,False
56994503,expanded_target_project,True,False
570024400,expanded_target_project,True,False
570036022,expanded_target_project,True,False
570076073,expanded_target_project,True,False
570104815,expanded_target_project,True,False
570139152,expanded_target_project,True,False
570295557,expanded_target_project,True,False
570380914,expanded_target_project,True,False
570491818,expanded_target_project,True,False
570527111,expanded_target_project,True,False
570575390,expanded_target_project,True,False
570678664,expanded_target_project,True,False
570970504,expanded_target_project,True,False
571013039,expanded_target_project,True,False
571017556,expanded_target_project,True,False
571342238,expanded_target_project,True,False
571390155,expanded_target_project,True,False
571547749,expanded_target_project,True,False
57160728,expanded_target_project,True,False
57182064,expanded_target_project,True,False
57182606,expanded_target_project,True,False
571868194,expanded_target_project,True,False
571874382,expanded_target_project,True,False
571929,expanded_target_project,True,False
571945396,expanded_target_project,True,False
57198920,expanded_target_project,True,False
572035838,expanded_target_project,True,False
572094413,expanded_target_project,True,False
57230414,expanded_target_project,True,False
572389548,expanded_target_project,True,False
572737300,expanded_target_project,True,False
572795380,expanded_target_project,True,False
572972102,expanded_target_project,True,False
573114199,expanded_target_project,True,False
573327603,expanded_target_project,True,False
57333709,expanded_target_project,True,False
573483804,expanded_target_project,True,False
573587193,expanded_target_project,True,False
573788038,expanded_target_project,True,False
574008360,expanded_target_project,True,False
57401138,seed_project,True,False
574425709,expanded_target_project,True,False
574428026,expanded_target_project,True,False
574468978,expanded_target_project,True,False
574514586,expanded_target_project,True,False
574588439,seed_project,True,False
574694308,seed_project,True,False
5746963,expanded_target_project,True,False
574706151,expanded_target_project,True,False
574877,expanded_target_project,True,False
574877651,expanded_target_project,True,False
575177379,expanded_target_project,True,False
575241620,expanded_target_project,True,False
575338309,expanded_target_project,True,False
5757735,expanded_target_project,True,False
575954792,expanded_target_project,True,False
575974366,expanded_target_project,True,False
5761553,seed_project,True,False
576304071,expanded_target_project,True,False
576336363,expanded_target_project,True,False
576431865,expanded_target_project,True,False
576642715,expanded_target_project,True,False
577711552,expanded_target_project,True,False
577759670,expanded_target_project,True,False
577850152,expanded_target_project,True,False
578021174,expanded_target_project,True,False
578085423,expanded_target_project,True,False
578185635,expanded_target_project,True,False
57870115,expanded_target_project,True,False
578819146,expanded_target_project,True,False
57893688,expanded_target_project,True,False
57912964,expanded_target_project,True,False
57920736,expanded_target_project,True,False
579214823,expanded_target_project,True,False
579221694,expanded_target_project,True,False
579303566,expanded_target_project,True,False
57939112,expanded_target_project,True,False
57942251,expanded_target_project,True,False
579730545,expanded_target_project,True,False
579853319,expanded_target_project,True,False
580105330,expanded_target_project,True,False
580128677,expanded_target_project,True,False
580135126,expanded_target_project,True,False
5801666,expanded_target_project,True,False
580278577,expanded_target_project,True,False
580396880,expanded_target_project,True,False
580405044,expanded_target_project,True,False
580451100,expanded_target_project,True,False
5805256,expanded_target_project,True,False
580539035,expanded_target_project,True,False
58067876,expanded_target_project,True,False
580788054,expanded_target_project,True,False
580859914,expanded_target_project,True,False
580867522,expanded_target_project,True,False
581145740,seed_project,True,False
58132544,expanded_target_project,True,False
58146669,expanded_target_project,True,False
581655463,expanded_target_project,True,False
581698190,expanded_target_project,True,False
58184885,expanded_target_project,True,False
581861282,expanded_target_project,True,False
582275863,expanded_target_project,True,False
58255485,expanded_target_project,True,False
58256381,expanded_target_project,True,False
582614011,expanded_target_project,True,False
582706245,expanded_target_project,True,False
582822129,expanded_target_project,True,False
582862268,expanded_target_project,True,False
582879665,expanded_target_project,True,False
5830987,expanded_target_project,True,False
583136009,expanded_target_project,True,False
583148820,expanded_target_project,True,False
583169838,expanded_target_project,True,False
583248438,expanded_target_project,True,False
583525400,expanded_target_project,True,False
583634675,expanded_target_project,True,False
583827396,expanded_target_project,True,False
583914239,expanded_target_project,True,False
5839692,expanded_target_project,True,False
584083190,expanded_target_project,True,False
584359113,expanded_target_project,True,False
5844474,seed_project,True,False
584503581,expanded_target_project,True,False
584621292,expanded_target_project,True,False
584668045,expanded_target_project,True,False
584714008,expanded_target_project,True,False
584729999,expanded_target_project,True,False
584808163,expanded_target_project,True,False
584811128,expanded_target_project,True,False
584946477,expanded_target_project,True,False
584963320,expanded_target_project,True,False
585106802,expanded_target_project,True,False
585408551,expanded_target_project,True,False
585687628,expanded_target_project,True,False
585692546,expanded_target_project,True,False
585727736,expanded_target_project,True,False
586021521,expanded_target_project,True,False
586025558,expanded_target_project,True,False
586130341,expanded_target_project,True,False
586220513,expanded_target_project,True,False
586254338,expanded_target_project,True,False
586424450,expanded_target_project,True,False
586448435,expanded_target_project,True,False
586468701,expanded_target_project,True,False
586771395,expanded_target_project,True,False
586785918,expanded_target_project,True,False
586818209,expanded_target_project,True,False
586840327,expanded_target_project,True,False
5870069,expanded_target_project,True,False
58707550,expanded_target_project,True,False
587181638,expanded_target_project,True,False
587193794,expanded_target_project,True,False
587234510,expanded_target_project,True,False
587246478,seed_project,False,True
587291698,expanded_target_project,True,False
587362299,expanded_target_project,True,False
587410624,expanded_target_project,True,False
587559548,expanded_target_project,True,False
587564108,expanded_target_project,True,False
587622851,expanded_target_project,True,False
587827277,expanded_target_project,True,False
587870995,expanded_target_project,True,False
587871835,expanded_target_project,True,False
587879046,expanded_target_project,True,False
587943248,expanded_target_project,True,False
587976355,expanded_target_project,True,False
5880554,expanded_target_project,True,False
588125726,expanded_target_project,True,False
58821882,expanded_target_project,True,False
588458626,expanded_target_project,True,False
588622064,expanded_target_project,True,False
588657173,expanded_target_project,True,False
588763142,expanded_target_project,True,False
588973697,expanded_target_project,True,False
588982731,expanded_target_project,True,False
589091184,expanded_target_project,True,False
589211245,expanded_target_project,True,False
589268852,expanded_target_project,True,False
589510868,expanded_target_project,True,False
589660517,expanded_target_project,True,False
589679365,expanded_target_project,True,False
590029543,expanded_target_project,True,False
590063058,expanded_target_project,True,False
590166847,expanded_target_project,True,False
590447108,expanded_target_project,True,False
590507334,seed_project,True,False
590659968,expanded_target_project,True,False
590762750,expanded_target_project,True,False
590792931,expanded_target_project,True,False
5909706,expanded_target_project,True,False
591138304,expanded_target_project,True,False
591167748,expanded_target_project,True,False
5912693,seed_project,True,False
591309502,expanded_target_project,True,False
591379023,expanded_target_project,True,False
591550077,expanded_target_project,True,False
591946735,expanded_target_project,True,False
592066633,expanded_target_project,True,False
592112421,expanded_target_project,True,False
592227622,expanded_target_project,True,False
59225160,expanded_target_project,True,False
592251835,expanded_target_project,True,False
59239347,expanded_target_project,True,False
592571625,expanded_target_project,True,False
592759713,expanded_target_project,True,False
592857433,expanded_target_project,True,False
592872331,expanded_target_project,True,False
592906091,expanded_target_project,True,False
592933002,expanded_target_project,True,False
592950097,expanded_target_project,True,False
59305491,expanded_target_project,True,False
593066208,expanded_target_project,True,False
593091353,expanded_target_project,True,False
593279745,expanded_target_project,True,False
593346082,expanded_target_project,True,False
593403754,expanded_target_project,True,False
593473811,expanded_target_project,True,False
593569528,expanded_target_project,True,False
593583946,expanded_target_project,True,False
593650681,expanded_target_project,True,False
593688846,expanded_target_project,True,False
594052621,expanded_target_project,True,False
594087,expanded_target_project,True,False
594097958,expanded_target_project,True,False
594233702,expanded_target_project,True,False
594295897,expanded_target_project,True,False
594406902,expanded_target_project,True,False
594411134,expanded_target_project,True,False
594578545,expanded_target_project,True,False
594627,expanded_target_project,True,False
594662410,expanded_target_project,True,False
5947247,expanded_target_project,True,False
594832601,expanded_target_project,True,False
595136650,expanded_target_project,True,False
595148158,expanded_target_project,True,False
59521862,expanded_target_project,True,False
59526988,expanded_target_project,True,False
595272637,expanded_target_project,True,False
595299502,expanded_target_project,True,False
595446941,expanded_target_project,True,False
595499428,expanded_target_project,True,False
595551370,expanded_target_project,True,False
595672011,expanded_target_project,True,False
595710888,expanded_target_project,True,False
5958453,expanded_target_project,True,False
595845716,expanded_target_project,True,False
596047527,expanded_target_project,True,False
596080887,expanded_target_project,True,False
596082836,expanded_target_project,True,False
596492770,expanded_target_project,True,False
596533485,expanded_target_project,True,False
596668153,expanded_target_project,True,False
596860245,expanded_target_project,True,False
596888243,expanded_target_project,True,False
596892,expanded_target_project,True,False
596930360,expanded_target_project,True,False
596962369,expanded_target_project,True,False
597033918,expanded_target_project,True,False
597066476,seed_project,True,False
597137891,expanded_target_project,True,False
597177399,expanded_target_project,True,False
59771425,expanded_target_project,True,False
59779262,expanded_target_project,True,False
598005813,expanded_target_project,True,False
598055547,expanded_target_project,True,False
598100760,expanded_target_project,True,False
598116138,expanded_target_project,True,False
598141720,expanded_target_project,True,False
598235761,expanded_target_project,True,False
598303453,expanded_target_project,True,False
598321569,expanded_target_project,True,False
598342280,expanded_target_project,True,False
598571781,expanded_target_project,True,False
598777111,expanded_target_project,True,False
59878249,expanded_target_project,True,False
598945250,expanded_target_project,True,False
599056425,expanded_target_project,True,False
599057968,expanded_target_project,True,False
599162152,expanded_target_project,True,False
599173337,expanded_target_project,True,False
599320067,expanded_target_project,True,False
599547518,expanded_target_project,True,False
599604319,expanded_target_project,True,False
599766045,expanded_target_project,True,False
599781615,expanded_target_project,True,False
599890488,expanded_target_project,True,False
599915831,expanded_target_project,True,False
599928080,expanded_target_project,True,False
599938138,expanded_target_project,True,False
599998684,expanded_target_project,True,False
600034692,expanded_target_project,True,False
600047029,expanded_target_project,True,False
600058088,expanded_target_project,True,False
600088427,expanded_target_project,True,False
600266034,expanded_target_project,True,False
600271677,expanded_target_project,True,False
6007295,expanded_target_project,True,False
60075331,expanded_target_project,True,False
601002785,expanded_target_project,True,False
601058002,expanded_target_project,True,False
60106395,expanded_target_project,True,False
60111626,expanded_target_project,True,False
601161044,expanded_target_project,True,False
601197351,expanded_target_project,True,False
601223505,expanded_target_project,True,False
601321823,expanded_target_project,True,False
601458426,expanded_target_project,True,False
601486187,expanded_target_project,True,False
601496278,expanded_target_project,True,False
601599569,expanded_target_project,True,False
601683538,expanded_target_project,True,False
601708897,expanded_target_project,True,False
601810020,expanded_target_project,True,False
601811994,expanded_target_project,True,False
601871355,expanded_target_project,True,False
60188025,expanded_target_project,True,False
601971389,expanded_target_project,True,False
602128143,expanded_target_project,True,False
602280634,expanded_target_project,True,False
602329911,expanded_target_project,True,False
60246359,seed_project,True,False
602576644,expanded_target_project,True,False
602616394,expanded_target_project,True,False
602665730,expanded_target_project,True,False
602818637,expanded_target_project,True,False
602943934,expanded_target_project,True,False
603165870,expanded_target_project,True,False
603274419,expanded_target_project,True,False
60343988,expanded_target_project,True,False
603442118,expanded_target_project,True,False
603580711,expanded_target_project,True,False
603713540,expanded_target_project,True,False
60374819,expanded_target_project,True,False
60377070,seed_project,True,False
603826598,expanded_target_project,True,False
603996125,expanded_target_project,True,False
604144324,expanded_target_project,True,False
604431792,expanded_target_project,True,False
60480511,expanded_target_project,True,False
604843489,expanded_target_project,True,False
60489644,expanded_target_project,True,False
605020435,expanded_target_project,True,False
605136117,expanded_target_project,True,False
605161457,expanded_target_project,True,False
6051812,expanded_target_project,True,False
60529075,expanded_target_project,True,False
605408033,expanded_target_project,True,False
605419213,expanded_target_project,True,False
60553554,expanded_target_project,True,False
605563260,expanded_target_project,True,False
605568634,expanded_target_project,True,False
605618915,expanded_target_project,True,False
605743565,expanded_target_project,True,False
605762688,expanded_target_project,True,False
605858652,expanded_target_project,True,False
605898410,expanded_target_project,True,False
605938979,expanded_target_project,True,False
606035201,expanded_target_project,True,False
606125384,seed_project,True,False
606210753,expanded_target_project,True,False
606302895,expanded_target_project,True,False
606433492,seed_project,True,False
606453630,expanded_target_project,True,False
6065067,expanded_target_project,True,False
606621582,expanded_target_project,True,False
606787132,expanded_target_project,True,False
606800919,seed_project,True,False
606865208,expanded_target_project,True,False
60705418,expanded_target_project,True,False
607218649,expanded_target_project,True,False
607247018,expanded_target_project,True,False
607289185,expanded_target_project,True,False
607407059,expanded_target_project,True,False
607441698,seed_project,True,False
607546570,expanded_target_project,True,False
607575610,expanded_target_project,True,False
607714334,expanded_target_project,True,False
607721298,expanded_target_project,True,False
607721976,expanded_target_project,True,False
607735592,expanded_target_project,True,False
608030247,expanded_target_project,True,False
60805080,expanded_target_project,True,False
608077937,expanded_target_project,True,False
608177765,expanded_target_project,True,False
608210107,expanded_target_project,True,False
608264685,expanded_target_project,True,False
608298960,expanded_target_project,True,False
608354159,expanded_target_project,True,False
608374056,expanded_target_project,True,False
6083792,expanded_target_project,True,False
608434458,expanded_target_project,True,False
608460831,expanded_target_project,True,False
6085215,expanded_target_project,True,False
608906465,expanded_target_project,True,False
609056915,expanded_target_project,True,False
609058193,expanded_target_project,True,False
609088397,expanded_target_project,True,False
6093316,expanded_target_project,True,False
609628254,expanded_target_project,True,False
60977924,expanded_target_project,True,False
609839563,expanded_target_project,True,False
609872448,expanded_target_project,True,False
609977280,expanded_target_project,True,False
610041753,expanded_target_project,True,False
610239654,expanded_target_project,True,False
610371272,expanded_target_project,True,False
610379912,expanded_target_project,True,False
610607251,expanded_target_project,True,False
610621674,expanded_target_project,True,False
610630837,expanded_target_project,True,False
610834975,expanded_target_project,True,False
61105758,expanded_target_project,True,False
611057711,expanded_target_project,True,False
611060844,expanded_target_project,True,False
611146887,expanded_target_project,True,False
611161787,expanded_target_project,True,False
611216458,expanded_target_project,True,False
611452224,expanded_target_project,True,False
611464972,expanded_target_project,True,False
611491826,expanded_target_project,True,False
61153677,seed_project,True,False
611593442,expanded_target_project,True,False
611593704,expanded_target_project,True,False
611788188,expanded_target_project,True,False
611858623,expanded_target_project,True,False
611935351,expanded_target_project,True,False
611964074,expanded_target_project,True,False
611979988,expanded_target_project,True,False
612044539,expanded_target_project,True,False
612075667,expanded_target_project,True,False
612277669,expanded_target_project,True,False
612354784,expanded_target_project,True,False
612401200,expanded_target_project,True,False
612534336,expanded_target_project,True,False
612591211,expanded_target_project,True,False
61269853,seed_project,True,False
612746627,expanded_target_project,True,False
612771023,expanded_target_project,True,False
612811519,expanded_target_project,True,False
613013255,expanded_target_project,True,False
61306303,expanded_target_project,True,False
613318340,expanded_target_project,True,False
613368284,expanded_target_project,True,False
61349723,expanded_target_project,True,False
613654122,expanded_target_project,True,False
613701869,expanded_target_project,True,False
613723,seed_project,True,False
613728,expanded_target_project,True,False
613756126,expanded_target_project,True,False
613772664,expanded_target_project,True,False
613781236,expanded_target_project,True,False
613848580,expanded_target_project,True,False
613908385,expanded_target_project,True,False
614291796,expanded_target_project,True,False
614669955,expanded_target_project,True,False
614690658,expanded_target_project,True,False
614702469,expanded_target_project,True,False
614746444,expanded_target_project,True,False
614765452,expanded_target_project,True,False
614771793,expanded_target_project,True,False
6148317,expanded_target_project,True,False
615079569,expanded_target_project,True,False
615125383,expanded_target_project,True,False
615167571,expanded_target_project,True,False
61524054,expanded_target_project,True,False
615466434,expanded_target_project,True,False
61567949,expanded_target_project,True,False
615721582,expanded_target_project,True,False
616172283,expanded_target_project,True,False
616230792,expanded_target_project,True,False
616264853,expanded_target_project,True,False
616438432,expanded_target_project,True,False
616517173,expanded_target_project,True,False
616555895,expanded_target_project,True,False
616558939,expanded_target_project,True,False
616774259,expanded_target_project,True,False
616780501,expanded_target_project,True,False
616848199,expanded_target_project,True,False
61691853,expanded_target_project,True,False
6169821,expanded_target_project,True,False
617032611,expanded_target_project,True,False
617051827,expanded_target_project,True,False
617084880,expanded_target_project,True,False
61728459,expanded_target_project,True,False
617470568,expanded_target_project,True,False
617774068,expanded_target_project,True,False
617784208,expanded_target_project,True,False
617798408,expanded_target_project,True,False
617816604,expanded_target_project,True,False
617856128,expanded_target_project,True,False
617868717,expanded_target_project,True,False
617891484,expanded_target_project,True,False
617988966,expanded_target_project,True,False
618104322,expanded_target_project,True,False
618375305,expanded_target_project,True,False
618492,expanded_target_project,True,False
618547382,expanded_target_project,True,False
618575799,expanded_target_project,True,False
618613272,expanded_target_project,True,False
61877861,expanded_target_project,True,False
618929835,expanded_target_project,True,False
619008516,expanded_target_project,True,False
619382345,expanded_target_project,True,False
61945043,expanded_target_project,True,False
61962375,expanded_target_project,True,False
619905460,expanded_target_project,True,False
619983228,expanded_target_project,True,False
620021906,expanded_target_project,True,False
620026838,expanded_target_project,True,False
620138159,expanded_target_project,True,False
620191342,expanded_target_project,True,False
620191422,expanded_target_project,True,False
620277202,expanded_target_project,True,False
620373809,expanded_target_project,True,False
62044191,expanded_target_project,True,False
62048325,expanded_target_project,True,False
620610829,expanded_target_project,True,False
6207167,expanded_target_project,True,False
620880066,expanded_target_project,True,False
62112810,expanded_target_project,True,False
621160937,expanded_target_project,True,False
62117812,expanded_target_project,True,False
62124667,expanded_target_project,True,False
62142665,expanded_target_project,True,False
621434160,expanded_target_project,True,False
62147469,expanded_target_project,True,False
621803253,expanded_target_project,True,False
621809766,expanded_target_project,True,False
621929252,expanded_target_project,True,False
621959440,expanded_target_project,True,False
621976841,expanded_target_project,True,False
621980566,expanded_target_project,True,False
622026215,expanded_target_project,True,False
622205108,expanded_target_project,True,False
62247399,expanded_target_project,True,False
622753753,expanded_target_project,True,False
622754400,expanded_target_project,True,False
623010951,expanded_target_project,True,False
623135240,expanded_target_project,True,False
623149777,expanded_target_project,True,False
623167149,expanded_target_project,True,False
623177414,expanded_target_project,True,False
623209546,expanded_target_project,True,False
623220487,expanded_target_project,True,False
623276087,expanded_target_project,True,False
623298152,expanded_target_project,True,False
623371578,expanded_target_project,True,False
623378572,expanded_target_project,True,False
623499199,expanded_target_project,True,False
62350380,expanded_target_project,True,False
6235080,expanded_target_project,True,False
623536067,expanded_target_project,True,False
623574682,expanded_target_project,True,False
623624230,expanded_target_project,True,False
623666228,expanded_target_project,True,False
623795348,expanded_target_project,True,False
623797735,expanded_target_project,True,False
623944933,expanded_target_project,True,False
623962571,expanded_target_project,True,False
623982709,expanded_target_project,True,False
624131986,expanded_target_project,True,False
624163890,expanded_target_project,True,False
624308170,expanded_target_project,True,False
624314543,expanded_target_project,True,False
624470212,expanded_target_project,True,False
62475947,expanded_target_project,True,False
6247705,expanded_target_project,True,False
624829673,expanded_target_project,True,False
625186522,expanded_target_project,True,False
625202272,expanded_target_project,True,False
625293217,expanded_target_project,True,False
625550928,expanded_target_project,True,False
625757751,expanded_target_project,True,False
62576980,expanded_target_project,True,False
625808524,expanded_target_project,True,False
6258994,expanded_target_project,True,False
625900156,expanded_target_project,True,False
626069118,expanded_target_project,True,False
626103823,expanded_target_project,True,False
626105373,expanded_target_project,True,False
62635533,expanded_target_project,True,False
626372451,expanded_target_project,True,False
626662104,expanded_target_project,True,False
626750992,expanded_target_project,True,False
626766665,expanded_target_project,True,False
626830281,expanded_target_project,True,False
626915953,expanded_target_project,True,False
627000131,expanded_target_project,True,False
627066574,expanded_target_project,True,False
627172485,expanded_target_project,True,False
62725884,expanded_target_project,True,False
627263225,expanded_target_project,True,False
627300541,expanded_target_project,True,False
627348520,expanded_target_project,True,False
627404297,expanded_target_project,True,False
627480054,expanded_target_project,True,False
627491277,expanded_target_project,True,False
627700110,expanded_target_project,True,False
627720881,expanded_target_project,True,False
627735,expanded_target_project,True,False
62774726,expanded_target_project,True,False
627774285,expanded_target_project,True,False
627807212,expanded_target_project,True,False
627846703,expanded_target_project,True,False
627996184,expanded_target_project,True,False
628024350,expanded_target_project,True,False
628061501,expanded_target_project,True,False
628225923,expanded_target_project,True,False
628340562,expanded_target_project,True,False
628503457,seed_project,True,False
628729877,expanded_target_project,True,False
628739599,expanded_target_project,True,False
628765609,expanded_target_project,True,False
62895080,expanded_target_project,True,False
62900174,expanded_target_project,True,False
629013168,expanded_target_project,True,False
629281021,expanded_target_project,True,False
629673149,expanded_target_project,True,False
6296790,expanded_target_project,True,False
629776015,expanded_target_project,True,False
629882508,expanded_target_project,True,False
630002417,expanded_target_project,True,False
63001163,expanded_target_project,True,False
63014639,expanded_target_project,True,False
630276874,expanded_target_project,True,False
630409576,expanded_target_project,True,False
63044524,expanded_target_project,True,False
630558299,expanded_target_project,True,False
630562932,expanded_target_project,True,False
63065396,expanded_target_project,True,False
630720219,expanded_target_project,True,False
63082527,expanded_target_project,True,False
630884988,expanded_target_project,True,False
631023173,expanded_target_project,True,False
631063572,expanded_target_project,True,False
631078301,expanded_target_project,True,False
631208235,expanded_target_project,True,False
631248785,expanded_target_project,True,False
631258918,expanded_target_project,True,False
631322234,expanded_target_project,True,False
631415205,expanded_target_project,True,False
631548305,expanded_target_project,True,False
631612635,expanded_target_project,True,False
631735243,expanded_target_project,True,False
631765176,expanded_target_project,True,False
631796143,expanded_target_project,True,False
631805185,expanded_target_project,True,False
631864957,expanded_target_project,True,False
63188538,expanded_target_project,True,False
632011964,expanded_target_project,True,False
632020895,expanded_target_project,True,False
632024581,expanded_target_project,True,False
632090115,expanded_target_project,True,False
632173110,expanded_target_project,True,False
632269609,seed_project,True,False
63227584,expanded_target_project,True,False
632622531,expanded_target_project,True,False
632733680,expanded_target_project,True,False
632757232,expanded_target_project,True,False
632852892,expanded_target_project,True,False
632877536,expanded_target_project,True,False
632917179,expanded_target_project,True,False
632945404,expanded_target_project,True,False
632964098,expanded_target_project,True,False
6331631,expanded_target_project,True,False
6333751,expanded_target_project,True,False
633405945,expanded_target_project,True,False
633656569,expanded_target_project,True,False
63375710,expanded_target_project,True,False
633817517,expanded_target_project,True,False
634047220,expanded_target_project,True,False
634120219,expanded_target_project,True,False
634122163,expanded_target_project,True,False
634155809,expanded_target_project,True,False
634160972,expanded_target_project,True,False
63421322,expanded_target_project,True,False
634826982,expanded_target_project,True,False
634860610,expanded_target_project,True,False
635073227,expanded_target_project,True,False
635112170,expanded_target_project,True,False
635119293,expanded_target_project,True,False
635164092,expanded_target_project,True,False
635240594,expanded_target_project,True,False
635369573,expanded_target_project,True,False
63537249,expanded_target_project,True,False
635374751,seed_project,True,False
635492823,expanded_target_project,True,False
635693873,expanded_target_project,True,False
6358188,seed_project,True,False
635979215,expanded_target_project,True,False
63625434,expanded_target_project,True,False
636360007,expanded_target_project,True,False
636423018,expanded_target_project,True,False
636427565,expanded_target_project,True,False
636434344,expanded_target_project,True,False
636450938,expanded_target_project,True,False
636466287,expanded_target_project,True,False
63652864,expanded_target_project,True,False
636611914,expanded_target_project,True,False
636615657,expanded_target_project,True,False
636664618,expanded_target_project,True,False
636720889,expanded_target_project,True,False
636843026,expanded_target_project,True,False
637002627,expanded_target_project,True,False
637123040,expanded_target_project,True,False
637225484,expanded_target_project,True,False
63731386,seed_project,True,False
637349901,expanded_target_project,True,False
63746988,expanded_target_project,True,False
637483840,expanded_target_project,True,False
63749548,expanded_target_project,True,False
637612862,expanded_target_project,True,False
637615400,expanded_target_project,True,False
6376337,expanded_target_project,True,False
637657854,expanded_target_project,True,False
637671184,expanded_target_project,True,False
637719089,expanded_target_project,True,False
637728352,expanded_target_project,True,False
637784659,expanded_target_project,True,False
637800402,expanded_target_project,True,False
637814534,expanded_target_project,True,False
637928904,expanded_target_project,True,False
637940116,expanded_target_project,True,False
637976663,expanded_target_project,True,False
638001891,expanded_target_project,True,False
63809205,expanded_target_project,True,False
63840208,expanded_target_project,True,False
638460245,expanded_target_project,True,False
638496924,expanded_target_project,True,False
638591290,expanded_target_project,True,False
638637628,expanded_target_project,True,False
638665255,expanded_target_project,True,False
638739649,expanded_target_project,True,False
639046841,expanded_target_project,True,False
63925755,expanded_target_project,True,False
639286370,expanded_target_project,True,False
6393199,expanded_target_project,True,False
639411042,expanded_target_project,True,False
639434928,seed_project,True,False
639632172,expanded_target_project,True,False
639698167,expanded_target_project,True,False
639712595,expanded_target_project,True,False
639781117,expanded_target_project,True,False
639821369,expanded_target_project,True,False
63990206,expanded_target_project,True,False
63995402,expanded_target_project,True,False
639988823,expanded_target_project,True,False
640116148,expanded_target_project,True,False
640183,expanded_target_project,True,False
640549170,expanded_target_project,True,False
640837371,expanded_target_project,True,False
640935346,expanded_target_project,True,False
640965999,expanded_target_project,True,False
640972,expanded_target_project,True,False
641028344,expanded_target_project,True,False
64113634,expanded_target_project,True,False
64122791,expanded_target_project,True,False
641411565,expanded_target_project,True,False
641719344,expanded_target_project,True,False
64172663,expanded_target_project,True,False
641818425,expanded_target_project,True,False
64188788,expanded_target_project,True,False
642041202,expanded_target_project,True,False
642112325,expanded_target_project,True,False
642140097,expanded_target_project,True,False
642179302,expanded_target_project,True,False
642303769,expanded_target_project,True,False
642457312,expanded_target_project,True,False
642495775,expanded_target_project,True,False
642580244,expanded_target_project,True,False
642737900,expanded_target_project,True,False
6427744,seed_project,True,False
642880013,expanded_target_project,True,False
642912355,seed_project,True,False
642967703,expanded_target_project,True,False
643013042,expanded_target_project,True,False
643069380,expanded_target_project,True,False
6432337,expanded_target_project,True,False
643327645,expanded_target_project,True,False
643338729,expanded_target_project,True,False
643477279,expanded_target_project,True,False
643590386,expanded_target_project,True,False
6438280,expanded_target_project,True,False
643909209,expanded_target_project,True,False
643985801,expanded_target_project,True,False
644001205,expanded_target_project,True,False
64404140,seed_project,True,False
64405875,expanded_target_project,True,False
64409189,expanded_target_project,True,False
644123568,expanded_target_project,True,False
644142125,expanded_target_project,True,False
64431348,expanded_target_project,True,False
644338428,expanded_target_project,True,False
6443435,expanded_target_project,True,False
644648781,expanded_target_project,True,False
644693223,expanded_target_project,True,False
644742603,seed_project,True,False
644785321,expanded_target_project,True,False
644900953,expanded_target_project,True,False
644947217,expanded_target_project,True,False
645077934,expanded_target_project,True,False
645176440,expanded_target_project,True,False
645200728,expanded_target_project,True,False
645214640,expanded_target_project,True,False
645237,expanded_target_project,True,False
6452529,seed_project,True,False
645293852,expanded_target_project,True,False
645378455,expanded_target_project,True,False
645657466,expanded_target_project,True,False
645707313,expanded_target_project,True,False
645711309,expanded_target_project,True,False
645922806,expanded_target_project,True,False
645987171,expanded_target_project,True,False
64638071,expanded_target_project,True,False
646423,expanded_target_project,True,False
646539567,expanded_target_project,True,False
646574805,expanded_target_project,True,False
646904364,expanded_target_project,True,False
64699530,expanded_target_project,True,False
647006690,expanded_target_project,True,False
647018139,expanded_target_project,True,False
647080117,expanded_target_project,True,False
647153226,expanded_target_project,True,False
647220570,expanded_target_project,True,False
647557800,expanded_target_project,True,False
64756820,expanded_target_project,True,False
647616362,expanded_target_project,True,False
647824125,expanded_target_project,True,False
647863103,expanded_target_project,True,False
647863473,expanded_target_project,True,False
648017819,expanded_target_project,True,False
648111554,expanded_target_project,True,False
648351990,expanded_target_project,True,False
648429440,expanded_target_project,True,False
648737525,expanded_target_project,True,False
648763520,expanded_target_project,True,False
648899724,expanded_target_project,True,False
64927657,expanded_target_project,True,False
649627986,expanded_target_project,True,False
64974630,expanded_target_project,True,False
6498492,expanded_target_project,True,False
650162930,expanded_target_project,True,False
650194867,expanded_target_project,True,False
650326368,expanded_target_project,True,False
6503675,expanded_target_project,True,False
65046532,expanded_target_project,True,False
650524865,expanded_target_project,True,False
650654562,expanded_target_project,True,False
650790307,expanded_target_project,True,False
650805128,expanded_target_project,True,False
650885101,expanded_target_project,True,False
650959196,expanded_target_project,True,False
65120226,expanded_target_project,True,False
651265676,expanded_target_project,True,False
651278448,expanded_target_project,True,False
651291604,expanded_target_project,True,False
651392599,expanded_target_project,True,False
651410723,expanded_target_project,True,False
65214191,expanded_target_project,True,False
65219131,expanded_target_project,True,False
65231883,expanded_target_project,True,False
652391977,expanded_target_project,True,False
652419906,expanded_target_project,True,False
65252,expanded_target_project,True,False
65259211,seed_project,True,False
652677937,expanded_target_project,True,False
652705781,expanded_target_project,True,False
652800084,expanded_target_project,True,False
652802536,expanded_target_project,True,False
653113540,expanded_target_project,True,False
653302856,expanded_target_project,True,False
653441796,expanded_target_project,True,False
653525888,expanded_target_project,True,False
653907108,expanded_target_project,True,False
653916863,expanded_target_project,True,False
653993822,expanded_target_project,True,False
654024495,expanded_target_project,True,False
654146056,expanded_target_project,True,False
654167374,expanded_target_project,True,False
65430363,expanded_target_project,True,False
654473883,expanded_target_project,True,False
654609683,expanded_target_project,True,False
654868272,expanded_target_project,True,False
654949237,expanded_target_project,True,False
654972120,expanded_target_project,True,False
655426302,expanded_target_project,True,False
655569549,expanded_target_project,True,False
655686746,expanded_target_project,True,False
655973045,expanded_target_project,True,False
655999022,expanded_target_project,True,False
65600975,expanded_target_project,True,False
656099147,expanded_target_project,True,False
656201452,expanded_target_project,True,False
656451949,expanded_target_project,True,False
656493085,expanded_target_project,True,False
656819196,expanded_target_project,True,False
657093481,expanded_target_project,True,False
65711522,expanded_target_project,True,False
657139254,expanded_target_project,True,False
65750241,expanded_target_project,True,False
657892633,expanded_target_project,True,False
65794292,expanded_target_project,True,False
65798922,expanded_target_project,True,False
658064905,expanded_target_project,True,False
658219396,expanded_target_project,True,False
658303145,expanded_target_project,True,False
658518,expanded_target_project,True,False
658602423,expanded_target_project,True,False
658604256,expanded_target_project,True,False
658720749,expanded_target_project,True,False
658917400,expanded_target_project,True,False
658984669,expanded_target_project,True,False
658996468,expanded_target_project,True,False
659043387,expanded_target_project,True,False
659129670,expanded_target_project,True,False
65915265,expanded_target_project,True,False
659205820,expanded_target_project,True,False
659311942,expanded_target_project,True,False
659525866,expanded_target_project,True,False
659662963,expanded_target_project,True,False
65983699,expanded_target_project,True,False
65987043,expanded_target_project,True,False
659882407,expanded_target_project,True,False
659936875,expanded_target_project,True,False
659957668,expanded_target_project,True,False
660095218,expanded_target_project,True,False
660154432,expanded_target_project,True,False
660165769,expanded_target_project,True,False
660205230,expanded_target_project,True,False
66023605,expanded_target_project,True,False
66030306,expanded_target_project,True,False
660413117,expanded_target_project,True,False
660472817,expanded_target_project,True,False
660517465,expanded_target_project,True,False
66066769,expanded_target_project,True,False
660700290,expanded_target_project,True,False
660776503,seed_project,True,False
660782830,expanded_target_project,True,False
660802589,expanded_target_project,True,False
661490716,expanded_target_project,True,False
661495743,expanded_target_project,True,False
661663226,seed_project,True,False
661714104,expanded_target_project,True,False
661722274,expanded_target_project,True,False
661747182,expanded_target_project,True,False
662029190,expanded_target_project,True,False
662129403,expanded_target_project,True,False
662230792,expanded_target_project,True,False
662292489,expanded_target_project,True,False
662296099,expanded_target_project,True,False
662390922,expanded_target_project,True,False
662391505,expanded_target_project,True,False
662491370,expanded_target_project,True,False
662528645,expanded_target_project,True,False
662533076,expanded_target_project,True,False
663105342,expanded_target_project,True,False
66311167,expanded_target_project,True,False
66314075,expanded_target_project,True,False
663142926,expanded_target_project,True,False
66319393,expanded_target_project,True,False
663194535,expanded_target_project,True,False
663230755,expanded_target_project,True,False
663234593,expanded_target_project,True,False
663235757,expanded_target_project,True,False
663487567,expanded_target_project,True,False
66403568,expanded_target_project,True,False
664133375,seed_project,True,False
664229884,expanded_target_project,True,False
664306200,expanded_target_project,True,False
664328726,expanded_target_project,True,False
664363680,expanded_target_project,True,False
664452562,expanded_target_project,True,False
664610555,expanded_target_project,True,False
664619356,expanded_target_project,True,False
664686793,expanded_target_project,True,False
664700615,expanded_target_project,True,False
664750387,expanded_target_project,True,False
664816265,seed_project,True,False
664873197,expanded_target_project,True,False
664913428,expanded_target_project,True,False
664938238,expanded_target_project,True,False
665040867,expanded_target_project,True,False
6650539,seed_project,True,False
66509131,expanded_target_project,True,False
6652220,expanded_target_project,True,False
665353395,expanded_target_project,True,False
665462497,expanded_target_project,True,False
665583256,expanded_target_project,True,False
66566232,expanded_target_project,True,False
665687435,expanded_target_project,True,False
665868048,expanded_target_project,True,False
665940820,expanded_target_project,True,False
666012420,expanded_target_project,True,False
666055104,expanded_target_project,True,False
666163354,expanded_target_project,True,False
666260877,expanded_target_project,True,False
666355905,expanded_target_project,True,False
666590450,expanded_target_project,True,False
666701506,expanded_target_project,True,False
666811174,expanded_target_project,True,False
666905969,expanded_target_project,True,False
667068215,expanded_target_project,True,False
6670942,expanded_target_project,True,False
667137404,expanded_target_project,True,False
667297483,expanded_target_project,True,False
667310700,expanded_target_project,True,False
66737655,expanded_target_project,True,False
667517207,expanded_target_project,True,False
66767732,expanded_target_project,True,False
667698077,expanded_target_project,True,False
667764268,expanded_target_project,True,False
66781547,expanded_target_project,True,False
66783145,seed_project,True,False
66783467,expanded_target_project,True,False
667847062,expanded_target_project,True,False
668128822,expanded_target_project,True,False
668207668,expanded_target_project,True,False
66823715,expanded_target_project,True,False
668344211,expanded_target_project,True,False
668515688,expanded_target_project,True,False
66855798,expanded_target_project,True,False
668597066,expanded_target_project,True,False
668609448,expanded_target_project,True,False
668665017,expanded_target_project,True,False
668673665,expanded_target_project,True,False
668887052,expanded_target_project,True,False
669011066,expanded_target_project,True,False
669129391,expanded_target_project,True,False
669131748,expanded_target_project,True,False
669168604,expanded_target_project,True,False
669267591,expanded_target_project,True,False
66935478,expanded_target_project,True,False
66944590,expanded_target_project,True,False
669620183,expanded_target_project,True,False
669906644,expanded_target_project,True,False
66992256,expanded_target_project,True,False
669926526,expanded_target_project,True,False
669971489,expanded_target_project,True,False
67006105,expanded_target_project,True,False
670087159,expanded_target_project,True,False
6701057,expanded_target_project,True,False
670144921,expanded_target_project,True,False
670159282,expanded_target_project,True,False
670260734,expanded_target_project,True,False
670333862,expanded_target_project,True,False
670479236,expanded_target_project,True,False
670568984,expanded_target_project,True,False
670792832,expanded_target_project,True,False
670969182,expanded_target_project,True,False
671043970,expanded_target_project,True,False
671094317,expanded_target_project,True,False
671133847,expanded_target_project,True,False
671205843,expanded_target_project,True,False
671346269,expanded_target_project,True,False
6714663,expanded_target_project,True,False
671504259,expanded_target_project,True,False
671661310,expanded_target_project,True,False
671795684,expanded_target_project,True,False
671805105,expanded_target_project,True,False
671811685,expanded_target_project,True,False
671825,expanded_target_project,True,False
671825406,expanded_target_project,True,False
671838558,expanded_target_project,True,False
671901773,expanded_target_project,True,False
671971248,expanded_target_project,True,False
672058186,expanded_target_project,True,False
672138641,expanded_target_project,True,False
672187135,expanded_target_project,True,False
672303273,expanded_target_project,True,False
672478529,expanded_target_project,True,False
672491464,expanded_target_project,True,False
67264828,expanded_target_project,True,False
67273122,expanded_target_project,True,False
672756585,expanded_target_project,True,False
672760351,expanded_target_project,True,False
672826535,expanded_target_project,True,False
672830505,expanded_target_project,True,False
672891998,expanded_target_project,True,False
67305738,expanded_target_project,True,False
673127966,expanded_target_project,True,False
6731432,expanded_target_project,True,False
673210244,expanded_target_project,True,False
673220833,expanded_target_project,True,False
673267,expanded_target_project,True,False
673363650,expanded_target_project,True,False
673408592,expanded_target_project,True,False
673419947,expanded_target_project,True,False
673423409,expanded_target_project,True,False
673465084,expanded_target_project,True,False
673540142,expanded_target_project,True,False
673545053,expanded_target_project,True,False
67354721,expanded_target_project,True,False
673596675,expanded_target_project,True,False
673599084,expanded_target_project,True,False
67372977,expanded_target_project,True,False
673810984,expanded_target_project,True,False
673829675,expanded_target_project,True,False
67385952,expanded_target_project,True,False
673962654,expanded_target_project,True,False
674014858,expanded_target_project,True,False
674149041,expanded_target_project,True,False
674155526,expanded_target_project,True,False
674202099,expanded_target_project,True,False
6742151,expanded_target_project,True,False
674469838,expanded_target_project,True,False
674520507,expanded_target_project,True,False
674603270,expanded_target_project,True,False
674664577,expanded_target_project,True,False
674718180,expanded_target_project,True,False
674773779,expanded_target_project,True,False
674820364,expanded_target_project,True,False
674831767,expanded_target_project,True,False
675269342,expanded_target_project,True,False
675549155,expanded_target_project,True,False
675602052,expanded_target_project,True,False
675647299,expanded_target_project,True,False
675716634,expanded_target_project,True,False
675740952,expanded_target_project,True,False
675769914,expanded_target_project,True,False
675835930,expanded_target_project,True,False
675859005,expanded_target_project,True,False
675915182,expanded_target_project,True,False
675967478,expanded_target_project,True,False
676024928,expanded_target_project,True,False
676055846,expanded_target_project,True,False
676083065,expanded_target_project,True,False
676097068,expanded_target_project,True,False
676208116,expanded_target_project,True,False
676256169,expanded_target_project,True,False
67626108,expanded_target_project,True,False
676353955,expanded_target_project,True,False
676410846,expanded_target_project,True,False
676419965,expanded_target_project,True,False
67646563,expanded_target_project,True,False
676469233,expanded_target_project,True,False
6765281,expanded_target_project,True,False
676646151,expanded_target_project,True,False
6766558,expanded_target_project,True,False
67680905,expanded_target_project,True,False
676842785,expanded_target_project,True,False
676861139,expanded_target_project,True,False
676960961,expanded_target_project,True,False
677038657,expanded_target_project,True,False
677149938,expanded_target_project,True,False
677153316,expanded_target_project,True,False
677181416,expanded_target_project,True,False
677206856,expanded_target_project,True,False
677479521,expanded_target_project,True,False
67753070,expanded_target_project,True,False
677831399,expanded_target_project,True,False
67793333,expanded_target_project,True,False
678214856,seed_project,True,False
67836789,expanded_target_project,True,False
678540761,expanded_target_project,True,False
678615763,expanded_target_project,True,False
6786166,expanded_target_project,True,False
6788088,expanded_target_project,True,False
678995193,expanded_target_project,True,False
679025373,expanded_target_project,True,False
67904342,seed_project,True,False
679249957,expanded_target_project,True,False
679373403,expanded_target_project,True,False
679396061,expanded_target_project,True,False
679628763,expanded_target_project,True,False
679647890,expanded_target_project,True,False
679662,expanded_target_project,True,False
679730958,expanded_target_project,True,False
679777282,expanded_target_project,True,False
679807475,expanded_target_project,True,False
679837577,expanded_target_project,True,False
679889516,seed_project,True,False
680083520,expanded_target_project,True,False
68009783,expanded_target_project,True,False
680155679,expanded_target_project,True,False
68020423,expanded_target_project,True,False
680247452,expanded_target_project,True,False
680533087,expanded_target_project,True,False
68077781,expanded_target_project,True,False
680781965,expanded_target_project,True,False
680783453,expanded_target_project,True,False
680799,expanded_target_project,True,False
680804364,expanded_target_project,True,False
680823106,expanded_target_project,True,False
680991804,expanded_target_project,True,False
6810719,expanded_target_project,True,False
681142,seed_project,True,False
681493020,expanded_target_project,True,False
681638483,expanded_target_project,True,False
681705041,expanded_target_project,True,False
6818061,expanded_target_project,True,False
68181694,expanded_target_project,True,False
681848059,expanded_target_project,True,False
681850196,expanded_target_project,True,False
681882682,expanded_target_project,True,False
681989124,expanded_target_project,True,False
682003431,expanded_target_project,True,False
682081244,expanded_target_project,True,False
682705890,expanded_target_project,True,False
682834027,expanded_target_project,True,False
68291529,expanded_target_project,True,False
682923562,expanded_target_project,True,False
68294628,expanded_target_project,True,False
683089774,expanded_target_project,True,False
68312233,expanded_target_project,True,False
683126971,expanded_target_project,True,False
683498897,expanded_target_project,True,False
683637737,expanded_target_project,True,False
6838921,seed_project,True,False
684046299,seed_project,True,False
684061670,expanded_target_project,True,False
684104164,expanded_target_project,True,False
684237441,expanded_target_project,True,False
684383578,expanded_target_project,True,False
684396258,expanded_target_project,True,False
684401320,expanded_target_project,True,False
684514620,expanded_target_project,True,False
684523446,expanded_target_project,True,False
684595721,expanded_target_project,True,False
68465360,expanded_target_project,True,False
684697496,expanded_target_project,True,False
684704498,expanded_target_project,True,False
685139283,expanded_target_project,True,False
685163084,expanded_target_project,True,False
685474150,expanded_target_project,True,False
685771172,expanded_target_project,True,False
685798215,expanded_target_project,True,False
685850040,expanded_target_project,True,False
685868053,expanded_target_project,True,False
685905563,expanded_target_project,True,False
685913172,expanded_target_project,True,False
685997609,expanded_target_project,True,False
686003893,expanded_target_project,True,False
686029152,expanded_target_project,True,False
686070010,expanded_target_project,True,False
686215676,expanded_target_project,True,False
686261276,expanded_target_project,True,False
686294266,expanded_target_project,True,False
686974403,expanded_target_project,True,False
687026542,expanded_target_project,True,False
687171752,expanded_target_project,True,False
68731208,expanded_target_project,True,False
687314385,expanded_target_project,True,False
687836,expanded_target_project,True,False
687977547,expanded_target_project,True,False
687985448,expanded_target_project,True,False
688065193,expanded_target_project,True,False
688136681,expanded_target_project,True,False
688201329,expanded_target_project,True,False
688208,expanded_target_project,True,False
688272353,expanded_target_project,True,False
688337960,expanded_target_project,True,False
688340615,expanded_target_project,True,False
68838259,expanded_target_project,True,False
688428792,expanded_target_project,True,False
688490223,expanded_target_project,True,False
688505089,expanded_target_project,True,False
688508983,expanded_target_project,True,False
688546384,expanded_target_project,True,False
688567865,expanded_target_project,True,False
688568610,expanded_target_project,True,False
688586835,expanded_target_project,True,False
688675173,expanded_target_project,True,False
688760465,expanded_target_project,True,False
689017703,expanded_target_project,True,False
689082460,expanded_target_project,True,False
689097319,expanded_target_project,True,False
6892935,expanded_target_project,True,False
68938580,expanded_target_project,True,False
689504627,expanded_target_project,True,False
689613409,expanded_target_project,True,False
68964263,expanded_target_project,True,False
68967191,expanded_target_project,True,False
689853521,expanded_target_project,True,False
690126042,expanded_target_project,True,False
690130401,expanded_target_project,True,False
690165495,expanded_target_project,True,False
690308434,expanded_target_project,True,False
690359264,expanded_target_project,True,False
690638724,expanded_target_project,True,False
690689043,expanded_target_project,True,False
690790894,expanded_target_project,True,False
690824662,expanded_target_project,True,False
6915445,expanded_target_project,True,False
691576972,expanded_target_project,True,False
691638668,expanded_target_project,True,False
691683,expanded_target_project,True,False
69170505,expanded_target_project,True,False
691722422,expanded_target_project,True,False
691880760,expanded_target_project,True,False
691974445,expanded_target_project,True,False
692008436,expanded_target_project,True,False
692131054,expanded_target_project,True,False
692609224,expanded_target_project,True,False
692967348,expanded_target_project,True,False
6930489,expanded_target_project,True,False
693201231,expanded_target_project,True,False
693214374,expanded_target_project,True,False
693268407,expanded_target_project,True,False
6934395,seed_project,True,False
69365079,expanded_target_project,True,False
693943569,expanded_target_project,True,False
693950742,expanded_target_project,True,False
69400326,expanded_target_project,True,False
694438560,expanded_target_project,True,False
694474426,expanded_target_project,True,False
694565231,expanded_target_project,True,False
694616566,expanded_target_project,True,False
694703339,expanded_target_project,True,False
694825173,expanded_target_project,True,False
694838293,expanded_target_project,True,False
695088395,expanded_target_project,True,False
695372858,expanded_target_project,True,False
695630582,expanded_target_project,True,False
695754575,expanded_target_project,True,False
69579420,expanded_target_project,True,False
695953081,expanded_target_project,True,False
695990001,expanded_target_project,True,False
696118837,expanded_target_project,True,False
69614928,expanded_target_project,True,False
696400903,expanded_target_project,True,False
696459586,expanded_target_project,True,False
696522821,expanded_target_project,True,False
696682425,expanded_target_project,True,False
696716530,expanded_target_project,True,False
696816187,expanded_target_project,True,False
69681666,expanded_target_project,True,False
696834384,expanded_target_project,True,False
696899371,expanded_target_project,True,False
696936357,expanded_target_project,True,False
6973491,expanded_target_project,True,False
697687991,expanded_target_project,True,False
697733031,expanded_target_project,True,False
697934018,expanded_target_project,True,False
697944531,expanded_target_project,True,False
697976,expanded_target_project,True,False
69809097,expanded_target_project,True,False
698476716,expanded_target_project,True,False
69857712,expanded_target_project,True,False
698767645,expanded_target_project,True,False
6988020,expanded_target_project,True,False
698819480,expanded_target_project,True,False
699397588,expanded_target_project,True,False
69940348,expanded_target_project,True,False
699689,expanded_target_project,True,False
700350060,expanded_target_project,True,False
700399518,expanded_target_project,True,False
7004897,expanded_target_project,True,False
700539288,expanded_target_project,True,False
70107786,expanded_target_project,True,False
70116337,expanded_target_project,True,False
701242255,expanded_target_project,True,False
701260245,expanded_target_project,True,False
701296964,expanded_target_project,True,False
701342178,expanded_target_project,True,False
701355546,expanded_target_project,True,False
701495725,expanded_target_project,True,False
701554958,expanded_target_project,True,False
701574389,expanded_target_project,True,False
701657527,expanded_target_project,True,False
70208775,expanded_target_project,True,False
702247957,expanded_target_project,True,False
702868509,expanded_target_project,True,False
702874453,expanded_target_project,True,False
703310134,expanded_target_project,True,False
703383847,expanded_target_project,True,False
70346903,expanded_target_project,True,False
70352157,expanded_target_project,True,False
7035651,expanded_target_project,True,False
70365100,expanded_target_project,True,False
703866764,expanded_target_project,True,False
704252738,expanded_target_project,True,False
704363799,expanded_target_project,True,False
704543233,expanded_target_project,True,False
704583797,expanded_target_project,True,False
704732969,expanded_target_project,True,False
704985219,expanded_target_project,True,False
704991199,expanded_target_project,True,False
7053637,expanded_target_project,True,False
7056202,expanded_target_project,True,False
705719368,expanded_target_project,True,False
705749730,expanded_target_project,True,False
705910402,expanded_target_project,True,False
705929331,expanded_target_project,True,False
706110337,expanded_target_project,True,False
70637366,expanded_target_project,True,False
706668512,expanded_target_project,True,False
70676032,expanded_target_project,True,False
707178563,expanded_target_project,True,False
707184445,expanded_target_project,True,False
707243382,expanded_target_project,True,False
707276837,expanded_target_project,True,False
707282555,expanded_target_project,True,False
707422832,expanded_target_project,True,False
707560051,expanded_target_project,True,False
707795660,expanded_target_project,True,False
708197490,expanded_target_project,True,False
7083240,seed_project,True,False
7083242,expanded_target_project,True,False
708477158,expanded_target_project,True,False
708558420,expanded_target_project,True,False
708707800,expanded_target_project,True,False
708945403,expanded_target_project,True,False
709112357,expanded_target_project,True,False
709619049,expanded_target_project,True,False
710418253,expanded_target_project,True,False
710733215,expanded_target_project,True,False
711118881,expanded_target_project,True,False
71133469,expanded_target_project,True,False
711582,expanded_target_project,True,False
711787706,expanded_target_project,True,False
711976,expanded_target_project,True,False
711983650,expanded_target_project,True,False
711993421,expanded_target_project,True,False
712225029,expanded_target_project,True,False
712299615,expanded_target_project,True,False
71253874,expanded_target_project,True,False
712656763,expanded_target_project,True,False
713048114,expanded_target_project,True,False
713304751,expanded_target_project,True,False
713331229,expanded_target_project,True,False
713558891,expanded_target_project,True,False
713582315,expanded_target_project,True,False
713687624,expanded_target_project,True,False
713825427,expanded_target_project,True,False
713926835,expanded_target_project,True,False
713957550,expanded_target_project,True,False
714074,seed_project,True,False
71415280,expanded_target_project,True,False
714663979,expanded_target_project,True,False
714809540,expanded_target_project,True,False
715015715,expanded_target_project,True,False
715255303,expanded_target_project,True,False
715438998,expanded_target_project,True,False
715591737,expanded_target_project,True,False
715605,expanded_target_project,True,False
71565220,expanded_target_project,True,False
715728010,expanded_target_project,True,False
715751176,expanded_target_project,True,False
715798276,expanded_target_project,True,False
715965633,expanded_target_project,True,False
716081243,expanded_target_project,True,False
716661693,expanded_target_project,True,False
7170058,expanded_target_project,True,False
717364780,expanded_target_project,True,False
71822014,expanded_target_project,True,False
71823870,expanded_target_project,True,False
71835381,expanded_target_project,True,False
718404317,expanded_target_project,True,False
7184464,expanded_target_project,True,False
718593705,expanded_target_project,True,False
71932349,expanded_target_project,True,False
71939872,expanded_target_project,True,False
71948498,expanded_target_project,True,False
719532471,expanded_target_project,True,False
719631656,expanded_target_project,True,False
719950280,expanded_target_project,True,False
71995937,expanded_target_project,True,False
719984336,expanded_target_project,True,False
719988059,expanded_target_project,True,False
720278827,expanded_target_project,True,False
720603002,expanded_target_project,True,False
720760454,expanded_target_project,True,False
720766402,expanded_target_project,True,False
72087685,expanded_target_project,True,False
721065451,expanded_target_project,True,False
721120511,expanded_target_project,True,False
721191499,expanded_target_project,True,False
721643065,expanded_target_project,True,False
722010879,expanded_target_project,True,False
722016080,expanded_target_project,True,False
722083284,expanded_target_project,True,False
722117815,seed_project,True,False
722180249,expanded_target_project,True,False
722309256,expanded_target_project,True,False
722414979,expanded_target_project,True,False
722421663,expanded_target_project,True,False
722434205,expanded_target_project,True,False
722682,expanded_target_project,True,False
722854801,seed_project,True,False
72286208,expanded_target_project,True,False
722908919,expanded_target_project,True,False
722956234,expanded_target_project,True,False
72308037,expanded_target_project,True,False
723497381,expanded_target_project,True,False
724158871,expanded_target_project,True,False
724187502,expanded_target_project,True,False
724712,expanded_target_project,True,False
724712326,expanded_target_project,True,False
72474275,expanded_target_project,True,False
724809112,expanded_target_project,True,False
72486161,expanded_target_project,True,False
72495579,expanded_target_project,True,False
725211825,expanded_target_project,True,False
725322263,expanded_target_project,True,False
725934563,expanded_target_project,True,False
72628350,expanded_target_project,True,False
72667908,expanded_target_project,True,False
72685026,expanded_target_project,True,False
72700804,expanded_target_project,True,False
727547054,expanded_target_project,True,False
7276954,expanded_target_project,True,False
727806544,expanded_target_project,True,False
727890387,expanded_target_project,True,False
727984776,expanded_target_project,True,False
72815283,expanded_target_project,True,False
728703084,expanded_target_project,True,False
72874378,expanded_target_project,True,False
72888736,expanded_target_project,True,False
72889410,expanded_target_project,True,False
72892565,expanded_target_project,True,False
729031460,expanded_target_project,True,False
729075686,expanded_target_project,True,False
729119717,expanded_target_project,True,False
729120365,expanded_target_project,True,False
729425251,expanded_target_project,True,False
729539784,expanded_target_project,True,False
72954239,expanded_target_project,True,False
729889072,expanded_target_project,True,False
729935667,expanded_target_project,True,False
730106711,expanded_target_project,True,False
730249672,expanded_target_project,True,False
730636141,expanded_target_project,True,False
730657398,expanded_target_project,True,False
730664515,expanded_target_project,True,False
730732421,expanded_target_project,True,False
730751175,expanded_target_project,True,False
730832824,expanded_target_project,True,False
730883434,expanded_target_project,True,False
731115289,expanded_target_project,True,False
731181803,expanded_target_project,True,False
731287603,expanded_target_project,True,False
731291060,expanded_target_project,True,False
731399117,expanded_target_project,True,False
731515911,expanded_target_project,True,False
731560361,expanded_target_project,True,False
731843084,expanded_target_project,True,False
731929865,expanded_target_project,True,False
73235061,seed_project,True,False
733067491,expanded_target_project,True,False
734006403,expanded_target_project,True,False
734496956,expanded_target_project,True,False
734642069,expanded_target_project,True,False
734972901,expanded_target_project,True,False
73500647,expanded_target_project,True,False
735462020,expanded_target_project,True,False
73561616,expanded_target_project,True,False
7357595,seed_project,True,False
735921183,expanded_target_project,True,False
735923391,expanded_target_project,True,False
735981,seed_project,True,False
7363211,expanded_target_project,True,False
736527492,expanded_target_project,True,False
737030210,expanded_target_project,True,False
737450129,expanded_target_project,True,False
737476193,expanded_target_project,True,False
7378480,expanded_target_project,True,False
73823302,expanded_target_project,True,False
738250,expanded_target_project,True,False
738338,seed_project,True,False
73948366,expanded_target_project,True,False
73967674,expanded_target_project,True,False
74046615,expanded_target_project,True,False
7408108,expanded_target_project,True,False
74106774,expanded_target_project,True,False
74175805,expanded_target_project,True,False
7427613,expanded_target_project,True,False
7437073,seed_project,True,False
74385422,expanded_target_project,True,False
743888972,expanded_target_project,True,False
74411440,expanded_target_project,True,False
7444861,expanded_target_project,True,False
745749,expanded_target_project,True,False
74654732,expanded_target_project,True,False
74659399,expanded_target_project,True,False
7467217,expanded_target_project,True,False
74698620,expanded_target_project,True,False
74700293,expanded_target_project,True,False
74705400,expanded_target_project,True,False
747698,expanded_target_project,True,False
74896462,expanded_target_project,True,False
74950504,expanded_target_project,True,False
7502247,seed_project,True,False
750833442,expanded_target_project,True,False
7508411,expanded_target_project,True,False
75104123,expanded_target_project,True,False
751486,expanded_target_project,True,False
7515336,expanded_target_project,True,False
75164823,expanded_target_project,True,False
75173456,expanded_target_project,True,False
75190736,expanded_target_project,True,False
75216133,expanded_target_project,True,False
75234804,expanded_target_project,True,False
75244322,expanded_target_project,True,False
75425073,seed_project,True,False
7561862,seed_project,True,False
7563814,expanded_target_project,True,False
75649634,expanded_target_project,True,False
756856,expanded_target_project,True,False
75744278,expanded_target_project,True,False
75753556,expanded_target_project,True,False
75800303,expanded_target_project,True,False
75821432,expanded_target_project,True,False
7587038,expanded_target_project,True,False
75882172,expanded_target_project,True,False
7589942,expanded_target_project,True,False
7590000,expanded_target_project,True,False
7590028,expanded_target_project,True,False
75918965,expanded_target_project,True,False
76064827,expanded_target_project,True,False
7613257,expanded_target_project,True,False
76214676,expanded_target_project,True,False
76301022,expanded_target_project,True,False
76336560,expanded_target_project,True,False
7634677,expanded_target_project,True,False
76356815,expanded_target_project,True,False
76370586,expanded_target_project,True,False
7639232,expanded_target_project,True,False
76474200,expanded_target_project,True,False
76504246,expanded_target_project,True,False
76711509,expanded_target_project,True,False
76734068,expanded_target_project,True,False
76748754,expanded_target_project,True,False
7691631,expanded_target_project,True,False
76978254,expanded_target_project,True,False
76986795,expanded_target_project,True,False
77071454,expanded_target_project,True,False
770901,expanded_target_project,True,False
771374991,expanded_target_project,True,False
7730829,expanded_target_project,True,False
77308564,expanded_target_project,True,False
77338532,expanded_target_project,True,False
77385607,seed_project,True,False
77394483,expanded_target_project,True,False
77428506,expanded_target_project,True,False
77475890,expanded_target_project,True,False
77570309,expanded_target_project,True,False
776374,expanded_target_project,True,False
77703394,expanded_target_project,True,False
77868600,expanded_target_project,True,False
77956507,expanded_target_project,True,False
779570,expanded_target_project,True,False
780266,expanded_target_project,True,False
7813441,expanded_target_project,True,False
78234185,expanded_target_project,True,False
7823926,expanded_target_project,True,False
782679,expanded_target_project,True,False
7833168,expanded_target_project,True,False
78460122,expanded_target_project,True,False
78667796,expanded_target_project,True,False
78670698,expanded_target_project,True,False
78678862,expanded_target_project,True,False
78687528,expanded_target_project,True,False
78690338,expanded_target_project,True,False
7875914,expanded_target_project,True,False
7877397,expanded_target_project,True,False
78835813,expanded_target_project,True,False
78870047,expanded_target_project,True,False
78874920,expanded_target_project,True,False
7895139,expanded_target_project,True,False
7896580,expanded_target_project,True,False
790359,expanded_target_project,True,False
790938,expanded_target_project,True,False
79096817,expanded_target_project,True,False
7910045,expanded_target_project,True,False
791522,seed_project,True,False
79188507,expanded_target_project,True,False
792993396,expanded_target_project,True,False
79317191,seed_project,True,False
79371642,expanded_target_project,True,False
7939844,expanded_target_project,True,False
79510167,expanded_target_project,True,False
7961991,expanded_target_project,True,False
797112,expanded_target_project,True,False
79733281,expanded_target_project,True,False
79874569,expanded_target_project,True,False
79901405,seed_project,True,False
79907973,expanded_target_project,True,False
79954708,expanded_target_project,True,False
80084817,expanded_target_project,True,False
80087836,seed_project,True,False
8014055,expanded_target_project,True,False
80179724,expanded_target_project,True,False
8024331,expanded_target_project,True,False
80311370,expanded_target_project,True,False
80317682,expanded_target_project,True,False
8036854,expanded_target_project,True,False
80369237,expanded_target_project,True,False
8039659,seed_project,True,False
80425943,expanded_target_project,True,False
80430781,expanded_target_project,True,False
80501529,expanded_target_project,True,False
80624075,expanded_target_project,True,False
80640282,expanded_target_project,True,False
80814363,expanded_target_project,True,False
80910170,expanded_target_project,True,False
80945428,expanded_target_project,True,False
80964373,expanded_target_project,True,False
8103021,seed_project,True,False
81145663,expanded_target_project,True,False
81192894,expanded_target_project,True,False
8119454,expanded_target_project,True,False
81209935,expanded_target_project,True,False
81227005,expanded_target_project,True,False
81253511,expanded_target_project,True,False
81355383,expanded_target_project,True,False
81384578,expanded_target_project,True,False
81387692,expanded_target_project,True,False
8139951,expanded_target_project,True,False
81411018,seed_project,True,False
815644,expanded_target_project,True,False
81598961,expanded_target_project,True,False
81698600,expanded_target_project,True,False
81712364,expanded_target_project,True,False
81770291,expanded_target_project,True,False
81810486,expanded_target_project,True,False
820039,expanded_target_project,True,False
8226650,expanded_target_project,True,False
82301030,expanded_target_project,True,False
8249948,expanded_target_project,True,False
82552640,expanded_target_project,True,False
82580,expanded_target_project,True,False
826897,expanded_target_project,True,False
8277372,expanded_target_project,True,False
82783929,expanded_target_project,True,False
83252983,expanded_target_project,True,False
832680,expanded_target_project,True,False
8335020,seed_project,True,False
83363132,expanded_target_project,True,False
83364914,expanded_target_project,True,False
83496508,expanded_target_project,True,False
83502071,expanded_target_project,True,False
83552012,expanded_target_project,True,False
83638422,expanded_target_project,True,False
8372403,expanded_target_project,True,False
8373342,expanded_target_project,True,False
83803176,expanded_target_project,True,False
8385515,expanded_target_project,True,False
8385616,expanded_target_project,True,False
8393979,expanded_target_project,True,False
83947552,expanded_target_project,True,False
8397993,expanded_target_project,True,False
84038847,expanded_target_project,True,False
84045805,expanded_target_project,True,False
84088596,expanded_target_project,True,False
84131481,expanded_target_project,True,False
8413786,expanded_target_project,True,False
841835,expanded_target_project,True,False
84240850,seed_project,True,False
8425622,expanded_target_project,True,False
8427964,expanded_target_project,True,False
84302090,expanded_target_project,True,False
843222,expanded_target_project,True,False
84382796,expanded_target_project,True,False
84424258,expanded_target_project,True,False
84458512,seed_project,True,False
84517704,expanded_target_project,True,False
84596297,expanded_target_project,True,False
84610043,expanded_target_project,True,False
8467178,expanded_target_project,True,False
8484604,expanded_target_project,True,False
8485842,expanded_target_project,True,False
84972208,expanded_target_project,True,False
84983058,expanded_target_project,True,False
85005111,expanded_target_project,True,False
85069480,expanded_target_project,True,False
8507859,expanded_target_project,True,False
8514,expanded_target_project,True,False
85236158,seed_project,True,False
85294562,expanded_target_project,True,False
85320730,expanded_target_project,True,False
85327864,expanded_target_project,True,False
8535507,expanded_target_project,True,False
8544907,expanded_target_project,True,False
85504501,expanded_target_project,True,False
85508223,expanded_target_project,True,False
85516979,expanded_target_project,True,False
85531416,expanded_target_project,True,False
85795396,expanded_target_project,True,False
85802819,expanded_target_project,True,False
858127,expanded_target_project,True,False
85817267,expanded_target_project,True,False
86092400,expanded_target_project,True,False
86103984,expanded_target_project,True,False
8626555,expanded_target_project,True,False
86271291,expanded_target_project,True,False
86329034,expanded_target_project,True,False
86367047,expanded_target_project,True,False
86367123,expanded_target_project,True,False
8643296,expanded_target_project,True,False
86497800,expanded_target_project,True,False
86504302,expanded_target_project,True,False
86519473,expanded_target_project,True,False
865412,seed_project,True,False
86639356,expanded_target_project,True,False
86644608,expanded_target_project,True,False
86740149,expanded_target_project,True,False
86742497,expanded_target_project,True,False
86749899,expanded_target_project,True,False
86868560,seed_project,True,False
86870924,expanded_target_project,True,False
8710734,expanded_target_project,True,False
87143129,expanded_target_project,True,False
87146293,expanded_target_project,True,False
87238466,expanded_target_project,True,False
87245701,expanded_target_project,True,False
87289313,expanded_target_project,True,False
8733116,expanded_target_project,True,False
873328,expanded_target_project,True,False
87358441,expanded_target_project,True,False
87362999,expanded_target_project,True,False
87414843,seed_project,True,False
87554659,expanded_target_project,True,False
87735873,expanded_target_project,True,False
87859908,expanded_target_project,True,False
88013053,expanded_target_project,True,False
8804093,expanded_target_project,True,False
88213008,expanded_target_project,True,False
8825137,expanded_target_project,True,False
8843683,expanded_target_project,True,False
88439547,expanded_target_project,True,False
8844630,expanded_target_project,True,False
88519607,expanded_target_project,True,False
88647250,expanded_target_project,True,False
88674404,expanded_target_project,True,False
886774,expanded_target_project,True,False
8882852,expanded_target_project,True,False
88956492,expanded_target_project,True,False
88962042,expanded_target_project,True,False
89026103,expanded_target_project,True,False
890377,expanded_target_project,True,False
8909193,expanded_target_project,True,False
89145566,expanded_target_project,True,False
89188193,expanded_target_project,True,False
89197041,expanded_target_project,True,False
89215652,expanded_target_project,True,False
8926444,expanded_target_project,True,False
89412712,expanded_target_project,True,False
894162,expanded_target_project,True,False
89443483,expanded_target_project,True,False
89943162,expanded_target_project,True,False
90137956,expanded_target_project,True,False
90194616,expanded_target_project,True,False
90299507,expanded_target_project,True,False
90301263,expanded_target_project,True,False
90336564,expanded_target_project,True,False
90364793,expanded_target_project,True,False
90438444,expanded_target_project,True,False
904641,expanded_target_project,True,False
90506918,expanded_target_project,True,False
9051843,expanded_target_project,True,False
90541149,seed_project,True,False
90636971,expanded_target_project,True,False
9074548,seed_project,True,False
90752597,expanded_target_project,True,False
9078984,expanded_target_project,True,False
90793418,expanded_target_project,True,False
90796663,expanded_target_project,True,False
90798757,expanded_target_project,True,False
90808126,expanded_target_project,True,False
90821930,expanded_target_project,True,False
908607,expanded_target_project,True,False
908893,expanded_target_project,True,False
9090933,expanded_target_project,True,False
90912724,expanded_target_project,True,False
91054480,expanded_target_project,True,False
91074692,expanded_target_project,True,False
91151442,expanded_target_project,True,False
911980,seed_project,True,False
9120526,expanded_target_project,True,False
91218588,expanded_target_project,True,False
91262163,expanded_target_project,True,False
91287861,expanded_target_project,True,False
9155431,expanded_target_project,True,False
9155612,expanded_target_project,True,False
9156682,expanded_target_project,True,False
915844,expanded_target_project,True,False
91593042,seed_project,True,False
91611782,expanded_target_project,True,False
91715647,seed_project,True,False
91755273,expanded_target_project,True,False
91837954,expanded_target_project,True,False
91851641,expanded_target_project,True,False
91851655,expanded_target_project,True,False
91860126,expanded_target_project,True,False
92028780,expanded_target_project,True,False
92132038,expanded_target_project,True,False
92313258,expanded_target_project,True,False
92329433,seed_project,True,False
92372653,expanded_target_project,True,False
924551,expanded_target_project,True,False
92569428,expanded_target_project,True,False
927442,seed_project,True,False
92834468,expanded_target_project,True,False
9283927,expanded_target_project,True,False
9290699,expanded_target_project,True,False
92942189,expanded_target_project,True,False
92969352,expanded_target_project,True,False
931039,expanded_target_project,True,False
931135,expanded_target_project,True,False
93131028,expanded_target_project,True,False
93163073,expanded_target_project,True,False
93163868,expanded_target_project,True,False
93190658,expanded_target_project,True,False
93200555,expanded_target_project,True,False
93205465,expanded_target_project,True,False
93205500,expanded_target_project,True,False
93290292,expanded_target_project,True,False
9342529,seed_project,True,False
93535342,expanded_target_project,True,False
93561151,expanded_target_project,True,False
93596476,expanded_target_project,True,False
93619165,expanded_target_project,True,False
93703838,expanded_target_project,True,False
93757589,expanded_target_project,True,False
9377198,expanded_target_project,True,False
937976,expanded_target_project,True,False
9384267,expanded_target_project,True,False
93948485,expanded_target_project,True,False
94003494,expanded_target_project,True,False
94148671,expanded_target_project,True,False
94262864,expanded_target_project,True,False
943149,expanded_target_project,True,False
94325158,expanded_target_project,True,False
9433979,expanded_target_project,True,False
9435153,expanded_target_project,True,False
94367677,expanded_target_project,True,False
94483360,expanded_target_project,True,False
9454675,expanded_target_project,True,False
94562173,expanded_target_project,True,False
94593596,seed_project,True,False
9465623,expanded_target_project,True,False
94702898,expanded_target_project,True,False
9476938,expanded_target_project,True,False
94773393,expanded_target_project,True,False
94883751,expanded_target_project,True,False
94910455,expanded_target_project,True,False
94911145,expanded_target_project,True,False
9495505,expanded_target_project,True,False
94973335,expanded_target_project,True,False
95047635,expanded_target_project,True,False
95084858,expanded_target_project,True,False
95098170,expanded_target_project,True,False
95143992,expanded_target_project,True,False
95147835,expanded_target_project,True,False
95217595,expanded_target_project,True,False
9524057,expanded_target_project,True,False
95247959,expanded_target_project,True,False
9525,expanded_target_project,True,False
95281387,expanded_target_project,True,False
95343930,expanded_target_project,True,False
954637,expanded_target_project,True,False
95614931,seed_project,True,False
95638093,expanded_target_project,True,False
9571473,expanded_target_project,True,False
95775164,expanded_target_project,True,False
95817032,seed_project,True,False
95902102,expanded_target_project,True,False
9595928,seed_project,True,False
95995403,expanded_target_project,True,False
96004375,expanded_target_project,True,False
96011629,expanded_target_project,True,False
96034473,expanded_target_project,True,False
9603889,expanded_target_project,True,False
961036,expanded_target_project,True,False
961487,expanded_target_project,True,False
96237042,expanded_target_project,True,False
96382888,expanded_target_project,True,False
96431386,expanded_target_project,True,False
9646845,expanded_target_project,True,False
96570421,expanded_target_project,True,False
96575195,expanded_target_project,True,False
96575829,expanded_target_project,True,False
96868436,expanded_target_project,True,False
96965870,expanded_target_project,True,False
970147,expanded_target_project,True,False
9703694,expanded_target_project,True,False
97060860,expanded_target_project,True,False
97316835,expanded_target_project,True,False
97462285,expanded_target_project,True,False
9749905,expanded_target_project,True,False
97518356,seed_project,True,False
97556265,expanded_target_project,True,False
97611747,expanded_target_project,True,False
97753277,expanded_target_project,True,False
97977100,expanded_target_project,True,False
98013453,expanded_target_project,True,False
9801644,expanded_target_project,True,False
9817834,expanded_target_project,True,False
98198980,expanded_target_project,True,False
9826184,expanded_target_project,True,False
98315735,expanded_target_project,True,False
98346885,expanded_target_project,True,False
98498455,expanded_target_project,True,False
9864166,expanded_target_project,True,False
98877895,expanded_target_project,True,False
9891249,expanded_target_project,True,False
9900098,expanded_target_project,True,False
990281,expanded_target_project,True,False
991475,expanded_target_project,True,False
99251094,expanded_target_project,True,False
99373936,expanded_target_project,True,False
99412308,expanded_target_project,True,False
99454887,expanded_target_project,True,False
9948347,expanded_target_project,True,False
99598595,expanded_target_project,True,False
99612558,expanded_target_project,True,False
99618772,expanded_target_project,True,False
997338,expanded_target_project,True,False
99737692,expanded_target_project,True,False
99919302,seed_project,True,False
9993757,expanded_target_project,True,False
99940552,expanded_target_project,True,False
