source_project_id,target_project_id,weight,multiplicity,is_self_loop,source_is_seed,target_is_seed
1050944,1050944,818,818,True,True,True
1050944,1059430,1,1,False,True,False
1050944,1064563,5,5,False,True,False
1050944,11125589,1,1,False,True,False
1050944,11369509,1,1,False,True,False
1050944,1148753,1,1,False,True,False
1050944,115191628,3,3,False,True,False
1050944,121554427,4,4,False,True,False
1050944,12499251,3,3,False,True,False
1050944,139914932,2,2,False,True,False
1050944,144987904,1,1,False,True,False
1050944,15389347,1,1,False,True,False
1050944,1539978,1,1,False,True,False
1050944,156018,1,1,False,True,True
1050944,17286587,1,1,False,True,False
1050944,18128548,1,1,False,True,False
1050944,184463891,1,1,False,True,False
1050944,192625955,1,1,False,True,False
1050944,195088274,1,1,False,True,False
1050944,196057608,3,3,False,True,False
1050944,19641638,2,2,False,True,False
1050944,198802259,1,1,False,True,False
1050944,199041238,1,1,False,True,False
1050944,206483,1,1,False,True,False
1050944,21052744,1,1,False,True,False
1050944,22608597,1,1,False,True,False
1050944,22684655,4,4,False,True,False
1050944,23235250,1,1,False,True,False
1050944,237360465,4,4,False,True,False
1050944,252494861,1,1,False,True,False
1050944,256256737,1,1,False,True,False
1050944,26311145,5,5,False,True,False
1050944,27546391,1,1,False,True,False
1050944,287015918,1,1,False,True,False
1050944,33745913,1,1,False,True,True
1050944,35699660,1,1,False,True,False
1050944,3626075,1,1,False,True,False
1050944,3894929,1,1,False,True,False
1050944,400786610,3,3,False,True,False
1050944,46712849,2,2,False,True,False
1050944,4950187,1,1,False,True,False
1050944,509092193,1,1,False,True,False
1050944,573788038,4,4,False,True,False
1050944,574877,16,16,False,True,False
1050944,745749,4,4,False,True,False
1050944,83803176,1,1,False,True,False
1050944,990281,3,3,False,True,False
105944401,103195470,4,4,False,True,False
105944401,105300706,2,2,False,True,False
105944401,105944401,10003,10003,True,True,True
105944401,106060031,1,1,False,True,False
105944401,11599760,1,1,False,True,False
105944401,121337784,1,1,False,True,False
105944401,124042164,2,2,False,True,False
105944401,125824259,1,1,False,True,True
105944401,126382836,1,1,False,True,False
105944401,135175513,1,1,False,True,False
105944401,137430744,1,1,False,True,False
105944401,151231787,1,1,False,True,False
105944401,165536154,2,2,False,True,False
105944401,16563587,1,1,False,True,True
105944401,172705585,1,1,False,True,False
105944401,17391973,1,1,False,True,False
105944401,178576091,1,1,False,True,False
105944401,181624025,1,1,False,True,False
105944401,184149296,16,16,False,True,False
105944401,187113923,1,1,False,True,False
105944401,187231162,1,1,False,True,False
105944401,190704068,2,2,False,True,False
105944401,191880399,1,1,False,True,False
105944401,196358205,1,1,False,True,False
105944401,197077443,2,2,False,True,False
105944401,201284016,2,2,False,True,False
105944401,204009988,4,4,False,True,False
105944401,204513717,1,1,False,True,False
105944401,207363466,1,1,False,True,False
105944401,2174666,1,1,False,True,False
105944401,224104199,2,2,False,True,False
105944401,22844864,1,1,False,True,False
105944401,23096959,2,2,False,True,False
105944401,24182261,1,1,False,True,False
105944401,2504175,2,2,False,True,False
105944401,254578428,1,1,False,True,False
105944401,263472353,8,8,False,True,False
105944401,276535130,1,1,False,True,False
105944401,28061676,2,2,False,True,False
105944401,2923236,2,2,False,True,False
105944401,3038937,1,1,False,True,False
105944401,3148979,3,3,False,True,False
105944401,3370128,1,1,False,True,False
105944401,343576900,2,2,False,True,False
105944401,350645373,2,2,False,True,False
105944401,351503108,2,2,False,True,False
105944401,359952601,7,7,False,True,False
105944401,368282919,5,5,False,True,False
105944401,394028369,2,2,False,True,False
105944401,399244124,1,1,False,True,False
105944401,40210247,2,2,False,True,False
105944401,407468498,1,1,False,True,False
105944401,409814339,3,3,False,True,False
105944401,410139456,1,1,False,True,False
105944401,410442633,1,1,False,True,False
105944401,414399712,4,4,False,True,False
105944401,423828713,2,2,False,True,False
105944401,436474538,2,2,False,True,False
105944401,4407129,1,1,False,True,True
105944401,446314577,2,2,False,True,False
105944401,446937385,1,1,False,True,False
105944401,456549280,1,1,False,True,True
105944401,467580471,1,1,False,True,False
105944401,47878060,2,2,False,True,False
105944401,481475524,3,3,False,True,False
105944401,495285029,4,4,False,True,False
105944401,495596586,1,1,False,True,False
105944401,499651572,1,1,False,True,False
105944401,504295831,1,1,False,True,False
105944401,50647838,3,3,False,True,True
105944401,508414565,2,2,False,True,False
105944401,509566212,1,1,False,True,False
105944401,531406663,16,16,False,True,False
105944401,545265415,1,1,False,True,False
105944401,5561238,1,1,False,True,False
105944401,560617285,2,2,False,True,False
105944401,5682770,1,1,False,True,False
105944401,605762688,4,4,False,True,False
105944401,635492823,3,3,False,True,False
105944401,67372977,1,1,False,True,False
105944401,680247452,15,15,False,True,False
105944401,681882682,1,1,False,True,False
105944401,6934395,8,8,False,True,True
105944401,724712,2,2,False,True,False
105944401,75821432,4,4,False,True,False
105944401,8014055,3,3,False,True,False
105944401,81598961,2,2,False,True,False
105944401,927442,48,48,False,True,True
105944401,9524057,5,5,False,True,False
108110,104231541,1,1,False,True,False
108110,108110,2699,2699,True,True,True
108110,462292,1,1,False,True,False
108110,602280634,1,1,False,True,False
11008207,105963253,1,1,False,True,False
11008207,1064563,1,1,False,True,False
11008207,108883966,3,3,False,True,False
11008207,11008207,23273,23273,True,True,True
11008207,111431261,1,1,False,True,False
11008207,11225014,2,2,False,True,True
11008207,122508361,1,1,False,True,False
11008207,123148813,1,1,False,True,False
11008207,12488845,5,5,False,True,False
11008207,133275023,10,10,False,True,False
11008207,154422394,82,82,False,True,False
11008207,174417748,2,2,False,True,False
11008207,178710662,1,1,False,True,False
11008207,181939935,1,1,False,True,False
11008207,18369373,1,1,False,True,False
11008207,18906266,1,1,False,True,False
11008207,190416463,2,2,False,True,False
11008207,192925833,3,3,False,True,False
11008207,19582982,4,4,False,True,False
11008207,197658090,2,2,False,True,False
11008207,197814629,1,1,False,True,False
11008207,20300177,1,1,False,True,False
11008207,204020546,1,1,False,True,False
11008207,204033634,1,1,False,True,False
11008207,204253808,1,1,False,True,False
11008207,213717832,1,1,False,True,False
11008207,219061541,8,8,False,True,False
11008207,225690537,803,803,False,True,False
11008207,23096959,147,147,False,True,False
11008207,235822784,1,1,False,True,False
11008207,23664475,4,4,False,True,False
11008207,24494032,1,1,False,True,True
11008207,24560307,1,1,False,True,False
11008207,25299152,1,1,False,True,False
11008207,2560988,2,2,False,True,False
11008207,257485422,117,117,False,True,False
11008207,2606873,2,2,False,True,False
11008207,26983101,1,1,False,True,False
11008207,27146054,1,1,False,True,False
11008207,27358084,1,1,False,True,False
11008207,27522241,1,1,False,True,False
11008207,27522271,231,231,False,True,False
11008207,27522295,1,1,False,True,False
11008207,2755696,2,2,False,True,False
11008207,276685482,785,785,False,True,False
11008207,27729907,4,4,False,True,False
11008207,284165134,5,5,False,True,False
11008207,2871998,2,2,False,True,False
11008207,298726683,1,1,False,True,False
11008207,303762301,2,2,False,True,False
11008207,30753733,1,1,False,True,True
11008207,31629751,7,7,False,True,False
11008207,316803297,1,1,False,True,False
11008207,317234849,1,1,False,True,False
11008207,32741886,12,12,False,True,False
11008207,346425226,6,6,False,True,False
11008207,348444625,7,7,False,True,False
11008207,3655872,2,2,False,True,False
11008207,367429065,1,1,False,True,False
11008207,3678731,3,3,False,True,False
11008207,36891867,2,2,False,True,False
11008207,37334619,3,3,False,True,False
11008207,39468142,4,4,False,True,False
11008207,404143034,1,1,False,True,False
11008207,4164482,1,1,False,True,False
11008207,440346630,3,3,False,True,False
11008207,4463453,5,5,False,True,False
11008207,446597121,1,1,False,True,False
11008207,455590766,1,1,False,True,False
11008207,474191681,1,1,False,True,False
11008207,486278040,5,5,False,True,False
11008207,506613299,2,2,False,True,False
11008207,508434677,1,1,False,True,False
11008207,519003926,3,3,False,True,False
11008207,52034309,1,1,False,True,False
11008207,52037627,7,7,False,True,False
11008207,523767396,1,1,False,True,False
11008207,527483772,2,2,False,True,False
11008207,561282323,1,1,False,True,False
11008207,623797735,1,1,False,True,False
11008207,630002417,1,1,False,True,False
11008207,63537249,3,3,False,True,False
11008207,635979215,4,4,False,True,False
11008207,662528645,1,1,False,True,False
11008207,664452562,1,1,False,True,False
11008207,677038657,1,1,False,True,False
11008207,680783453,1,1,False,True,False
11008207,712656763,1,1,False,True,False
11008207,713825427,1,1,False,True,False
11008207,75190736,1,1,False,True,False
11008207,7823926,1,1,False,True,False
11008207,81712364,2,2,False,True,False
11008207,8507859,14,14,False,True,False
11008207,90438444,1,1,False,True,False
11008207,99618772,5,5,False,True,False
111333972,111333972,6,6,True,True,True
11225014,10166531,4,4,False,True,False
11225014,10319059,1,1,False,True,False
11225014,10320116,2,2,False,True,False
11225014,106192858,2,2,False,True,False
11225014,10835647,2,2,False,True,False
11225014,111431261,1,1,False,True,False
11225014,11208890,1,1,False,True,False
11225014,11225014,5438,5438,True,True,True
11225014,113089820,2,2,False,True,False
11225014,11597120,1,1,False,True,False
11225014,11676453,3,3,False,True,False
11225014,12574344,2,2,False,True,False
11225014,126215645,7,7,False,True,False
11225014,132145189,4,4,False,True,False
11225014,132232698,1,1,False,True,False
11225014,13624859,2,2,False,True,False
11225014,13628513,2,2,False,True,False
11225014,137247827,3,3,False,True,False
11225014,138105554,6,6,False,True,False
11225014,138717670,6,6,False,True,False
11225014,14008364,1,1,False,True,False
11225014,154744163,2,2,False,True,False
11225014,155749886,1,1,False,True,False
11225014,155858802,1,1,False,True,False
11225014,159005377,2,2,False,True,False
11225014,161843366,1,1,False,True,False
11225014,164008820,51,51,False,True,False
11225014,165092572,1,1,False,True,False
11225014,16563587,5,5,False,True,True
11225014,16907502,3,3,False,True,False
11225014,17192780,1,1,False,True,False
11225014,172142138,2,2,False,True,False
11225014,1725199,1,1,False,True,False
11225014,175458368,2,2,False,True,False
11225014,1759835,1,1,False,True,False
11225014,177727591,9,9,False,True,False
11225014,178381879,1,1,False,True,False
11225014,180481986,1,1,False,True,False
11225014,18314451,4,4,False,True,False
11225014,18369373,1,1,False,True,False
11225014,184286875,1,1,False,True,False
11225014,186022916,9,9,False,True,False
11225014,187086161,122,122,False,True,False
11225014,190416463,1,1,False,True,False
11225014,19138780,2,2,False,True,False
11225014,192624594,18,18,False,True,False
11225014,192625955,21,21,False,True,False
11225014,192768713,1,1,False,True,False
11225014,19608522,3,3,False,True,False
11225014,197814629,72,72,False,True,False
11225014,199703788,1,1,False,True,False
11225014,205262760,3,3,False,True,False
11225014,20580498,45,45,False,True,False
11225014,20831114,1,1,False,True,False
11225014,208728772,1,1,False,True,True
11225014,21306961,11,11,False,True,False
11225014,213852395,1,1,False,True,False
11225014,21591001,5,5,False,True,False
11225014,216797458,9,9,False,True,False
11225014,21704134,1,1,False,True,False
11225014,221787679,1,1,False,True,False
11225014,23096959,32,32,False,True,False
11225014,232539879,13,13,False,True,False
11225014,23357588,1,1,False,True,False
11225014,23362234,3,3,False,True,False
11225014,234839116,5,5,False,True,False
11225014,23845253,3,3,False,True,False
11225014,242202166,37,37,False,True,False
11225014,247430773,1,1,False,True,False
11225014,249152133,1,1,False,True,False
11225014,25494583,1,1,False,True,False
11225014,25872841,1,1,False,True,False
11225014,259445878,229,229,False,True,False
11225014,25951358,1,1,False,True,False
11225014,259933623,4,4,False,True,False
11225014,263165647,1,1,False,True,False
11225014,265183027,1,1,False,True,False
11225014,265621392,1,1,False,True,False
11225014,27051771,2,2,False,True,False
11225014,27096595,3,3,False,True,False
11225014,27146054,21,21,False,True,False
11225014,27483832,2,2,False,True,False
11225014,27522241,28,28,False,True,False
11225014,27522271,35,35,False,True,False
11225014,27522282,24,24,False,True,False
11225014,27522295,25,25,False,True,False
11225014,2755696,5,5,False,True,False
11225014,27729880,9,9,False,True,False
11225014,27729907,125,125,False,True,False
11225014,279376765,1,1,False,True,False
11225014,27945817,2,2,False,True,False
11225014,28011464,2,2,False,True,False
11225014,28352089,7,7,False,True,False
11225014,286108332,1,1,False,True,False
11225014,296235125,1,1,False,True,False
11225014,301573344,1,1,False,True,False
11225014,30828052,1,1,False,True,False
11225014,3087541,2,2,False,True,False
11225014,314337176,9,9,False,True,False
11225014,3168225,7,7,False,True,False
11225014,31792824,3,3,False,True,False
11225014,328806334,2,2,False,True,False
11225014,330802289,3,3,False,True,False
11225014,33352201,19,19,False,True,False
11225014,36552873,1,1,False,True,False
11225014,367361729,5,5,False,True,False
11225014,368683828,1,1,False,True,False
11225014,3698588,1,1,False,True,False
11225014,37326770,3,3,False,True,False
11225014,378817967,1,1,False,True,False
11225014,383185912,10,10,False,True,False
11225014,38744670,1,1,False,True,False
11225014,38800748,1,1,False,True,False
11225014,39907649,2,2,False,True,False
11225014,40219422,1,1,False,True,False
11225014,414314563,5,5,False,True,False
11225014,416231913,7,7,False,True,False
11225014,421101922,32,32,False,True,False
11225014,43111018,1,1,False,True,False
11225014,43225113,36,36,False,True,False
11225014,438414171,1,1,False,True,False
11225014,438518303,1,1,False,True,False
11225014,45226685,4,4,False,True,False
11225014,45446294,5,5,False,True,False
11225014,46089560,1,1,False,True,False
11225014,46394186,8,8,False,True,False
11225014,464597232,1,1,False,True,False
11225014,47574295,1,1,False,True,False
11225014,476635419,1,1,False,True,False
11225014,480401263,1,1,False,True,False
11225014,486125557,1,1,False,True,False
11225014,490359003,1,1,False,True,False
11225014,49412249,1,1,False,True,False
11225014,497825138,1,1,False,True,False
11225014,501929647,1,1,False,True,False
11225014,516678127,5,5,False,True,False
11225014,52034309,27,27,False,True,False
11225014,52300938,1,1,False,True,False
11225014,523428811,5,5,False,True,False
11225014,52589524,1,1,False,True,False
11225014,53311716,1,1,False,True,False
11225014,535259589,4,4,False,True,False
11225014,53618789,6,6,False,True,False
11225014,543610387,1,1,False,True,False
11225014,54596517,1,1,False,True,False
11225014,55425573,5,5,False,True,False
11225014,56419418,1,1,False,True,False
11225014,56420035,1,1,False,True,False
11225014,56421126,2,2,False,True,False
11225014,56422769,1,1,False,True,False
11225014,56423106,1,1,False,True,False
11225014,56424832,1,1,False,True,False
11225014,56425027,1,1,False,True,False
11225014,565762670,1,1,False,True,False
11225014,571342238,42,42,False,True,False
11225014,57333709,6,6,False,True,False
11225014,577711552,1,1,False,True,False
11225014,57912964,7,7,False,True,False
11225014,57939112,12,12,False,True,False
11225014,58821882,1,1,False,True,False
11225014,591138304,1,1,False,True,False
11225014,592251835,1,1,False,True,False
11225014,59526988,3,3,False,True,False
11225014,595845716,2,2,False,True,False
11225014,601810020,1,1,False,True,False
11225014,605563260,1,1,False,True,False
11225014,610379912,1,1,False,True,False
11225014,612534336,1,1,False,True,False
11225014,615167571,1,1,False,True,False
11225014,61567949,5,5,False,True,False
11225014,615721582,1,1,False,True,False
11225014,616264853,1,1,False,True,False
11225014,617032611,1,1,False,True,False
11225014,62048325,1,1,False,True,False
11225014,62147469,3,3,False,True,False
11225014,623298152,3,3,False,True,False
11225014,62475947,3,3,False,True,False
11225014,6247705,8,8,False,True,False
11225014,627000131,1,1,False,True,False
11225014,629776015,6,6,False,True,False
11225014,631248785,1,1,False,True,False
11225014,63188538,1,1,False,True,False
11225014,63375710,1,1,False,True,False
11225014,63749548,1,1,False,True,False
11225014,641719344,1,1,False,True,False
11225014,644648781,1,1,False,True,False
11225014,65915265,5,5,False,True,False
11225014,66314075,4,4,False,True,False
11225014,66737655,2,2,False,True,False
11225014,667698077,1,1,False,True,False
11225014,673423409,1,1,False,True,False
11225014,681850196,1,1,False,True,False
11225014,68964263,3,3,False,True,False
11225014,690790894,1,1,False,True,False
11225014,7004897,6,6,False,True,False
11225014,704732969,3,3,False,True,False
11225014,7083242,1,1,False,True,False
11225014,713926835,1,1,False,True,False
11225014,71823870,1,1,False,True,False
11225014,721065451,2,2,False,True,False
11225014,730883434,1,1,False,True,False
11225014,74654732,1,1,False,True,False
11225014,75216133,1,1,False,True,False
11225014,7691631,1,1,False,True,False
11225014,78234185,4,4,False,True,False
11225014,7823926,17,17,False,True,False
11225014,7877397,1,1,False,True,False
11225014,78874920,1,1,False,True,False
11225014,79188507,5,5,False,True,False
11225014,79954708,10,10,False,True,False
11225014,81355383,2,2,False,True,False
11225014,8393979,8,8,False,True,False
11225014,84131481,1,1,False,True,False
11225014,8425622,2,2,False,True,False
11225014,85069480,2,2,False,True,False
11225014,88013053,1,1,False,True,False
11225014,88674404,3,3,False,True,False
11225014,89188193,2,2,False,True,False
11225014,90636971,9,9,False,True,False
11225014,92132038,10,10,False,True,False
11225014,92569428,1,1,False,True,False
11225014,93163073,7,7,False,True,False
11225014,93535342,1,1,False,True,False
11225014,94593596,43,43,False,True,True
11225014,95143992,1,1,False,True,False
11225014,96237042,12,12,False,True,False
11225014,96570421,2,2,False,True,False
11225014,99737692,4,4,False,True,False
11380094,11380094,30,30,True,True,True
11380094,1362490,3,3,False,True,False
11380094,141846986,1,1,False,True,False
11380094,205564111,5,5,False,True,False
11380094,23335281,1,1,False,True,False
11380094,2410676,2,2,False,True,False
114187903,108761645,1,1,False,True,False
114187903,112100818,1,1,False,True,False
114187903,114187903,36220,36220,True,True,True
114187903,11939484,57,57,False,True,False
114187903,156111871,2,2,False,True,False
114187903,202061775,1,1,False,True,False
114187903,221993778,3,3,False,True,False
114187903,22660515,1,1,False,True,False
114187903,23096959,2,2,False,True,False
114187903,2328181,1,1,False,True,False
114187903,27522271,2,2,False,True,False
114187903,27522282,1,1,False,True,False
114187903,27522295,5,5,False,True,False
114187903,275257814,3,3,False,True,False
114187903,340996636,2,2,False,True,False
114187903,35440404,8,8,False,True,False
114187903,436297183,2,2,False,True,False
114187903,44838949,2,2,False,True,False
114187903,45497910,1,1,False,True,False
114187903,456549280,1,1,False,True,True
114187903,54980593,21,21,False,True,False
114187903,585687628,3,3,False,True,False
114187903,596892,4,4,False,True,False
114187903,59878249,1,1,False,True,False
114187903,619008516,2,2,False,True,False
114187903,6701057,4,4,False,True,False
114187903,75821432,1,1,False,True,False
114619105,106310,2,2,False,True,False
114619105,1064563,23,23,False,True,False
114619105,106481151,3,3,False,True,False
114619105,109404123,1,1,False,True,False
114619105,109480449,8,8,False,True,False
114619105,111510376,1,1,False,True,False
114619105,1123727,2,2,False,True,False
114619105,114619105,7896,7896,True,True,True
114619105,129954828,16,16,False,True,False
114619105,13078968,1,1,False,True,False
114619105,13273703,1,1,False,True,False
114619105,144419645,3,3,False,True,False
114619105,147511063,4,4,False,True,False
114619105,148546580,1,1,False,True,False
114619105,154606109,5,5,False,True,False
114619105,158256479,8,8,False,True,False
114619105,159109434,1,1,False,True,False
114619105,16431132,5,5,False,True,False
114619105,166515022,4,4,False,True,True
114619105,167949879,1,1,False,True,False
114619105,1680733,1,1,False,True,False
114619105,17165658,93,93,False,True,True
114619105,173431969,2,2,False,True,False
114619105,177139928,4,4,False,True,False
114619105,1804055,2,2,False,True,False
114619105,18260583,31,31,False,True,False
114619105,182849188,12,12,False,True,True
114619105,183030217,2,2,False,True,False
114619105,188779637,1,1,False,True,False
114619105,189476904,2,2,False,True,False
114619105,192587835,1,1,False,True,False
114619105,192625525,3,3,False,True,False
114619105,196057608,1,1,False,True,False
114619105,197814629,1,1,False,True,False
114619105,2003641,1,1,False,True,False
114619105,200437066,4,4,False,True,False
114619105,20300177,6,6,False,True,False
114619105,2045207,4,4,False,True,False
114619105,205417,2,2,False,True,False
114619105,20580498,1,1,False,True,False
114619105,20587599,3,3,False,True,True
114619105,206317,1,1,False,True,False
114619105,206444,30,30,False,True,True
114619105,210029529,4,4,False,True,False
114619105,21099,2,2,False,True,False
114619105,216581567,3,3,False,True,False
114619105,220602533,5,5,False,True,False
114619105,22305416,6,6,False,True,False
114619105,23088740,81,81,False,True,False
114619105,237409088,1,1,False,True,False
114619105,241092383,6,6,False,True,False
114619105,257485422,5,5,False,True,False
114619105,2604249,1,1,False,True,False
114619105,2606873,1,1,False,True,False
114619105,262289747,1,1,False,True,False
114619105,264043501,1,1,False,True,False
114619105,273382715,1,1,False,True,False
114619105,27729926,1,1,False,True,False
114619105,287743349,2,2,False,True,False
114619105,288485773,5,5,False,True,False
114619105,288487894,1,1,False,True,False
114619105,2888818,4,4,False,True,False
114619105,295598569,3,3,False,True,False
114619105,310611,2,2,False,True,False
114619105,31933589,1,1,False,True,False
114619105,32538871,2,2,False,True,False
114619105,32741886,6,6,False,True,False
114619105,33753632,2,2,False,True,False
114619105,33884891,6,6,False,True,False
114619105,34685800,12,12,False,True,False
114619105,34839383,1,1,False,True,True
114619105,35697461,3,3,False,True,False
114619105,365244061,2,2,False,True,False
114619105,38829639,10,10,False,True,False
114619105,392714630,1,1,False,True,False
114619105,39464018,5,5,False,True,False
114619105,410716689,4,4,False,True,False
114619105,42875585,2,2,False,True,False
114619105,435375021,4,4,False,True,False
114619105,436912897,1,1,False,True,False
114619105,442405131,1,1,False,True,False
114619105,444403283,2,2,False,True,False
114619105,45423600,8,8,False,True,False
114619105,46328956,1,1,False,True,False
114619105,467336443,2,2,False,True,False
114619105,476372928,2,2,False,True,False
114619105,4950187,1,1,False,True,False
114619105,496145136,3,3,False,True,False
114619105,501687,1,1,False,True,False
114619105,50244301,1,1,False,True,False
114619105,503240750,1,1,False,True,False
114619105,50565430,1,1,False,True,False
114619105,50904245,1,1,False,True,False
114619105,509367294,1,1,False,True,False
114619105,51905353,3,3,False,True,False
114619105,522385121,1,1,False,True,False
114619105,52300938,2,2,False,True,False
114619105,527960367,1,1,False,True,False
114619105,537800,2,2,False,True,False
114619105,548730031,1,1,False,True,False
114619105,56353740,1,1,False,True,False
114619105,5695907,1,1,False,True,False
114619105,582822129,2,2,False,True,False
114619105,583525400,2,2,False,True,False
114619105,586840327,1,1,False,True,False
114619105,588458626,2,2,False,True,False
114619105,595272637,1,1,False,True,False
114619105,602818637,3,3,False,True,False
114619105,608077937,1,1,False,True,False
114619105,6207167,3,3,False,True,False
114619105,62117812,1,1,False,True,False
114619105,627263225,3,3,False,True,False
114619105,63044524,1,1,False,True,False
114619105,63749548,1,1,False,True,False
114619105,640116148,3,3,False,True,False
114619105,6742151,2,2,False,True,False
114619105,6818061,5,5,False,True,False
114619105,68181694,1,1,False,True,False
114619105,686261276,2,2,False,True,False
114619105,688272353,2,2,False,True,False
114619105,707560051,2,2,False,True,False
114619105,72700804,1,1,False,True,False
114619105,731515911,3,3,False,True,False
114619105,76474200,43,43,False,True,False
114619105,79096817,2,2,False,True,False
114619105,86742497,1,1,False,True,False
114619105,9283927,4,4,False,True,False
114619105,9290699,1,1,False,True,False
114619105,95084858,1,1,False,True,False
114619105,95343930,5,5,False,True,False
114619105,98013453,5,5,False,True,False
116522453,10153163,1,1,False,True,False
116522453,116522453,7,7,True,True,True
11654790,11654790,2,2,True,True,True
11654790,146468829,2,2,False,True,False
11654790,639434928,2,2,False,True,True
11654790,75425073,1,1,False,True,True
11695619,10610797,12,12,False,True,False
11695619,10637896,30,30,False,True,False
11695619,11208105,2,2,False,True,False
11695619,113677984,10,10,False,True,False
11695619,113678093,12,12,False,True,False
11695619,113678112,11,11,False,True,False
11695619,113678133,15,15,False,True,False
11695619,113678153,6,6,False,True,False
11695619,113678275,1,1,False,True,False
11695619,113678303,3,3,False,True,False
11695619,113678408,17,17,False,True,False
11695619,113678674,29,29,False,True,False
11695619,113678772,3,3,False,True,False
11695619,113678857,6,6,False,True,False
11695619,113678874,5,5,False,True,False
11695619,116641240,2,2,False,True,False
11695619,11695619,961,961,True,True,True
11695619,11696086,1,1,False,True,False
11695619,11696117,1,1,False,True,False
11695619,11753735,1,1,False,True,False
11695619,11966919,11,11,False,True,False
11695619,1334607,14,14,False,True,False
11695619,136060027,1,1,False,True,False
11695619,13998001,1,1,False,True,False
11695619,140482476,4,4,False,True,False
11695619,14281190,1,1,False,True,False
11695619,146575135,3,3,False,True,False
11695619,14696091,43,43,False,True,False
11695619,147511063,3,3,False,True,False
11695619,147809547,1,1,False,True,False
11695619,155740984,1,1,False,True,False
11695619,16296100,1,1,False,True,False
11695619,166397747,1,1,False,True,False
11695619,18128548,34,34,False,True,False
11695619,181510702,12,12,False,True,False
11695619,184636558,3,3,False,True,False
11695619,186765948,2,2,False,True,False
11695619,192625955,10,10,False,True,False
11695619,196057608,3,3,False,True,False
11695619,196680411,7,7,False,True,False
11695619,197814629,14,14,False,True,False
11695619,200458979,1,1,False,True,False
11695619,2045207,196,196,False,True,False
11695619,2049404,2,2,False,True,False
11695619,206320,6,6,False,True,False
11695619,206339,4,4,False,True,False
11695619,206371,22,22,False,True,False
11695619,206427,13,13,False,True,False
11695619,210029529,1,1,False,True,False
11695619,215566462,10,10,False,True,False
11695619,24499046,16,16,False,True,False
11695619,25720744,1,1,False,True,False
11695619,2752522,2,2,False,True,False
11695619,27721932,33,33,False,True,False
11695619,27954927,35,35,False,True,False
11695619,283187,4,4,False,True,False
11695619,288485773,10,10,False,True,False
11695619,29102367,55,55,False,True,False
11695619,298223290,7,7,False,True,False
11695619,298328,10,10,False,True,False
11695619,29923817,3,3,False,True,False
11695619,3037907,2,2,False,True,False
11695619,304398999,1,1,False,True,False
11695619,316556151,5,5,False,True,False
11695619,32812675,9,9,False,True,False
11695619,33745913,9,9,False,True,True
11695619,347111615,1,1,False,True,False
11695619,35437397,7,7,False,True,False
11695619,35698342,5,5,False,True,False
11695619,35700771,25,25,False,True,False
11695619,35701030,3,3,False,True,False
11695619,387486196,3,3,False,True,False
11695619,387486323,3,3,False,True,False
11695619,43560507,1,1,False,True,False
11695619,443833295,1,1,False,True,False
11695619,46052837,4,4,False,True,False
11695619,4624165,10,10,False,True,False
11695619,4950187,16,16,False,True,False
11695619,499899955,1,1,False,True,False
11695619,53728068,3,3,False,True,False
11695619,5663857,82,82,False,True,False
11695619,567634,12,12,False,True,False
11695619,60111626,38,38,False,True,False
11695619,607407059,1,1,False,True,False
11695619,64172663,7,7,False,True,False
11695619,6818061,6,6,False,True,False
11695619,711118881,2,2,False,True,False
11695619,722682,2,2,False,True,False
11695619,75753556,1,1,False,True,False
11695619,7691631,1,1,False,True,False
11695619,832680,105,105,False,True,False
11695619,8626555,2,2,False,True,False
124315604,124315604,6,6,True,True,True
125234630,116995448,5,5,False,True,False
125234630,125234630,304,304,True,True,True
125234630,156018,1,1,False,True,True
125234630,259445878,1,1,False,True,False
125234630,500338009,1,1,False,True,False
125234630,619008516,1,1,False,True,False
125234630,628024350,2,2,False,True,False
125234630,90299507,5,5,False,True,False
125824259,116585275,1,1,False,True,False
125824259,125824259,661,661,True,True,True
125824259,142473200,1,1,False,True,False
125824259,1512899,1,1,False,True,False
125824259,164999650,1,1,False,True,False
125824259,16563587,1,1,False,True,True
125824259,16740838,1,1,False,True,False
125824259,169454043,1,1,False,True,False
125824259,177210627,1,1,False,True,False
125824259,189447606,1,1,False,True,False
125824259,2056549,7,7,False,True,False
125824259,222501873,1,1,False,True,False
125824259,223442049,23,23,False,True,False
125824259,226992639,1,1,False,True,False
125824259,23664475,1,1,False,True,False
125824259,2484785,1,1,False,True,False
125824259,280818415,1,1,False,True,False
125824259,283325,3,3,False,True,False
125824259,300200809,1,1,False,True,False
125824259,30676648,1,1,False,True,False
125824259,3237873,10,10,False,True,False
125824259,33745913,1,1,False,True,True
125824259,356756,1,1,False,True,False
125824259,358917250,1,1,False,True,False
125824259,40029196,1,1,False,True,False
125824259,4463453,9,9,False,True,False
125824259,49145686,2,2,False,True,False
125824259,509101213,3,3,False,True,False
125824259,516464713,1,1,False,True,False
125824259,51905353,3,3,False,True,False
125824259,520568524,1,1,False,True,False
125824259,54412018,1,1,False,True,False
125824259,57182064,5,5,False,True,False
125824259,583914239,1,1,False,True,False
125824259,632020895,1,1,False,True,False
125824259,64113634,1,1,False,True,False
125824259,660095218,3,3,False,True,False
125824259,6810719,1,1,False,True,False
125824259,720766402,1,1,False,True,False
125824259,927442,1,1,False,True,True
125824259,98198980,2,2,False,True,False
129072319,129072319,4,4,True,True,True
129072319,27522241,1,1,False,True,False
129072319,27522271,1,1,False,True,False
129072319,27522282,1,1,False,True,False
129436009,129436009,7,7,True,True,True
130688011,105379569,3,3,False,True,False
130688011,11008207,1,1,False,True,True
130688011,114735865,2,2,False,True,False
130688011,120011481,2,2,False,True,False
130688011,120606279,1,1,False,True,False
130688011,12920091,1,1,False,True,False
130688011,130688011,6625,6625,True,True,True
130688011,155243481,1,1,False,True,False
130688011,1646466,1,1,False,True,False
130688011,166571755,1,1,False,True,False
130688011,177210627,18,18,False,True,False
130688011,184286875,25,25,False,True,False
130688011,189476904,175,175,False,True,False
130688011,190416463,2,2,False,True,False
130688011,192624594,9,9,False,True,False
130688011,192805335,1,1,False,True,False
130688011,193500153,2,2,False,True,False
130688011,196057608,1,1,False,True,False
130688011,197814629,8,8,False,True,False
130688011,198009353,1,1,False,True,False
130688011,203697873,173,173,False,True,False
130688011,212378409,1,1,False,True,False
130688011,212857695,20,20,False,True,False
130688011,215108366,205,205,False,True,False
130688011,222735791,18,18,False,True,False
130688011,22531552,121,121,False,True,False
130688011,225885766,1,1,False,True,False
130688011,237707489,1,1,False,True,False
130688011,241092383,354,354,False,True,False
130688011,252325176,1,1,False,True,False
130688011,254149837,8,8,False,True,False
130688011,256534527,1,1,False,True,False
130688011,268274269,96,96,False,True,False
130688011,26850443,9,9,False,True,False
130688011,268568992,1,1,False,True,False
130688011,268817515,1,1,False,True,False
130688011,275707200,1,1,False,True,False
130688011,276347473,2,2,False,True,False
130688011,277186121,1,1,False,True,False
130688011,277836190,2,2,False,True,False
130688011,281634568,4,4,False,True,False
130688011,287743349,139,139,False,True,False
130688011,288485773,211,211,False,True,False
130688011,288487894,305,305,False,True,False
130688011,295544240,16,16,False,True,False
130688011,295695288,1,1,False,True,False
130688011,298565987,864,864,False,True,False
130688011,301727732,34,34,False,True,False
130688011,303803422,3,3,False,True,False
130688011,305468604,1,1,False,True,False
130688011,30667298,2,2,False,True,False
130688011,306769011,751,751,False,True,False
130688011,307760976,76,76,False,True,False
130688011,31830551,1,1,False,True,False
130688011,319059109,1,1,False,True,False
130688011,321386930,1,1,False,True,False
130688011,327310511,1,1,False,True,False
130688011,338307278,1,1,False,True,False
130688011,34406933,17,17,False,True,False
130688011,345619662,20,20,False,True,False
130688011,345802860,1,1,False,True,False
130688011,357707809,6,6,False,True,True
130688011,357936578,20,20,False,True,False
130688011,359812205,182,182,False,True,False
130688011,367261349,3,3,False,True,False
130688011,3811518,1,1,False,True,False
130688011,400147654,2,2,False,True,False
130688011,409565500,1,1,False,True,False
130688011,414515727,1,1,False,True,False
130688011,41473746,20,20,False,True,False
130688011,419088860,2,2,False,True,False
130688011,435468683,1,1,False,True,False
130688011,471621386,1,1,False,True,False
130688011,4787459,1,1,False,True,False
130688011,491419259,1,1,False,True,False
130688011,512398858,1,1,False,True,False
130688011,513328880,1,1,False,True,False
130688011,513542067,2,2,False,True,False
130688011,52300938,2,2,False,True,False
130688011,528342545,36,36,False,True,False
130688011,52855516,1,1,False,True,False
130688011,536725876,1,1,False,True,False
130688011,54503347,18,18,False,True,False
130688011,551440734,4,4,False,True,False
130688011,559767361,1,1,False,True,False
130688011,560292269,2,2,False,True,False
130688011,560657499,7,7,False,True,False
130688011,564948381,1,1,False,True,False
130688011,589268852,6,6,False,True,False
130688011,603442118,4,4,False,True,False
130688011,617051827,1,1,False,True,False
130688011,619008516,1,1,False,True,False
130688011,625293217,2,2,False,True,False
130688011,646904364,1,1,False,True,False
130688011,647006690,1,1,False,True,False
130688011,649627986,1,1,False,True,False
130688011,662129403,1,1,False,True,False
130688011,666012420,1,1,False,True,False
130688011,666055104,1,1,False,True,False
130688011,671346269,1,1,False,True,False
130688011,67836789,31,31,False,True,False
130688011,680804364,1,1,False,True,False
130688011,716661693,3,3,False,True,False
130688011,724712,5,5,False,True,False
130688011,72954239,2,2,False,True,False
130688011,77570309,1,1,False,True,False
130688011,79317191,1,1,False,True,True
130688011,81227005,1,1,False,True,False
130688011,83364914,1,1,False,True,False
130688011,84517704,72,72,False,True,False
130688011,9155431,1,1,False,True,False
130688011,92969352,6,6,False,True,False
130688011,96382888,1,1,False,True,False
130688011,97977100,2,2,False,True,False
13124802,100060912,1,1,False,True,False
13124802,105944401,1,1,False,True,True
13124802,114187903,1,1,False,True,True
13124802,120538653,4,4,False,True,False
13124802,13124802,601,601,True,True,True
13124802,137362393,7,7,False,True,False
13124802,150225803,3,3,False,True,False
13124802,151233646,1,1,False,True,False
13124802,159294525,1,1,False,True,False
13124802,161681291,2,2,False,True,False
13124802,161689193,1,1,False,True,False
13124802,162643764,1,1,False,True,False
13124802,183095067,2,2,False,True,False
13124802,1903522,1,1,False,True,False
13124802,192689401,1,1,False,True,False
13124802,223485832,29,29,False,True,False
13124802,22360263,1,1,False,True,False
13124802,22484898,1,1,False,True,False
13124802,22711503,1,1,False,True,False
13124802,23096959,1,1,False,True,False
13124802,24420506,1,1,False,True,False
13124802,24494032,1,1,False,True,True
13124802,2516976,1,1,False,True,False
13124802,254351989,1,1,False,True,False
13124802,25777459,3,3,False,True,False
13124802,269560571,1,1,False,True,False
13124802,27522271,1,1,False,True,False
13124802,27576132,4,4,False,True,False
13124802,279622976,7,7,False,True,False
13124802,28366058,3,3,False,True,False
13124802,2902935,1,1,False,True,False
13124802,295544240,3,3,False,True,False
13124802,29759715,1,1,False,True,False
13124802,31288958,1,1,False,True,False
13124802,33196459,1,1,False,True,False
13124802,33258973,2,2,False,True,False
13124802,343576900,1,1,False,True,False
13124802,356362815,2,2,False,True,False
13124802,35823699,1,1,False,True,False
13124802,36960321,13,13,False,True,False
13124802,375724253,1,1,False,True,False
13124802,411318591,1,1,False,True,False
13124802,41681600,1,1,False,True,False
13124802,418433841,1,1,False,True,False
13124802,4542716,1,1,False,True,False
13124802,477896448,1,1,False,True,False
13124802,49086513,1,1,False,True,False
13124802,513542067,1,1,False,True,False
13124802,518164214,1,1,False,True,False
13124802,540538268,1,1,False,True,False
13124802,60705418,1,1,False,True,False
13124802,619008516,1,1,False,True,False
13124802,621959440,1,1,False,True,False
13124802,63809205,1,1,False,True,False
13124802,643338729,1,1,False,True,False
13124802,651265676,1,1,False,True,False
13124802,653302856,1,1,False,True,False
13124802,675740952,1,1,False,True,False
13124802,6838921,1,1,False,True,True
13124802,696899371,1,1,False,True,False
13124802,724712,1,1,False,True,False
13124802,74106774,1,1,False,True,False
13124802,75821432,1,1,False,True,False
13124802,7691631,1,1,False,True,False
13124802,81598961,1,1,False,True,False
13124802,94262864,8,8,False,True,False
131763823,131763823,3,3,True,True,True
1374129,116641240,2,2,False,True,False
1374129,1374129,135,135,True,True,True
1374129,139969620,1,1,False,True,False
1374129,157821911,1,1,False,True,False
1374129,2045207,1,1,False,True,False
1374129,297348383,1,1,False,True,False
1374129,316556151,4,4,False,True,False
1374129,316761074,1,1,False,True,False
1374129,456672770,1,1,False,True,False
1374129,456672881,8,8,False,True,False
1374129,469345703,1,1,False,True,False
1374129,581655463,2,2,False,True,False
1374129,611146887,1,1,False,True,False
137869753,137869753,145,145,True,True,True
137869753,143839054,1,1,False,True,False
137869753,143840299,1,1,False,True,False
137869753,143841882,3,3,False,True,False
137869753,18260583,1,1,False,True,False
137869753,21772838,1,1,False,True,False
137869753,436664109,1,1,False,True,False
137869753,4463453,9,9,False,True,False
137869753,648899724,1,1,False,True,False
137869753,675769914,2,2,False,True,False
138411034,138411034,40,40,True,True,True
138411034,141339868,1,1,False,True,False
138754790,101807531,8,8,False,True,False
138754790,10302694,1,1,False,True,False
138754790,107914493,1,1,False,True,False
138754790,109401999,2,2,False,True,False
138754790,1099265,1,1,False,True,False
138754790,118649335,1,1,False,True,False
138754790,130727736,6,6,False,True,False
138754790,138754790,6207,6207,True,True,True
138754790,14812631,1,1,False,True,False
138754790,148698815,5,5,False,True,False
138754790,155379486,23,23,False,True,False
138754790,163883279,1,1,False,True,False
138754790,1644196,1,1,False,True,False
138754790,167596974,1,1,False,True,False
138754790,174204333,1,1,False,True,False
138754790,186899882,7,7,False,True,False
138754790,190416463,1,1,False,True,False
138754790,19330466,1,1,False,True,False
138754790,194645305,3,3,False,True,False
138754790,196253599,8,8,False,True,False
138754790,200299178,1,1,False,True,False
138754790,20031333,1,1,False,True,False
138754790,203150729,1,1,False,True,False
138754790,20675635,10,10,False,True,False
138754790,20675636,1,1,False,True,False
138754790,208795891,1,1,False,True,False
138754790,210716005,1,1,False,True,False
138754790,211340922,1,1,False,True,False
138754790,214215524,2,2,False,True,False
138754790,217067290,1,1,False,True,False
138754790,218025521,2,2,False,True,False
138754790,221584272,1,1,False,True,False
138754790,223420284,1,1,False,True,False
138754790,225419211,3,3,False,True,False
138754790,226724438,1,1,False,True,False
138754790,22684655,2,2,False,True,False
138754790,22711503,1,1,False,True,False
138754790,240543078,1,1,False,True,False
138754790,255071936,1,1,False,True,False
138754790,255592249,1,1,False,True,False
138754790,256328151,1,1,False,True,False
138754790,256942539,1,1,False,True,False
138754790,257130655,1,1,False,True,False
138754790,259777710,1,1,False,True,False
138754790,26255337,2,2,False,True,False
138754790,26521129,1,1,False,True,False
138754790,271357052,1,1,False,True,False
138754790,281870638,2,2,False,True,False
138754790,286301447,1,1,False,True,False
138754790,28782747,1,1,False,True,False
138754790,28905625,1,1,False,True,False
138754790,29329884,1,1,False,True,False
138754790,299220196,1,1,False,True,False
138754790,299510783,2,2,False,True,False
138754790,300752838,1,1,False,True,False
138754790,302298095,3,3,False,True,False
138754790,302322,1,1,False,True,False
138754790,30272,1,1,False,True,False
138754790,302827809,1,1,False,True,True
138754790,302982238,1,1,False,True,False
138754790,304242794,9,9,False,True,False
138754790,305438763,2,2,False,True,False
138754790,319035161,1,1,False,True,False
138754790,3211618,1,1,False,True,False
138754790,327528642,5,5,False,True,False
138754790,328697653,1,1,False,True,False
138754790,3342055,1,1,False,True,False
138754790,34139230,3,3,False,True,False
138754790,342551701,6,6,False,True,False
138754790,359952601,1,1,False,True,False
138754790,365005377,1,1,False,True,False
138754790,367869181,4,4,False,True,False
138754790,368257515,3,3,False,True,False
138754790,36835663,1,1,False,True,False
138754790,37346186,1,1,False,True,False
138754790,37445421,2,2,False,True,False
138754790,374544800,4,4,False,True,False
138754790,388946490,4,4,False,True,True
138754790,39285768,1,1,False,True,False
138754790,39464018,1,1,False,True,False
138754790,395733062,2,2,False,True,False
138754790,401850253,6,6,False,True,False
138754790,40539602,1,1,False,True,False
138754790,41175020,1,1,False,True,False
138754790,416315721,10,10,False,True,False
138754790,41767943,1,1,False,True,False
138754790,426543151,6,6,False,True,False
138754790,42728217,1,1,False,True,False
138754790,434434408,1,1,False,True,False
138754790,436236826,3,3,False,True,False
138754790,436466520,1,1,False,True,False
138754790,44662669,11,11,False,True,False
138754790,446687759,1,1,False,True,False
138754790,449091292,4,4,False,True,False
138754790,453540240,2,2,False,True,False
138754790,461875582,8,8,False,True,False
138754790,476322310,1,1,False,True,False
138754790,478886268,21,21,False,True,False
138754790,483185939,18,18,False,True,False
138754790,48578152,1,1,False,True,False
138754790,49401134,1,1,False,True,False
138754790,509532500,1,1,False,True,False
138754790,510183901,1,1,False,True,False
138754790,51574639,1,1,False,True,False
138754790,518164214,1,1,False,True,False
138754790,518533087,1,1,False,True,False
138754790,51905353,15,15,False,True,False
138754790,519882617,1,1,False,True,False
138754790,52034309,1,1,False,True,False
138754790,520804429,1,1,False,True,False
138754790,525304261,1,1,False,True,False
138754790,527526335,6,6,False,True,False
138754790,52855516,6,6,False,True,False
138754790,53548867,1,1,False,True,False
138754790,535581439,2,2,False,True,False
138754790,536026761,1,1,False,True,False
138754790,536198098,7,7,False,True,False
138754790,55626935,1,1,False,True,False
138754790,559429813,1,1,False,True,False
138754790,560456116,3,3,False,True,False
138754790,561383674,3,3,False,True,False
138754790,561964390,1,1,False,True,False
138754790,571929,1,1,False,True,False
138754790,571945396,2,2,False,True,False
138754790,574428026,2,2,False,True,False
138754790,577759670,2,2,False,True,False
138754790,580859914,2,2,False,True,False
138754790,584946477,1,1,False,True,False
138754790,586785918,23,23,False,True,False
138754790,587559548,1,1,False,True,False
138754790,587870995,1,1,False,True,False
138754790,590447108,1,1,False,True,False
138754790,5909706,4,4,False,True,False
138754790,596082836,1,1,False,True,False
138754790,596533485,5,5,False,True,False
138754790,60246359,3,3,False,True,True
138754790,602616394,3,3,False,True,False
138754790,603165870,1,1,False,True,False
138754790,603713540,1,1,False,True,False
138754790,603826598,2,2,False,True,False
138754790,603996125,1,1,False,True,False
138754790,607247018,7,7,False,True,False
138754790,607575610,3,3,False,True,False
138754790,608264685,1,1,False,True,False
138754790,611216458,1,1,False,True,False
138754790,6148317,1,1,False,True,False
138754790,616517173,1,1,False,True,False
138754790,616555895,2,2,False,True,False
138754790,620026838,1,1,False,True,False
138754790,620191422,5,5,False,True,False
138754790,621980566,1,1,False,True,False
138754790,623982709,1,1,False,True,False
138754790,625202272,1,1,False,True,False
138754790,627700110,2,2,False,True,False
138754790,627720881,1,1,False,True,False
138754790,627846703,1,1,False,True,False
138754790,629281021,1,1,False,True,False
138754790,631063572,3,3,False,True,False
138754790,634860610,1,1,False,True,False
138754790,637940116,2,2,False,True,False
138754790,642179302,1,1,False,True,False
138754790,643069380,1,1,False,True,False
138754790,645987171,1,1,False,True,False
138754790,648763520,2,2,False,True,False
138754790,650194867,13,13,False,True,False
138754790,653441796,3,3,False,True,False
138754790,65600975,1,1,False,True,False
138754790,663105342,1,1,False,True,False
138754790,663142926,2,2,False,True,False
138754790,663194535,2,2,False,True,False
138754790,663230755,2,2,False,True,False
138754790,663234593,1,1,False,True,False
138754790,663235757,3,3,False,True,False
138754790,669620183,1,1,False,True,False
138754790,670568984,1,1,False,True,False
138754790,672058186,5,5,False,True,False
138754790,677831399,1,1,False,True,False
138754790,679373403,1,1,False,True,False
138754790,681989124,13,13,False,True,False
138754790,68312233,4,4,False,True,False
138754790,683498897,1,1,False,True,False
138754790,684383578,2,2,False,True,False
138754790,688490223,1,1,False,True,False
138754790,694616566,2,2,False,True,False
138754790,696816187,2,2,False,True,False
138754790,696834384,6,6,False,True,False
138754790,697733031,1,1,False,True,False
138754790,698476716,2,2,False,True,False
138754790,701342178,1,1,False,True,False
138754790,701554958,1,1,False,True,False
138754790,704991199,1,1,False,True,False
138754790,707178563,2,2,False,True,False
138754790,708558420,2,2,False,True,False
138754790,715591737,1,1,False,True,False
138754790,720760454,1,1,False,True,False
138754790,721120511,1,1,False,True,False
138754790,724158871,1,1,False,True,False
138754790,731291060,1,1,False,True,False
138754790,75821432,2,2,False,True,False
138754790,76301022,1,1,False,True,False
138754790,78670698,1,1,False,True,False
138754790,81384578,1,1,False,True,False
138754790,81598961,4,4,False,True,False
138754790,858127,4,4,False,True,False
138754790,86504302,1,1,False,True,False
138754790,90506918,1,1,False,True,False
138754790,908607,3,3,False,True,False
138754790,927442,2,2,False,True,True
138754790,95247959,1,1,False,True,False
141376301,114619105,5,5,False,True,True
141376301,13310527,1,1,False,True,False
141376301,136806005,2,2,False,True,False
141376301,137855319,13,13,False,True,False
141376301,139543029,3,3,False,True,False
141376301,139545213,1,1,False,True,False
141376301,141376301,1258,1258,True,True,True
141376301,144999365,19,19,False,True,False
141376301,20300177,1,1,False,True,False
141376301,208698479,4,4,False,True,False
141376301,26579900,2,2,False,True,False
141376301,27729926,1,1,False,True,False
141376301,296547184,3,3,False,True,False
141376301,30449481,1,1,False,True,True
141376301,323231688,3,3,False,True,False
141376301,423691236,1,1,False,True,False
141376301,476372928,1,1,False,True,False
141376301,488802963,3,3,False,True,False
141376301,574468978,5,5,False,True,False
141376301,623371578,2,2,False,True,False
141376301,641818425,1,1,False,True,False
141376301,66783467,1,1,False,True,False
141376301,6934395,1,1,False,True,True
141376301,697976,1,1,False,True,False
141376301,77385607,5,5,False,True,True
141376301,81810486,3,3,False,True,False
141376301,99412308,5,5,False,True,False
143253020,143253020,389,389,True,True,True
143253020,177161203,1,1,False,True,False
143253020,257703440,1,1,False,True,False
143253020,37754268,1,1,False,True,False
143253020,638637628,2,2,False,True,False
143253020,673599084,1,1,False,True,False
143253020,703383847,1,1,False,True,False
143253020,93190658,1,1,False,True,False
143436277,102343794,1,1,False,True,False
143436277,143436277,23,23,True,True,True
143436277,619008516,1,1,False,True,False
146459443,146459443,684,684,True,True,True
146459443,172799788,1,1,False,True,False
146459443,195927552,3,3,False,True,False
146459443,205966957,2,2,False,True,False
146459443,214361893,2,2,False,True,False
146459443,222364980,5,5,False,True,False
146459443,230737113,1,1,False,True,False
146459443,257145326,2,2,False,True,False
146459443,257933864,25,25,False,True,False
146459443,299510783,1,1,False,True,False
146459443,317173754,3,3,False,True,False
146459443,345321678,2,2,False,True,False
146459443,357524436,1,1,False,True,False
146459443,409808684,2,2,False,True,False
146459443,427717011,1,1,False,True,False
146459443,437782928,1,1,False,True,False
146459443,560704231,1,1,False,True,False
146459443,590792931,1,1,False,True,False
146459443,605568634,2,2,False,True,False
146459443,619008516,1,1,False,True,False
146459443,646539567,1,1,False,True,False
146459443,6934395,1,1,False,True,True
146459443,75821432,1,1,False,True,False
146459443,7590000,1,1,False,True,False
147880351,147880351,11,11,True,True,True
148087762,100656827,201,201,False,True,False
148087762,130237506,3,3,False,True,False
148087762,137444487,254,254,False,True,False
148087762,140029949,59,59,False,True,False
148087762,148087762,1982,1982,True,True,True
148087762,166483718,1,1,False,True,False
148087762,205564111,593,593,False,True,False
148087762,240151150,118,118,False,True,False
148087762,2410676,1,1,False,True,False
148087762,241268229,434,434,False,True,False
148087762,244496643,156,156,False,True,False
148087762,264818686,1,1,False,True,False
148087762,351019317,11,11,False,True,False
148087762,41179827,1,1,False,True,False
148087762,584963320,2,2,False,True,False
148087762,588973697,2,2,False,True,False
148087762,623135240,1,1,False,True,False
148087762,631258918,2,2,False,True,False
148087762,658518,1,1,False,True,False
148087762,71932349,1,1,False,True,False
148087762,80311370,18,18,False,True,False
148087762,87362999,73,73,False,True,False
15001136,15001136,4,4,True,True,True
150013328,150013328,131,131,True,True,True
150013328,166244463,2,2,False,True,False
150013328,196758769,1,1,False,True,False
150013328,23405758,1,1,False,True,True
150013328,234798675,1,1,False,True,False
150013328,261895262,1,1,False,True,False
150013328,29197565,1,1,False,True,False
150013328,360521076,2,2,False,True,False
150013328,403449752,1,1,False,True,False
150013328,437485701,3,3,False,True,False
150013328,469877060,4,4,False,True,False
150013328,470126561,1,1,False,True,False
150013328,551374215,2,2,False,True,True
150013328,593403754,2,2,False,True,False
150013328,611979988,1,1,False,True,False
150013328,619008516,1,1,False,True,False
150013328,645293852,2,2,False,True,False
150013328,650959196,7,7,False,True,False
150013328,664938238,1,1,False,True,False
150013328,724712,3,3,False,True,False
150013328,83496508,1,1,False,True,False
150954997,105262714,1,1,False,True,False
150954997,106239956,1,1,False,True,False
150954997,109162639,2,2,False,True,False
150954997,113106184,1,1,False,True,False
150954997,11393110,8,8,False,True,False
150954997,11452538,1,1,False,True,False
150954997,1207300,2,2,False,True,False
150954997,12440855,1,1,False,True,False
150954997,127268366,1,1,False,True,False
150954997,129717717,1,1,False,True,False
150954997,13124802,2,2,False,True,True
150954997,132145189,21,21,False,True,False
150954997,14125254,9,9,False,True,False
150954997,144403787,1,1,False,True,False
150954997,144708327,1,1,False,True,False
150954997,145434487,2,2,False,True,False
150954997,14627445,1,1,False,True,False
150954997,150954997,13370,13370,True,True,True
150954997,15111821,5,5,False,True,False
150954997,15357351,1,1,False,True,False
150954997,158756762,2,2,False,True,False
150954997,16345015,1,1,False,True,False
150954997,17381605,1,1,False,True,False
150954997,177049645,1,1,False,True,False
150954997,177727591,1,1,False,True,False
150954997,180155433,22,22,False,True,False
150954997,181715383,1,1,False,True,False
150954997,18260583,7,7,False,True,False
150954997,184463891,1,1,False,True,False
150954997,185861173,1,1,False,True,False
150954997,18765044,3,3,False,True,False
150954997,192624594,32,32,False,True,False
150954997,19608522,1,1,False,True,False
150954997,196414933,3,3,False,True,False
150954997,197814629,13,13,False,True,False
150954997,200299178,35,35,False,True,False
150954997,20653934,6,6,False,True,False
150954997,209600930,1,1,False,True,False
150954997,2113660,2,2,False,True,False
150954997,214266955,16,16,False,True,False
150954997,215566462,6,6,False,True,False
150954997,22234992,1,1,False,True,False
150954997,224021526,1,1,False,True,False
150954997,22855240,8,8,False,True,False
150954997,23096959,14,14,False,True,False
150954997,2325298,1,1,False,True,False
150954997,252745692,1,1,False,True,False
150954997,254894997,1,1,False,True,False
150954997,259445878,1,1,False,True,False
150954997,259626767,23,23,False,True,False
150954997,260236126,1,1,False,True,False
150954997,260488959,3,3,False,True,False
150954997,2606873,10,10,False,True,False
150954997,260960262,1,1,False,True,False
150954997,262521997,43,43,False,True,False
150954997,264742473,1,1,False,True,False
150954997,265258032,1,1,False,True,False
150954997,267161970,9,9,False,True,False
150954997,27096595,13,13,False,True,False
150954997,27146054,1,1,False,True,False
150954997,27522241,1,1,False,True,False
150954997,27522271,7,7,False,True,False
150954997,27522282,1,1,False,True,False
150954997,28233924,12,12,False,True,False
150954997,291474609,1,1,False,True,False
150954997,29759715,1,1,False,True,False
150954997,31288958,1,1,False,True,False
150954997,33258973,2,2,False,True,False
150954997,346005187,1,1,False,True,False
150954997,355253165,2,2,False,True,False
150954997,355636760,3,3,False,True,False
150954997,360735059,3,3,False,True,False
150954997,36653430,9,9,False,True,False
150954997,367429065,1,1,False,True,False
150954997,3678731,1,1,False,True,False
150954997,37326770,6,6,False,True,False
150954997,376951839,1,1,False,True,False
150954997,385634291,2,2,False,True,True
150954997,39468142,13,13,False,True,False
150954997,41964498,1,1,False,True,False
150954997,42408804,4,4,False,True,False
150954997,436599976,8,8,False,True,False
150954997,44498957,1,1,False,True,False
150954997,453631903,1,1,False,True,False
150954997,458058,1,1,False,True,False
150954997,4659423,2,2,False,True,False
150954997,5011262,6,6,False,True,False
150954997,53277717,2,2,False,True,False
150954997,533735884,2,2,False,True,False
150954997,534150188,9,9,False,True,False
150954997,53703126,1,1,False,True,False
150954997,56018561,3,3,False,True,False
150954997,57870115,1,1,False,True,False
150954997,57912964,1,1,False,True,False
150954997,60246359,1,1,False,True,True
150954997,61153677,1,1,False,True,True
150954997,611935351,1,1,False,True,False
150954997,640549170,1,1,False,True,False
150954997,6503675,3,3,False,True,False
150954997,652419906,1,1,False,True,False
150954997,66509131,1,1,False,True,False
150954997,669131748,1,1,False,True,False
150954997,671205843,2,2,False,True,False
150954997,6838921,63,63,False,True,True
150954997,688340615,2,2,False,True,False
150954997,7004897,16,16,False,True,False
150954997,703866764,1,1,False,True,False
150954997,71823870,1,1,False,True,False
150954997,725934563,3,3,False,True,False
150954997,7515336,1,1,False,True,False
150954997,7823926,3,3,False,True,False
150954997,87859908,1,1,False,True,False
150954997,90808126,1,1,False,True,False
150954997,91755273,1,1,False,True,False
150954997,95098170,4,4,False,True,False
150954997,9524057,1,1,False,True,False
150954997,96004375,48,48,False,True,False
156018,102343794,1,1,False,True,False
156018,108110706,1,1,False,True,False
156018,109711622,3,3,False,True,False
156018,11006053,1,1,False,True,False
156018,114363116,1,1,False,True,False
156018,116659368,1,1,False,True,False
156018,121676470,3,3,False,True,False
156018,130107902,1,1,False,True,False
156018,1303538,2,2,False,True,False
156018,13310527,12,12,False,True,False
156018,139314347,2,2,False,True,False
156018,143040428,69,69,False,True,False
156018,15510677,1,1,False,True,False
156018,156018,2912,2912,True,True,True
156018,156204572,1,1,False,True,False
156018,15823460,1,1,False,True,False
156018,172421430,1,1,False,True,False
156018,173972535,1,1,False,True,False
156018,17748183,2,2,False,True,False
156018,18106269,2,2,False,True,False
156018,184286875,1,1,False,True,False
156018,184460,1,1,False,True,False
156018,184654298,1,1,False,True,False
156018,189476904,3,3,False,True,False
156018,190416463,1,1,False,True,False
156018,192625955,1,1,False,True,False
156018,19641638,1,1,False,True,False
156018,197814629,1,1,False,True,False
156018,1983092,1,1,False,True,False
156018,19873619,5,5,False,True,False
156018,211165922,2,2,False,True,False
156018,215263010,6,6,False,True,False
156018,221654776,2,2,False,True,False
156018,222791664,1,1,False,True,False
156018,2325298,2,2,False,True,False
156018,2328181,1,1,False,True,False
156018,259445878,18,18,False,True,False
156018,29533139,2,2,False,True,False
156018,300290246,3,3,False,True,False
156018,305438763,3,3,False,True,False
156018,310300394,1,1,False,True,False
156018,31792824,2,2,False,True,False
156018,318660317,1,1,False,True,False
156018,321908167,30,30,False,True,False
156018,32873313,3,3,False,True,False
156018,337897840,1,1,False,True,False
156018,34705315,1,1,False,True,False
156018,34921116,1,1,False,True,False
156018,360734598,15,15,False,True,False
156018,37346186,1,1,False,True,False
156018,387598861,4,4,False,True,False
156018,39038086,1,1,False,True,False
156018,401531966,1,1,False,True,False
156018,401599965,1,1,False,True,False
156018,407831273,2,2,False,True,False
156018,412586952,1,1,False,True,False
156018,413071565,4,4,False,True,False
156018,414613150,1,1,False,True,False
156018,417633116,1,1,False,True,False
156018,426669980,3,3,False,True,False
156018,433213085,1,1,False,True,False
156018,452575658,1,1,False,True,False
156018,4690278,1,1,False,True,False
156018,480818071,2,2,False,True,False
156018,490177159,1,1,False,True,False
156018,4979256,2,2,False,True,False
156018,515208425,1,1,False,True,False
156018,52300938,4,4,False,True,False
156018,543288517,1,1,False,True,False
156018,55626935,1,1,False,True,False
156018,5805256,6,6,False,True,False
156018,58132544,16,16,False,True,False
156018,60246359,1,1,False,True,True
156018,61306303,2,2,False,True,False
156018,613318340,2,2,False,True,False
156018,617798408,1,1,False,True,False
156018,619008516,2,2,False,True,False
156018,637719089,1,1,False,True,False
156018,637728352,1,1,False,True,False
156018,666905969,1,1,False,True,False
156018,668665017,6,6,False,True,False
156018,668673665,1,1,False,True,False
156018,669906644,1,1,False,True,False
156018,671043970,15,15,False,True,False
156018,673267,2,2,False,True,False
156018,677149938,1,1,False,True,False
156018,681493020,1,1,False,True,False
156018,695630582,1,1,False,True,False
156018,715015715,1,1,False,True,False
156018,715605,7,7,False,True,False
156018,718593705,1,1,False,True,False
156018,722180249,1,1,False,True,False
156018,7378480,1,1,False,True,False
156018,74700293,1,1,False,True,False
156018,74705400,1,1,False,True,False
156018,756856,1,1,False,True,False
156018,7691631,1,1,False,True,False
156018,77394483,4,4,False,True,False
156018,81598961,5,5,False,True,False
156018,83552012,1,1,False,True,False
156018,84458512,5,5,False,True,True
156018,88439547,1,1,False,True,False
156018,894162,1,1,False,True,False
156018,908893,1,1,False,True,False
156018,915844,20,20,False,True,False
156018,93205465,3,3,False,True,False
156018,95147835,2,2,False,True,False
158975124,1064563,9,9,False,True,False
158975124,1123727,10,10,False,True,False
158975124,1148753,1,1,False,True,False
158975124,119439276,11,11,False,True,False
158975124,13078968,16,16,False,True,False
158975124,1357199,7,7,False,True,False
158975124,158975124,9255,9255,True,True,True
158975124,159271175,1,1,False,True,False
158975124,18260583,7,7,False,True,False
158975124,2045207,23,23,False,True,False
158975124,23357588,3,3,False,True,False
158975124,242202166,19,19,False,True,False
158975124,24560307,7,7,False,True,False
158975124,24653868,2,2,False,True,False
158975124,257485422,17,17,False,True,False
158975124,2604249,5,5,False,True,False
158975124,27522271,5,5,False,True,False
158975124,27729907,1,1,False,True,False
158975124,283325,21,21,False,True,False
158975124,2888818,1,1,False,True,False
158975124,3037907,5,5,False,True,False
158975124,30553392,11,11,False,True,False
158975124,3678731,11,11,False,True,False
158975124,445340244,9,9,False,True,False
158975124,453580393,1,1,False,True,False
158975124,50140860,5,5,False,True,False
158975124,503577038,2,2,False,True,False
158975124,5695907,8,8,False,True,False
158975124,582879665,1,1,False,True,False
158975124,60075331,7,7,False,True,False
158975124,62117812,2,2,False,True,False
158975124,6296790,20,20,False,True,False
158975124,66030306,9,9,False,True,False
158975124,663487567,4,4,False,True,False
158975124,668515688,4,4,False,True,False
158975124,6818061,11,11,False,True,False
158975124,685771172,2,2,False,True,False
158975124,80501529,8,8,False,True,False
158975124,8467178,1,1,False,True,False
158975124,85802819,1,1,False,True,False
158975124,91837954,6,6,False,True,False
158975124,9283927,4,4,False,True,False
158975124,98346885,9,9,False,True,False
160528020,160528020,28,28,True,True,True
160999,1064563,2,2,False,True,False
160999,11225014,2,2,False,True,True
160999,149121954,1,1,False,True,False
160999,1575956,3,3,False,True,False
160999,160999,384,384,True,True,True
160999,1680909,2,2,False,True,False
160999,17359057,3,3,False,True,False
160999,180226750,1,1,False,True,False
160999,201885288,2,2,False,True,False
160999,2045207,3,3,False,True,False
160999,23405758,2,2,False,True,True
160999,29102367,1,1,False,True,False
160999,3038937,3,3,False,True,False
160999,314384911,1,1,False,True,False
160999,330590745,1,1,False,True,False
160999,38279790,2,2,False,True,False
160999,458035827,6,6,False,True,False
160999,458807284,2,2,False,True,False
160999,5543519,1,1,False,True,False
160999,5663857,4,4,False,True,False
160999,5695907,4,4,False,True,False
160999,62117812,1,1,False,True,False
160999,664452562,1,1,False,True,False
160999,713048114,2,2,False,True,False
160999,7184464,1,1,False,True,False
160999,93290292,2,2,False,True,False
16189524,1064563,24,24,False,True,False
16189524,113677984,5,5,False,True,False
16189524,113678112,5,5,False,True,False
16189524,113678133,8,8,False,True,False
16189524,113678275,5,5,False,True,False
16189524,113678408,13,13,False,True,False
16189524,113678857,10,10,False,True,False
16189524,113678874,5,5,False,True,False
16189524,16189524,99,99,True,True,True
16189524,1705960,2,2,False,True,False
16189524,1756350,7,7,False,True,False
16189524,1908577,5,5,False,True,False
16189524,20275545,2,2,False,True,False
16189524,20300177,7,7,False,True,False
16189524,206371,22,22,False,True,False
16189524,22266795,8,8,False,True,False
16189524,23351479,3,3,False,True,False
16189524,2358108,1,1,False,True,False
16189524,2560988,19,19,False,True,False
16189524,2604249,3,3,False,True,False
16189524,283325,12,12,False,True,False
16189524,3037907,1,1,False,True,False
16189524,33816473,20,20,False,True,False
16189524,35697461,4,4,False,True,False
16189524,3604157,16,16,False,True,False
16189524,3955647,5,5,False,True,False
16189524,475599,4,4,False,True,False
16189524,4950187,6,6,False,True,False
16189524,50007393,1,1,False,True,False
16189524,50140860,1,1,False,True,False
16189524,537800,12,12,False,True,False
16189524,5695907,5,5,False,True,False
16189524,6207167,10,10,False,True,False
16189524,6765281,6,6,False,True,False
16189524,687836,3,3,False,True,False
16189524,72700804,1,1,False,True,False
16189524,7508411,14,14,False,True,False
16189524,7639232,13,13,False,True,False
16189524,832680,28,28,False,True,False
16189524,85504501,1,1,False,True,False
16563587,101107622,31,31,False,True,False
16563587,102268227,4,4,False,True,False
16563587,102792138,27,27,False,True,False
16563587,10320116,1,1,False,True,False
16563587,106698888,2,2,False,True,False
16563587,106737290,1,1,False,True,False
16563587,11031412,1,1,False,True,False
16563587,11125589,1,1,False,True,False
16563587,111364256,1,1,False,True,False
16563587,11206255,29,29,False,True,False
16563587,11208890,1,1,False,True,False
16563587,11225014,6,6,False,True,True
16563587,112655189,1,1,False,True,False
16563587,11481074,5,5,False,True,False
16563587,115316912,1,1,False,True,False
16563587,121870635,1,1,False,True,False
16563587,121898717,1,1,False,True,False
16563587,125238132,1118,1118,False,True,False
16563587,132145189,1,1,False,True,False
16563587,13310527,33,33,False,True,False
16563587,133411492,237,237,False,True,False
16563587,134603838,3,3,False,True,False
16563587,135798749,2,2,False,True,False
16563587,13855476,1,1,False,True,False
16563587,141339868,598,598,False,True,False
16563587,145076038,1,1,False,True,False
16563587,147740437,1,1,False,True,False
16563587,147963112,2,2,False,True,False
16563587,15062869,26,26,False,True,False
16563587,151455245,1,1,False,True,False
16563587,156018,1,1,False,True,True
16563587,158403775,17,17,False,True,False
16563587,159271175,1,1,False,True,False
16563587,161155314,1,1,False,True,False
16563587,162484658,17,17,False,True,False
16563587,1625986,1,1,False,True,False
16563587,162725910,11,11,False,True,False
16563587,162864176,4,4,False,True,False
16563587,164267980,1,1,False,True,False
16563587,16563587,384465,384465,True,True,True
16563587,167666671,3,3,False,True,False
16563587,169087223,1,1,False,True,False
16563587,172104891,1,1,False,True,False
16563587,174522026,1,1,False,True,False
16563587,175910132,1,1,False,True,False
16563587,176172924,1,1,False,True,False
16563587,176278485,1,1,False,True,True
16563587,177727591,2,2,False,True,False
16563587,178576091,2,2,False,True,False
16563587,183781681,9,9,False,True,False
16563587,184463891,1,1,False,True,False
16563587,187086161,1,1,False,True,False
16563587,187694683,1,1,False,True,False
16563587,187943341,17,17,False,True,False
16563587,18906266,2,2,False,True,False
16563587,190416463,32,32,False,True,False
16563587,190994178,4,4,False,True,False
16563587,191461487,6,6,False,True,False
16563587,191655189,4,4,False,True,False
16563587,192366753,1,1,False,True,False
16563587,192925833,7,7,False,True,False
16563587,193929371,1,1,False,True,False
16563587,19608522,24,24,False,True,False
16563587,197176365,6,6,False,True,False
16563587,198711527,2,2,False,True,False
16563587,19953044,1,1,False,True,False
16563587,200437066,1,1,False,True,False
16563587,203259544,1,1,False,True,False
16563587,204033634,9,9,False,True,False
16563587,20580498,1,1,False,True,False
16563587,206130163,2,2,False,True,False
16563587,20675635,1,1,False,True,False
16563587,207618995,3,3,False,True,False
16563587,20929025,18,18,False,True,False
16563587,210909024,3,3,False,True,False
16563587,21440127,94,94,False,True,False
16563587,218158416,1,1,False,True,False
16563587,222960238,7,7,False,True,False
16563587,22479136,1,1,False,True,False
16563587,227460322,1,1,False,True,False
16563587,228868155,3,3,False,True,False
16563587,22938893,25,25,False,True,False
16563587,23096959,162,162,False,True,False
16563587,232160635,1,1,False,True,False
16563587,2325298,2,2,False,True,False
16563587,23641816,1,1,False,True,False
16563587,23727431,14,14,False,True,False
16563587,242581770,1,1,False,True,False
16563587,242765280,1,1,False,True,False
16563587,24385451,1,1,False,True,False
16563587,246133980,1,1,False,True,False
16563587,247587757,1,1,False,True,False
16563587,248868816,6,6,False,True,False
16563587,249722766,1,1,False,True,False
16563587,250652185,15,15,False,True,False
16563587,252604066,1,1,False,True,False
16563587,252650176,7,7,False,True,False
16563587,253650720,1,1,False,True,False
16563587,261141187,1,1,False,True,False
16563587,26289803,2,2,False,True,False
16563587,2651432,1,1,False,True,False
16563587,27096595,7,7,False,True,False
16563587,271140688,1,1,False,True,False
16563587,273550906,11,11,False,True,False
16563587,274116286,11,11,False,True,False
16563587,274705319,21,21,False,True,False
16563587,27483832,2,2,False,True,False
16563587,275084371,1,1,False,True,False
16563587,27522247,1,1,False,True,False
16563587,27522271,3,3,False,True,False
16563587,27522295,1,1,False,True,False
16563587,275647768,3,3,False,True,False
16563587,27576132,2,2,False,True,False
16563587,27729880,1,1,False,True,False
16563587,27729907,77,77,False,True,False
16563587,27929056,48,48,False,True,False
16563587,28352089,1,1,False,True,False
16563587,288082909,1,1,False,True,False
16563587,2883574,1,1,False,True,False
16563587,292888939,1,1,False,True,False
16563587,294223530,9,9,False,True,False
16563587,294224347,1,1,False,True,False
16563587,297728481,2,2,False,True,False
16563587,302670797,7,7,False,True,False
16563587,30383208,1,1,False,True,False
16563587,31228039,2,2,False,True,False
16563587,313731577,2,2,False,True,False
16563587,317655208,1,1,False,True,False
16563587,32238354,2,2,False,True,False
16563587,32769228,4,4,False,True,False
16563587,32873313,1,1,False,True,False
16563587,331456036,1,1,False,True,False
16563587,3370128,3,3,False,True,False
16563587,33881440,1,1,False,True,False
16563587,339348284,1,1,False,True,False
16563587,341316058,2,2,False,True,False
16563587,346109201,4,4,False,True,False
16563587,347277349,1,1,False,True,False
16563587,352804165,17,17,False,True,False
16563587,359952601,1,1,False,True,False
16563587,368565094,2,2,False,True,False
16563587,3698588,30,30,False,True,False
16563587,374846113,1,1,False,True,False
16563587,379865325,2,2,False,True,False
16563587,385693693,1,1,False,True,False
16563587,385694529,1,1,False,True,False
16563587,394028369,10,10,False,True,False
16563587,394754122,6,6,False,True,False
16563587,395893003,6,6,False,True,False
16563587,39816691,1,1,False,True,False
16563587,39874513,1,1,False,True,False
16563587,40355094,2,2,False,True,False
16563587,40620773,1,1,False,True,False
16563587,408656417,10,10,False,True,False
16563587,408996775,2,2,False,True,False
16563587,4164482,5,5,False,True,False
16563587,4192593,2,2,False,True,False
16563587,422379561,52,52,False,True,False
16563587,422821402,1,1,False,True,True
16563587,423907006,1,1,False,True,False
16563587,423955808,2,2,False,True,False
16563587,42610470,18,18,False,True,False
16563587,430398283,2,2,False,True,False
16563587,43441403,3,3,False,True,False
16563587,438013940,23,23,False,True,False
16563587,438391791,2,2,False,True,False
16563587,439055966,1,1,False,True,False
16563587,4407129,2,2,False,True,True
16563587,445569784,1,1,False,True,False
16563587,44733039,1,1,False,True,False
16563587,449438333,1,1,False,True,False
16563587,45226685,3,3,False,True,False
16563587,454132203,3,3,False,True,False
16563587,45446294,1,1,False,True,False
16563587,46598496,1,1,False,True,False
16563587,46998787,1,1,False,True,False
16563587,470755469,16,16,False,True,False
16563587,47203045,1,1,False,True,False
16563587,473747677,2,2,False,True,False
16563587,479517597,1,1,False,True,False
16563587,48004987,64,64,False,True,False
16563587,48062626,4,4,False,True,False
16563587,480668717,2,2,False,True,False
16563587,483146498,7,7,False,True,False
16563587,488299528,2,2,False,True,False
16563587,49111463,1,1,False,True,False
16563587,491653777,3,3,False,True,False
16563587,493035916,5,5,False,True,False
16563587,49441405,55,55,False,True,False
16563587,497022402,1,1,False,True,False
16563587,50538484,1,1,False,True,False
16563587,50565430,21,21,False,True,False
16563587,50629145,1,1,False,True,False
16563587,518574859,1,1,False,True,False
16563587,51905353,70,70,False,True,False
16563587,521695479,3,3,False,True,False
16563587,52736898,2,2,False,True,False
16563587,52773157,2,2,False,True,False
16563587,53954979,8,8,False,True,False
16563587,54173593,42,42,False,True,False
16563587,54502204,25,25,False,True,False
16563587,55906763,1,1,False,True,False
16563587,560621227,1,1,False,True,False
16563587,562557612,1,1,False,True,False
16563587,56550961,1,1,False,True,False
16563587,571342238,273,273,False,True,False
16563587,579303566,1,1,False,True,False
16563587,58707550,2,2,False,True,False
16563587,587943248,1,1,False,True,False
16563587,593688846,1,1,False,True,False
16563587,594233702,2,2,False,True,False
16563587,598571781,1,1,False,True,False
16563587,60188025,4,4,False,True,False
16563587,60553554,1,1,False,True,False
16563587,60805080,8,8,False,True,False
16563587,618492,1,1,False,True,False
16563587,6247705,3,3,False,True,False
16563587,62895080,1,1,False,True,False
16563587,63375710,2,2,False,True,False
16563587,63652864,3,3,False,True,False
16563587,63840208,1,1,False,True,False
16563587,63925755,14,14,False,True,False
16563587,642140097,1,1,False,True,False
16563587,642457312,1,1,False,True,False
16563587,645378455,18,18,False,True,False
16563587,65798922,2,2,False,True,False
16563587,66403568,2,2,False,True,False
16563587,664452562,6,6,False,True,False
16563587,680247452,6,6,False,True,False
16563587,691576972,1,1,False,True,False
16563587,69170505,12,12,False,True,False
16563587,700539288,1,1,False,True,False
16563587,70208775,6,6,False,True,False
16563587,715728010,1,1,False,True,False
16563587,715798276,1,1,False,True,False
16563587,75918965,3,3,False,True,False
16563587,76986795,1,1,False,True,False
16563587,77703394,7,7,False,True,False
16563587,7823926,3,3,False,True,False
16563587,790359,3,3,False,True,False
16563587,79371642,2,2,False,True,False
16563587,79954708,3,3,False,True,False
16563587,80430781,14,14,False,True,False
16563587,81387692,3,3,False,True,False
16563587,8385515,1,1,False,True,False
16563587,8397993,1,1,False,True,False
16563587,84596297,2,2,False,True,False
16563587,8507859,92,92,False,True,False
16563587,8514,1,1,False,True,False
16563587,86103984,1,1,False,True,False
16563587,90793418,1,1,False,True,False
16563587,91074692,2,2,False,True,False
16563587,9120526,77,77,False,True,False
16563587,927442,105,105,False,True,True
16563587,93948485,1,1,False,True,False
16563587,94003494,1,1,False,True,False
16563587,9433979,1,1,False,True,False
16563587,94883751,1,1,False,True,False
16563587,9524057,1,1,False,True,False
16563587,96004375,2,2,False,True,False
16563587,96237042,5,5,False,True,False
16563587,9646845,1,1,False,True,False
16563587,96570421,4,4,False,True,False
16563587,991475,2,2,False,True,False
166387176,166387176,162,162,True,True,True
166387176,18506893,1,1,False,True,False
166387176,307992244,2,2,False,True,False
166515022,10277647,1,1,False,True,False
166515022,105069363,1,1,False,True,False
166515022,1064563,1,1,False,True,False
166515022,10746583,1,1,False,True,False
166515022,1123727,1,1,False,True,False
166515022,113678857,1,1,False,True,False
166515022,1148753,1,1,False,True,False
166515022,116038660,3,3,False,True,False
166515022,12179494,1,1,False,True,False
166515022,124701774,1,1,False,True,False
166515022,12499251,3,3,False,True,False
166515022,13124802,1,1,False,True,True
166515022,131403312,6,6,False,True,False
166515022,13404515,1,1,False,True,False
166515022,1361792,4,4,False,True,False
166515022,149824037,2,2,False,True,False
166515022,15056182,1,1,False,True,False
166515022,153279483,3,3,False,True,False
166515022,158256479,106,106,False,True,False
166515022,1625986,1,1,False,True,False
166515022,163883279,1,1,False,True,False
166515022,166274005,1,1,False,True,False
166515022,166282681,836,836,False,True,False
166515022,166314916,2,2,False,True,False
166515022,166480286,2,2,False,True,False
166515022,166515022,6986,6986,True,True,True
166515022,166575621,1,1,False,True,False
166515022,166763279,10,10,False,True,False
166515022,167017214,4,4,False,True,False
166515022,167949879,14,14,False,True,False
166515022,168043047,2,2,False,True,False
166515022,17165658,5,5,False,True,True
166515022,172750723,2,2,False,True,False
166515022,180508509,2,2,False,True,False
166515022,182849188,35,35,False,True,True
166515022,184286875,1,1,False,True,False
166515022,184463891,2,2,False,True,False
166515022,187523334,1,1,False,True,False
166515022,19323986,2,2,False,True,False
166515022,19684359,2,2,False,True,False
166515022,19961085,12,12,False,True,True
166515022,20245398,1,1,False,True,False
166515022,20275545,3,3,False,True,False
166515022,20300177,9,9,False,True,False
166515022,20415251,1,1,False,True,False
166515022,20473418,1,1,False,True,True
166515022,206444,12,12,False,True,True
166515022,206459,2,2,False,True,False
166515022,206483,1,1,False,True,False
166515022,206632,1,1,False,True,False
166515022,20675635,10,10,False,True,False
166515022,20675636,5,5,False,True,False
166515022,210933087,9,9,False,True,False
166515022,211494818,1,1,False,True,False
166515022,214273093,1,1,False,True,False
166515022,215566462,1,1,False,True,False
166515022,220186120,1,1,False,True,True
166515022,220362473,8,8,False,True,False
166515022,22305416,4,4,False,True,False
166515022,227300707,1,1,False,True,False
166515022,23206290,7,7,False,True,False
166515022,233938764,1,1,False,True,False
166515022,23418517,3,3,False,True,False
166515022,235866201,3,3,False,True,False
166515022,236570369,11,11,False,True,False
166515022,23982180,1,1,False,True,False
166515022,254450741,8,8,False,True,False
166515022,255086434,1,1,False,True,False
166515022,258933250,1,1,False,True,False
166515022,2604249,4,4,False,True,False
166515022,263035471,3,3,False,True,False
166515022,274077404,1,1,False,True,False
166515022,276025804,5,5,False,True,False
166515022,27790789,3,3,False,True,False
166515022,282339941,5,5,False,True,False
166515022,284745566,2,2,False,True,False
166515022,28710753,1,1,False,True,False
166515022,29261473,2,2,False,True,False
166515022,2928948,1,1,False,True,False
166515022,3037907,2,2,False,True,False
166515022,3038937,2,2,False,True,False
166515022,30434289,4,4,False,True,False
166515022,305498835,2,2,False,True,False
166515022,31006158,2,2,False,True,True
166515022,310611,3,3,False,True,False
166515022,321938,2,2,False,True,False
166515022,325213317,1,1,False,True,False
166515022,325777713,2,2,False,True,False
166515022,330085907,1,1,False,True,False
166515022,331691688,6,6,False,True,False
166515022,3370128,5,5,False,True,False
166515022,33745913,2,2,False,True,True
166515022,33816473,8,8,False,True,False
166515022,33884891,1,1,False,True,False
166515022,341322737,1,1,False,True,False
166515022,34139230,1,1,False,True,False
166515022,34562183,1,1,False,True,False
166515022,35144191,15,15,False,True,False
166515022,355307023,1,1,False,True,False
166515022,356069432,1,1,False,True,False
166515022,360462210,1,1,False,True,False
166515022,36502,1,1,False,True,False
166515022,375736511,2,2,False,True,False
166515022,3786237,1,1,False,True,True
166515022,380971085,1,1,False,True,False
166515022,38279457,1,1,False,True,False
166515022,385554672,2,2,False,True,False
166515022,386053978,1,1,False,True,False
166515022,388946490,1,1,False,True,True
166515022,390505378,1,1,False,True,False
166515022,39464018,1,1,False,True,False
166515022,408387870,1,1,False,True,False
166515022,414633085,2,2,False,True,False
166515022,41969076,1,1,False,True,False
166515022,427247481,1,1,False,True,False
166515022,435375021,1,1,False,True,False
166515022,44662669,1,1,False,True,False
166515022,449657737,2,2,False,True,False
166515022,4681328,22,22,False,True,False
166515022,472870988,2,2,False,True,False
166515022,473614246,2,2,False,True,False
166515022,47848761,2,2,False,True,False
166515022,48714685,1,1,False,True,False
166515022,493332759,1,1,False,True,False
166515022,49982695,2,2,False,True,False
166515022,501687,1,1,False,True,False
166515022,50370190,1,1,False,True,False
166515022,50647838,3,3,False,True,True
166515022,5152285,1,1,False,True,False
166515022,5174103,8,8,False,True,False
166515022,518164214,1,1,False,True,False
166515022,51905353,1,1,False,True,False
166515022,521438915,1,1,False,True,False
166515022,52855516,2,2,False,True,False
166515022,531104599,1,1,False,True,False
166515022,5349565,11,11,False,True,True
166515022,536010299,2,2,False,True,False
166515022,542039795,1,1,False,True,False
166515022,549071054,1,1,False,True,False
166515022,551076626,1,1,False,True,False
166515022,554217853,1,1,False,True,False
166515022,566073,1,1,False,True,False
166515022,570575390,1,1,False,True,False
166515022,570678664,2,2,False,True,False
166515022,574428026,1,1,False,True,False
166515022,574877,3,3,False,True,False
166515022,589660517,1,1,False,True,False
166515022,592571625,1,1,False,True,False
166515022,59779262,1,1,False,True,False
166515022,60111626,4,4,False,True,False
166515022,60246359,3,3,False,True,True
166515022,602943934,1,1,False,True,False
166515022,605898410,2,2,False,True,False
166515022,611964074,5,5,False,True,False
166515022,61691853,1,1,False,True,False
166515022,618104322,1,1,False,True,False
166515022,624163890,1,1,False,True,False
166515022,63421322,3,3,False,True,False
166515022,645214640,1,1,False,True,False
166515022,66311167,4,4,False,True,False
166515022,66319393,2,2,False,True,False
166515022,664750387,1,1,False,True,False
166515022,671661310,1,1,False,True,False
166515022,676024928,1,1,False,True,False
166515022,679396061,1,1,False,True,False
166515022,682923562,1,1,False,True,False
166515022,693268407,2,2,False,True,False
166515022,724809112,1,1,False,True,False
166515022,7276954,1,1,False,True,False
166515022,727890387,2,2,False,True,False
166515022,72815283,1,1,False,True,False
166515022,72874378,2,2,False,True,False
166515022,76474200,8,8,False,True,False
166515022,8024331,15,15,False,True,False
166515022,8119454,2,2,False,True,False
166515022,832680,1,1,False,True,False
166515022,83638422,1,1,False,True,False
166515022,84302090,1,1,False,True,False
166515022,85504501,1,1,False,True,False
166515022,85795396,1,1,False,True,False
166515022,9155612,1,1,False,True,False
166515022,95247959,1,1,False,True,False
168712350,11006053,2,2,False,True,False
168712350,131738270,1,1,False,True,False
168712350,139314347,2,2,False,True,False
168712350,156018,15,15,False,True,True
168712350,168712350,314,314,True,True,True
168712350,177216640,1,1,False,True,False
168712350,178462204,1,1,False,True,False
168712350,222791664,1,1,False,True,False
168712350,238683847,1,1,False,True,False
168712350,313801701,1,1,False,True,False
168712350,52300938,1,1,False,True,False
168712350,599781615,1,1,False,True,False
168712350,608030247,1,1,False,True,False
168712350,679837577,1,1,False,True,False
170496871,170496871,1131,1131,True,True,True
17165658,10095297,2,2,False,True,False
17165658,102726009,1,1,False,True,False
17165658,102969245,1,1,False,True,False
17165658,104110775,1,1,False,True,False
17165658,10416648,1,1,False,True,False
17165658,104327447,88,88,False,True,False
17165658,1045976,1,1,False,True,False
17165658,10522120,1,1,False,True,False
17165658,106310,1,1,False,True,False
17165658,10637896,16,16,False,True,False
17165658,1064563,39,39,False,True,False
17165658,10746583,35,35,False,True,False
17165658,11061773,3,3,False,True,False
17165658,113678060,5,5,False,True,False
17165658,113678093,3,3,False,True,False
17165658,113678112,2,2,False,True,False
17165658,113678133,2,2,False,True,False
17165658,113678153,2,2,False,True,False
17165658,113678351,1,1,False,True,False
17165658,113678408,2,2,False,True,False
17165658,113678857,8,8,False,True,False
17165658,113678874,2,2,False,True,False
17165658,113912678,1,1,False,True,False
17165658,114023960,1,1,False,True,False
17165658,114619105,9,9,False,True,True
17165658,11482978,3,3,False,True,False
17165658,11486644,3,3,False,True,False
17165658,116165188,4,4,False,True,False
17165658,116955501,1,1,False,True,False
17165658,12140830,5,5,False,True,False
17165658,12344532,3,3,False,True,False
17165658,123690489,15,15,False,True,False
17165658,125266328,8,8,False,True,False
17165658,129954828,25,25,False,True,False
17165658,130546049,1,1,False,True,False
17165658,13273703,2,2,False,True,False
17165658,136202695,1,1,False,True,False
17165658,13655949,3,3,False,True,False
17165658,137137466,1,1,False,True,False
17165658,139969620,1,1,False,True,False
17165658,14212940,1,1,False,True,False
17165658,14594941,3,3,False,True,False
17165658,147069989,4,4,False,True,False
17165658,149121954,12,12,False,True,False
17165658,15208514,3,3,False,True,False
17165658,154318300,2,2,False,True,False
17165658,158256479,10,10,False,True,False
17165658,159109434,6,6,False,True,False
17165658,159568404,2,2,False,True,False
17165658,160999,3,3,False,True,True
17165658,164026325,2,2,False,True,False
17165658,164074287,1,1,False,True,False
17165658,16587283,1,1,False,True,False
17165658,166515022,3,3,False,True,True
17165658,17085874,1,1,False,True,False
17165658,17165658,13871,13871,True,True,True
17165658,17234665,1,1,False,True,False
17165658,17241201,1,1,False,True,False
17165658,173431969,6,6,False,True,False
17165658,173458129,5,5,False,True,False
17165658,175129788,2,2,False,True,False
17165658,175592968,5,5,False,True,False
17165658,1756350,2,2,False,True,False
17165658,177139928,9,9,False,True,False
17165658,177210627,4,4,False,True,False
17165658,178394770,1,1,False,True,False
17165658,181738376,3,3,False,True,False
17165658,18260583,2,2,False,True,False
17165658,182849188,5,5,False,True,True
17165658,184286875,3,3,False,True,False
17165658,1845223,6,6,False,True,False
17165658,1874483,8,8,False,True,False
17165658,187879115,1,1,False,True,False
17165658,19016985,1,1,False,True,False
17165658,190416463,3,3,False,True,False
17165658,192625525,3,3,False,True,False
17165658,192625955,2,2,False,True,False
17165658,195747855,2,2,False,True,False
17165658,196057608,1,1,False,True,False
17165658,19684359,17,17,False,True,False
17165658,19689699,1,1,False,True,False
17165658,197730309,1,1,False,True,False
17165658,20248082,2,2,False,True,False
17165658,20300177,12,12,False,True,False
17165658,203461509,5,5,False,True,False
17165658,203537234,5,5,False,True,False
17165658,2045207,24,24,False,True,False
17165658,20570214,1,1,False,True,False
17165658,20580498,2,2,False,True,False
17165658,20587599,2,2,False,True,True
17165658,206341,4,4,False,True,False
17165658,206371,3,3,False,True,False
17165658,206378,3,3,False,True,False
17165658,206396,4,4,False,True,False
17165658,206444,17,17,False,True,True
17165658,206459,3,3,False,True,False
17165658,206483,11,11,False,True,False
17165658,20675635,1,1,False,True,False
17165658,20675636,17,17,False,True,False
17165658,21099,8,8,False,True,False
17165658,212465715,31,31,False,True,False
17165658,21303988,2,2,False,True,False
17165658,214350064,6,6,False,True,False
17165658,21467907,2,2,False,True,False
17165658,21759652,2,2,False,True,False
17165658,217627454,1,1,False,True,False
17165658,2211243,1,1,False,True,False
17165658,228390865,1,1,False,True,False
17165658,22938893,4,4,False,True,False
17165658,23357588,34,34,False,True,False
17165658,23418517,17,17,False,True,False
17165658,235638810,1,1,False,True,False
17165658,235860204,1,1,False,True,False
17165658,237617513,3,3,False,True,False
17165658,23797421,1,1,False,True,False
17165658,240466,3,3,False,True,False
17165658,240912221,1,1,False,True,False
17165658,241092383,4,4,False,True,False
17165658,243452117,3,3,False,True,False
17165658,2575826,1,1,False,True,False
17165658,2580769,2,2,False,True,False
17165658,2604249,11,11,False,True,False
17165658,2615616,1,1,False,True,False
17165658,26426726,4,4,False,True,False
17165658,26562411,1,1,False,True,False
17165658,275650396,3,3,False,True,False
17165658,27729880,3,3,False,True,False
17165658,27729926,11,11,False,True,False
17165658,279553,16,16,False,True,False
17165658,27994296,15,15,False,True,False
17165658,28710753,2,2,False,True,False
17165658,28750927,1,1,False,True,False
17165658,287743349,1,1,False,True,False
17165658,288485773,1,1,False,True,False
17165658,288487894,1,1,False,True,False
17165658,2888818,55,55,False,True,False
17165658,28900400,32,32,False,True,False
17165658,29178282,5,5,False,True,False
17165658,292053394,3,3,False,True,False
17165658,295316675,1,1,False,True,False
17165658,29923817,1,1,False,True,False
17165658,3038937,14,14,False,True,False
17165658,30676648,3,3,False,True,False
17165658,307213173,1,1,False,True,False
17165658,310666411,1,1,False,True,False
17165658,31339163,38,38,False,True,False
17165658,31933589,23,23,False,True,False
17165658,324487461,2,2,False,True,False
17165658,325822007,5,5,False,True,False
17165658,33440467,2,2,False,True,False
17165658,335342,1,1,False,True,False
17165658,335786381,2,2,False,True,False
17165658,33745913,3,3,False,True,True
17165658,33753632,3,3,False,True,False
17165658,33880218,16,16,False,True,False
17165658,34087729,4,4,False,True,False
17165658,34416282,3,3,False,True,False
17165658,348845699,2,2,False,True,False
17165658,35144191,9,9,False,True,False
17165658,35697461,2,2,False,True,False
17165658,35700771,39,39,False,True,False
17165658,35900688,1,1,False,True,False
17165658,362404999,1,1,False,True,False
17165658,362712307,4,4,False,True,False
17165658,369588765,1,1,False,True,False
17165658,373800628,1,1,False,True,False
17165658,377881607,1,1,False,True,False
17165658,38279790,9,9,False,True,False
17165658,38829639,41,41,False,True,False
17165658,39144867,1,1,False,True,False
17165658,394523815,1,1,False,True,False
17165658,402021456,2,2,False,True,False
17165658,41420773,1,1,False,True,False
17165658,42300713,33,33,False,True,False
17165658,4253330,2,2,False,True,False
17165658,429687384,1,1,False,True,False
17165658,433198567,2,2,False,True,False
17165658,435375021,1,1,False,True,False
17165658,43648562,1,1,False,True,False
17165658,436912897,2,2,False,True,False
17165658,4433540,6,6,False,True,False
17165658,445423122,1,1,False,True,False
17165658,45423600,29,29,False,True,False
17165658,46425250,1,1,False,True,False
17165658,464980742,1,1,False,True,False
17165658,46900076,6,6,False,True,False
17165658,470195531,1,1,False,True,False
17165658,472961423,1,1,False,True,False
17165658,477925242,8,8,False,True,False
17165658,479752228,7,7,False,True,False
17165658,481429011,51,51,False,True,False
17165658,486365104,1,1,False,True,False
17165658,492184868,1,1,False,True,False
17165658,494471755,8,8,False,True,False
17165658,495464826,1,1,False,True,False
17165658,49609581,1,1,False,True,False
17165658,49691605,1,1,False,True,False
17165658,5003951,1,1,False,True,False
17165658,501687,15,15,False,True,False
17165658,502225300,4,4,False,True,False
17165658,503900825,2,2,False,True,False
17165658,504360264,1,1,False,True,False
17165658,507086219,2,2,False,True,False
17165658,50904245,1,1,False,True,False
17165658,509960044,1,1,False,True,False
17165658,51584791,55,55,False,True,False
17165658,516813356,4,4,False,True,False
17165658,5174103,1,1,False,True,False
17165658,51905353,32,32,False,True,False
17165658,51905729,14,14,False,True,False
17165658,521075255,1,1,False,True,False
17165658,521371906,4,4,False,True,False
17165658,523479704,3,3,False,True,False
17165658,525526295,1,1,False,True,False
17165658,526371668,1,1,False,True,False
17165658,52855516,2,2,False,True,False
17165658,537800,18,18,False,True,False
17165658,538626126,2,2,False,True,False
17165658,538656848,10,10,False,True,False
17165658,548730031,3,3,False,True,False
17165658,56128731,4,4,False,True,False
17165658,566275577,1,1,False,True,False
17165658,56894212,1,1,False,True,False
17165658,5695907,36,36,False,True,False
17165658,573114199,6,6,False,True,False
17165658,578819146,1,1,False,True,False
17165658,57912964,5,5,False,True,False
17165658,582275863,1,1,False,True,False
17165658,58255485,1,1,False,True,False
17165658,583148820,4,4,False,True,False
17165658,587976355,2,2,False,True,False
17165658,590063058,1,1,False,True,False
17165658,592933002,3,3,False,True,False
17165658,596492770,1,1,False,True,False
17165658,607735592,2,2,False,True,False
17165658,608298960,4,4,False,True,False
17165658,609058193,1,1,False,True,False
17165658,60977924,2,2,False,True,False
17165658,610834975,2,2,False,True,False
17165658,611161787,1,1,False,True,False
17165658,616558939,1,1,False,True,False
17165658,616780501,1,1,False,True,False
17165658,618375305,1,1,False,True,False
17165658,61945043,5,5,False,True,False
17165658,6207167,15,15,False,True,False
17165658,63044524,20,20,False,True,False
17165658,631023173,1,1,False,True,False
17165658,63421322,2,2,False,True,False
17165658,635119293,3,3,False,True,False
17165658,636466287,1,1,False,True,False
17165658,636611914,1,1,False,True,False
17165658,637483840,1,1,False,True,False
17165658,640972,1,1,False,True,False
17165658,642041202,1,1,False,True,False
17165658,647220570,2,2,False,True,False
17165658,647863473,3,3,False,True,False
17165658,648429440,1,1,False,True,False
17165658,652391977,2,2,False,True,False
17165658,65252,10,10,False,True,False
17165658,65600975,1,1,False,True,False
17165658,659205820,2,2,False,True,False
17165658,662230792,3,3,False,True,False
17165658,664363680,1,1,False,True,False
17165658,66823715,1,1,False,True,False
17165658,67264828,3,3,False,True,False
17165658,673408592,2,2,False,True,False
17165658,6742151,3,3,False,True,False
17165658,677479521,1,1,False,True,False
17165658,679249957,2,2,False,True,False
17165658,679807475,1,1,False,True,False
17165658,680083520,2,2,False,True,False
17165658,68077781,8,8,False,True,False
17165658,683126971,1,1,False,True,False
17165658,685139283,5,5,False,True,False
17165658,688675173,1,1,False,True,False
17165658,6934395,30,30,False,True,True
17165658,693950742,5,5,False,True,False
17165658,695990001,7,7,False,True,False
17165658,702868509,1,1,False,True,False
17165658,7035651,1,1,False,True,False
17165658,718404317,1,1,False,True,False
17165658,719532471,1,1,False,True,False
17165658,7276954,1,1,False,True,False
17165658,731515911,3,3,False,True,False
17165658,74175805,1,1,False,True,False
17165658,75173456,3,3,False,True,False
17165658,7613257,17,17,False,True,False
17165658,770901,4,4,False,True,False
17165658,81598961,2,2,False,True,False
17165658,82301030,23,23,False,True,False
17165658,82580,1,1,False,True,False
17165658,826897,1,1,False,True,False
17165658,832680,6,6,False,True,False
17165658,843222,3,3,False,True,False
17165658,858127,48,48,False,True,False
17165658,86644608,2,2,False,True,False
17165658,86870924,19,19,False,True,False
17165658,908607,7,7,False,True,False
17165658,9283927,6,6,False,True,False
17165658,93200555,1,1,False,True,False
17165658,93290292,15,15,False,True,False
17165658,943149,2,2,False,True,False
17165658,95047635,2,2,False,True,False
17165658,95775164,1,1,False,True,False
17224514,120938309,1,1,False,True,False
17224514,17224514,95,95,True,True,True
17224514,35228936,1,1,False,True,False
17224514,6083792,10,10,False,True,False
17224514,961036,1,1,False,True,False
176278485,1357796,6,6,False,True,False
176278485,176278485,1,1,True,True,True
176278485,501101518,1,1,False,True,False
176278485,560413356,1,1,False,True,False
176278485,584808163,2,2,False,True,False
182849188,158256479,3,3,False,True,False
182849188,165758293,1,1,False,True,False
182849188,166515022,3,3,False,True,True
182849188,17165658,81,81,False,True,True
182849188,182849188,1811,1811,True,True,True
182849188,197367072,1,1,False,True,False
182849188,204086862,1,1,False,True,False
182849188,20675636,7,7,False,True,False
182849188,219891102,18,18,False,True,False
182849188,233563057,1,1,False,True,False
182849188,258933250,5,5,False,True,False
182849188,264999390,3,3,False,True,False
182849188,2888818,10,10,False,True,False
182849188,31933589,1,1,False,True,False
182849188,336170831,1,1,False,True,False
182849188,34533675,1,1,False,True,True
182849188,356069432,3,3,False,True,False
182849188,391153869,2,2,False,True,False
182849188,405898839,1,1,False,True,False
182849188,414411552,19,19,False,True,False
182849188,448111235,1,1,False,True,False
182849188,49756018,1,1,False,True,False
182849188,501687,1,1,False,True,False
182849188,524240295,1,1,False,True,False
182849188,554376586,1,1,False,True,False
182849188,571017556,5,5,False,True,False
182849188,580135126,1,1,False,True,False
182849188,584668045,1,1,False,True,False
182849188,588622064,1,1,False,True,False
182849188,617891484,1,1,False,True,False
182849188,63421322,1,1,False,True,False
182849188,660782830,1,1,False,True,False
182849188,669267591,1,1,False,True,False
182849188,693201231,1,1,False,True,False
182849188,72685026,1,1,False,True,False
18351848,18260583,1,1,False,True,False
18351848,18351848,22,22,True,True,True
18351848,28951059,1,1,False,True,False
18351848,335991315,1,1,False,True,False
18351848,557785223,1,1,False,True,False
18351848,558728916,1,1,False,True,False
18351848,644001205,1,1,False,True,False
183929744,183929744,5,5,True,True,True
183929744,24130045,1,1,False,True,False
184227406,184227406,5,5,True,True,True
184227406,222887140,1,1,False,True,False
184981,16211818,1,1,False,True,False
184981,184981,79,79,True,True,True
184981,191988685,5,5,False,True,False
184981,19330466,1,1,False,True,False
184981,201118306,1,1,False,True,False
184981,232099133,1,1,False,True,False
184981,273601619,2,2,False,True,False
184981,29845767,1,1,False,True,False
184981,409388445,2,2,False,True,False
184981,458058,1,1,False,True,False
184981,529408708,2,2,False,True,False
184981,57182606,1,1,False,True,False
184981,619008516,1,1,False,True,False
184981,93205500,1,1,False,True,False
184981,970147,2,2,False,True,False
186332888,186332888,117,117,True,True,True
186332888,20904437,4,4,False,True,False
186332888,247590545,1,1,False,True,False
186332888,27522241,6,6,False,True,False
186332888,27522271,6,6,False,True,False
186332888,27522282,1,1,False,True,False
186332888,27522295,1,1,False,True,False
186332888,310611,3,3,False,True,False
186332888,7823926,4,4,False,True,False
18800032,18800032,33,33,True,True,True
1917262,1062572,2,2,False,True,False
1917262,108110,1,1,False,True,True
1917262,108187130,18,18,False,True,False
1917262,1357796,2,2,False,True,False
1917262,176278485,2,2,False,True,True
1917262,1917262,6582,6582,True,True,True
1917262,204593825,1,1,False,True,False
1917262,23088740,1,1,False,True,False
1917262,235075339,14,14,False,True,False
1917262,274753366,22,22,False,True,False
1917262,295774370,1,1,False,True,False
1917262,31792824,1,1,False,True,False
1917262,327705279,2,2,False,True,False
1917262,32786829,1,1,False,True,False
1917262,379969359,4,4,False,True,False
1917262,4044891,33,33,False,True,False
1917262,40667593,10,10,False,True,False
1917262,4084908,5,5,False,True,False
1917262,456938055,1,1,False,True,False
1917262,52670913,1,1,False,True,False
1917262,665040867,1,1,False,True,False
1917262,713582315,3,3,False,True,False
1917262,8485842,14,14,False,True,False
19257422,12682522,1,1,False,True,False
19257422,138754790,2,2,False,True,True
19257422,144025618,1,1,False,True,False
19257422,15111821,2,2,False,True,False
19257422,151233646,2,2,False,True,False
19257422,190416463,1,1,False,True,False
19257422,19257422,6078,6078,True,True,True
19257422,193215554,1,1,False,True,False
19257422,200663555,1,1,False,True,False
19257422,205417,1,1,False,True,False
19257422,230595891,2,2,False,True,False
19257422,273200471,5,5,False,True,False
19257422,277189053,2,2,False,True,False
19257422,286108332,1,1,False,True,False
19257422,315591279,1,1,False,True,False
19257422,33258973,4,4,False,True,False
19257422,381428400,1,1,False,True,False
19257422,424898549,3,3,False,True,False
19257422,429017214,1,1,False,True,False
19257422,431665427,1,1,False,True,False
19257422,450439333,26,26,False,True,False
19257422,458793640,7,7,False,True,False
19257422,46234189,2,2,False,True,False
19257422,465011315,3,3,False,True,False
19257422,498688005,1,1,False,True,False
19257422,503029222,1,1,False,True,False
19257422,512901698,1,1,False,True,False
19257422,513543581,1,1,False,True,False
19257422,52855516,7,7,False,True,False
19257422,557167289,1,1,False,True,False
19257422,594662410,1,1,False,True,False
19257422,60246359,1,1,False,True,True
19257422,629882508,2,2,False,True,False
19257422,640837371,1,1,False,True,False
19257422,68181694,1,1,False,True,False
19257422,685868053,1,1,False,True,False
19257422,688208,1,1,False,True,False
19257422,705749730,2,2,False,True,False
19257422,7170058,1,1,False,True,False
19257422,779570,1,1,False,True,False
19257422,927442,2,2,False,True,True
19271154,19271154,32,32,True,True,True
195619075,136494223,1,1,False,True,False
195619075,195619075,8037,8037,True,True,True
195619075,23254194,1,1,False,True,False
195619075,287336275,1,1,False,True,False
195619075,290090784,1,1,False,True,False
195619075,390240657,143,143,False,True,False
195619075,43723161,1,1,False,True,False
195619075,46234189,38,38,False,True,False
195619075,6731432,7,7,False,True,False
195619075,71133469,2297,2297,False,True,False
195619075,81227005,1,1,False,True,False
195619075,94593596,1,1,False,True,True
195895847,195895847,43,43,True,True,True
195895847,197584193,1,1,False,True,False
195895847,210583017,1,1,False,True,False
195895847,2365549,1,1,False,True,False
195895847,271409073,1,1,False,True,False
195895847,31792824,2,2,False,True,False
195895847,38617,2,2,False,True,False
195895847,50053618,1,1,False,True,False
195895847,524032322,1,1,False,True,False
195895847,535364066,3,3,False,True,False
196353673,1148753,17,17,False,True,False
196353673,13310527,3,3,False,True,False
196353673,137362393,1,1,False,True,False
196353673,196353673,24021,24021,True,True,True
196353673,197220033,1,1,False,True,False
196353673,20300177,3,3,False,True,False
196353673,230219297,1,1,False,True,False
196353673,2359378,1,1,False,True,False
196353673,415174355,3,3,False,True,False
196353673,429337233,1,1,False,True,False
196353673,485243264,2,2,False,True,False
196353673,491342043,1,1,False,True,False
196353673,522839183,2,2,False,True,False
196353673,522848088,1,1,False,True,False
196353673,541912656,1,1,False,True,False
196353673,544885367,3,3,False,True,False
196353673,554225576,1,1,False,True,False
196353673,610630837,1,1,False,True,False
196353673,619008516,1,1,False,True,False
196353673,630276874,1,1,False,True,False
196353673,87859908,1,1,False,True,False
197858776,193784341,1,1,False,True,False
197858776,197858776,2,2,True,True,True
197858776,7823926,1,1,False,True,False
19816070,11633363,2,2,False,True,False
19816070,116871310,2,2,False,True,False
19816070,19816070,4197,4197,True,True,True
19816070,22017842,1,1,False,True,False
19816070,23496893,1,1,False,True,False
19816070,2359378,8,8,False,True,False
19816070,23641816,1,1,False,True,False
19816070,24494032,4,4,False,True,True
19816070,2476162,1,1,False,True,False
19816070,25345759,4,4,False,True,False
19816070,26983101,8,8,False,True,False
19816070,281550668,1,1,False,True,False
19816070,30071587,13,13,False,True,False
19816070,30072532,1,1,False,True,False
19816070,311293512,1,1,False,True,False
19816070,374436184,1,1,False,True,False
19816070,39595126,1,1,False,True,False
19816070,415117331,1,1,False,True,False
19816070,436520237,6,6,False,True,False
19816070,4537118,1,1,False,True,False
19816070,46755224,1,1,False,True,False
19816070,498085095,1,1,False,True,False
19816070,503841361,1,1,False,True,False
19816070,570380914,1,1,False,True,False
19816070,59521862,1,1,False,True,False
19816070,645707313,1,1,False,True,False
19816070,6731432,2,2,False,True,False
19816070,7056202,1,1,False,True,False
19816070,75821432,2,2,False,True,False
19816070,88213008,5,5,False,True,False
198466472,109404010,3,3,False,True,False
198466472,18260583,5,5,False,True,False
198466472,198466472,1230,1230,True,True,True
198466472,204949228,1,1,False,True,False
198466472,228829544,1,1,False,True,False
198466472,23088740,4,4,False,True,False
198466472,295544240,1,1,False,True,False
198466472,320542358,2,2,False,True,False
198466472,38307428,7,7,False,True,False
198466472,400492523,1,1,False,True,False
198466472,4463453,23,23,False,True,False
198466472,511904347,2,2,False,True,False
198466472,517972406,4,4,False,True,False
198466472,534354967,2,2,False,True,False
198466472,588657173,1,1,False,True,False
198466472,595551370,4,4,False,True,False
198466472,660165769,2,2,False,True,False
198466472,67836789,19,19,False,True,False
198466472,679777282,5,5,False,True,False
198466472,69857712,5,5,False,True,False
198466472,700350060,1,1,False,True,False
198466472,725211825,2,2,False,True,False
198466472,84517704,10,10,False,True,False
198683574,102180889,1,1,False,True,False
198683574,111465030,1,1,False,True,False
198683574,127201711,1,1,False,True,False
198683574,146116598,2,2,False,True,False
198683574,1604991,1,1,False,True,False
198683574,16563587,2,2,False,True,True
198683574,183126028,1,1,False,True,False
198683574,193784341,125,125,False,True,False
198683574,193784379,17,17,False,True,False
198683574,19512853,1,1,False,True,False
198683574,197814629,1,1,False,True,False
198683574,198683574,3671,3671,True,True,True
198683574,230595891,1,1,False,True,False
198683574,23086893,1,1,False,True,False
198683574,23096959,1,1,False,True,False
198683574,261541008,1,1,False,True,False
198683574,2651432,2,2,False,True,False
198683574,2669041,1,1,False,True,False
198683574,27522241,13,13,False,True,False
198683574,27522251,14,14,False,True,False
198683574,27522271,19,19,False,True,False
198683574,27522295,13,13,False,True,False
198683574,27576132,31,31,False,True,False
198683574,27729907,15,15,False,True,False
198683574,28826653,1,1,False,True,False
198683574,326725339,7,7,False,True,False
198683574,32741886,1,1,False,True,False
198683574,331725162,1,1,False,True,False
198683574,345847364,1,1,False,True,False
198683574,360998824,1,1,False,True,False
198683574,36444640,1,1,False,True,False
198683574,375499480,1,1,False,True,False
198683574,41632796,2,2,False,True,False
198683574,445627498,1,1,False,True,False
198683574,46291330,1,1,False,True,False
198683574,467151498,1,1,False,True,False
198683574,482914040,1,1,False,True,False
198683574,489518412,1,1,False,True,False
198683574,516859981,3,3,False,True,False
198683574,52855516,1,1,False,True,False
198683574,5694513,8,8,False,True,False
198683574,585692546,2,2,False,True,False
198683574,594087,2,2,False,True,False
198683574,606035201,1,1,False,True,False
198683574,611491826,1,1,False,True,False
198683574,6148317,4,4,False,True,False
198683574,641411565,1,1,False,True,False
198683574,660413117,1,1,False,True,False
198683574,689017703,1,1,False,True,False
198683574,692008436,1,1,False,True,False
198683574,694838293,1,1,False,True,False
198683574,705910402,3,3,False,True,False
198683574,7083242,1,1,False,True,False
198683574,7363211,19,19,False,True,False
198683574,780266,5,5,False,True,False
198683574,8397993,1,1,False,True,False
19961085,10230369,1,1,False,True,False
19961085,10262364,2,2,False,True,False
19961085,10416648,3,3,False,True,False
19961085,10610797,1,1,False,True,False
19961085,1064563,4,4,False,True,False
19961085,10746583,3,3,False,True,False
19961085,113678112,1,1,False,True,False
19961085,11486644,3,3,False,True,False
19961085,121663790,3,3,False,True,False
19961085,12499251,1,1,False,True,False
19961085,1287669,1,1,False,True,False
19961085,13078968,1,1,False,True,False
19961085,13273703,1,1,False,True,False
19961085,14212940,1,1,False,True,False
19961085,1450115,2,2,False,True,False
19961085,147213800,1,1,False,True,False
19961085,1483979,2,2,False,True,False
19961085,148464499,1,1,False,True,False
19961085,149121954,1,1,False,True,False
19961085,15861701,7,7,False,True,False
19961085,1625986,2,2,False,True,False
19961085,166515022,3,3,False,True,True
19961085,1680733,2,2,False,True,False
19961085,17286587,1,1,False,True,False
19961085,1756350,1,1,False,True,False
19961085,17812502,2,2,False,True,False
19961085,18260583,1,1,False,True,False
19961085,185240903,4,4,False,True,False
19961085,188828946,1,1,False,True,False
19961085,196057608,1,1,False,True,False
19961085,19961085,5267,5267,True,True,True
19961085,200299178,1,1,False,True,False
19961085,20300177,4,4,False,True,False
19961085,20321688,6,6,False,True,False
19961085,203461790,1,1,False,True,False
19961085,2045207,2,2,False,True,False
19961085,2055965,1,1,False,True,False
19961085,206341,5,5,False,True,False
19961085,206371,19,19,False,True,False
19961085,206402,1,1,False,True,False
19961085,208728772,1,1,False,True,True
19961085,21193524,15,15,False,True,False
19961085,2211243,2,2,False,True,False
19961085,221862,1,1,False,True,False
19961085,22525984,1,1,False,True,False
19961085,230795797,1,1,False,True,False
19961085,23088740,1,1,False,True,False
19961085,23206290,3,3,False,True,False
19961085,23357588,7,7,False,True,False
19961085,250110282,15,15,False,True,False
19961085,25881432,1,1,False,True,False
19961085,263991304,1,1,False,True,False
19961085,26658897,4,4,False,True,False
19961085,27729926,8,8,False,True,False
19961085,27954927,1,1,False,True,False
19961085,283187,1,1,False,True,False
19961085,2888818,2,2,False,True,False
19961085,28992330,1,1,False,True,False
19961085,2928948,6,6,False,True,False
19961085,309512982,1,1,False,True,False
19961085,310611,1,1,False,True,False
19961085,31339163,4,4,False,True,False
19961085,32538871,2,2,False,True,False
19961085,33745913,2,2,False,True,True
19961085,341429644,1,1,False,True,False
19961085,341631350,3,3,False,True,True
19961085,34685800,4,4,False,True,False
19961085,349172057,2,2,False,True,False
19961085,35697158,1,1,False,True,False
19961085,35697550,1,1,False,True,False
19961085,35698342,1,1,False,True,False
19961085,35699831,1,1,False,True,False
19961085,35700771,1,1,False,True,False
19961085,35718616,1,1,False,True,False
19961085,363150,23,23,False,True,False
19961085,365367675,1,1,False,True,False
19961085,3954884,1,1,False,True,False
19961085,426758144,1,1,False,True,False
19961085,429258530,1,1,False,True,False
19961085,433773425,2,2,False,True,False
19961085,436088903,1,1,False,True,False
19961085,440310078,1,1,False,True,False
19961085,444308997,1,1,False,True,False
19961085,4463453,5,5,False,True,False
19961085,446812177,1,1,False,True,False
19961085,452337765,1,1,False,True,False
19961085,468576060,1,1,False,True,False
19961085,476381845,1,1,False,True,False
19961085,476902780,3,3,False,True,False
19961085,490601958,4,4,False,True,False
19961085,4950187,1,1,False,True,False
19961085,500595426,2,2,False,True,False
19961085,507775,1,1,False,True,True
19961085,50904245,1,1,False,True,False
19961085,5174103,1,1,False,True,False
19961085,518164214,1,1,False,True,False
19961085,52855516,1,1,False,True,False
19961085,560704231,1,1,False,True,False
19961085,56729247,1,1,False,True,False
19961085,5695907,1,1,False,True,False
19961085,570527111,1,1,False,True,False
19961085,574877,1,1,False,True,False
19961085,5757735,1,1,False,True,False
19961085,5839692,1,1,False,True,False
19961085,593583946,1,1,False,True,False
19961085,60977924,3,3,False,True,False
19961085,614702469,1,1,False,True,False
19961085,6207167,1,1,False,True,False
19961085,623209546,2,2,False,True,False
19961085,6358188,2,2,False,True,True
19961085,63746988,1,1,False,True,False
19961085,642112325,1,1,False,True,False
19961085,652677937,1,1,False,True,False
19961085,667297483,1,1,False,True,False
19961085,68009783,2,2,False,True,False
19961085,685913172,9,9,False,True,False
19961085,6934395,1,1,False,True,True
19961085,69940348,1,1,False,True,False
19961085,745749,2,2,False,True,False
19961085,779570,1,1,False,True,False
19961085,782679,1,1,False,True,False
19961085,81227005,1,1,False,True,False
19961085,8427964,5,5,False,True,False
19961085,8844630,1,1,False,True,False
19961085,95247959,3,3,False,True,False
19961085,97753277,2,2,False,True,False
20089857,1064563,2,2,False,True,False
20089857,1126087,129,129,False,True,False
20089857,11403699,16,16,False,True,False
20089857,11939484,36,36,False,True,False
20089857,1362490,21,21,False,True,False
20089857,168370,2,2,False,True,False
20089857,190198180,1,1,False,True,False
20089857,20089857,12443,12443,True,True,True
20089857,2045207,2,2,False,True,False
20089857,226167176,1,1,False,True,False
20089857,23418517,3,3,False,True,False
20089857,2410676,5,5,False,True,False
20089857,29759715,1,1,False,True,False
20089857,3060959,5,5,False,True,False
20089857,33880730,16,16,False,True,False
20089857,361877033,2,2,False,True,False
20089857,363191223,1,1,False,True,False
20089857,379174547,1,1,False,True,False
20089857,389745284,1,1,False,True,False
20089857,5695907,20,20,False,True,False
20089857,93290292,3,3,False,True,False
20089857,94973335,1,1,False,True,False
201403923,178626720,1,1,False,True,False
201403923,201403923,3092,3092,True,True,True
201403923,290227969,4,4,False,True,False
201403923,409370186,1,1,False,True,False
201403923,415573763,1,1,False,True,False
201403923,552661142,1,1,False,True,False
20473418,12499251,4,4,False,True,False
20473418,20089857,3,3,False,True,True
20473418,2045207,2,2,False,True,False
20473418,20473418,295,295,True,True,True
20473418,47848761,3,3,False,True,False
20473418,56214716,1,1,False,True,False
20473418,664452562,2,2,False,True,False
20473418,674773779,1,1,False,True,False
20537104,20537104,8,8,True,True,True
20537104,512918917,1,1,False,True,False
20537104,634120219,2,2,False,True,False
20537104,664452562,1,1,False,True,False
20587599,102765966,1,1,False,True,False
20587599,1064563,3,3,False,True,False
20587599,11233996,1,1,False,True,False
20587599,12499251,1,1,False,True,False
20587599,130386123,1,1,False,True,False
20587599,13191344,1,1,False,True,False
20587599,13793886,1,1,False,True,False
20587599,147566119,1,1,False,True,False
20587599,156599958,1,1,False,True,False
20587599,161525880,2,2,False,True,False
20587599,166515022,2,2,False,True,True
20587599,17002442,7,7,False,True,False
20587599,17165658,8,8,False,True,True
20587599,17359057,1,1,False,True,False
20587599,17812502,2,2,False,True,False
20587599,18260583,1,1,False,True,False
20587599,196555066,3,3,False,True,False
20587599,19684359,4,4,False,True,False
20587599,20089857,2,2,False,True,True
20587599,20300177,6,6,False,True,False
20587599,20587599,4840,4840,True,True,True
20587599,206228780,2,2,False,True,False
20587599,206444,7,7,False,True,True
20587599,20647396,1,1,False,True,False
20587599,21193524,27,27,False,True,False
20587599,23418517,3,3,False,True,False
20587599,241853427,1,1,False,True,False
20587599,24560307,1,1,False,True,False
20587599,246338488,1,1,False,True,False
20587599,2544305,1,1,False,True,False
20587599,257240218,2,2,False,True,False
20587599,257240581,11,11,False,True,False
20587599,2604249,1,1,False,True,False
20587599,270591305,1,1,False,True,False
20587599,27549019,1,1,False,True,False
20587599,2804438,4,4,False,True,False
20587599,282994686,1,1,False,True,False
20587599,283817011,4,4,False,True,False
20587599,2888818,1,1,False,True,False
20587599,29102367,4,4,False,True,False
20587599,3037907,1,1,False,True,False
20587599,3038937,1,1,False,True,False
20587599,3320710,4,4,False,True,False
20587599,33880218,1,1,False,True,False
20587599,344411200,2,2,False,True,False
20587599,35144191,3,3,False,True,False
20587599,362068489,1,1,False,True,False
20587599,375962860,2,2,False,True,False
20587599,38829639,1,1,False,True,False
20587599,406681532,1,1,False,True,False
20587599,431078731,1,1,False,True,False
20587599,4463453,8,8,False,True,False
20587599,447060287,1,1,False,True,False
20587599,486605815,2,2,False,True,False
20587599,491623541,4,4,False,True,False
20587599,49662222,1,1,False,True,False
20587599,501776658,1,1,False,True,False
20587599,518501680,3,3,False,True,False
20587599,530236271,3,3,False,True,False
20587599,5349565,1,1,False,True,True
20587599,548871033,1,1,False,True,False
20587599,554750433,2,2,False,True,False
20587599,557980,11,11,False,True,False
20587599,559857046,5,5,False,True,False
20587599,56353740,1,1,False,True,False
20587599,564263024,2,2,False,True,False
20587599,567620849,2,2,False,True,False
20587599,569293325,49,49,False,True,False
20587599,569311990,2,2,False,True,False
20587599,569763856,8,8,False,True,False
20587599,569774736,4,4,False,True,False
20587599,569901162,7,7,False,True,False
20587599,569901336,1,1,False,True,False
20587599,60075331,3,3,False,True,False
20587599,60977924,1,1,False,True,False
20587599,6235080,1,1,False,True,False
20587599,643477279,4,4,False,True,False
20587599,645176440,1,1,False,True,False
20587599,664452562,1,1,False,True,False
20587599,686974403,8,8,False,True,False
20587599,68967191,1,1,False,True,False
20587599,6934395,5,5,False,True,True
20587599,7035651,2,2,False,True,False
20587599,87735873,6,6,False,True,False
20587599,8804093,3,3,False,True,False
20587599,88962042,1,1,False,True,False
20587599,95084858,1,1,False,True,False
206403,165954705,2,2,False,True,False
206403,20300177,1,1,False,True,False
206403,2045207,2,2,False,True,False
206403,206403,12,12,True,True,True
206403,283325,2,2,False,True,False
206403,33745913,1,1,False,True,True
206417,10176240,1,1,False,True,False
206417,102025276,1,1,False,True,False
206417,108764455,1,1,False,True,False
206417,119818775,1,1,False,True,False
206417,12080551,1,1,False,True,False
206417,1362490,15,15,False,True,False
206417,144073539,1,1,False,True,False
206417,15993599,3,3,False,True,False
206417,15993609,1,1,False,True,False
206417,15993612,6,6,False,True,False
206417,15993613,1,1,False,True,False
206417,15993616,1,1,False,True,False
206417,15993618,1,1,False,True,False
206417,1670832,1,1,False,True,False
206417,16795933,3,3,False,True,False
206417,192958794,1,1,False,True,False
206417,206417,1211,1211,True,True,True
206417,209881172,1,1,False,True,False
206417,214996328,1,1,False,True,False
206417,231268,3,3,False,True,False
206417,237547093,3,3,False,True,False
206417,28233924,9,9,False,True,False
206417,285669400,1,1,False,True,False
206417,329451761,1,1,False,True,False
206417,335831903,1,1,False,True,False
206417,337986406,11,11,False,True,False
206417,370488914,2,2,False,True,False
206417,374927,14,14,False,True,False
206417,380305028,7,7,False,True,False
206417,38525117,7,7,False,True,False
206417,388225543,1,1,False,True,False
206417,39759972,2,2,False,True,False
206417,39842065,4,4,False,True,False
206417,42244830,1,1,False,True,False
206417,440884432,2,2,False,True,False
206417,50140860,5,5,False,True,False
206417,5317395,8,8,False,True,False
206417,606787132,1,1,False,True,False
206417,623536067,1,1,False,True,False
206417,6393199,1,1,False,True,False
206417,645077934,4,4,False,True,False
206417,657892633,1,1,False,True,False
206417,680799,12,12,False,True,False
206417,724712326,7,7,False,True,False
206417,729425251,1,1,False,True,False
206417,8226650,1,1,False,True,False
206417,87245701,11,11,False,True,False
206424,11262602,4,4,False,True,False
206424,12079212,1,1,False,True,False
206424,12499251,1,1,False,True,False
206424,135356868,1,1,False,True,False
206424,1425437,1,1,False,True,False
206424,178964735,2,2,False,True,False
206424,179258435,1,1,False,True,False
206424,1993762,1,1,False,True,False
206424,20300177,1,1,False,True,False
206424,206424,455,455,True,True,True
206424,209217594,4,4,False,True,False
206424,212459447,1,1,False,True,False
206424,218559411,3,3,False,True,False
206424,22959046,1,1,False,True,False
206424,23356570,2,2,False,True,False
206424,24693026,1,1,False,True,False
206424,247111689,1,1,False,True,False
206424,255546948,3,3,False,True,False
206424,26126838,1,1,False,True,False
206424,31261793,2,2,False,True,False
206424,3232106,2,2,False,True,False
206424,3407114,1,1,False,True,False
206424,418276612,1,1,False,True,False
206424,444784633,1,1,False,True,False
206424,45832751,1,1,False,True,False
206424,509766182,2,2,False,True,False
206424,556675372,1,1,False,True,False
206424,6765281,2,2,False,True,False
206424,69614928,1,1,False,True,False
206424,8036854,1,1,False,True,False
206424,85817267,13,13,False,True,False
206424,95281387,1,1,False,True,False
206444,11247824,1,1,False,True,False
206444,114312965,2,2,False,True,False
206444,1204125,1,1,False,True,False
206444,13404515,1,1,False,True,False
206444,14135470,1,1,False,True,False
206444,14173176,1,1,False,True,False
206444,149121954,1,1,False,True,False
206444,158256479,24,24,False,True,False
206444,165758293,1,1,False,True,False
206444,166515022,2,2,False,True,True
206444,17165658,2,2,False,True,True
206444,17310686,2,2,False,True,False
206444,192345200,3,3,False,True,False
206444,199997323,1,1,False,True,False
206444,20089857,3,3,False,True,True
206444,2045207,12,12,False,True,False
206444,20473418,1,1,False,True,True
206444,206444,1365,1365,True,True,True
206444,21193524,1,1,False,True,False
206444,212382406,1,1,False,True,False
206444,212786426,1,1,False,True,False
206444,212984760,1,1,False,True,False
206444,2211243,1,1,False,True,False
206444,23418517,6,6,False,True,False
206444,2383782,1,1,False,True,False
206444,240846407,18,18,False,True,False
206444,242094505,1,1,False,True,False
206444,2544305,1,1,False,True,False
206444,258297672,2,2,False,True,False
206444,2604249,2,2,False,True,False
206444,279115112,1,1,False,True,False
206444,291153670,2,2,False,True,False
206444,298328,1,1,False,True,False
206444,308653481,3,3,False,True,False
206444,30945132,2,2,False,True,False
206444,310611,1,1,False,True,False
206444,33880730,1,1,False,True,False
206444,35144191,1,1,False,True,False
206444,353886007,2,2,False,True,False
206444,450602159,4,4,False,True,False
206444,468964083,1,1,False,True,False
206444,53548867,1,1,False,True,False
206444,548730031,1,1,False,True,False
206444,56729247,3,3,False,True,False
206444,5695907,1,1,False,True,False
206444,598141720,2,2,False,True,False
206444,636360007,1,1,False,True,False
206444,683089774,6,6,False,True,False
206444,8804093,2,2,False,True,False
206444,9290699,4,4,False,True,False
206444,93290292,1,1,False,True,False
206686299,113678133,15,15,False,True,False
206686299,113678275,5,5,False,True,False
206686299,113678408,15,15,False,True,False
206686299,113678857,6,6,False,True,False
206686299,113678874,5,5,False,True,False
206686299,157827731,20,20,False,True,False
206686299,20300177,15,15,False,True,False
206686299,2045207,4,4,False,True,False
206686299,206339,8,8,False,True,False
206686299,206341,17,17,False,True,False
206686299,206686299,119,119,True,True,True
206686299,21193524,12,12,False,True,False
206686299,283187,6,6,False,True,False
206686299,2888818,12,12,False,True,False
206686299,35699223,14,14,False,True,False
206686299,39062978,2,2,False,True,False
206686299,6207167,48,48,False,True,False
206686299,85795396,12,12,False,True,False
207663235,138754790,1,1,False,True,True
207663235,173228436,1,1,False,True,False
207663235,207663235,263,263,True,True,True
207663235,4164482,1,1,False,True,False
207663235,707795660,1,1,False,True,False
207663235,81598961,2,2,False,True,False
208728772,110613089,1,1,False,True,False
208728772,11225014,8,8,False,True,True
208728772,115758461,1,1,False,True,False
208728772,123068215,5,5,False,True,False
208728772,123649788,1,1,False,True,False
208728772,126412363,2,2,False,True,False
208728772,130865762,1,1,False,True,False
208728772,13310527,1,1,False,True,False
208728772,134018330,1,1,False,True,False
208728772,1362490,3,3,False,True,False
208728772,138596205,1,1,False,True,False
208728772,141339868,3,3,False,True,False
208728772,1460385,1,1,False,True,False
208728772,15045751,1,1,False,True,False
208728772,150468186,1,1,False,True,False
208728772,151619717,1,1,False,True,False
208728772,156108485,1,1,False,True,False
208728772,16563587,1,1,False,True,True
208728772,171396748,1,1,False,True,False
208728772,1731413,8,8,False,True,False
208728772,17372733,1,1,False,True,False
208728772,1780633,4,4,False,True,False
208728772,181782286,1,1,False,True,False
208728772,182926332,1,1,False,True,False
208728772,185278617,2,2,False,True,False
208728772,191751505,56,56,False,True,False
208728772,201441751,2,2,False,True,False
208728772,204671232,2,2,False,True,False
208728772,208698479,2,2,False,True,False
208728772,208728772,28485,28485,True,True,True
208728772,20904437,14,14,False,True,False
208728772,213633271,10,10,False,True,False
208728772,215570371,6,6,False,True,False
208728772,230075785,5,5,False,True,False
208728772,23096959,3,3,False,True,False
208728772,232539879,1,1,False,True,False
208728772,23357588,2,2,False,True,False
208728772,2410676,5,5,False,True,False
208728772,242202166,9,9,False,True,False
208728772,250213286,1,1,False,True,False
208728772,258713958,1,1,False,True,False
208728772,267273319,2,2,False,True,False
208728772,27483832,1,1,False,True,False
208728772,27522241,2,2,False,True,False
208728772,27522271,19,19,False,True,False
208728772,27729880,3,3,False,True,False
208728772,27729907,3,3,False,True,False
208728772,27729926,2,2,False,True,False
208728772,279745783,1,1,False,True,False
208728772,29261473,1,1,False,True,False
208728772,30193977,1,1,False,True,False
208728772,31432573,1,1,False,True,False
208728772,336150764,1,1,False,True,False
208728772,35440404,6,6,False,True,False
208728772,359952601,1,1,False,True,False
208728772,360436551,2,2,False,True,False
208728772,36439741,1,1,False,True,False
208728772,36817457,1,1,False,True,False
208728772,392292114,8,8,False,True,False
208728772,39840932,5,5,False,True,False
208728772,39907649,1,1,False,True,False
208728772,411527414,2,2,False,True,False
208728772,436551874,7,7,False,True,False
208728772,439232298,1,1,False,True,False
208728772,442441672,28,28,False,True,False
208728772,4524181,2,2,False,True,False
208728772,459025965,4,4,False,True,False
208728772,462611119,5,5,False,True,False
208728772,470405503,4,4,False,True,False
208728772,471459709,1,1,False,True,False
208728772,47190624,1,1,False,True,False
208728772,474982484,1,1,False,True,False
208728772,480318757,4,4,False,True,False
208728772,48833910,1,1,False,True,True
208728772,495770186,1,1,False,True,False
208728772,501687,1,1,False,True,False
208728772,510182286,24,24,False,True,False
208728772,513208282,3,3,False,True,False
208728772,515881221,2,2,False,True,False
208728772,518393338,13,13,False,True,False
208728772,51905353,17,17,False,True,False
208728772,52300938,1,1,False,True,False
208728772,543207884,1,1,False,True,False
208728772,552661142,1,1,False,True,False
208728772,559815862,1,1,False,True,False
208728772,571547749,1,1,False,True,False
208728772,57160728,1,1,False,True,False
208728772,5870069,2,2,False,True,False
208728772,601002785,2,2,False,True,False
208728772,613848580,1,1,False,True,False
208728772,614771793,1,1,False,True,False
208728772,62117812,1,1,False,True,False
208728772,625808524,4,4,False,True,False
208728772,6331631,1,1,False,True,False
208728772,637002627,1,1,False,True,False
208728772,637349901,2,2,False,True,False
208728772,638739649,3,3,False,True,False
208728772,643909209,1,1,False,True,False
208728772,6443435,2,2,False,True,False
208728772,660517465,5,5,False,True,False
208728772,662029190,5,5,False,True,False
208728772,668609448,1,1,False,True,False
208728772,671838558,3,3,False,True,False
208728772,675602052,8,8,False,True,False
208728772,675915182,3,3,False,True,False
208728772,676419965,13,13,False,True,False
208728772,688568610,1,1,False,True,False
208728772,7056202,1,1,False,True,False
208728772,70637366,2,2,False,True,False
208728772,71823870,4,4,False,True,False
208728772,75164823,1,1,False,True,False
208728772,81145663,1,1,False,True,False
208728772,81227005,1,1,False,True,False
208728772,85005111,1,1,False,True,False
208728772,86367123,1,1,False,True,False
208728772,924551,1,1,False,True,False
210997817,155609504,2,2,False,True,False
210997817,210997817,16,16,True,True,True
210997817,27522241,1,1,False,True,False
210997817,27522271,2,2,False,True,False
210997817,27522282,2,2,False,True,False
210997817,27522295,2,2,False,True,False
210997817,4463453,5,5,False,True,False
210997817,549230701,1,1,False,True,False
210997817,66509131,2,2,False,True,False
210997817,7823926,2,2,False,True,False
21985130,15450627,1,1,False,True,False
21985130,21985130,97,97,True,True,True
21985130,31261671,8,8,False,True,False
21985130,31261793,2,2,False,True,False
21985130,35700771,22,22,False,True,False
21985130,401621478,1,1,False,True,False
220186120,100285497,1,1,False,True,False
220186120,10320116,3,3,False,True,False
220186120,12574344,9,9,False,True,False
220186120,126238614,10,10,False,True,False
220186120,15045751,1,1,False,True,False
220186120,150988662,30,30,False,True,False
220186120,160253491,1,1,False,True,False
220186120,16514887,1,1,False,True,False
220186120,16907502,1,1,False,True,False
220186120,173009358,3,3,False,True,False
220186120,177727591,1,1,False,True,False
220186120,178956163,14,14,False,True,False
220186120,18369373,22,22,False,True,False
220186120,192624594,4,4,False,True,False
220186120,192625955,3,3,False,True,False
220186120,192626254,3,3,False,True,False
220186120,197814629,1,1,False,True,False
220186120,220186120,211,211,True,True,True
220186120,220391287,10,10,False,True,False
220186120,23096959,1,1,False,True,False
220186120,23357588,1,1,False,True,False
220186120,2410676,2,2,False,True,False
220186120,27051771,8,8,False,True,False
220186120,27522241,93,93,False,True,False
220186120,27522271,79,79,False,True,False
220186120,27522282,25,25,False,True,False
220186120,27522295,7,7,False,True,False
220186120,27729907,59,59,False,True,False
220186120,28352089,7,7,False,True,False
220186120,288487894,1,1,False,True,False
220186120,3060959,1,1,False,True,False
220186120,33352201,19,19,False,True,False
220186120,3698588,14,14,False,True,False
220186120,37326770,4,4,False,True,False
220186120,45938451,13,13,False,True,False
220186120,508200407,1,1,False,True,False
220186120,51620247,20,20,False,True,False
220186120,5428536,1,1,False,True,False
220186120,58821882,1,1,False,True,False
220186120,6247705,8,8,False,True,False
220186120,63625434,21,21,False,True,False
220186120,664452562,1,1,False,True,False
220186120,7823926,32,32,False,True,False
220186120,9120526,1,1,False,True,False
220186120,9495505,3,3,False,True,False
223462217,154743215,1,1,False,True,False
223462217,223462217,208,208,True,True,True
223462217,541321643,1,1,False,True,False
223462217,702247957,1,1,False,True,False
22475123,1303538,1,1,False,True,False
22475123,22475123,38,38,True,True,True
22475123,240971435,1,1,False,True,False
22475123,2744972,1,1,False,True,False
22475123,30712202,1,1,False,True,False
22475123,507089401,1,1,False,True,False
22475123,614765452,1,1,False,True,False
22475123,674520507,1,1,False,True,False
22475123,734006403,1,1,False,True,False
23013460,23013460,35,35,True,True,True
23013460,41058054,1,1,False,True,False
23247808,127425805,1,1,False,True,False
23247808,14125254,1,1,False,True,False
23247808,14128006,5,5,False,True,False
23247808,156066420,1,1,False,True,False
23247808,177727591,1,1,False,True,False
23247808,23096959,2,2,False,True,False
23247808,23247808,554,554,True,True,True
23247808,242856167,1,1,False,True,False
23247808,26371893,1,1,False,True,False
23247808,27522241,3,3,False,True,False
23247808,27522271,7,7,False,True,False
23247808,2755696,4,4,False,True,False
23247808,286108332,1,1,False,True,False
23247808,289034413,1,1,False,True,False
23247808,295807341,3,3,False,True,False
23247808,339098424,1,1,False,True,False
23247808,393499763,1,1,False,True,False
23247808,403331298,1,1,False,True,False
23247808,447225444,2,2,False,True,False
23247808,505828636,1,1,False,True,False
23247808,52618352,1,1,False,True,False
23247808,558921832,6,6,False,True,False
23247808,579730545,7,7,False,True,False
23247808,586468701,2,2,False,True,False
23247808,608460831,2,2,False,True,False
23247808,67793333,1,1,False,True,False
23247808,70107786,1,1,False,True,False
23247808,733067491,2,2,False,True,False
23247808,89197041,4,4,False,True,False
23247808,91287861,1,1,False,True,False
23247808,94593596,1,1,False,True,True
23315232,1666245,1,1,False,True,False
23315232,194617274,1,1,False,True,False
23315232,210716005,1,1,False,True,False
23315232,23315232,100,100,True,True,True
23315232,25026453,1,1,False,True,False
23315232,460076120,4,4,False,True,False
23315232,532163204,1,1,False,True,False
23315232,592759713,1,1,False,True,False
23315232,607289185,1,1,False,True,False
23315232,608177765,2,2,False,True,False
23315232,623220487,1,1,False,True,False
23315232,650524865,1,1,False,True,False
23315232,675269342,2,2,False,True,False
23315232,699689,1,1,False,True,False
23315232,81770291,1,1,False,True,False
23405758,105066063,1,1,False,True,False
23405758,2134191,1,1,False,True,False
23405758,23405758,29,29,True,True,True
23405758,313068453,1,1,False,True,False
23405758,31792824,2,2,False,True,False
23405758,461140045,1,1,False,True,False
23405758,6934395,1,1,False,True,True
23405758,80814363,1,1,False,True,False
24494032,1362490,3,3,False,True,False
24494032,17391973,1,1,False,True,False
24494032,24494032,106,106,True,True,True
24494032,301742,1,1,False,True,False
24494032,596892,1,1,False,True,False
24494032,598777111,2,2,False,True,False
24494032,60246359,1,1,False,True,True
24494032,731399117,2,2,False,True,False
24494032,7634677,1,1,False,True,False
24494032,997338,1,1,False,True,False
2524488,10637896,1,1,False,True,False
2524488,10805187,1,1,False,True,False
2524488,11384368,1,1,False,True,False
2524488,123020983,4,4,False,True,False
2524488,1295612,1,1,False,True,False
2524488,149121954,2,2,False,True,False
2524488,160999,2,2,False,True,True
2524488,166515022,1,1,False,True,True
2524488,20300177,7,7,False,True,False
2524488,20580498,1,1,False,True,False
2524488,23418517,2,2,False,True,False
2524488,24167016,2,2,False,True,False
2524488,2524488,3859,3859,True,True,True
2524488,276136616,4,4,False,True,False
2524488,27954927,8,8,False,True,False
2524488,28156794,1,1,False,True,False
2524488,286732086,22,22,False,True,False
2524488,297975339,7,7,False,True,False
2524488,298223552,1,1,False,True,False
2524488,310611,16,16,False,True,False
2524488,313347776,2,2,False,True,False
2524488,32538871,1,1,False,True,False
2524488,326744856,1,1,False,True,False
2524488,35958325,1,1,False,True,False
2524488,4228808,14,14,False,True,False
2524488,4354801,1,1,False,True,False
2524488,509836733,29,29,False,True,False
2524488,528989181,1,1,False,True,False
2524488,5695907,16,16,False,True,False
2524488,575974366,2,2,False,True,False
2524488,60111626,8,8,False,True,False
2524488,654167374,7,7,False,True,False
2524488,688567865,2,2,False,True,False
2524488,72889410,3,3,False,True,False
2524488,74950504,7,7,False,True,False
2524488,76711509,1,1,False,True,False
2524488,87859908,1,1,False,True,False
2524488,96034473,7,7,False,True,False
2524488,9703694,1,1,False,True,False
25780780,102216161,1,1,False,True,False
25780780,11061773,6,6,False,True,False
25780780,119439276,1,1,False,True,False
25780780,1357199,1,1,False,True,False
25780780,14210523,98,98,False,True,False
25780780,1451352,6,6,False,True,False
25780780,16523712,2,2,False,True,False
25780780,18469325,6,6,False,True,False
25780780,192625955,5,5,False,True,False
25780780,197814629,6,6,False,True,False
25780780,21125024,17,17,False,True,False
25780780,25780780,466,466,True,True,True
25780780,29094022,1,1,False,True,False
25780780,29849956,52,52,False,True,False
25780780,302670797,1,1,False,True,False
25780780,32238354,2,2,False,True,False
25780780,39720886,2,2,False,True,False
25780780,40781628,3,3,False,True,False
25780780,421101922,11,11,False,True,False
25780780,439140560,2,2,False,True,False
25780780,5569059,6,6,False,True,False
25780780,578185635,2,2,False,True,False
25780780,593650681,1,1,False,True,False
25780780,60075331,1,1,False,True,False
25780780,680823106,1,1,False,True,False
25780780,6988020,4,4,False,True,False
25780780,93131028,1,1,False,True,False
25780780,93163868,1,1,False,True,False
259542436,17391973,34,34,False,True,False
259542436,24747723,38,38,False,True,False
259542436,259542436,178,178,True,True,True
259542436,26038648,61,61,False,True,False
259542436,26255337,16,16,False,True,False
259542436,39840932,65,65,False,True,False
259542436,4879511,31,31,False,True,False
2649214,1028340,1,1,False,True,False
2649214,104231541,4,4,False,True,False
2649214,120325908,9,9,False,True,False
2649214,133491254,1,1,False,True,False
2649214,142017296,18,18,False,True,False
2649214,178199416,13,13,False,True,False
2649214,19975250,1,1,False,True,False
2649214,23088740,51,51,False,True,False
2649214,23277480,1,1,False,True,False
2649214,234270760,1,1,False,True,False
2649214,24349832,1,1,False,True,False
2649214,244979294,4,4,False,True,False
2649214,24806180,1,1,False,True,False
2649214,2649214,28065,28065,True,True,True
2649214,28233924,2,2,False,True,False
2649214,30618733,2,2,False,True,False
2649214,3199002,1,1,False,True,False
2649214,39283837,26,26,False,True,False
2649214,40200644,1,1,False,True,False
2649214,42494717,1,1,False,True,False
2649214,44518776,3,3,False,True,False
2649214,4524181,1,1,False,True,False
2649214,45305126,2,2,False,True,False
2649214,46291330,1,1,False,True,False
2649214,50204988,3,3,False,True,False
2649214,51954402,1,1,False,True,False
2649214,52855516,1,1,False,True,False
2649214,54994103,1,1,False,True,False
2649214,5830987,3,3,False,True,False
2649214,598055547,2,2,False,True,False
2649214,611788188,1,1,False,True,False
2649214,619008516,1,1,False,True,False
2649214,621809766,2,2,False,True,False
2649214,64927657,1,1,False,True,False
2649214,65983699,1,1,False,True,False
2649214,6934395,3,3,False,True,True
2649214,71565220,5,5,False,True,False
2649214,74046615,2,2,False,True,False
2649214,75821432,1,1,False,True,False
2649214,78870047,1,1,False,True,False
2649214,81209935,2,2,False,True,False
2649214,86497800,1,1,False,True,False
2649214,931135,1,1,False,True,False
2649214,94367677,1,1,False,True,False
2662146,2662146,4,4,True,True,True
266444815,10985948,1,1,False,True,False
266444815,133442384,2,2,False,True,False
266444815,188811692,1,1,False,True,False
266444815,266444815,30,30,True,True,True
266444815,427714336,1,1,False,True,False
266444815,567328069,2,2,False,True,False
266444815,568830741,1,1,False,True,False
266444815,587362299,1,1,False,True,False
266444815,627404297,2,2,False,True,False
266515876,266515876,59,59,True,True,True
266515876,279083788,2,2,False,True,False
266515876,619008516,1,1,False,True,False
266515876,696459586,1,1,False,True,False
266515876,7408108,1,1,False,True,False
26774602,26774602,36,36,True,True,True
268163609,100758341,2,2,False,True,False
268163609,105379569,60,60,False,True,False
268163609,109145553,1,1,False,True,False
268163609,113106184,1,1,False,True,False
268163609,114705574,29,29,False,True,False
268163609,114705611,26,26,False,True,False
268163609,114735865,11,11,False,True,False
268163609,11726616,1,1,False,True,False
268163609,123986201,1,1,False,True,False
268163609,124802455,35,35,False,True,False
268163609,127420809,9,9,False,True,False
268163609,130688011,1,1,False,True,True
268163609,135060366,5,5,False,True,False
268163609,1362490,18,18,False,True,False
268163609,138597372,10,10,False,True,False
268163609,14367737,235,235,False,True,False
268163609,145036770,1,1,False,True,False
268163609,14934771,39,39,False,True,False
268163609,150307921,1,1,False,True,False
268163609,15045751,1,1,False,True,False
268163609,151619717,1,1,False,True,False
268163609,15500883,73,73,False,True,False
268163609,165289175,6,6,False,True,False
268163609,170439169,1,1,False,True,False
268163609,172401332,3,3,False,True,False
268163609,173055585,1,1,False,True,False
268163609,17381605,2,2,False,True,False
268163609,17420913,2,2,False,True,False
268163609,17527989,1,1,False,True,False
268163609,179492861,1,1,False,True,False
268163609,18210201,145,145,False,True,False
268163609,19128505,1,1,False,True,False
268163609,191779319,1,1,False,True,False
268163609,192625525,10,10,False,True,False
268163609,192625955,5,5,False,True,False
268163609,192626254,1,1,False,True,False
268163609,197814629,34,34,False,True,False
268163609,198288319,130,130,False,True,False
268163609,19873619,1,1,False,True,False
268163609,200511807,90,90,False,True,False
268163609,201517171,190,190,False,True,False
268163609,201584981,114,114,False,True,False
268163609,20188259,31,31,False,True,False
268163609,204553191,1,1,False,True,False
268163609,212936374,93,93,False,True,False
268163609,213836768,150,150,False,True,False
268163609,214487724,21,21,False,True,False
268163609,216494674,59,59,False,True,False
268163609,216797458,10,10,False,True,False
268163609,217354397,1,1,False,True,False
268163609,21946092,34,34,False,True,False
268163609,22360263,41,41,False,True,False
268163609,22432442,37,37,False,True,False
268163609,22446506,105,105,False,True,False
268163609,22571838,7,7,False,True,False
268163609,23357588,1,1,False,True,False
268163609,235590808,1,1,False,True,False
268163609,236953554,19,19,False,True,False
268163609,2410676,106,106,False,True,False
268163609,241092383,11,11,False,True,False
268163609,24725038,29,29,False,True,False
268163609,25777459,93,93,False,True,False
268163609,26731785,33,33,False,True,False
268163609,268163609,7906,7906,True,True,True
268163609,273741035,31,31,False,True,False
268163609,27729880,2,2,False,True,False
268163609,27974762,56,56,False,True,False
268163609,280428986,7,7,False,True,False
268163609,28233924,1,1,False,True,False
268163609,288485773,14,14,False,True,False
268163609,29326047,103,103,False,True,False
268163609,293399774,19,19,False,True,False
268163609,29551708,33,33,False,True,False
268163609,295544240,2,2,False,True,False
268163609,299510783,4,4,False,True,False
268163609,30004263,1,1,False,True,False
268163609,301727732,39,39,False,True,False
268163609,3060959,2,2,False,True,False
268163609,31288958,1,1,False,True,False
268163609,31315121,656,656,False,True,False
268163609,31830551,2,2,False,True,False
268163609,31986253,115,115,False,True,False
268163609,32363061,10,10,False,True,False
268163609,324754415,10,10,False,True,False
268163609,32500369,2,2,False,True,False
268163609,32579343,5,5,False,True,False
268163609,326269244,1,1,False,True,False
268163609,335671865,4,4,False,True,False
268163609,337259586,24,24,False,True,False
268163609,33832372,106,106,False,True,False
268163609,349752717,9,9,False,True,False
268163609,357707809,2,2,False,True,True
268163609,35894511,188,188,False,True,False
268163609,359952601,1,1,False,True,False
268163609,36046479,40,40,False,True,False
268163609,363245888,12,12,False,True,False
268163609,372511564,6,6,False,True,False
268163609,395696124,1,1,False,True,False
268163609,412240914,2,2,False,True,False
268163609,42685794,26,26,False,True,False
268163609,459025965,1,1,False,True,False
268163609,461884381,12,12,False,True,False
268163609,47671127,1,1,False,True,False
268163609,47969891,1,1,False,True,False
268163609,48833910,1,1,False,True,True
268163609,490359003,2,2,False,True,False
268163609,496125850,15,15,False,True,False
268163609,504460370,1,1,False,True,False
268163609,506915807,8,8,False,True,False
268163609,506916087,3,3,False,True,False
268163609,507775,2,2,False,True,True
268163609,513208282,1,1,False,True,False
268163609,513542067,2,2,False,True,False
268163609,528342545,17,17,False,True,False
268163609,534354967,16,16,False,True,False
268163609,53757700,57,57,False,True,False
268163609,539980905,1,1,False,True,False
268163609,541286837,3,3,False,True,False
268163609,55077261,95,95,False,True,False
268163609,560704231,1,1,False,True,False
268163609,572035838,33,33,False,True,False
268163609,5746963,1,1,False,True,False
268163609,576642715,2,2,False,True,False
268163609,57920736,93,93,False,True,False
268163609,593473811,2,2,False,True,False
268163609,598235761,1,1,False,True,False
268163609,605408033,3,3,False,True,False
268163609,607218649,23,23,False,True,False
268163609,607289185,1,1,False,True,False
268163609,610239654,1,1,False,True,False
268163609,612811519,1,1,False,True,False
268163609,615466434,1,1,False,True,False
268163609,619008516,1,1,False,True,False
268163609,620610829,1,1,False,True,False
268163609,62350380,196,196,False,True,False
268163609,623624230,1,1,False,True,False
268163609,630884988,6,6,False,True,False
268163609,631612635,1,1,False,True,False
268163609,636423018,2,2,False,True,False
268163609,636720889,1,1,False,True,False
268163609,637800402,3,3,False,True,False
268163609,63809205,4,4,False,True,False
268163609,639286370,1,1,False,True,False
268163609,645711309,1,1,False,True,False
268163609,651410723,1,1,False,True,False
268163609,654609683,1,1,False,True,False
268163609,662390922,1,1,False,True,False
268163609,665462497,10,10,False,True,False
268163609,666260877,3,3,False,True,False
268163609,671971248,1,1,False,True,False
268163609,673220833,2,2,False,True,False
268163609,67836789,243,243,False,True,False
268163609,6838921,2,2,False,True,True
268163609,689613409,1,1,False,True,False
268163609,690308434,2,2,False,True,False
268163609,6934395,6,6,False,True,True
268163609,702874453,1,1,False,True,False
268163609,724712,4,4,False,True,False
268163609,729119717,1,1,False,True,False
268163609,729120365,2,2,False,True,False
268163609,74896462,51,51,False,True,False
268163609,750833442,1,1,False,True,False
268163609,7691631,1,1,False,True,False
268163609,77428506,13,13,False,True,False
268163609,77956507,21,21,False,True,False
268163609,79874569,24,24,False,True,False
268163609,81192894,1,1,False,True,False
268163609,81253511,2,2,False,True,False
268163609,84517704,15,15,False,True,False
268163609,84983058,68,68,False,True,False
268163609,89145566,43,43,False,True,False
268163609,93163073,1,1,False,True,False
268163609,93703838,1,1,False,True,False
268163609,94262864,64,64,False,True,False
268163609,94702898,48,48,False,True,False
268163609,96382888,31,31,False,True,False
268163609,96431386,1,1,False,True,False
268163609,997338,6,6,False,True,False
26917250,26917250,9,9,True,True,True
270858421,151619717,1,1,False,True,False
270858421,187269923,1,1,False,True,False
270858421,18800032,4,4,False,True,True
270858421,20300177,1,1,False,True,False
270858421,270858421,87,87,True,True,True
270858421,36439741,1,1,False,True,False
270858421,587410624,2,2,False,True,False
270858421,60480511,1,1,False,True,False
270858421,605020435,1,1,False,True,False
270858421,621976841,1,1,False,True,False
270858421,81227005,1,1,False,True,False
270858421,96431386,1,1,False,True,False
276042304,100758341,1,1,False,True,False
276042304,15500883,2,2,False,True,False
276042304,276042304,22,22,True,True,True
276042304,32559774,1,1,False,True,False
276042304,364602128,1,1,False,True,False
276042304,67836789,8,8,False,True,False
276042304,729889072,4,4,False,True,False
276042304,730249672,1,1,False,True,False
276293034,1062897,1,1,False,True,False
276293034,117906003,1,1,False,True,False
276293034,161951219,1,1,False,True,False
276293034,174378326,2,2,False,True,False
276293034,19816070,2,2,False,True,True
276293034,243668393,1,1,False,True,False
276293034,276293034,1653,1653,True,True,True
276293034,276293992,7,7,False,True,False
276293034,30405191,2,2,False,True,False
276293034,318476701,2,2,False,True,False
276293034,375027048,4,4,False,True,False
276293034,397996130,6,6,False,True,False
276293034,398329217,1,1,False,True,False
276293034,484765387,1,1,False,True,False
276293034,553234221,22,22,False,True,False
276293034,575954792,1,1,False,True,False
276293034,581698190,2,2,False,True,False
276293034,584621292,1,1,False,True,False
276293034,601496278,1,1,False,True,False
276293034,609872448,1,1,False,True,False
276293034,611057711,2,2,False,True,False
276293034,611060844,1,1,False,True,False
276293034,6498492,1,1,False,True,False
276293034,652800084,3,3,False,True,False
276293034,6650539,1,1,False,True,True
276293034,689504627,4,4,False,True,False
276293034,890377,1,1,False,True,False
276293034,927442,3,3,False,True,True
278320002,260295418,1,1,False,True,False
278320002,278320002,2,2,True,True,True
278320002,359454217,1,1,False,True,False
278320002,398516876,1,1,False,True,False
28738447,1148753,3,3,False,True,False
28738447,2045207,2,2,False,True,False
28738447,28738447,32,32,True,True,True
28738447,33745913,1,1,False,True,True
28738447,6296790,1,1,False,True,False
291675222,260351573,1,1,False,True,False
291675222,291675222,441,441,True,True,True
291675222,381967785,20,20,False,True,False
291675222,383707539,1,1,False,True,False
291675222,393235957,1,1,False,True,True
2944302,108110,6,6,False,True,True
2944302,2325298,1,1,False,True,False
2944302,2328181,1,1,False,True,False
2944302,23641816,1,1,False,True,False
2944302,2944302,12891,12891,True,True,True
2944302,38581626,1,1,False,True,False
2944302,40736127,1,1,False,True,False
2944302,54980593,6,6,False,True,False
2944302,562658065,1,1,False,True,False
2944302,672826535,1,1,False,True,False
298763623,105195750,2,2,False,True,False
298763623,106024057,2,2,False,True,False
298763623,127224346,1,1,False,True,False
298763623,138754790,16,16,False,True,True
298763623,15122806,1,1,False,True,False
298763623,157863033,1,1,False,True,False
298763623,179603362,1,1,False,True,False
298763623,18210201,1,1,False,True,False
298763623,186899882,3,3,False,True,False
298763623,190416463,2,2,False,True,False
298763623,20675634,3,3,False,True,False
298763623,20736043,8,8,False,True,False
298763623,208509888,1,1,False,True,False
298763623,229011395,1,1,False,True,False
298763623,233984636,1,1,False,True,False
298763623,23641816,1,1,False,True,False
298763623,25890500,2,2,False,True,False
298763623,26039547,16,16,False,True,False
298763623,28330263,1,1,False,True,False
298763623,289379729,1,1,False,True,False
298763623,298763623,5839,5839,True,True,True
298763623,30405191,9,9,False,True,False
298763623,307214458,3,3,False,True,False
298763623,318608950,2,2,False,True,False
298763623,3402186,1,1,False,True,False
298763623,34363047,1,1,False,True,False
298763623,357728969,1,1,False,True,False
298763623,358917250,1,1,False,True,False
298763623,38581626,1,1,False,True,False
298763623,44921781,2,2,False,True,False
298763623,4797147,2,2,False,True,False
298763623,51905353,2,2,False,True,False
298763623,543387336,5,5,False,True,False
298763623,558108873,2,2,False,True,False
298763623,571929,2,2,False,True,False
298763623,613756126,1,1,False,True,False
298763623,626662104,1,1,False,True,False
298763623,653907108,1,1,False,True,False
298763623,658984669,3,3,False,True,False
298763623,81384578,5,5,False,True,False
298763623,82783929,1,1,False,True,False
298920362,1064563,7,7,False,True,False
298920362,298920362,54,54,True,True,True
302827809,117965972,5,5,False,True,False
302827809,119205516,1,1,False,True,False
302827809,124417205,1,1,False,True,False
302827809,128089774,1,1,False,True,False
302827809,13078968,4,4,False,True,False
302827809,1357199,1,1,False,True,False
302827809,136510559,2,2,False,True,False
302827809,138754790,4,4,False,True,True
302827809,146327667,1,1,False,True,False
302827809,165289175,2,2,False,True,False
302827809,165332779,1,1,False,True,False
302827809,167553735,3,3,False,True,False
302827809,191817804,3,3,False,True,False
302827809,196629842,1,1,False,True,False
302827809,197176365,9,9,False,True,False
302827809,221058575,2,2,False,True,False
302827809,22531552,4,4,False,True,False
302827809,229877920,2,2,False,True,False
302827809,23357588,1,1,False,True,False
302827809,24130045,1,1,False,True,False
302827809,24355992,2,2,False,True,False
302827809,24560307,3,3,False,True,False
302827809,252650176,1,1,False,True,False
302827809,258933250,1,1,False,True,False
302827809,265363855,1,1,False,True,False
302827809,267482252,3,3,False,True,False
302827809,27759161,1,1,False,True,False
302827809,27890669,1,1,False,True,False
302827809,291130821,2,2,False,True,False
302827809,292014229,1,1,False,True,False
302827809,295544240,3,3,False,True,False
302827809,29759715,1,1,False,True,False
302827809,302827809,12652,12652,True,True,True
302827809,310217738,1,1,False,True,False
302827809,315885410,1,1,False,True,False
302827809,322028429,4,4,False,True,False
302827809,323035550,2,2,False,True,False
302827809,323438715,1,1,False,True,False
302827809,324673283,1,1,False,True,False
302827809,326652944,1,1,False,True,False
302827809,330600696,2,2,False,True,False
302827809,3320710,4,4,False,True,False
302827809,335164964,2,2,False,True,False
302827809,336431585,2,2,False,True,False
302827809,336739753,8,8,False,True,False
302827809,346151858,1,1,False,True,False
302827809,350606794,6,6,False,True,False
302827809,351978195,1,1,False,True,False
302827809,358917250,4,4,False,True,False
302827809,358917318,1,1,False,True,True
302827809,359952601,1,1,False,True,False
302827809,363801746,1,1,False,True,False
302827809,367261349,35,35,False,True,False
302827809,3678731,1,1,False,True,False
302827809,371660676,1,1,False,True,False
302827809,418902234,1,1,False,True,False
302827809,420582125,1,1,False,True,False
302827809,433273516,2,2,False,True,False
302827809,4463453,9,9,False,True,False
302827809,453068084,2,2,False,True,True
302827809,453379272,3,3,False,True,False
302827809,459025965,18,18,False,True,False
302827809,46083140,1,1,False,True,False
302827809,467355866,2,2,False,True,False
302827809,474841422,1,1,False,True,False
302827809,478886147,1,1,False,True,False
302827809,486917300,1,1,False,True,False
302827809,491161925,1,1,False,True,False
302827809,512901698,1,1,False,True,False
302827809,513542067,1,1,False,True,False
302827809,51905353,1,1,False,True,False
302827809,52115335,2,2,False,True,False
302827809,523660510,1,1,False,True,False
302827809,528342545,1,1,False,True,False
302827809,532847167,1,1,False,True,False
302827809,534354967,3,3,False,True,False
302827809,541387112,1,1,False,True,False
302827809,554581194,1,1,False,True,False
302827809,556558958,1,1,False,True,False
302827809,558374870,1,1,False,True,False
302827809,562892210,1,1,False,True,False
302827809,56342508,1,1,False,True,False
302827809,564623768,1,1,False,True,False
302827809,570024400,2,2,False,True,False
302827809,574514586,1,1,False,True,False
302827809,576304071,1,1,False,True,False
302827809,579221694,1,1,False,True,False
302827809,583634675,1,1,False,True,False
302827809,587193794,2,2,False,True,False
302827809,589091184,1,1,False,True,False
302827809,60075331,1,1,False,True,False
302827809,60246359,2,2,False,True,True
302827809,603274419,1,1,False,True,False
302827809,607721298,1,1,False,True,False
302827809,612075667,1,1,False,True,False
302827809,614291796,2,2,False,True,False
302827809,616438432,12,12,False,True,False
302827809,617856128,1,1,False,True,False
302827809,622753753,2,2,False,True,False
302827809,633817517,3,3,False,True,False
302827809,634122163,4,4,False,True,False
302827809,635073227,7,7,False,True,False
302827809,637657854,77,77,False,True,False
302827809,642303769,1,1,False,True,False
302827809,6503675,4,4,False,True,False
302827809,654024495,4,4,False,True,False
302827809,65430363,1,1,False,True,False
302827809,66066769,1,1,False,True,False
302827809,665940820,3,3,False,True,False
302827809,669011066,1,1,False,True,False
302827809,67006105,1,1,False,True,False
302827809,676353955,1,1,False,True,False
302827809,676842785,1,1,False,True,False
302827809,67836789,17,17,False,True,False
302827809,694474426,1,1,False,True,False
302827809,704363799,5,5,False,True,False
302827809,713687624,6,6,False,True,False
302827809,715438998,1,1,False,True,False
302827809,717364780,15,15,False,True,False
302827809,722016080,1,1,False,True,False
302827809,724712,5,5,False,True,False
302827809,730732421,1,1,False,True,False
302827809,75744278,1,1,False,True,False
302827809,84517704,4,4,False,True,False
302827809,90821930,1,1,False,True,False
30449481,10323585,1,1,False,True,False
30449481,1064563,23,23,False,True,False
30449481,11061773,203,203,False,True,False
30449481,11293703,1,1,False,True,False
30449481,113677956,1,1,False,True,False
30449481,12191244,99,99,False,True,False
30449481,12390121,1,1,False,True,False
30449481,12488647,16,16,False,True,False
30449481,125863507,4,4,False,True,False
30449481,127026401,1,1,False,True,False
30449481,128778692,21,21,False,True,False
30449481,130140573,5,5,False,True,False
30449481,13624859,15,15,False,True,False
30449481,149638165,8,8,False,True,False
30449481,17359057,1,1,False,True,False
30449481,17884290,16,16,False,True,False
30449481,18128548,19,19,False,True,False
30449481,192624594,25,25,False,True,False
30449481,192625306,11,11,False,True,False
30449481,192625525,11,11,False,True,False
30449481,196057608,9,9,False,True,False
30449481,197814629,19,19,False,True,False
30449481,200259335,1,1,False,True,False
30449481,20300177,2,2,False,True,False
30449481,20929025,14,14,False,True,False
30449481,210716005,81,81,False,True,False
30449481,21338027,38,38,False,True,False
30449481,2430537,29,29,False,True,False
30449481,249512698,19,19,False,True,False
30449481,2544305,13,13,False,True,False
30449481,259445878,16,16,False,True,False
30449481,2604249,1,1,False,True,False
30449481,2744972,47,47,False,True,False
30449481,27522295,103,103,False,True,False
30449481,283187,6,6,False,True,False
30449481,2888818,2,2,False,True,False
30449481,2931111,27,27,False,True,False
30449481,298328,1,1,False,True,False
30449481,30449481,1000,1000,True,True,True
30449481,3180553,38,38,False,True,False
30449481,32097112,1,1,False,True,False
30449481,32135981,1,1,False,True,False
30449481,34039690,2,2,False,True,False
30449481,35697550,6,6,False,True,False
30449481,35698342,1,1,False,True,False
30449481,35700771,19,19,False,True,False
30449481,36404681,1,1,False,True,False
30449481,3689718,15,15,False,True,False
30449481,37198116,35,35,False,True,False
30449481,37796696,6,6,False,True,False
30449481,445340244,1,1,False,True,False
30449481,506343924,2,2,False,True,False
30449481,51206425,1,1,False,True,False
30449481,51620247,51,51,False,True,False
30449481,537800,5,5,False,True,False
30449481,550879823,50,50,False,True,False
30449481,592112421,1,1,False,True,False
30449481,6093316,92,92,False,True,False
30449481,6247705,39,39,False,True,False
30449481,62774726,120,120,False,True,False
30449481,63537249,1,1,False,True,False
30449481,64756820,2,2,False,True,False
30449481,65231883,3,3,False,True,False
30449481,65794292,23,23,False,True,False
30449481,6650539,4,4,False,True,True
30449481,75104123,188,188,False,True,False
30449481,77385607,4,4,False,True,True
30449481,77868600,1,1,False,True,False
30449481,7813441,10,10,False,True,False
30449481,7961991,21,21,False,True,False
30449481,80084817,20,20,False,True,False
30449481,80369237,63,63,False,True,False
30449481,89443483,1,1,False,True,False
30449481,9864166,14,14,False,True,False
30449481,9891249,56,56,False,True,False
30449481,99612558,1,1,False,True,False
305513242,1468280,1,1,False,True,False
305513242,15176189,1,1,False,True,False
305513242,171486120,2,2,False,True,False
305513242,1807659,1,1,False,True,False
305513242,187269923,4,4,False,True,False
305513242,261032128,1,1,False,True,False
305513242,289076255,8,8,False,True,False
305513242,305513242,1166,1166,True,True,True
305513242,305514104,4,4,False,True,False
305513242,353791258,1,1,False,True,False
305513242,43973779,2,2,False,True,False
305513242,573587193,22,22,False,True,False
305513242,607714334,69,69,False,True,False
305513242,7427613,1,1,False,True,False
30753733,2325298,1,1,False,True,False
30753733,24494032,18,18,False,True,True
30753733,30753733,403,403,True,True,True
30753733,6934395,2,2,False,True,True
30753733,736527492,2,2,False,True,False
30753733,7634677,1,1,False,True,False
30753733,9454675,45,45,False,True,False
30753733,997338,1,1,False,True,False
31006158,132057885,1,1,False,True,False
31006158,149121954,4,4,False,True,False
31006158,166515022,1,1,False,True,True
31006158,218852626,1,1,False,True,False
31006158,31006158,749,749,True,True,True
31006158,445376431,1,1,False,True,False
31006158,567634,1,1,False,True,False
31006158,597177399,1,1,False,True,False
31006158,680155679,1,1,False,True,False
31315021,1020639,38,38,False,True,False
31315021,125266328,181,181,False,True,False
31315021,12550138,52,52,False,True,False
31315021,1362490,57,57,False,True,False
31315021,13655592,60,60,False,True,False
31315021,1372698,23,23,False,True,False
31315021,137814779,291,291,False,True,False
31315021,159271175,102,102,False,True,False
31315021,18891741,13,13,False,True,False
31315021,189476904,9,9,False,True,False
31315021,1915437,9,9,False,True,False
31315021,192625525,10,10,False,True,False
31315021,192625955,1,1,False,True,False
31315021,192626254,1,1,False,True,False
31315021,197814629,7,7,False,True,False
31315021,24000265,27,27,False,True,False
31315021,2601923,38,38,False,True,False
31315021,28710753,20,20,False,True,False
31315021,3072629,94,94,False,True,False
31315021,31315021,667,667,True,True,True
31315021,33146014,18,18,False,True,False
31315021,34351530,60,60,False,True,False
31315021,37489525,95,95,False,True,False
31315021,42155092,65,65,False,True,False
31315021,46122460,118,118,False,True,False
31315021,47711273,19,19,False,True,False
31315021,523043277,1,1,False,True,False
31315021,656493085,2,2,False,True,False
31315021,68465360,118,118,False,True,False
31315021,7444861,41,41,False,True,False
31315021,7613257,51,51,False,True,False
31315021,7730829,38,38,False,True,False
31315021,7895139,33,33,False,True,False
31315021,873328,2,2,False,True,False
31315021,9051843,1,1,False,True,False
31315021,98346885,65,65,False,True,False
31315021,997338,81,81,False,True,False
31315021,9993757,17,17,False,True,False
316690542,316690542,89,89,True,True,True
316690542,325548909,1,1,False,True,False
316690542,619008516,1,1,False,True,False
316690542,659882407,3,3,False,True,False
316690542,94773393,1,1,False,True,False
31976266,1064563,2,2,False,True,False
31976266,20300177,1,1,False,True,False
31976266,24195339,2,2,False,True,False
31976266,2560988,1,1,False,True,False
31976266,31976266,14,14,True,True,True
31976266,5695907,1,1,False,True,False
320459354,320459354,2,2,True,True,True
320459354,452618038,1,1,False,True,False
320459354,54298946,1,1,False,True,False
321853986,321853986,18,18,True,True,True
321853986,6934395,1,1,False,True,True
323389945,13150250,1,1,False,True,False
323389945,323389945,298,298,True,True,True
323389945,341523730,2,2,False,True,False
323389945,557988291,1,1,False,True,False
323389945,619008516,1,1,False,True,False
331747853,331747853,1,1,True,True,True
33275300,33275300,6,6,True,True,True
334274271,100921897,1,1,False,True,False
334274271,10394615,3,3,False,True,False
334274271,10437688,1,1,False,True,False
334274271,10637896,29,29,False,True,False
334274271,1064563,2,2,False,True,False
334274271,10746583,1,1,False,True,False
334274271,110100447,1,1,False,True,False
334274271,11225909,19,19,False,True,False
334274271,12499251,1,1,False,True,False
334274271,130040931,11,11,False,True,False
334274271,13745124,48,48,False,True,False
334274271,1397974,1,1,False,True,False
334274271,14401179,1,1,False,True,False
334274271,148253885,6,6,False,True,False
334274271,149121954,6,6,False,True,False
334274271,155368246,2,2,False,True,False
334274271,156606443,1,1,False,True,False
334274271,15807269,43,43,False,True,False
334274271,16287235,17,17,False,True,False
334274271,16489874,95,95,False,True,False
334274271,16554739,1,1,False,True,False
334274271,1680733,19,19,False,True,False
334274271,168736310,2177,2177,False,True,False
334274271,168736372,1,1,False,True,False
334274271,171460321,1,1,False,True,False
334274271,17165658,4,4,False,True,True
334274271,172155554,1,1,False,True,False
334274271,17224514,2,2,False,True,True
334274271,172750723,12,12,False,True,False
334274271,17372733,1,1,False,True,False
334274271,174581882,1,1,False,True,False
334274271,17812502,32,32,False,True,False
334274271,18192493,2,2,False,True,False
334274271,184463891,4,4,False,True,False
334274271,185861173,2,2,False,True,False
334274271,186765948,1,1,False,True,False
334274271,190416463,8,8,False,True,False
334274271,191163758,13,13,False,True,False
334274271,192626254,5,5,False,True,False
334274271,196057608,19,19,False,True,False
334274271,196414933,5,5,False,True,False
334274271,197176365,21,21,False,True,False
334274271,197814629,15,15,False,True,False
334274271,200299178,34,34,False,True,False
334274271,200437066,17,17,False,True,False
334274271,20300177,77,77,False,True,False
334274271,20321688,69,69,False,True,False
334274271,2032665,2,2,False,True,False
334274271,203461509,25,25,False,True,False
334274271,2045207,11,11,False,True,False
334274271,205262760,5,5,False,True,False
334274271,20580498,1,1,False,True,False
334274271,206337472,1,1,False,True,False
334274271,206371,19,19,False,True,False
334274271,206402,3,3,False,True,False
334274271,206483,64,64,False,True,False
334274271,21088403,1,1,False,True,False
334274271,220391287,27,27,False,True,False
334274271,221989665,1,1,False,True,False
334274271,223708643,10,10,False,True,False
334274271,22374529,1,1,False,True,False
334274271,224374031,4,4,False,True,False
334274271,226668025,2,2,False,True,False
334274271,23096959,1,1,False,True,False
334274271,23357588,65,65,False,True,False
334274271,23418517,3,3,False,True,False
334274271,240215314,1,1,False,True,False
334274271,242776849,1,1,False,True,False
334274271,2544305,33,33,False,True,False
334274271,25459400,1,1,False,True,False
334274271,254865575,14,14,False,True,False
334274271,25881432,19,19,False,True,False
334274271,26002040,2,2,False,True,False
334274271,2604249,1,1,False,True,False
334274271,260889387,1,1,False,True,False
334274271,263991304,41,41,False,True,False
334274271,27500243,2,2,False,True,False
334274271,27729926,26,26,False,True,False
334274271,27954927,3,3,False,True,False
334274271,283187,1,1,False,True,False
334274271,283325,1,1,False,True,False
334274271,28992330,76,76,False,True,False
334274271,2928948,186,186,False,True,False
334274271,29301872,1,1,False,True,False
334274271,296778170,2,2,False,True,False
334274271,29759715,7,7,False,True,False
334274271,301573344,1,1,False,True,False
334274271,302322,9,9,False,True,False
334274271,3037907,6,6,False,True,False
334274271,305438763,2,2,False,True,False
334274271,30676648,2,2,False,True,False
334274271,31339163,4,4,False,True,False
334274271,315929658,1,1,False,True,False
334274271,319701508,1,1,False,True,False
334274271,320929718,9,9,False,True,False
334274271,32097112,2,2,False,True,False
334274271,32184830,4,4,False,True,False
334274271,323830219,2002,2002,False,True,False
334274271,32538871,58,58,False,True,False
334274271,334274271,61955,61955,True,True,True
334274271,334274317,18,18,False,True,False
334274271,335342,51,51,False,True,False
334274271,33881870,1,1,False,True,False
334274271,340449391,21,21,False,True,False
334274271,341374920,1,1,False,True,False
334274271,341631350,183,183,False,True,True
334274271,345431021,1,1,False,True,False
334274271,346829005,2,2,False,True,False
334274271,34691715,1,1,False,True,False
334274271,349707098,3,3,False,True,False
334274271,350747449,1,1,False,True,False
334274271,354080507,2000,2000,False,True,False
334274271,354090893,2039,2039,False,True,False
334274271,354094562,2007,2007,False,True,False
334274271,354123935,1999,1999,False,True,False
334274271,354125784,2006,2006,False,True,False
334274271,354126484,2008,2008,False,True,False
334274271,354129853,2017,2017,False,True,False
334274271,354136133,2005,2005,False,True,False
334274271,354899090,2,2,False,True,False
334274271,355015152,2004,2004,False,True,False
334274271,355027797,1997,1997,False,True,False
334274271,355029829,3,3,False,True,False
334274271,355030559,2009,2009,False,True,False
334274271,355032495,2006,2006,False,True,False
334274271,355033263,2002,2002,False,True,False
334274271,355035157,2009,2009,False,True,False
334274271,357290698,2,2,False,True,False
334274271,357378270,1,1,False,True,False
334274271,357510578,3,3,False,True,False
334274271,357720135,3,3,False,True,False
334274271,357723952,104,104,False,True,False
334274271,357794679,3,3,False,True,False
334274271,358735095,10,10,False,True,False
334274271,359965651,1,1,False,True,False
334274271,362220956,18,18,False,True,False
334274271,362276910,1,1,False,True,False
334274271,363341351,3,3,False,True,False
334274271,364003912,114,114,False,True,False
334274271,364195857,7,7,False,True,False
334274271,364534653,4,4,False,True,False
334274271,364712598,1,1,False,True,False
334274271,365818754,1,1,False,True,False
334274271,366186609,7,7,False,True,False
334274271,366767099,2,2,False,True,False
334274271,368395082,4,4,False,True,False
334274271,373307571,6,6,False,True,False
334274271,373315216,35,35,False,True,False
334274271,373697868,3,3,False,True,False
334274271,374876908,5,5,False,True,False
334274271,375543829,3,3,False,True,False
334274271,376093508,2,2,False,True,False
334274271,376951839,1,1,False,True,False
334274271,38153503,1,1,False,True,False
334274271,383855027,1,1,False,True,False
334274271,383875967,2014,2014,False,True,False
334274271,386095335,1,1,False,True,False
334274271,387876243,2,2,False,True,False
334274271,388015125,1,1,False,True,False
334274271,388880322,20,20,False,True,False
334274271,388883534,1,1,False,True,False
334274271,388884666,4,4,False,True,False
334274271,388885253,1,1,False,True,False
334274271,388936696,2,2,False,True,False
334274271,38973038,2,2,False,True,False
334274271,392918204,1,1,False,True,False
334274271,393499763,1,1,False,True,False
334274271,404144554,1,1,False,True,False
334274271,408582115,14,14,False,True,False
334274271,414013547,4,4,False,True,False
334274271,417132124,1,1,False,True,False
334274271,420026145,1,1,False,True,False
334274271,421704236,2,2,False,True,False
334274271,426559977,1,1,False,True,False
334274271,429180442,2,2,False,True,False
334274271,430286090,1,1,False,True,False
334274271,437944910,6,6,False,True,False
334274271,438096425,10,10,False,True,False
334274271,43976244,1,1,False,True,False
334274271,440289940,2,2,False,True,False
334274271,440385562,9,9,False,True,False
334274271,440582814,1,1,False,True,False
334274271,440858794,3,3,False,True,False
334274271,441206783,3,3,False,True,False
334274271,445557289,4,4,False,True,False
334274271,44702033,1,1,False,True,False
334274271,451511457,1,1,False,True,False
334274271,452337765,4,4,False,True,False
334274271,4542716,2,2,False,True,False
334274271,45717250,1,1,False,True,False
334274271,457577836,1431,1431,False,True,False
334274271,458283258,1,1,False,True,False
334274271,45903621,20,20,False,True,False
334274271,463750547,2,2,False,True,False
334274271,464684932,7,7,False,True,False
334274271,466757879,1,1,False,True,False
334274271,472893587,1,1,False,True,False
334274271,474202076,2,2,False,True,False
334274271,480309588,1,1,False,True,False
334274271,484214803,6,6,False,True,False
334274271,487074429,114,114,False,True,False
334274271,488455975,3,3,False,True,False
334274271,489737124,1,1,False,True,False
334274271,490557661,2005,2005,False,True,False
334274271,492062409,1,1,False,True,False
334274271,49324039,8,8,False,True,False
334274271,494334828,1,1,False,True,False
334274271,49442815,48,48,False,True,False
334274271,497173054,1,1,False,True,False
334274271,50229487,2,2,False,True,True
334274271,506746332,23,23,False,True,False
334274271,506753162,4,4,False,True,False
334274271,506753204,1,1,False,True,False
334274271,507775,61,61,False,True,True
334274271,508865884,1,1,False,True,False
334274271,5099453,4,4,False,True,False
334274271,510721105,1,1,False,True,False
334274271,51073068,1,1,False,True,False
334274271,513195031,1,1,False,True,False
334274271,5152285,12,12,False,True,False
334274271,516447169,2,2,False,True,False
334274271,5174103,5,5,False,True,False
334274271,523981741,4,4,False,True,False
334274271,530449130,7,7,False,True,False
334274271,530754347,1,1,False,True,False
334274271,534434596,1,1,False,True,False
334274271,535788760,2,2,False,True,False
334274271,53990057,2,2,False,True,False
334274271,540262346,2012,2012,False,True,False
334274271,540545955,3,3,False,True,False
334274271,541611463,5,5,False,True,False
334274271,541645085,2,2,False,True,False
334274271,543218317,3,3,False,True,False
334274271,543781937,1,1,False,True,False
334274271,546990739,2,2,False,True,False
334274271,550871856,2,2,False,True,False
334274271,556961506,1,1,False,True,False
334274271,562778457,1,1,False,True,False
334274271,564884242,1,1,False,True,False
334274271,565419004,1,1,False,True,False
334274271,567524986,11,11,False,True,False
334274271,56894212,1,1,False,True,False
334274271,5695907,37,37,False,True,False
334274271,572389548,4,4,False,True,False
334274271,574877,5,5,False,True,False
334274271,575177379,2,2,False,True,False
334274271,57942251,2,2,False,True,False
334274271,580396880,2,2,False,True,False
334274271,580867522,2,2,False,True,False
334274271,587291698,1,1,False,True,False
334274271,590166847,4,4,False,True,False
334274271,590659968,1,1,False,True,False
334274271,591946735,1,1,False,True,False
334274271,599056425,1,1,False,True,False
334274271,599320067,3,3,False,True,False
334274271,600266034,1,1,False,True,False
334274271,601683538,5,5,False,True,False
334274271,606210753,1,1,False,True,False
334274271,6065067,1,1,False,True,False
334274271,607546570,1,1,False,True,False
334274271,6169821,1,1,False,True,False
334274271,621803253,3,3,False,True,False
334274271,623962571,1,1,False,True,False
334274271,627172485,11,11,False,True,False
334274271,6296790,1,1,False,True,False
334274271,630409576,4,4,False,True,False
334274271,631796143,1,1,False,True,False
334274271,631805185,2,2,False,True,False
334274271,636427565,1,1,False,True,False
334274271,637928904,6,6,False,True,False
334274271,64431348,1,1,False,True,False
334274271,645237,11,11,False,True,False
334274271,645922806,1,1,False,True,False
334274271,648111554,1,1,False,True,False
334274271,66030306,105,105,False,True,False
334274271,664873197,1,1,False,True,False
334274271,667517207,1,1,False,True,False
334274271,671133847,1,1,False,True,False
334274271,671825,1,1,False,True,False
334274271,672187135,1,1,False,True,False
334274271,67646563,1,1,False,True,False
334274271,677153316,1,1,False,True,False
334274271,678615763,1,1,False,True,False
334274271,68291529,90,90,False,True,False
334274271,68731208,1,1,False,True,False
334274271,688136681,2,2,False,True,False
334274271,688586835,858,858,False,True,False
334274271,6934395,1,1,False,True,True
334274271,695754575,1,1,False,True,False
334274271,699397588,1,1,False,True,False
334274271,700399518,3,3,False,True,False
334274271,706110337,1,1,False,True,False
334274271,714809540,5,5,False,True,False
334274271,724712,2,2,False,True,False
334274271,73967674,2,2,False,True,False
334274271,7691631,2,2,False,True,False
334274271,77308564,1,1,False,True,False
334274271,81598961,2,2,False,True,False
334274271,8413786,8,8,False,True,False
334274271,85294562,1,1,False,True,False
334274271,8544907,7,7,False,True,False
334274271,88962042,2,2,False,True,False
334274271,89026103,1,1,False,True,False
334274271,9156682,45,45,False,True,False
334274271,9384267,1,1,False,True,False
334274271,95247959,4,4,False,True,False
33745913,172491601,1,1,False,True,False
33745913,252523575,1,1,False,True,False
33745913,296070150,1,1,False,True,False
33745913,33745913,235,235,True,True,True
33745913,547279625,1,1,False,True,False
33745913,596668153,1,1,False,True,False
33745913,599938138,1,1,False,True,False
33745913,601599569,1,1,False,True,False
33745913,627720881,1,1,False,True,False
33745913,630562932,1,1,False,True,False
33745913,641028344,4,4,False,True,False
33745913,643985801,1,1,False,True,False
33745913,655426302,2,2,False,True,False
33745913,658917400,1,1,False,True,False
33745913,664913428,1,1,False,True,False
33745913,673829675,1,1,False,True,False
33745913,706668512,1,1,False,True,False
33745913,72628350,1,1,False,True,False
33745913,84088596,1,1,False,True,False
33745913,8804093,1,1,False,True,False
339993112,11225014,1,1,False,True,True
339993112,12712630,2,2,False,True,False
339993112,13855476,1,1,False,True,False
339993112,184304089,1,1,False,True,False
339993112,186904487,1,1,False,True,False
339993112,22478116,1,1,False,True,False
339993112,23096959,2,2,False,True,False
339993112,267024149,1,1,False,True,False
339993112,27051771,1,1,False,True,False
339993112,27576132,1,1,False,True,False
339993112,339993112,14027,14027,True,True,True
339993112,420838357,3,3,False,True,False
339993112,420854474,7,7,False,True,False
339993112,422205507,7,7,False,True,False
339993112,424470669,11,11,False,True,False
339993112,428931480,2,2,False,True,False
339993112,432887132,17,17,False,True,False
339993112,432922260,8,8,False,True,False
339993112,438203376,8,8,False,True,False
339993112,443233186,1,1,False,True,False
339993112,467348529,18,18,False,True,False
339993112,490111123,2,2,False,True,False
339993112,492529077,2,2,False,True,False
339993112,493544360,6,6,False,True,False
339993112,496855992,11,11,False,True,False
339993112,504134480,9,9,False,True,False
339993112,515524532,12,12,False,True,False
339993112,515987842,1,1,False,True,False
339993112,536463007,1,1,False,True,False
339993112,537394164,3,3,False,True,False
339993112,542452064,1,1,False,True,False
339993112,569267,1,1,False,True,False
339993112,588763142,17,17,False,True,False
339993112,591550077,4,4,False,True,False
339993112,60343988,3,3,False,True,False
339993112,604843489,3,3,False,True,False
339993112,605858652,4,4,False,True,False
339993112,647153226,1,1,False,True,False
339993112,659043387,1,1,False,True,False
339993112,66023605,1,1,False,True,False
339993112,673210244,4,4,False,True,False
339993112,701242255,1,1,False,True,False
339993112,719984336,5,5,False,True,False
339993112,720278827,1,1,False,True,False
339993112,7691631,1,1,False,True,False
339993112,80087836,2,2,False,True,True
339993112,88674404,1,1,False,True,False
339993112,96004375,2,2,False,True,False
341208515,341208515,2,2,True,True,True
341631350,101408117,3,3,False,True,False
341631350,102083576,1,1,False,True,False
341631350,1103607,2,2,False,True,False
341631350,11309795,6,6,False,True,False
341631350,121587063,1,1,False,True,False
341631350,145263040,1,1,False,True,False
341631350,148464499,1,1,False,True,False
341631350,149121954,10,10,False,True,False
341631350,151898169,1,1,False,True,False
341631350,161001,1,1,False,True,False
341631350,16556373,2,2,False,True,False
341631350,177139928,1,1,False,True,False
341631350,178017670,1,1,False,True,False
341631350,186765948,1,1,False,True,False
341631350,199488860,1,1,False,True,False
341631350,200437066,1,1,False,True,False
341631350,20248084,1,1,False,True,False
341631350,20300177,1,1,False,True,False
341631350,20773773,1,1,False,True,False
341631350,215638242,1,1,False,True,False
341631350,219035799,1,1,False,True,False
341631350,23206290,1,1,False,True,False
341631350,2740148,1,1,False,True,False
341631350,283187,1,1,False,True,False
341631350,294633672,5,5,False,True,False
341631350,302322,3,3,False,True,False
341631350,316738106,1,1,False,True,False
341631350,32184830,3,3,False,True,False
341631350,333867901,6,6,False,True,False
341631350,334274271,13,13,False,True,True
341631350,3407114,1,1,False,True,False
341631350,341374920,15,15,False,True,False
341631350,341631350,2782,2782,True,True,True
341631350,346315576,1,1,False,True,False
341631350,346904112,1,1,False,True,False
341631350,348871706,1,1,False,True,False
341631350,352933986,2,2,False,True,False
341631350,354090893,3,3,False,True,False
341631350,373315216,1,1,False,True,False
341631350,375736511,1,1,False,True,False
341631350,38973038,41,41,False,True,False
341631350,398105002,2,2,False,True,False
341631350,408725643,6,6,False,True,False
341631350,414909619,2,2,False,True,False
341631350,41943138,4,4,False,True,False
341631350,439124081,1,1,False,True,False
341631350,442430,1,1,False,True,False
341631350,4931095,2,2,False,True,False
341631350,49412556,2,2,False,True,True
341631350,496133440,1,1,False,True,False
341631350,50229487,16,16,False,True,True
341631350,507775,9,9,False,True,True
341631350,50904245,4,4,False,True,False
341631350,525098578,2,2,False,True,False
341631350,530754347,1,1,False,True,False
341631350,543133848,1,1,False,True,False
341631350,545702406,1,1,False,True,False
341631350,55072677,1,1,False,True,True
341631350,554411496,1,1,False,True,False
341631350,584714008,1,1,False,True,False
341631350,602128143,1,1,False,True,False
341631350,605020435,2,2,False,True,False
341631350,617988966,1,1,False,True,False
341631350,623010951,1,1,False,True,False
341631350,623177414,5,5,False,True,False
341631350,624829673,1,1,False,True,False
341631350,629673149,4,4,False,True,False
341631350,631805185,19,19,False,True,False
341631350,632173110,2,2,False,True,False
341631350,632852892,3,3,False,True,False
341631350,63809205,4,4,False,True,False
341631350,64122791,1,1,False,True,False
341631350,643590386,11,11,False,True,False
341631350,64974630,1,1,False,True,False
341631350,655999022,2,2,False,True,False
341631350,657139254,4,4,False,True,False
341631350,658064905,1,1,False,True,False
341631350,659936875,1,1,False,True,False
341631350,662292489,4,4,False,True,False
341631350,664306200,1,1,False,True,False
341631350,673419947,1,1,False,True,False
341631350,677181416,1,1,False,True,False
341631350,680247452,2,2,False,True,False
341631350,682834027,5,5,False,True,False
341631350,704252738,35,35,False,True,False
341631350,708197490,1,1,False,True,False
341631350,727806544,1,1,False,True,False
341631350,734496956,1,1,False,True,False
341631350,79317191,1,1,False,True,True
341631350,8372403,2,2,False,True,False
341631350,8373342,1,1,False,True,False
341631350,96011629,1,1,False,True,False
341631350,96431386,1,1,False,True,False
344711168,113512596,1,1,False,True,False
344711168,13628513,9,9,False,True,False
344711168,17192780,17,17,False,True,False
344711168,18413405,6,6,False,True,False
344711168,192624594,5,5,False,True,False
344711168,197814629,4,4,False,True,False
344711168,21488145,7,7,False,True,False
344711168,27576132,652,652,False,True,False
344711168,344711168,276,276,True,True,True
344711168,35529429,8,8,False,True,False
344711168,52034309,18,18,False,True,False
344711168,64404140,6,6,False,True,True
34533675,106310,2,2,False,True,False
34533675,11002815,14,14,False,True,False
34533675,11362278,2,2,False,True,False
34533675,113678275,1,1,False,True,False
34533675,113678408,1,1,False,True,False
34533675,121663790,2,2,False,True,False
34533675,123345344,1,1,False,True,False
34533675,124564425,1,1,False,True,False
34533675,1362764,1,1,False,True,False
34533675,14076122,1,1,False,True,False
34533675,14173176,13,13,False,True,False
34533675,17165658,2,2,False,True,True
34533675,1725199,1,1,False,True,False
34533675,17714713,5,5,False,True,False
34533675,190416463,2,2,False,True,False
34533675,192625525,1,1,False,True,False
34533675,192625955,2,2,False,True,False
34533675,196057608,2,2,False,True,False
34533675,197814629,4,4,False,True,False
34533675,202936427,1,1,False,True,False
34533675,20388420,2,2,False,True,False
34533675,215566462,1,1,False,True,False
34533675,216207542,1,1,False,True,False
34533675,2752522,2,2,False,True,False
34533675,288487894,1,1,False,True,False
34533675,2888818,1,1,False,True,False
34533675,302670797,1,1,False,True,False
34533675,3080628,7,7,False,True,False
34533675,32246828,5,5,False,True,False
34533675,323751403,1,1,False,True,False
34533675,33539450,1,1,False,True,False
34533675,338771983,3,3,False,True,False
34533675,34138622,1,1,False,True,False
34533675,34533675,495,495,True,True,True
34533675,34685800,1,1,False,True,False
34533675,391153869,2,2,False,True,False
34533675,404086694,4,4,False,True,False
34533675,423942690,1,1,False,True,False
34533675,4298283,5,5,False,True,False
34533675,4407129,2,2,False,True,True
34533675,495451270,1,1,False,True,False
34533675,49937981,1,1,False,True,False
34533675,50370190,1,1,False,True,False
34533675,516747253,1,1,False,True,False
34533675,56729247,1,1,False,True,False
34533675,59305491,1,1,False,True,False
34533675,5947247,1,1,False,True,False
34533675,599766045,1,1,False,True,False
34533675,601811994,1,1,False,True,False
34533675,60374819,1,1,False,True,False
34533675,6207167,1,1,False,True,False
34533675,635693873,1,1,False,True,False
34533675,640183,4,4,False,True,False
34533675,667764268,1,1,False,True,False
34533675,782679,1,1,False,True,False
34533675,792993396,2,2,False,True,False
34533675,79510167,1,1,False,True,False
34533675,85508223,1,1,False,True,False
34533675,858127,3,3,False,True,False
34533675,931135,1,1,False,True,False
345982729,404184160,1,1,False,True,False
346976717,100060912,1,1,False,True,False
346976717,102343794,1,1,False,True,False
346976717,105944401,1,1,False,True,True
346976717,114187903,1,1,False,True,True
346976717,123303402,1,1,False,True,False
346976717,1362490,7,7,False,True,False
346976717,159294525,1,1,False,True,False
346976717,18320947,1,1,False,True,False
346976717,1903522,1,1,False,True,False
346976717,20300177,12,12,False,True,False
346976717,205564111,8,8,False,True,False
346976717,22684655,11,11,False,True,False
346976717,22711503,1,1,False,True,False
346976717,23096959,1,1,False,True,False
346976717,2410676,2,2,False,True,False
346976717,24420506,1,1,False,True,False
346976717,24494032,1,1,False,True,True
346976717,249956697,4,4,False,True,False
346976717,283325,12,12,False,True,False
346976717,290227969,1851,1851,False,True,False
346976717,29759715,1,1,False,True,False
346976717,3060959,4,4,False,True,False
346976717,31197250,1,1,False,True,False
346976717,346976717,1201,1201,True,True,True
346976717,365099290,1,1,False,True,False
346976717,368135119,1,1,False,True,False
346976717,38829639,1,1,False,True,False
346976717,477896448,1,1,False,True,False
346976717,49086513,1,1,False,True,False
346976717,5695907,2,2,False,True,False
346976717,587234510,2,2,False,True,False
346976717,619008516,1,1,False,True,False
346976717,625900156,1,1,False,True,False
346976717,65711522,1,1,False,True,False
346976717,658518,5,5,False,True,False
346976717,674603270,1,1,False,True,False
346976717,71133469,7,7,False,True,False
346976717,724712,1,1,False,True,False
346976717,745749,27,27,False,True,False
346976717,75821432,1,1,False,True,False
346976717,81598961,1,1,False,True,False
34839383,2441517,1,1,False,True,False
34839383,34839383,16,16,True,True,True
349627612,150013328,1,1,False,True,True
349627612,167756292,1,1,False,True,False
349627612,220778874,1,1,False,True,False
349627612,249319182,2,2,False,True,False
349627612,349627612,72,72,True,True,True
349627612,354375556,1,1,False,True,False
349627612,381455151,1,1,False,True,False
349627612,384191524,1,1,False,True,False
349627612,465431114,1,1,False,True,False
349627612,491939640,1,1,False,True,False
349627612,497381787,2,2,False,True,False
349627612,525846885,1,1,False,True,False
349627612,724712,1,1,False,True,False
351806852,10744183,1,1,False,True,False
351806852,113100288,1,1,False,True,False
351806852,11599760,30,30,False,True,False
351806852,11939484,28,28,False,True,False
351806852,119419195,2,2,False,True,False
351806852,124802455,1,1,False,True,False
351806852,128529416,1,1,False,True,False
351806852,13238459,1,1,False,True,False
351806852,1325587,1,1,False,True,False
351806852,13258039,680,680,False,True,False
351806852,1362490,3,3,False,True,False
351806852,14367737,2,2,False,True,False
351806852,15437182,2,2,False,True,False
351806852,15500883,29,29,False,True,False
351806852,157919688,1,1,False,True,False
351806852,159005377,1,1,False,True,False
351806852,164354270,1,1,False,True,False
351806852,165289175,1,1,False,True,False
351806852,16994340,1,1,False,True,False
351806852,173055585,13,13,False,True,False
351806852,17527989,1,1,False,True,False
351806852,184128064,1,1,False,True,False
351806852,184286875,1,1,False,True,False
351806852,192925833,2,2,False,True,False
351806852,197814629,2,2,False,True,False
351806852,203132746,2,2,False,True,False
351806852,204033634,1,1,False,True,False
351806852,205262760,1,1,False,True,False
351806852,212936374,2,2,False,True,False
351806852,216283035,14,14,False,True,False
351806852,21946092,11,11,False,True,False
351806852,221058575,26,26,False,True,False
351806852,228908078,7,7,False,True,False
351806852,231824392,1,1,False,True,False
351806852,234727608,1,1,False,True,False
351806852,2410676,5,5,False,True,False
351806852,24130045,1,1,False,True,False
351806852,253290187,1,1,False,True,False
351806852,26850443,1,1,False,True,False
351806852,271913609,1,1,False,True,False
351806852,275993885,11,11,False,True,False
351806852,277852028,1,1,False,True,False
351806852,282179811,1,1,False,True,False
351806852,286973214,9,9,False,True,False
351806852,295544240,9,9,False,True,False
351806852,295810364,36,36,False,True,False
351806852,298533689,1,1,False,True,False
351806852,308027791,1,1,False,True,False
351806852,309689851,1,1,False,True,False
351806852,31180321,1,1,False,True,False
351806852,32193707,13,13,False,True,False
351806852,330478792,1,1,False,True,False
351806852,33832372,1,1,False,True,False
351806852,343429164,101,101,False,True,False
351806852,351806852,33235,33235,True,True,True
351806852,352436122,14,14,False,True,False
351806852,357284448,5,5,False,True,False
351806852,358067277,35,35,False,True,False
351806852,359952601,2,2,False,True,False
351806852,3698588,1,1,False,True,False
351806852,370668507,9,9,False,True,False
351806852,372172254,1,1,False,True,False
351806852,373163805,1,1,False,True,False
351806852,38505249,1,1,False,True,False
351806852,385426741,1,1,False,True,False
351806852,39107211,1,1,False,True,False
351806852,393159516,19,19,False,True,False
351806852,394929332,3,3,False,True,False
351806852,397776424,14,14,False,True,False
351806852,4069172,1,1,False,True,False
351806852,411442387,1,1,False,True,False
351806852,412132838,8,8,False,True,False
351806852,412240914,2,2,False,True,False
351806852,433805355,3,3,False,True,False
351806852,436025393,1,1,False,True,False
351806852,439348478,24,24,False,True,False
351806852,440338104,1,1,False,True,False
351806852,44781140,1,1,False,True,True
351806852,451562730,1,1,False,True,False
351806852,467205705,2,2,False,True,False
351806852,472775521,18,18,False,True,False
351806852,48491431,1,1,False,True,False
351806852,51740644,1,1,False,True,False
351806852,518574859,1,1,False,True,False
351806852,532317850,1,1,False,True,False
351806852,5362370,12,12,False,True,False
351806852,543114976,1,1,False,True,False
351806852,545901542,232,232,False,True,False
351806852,54980593,3,3,False,True,False
351806852,55077261,1,1,False,True,False
351806852,554148984,33,33,False,True,False
351806852,556353076,1,1,False,True,False
351806852,561476718,1,1,False,True,False
351806852,5682770,1,1,False,True,False
351806852,56994503,1,1,False,True,False
351806852,580128677,2,2,False,True,False
351806852,584083190,4,4,False,True,False
351806852,58707550,30,30,False,True,False
351806852,591309502,1,1,False,True,False
351806852,592950097,1,1,False,True,False
351806852,596892,1,1,False,True,False
351806852,609088397,3,3,False,True,False
351806852,611452224,2,2,False,True,False
351806852,611858623,1,1,False,True,False
351806852,614746444,12,12,False,True,False
351806852,616848199,1,1,False,True,False
351806852,619008516,1,1,False,True,False
351806852,631735243,1,1,False,True,False
351806852,634160972,6,6,False,True,False
351806852,63990206,10,10,False,True,False
351806852,642580244,1,1,False,True,False
351806852,646423,23,23,False,True,False
351806852,662533076,5,5,False,True,False
351806852,670333862,11,11,False,True,False
351806852,672830505,1,1,False,True,False
351806852,676469233,7,7,False,True,False
351806852,67836789,5,5,False,True,False
351806852,678995193,16,16,False,True,False
351806852,681638483,11,11,False,True,False
351806852,687985448,1,1,False,True,False
351806852,688546384,1,1,False,True,False
351806852,690130401,1,1,False,True,False
351806852,708945403,1,1,False,True,False
351806852,71948498,1,1,False,True,False
351806852,724712,51,51,False,True,False
351806852,74698620,1,1,False,True,False
351806852,81598961,1,1,False,True,False
351806852,8277372,1,1,False,True,False
351806852,8385616,1,1,False,True,False
351806852,83947552,3,3,False,True,False
351806852,84240850,1,1,False,True,True
351806852,84517704,2,2,False,True,False
351806852,88519607,2,2,False,True,False
351806852,90821930,1,1,False,True,False
351806852,9120526,1,1,False,True,False
351806852,91860126,22,22,False,True,False
351806852,927442,19,19,False,True,True
351806852,93163073,2,2,False,True,False
351806852,997338,4,4,False,True,False
357707809,100649664,77,77,False,True,False
357707809,100758341,9,9,False,True,False
357707809,127420809,20,20,False,True,False
357707809,1357199,10,10,False,True,False
357707809,139499718,30,30,False,True,False
357707809,140609832,1,1,False,True,False
357707809,141345580,43,43,False,True,False
357707809,143220272,35,35,False,True,False
357707809,14367737,1,1,False,True,False
357707809,146327667,2,2,False,True,False
357707809,15111821,1,1,False,True,False
357707809,15500883,45,45,False,True,False
357707809,155240458,2,2,False,True,False
357707809,164047061,1,1,False,True,False
357707809,164668916,22,22,False,True,False
357707809,170570699,1,1,False,True,False
357707809,17420913,6,6,False,True,False
357707809,177428838,1,1,False,True,False
357707809,18260583,7,7,False,True,False
357707809,184463891,1,1,False,True,False
357707809,187523334,1,1,False,True,False
357707809,189476904,14,14,False,True,False
357707809,192625955,11,11,False,True,False
357707809,192626254,12,12,False,True,False
357707809,197814629,22,22,False,True,False
357707809,199684110,19,19,False,True,False
357707809,200299178,22,22,False,True,False
357707809,201517171,1,1,False,True,False
357707809,20580498,2,2,False,True,False
357707809,208060770,1,1,False,True,False
357707809,22360263,22,22,False,True,False
357707809,22446506,62,62,False,True,False
357707809,22938893,1,1,False,True,False
357707809,230595891,1,1,False,True,False
357707809,23088740,16,16,False,True,False
357707809,23500865,1,1,False,True,False
357707809,2410676,35,35,False,True,False
357707809,241092383,32,32,False,True,False
357707809,241506979,1,1,False,True,False
357707809,24560307,13,13,False,True,False
357707809,24725038,47,47,False,True,False
357707809,252649194,1,1,False,True,False
357707809,2606873,19,19,False,True,False
357707809,260749683,4,4,False,True,False
357707809,27890669,59,59,False,True,False
357707809,287743349,21,21,False,True,False
357707809,288485773,17,17,False,True,False
357707809,288487894,19,19,False,True,False
357707809,290916665,1,1,False,True,False
357707809,295544240,20,20,False,True,False
357707809,296977951,19,19,False,True,False
357707809,298565987,28,28,False,True,False
357707809,30062547,35,35,False,True,False
357707809,3060959,9,9,False,True,False
357707809,306769011,31,31,False,True,False
357707809,31315121,42,42,False,True,False
357707809,319459651,1,1,False,True,False
357707809,32363061,40,40,False,True,False
357707809,33832372,84,84,False,True,False
357707809,357284448,1,1,False,True,False
357707809,357707809,7721,7721,True,True,True
357707809,363245888,1,1,False,True,False
357707809,365244061,2,2,False,True,False
357707809,3678731,7,7,False,True,False
357707809,384403174,2,2,False,True,False
357707809,388881093,1,1,False,True,False
357707809,412240914,94,94,False,True,False
357707809,41473746,17,17,False,True,False
357707809,4463453,26,26,False,True,False
357707809,4542716,1,1,False,True,False
357707809,45721011,1,1,False,True,False
357707809,459025965,1,1,False,True,False
357707809,466498609,1,1,False,True,False
357707809,47065398,47,47,False,True,False
357707809,47371310,13,13,False,True,False
357707809,491802223,1,1,False,True,False
357707809,49412556,56,56,False,True,True
357707809,501776658,12,12,False,True,False
357707809,507414986,3,3,False,True,False
357707809,507775,1,1,False,True,True
357707809,510103717,3,3,False,True,False
357707809,512901698,1,1,False,True,False
357707809,52425435,4,4,False,True,False
357707809,527947052,1,1,False,True,False
357707809,528342545,9,9,False,True,False
357707809,534354967,17,17,False,True,False
357707809,536871914,19,19,False,True,False
357707809,53757700,22,22,False,True,False
357707809,558374870,1,1,False,True,False
357707809,56342508,1,1,False,True,False
357707809,57160728,1,1,False,True,False
357707809,574428026,1,1,False,True,False
357707809,610607251,1,1,False,True,False
357707809,618575799,36,36,False,True,False
357707809,619008516,1,1,False,True,False
357707809,635073227,7,7,False,True,False
357707809,638001891,2,2,False,True,False
357707809,671094317,1,1,False,True,False
357707809,67305738,2,2,False,True,False
357707809,67836789,229,229,False,True,False
357707809,68294628,56,56,False,True,False
357707809,69809097,5,5,False,True,False
357707809,701296964,1,1,False,True,False
357707809,71948498,1,1,False,True,False
357707809,724712,1,1,False,True,False
357707809,76214676,68,68,False,True,False
357707809,76978254,1,1,False,True,False
357707809,77338532,1,1,False,True,False
357707809,84517704,28,28,False,True,False
357707809,86367047,1,1,False,True,False
357707809,8643296,1,1,False,True,False
357707809,93757589,13,13,False,True,False
357707809,94702898,85,85,False,True,False
357707809,95902102,21,21,False,True,False
357707809,9801644,1,1,False,True,False
358917318,101767772,46,46,False,True,False
358917318,120538653,94,94,False,True,False
358917318,124802455,16,16,False,True,False
358917318,13124802,5,5,False,True,True
358917318,136510559,3,3,False,True,False
358917318,138754790,12,12,False,True,True
358917318,144751911,11,11,False,True,False
358917318,144752087,5,5,False,True,False
358917318,149355527,1,1,False,True,False
358917318,155119796,4,4,False,True,False
358917318,155286170,1,1,False,True,False
358917318,160615620,2,2,False,True,False
358917318,161681291,3,3,False,True,False
358917318,164047061,2,2,False,True,False
358917318,16563587,2,2,False,True,True
358917318,17165658,9,9,False,True,True
358917318,174381831,1,1,False,True,False
358917318,17527989,1,1,False,True,False
358917318,17559913,1,1,False,True,False
358917318,177139928,13,13,False,True,False
358917318,18210201,1,1,False,True,False
358917318,182849188,1,1,False,True,True
358917318,184128064,1,1,False,True,False
358917318,187042471,1,1,False,True,False
358917318,189476904,3,3,False,True,False
358917318,192625525,3,3,False,True,False
358917318,197814629,11,11,False,True,False
358917318,201517171,2,2,False,True,False
358917318,20188259,4,4,False,True,False
358917318,20587599,3,3,False,True,True
358917318,206459,3,3,False,True,False
358917318,20675635,3,3,False,True,False
358917318,21193524,1,1,False,True,False
358917318,223485832,61,61,False,True,False
358917318,22360263,8,8,False,True,False
358917318,22531552,2,2,False,True,False
358917318,22734848,21,21,False,True,False
358917318,230310173,3,3,False,True,False
358917318,23357588,2,2,False,True,False
358917318,24355992,2,2,False,True,False
358917318,253614369,2,2,False,True,False
358917318,258933250,3,3,False,True,False
358917318,26018608,1,1,False,True,False
358917318,263727855,4,4,False,True,False
358917318,26850443,4,4,False,True,False
358917318,27890669,7,7,False,True,False
358917318,282416261,1,1,False,True,False
358917318,289382944,3,3,False,True,False
358917318,290899681,1,1,False,True,False
358917318,29759715,1,1,False,True,False
358917318,302827809,1,1,False,True,True
358917318,30567707,1,1,False,True,False
358917318,320426156,1,1,False,True,False
358917318,326269244,1,1,False,True,False
358917318,336739753,3,3,False,True,False
358917318,343853530,2,2,False,True,False
358917318,358917250,381,381,False,True,False
358917318,358917318,12022,12022,True,True,True
358917318,359199097,1,1,False,True,False
358917318,359341902,1,1,False,True,False
358917318,359780596,17,17,False,True,False
358917318,367032142,1,1,False,True,False
358917318,367668551,1,1,False,True,False
358917318,368626599,4,4,False,True,False
358917318,369656460,1,1,False,True,False
358917318,375842397,1,1,False,True,False
358917318,380944275,3,3,False,True,False
358917318,388946490,1,1,False,True,True
358917318,401850253,23,23,False,True,False
358917318,403248238,1,1,False,True,False
358917318,403351442,1,1,False,True,False
358917318,40539602,1,1,False,True,False
358917318,409876755,5,5,False,True,False
358917318,410766005,2,2,False,True,False
358917318,411318591,2,2,False,True,False
358917318,412395318,1,1,False,True,False
358917318,420777439,1,1,False,True,False
358917318,42237038,1,1,False,True,False
358917318,433273516,54,54,False,True,False
358917318,438625184,1,1,False,True,False
358917318,442405131,1,1,False,True,False
358917318,447060287,2,2,False,True,False
358917318,447103949,1,1,False,True,False
358917318,451254817,1,1,False,True,False
358917318,453068084,1,1,False,True,True
358917318,454636702,1,1,False,True,False
358917318,466511672,6,6,False,True,False
358917318,479861850,1,1,False,True,False
358917318,480217156,15,15,False,True,True
358917318,483457655,84,84,False,True,False
358917318,494107715,13,13,False,True,False
358917318,496817075,7,7,False,True,True
358917318,498785517,7,7,False,True,False
358917318,502036013,3,3,False,True,False
358917318,507003245,1,1,False,True,False
358917318,5092588,1,1,False,True,False
358917318,510375115,9,9,False,True,True
358917318,512901698,23,23,False,True,False
358917318,513412912,4,4,False,True,False
358917318,513764614,7,7,False,True,False
358917318,51378283,1,1,False,True,False
358917318,515951203,14,14,False,True,False
358917318,516540438,6,6,False,True,False
358917318,51905338,12,12,False,True,False
358917318,51905353,10,10,False,True,False
358917318,520342705,1,1,False,True,False
358917318,52115335,5,5,False,True,False
358917318,526033780,1,1,False,True,False
358917318,527526335,1,1,False,True,False
358917318,52855516,1,1,False,True,False
358917318,534354967,3,3,False,True,False
358917318,5349565,6,6,False,True,True
358917318,536084262,1,1,False,True,False
358917318,536457941,21,21,False,True,False
358917318,548619478,1,1,False,True,False
358917318,557280711,2,2,False,True,False
358917318,557952665,1,1,False,True,False
358917318,560205109,1,1,False,True,False
358917318,564136837,1,1,False,True,False
358917318,584811128,1,1,False,True,False
358917318,586025558,1,1,False,True,False
358917318,586254338,4,4,False,True,False
358917318,587827277,1,1,False,True,False
358917318,594411134,1,1,False,True,False
358917318,595446941,4,4,False,True,False
358917318,600058088,2,2,False,True,False
358917318,602576644,1,1,False,True,False
358917318,609628254,6,6,False,True,False
358917318,612354784,1,1,False,True,False
358917318,613013255,1,1,False,True,False
358917318,619382345,1,1,False,True,False
358917318,621929252,2,2,False,True,False
358917318,623149777,1,1,False,True,False
358917318,626069118,4,4,False,True,False
358917318,626105373,1,1,False,True,False
358917318,627846703,3,3,False,True,False
358917318,628061501,1,1,False,True,False
358917318,636450938,2,2,False,True,False
358917318,637671184,2,2,False,True,False
358917318,638460245,1,1,False,True,False
358917318,644142125,1,1,False,True,False
358917318,646574805,2,2,False,True,False
358917318,654949237,1,1,False,True,False
358917318,659129670,1,1,False,True,False
358917318,659311942,3,3,False,True,False
358917318,660472817,1,1,False,True,False
358917318,660802589,1,1,False,True,False
358917318,664619356,5,5,False,True,False
358917318,667068215,1,1,False,True,False
358917318,667137404,1,1,False,True,False
358917318,668344211,2,2,False,True,False
358917318,668887052,2,2,False,True,False
358917318,675835930,10,10,False,True,False
358917318,675967478,1,1,False,True,False
358917318,676055846,1,1,False,True,False
358917318,67836789,10,10,False,True,False
358917318,679025373,4,4,False,True,False
358917318,681848059,1,1,False,True,False
358917318,68294628,7,7,False,True,False
358917318,689097319,1,1,False,True,False
358917318,690126042,3,3,False,True,False
358917318,690689043,1,1,False,True,False
358917318,692609224,3,3,False,True,False
358917318,697944531,1,1,False,True,False
358917318,701260245,3,3,False,True,False
358917318,704583797,2,2,False,True,False
358917318,705719368,2,2,False,True,False
358917318,713331229,3,3,False,True,False
358917318,71822014,1,1,False,True,False
358917318,724712,9,9,False,True,False
358917318,731843084,1,1,False,True,False
358917318,76978254,1,1,False,True,False
358917318,771374991,1,1,False,True,False
358917318,80964373,2,2,False,True,False
358917318,87238466,5,5,False,True,False
358917318,91151442,6,6,False,True,False
358917318,927442,3,3,False,True,True
358917318,94262864,30,30,False,True,False
358917318,94702898,1,1,False,True,False
358917318,99919302,1,1,False,True,True
371172777,371172777,21,21,True,True,True
372536760,100060912,1,1,False,True,False
372536760,105944401,1,1,False,True,True
372536760,114187903,1,1,False,True,True
372536760,155941061,1,1,False,True,False
372536760,159294525,1,1,False,True,False
372536760,187523334,1,1,False,True,False
372536760,1903522,1,1,False,True,False
372536760,223268020,1,1,False,True,False
372536760,22711503,1,1,False,True,False
372536760,23096959,1,1,False,True,False
372536760,24420506,1,1,False,True,False
372536760,24494032,3,3,False,True,True
372536760,29759715,1,1,False,True,False
372536760,33816473,1,1,False,True,False
372536760,343576900,1,1,False,True,False
372536760,372536503,2,2,False,True,False
372536760,372536760,947,947,True,True,True
372536760,412357715,1,1,False,True,False
372536760,416144775,1,1,False,True,False
372536760,433738623,1,1,False,True,False
372536760,447154263,1,1,False,True,False
372536760,451415113,1,1,False,True,False
372536760,463144212,1,1,False,True,False
372536760,477896448,1,1,False,True,False
372536760,480080,1,1,False,True,False
372536760,49086513,1,1,False,True,False
372536760,522386929,1,1,False,True,False
372536760,526908111,1,1,False,True,False
372536760,574428026,2,2,False,True,False
372536760,593066208,1,1,False,True,False
372536760,619008516,2,2,False,True,False
372536760,655973045,5,5,False,True,False
372536760,7170058,1,1,False,True,False
372536760,724712,1,1,False,True,False
372536760,730106711,2,2,False,True,False
372536760,75821432,1,1,False,True,False
372536760,81598961,1,1,False,True,False
37285717,14173176,4,4,False,True,False
37285717,37285717,3,3,True,True,True
37285717,594627,2,2,False,True,False
3766330,3766330,31,31,True,True,True
3786237,10230369,7,7,False,True,False
3786237,10262364,1,1,False,True,False
3786237,106310,6,6,False,True,False
3786237,10637896,15,15,False,True,False
3786237,1064563,77,77,False,True,False
3786237,106805892,3,3,False,True,False
3786237,108050,26,26,False,True,False
3786237,11225909,2,2,False,True,False
3786237,11233996,111,111,False,True,False
3786237,113677956,2,2,False,True,False
3786237,113677984,2,2,False,True,False
3786237,113678060,5,5,False,True,False
3786237,113678093,7,7,False,True,False
3786237,113678112,3,3,False,True,False
3786237,113678133,6,6,False,True,False
3786237,113678275,1,1,False,True,False
3786237,113678408,120,120,False,True,False
3786237,113678772,1,1,False,True,False
3786237,113678857,341,341,False,True,False
3786237,113678874,1,1,False,True,False
3786237,11408729,2,2,False,True,False
3786237,11445479,1,1,False,True,False
3786237,1148753,6,6,False,True,False
3786237,11708465,4,4,False,True,False
3786237,1187853,3,3,False,True,False
3786237,122505634,1,1,False,True,False
3786237,12499251,22,22,False,True,False
3786237,12974177,1,1,False,True,False
3786237,13222351,1,1,False,True,False
3786237,13404515,4,4,False,True,False
3786237,1361792,1,1,False,True,False
3786237,14281190,2,2,False,True,False
3786237,145303551,3,3,False,True,False
3786237,14696091,140,140,False,True,False
3786237,151122650,27,27,False,True,False
3786237,154832451,1,1,False,True,False
3786237,1680733,2,2,False,True,False
3786237,17170044,112,112,False,True,False
3786237,17286587,4,4,False,True,False
3786237,1756350,5,5,False,True,False
3786237,179637219,1,1,False,True,False
3786237,184286875,3,3,False,True,False
3786237,191249232,1,1,False,True,False
3786237,196057608,1,1,False,True,False
3786237,197814629,306,306,False,True,False
3786237,20300177,27,27,False,True,False
3786237,20321688,9,9,False,True,False
3786237,2045207,16,16,False,True,False
3786237,205262760,1,1,False,True,False
3786237,206341,4,4,False,True,False
3786237,206371,24,24,False,True,False
3786237,206483,126,126,False,True,False
3786237,20675636,2,2,False,True,False
3786237,21193524,3,3,False,True,False
3786237,220391287,121,121,False,True,False
3786237,22525984,2,2,False,True,False
3786237,23050110,39,39,False,True,False
3786237,23206290,95,95,False,True,False
3786237,23357588,175,175,False,True,False
3786237,23418517,2,2,False,True,False
3786237,23930639,3,3,False,True,False
3786237,245388716,2,2,False,True,False
3786237,2489216,1,1,False,True,False
3786237,249098063,26,26,False,True,False
3786237,2544305,7,7,False,True,False
3786237,258271226,1,1,False,True,False
3786237,25881432,3,3,False,True,False
3786237,263991304,400,400,False,True,False
3786237,27729926,34,34,False,True,False
3786237,27790789,3,3,False,True,False
3786237,27883327,1,1,False,True,False
3786237,287743349,196,196,False,True,False
3786237,28992330,154,154,False,True,False
3786237,29102367,2,2,False,True,False
3786237,295885135,4,4,False,True,False
3786237,30072532,8,8,False,True,False
3786237,3038937,2,2,False,True,False
3786237,30676648,139,139,False,True,False
3786237,312851969,2,2,False,True,False
3786237,31339163,18,18,False,True,False
3786237,32538871,9,9,False,True,False
3786237,32741886,10,10,False,True,False
3786237,32792022,9,9,False,True,False
3786237,3370128,32,32,False,True,False
3786237,33745913,15,15,False,True,True
3786237,33816473,32,32,False,True,False
3786237,34007506,10,10,False,True,False
3786237,341631350,3,3,False,True,True
3786237,3432266,48,48,False,True,False
3786237,35697158,1,1,False,True,False
3786237,35698408,39,39,False,True,False
3786237,35699223,14,14,False,True,False
3786237,359757315,1,1,False,True,False
3786237,373940169,2,2,False,True,False
3786237,3786237,10776,10776,True,True,True
3786237,384131047,4,4,False,True,False
3786237,38488726,67,67,False,True,False
3786237,407242578,1,1,False,True,False
3786237,409505495,1,1,False,True,False
3786237,420067157,1,1,False,True,False
3786237,43372634,1,1,False,True,False
3786237,43431363,2,2,False,True,False
3786237,445340244,1,1,False,True,False
3786237,44611390,2,2,False,True,False
3786237,449643557,1,1,False,True,False
3786237,45202495,1,1,False,True,False
3786237,47757098,1,1,False,True,False
3786237,48046454,5,5,False,True,False
3786237,4950187,11,11,False,True,False
3786237,49867147,66,66,False,True,False
3786237,501687,7,7,False,True,False
3786237,507775,53,53,False,True,True
3786237,51286051,1,1,False,True,False
3786237,52556695,30,30,False,True,False
3786237,542065901,2,2,False,True,False
3786237,544806613,1,1,False,True,False
3786237,561272182,2,2,False,True,False
3786237,5663857,42,42,False,True,False
3786237,574877,40,40,False,True,False
3786237,60111626,6,6,False,True,False
3786237,60977924,2,2,False,True,False
3786237,61105758,8,8,False,True,False
3786237,620373809,1,1,False,True,False
3786237,6207167,857,857,False,True,False
3786237,6296790,3,3,False,True,False
3786237,63001163,2,2,False,True,False
3786237,66311167,14,14,False,True,False
3786237,667310700,2,2,False,True,False
3786237,670260734,1,1,False,True,False
3786237,674155526,1,1,False,True,False
3786237,674718180,1,1,False,True,False
3786237,6818061,216,216,False,True,False
3786237,69940348,4,4,False,True,False
3786237,719950280,2,2,False,True,False
3786237,80640282,96,96,False,True,False
3786237,832680,131,131,False,True,False
3786237,88962042,12,12,False,True,False
3786237,9476938,1,1,False,True,False
3786237,95247959,25,25,False,True,False
3786237,961036,3,3,False,True,False
3786237,97753277,1,1,False,True,False
3788366,146879533,1,1,False,True,False
3788366,179553396,2,2,False,True,False
3788366,196587809,2,2,False,True,False
3788366,32795118,3,3,False,True,False
3788366,342249231,1,1,False,True,False
3788366,3788366,163,163,True,True,True
3788366,47662468,1,1,False,True,False
3788366,489071239,3,3,False,True,False
3788366,49670957,1,1,False,True,True
3788366,576336363,1,1,False,True,False
3788366,730664515,2,2,False,True,False
3788366,97462285,1,1,False,True,False
385356389,143379187,3,3,False,True,False
385356389,385356389,703,703,True,True,True
385356389,523506543,1,1,False,True,False
385356389,619008516,1,1,False,True,False
385634291,108979839,10,10,False,True,False
385634291,109162639,5,5,False,True,False
385634291,11208890,2,2,False,True,False
385634291,112638589,2,2,False,True,False
385634291,11452538,44,44,False,True,False
385634291,119439276,3,3,False,True,False
385634291,129717717,28,28,False,True,False
385634291,131339601,1,1,False,True,False
385634291,132518310,2,2,False,True,False
385634291,133067498,58,58,False,True,False
385634291,13628513,37,37,False,True,False
385634291,146327667,1,1,False,True,False
385634291,15111821,28,28,False,True,False
385634291,160367623,1,1,False,True,False
385634291,168011367,1,1,False,True,False
385634291,170411418,19,19,False,True,False
385634291,177659629,1,1,False,True,False
385634291,177727591,21,21,False,True,False
385634291,178249461,1,1,False,True,False
385634291,184981,5,5,False,True,True
385634291,185861173,76,76,False,True,False
385634291,187086161,93,93,False,True,False
385634291,189621607,14,14,False,True,False
385634291,190416463,1,1,False,True,False
385634291,191973776,1,1,False,True,False
385634291,192624594,44,44,False,True,False
385634291,19608522,75,75,False,True,False
385634291,196414933,143,143,False,True,False
385634291,197176365,2,2,False,True,False
385634291,197814629,42,42,False,True,False
385634291,209657662,1,1,False,True,False
385634291,215566462,2,2,False,True,False
385634291,224021526,22,22,False,True,False
385634291,224289715,48,48,False,True,False
385634291,22700054,53,53,False,True,False
385634291,22855240,43,43,False,True,False
385634291,23096959,9,9,False,True,False
385634291,236055696,6,6,False,True,False
385634291,242202166,36,36,False,True,False
385634291,242923372,17,17,False,True,False
385634291,25417964,27,27,False,True,False
385634291,25872841,25,25,False,True,False
385634291,27051771,2,2,False,True,False
385634291,27096595,340,340,False,True,False
385634291,274135349,19,19,False,True,False
385634291,27522241,33,33,False,True,False
385634291,27522271,89,89,False,True,False
385634291,27576132,299,299,False,True,False
385634291,27729880,2,2,False,True,False
385634291,27729907,127,127,False,True,False
385634291,28352089,53,53,False,True,False
385634291,285864234,5,5,False,True,False
385634291,287743349,48,48,False,True,False
385634291,288485773,27,27,False,True,False
385634291,288487894,25,25,False,True,False
385634291,289034413,58,58,False,True,False
385634291,29261473,1,1,False,True,False
385634291,299240810,1,1,False,True,False
385634291,301794968,1,1,False,True,False
385634291,31288958,49,49,False,True,False
385634291,3168225,19,19,False,True,False
385634291,34933072,123,123,False,True,False
385634291,354191236,1,1,False,True,False
385634291,359168968,1,1,False,True,False
385634291,36502,1,1,False,True,False
385634291,367429065,1,1,False,True,False
385634291,371068214,19,19,False,True,False
385634291,37326770,51,51,False,True,False
385634291,385183546,59,59,False,True,False
385634291,385634291,23294,23294,True,True,True
385634291,388840211,4,4,False,True,False
385634291,392728007,201,201,False,True,False
385634291,393288578,271,271,False,True,False
385634291,399925381,22,22,False,True,False
385634291,440548397,1,1,False,True,False
385634291,447544746,1,1,False,True,False
385634291,45226685,38,38,False,True,False
385634291,470569742,1,1,False,True,False
385634291,473555568,36,36,False,True,False
385634291,506659611,3,3,False,True,False
385634291,511108827,2,2,False,True,False
385634291,513490444,1,1,False,True,False
385634291,51620247,37,37,False,True,False
385634291,524100695,2,2,False,True,False
385634291,52855516,2,2,False,True,False
385634291,530712828,1,1,False,True,False
385634291,53356367,1,1,False,True,False
385634291,56420035,11,11,False,True,False
385634291,56550961,1,1,False,True,False
385634291,574877,1,1,False,True,False
385634291,6051812,36,36,False,True,False
385634291,618547382,2,2,False,True,False
385634291,6247705,17,17,False,True,False
385634291,62635533,15,15,False,True,False
385634291,626372451,1,1,False,True,False
385634291,626750992,1,1,False,True,False
385634291,627774285,1,1,False,True,False
385634291,632877536,4,4,False,True,False
385634291,642495775,1,1,False,True,False
385634291,650790307,2,2,False,True,False
385634291,6731432,1,1,False,True,False
385634291,6766558,1,1,False,True,False
385634291,67793333,8,8,False,True,False
385634291,6838921,304,304,False,True,True
385634291,685474150,3,3,False,True,False
385634291,687314385,4,4,False,True,False
385634291,68964263,1,1,False,True,False
385634291,71133469,30,30,False,True,False
385634291,75649634,31,31,False,True,False
385634291,75744278,17,17,False,True,False
385634291,76734068,1,1,False,True,False
385634291,78234185,1,1,False,True,False
385634291,7823926,35,35,False,True,False
385634291,84610043,1,1,False,True,False
385634291,85069480,20,20,False,True,False
385634291,86740149,1,1,False,True,False
385634291,90796663,7,7,False,True,False
385634291,90798757,1,1,False,True,False
385634291,93163073,3,3,False,True,False
385634291,93619165,1,1,False,True,False
385634291,94148671,13,13,False,True,False
385634291,96237042,1,1,False,True,False
385634291,97060860,1,1,False,True,False
387622288,169677297,3,3,False,True,False
387622288,387622288,165,165,True,True,True
388946490,103603776,2,2,False,True,False
388946490,108306129,8,8,False,True,False
388946490,11131631,287,287,False,True,False
388946490,124290783,4,4,False,True,False
388946490,126412363,6,6,False,True,False
388946490,1287669,2,2,False,True,False
388946490,128842710,189,189,False,True,False
388946490,13078968,1,1,False,True,False
388946490,131347954,150,150,False,True,False
388946490,1357199,1,1,False,True,False
388946490,1362490,1,1,False,True,False
388946490,138754790,16,16,False,True,True
388946490,149121954,1,1,False,True,False
388946490,150154628,112,112,False,True,False
388946490,16211818,48,48,False,True,False
388946490,166515022,2,2,False,True,True
388946490,17165658,175,175,False,True,True
388946490,191817804,13,13,False,True,False
388946490,191838304,4,4,False,True,False
388946490,201103120,2,2,False,True,False
388946490,204788647,4,4,False,True,False
388946490,206444,2,2,False,True,True
388946490,20675635,12,12,False,True,False
388946490,208060770,1,1,False,True,False
388946490,223490876,125,125,False,True,False
388946490,224592887,162,162,False,True,False
388946490,22711503,2,2,False,True,False
388946490,23086893,1,1,False,True,False
388946490,23088740,2,2,False,True,False
388946490,23357588,3,3,False,True,False
388946490,23821422,5,5,False,True,False
388946490,2396600,6,6,False,True,False
388946490,239770490,1,1,False,True,False
388946490,2423322,3,3,False,True,False
388946490,24560307,1,1,False,True,False
388946490,24776728,186,186,False,True,False
388946490,260749683,1,1,False,True,False
388946490,274799566,2,2,False,True,False
388946490,27889694,161,161,False,True,False
388946490,280276446,54,54,False,True,False
388946490,2835111,2,2,False,True,False
388946490,283874375,11,11,False,True,False
388946490,28710753,3,3,False,True,False
388946490,296296855,1,1,False,True,False
388946490,296382547,8,8,False,True,False
388946490,300726227,4,4,False,True,False
388946490,302670797,1,1,False,True,False
388946490,3037907,1,1,False,True,False
388946490,30765938,18,18,False,True,False
388946490,30945132,1,1,False,True,False
388946490,31197250,1,1,False,True,False
388946490,31358787,1,1,False,True,False
388946490,31927407,12,12,False,True,False
388946490,319463560,1,1,False,True,False
388946490,33157169,2,2,False,True,False
388946490,331611849,1,1,False,True,False
388946490,3320710,39,39,False,True,False
388946490,335846210,1,1,False,True,False
388946490,343853530,14,14,False,True,False
388946490,35144191,2,2,False,True,False
388946490,35440404,18,18,False,True,False
388946490,3678731,111,111,False,True,False
388946490,369486739,1,1,False,True,False
388946490,388946490,13649,13649,True,True,True
388946490,39283837,3,3,False,True,False
388946490,39840932,1,1,False,True,False
388946490,401850253,5,5,False,True,False
388946490,404194456,47,47,False,True,False
388946490,40736127,1,1,False,True,False
388946490,409296208,1,1,False,True,False
388946490,409392206,1,1,False,True,False
388946490,416051323,153,153,False,True,False
388946490,416091141,10,10,False,True,False
388946490,41952293,2,2,False,True,False
388946490,423543171,6,6,False,True,False
388946490,433759186,1,1,False,True,False
388946490,435375021,28,28,False,True,False
388946490,440262866,12,12,False,True,False
388946490,440807399,1,1,False,True,False
388946490,4463453,52,52,False,True,False
388946490,450183621,1,1,False,True,False
388946490,4524181,594,594,False,True,False
388946490,452825945,30,30,False,True,False
388946490,455600,7,7,False,True,False
388946490,479292237,11,11,False,True,False
388946490,483500211,14,14,False,True,False
388946490,50387722,1,1,False,True,False
388946490,510953846,1,1,False,True,False
388946490,51905353,15,15,False,True,False
388946490,52855516,2,2,False,True,False
388946490,5349565,273,273,False,True,True
388946490,539006295,4,4,False,True,False
388946490,559669561,2,2,False,True,False
388946490,56128733,2,2,False,True,True
388946490,569041,3,3,False,True,False
388946490,577850152,201,201,False,True,False
388946490,58146669,144,144,False,True,False
388946490,60075331,13,13,False,True,False
388946490,60246359,2,2,False,True,True
388946490,612277669,2,2,False,True,False
388946490,623499199,1,1,False,True,False
388946490,65046532,149,149,False,True,False
388946490,665353395,1,1,False,True,False
388946490,66992256,1,1,False,True,False
388946490,672138641,1,1,False,True,False
388946490,6930489,193,193,False,True,False
388946490,6934395,114,114,False,True,True
388946490,7056202,6,6,False,True,False
388946490,711976,1,1,False,True,False
388946490,730832824,2,2,False,True,False
388946490,75821432,3,3,False,True,False
388946490,7589942,1,1,False,True,False
388946490,7590028,2,2,False,True,False
388946490,80179724,146,146,False,True,False
388946490,89943162,156,156,False,True,False
388946490,927442,5,5,False,True,True
388946490,94911145,3,3,False,True,False
388946490,9571473,1,1,False,True,False
388946490,9948347,1,1,False,True,False
393235957,138754790,1,1,False,True,True
393235957,183477487,2,2,False,True,False
393235957,358917250,1,1,False,True,False
393235957,389256017,1,1,False,True,False
393235957,393235957,119,119,True,True,True
393235957,512901698,1,1,False,True,False
39519916,108110,2,2,False,True,True
39519916,39519916,718,718,True,True,True
396856161,102390943,1,1,False,True,False
396856161,10320116,3,3,False,True,False
396856161,105711679,18,18,False,True,False
396856161,124602093,6,6,False,True,False
396856161,12574344,2,2,False,True,False
396856161,132145189,27,27,False,True,False
396856161,136494223,13,13,False,True,False
396856161,148666822,6,6,False,True,False
396856161,16019737,5,5,False,True,False
396856161,16563587,3,3,False,True,True
396856161,178576091,1,1,False,True,False
396856161,182466444,2,2,False,True,False
396856161,184286875,2,2,False,True,False
396856161,186022916,8,8,False,True,False
396856161,187086161,20,20,False,True,False
396856161,19608522,25,25,False,True,False
396856161,21540759,1,1,False,True,False
396856161,21708754,1,1,False,True,False
396856161,23096959,1,1,False,True,False
396856161,23357588,1,1,False,True,False
396856161,242202166,29,29,False,True,False
396856161,248790367,11,11,False,True,False
396856161,251420886,2,2,False,True,False
396856161,25719147,3,3,False,True,False
396856161,27051771,1,1,False,True,False
396856161,27096595,27,27,False,True,False
396856161,27146054,5,5,False,True,False
396856161,27576132,11,11,False,True,False
396856161,276304668,1,1,False,True,False
396856161,27729907,20,20,False,True,False
396856161,279678961,6,6,False,True,False
396856161,292853702,1,1,False,True,False
396856161,30389634,1,1,False,True,False
396856161,3168225,3,3,False,True,False
396856161,332819751,1,1,False,True,False
396856161,33352201,2,2,False,True,False
396856161,344893038,5,5,False,True,False
396856161,357107303,1,1,False,True,False
396856161,366300218,4,4,False,True,False
396856161,3698588,4,4,False,True,False
396856161,37326770,9,9,False,True,False
396856161,37560288,9,9,False,True,False
396856161,386788697,1,1,False,True,False
396856161,396856161,2070,2070,True,True,True
396856161,407294153,9,9,False,True,False
396856161,412102330,2,2,False,True,False
396856161,417011402,2,2,False,True,False
396856161,422359641,2,2,False,True,False
396856161,451990498,16,16,False,True,False
396856161,48714685,1,1,False,True,False
396856161,491227630,3,3,False,True,False
396856161,515238162,2,2,False,True,False
396856161,51620247,16,16,False,True,False
396856161,563510952,5,5,False,True,False
396856161,58821882,14,14,False,True,False
396856161,62142665,1,1,False,True,False
396856161,6247705,1,1,False,True,False
396856161,64409189,1,1,False,True,False
396856161,66737655,3,3,False,True,False
396856161,674820364,1,1,False,True,False
396856161,710733215,1,1,False,True,False
396856161,723497381,1,1,False,True,False
396856161,77071454,1,1,False,True,False
396856161,7823926,13,13,False,True,False
396856161,91054480,6,6,False,True,False
396856161,91074692,1,1,False,True,False
396856161,9120526,9,9,False,True,False
396867188,105672026,1,1,False,True,False
396867188,1064563,38,38,False,True,False
396867188,108050,13,13,False,True,False
396867188,113677984,14,14,False,True,False
396867188,113678112,10,10,False,True,False
396867188,113678153,10,10,False,True,False
396867188,113678275,7,7,False,True,False
396867188,113678408,15,15,False,True,False
396867188,113678772,1,1,False,True,False
396867188,113678857,8,8,False,True,False
396867188,113678874,9,9,False,True,False
396867188,1187853,1,1,False,True,False
396867188,129883659,10,10,False,True,False
396867188,148723815,1,1,False,True,False
396867188,159271175,1,1,False,True,False
396867188,17714713,1,1,False,True,False
396867188,178738123,4,4,False,True,False
396867188,18128548,22,22,False,True,False
396867188,191942768,25,25,False,True,False
396867188,192625525,3,3,False,True,False
396867188,196057608,1,1,False,True,False
396867188,197814629,11,11,False,True,False
396867188,2394379,10,10,False,True,False
396867188,259445878,10,10,False,True,False
396867188,283187,2,2,False,True,False
396867188,283325,27,27,False,True,False
396867188,287743349,7,7,False,True,False
396867188,288485773,7,7,False,True,False
396867188,288487894,7,7,False,True,False
396867188,29102367,14,14,False,True,False
396867188,30449481,7,7,False,True,True
396867188,313091396,1,1,False,True,False
396867188,32538871,4,4,False,True,False
396867188,3370128,47,47,False,True,False
396867188,33816473,52,52,False,True,False
396867188,35697550,2,2,False,True,False
396867188,35700771,25,25,False,True,False
396867188,383530539,5,5,False,True,False
396867188,396867188,1636,1636,True,True,True
396867188,402121073,1,1,False,True,False
396867188,463209963,2,2,False,True,False
396867188,4950187,15,15,False,True,False
396867188,49662222,4,4,False,True,False
396867188,5103785,42,42,False,True,False
396867188,52855516,1,1,False,True,False
396867188,537800,14,14,False,True,False
396867188,543818184,1,1,False,True,False
396867188,572737300,5,5,False,True,False
396867188,593569528,1,1,False,True,False
396867188,60111626,46,46,False,True,False
396867188,6207167,40,40,False,True,False
396867188,7083240,1,1,False,True,True
396867188,715605,15,15,False,True,False
396867188,720603002,2,2,False,True,False
396867188,832680,104,104,False,True,False
411979983,1357199,8,8,False,True,False
411979983,18260583,3,3,False,True,False
411979983,24063576,13,13,False,True,False
411979983,24560307,1,1,False,True,False
411979983,26658897,1,1,False,True,False
411979983,411979983,43,43,True,True,True
411979983,4463453,12,12,False,True,False
411979983,60075331,3,3,False,True,False
41349039,11225014,3,3,False,True,True
41349039,121086193,2,2,False,True,False
41349039,124657854,1,1,False,True,False
41349039,13310527,2,2,False,True,False
41349039,1362490,9,9,False,True,False
41349039,147963112,9,9,False,True,False
41349039,170366344,2,2,False,True,False
41349039,175100306,1,1,False,True,False
41349039,18893367,1,1,False,True,False
41349039,200696780,1,1,False,True,False
41349039,205564111,2,2,False,True,False
41349039,23086893,1,1,False,True,False
41349039,23096959,2,2,False,True,False
41349039,239781275,1,1,False,True,False
41349039,2410676,10,10,False,True,False
41349039,26210598,1,1,False,True,False
41349039,27522241,3,3,False,True,False
41349039,27522271,64,64,False,True,False
41349039,27729907,2,2,False,True,False
41349039,28366058,605,605,False,True,False
41349039,296678196,1,1,False,True,False
41349039,3060959,375,375,False,True,False
41349039,310611,1,1,False,True,False
41349039,322322404,24,24,False,True,False
41349039,3544424,64,64,False,True,False
41349039,41349039,7101,7101,True,True,True
41349039,450019595,3,3,False,True,False
41349039,50107469,3,3,False,True,False
41349039,5801666,1,1,False,True,False
41349039,58821882,1,1,False,True,False
41349039,596892,11,11,False,True,False
41349039,614690658,2,2,False,True,False
41349039,664452562,1,1,False,True,False
41349039,676256169,1,1,False,True,False
41349039,6892935,1,1,False,True,False
41349039,71253874,66,66,False,True,False
41349039,7691631,4,4,False,True,False
41349039,7823926,17,17,False,True,False
41349039,80087836,55,55,False,True,True
41349039,997338,5,5,False,True,False
416174776,33088125,1,1,False,True,False
416174776,416174776,4,4,True,True,True
41986369,100982449,1,1,False,True,False
41986369,10320116,2,2,False,True,False
41986369,109330128,6,6,False,True,False
41986369,110772190,2,2,False,True,False
41986369,111641659,1,1,False,True,False
41986369,112655189,2,2,False,True,False
41986369,118105436,2,2,False,True,False
41986369,132145189,13,13,False,True,False
41986369,133238084,1,1,False,True,False
41986369,136926865,1,1,False,True,False
41986369,143867478,5,5,False,True,False
41986369,144092408,1,1,False,True,False
41986369,145156191,2,2,False,True,False
41986369,150954997,1,1,False,True,True
41986369,151760169,1,1,False,True,False
41986369,153882884,3,3,False,True,False
41986369,155136567,1,1,False,True,False
41986369,157008425,4,4,False,True,False
41986369,157310998,1,1,False,True,False
41986369,159907380,147,147,False,True,False
41986369,16563587,1,1,False,True,True
41986369,165957180,3,3,False,True,False
41986369,167317243,16,16,False,True,False
41986369,167499157,74,74,False,True,False
41986369,167926123,1,1,False,True,False
41986369,170366344,2,2,False,True,False
41986369,177210627,1,1,False,True,False
41986369,183365721,1,1,False,True,False
41986369,186022916,7,7,False,True,False
41986369,18765044,28,28,False,True,False
41986369,194829679,1,1,False,True,False
41986369,19608522,1,1,False,True,False
41986369,201455508,27,27,False,True,False
41986369,204033634,1,1,False,True,False
41986369,204888772,3,3,False,True,False
41986369,20580498,2,2,False,True,False
41986369,206444,3,3,False,True,True
41986369,20773773,5,5,False,True,False
41986369,215231163,3,3,False,True,False
41986369,218006898,1,1,False,True,False
41986369,226354201,2,2,False,True,False
41986369,230847070,4,4,False,True,False
41986369,23096959,20,20,False,True,False
41986369,23357588,42,42,False,True,False
41986369,241903378,2,2,False,True,False
41986369,242202166,9,9,False,True,False
41986369,24494032,9,9,False,True,True
41986369,249188235,7,7,False,True,False
41986369,26290249,1,1,False,True,False
41986369,27096595,1,1,False,True,False
41986369,27146054,25,25,False,True,False
41986369,27522241,13,13,False,True,False
41986369,27522271,11,11,False,True,False
41986369,27522282,5,5,False,True,False
41986369,27522295,10,10,False,True,False
41986369,27576132,1,1,False,True,False
41986369,28352089,5,5,False,True,False
41986369,287193461,1,1,False,True,False
41986369,304537599,20,20,False,True,False
41986369,305581149,1,1,False,True,False
41986369,315538318,9,9,False,True,False
41986369,317755107,1,1,False,True,False
41986369,31792824,2,2,False,True,False
41986369,31806094,1,1,False,True,False
41986369,339993533,1,1,False,True,False
41986369,351353365,1,1,False,True,False
41986369,362529558,1,1,False,True,False
41986369,363920445,1,1,False,True,False
41986369,3678731,1,1,False,True,False
41986369,370644553,1,1,False,True,False
41986369,37326770,3,3,False,True,False
41986369,37510432,10,10,False,True,False
41986369,377755619,2,2,False,True,False
41986369,393094567,3,3,False,True,False
41986369,39468142,3,3,False,True,False
41986369,398164186,1,1,False,True,False
41986369,39874513,1,1,False,True,False
41986369,40395126,1,1,False,True,False
41986369,406999479,1,1,False,True,False
41986369,415771369,1,1,False,True,False
41986369,41632796,1,1,False,True,False
41986369,41986369,138919,138919,True,True,True
41986369,41986662,1,1,False,True,False
41986369,422455952,4,4,False,True,False
41986369,443730909,3,3,False,True,False
41986369,445431783,1,1,False,True,False
41986369,45226685,6,6,False,True,False
41986369,45446294,2,2,False,True,False
41986369,45516769,2,2,False,True,False
41986369,4569051,2,2,False,True,False
41986369,46394186,14,14,False,True,False
41986369,47409672,1,1,False,True,False
41986369,476548123,1,1,False,True,False
41986369,48833910,124,124,False,True,True
41986369,511745739,6,6,False,True,False
41986369,51905353,1,1,False,True,False
41986369,52034309,28,28,False,True,False
41986369,53292445,7,7,False,True,False
41986369,53311716,93,93,False,True,False
41986369,53628424,9,9,False,True,False
41986369,53954979,2,2,False,True,False
41986369,54172699,1,1,False,True,False
41986369,542413372,16,16,False,True,False
41986369,54378638,1,1,False,True,False
41986369,55185530,1,1,False,True,False
41986369,554147910,2,2,False,True,False
41986369,557075997,1,1,False,True,False
41986369,57333709,2,2,False,True,False
41986369,583248438,2,2,False,True,False
41986369,587622851,1,1,False,True,False
41986369,59526988,2,2,False,True,False
41986369,60188025,1,1,False,True,False
41986369,6247705,16,16,False,True,False
41986369,63065396,1,1,False,True,False
41986369,63082527,1,1,False,True,False
41986369,635979215,28,28,False,True,False
41986369,63809205,1,1,False,True,False
41986369,63995402,13,13,False,True,False
41986369,64188788,24,24,False,True,False
41986369,64638071,5,5,False,True,False
41986369,6503675,42,42,False,True,False
41986369,65214191,1,1,False,True,False
41986369,653525888,1,1,False,True,False
41986369,669168604,3,3,False,True,False
41986369,67006105,1,1,False,True,False
41986369,673545053,1,1,False,True,False
41986369,67385952,3,3,False,True,False
41986369,677206856,1,1,False,True,False
41986369,679647890,1,1,False,True,False
41986369,6838921,39,39,False,True,True
41986369,6934395,1,1,False,True,True
41986369,69400326,1,1,False,True,False
41986369,694825173,1,1,False,True,False
41986369,7083242,9,9,False,True,False
41986369,72486161,1,1,False,True,False
41986369,727547054,5,5,False,True,False
41986369,729031460,3,3,False,True,False
41986369,73823302,1,1,False,True,False
41986369,7823926,3,3,False,True,False
41986369,8514,2,2,False,True,False
41986369,86749899,1,1,False,True,False
41986369,88956492,1,1,False,True,False
41986369,90336564,1,1,False,True,False
41986369,96237042,2,2,False,True,False
420965027,146327667,1,1,False,True,False
420965027,23500865,1,1,False,True,False
420965027,24130045,1,1,False,True,False
420965027,252650176,1,1,False,True,False
420965027,254351989,2,2,False,True,False
420965027,268163609,1,1,False,True,True
420965027,302827809,1,1,False,True,True
420965027,358917250,2,2,False,True,False
420965027,358917318,12,12,False,True,True
420965027,372630017,1,1,False,True,False
420965027,389256017,1,1,False,True,False
420965027,420965027,1376,1376,True,True,True
420965027,433273516,1,1,False,True,False
420965027,47854924,1,1,False,True,False
420965027,493522583,1,1,False,True,False
420965027,493884806,1,1,False,True,False
420965027,51905353,1,1,False,True,False
420965027,539278717,1,1,False,True,False
420965027,548349609,4,4,False,True,False
420965027,574008360,4,4,False,True,False
420965027,600047029,4,4,False,True,False
420965027,619008516,1,1,False,True,False
420965027,671825406,1,1,False,True,False
420965027,724712,1,1,False,True,False
422821402,10270722,1,1,False,True,False
422821402,10320116,1,1,False,True,False
422821402,108110,9,9,False,True,True
422821402,116259506,17,17,False,True,False
422821402,126238614,10,10,False,True,False
422821402,127101557,1,1,False,True,False
422821402,128887107,3,3,False,True,False
422821402,132145189,30,30,False,True,False
422821402,13539049,1,1,False,True,False
422821402,13674972,1,1,False,True,False
422821402,145749701,1,1,False,True,False
422821402,149199408,1,1,False,True,False
422821402,15045751,1,1,False,True,False
422821402,150988662,3,3,False,True,False
422821402,161674141,1,1,False,True,False
422821402,16563587,3,3,False,True,True
422821402,16652218,1,1,False,True,False
422821402,17451182,2,2,False,True,False
422821402,178303050,2,2,False,True,False
422821402,178576091,1,1,False,True,False
422821402,178628673,5,5,False,True,False
422821402,184792968,1,1,False,True,False
422821402,187086161,92,92,False,True,False
422821402,18765044,12,12,False,True,False
422821402,19244865,8,8,False,True,False
422821402,192625955,2,2,False,True,False
422821402,197814629,20,20,False,True,False
422821402,200696780,1,1,False,True,False
422821402,20491274,68,68,False,True,False
422821402,215532341,1,1,False,True,False
422821402,223794069,1,1,False,True,False
422821402,22478116,1,1,False,True,False
422821402,228435476,1,1,False,True,False
422821402,229030654,1,1,False,True,False
422821402,229959677,1,1,False,True,False
422821402,23096959,2,2,False,True,False
422821402,242202166,25,25,False,True,False
422821402,256133315,1,1,False,True,False
422821402,27146054,21,21,False,True,False
422821402,27522241,3,3,False,True,False
422821402,27522271,8,8,False,True,False
422821402,27522282,10,10,False,True,False
422821402,27729907,2,2,False,True,False
422821402,287403351,1,1,False,True,False
422821402,287743349,9,9,False,True,False
422821402,288487894,9,9,False,True,False
422821402,292561501,1,1,False,True,False
422821402,31619713,1,1,False,True,False
422821402,3214406,2,2,False,True,False
422821402,32193707,1,1,False,True,False
422821402,327089870,3,3,False,True,False
422821402,351130822,1,1,False,True,False
422821402,35120039,1,1,False,True,False
422821402,364741693,1,1,False,True,False
422821402,37326770,5,5,False,True,False
422821402,383428435,1,1,False,True,False
422821402,3877327,1,1,False,True,False
422821402,404607321,1,1,False,True,False
422821402,422821402,5543,5543,True,True,True
422821402,423907006,6,6,False,True,False
422821402,43441403,2,2,False,True,False
422821402,434919155,21,21,False,True,False
422821402,435955533,7,7,False,True,False
422821402,438112499,4,4,False,True,False
422821402,4463453,15,15,False,True,False
422821402,44662669,2,2,False,True,False
422821402,457946259,22,22,False,True,False
422821402,469712953,1,1,False,True,False
422821402,475016659,1,1,False,True,False
422821402,50603846,1,1,False,True,False
422821402,51620247,6,6,False,True,False
422821402,52034309,23,23,False,True,False
422821402,520455244,2,2,False,True,False
422821402,526530291,1,1,False,True,False
422821402,528791750,2,2,False,True,False
422821402,529504107,1,1,False,True,False
422821402,529878640,1,1,False,True,False
422821402,53258252,1,1,False,True,False
422821402,546547856,2,2,False,True,False
422821402,548251,1,1,False,True,False
422821402,560750575,326,326,False,True,False
422821402,592857433,2,2,False,True,False
422821402,593091353,4,4,False,True,False
422821402,595710888,1,1,False,True,False
422821402,598303453,1,1,False,True,False
422821402,612746627,1,1,False,True,False
422821402,6247705,4,4,False,True,False
422821402,628340562,1,1,False,True,False
422821402,631078301,1,1,False,True,False
422821402,639821369,1,1,False,True,False
422821402,666355905,1,1,False,True,False
422821402,67372977,1,1,False,True,False
422821402,71133469,1,1,False,True,False
422821402,7823926,7,7,False,True,False
422821402,79733281,1,1,False,True,False
422821402,81355383,21,21,False,True,False
422821402,83252983,54,54,False,True,False
422821402,85516979,1,1,False,True,False
422821402,9120526,11,11,False,True,False
422821402,94911145,3,3,False,True,False
422821402,9603889,2,2,False,True,False
4254338,105088940,19,19,False,True,False
4254338,11974348,1,1,False,True,False
4254338,22234992,1,1,False,True,False
4254338,30824101,1,1,False,True,False
4254338,4254325,2,2,False,True,False
4254338,4254334,2,2,False,True,False
4254338,4254338,97,97,True,True,True
4254338,97611747,2,2,False,True,False
429630067,429630067,55,55,True,True,True
429630067,51905353,1,1,False,True,False
432844875,35339348,3,3,False,True,False
432844875,432844875,735,735,True,True,True
432844875,460293724,3,3,False,True,False
432844875,600088427,1,1,False,True,False
4407129,179344069,2,2,False,True,False
4407129,2074703,1,1,False,True,False
4407129,2651432,4,4,False,True,False
4407129,280356979,2,2,False,True,False
4407129,42652543,16,16,False,True,False
4407129,4407129,56,56,True,True,True
4407129,52855516,1,1,False,True,False
441299511,15500883,1,1,False,True,False
441299511,295544240,3,3,False,True,False
441299511,41473746,1,1,False,True,False
441299511,441299511,316,316,True,True,True
441299511,482457819,1,1,False,True,False
441299511,528342545,1,1,False,True,False
441299511,54360307,1,1,False,True,False
442441933,120538653,90,90,False,True,False
442441933,138754790,16,16,False,True,True
442441933,14829536,1,1,False,True,False
442441933,285867319,15,15,False,True,False
442441933,299220196,24,24,False,True,False
442441933,309513886,11,11,False,True,False
442441933,347277349,3,3,False,True,False
442441933,442441933,2449,2449,True,True,True
442441933,51905353,1,1,False,True,False
442441933,609839563,1,1,False,True,False
442441933,691722422,1,1,False,True,False
442441933,84045805,1,1,False,True,False
442441933,91151442,22,22,False,True,False
443220240,1367055,2,2,False,True,False
443220240,22392639,2,2,False,True,False
443220240,34595131,1,1,False,True,False
443220240,443220240,39,39,True,True,True
443220240,488009270,2,2,False,True,False
443220240,517198710,2,2,False,True,False
443220240,571013039,1,1,False,True,False
443220240,594406902,2,2,False,True,False
443220240,601223505,3,3,False,True,False
443220240,622026215,1,1,False,True,False
443220240,627300541,2,2,False,True,False
443220240,673363650,2,2,False,True,False
443220240,673465084,2,2,False,True,False
443220240,694438560,1,1,False,True,False
443220240,714663979,1,1,False,True,False
443220240,729935667,1,1,False,True,False
443220240,76504246,1,1,False,True,False
443220240,90301263,1,1,False,True,False
44781140,101664763,3,3,False,True,False
44781140,101769985,15,15,False,True,False
44781140,109997238,2,2,False,True,False
44781140,121834895,1,1,False,True,False
44781140,122235145,3,3,False,True,False
44781140,128096570,12,12,False,True,False
44781140,138290517,3,3,False,True,False
44781140,146510094,1,1,False,True,False
44781140,14812739,1,1,False,True,False
44781140,180414458,1,1,False,True,False
44781140,197015643,1,1,False,True,False
44781140,209491653,1,1,False,True,False
44781140,228908078,2,2,False,True,False
44781140,23096959,1,1,False,True,False
44781140,236828515,1,1,False,True,False
44781140,27522241,1,1,False,True,False
44781140,27522271,1,1,False,True,False
44781140,27729907,1,1,False,True,False
44781140,29759715,2,2,False,True,False
44781140,30203935,1,1,False,True,False
44781140,318328445,1,1,False,True,False
44781140,32873313,1,1,False,True,False
44781140,357494593,1,1,False,True,False
44781140,358925208,1,1,False,True,False
44781140,359952601,2,2,False,True,False
44781140,3664596,1,1,False,True,False
44781140,369765180,2,2,False,True,False
44781140,375032116,1,1,False,True,False
44781140,38329989,2,2,False,True,False
44781140,394498711,5,5,False,True,False
44781140,42763345,1,1,False,True,False
44781140,438056248,2,2,False,True,False
44781140,44781140,3668,3668,True,True,True
44781140,45498365,1,1,False,True,False
44781140,458711155,2,2,False,True,False
44781140,47849203,4,4,False,True,False
44781140,51212044,2,2,False,True,False
44781140,51456908,2,2,False,True,False
44781140,52382088,5,5,False,True,False
44781140,52776218,1,1,False,True,False
44781140,531812042,1,1,False,True,False
44781140,54141768,4,4,False,True,False
44781140,58707550,1,1,False,True,False
44781140,619008516,1,1,False,True,False
44781140,661490716,2,2,False,True,False
44781140,693943569,2,2,False,True,False
44781140,7691631,2,2,False,True,False
44781140,7939844,1,1,False,True,False
44781140,927442,74,74,False,True,True
44781140,95143992,2,2,False,True,False
449924556,114187903,2,2,False,True,True
449924556,143344440,1,1,False,True,False
449924556,24063576,460,460,False,True,False
449924556,241092383,3,3,False,True,False
449924556,27522271,9,9,False,True,False
449924556,287743349,1,1,False,True,False
449924556,449924556,2311,2311,True,True,True
449924556,457955175,3,3,False,True,False
449924556,457979282,1,1,False,True,False
449924556,520455244,3,3,False,True,False
449924556,574706151,2,2,False,True,False
449924556,583827396,1,1,False,True,False
449924556,79317191,1,1,False,True,True
453068084,100649664,4,4,False,True,False
453068084,100758341,4,4,False,True,False
453068084,106310,37,37,False,True,False
453068084,112302758,1,1,False,True,False
453068084,114577229,1,1,False,True,False
453068084,114705611,1,1,False,True,False
453068084,11481074,1,1,False,True,False
453068084,115039706,1,1,False,True,False
453068084,11599760,2,2,False,True,False
453068084,116140523,2,2,False,True,False
453068084,117380983,3,3,False,True,False
453068084,118105436,3,3,False,True,False
453068084,118517813,43,43,False,True,False
453068084,119460813,1,1,False,True,False
453068084,120511966,1,1,False,True,False
453068084,120538653,9,9,False,True,False
453068084,12499251,22,22,False,True,False
453068084,13078968,1,1,False,True,False
453068084,13310527,2,2,False,True,False
453068084,135060366,2,2,False,True,False
453068084,1357199,1,1,False,True,False
453068084,138754790,1,1,False,True,True
453068084,138867419,1,1,False,True,False
453068084,14143026,1,1,False,True,False
453068084,141877580,1,1,False,True,False
453068084,142720484,2,2,False,True,False
453068084,143328315,2,2,False,True,False
453068084,14367737,6,6,False,True,False
453068084,149026292,2,2,False,True,False
453068084,14934771,3,3,False,True,False
453068084,15045751,1,1,False,True,False
453068084,151068206,1,1,False,True,False
453068084,151298737,9,9,False,True,False
453068084,151832185,1,1,False,True,False
453068084,15452919,1,1,False,True,False
453068084,15500883,11,11,False,True,False
453068084,15510677,4,4,False,True,False
453068084,155119796,3,3,False,True,False
453068084,155240458,3,3,False,True,False
453068084,155652490,1,1,False,True,False
453068084,157463841,4,4,False,True,False
453068084,158256479,1,1,False,True,False
453068084,159271175,2,2,False,True,False
453068084,15992970,2,2,False,True,False
453068084,160615620,2,2,False,True,False
453068084,160735013,9,9,False,True,False
453068084,163653257,1,1,False,True,False
453068084,164668916,1,1,False,True,False
453068084,165561258,1,1,False,True,False
453068084,166545969,1,1,False,True,False
453068084,167839176,2,2,False,True,False
453068084,172104891,2,2,False,True,False
453068084,17420913,4,4,False,True,False
453068084,175232615,1,1,False,True,False
453068084,177428838,21,21,False,True,False
453068084,18004019,2,2,False,True,False
453068084,181782286,1,1,False,True,False
453068084,18210201,8,8,False,True,False
453068084,182145736,1,1,False,True,False
453068084,18260583,1,1,False,True,False
453068084,188836864,1,1,False,True,False
453068084,190051296,1,1,False,True,False
453068084,197814629,1,1,False,True,False
453068084,198288319,1,1,False,True,False
453068084,198966166,7,7,False,True,False
453068084,199863976,1,1,False,True,False
453068084,20078379,1,1,False,True,False
453068084,201517171,8,8,False,True,False
453068084,20188259,1,1,False,True,False
453068084,202379383,2,2,False,True,False
453068084,203668074,2,2,False,True,False
453068084,20587599,7,7,False,True,True
453068084,206459,1,1,False,True,False
453068084,212709818,1,1,False,True,False
453068084,212936374,7,7,False,True,False
453068084,213836768,6,6,False,True,False
453068084,216143574,1,1,False,True,False
453068084,216494674,2,2,False,True,False
453068084,216847853,5,5,False,True,False
453068084,21686666,1,1,False,True,False
453068084,219045178,2,2,False,True,False
453068084,21954009,1,1,False,True,False
453068084,221058575,39,39,False,True,False
453068084,2211243,2,2,False,True,False
453068084,223490876,1,1,False,True,False
453068084,22360263,7,7,False,True,False
453068084,22446506,3,3,False,True,False
453068084,226417174,3,3,False,True,False
453068084,22734848,90,90,False,True,False
453068084,227542815,2,2,False,True,False
453068084,229877920,6,6,False,True,False
453068084,230310173,3,3,False,True,False
453068084,23357588,1,1,False,True,False
453068084,23500865,3,3,False,True,False
453068084,237844675,2,2,False,True,False
453068084,242828875,2,2,False,True,False
453068084,24355992,1,1,False,True,False
453068084,24560307,1,1,False,True,False
453068084,245704608,1,1,False,True,False
453068084,247399816,1,1,False,True,False
453068084,252650176,2,2,False,True,False
453068084,253290187,6,6,False,True,False
453068084,255983152,1,1,False,True,False
453068084,25777459,2,2,False,True,False
453068084,258933250,2,2,False,True,False
453068084,26039547,3,3,False,True,False
453068084,2606873,1,1,False,True,False
453068084,26459635,1,1,False,True,False
453068084,267324234,1,1,False,True,False
453068084,26850443,2,2,False,True,False
453068084,27522241,2,2,False,True,False
453068084,27522271,2,2,False,True,False
453068084,27729926,2,2,False,True,False
453068084,278098612,1,1,False,True,False
453068084,27890669,10,10,False,True,False
453068084,280428986,1,1,False,True,False
453068084,28330263,1,1,False,True,False
453068084,288349261,1,1,False,True,False
453068084,289243246,3,3,False,True,False
453068084,291735249,1,1,False,True,False
453068084,29197565,2,2,False,True,False
453068084,295027737,1,1,False,True,False
453068084,295544240,2,2,False,True,False
453068084,296977951,1,1,False,True,False
453068084,298565987,1,1,False,True,False
453068084,2992074,2,2,False,True,False
453068084,30062547,1,1,False,True,False
453068084,30270430,1,1,False,True,False
453068084,302827809,1,1,False,True,True
453068084,303405208,1,1,False,True,False
453068084,303940930,1,1,False,True,False
453068084,305468604,1,1,False,True,False
453068084,30667298,2,2,False,True,False
453068084,308027791,30,30,False,True,False
453068084,31315121,9,9,False,True,False
453068084,315885410,1,1,False,True,False
453068084,31728565,3,3,False,True,False
453068084,31830551,4,4,False,True,False
453068084,319572121,1,1,False,True,False
453068084,31986253,10,10,False,True,False
453068084,321270638,2,2,False,True,False
453068084,323231688,200,200,False,True,False
453068084,323902156,10,10,False,True,False
453068084,32887098,1,1,False,True,False
453068084,329445418,2,2,False,True,False
453068084,330488939,1,1,False,True,False
453068084,330600696,2,2,False,True,False
453068084,3320710,40,40,False,True,False
453068084,333303663,2,2,False,True,False
453068084,33456236,2,2,False,True,False
453068084,335983019,1,1,False,True,False
453068084,3370128,6,6,False,True,False
453068084,33832372,4,4,False,True,False
453068084,338640454,1,1,False,True,False
453068084,34428627,2,2,False,True,False
453068084,34527204,4,4,False,True,False
453068084,346561418,2,2,False,True,False
453068084,34852158,1,1,False,True,False
453068084,349570194,1,1,False,True,False
453068084,353335347,2,2,False,True,False
453068084,35566048,4,4,False,True,False
453068084,357284448,45,45,False,True,False
453068084,358917250,176,176,False,True,False
453068084,358917318,1,1,False,True,True
453068084,35894511,7,7,False,True,False
453068084,363245888,1,1,False,True,False
453068084,365244061,2,2,False,True,False
453068084,36747447,25,25,False,True,False
453068084,37171746,3,3,False,True,False
453068084,372172254,37,37,False,True,False
453068084,37290652,4,4,False,True,False
453068084,37290678,6,6,False,True,False
453068084,383020697,1,1,False,True,False
453068084,389256017,81,81,False,True,False
453068084,39176169,1,1,False,True,False
453068084,393235957,1,1,False,True,True
453068084,39464018,1,1,False,True,False
453068084,39527318,3,3,False,True,False
453068084,40345658,37,37,False,True,False
453068084,409279159,1,1,False,True,False
453068084,409307855,1,1,False,True,False
453068084,411318591,2,2,False,True,False
453068084,41473746,2,2,False,True,False
453068084,415776566,13,13,False,True,False
453068084,41986369,1,1,False,True,True
453068084,420777439,12,12,False,True,False
453068084,42479602,1,1,False,True,False
453068084,42685794,1,1,False,True,False
453068084,429115636,1,1,False,True,False
453068084,432838863,1,1,False,True,False
453068084,433273516,20,20,False,True,False
453068084,438112499,1,1,False,True,False
453068084,439728561,4,4,False,True,False
453068084,440338104,19,19,False,True,False
453068084,444345682,1,1,False,True,False
453068084,4463453,71,71,False,True,False
453068084,44662669,2,2,False,True,False
453068084,453068084,75609,75609,True,True,True
453068084,456728202,3,3,False,True,False
453068084,45721011,21,21,False,True,False
453068084,459025965,11,11,False,True,False
453068084,463453836,1,1,False,True,False
453068084,463689901,2,2,False,True,False
453068084,467834013,21,21,False,True,False
453068084,469069490,2,2,False,True,False
453068084,47371310,2,2,False,True,False
453068084,474942253,3,3,False,True,False
453068084,480211114,6,6,False,True,False
453068084,483142984,21,21,False,True,False
453068084,483667431,34,34,False,True,False
453068084,48833910,3,3,False,True,True
453068084,493497728,5,5,False,True,False
453068084,49401134,1,1,False,True,False
453068084,496006028,4,4,False,True,False
453068084,501776658,1,1,False,True,False
453068084,50205233,5,5,False,True,False
453068084,504030060,1,1,False,True,False
453068084,507775,2,2,False,True,True
453068084,5092588,1,1,False,True,False
453068084,513542067,2,2,False,True,False
453068084,516821813,1,1,False,True,False
453068084,51905353,1,1,False,True,False
453068084,52115335,1,1,False,True,False
453068084,521438915,1,1,False,True,False
453068084,52425435,2,2,False,True,False
453068084,532673843,2,2,False,True,False
453068084,534354967,1,1,False,True,False
453068084,5349565,1,1,False,True,True
453068084,53548867,1,1,False,True,False
453068084,536473565,1,1,False,True,False
453068084,540192615,3,3,False,True,False
453068084,553986299,2,2,False,True,False
453068084,557135476,67,67,False,True,False
453068084,56128733,1,1,False,True,True
453068084,561341270,2,2,False,True,False
453068084,563782278,2,2,False,True,False
453068084,563901154,1,1,False,True,False
453068084,569638288,17,17,False,True,False
453068084,570036022,18,18,False,True,False
453068084,57160728,3,3,False,True,False
453068084,571868194,3,3,False,True,False
453068084,575338309,1,1,False,True,False
453068084,57920736,1,1,False,True,False
453068084,579214823,1,1,False,True,False
453068084,580451100,1,1,False,True,False
453068084,582862268,5,5,False,True,False
453068084,585408551,1,1,False,True,False
453068084,586771395,2,2,False,True,False
453068084,5870069,8,8,False,True,False
453068084,58707550,2,2,False,True,False
453068084,590762750,1,1,False,True,False
453068084,598945250,1,1,False,True,False
453068084,599173337,1,1,False,True,False
453068084,599928080,1,1,False,True,False
453068084,607721298,4,4,False,True,False
453068084,608354159,9,9,False,True,False
453068084,618492,2,2,False,True,False
453068084,619008516,1,1,False,True,False
453068084,61962375,1,1,False,True,False
453068084,62350380,1,1,False,True,False
453068084,624470212,1,1,False,True,False
453068084,639698167,6,6,False,True,False
453068084,642737900,4,4,False,True,False
453068084,647080117,1,1,False,True,False
453068084,654024495,4,4,False,True,False
453068084,65430363,3,3,False,True,False
453068084,654868272,3,3,False,True,False
453068084,664328726,6,6,False,True,False
453068084,670087159,1,1,False,True,False
453068084,671504259,1,1,False,True,False
453068084,67273122,2,2,False,True,False
453068084,67305738,8,8,False,True,False
453068084,676861139,1,1,False,True,False
453068084,67836789,2,2,False,True,False
453068084,679628763,4,4,False,True,False
453068084,68294628,1,1,False,True,False
453068084,684523446,1,1,False,True,False
453068084,685905563,1,1,False,True,False
453068084,6934395,1,1,False,True,True
453068084,70107786,2,2,False,True,False
453068084,70352157,1,1,False,True,False
453068084,70676032,2,2,False,True,False
453068084,710418253,1,1,False,True,False
453068084,711787706,1,1,False,True,False
453068084,712299615,1,1,False,True,False
453068084,713304751,1,1,False,True,False
453068084,719988059,1,1,False,True,False
453068084,724712,20,20,False,True,False
453068084,72892565,1,1,False,True,False
453068084,731115289,1,1,False,True,False
453068084,73561616,6,6,False,True,False
453068084,74106774,1,1,False,True,False
453068084,7730829,1,1,False,True,False
453068084,78690338,11,11,False,True,False
453068084,79874569,1,1,False,True,False
453068084,80964373,7,7,False,True,False
453068084,82552640,2,2,False,True,False
453068084,84517704,1,1,False,True,False
453068084,84983058,1,1,False,True,False
453068084,8507859,1,1,False,True,False
453068084,86271291,1,1,False,True,False
453068084,86519473,2,2,False,True,False
453068084,87358441,1,1,False,True,False
453068084,88647250,1,1,False,True,False
453068084,89145566,1,1,False,True,False
453068084,90752597,1,1,False,True,False
453068084,9120526,2,2,False,True,False
453068084,91860126,1,1,False,True,False
453068084,927442,40,40,False,True,True
453068084,92969352,1,1,False,True,False
453068084,93163073,3,3,False,True,False
453068084,9342529,1,1,False,True,True
453068084,94262864,5,5,False,True,False
453068084,95217595,34,34,False,True,False
453068084,95902102,6,6,False,True,False
453068084,97316835,2,2,False,True,False
453068084,98498455,1,1,False,True,False
453191009,10757154,1,1,False,True,False
453191009,160784930,2,2,False,True,False
453191009,23096959,1,1,False,True,False
453191009,453191009,13,13,True,True,True
453191009,695953081,4,4,False,True,False
453191009,80087836,2,2,False,True,True
454981666,23096959,1,1,False,True,False
454981666,27522271,14,14,False,True,False
454981666,27729907,51,51,False,True,False
454981666,298439529,1,1,False,True,False
454981666,367429065,2,2,False,True,False
454981666,438518303,1,1,False,True,False
454981666,454981666,138,138,True,True,True
454981666,78234185,5,5,False,True,False
456549280,1099265,1,1,False,True,False
456549280,15213446,1,1,False,True,False
456549280,163568212,1,1,False,True,False
456549280,2325298,1,1,False,True,False
456549280,23845253,1,1,False,True,False
456549280,27051771,1,1,False,True,False
456549280,27729880,2,2,False,True,False
456549280,38373338,2,2,False,True,False
456549280,39840932,1,1,False,True,False
456549280,407142976,2,2,False,True,False
456549280,456549280,3394,3394,True,True,True
456549280,475909036,1,1,False,True,False
456549280,483165434,1,1,False,True,False
456549280,491871393,1,1,False,True,False
456549280,51905353,1,1,False,True,False
456549280,574588439,8,8,False,True,True
456549280,60246359,2,2,False,True,True
456549280,636664618,1,1,False,True,False
456549280,731287603,1,1,False,True,False
456549280,737476193,1,1,False,True,False
456549280,75821432,1,1,False,True,False
456549280,78678862,1,1,False,True,False
45732002,10637896,12,12,False,True,False
45732002,113678112,6,6,False,True,False
45732002,113678275,5,5,False,True,False
45732002,113678408,11,11,False,True,False
45732002,113678874,5,5,False,True,False
45732002,1187853,14,14,False,True,False
45732002,20300177,14,14,False,True,False
45732002,2045207,12,12,False,True,False
45732002,23357588,53,53,False,True,False
45732002,2564522,1,1,False,True,False
45732002,4564034,3,3,False,True,False
45732002,45732002,122,122,True,True,True
45732002,4950187,13,13,False,True,False
45732002,5695907,30,30,False,True,False
45732002,6207167,35,35,False,True,False
45732002,6765281,6,6,False,True,False
45732002,832680,16,16,False,True,False
4604367,163071182,1,1,False,True,False
4604367,240328897,1,1,False,True,False
4604367,26002040,1,1,False,True,False
4604367,26628954,1,1,False,True,False
4604367,2804383,5,5,False,True,False
4604367,297768162,1,1,False,True,False
4604367,3432266,62,62,False,True,False
4604367,34685800,65,65,False,True,False
4604367,380971085,1,1,False,True,False
4604367,4604367,217,217,True,True,True
4604367,49442815,12,12,False,True,False
4604367,5695907,10,10,False,True,False
4604367,6973491,27,27,False,True,False
4604367,76748754,1,1,False,True,False
462329984,15345331,1,1,False,True,False
462329984,202483348,1,1,False,True,False
462329984,213947642,1,1,False,True,False
462329984,2211243,2,2,False,True,False
462329984,26731785,6,6,False,True,False
462329984,35197979,80,80,False,True,False
462329984,420110427,2,2,False,True,False
462329984,441658598,1,1,False,True,False
462329984,462329984,1632,1632,True,True,True
462329984,608906465,6,6,False,True,False
462329984,665583256,1,1,False,True,False
462329984,684595721,1,1,False,True,False
462329984,6934395,444,444,False,True,True
462329984,75244322,10,10,False,True,False
473235285,159351868,11,11,False,True,False
473235285,16563587,1,1,False,True,True
473235285,223485832,1,1,False,True,False
473235285,231150319,2,2,False,True,False
473235285,27522295,7,7,False,True,False
473235285,300752838,4,4,False,True,False
473235285,364992209,1,1,False,True,False
473235285,473235285,702,702,True,True,True
473235285,51905353,4,4,False,True,False
473235285,525526295,1,1,False,True,False
473235285,529961568,1,1,False,True,False
473235285,632917179,2,2,False,True,False
473235285,7823926,1,1,False,True,False
474070793,474070793,8,8,True,True,True
478288303,15500883,1,1,False,True,False
478288303,158310651,1,1,False,True,False
478288303,160919119,1,1,False,True,False
478288303,165087274,1,1,False,True,False
478288303,19746601,1,1,False,True,False
478288303,309512982,1,1,False,True,False
478288303,311682575,1,1,False,True,False
478288303,323231688,75,75,False,True,False
478288303,478288303,22397,22397,True,True,True
478288303,67836789,1,1,False,True,False
478288303,78234185,1,1,False,True,False
478288303,84517704,1,1,False,True,False
47973088,103506984,7,7,False,True,False
47973088,20300177,4,4,False,True,False
47973088,2524488,3,3,False,True,True
47973088,29102367,1,1,False,True,False
47973088,30449481,1,1,False,True,True
47973088,34685800,2,2,False,True,False
47973088,3786237,16,16,False,True,True
47973088,47973088,1040,1040,True,True,True
47973088,56729247,3,3,False,True,False
47973088,664452562,1,1,False,True,False
47973088,69579420,2,2,False,True,False
47973088,696522821,3,3,False,True,False
47973088,701355546,2,2,False,True,False
47973088,74659399,1,1,False,True,False
47973088,77385607,1,1,False,True,True
47973088,87289313,1,1,False,True,False
480217156,103275720,1,1,False,True,False
480217156,111431261,1,1,False,True,False
480217156,11225014,1,1,False,True,True
480217156,11599760,1,1,False,True,False
480217156,120538653,2,2,False,True,False
480217156,129563456,2,2,False,True,False
480217156,130013,1,1,False,True,False
480217156,135201145,1,1,False,True,False
480217156,138754790,12,12,False,True,True
480217156,143328315,1,1,False,True,False
480217156,14367737,1,1,False,True,False
480217156,147767244,1,1,False,True,False
480217156,151832185,1,1,False,True,False
480217156,157919688,1,1,False,True,False
480217156,164047061,1,1,False,True,False
480217156,165289175,1,1,False,True,False
480217156,17420913,3,3,False,True,False
480217156,174265685,1,1,False,True,False
480217156,177049645,4,4,False,True,False
480217156,178956163,1,1,False,True,False
480217156,178991158,1,1,False,True,False
480217156,183559023,1,1,False,True,False
480217156,18369373,1,1,False,True,False
480217156,195277793,2,2,False,True,False
480217156,196414933,1,1,False,True,False
480217156,199684110,1,1,False,True,False
480217156,200299178,1,1,False,True,False
480217156,20089857,3,3,False,True,True
480217156,201517171,6,6,False,True,False
480217156,216494674,2,2,False,True,False
480217156,221058575,1,1,False,True,False
480217156,223485832,1,1,False,True,False
480217156,23405758,1,1,False,True,True
480217156,23500865,2,2,False,True,False
480217156,238290996,2,2,False,True,False
480217156,242479774,4,4,False,True,False
480217156,243538828,1,1,False,True,False
480217156,24355992,4,4,False,True,False
480217156,261293951,1,1,False,True,False
480217156,267482252,2,2,False,True,False
480217156,26850443,1,1,False,True,False
480217156,269073533,3,3,False,True,False
480217156,27890669,2,2,False,True,False
480217156,280428986,1,1,False,True,False
480217156,302827809,3,3,False,True,True
480217156,31728565,3,3,False,True,False
480217156,323231688,14,14,False,True,False
480217156,337713340,1,1,False,True,False
480217156,33832372,3,3,False,True,False
480217156,35144191,1,1,False,True,False
480217156,358917250,9,9,False,True,False
480217156,358917318,33,33,False,True,True
480217156,387157909,2,2,False,True,False
480217156,39176169,2,2,False,True,False
480217156,41986369,1,1,False,True,True
480217156,43192623,2,2,False,True,False
480217156,433273516,1,1,False,True,False
480217156,444345682,1,1,False,True,False
480217156,453068084,2,2,False,True,True
480217156,45721011,3,3,False,True,False
480217156,459025965,20,20,False,True,False
480217156,467355866,1,1,False,True,False
480217156,480217156,7852,7852,True,True,True
480217156,48770856,1,1,False,True,False
480217156,48833910,1,1,False,True,True
480217156,50082575,1,1,False,True,False
480217156,501159254,1,1,False,True,False
480217156,502240118,1,1,False,True,False
480217156,521736914,1,1,False,True,False
480217156,526946427,1,1,False,True,False
480217156,531804872,2,2,False,True,False
480217156,541668142,1,1,False,True,False
480217156,542931741,1,1,False,True,False
480217156,553390647,9,9,False,True,False
480217156,556677627,21,21,False,True,False
480217156,559857046,1,1,False,True,False
480217156,562736699,1,1,False,True,False
480217156,565414082,5,5,False,True,False
480217156,566388914,1,1,False,True,False
480217156,566593514,2,2,False,True,False
480217156,566614027,2,2,False,True,False
480217156,566619097,5,5,False,True,False
480217156,566665301,4,4,False,True,False
480217156,570076073,6,6,False,True,False
480217156,570139152,1,1,False,True,False
480217156,573327603,1,1,False,True,False
480217156,57920736,1,1,False,True,False
480217156,599057968,34,34,False,True,False
480217156,599915831,4,4,False,True,False
480217156,601486187,2,2,False,True,False
480217156,608434458,1,1,False,True,False
480217156,621929252,2,2,False,True,False
480217156,631208235,1,1,False,True,False
480217156,632945404,1,1,False,True,False
480217156,636615657,2,2,False,True,False
480217156,653113540,1,1,False,True,False
480217156,654146056,7,7,False,True,False
480217156,65430363,1,1,False,True,False
480217156,656201452,2,2,False,True,False
480217156,658604256,3,3,False,True,False
480217156,669971489,1,1,False,True,False
480217156,675549155,2,2,False,True,False
480217156,67836789,3,3,False,True,False
480217156,6838921,14,14,False,True,True
480217156,6934395,5,5,False,True,True
480217156,722309256,1,1,False,True,False
480217156,72286208,1,1,False,True,False
480217156,724712,5,5,False,True,False
480217156,75800303,1,1,False,True,False
480217156,76356815,1,1,False,True,False
480217156,77338532,1,1,False,True,False
480217156,79874569,2,2,False,True,False
480217156,91151442,1,1,False,True,False
480217156,95902102,1,1,False,True,False
480217156,96382888,1,1,False,True,False
48451041,48451041,3,3,True,True,True
48617634,104354828,1,1,False,True,False
48617634,133092972,1,1,False,True,False
48617634,146285756,1,1,False,True,False
48617634,170134290,1,1,False,True,False
48617634,185651869,1,1,False,True,False
48617634,188057676,2,2,False,True,False
48617634,20312497,6,6,False,True,False
48617634,39592840,4,4,False,True,False
48617634,48617634,23,23,True,True,True
48617634,54105920,1,1,False,True,False
48617634,562286999,1,1,False,True,False
48617634,567184568,1,1,False,True,False
48617634,568019934,1,1,False,True,False
48617634,571874382,1,1,False,True,False
48617634,58256381,1,1,False,True,False
48617634,59225160,1,1,False,True,False
48617634,596888243,4,4,False,True,False
48617634,598005813,2,2,False,True,False
48617634,599162152,1,1,False,True,False
48617634,60075331,1,1,False,True,False
48617634,623944933,1,1,False,True,False
48617634,630558299,1,1,False,True,False
48617634,633405945,1,1,False,True,False
48617634,68020423,2,2,False,True,False
48833910,114735865,5,5,False,True,False
48833910,132313422,1,1,False,True,False
48833910,143867478,3,3,False,True,False
48833910,145156191,6,6,False,True,False
48833910,146678664,1,1,False,True,False
48833910,150013328,1,1,False,True,True
48833910,15111821,1,1,False,True,False
48833910,152034043,1,1,False,True,False
48833910,157514605,1,1,False,True,False
48833910,157680689,2,2,False,True,False
48833910,159907380,15,15,False,True,False
48833910,162869571,1,1,False,True,False
48833910,167499157,11,11,False,True,False
48833910,17420913,1,1,False,True,False
48833910,184635772,6,6,False,True,False
48833910,187847963,1,1,False,True,False
48833910,189044704,1,1,False,True,False
48833910,19953044,1,1,False,True,False
48833910,201455508,11,11,False,True,False
48833910,204631624,1,1,False,True,False
48833910,213793403,1,1,False,True,False
48833910,216478215,2,2,False,True,False
48833910,216494674,3,3,False,True,False
48833910,222887140,4,4,False,True,False
48833910,225497783,5,5,False,True,False
48833910,230993380,1,1,False,True,False
48833910,23500865,4,4,False,True,False
48833910,239381576,1,1,False,True,False
48833910,26850443,1,1,False,True,False
48833910,269073533,16,16,False,True,False
48833910,27729880,2,2,False,True,False
48833910,277923166,1,1,False,True,False
48833910,27890669,1,1,False,True,False
48833910,286973214,4,4,False,True,False
48833910,295810364,2,2,False,True,False
48833910,304537599,2,2,False,True,False
48833910,315538318,1,1,False,True,False
48833910,327160294,1,1,False,True,False
48833910,37171746,6,6,False,True,False
48833910,395260989,1,1,False,True,False
48833910,397826175,1,1,False,True,False
48833910,398164186,1,1,False,True,False
48833910,41986369,188,188,False,True,True
48833910,449206656,1,1,False,True,False
48833910,45721011,1,1,False,True,False
48833910,462601000,1,1,False,True,False
48833910,48833910,11634,11634,True,True,True
48833910,489184364,1,1,False,True,False
48833910,523717821,1,1,False,True,False
48833910,53292445,3,3,False,True,False
48833910,53311716,32,32,False,True,False
48833910,53628424,33,33,False,True,False
48833910,541788928,1,1,False,True,False
48833910,551397882,8,8,False,True,False
48833910,599173337,1,1,False,True,False
48833910,61524054,14,14,False,True,False
48833910,620138159,2,2,False,True,False
48833910,63995402,3,3,False,True,False
48833910,658602423,1,1,False,True,False
48833910,680247452,1,1,False,True,False
48833910,6934395,10,10,False,True,True
48833910,722421663,1,1,False,True,False
48833910,724712,1,1,False,True,False
48833910,78234185,1,1,False,True,False
48833910,78835813,15,15,False,True,False
48833910,88956492,1,1,False,True,False
48833910,94702898,1,1,False,True,False
49401416,182128122,2,2,False,True,False
49401416,49401416,52,52,True,True,True
49401416,534354967,16,16,False,True,False
49401416,664229884,1,1,False,True,False
49401416,67836789,1,1,False,True,False
49401416,6934395,1,1,False,True,True
49401416,96382888,1,1,False,True,False
49412556,110902512,1,1,False,True,False
49412556,113100288,1,1,False,True,False
49412556,121587063,5,5,False,True,False
49412556,146327667,1,1,False,True,False
49412556,190163438,4,4,False,True,False
49412556,197814629,6,6,False,True,False
49412556,200299178,1,1,False,True,False
49412556,201584981,26,26,False,True,False
49412556,20188259,4,4,False,True,False
49412556,22360263,23,23,False,True,False
49412556,240949621,1,1,False,True,False
49412556,25516648,1,1,False,True,False
49412556,26459635,1,1,False,True,False
49412556,277186121,1,1,False,True,False
49412556,27890669,1,1,False,True,False
49412556,29326047,1,1,False,True,False
49412556,306009386,1,1,False,True,False
49412556,306084295,6,6,False,True,False
49412556,330211847,4,4,False,True,False
49412556,334274271,1,1,False,True,True
49412556,357707809,36,36,False,True,True
49412556,35894511,1,1,False,True,False
49412556,37290678,1,1,False,True,False
49412556,41659639,1,1,False,True,False
49412556,443226474,4,4,False,True,False
49412556,446567175,1,1,False,True,False
49412556,47371310,10,10,False,True,False
49412556,478288303,1,1,False,True,True
49412556,49412556,1345,1345,True,True,True
49412556,507775,4,4,False,True,True
49412556,513542067,1,1,False,True,False
49412556,52115335,3,3,False,True,False
49412556,557927186,1,1,False,True,False
49412556,591167748,1,1,False,True,False
49412556,594295897,1,1,False,True,False
49412556,619008516,1,1,False,True,False
49412556,62247399,1,1,False,True,False
49412556,623276087,1,1,False,True,False
49412556,623666228,3,3,False,True,False
49412556,623795348,1,1,False,True,False
49412556,625186522,1,1,False,True,False
49412556,626766665,1,1,False,True,False
49412556,638665255,1,1,False,True,False
49412556,644785321,1,1,False,True,False
49412556,672478529,1,1,False,True,False
49412556,688505089,1,1,False,True,False
49412556,724712,4,4,False,True,False
49412556,76214676,28,28,False,True,False
49412556,92834468,1,1,False,True,False
49412556,92942189,1,1,False,True,False
496505424,496505424,56,56,True,True,True
496505424,501159254,1,1,False,True,False
496505424,510653879,1,1,False,True,False
496505424,510654075,1,1,False,True,False
496505424,531019817,1,1,False,True,False
496505424,589510868,3,3,False,True,False
49670957,1148753,1,1,False,True,False
49670957,12791642,1,1,False,True,False
49670957,214566843,4,4,False,True,False
49670957,22883472,2,2,False,True,False
49670957,2544305,4,4,False,True,False
49670957,263442622,1,1,False,True,False
49670957,263463271,2,2,False,True,False
49670957,290871583,1,1,False,True,False
49670957,29102367,1,1,False,True,False
49670957,2988730,2,2,False,True,False
49670957,323046430,2,2,False,True,False
49670957,39945883,1,1,False,True,False
49670957,49670957,993,993,True,True,True
49670957,507775,1,1,False,True,True
49670957,6296790,1,1,False,True,False
49670957,632964098,2,2,False,True,False
49670957,63809205,2,2,False,True,False
49670957,640965999,1,1,False,True,False
49670957,662491370,1,1,False,True,False
496817075,114705611,18,18,False,True,False
496817075,11599760,2,2,False,True,False
496817075,116140523,1,1,False,True,False
496817075,120538653,18,18,False,True,False
496817075,124802455,13,13,False,True,False
496817075,131389850,7,7,False,True,False
496817075,143220272,18,18,False,True,False
496817075,14367737,29,29,False,True,False
496817075,14934771,1,1,False,True,False
496817075,155652490,19,19,False,True,False
496817075,160615620,13,13,False,True,False
496817075,165289175,7,7,False,True,False
496817075,165478163,3,3,False,True,False
496817075,177428838,1,1,False,True,False
496817075,18210201,6,6,False,True,False
496817075,184148355,13,13,False,True,False
496817075,189476904,7,7,False,True,False
496817075,190416463,1,1,False,True,False
496817075,192625525,407,407,False,True,False
496817075,192625955,9,9,False,True,False
496817075,192626254,9,9,False,True,False
496817075,197814629,5,5,False,True,False
496817075,198288319,21,21,False,True,False
496817075,201517171,2,2,False,True,False
496817075,206459,1,1,False,True,False
496817075,212936374,14,14,False,True,False
496817075,213836768,14,14,False,True,False
496817075,21954009,1,1,False,True,False
496817075,219865964,4,4,False,True,False
496817075,22360263,1,1,False,True,False
496817075,22446506,33,33,False,True,False
496817075,226417174,12,12,False,True,False
496817075,230310173,1,1,False,True,False
496817075,253290187,23,23,False,True,False
496817075,254774075,83,83,False,True,False
496817075,258546843,2,2,False,True,False
496817075,258933250,63,63,False,True,False
496817075,260749683,1,1,False,True,False
496817075,263727855,4,4,False,True,False
496817075,268179753,20,20,False,True,False
496817075,2883574,3,3,False,True,False
496817075,29287955,14,14,False,True,False
496817075,295544240,1,1,False,True,False
496817075,296934024,1,1,False,True,False
496817075,304465394,17,17,False,True,False
496817075,31315121,107,107,False,True,False
496817075,3211618,1,1,False,True,False
496817075,323363286,9,9,False,True,False
496817075,32363061,13,13,False,True,False
496817075,324754415,13,13,False,True,False
496817075,336739753,1,1,False,True,False
496817075,33832372,29,29,False,True,False
496817075,338640454,16,16,False,True,False
496817075,343068432,31,31,False,True,False
496817075,358917250,13,13,False,True,False
496817075,358917318,19,19,False,True,True
496817075,35894511,48,48,False,True,False
496817075,39527318,2,2,False,True,False
496817075,407242578,407,407,False,True,False
496817075,408822193,1,1,False,True,False
496817075,433273516,57,57,False,True,False
496817075,449091292,8,8,False,True,False
496817075,469914860,33,33,False,True,False
496817075,47371310,7,7,False,True,False
496817075,491797414,6,6,False,True,False
496817075,496817075,4422,4422,True,True,True
496817075,501399927,1,1,False,True,False
496817075,510375115,2,2,False,True,True
496817075,511691380,4,4,False,True,False
496817075,515951203,1,1,False,True,False
496817075,531051081,1,1,False,True,False
496817075,534354967,5,5,False,True,False
496817075,53757700,11,11,False,True,False
496817075,541249868,2,2,False,True,False
496817075,55077261,2,2,False,True,False
496817075,57920736,41,41,False,True,False
496817075,58067876,7,7,False,True,False
496817075,595148158,1,1,False,True,False
496817075,61349723,2,2,False,True,False
496817075,61877861,3,3,False,True,False
496817075,62044191,18,18,False,True,False
496817075,62350380,2,2,False,True,False
496817075,632090115,2,2,False,True,False
496817075,632622531,1,1,False,True,False
496817075,6432337,1,1,False,True,False
496817075,647616362,3,3,False,True,False
496817075,66767732,22,22,False,True,False
496817075,669011066,2,2,False,True,False
496817075,67836789,48,48,False,True,False
496817075,684704498,1,1,False,True,False
496817075,70352157,10,10,False,True,False
496817075,70676032,1,1,False,True,False
496817075,724712,1,1,False,True,False
496817075,73561616,17,17,False,True,False
496817075,87358441,1,1,False,True,False
496817075,8909193,1,1,False,True,False
496817075,91151442,7,7,False,True,False
496817075,91218588,1,1,False,True,False
496817075,94262864,8,8,False,True,False
496817075,94702898,9,9,False,True,False
496817075,96382888,1,1,False,True,False
496817075,97316835,17,17,False,True,False
49876476,103619486,1,1,False,True,False
49876476,104061241,2,2,False,True,False
49876476,104064722,2,2,False,True,False
49876476,1064563,4,4,False,True,False
49876476,1148753,1,1,False,True,False
49876476,11608365,2,2,False,True,False
49876476,1210290,2,2,False,True,False
49876476,131364545,1,1,False,True,False
49876476,13404515,1,1,False,True,False
49876476,137451403,1,1,False,True,False
49876476,139914932,1,1,False,True,False
49876476,14696091,1,1,False,True,False
49876476,163387337,1,1,False,True,False
49876476,168183392,1,1,False,True,False
49876476,170681535,2,2,False,True,False
49876476,170740248,1,1,False,True,False
49876476,17224514,1,1,False,True,True
49876476,172750723,1,1,False,True,False
49876476,18128548,1,1,False,True,False
49876476,182466444,1,1,False,True,False
49876476,19308738,1,1,False,True,False
49876476,20300177,1,1,False,True,False
49876476,20543575,2,2,False,True,False
49876476,206317,1,1,False,True,False
49876476,21193524,2,2,False,True,False
49876476,215566462,1,1,False,True,False
49876476,221862,1,1,False,True,False
49876476,224225724,2,2,False,True,False
49876476,23837751,3,3,False,True,False
49876476,24494032,11,11,False,True,True
49876476,265601040,1,1,False,True,False
49876476,267118495,1,1,False,True,False
49876476,2700159,1,1,False,True,False
49876476,283325,8,8,False,True,False
49876476,2883574,1,1,False,True,False
49876476,28975929,1,1,False,True,False
49876476,297869437,1,1,False,True,False
49876476,30072532,1,1,False,True,False
49876476,314641288,1,1,False,True,False
49876476,32741886,2,2,False,True,False
49876476,3328856,3,3,False,True,False
49876476,3370128,3,3,False,True,False
49876476,33745913,2,2,False,True,True
49876476,35698342,1,1,False,True,False
49876476,357558544,2,2,False,True,False
49876476,379201052,1,1,False,True,False
49876476,382800841,1,1,False,True,False
49876476,410009823,5,5,False,True,False
49876476,417731747,8,8,False,True,False
49876476,42304749,5,5,False,True,False
49876476,431214669,1,1,False,True,False
49876476,443997241,1,1,False,True,False
49876476,45200599,1,1,False,True,False
49876476,45721011,1,1,False,True,False
49876476,469617187,5,5,False,True,False
49876476,490212656,1,1,False,True,False
49876476,49662222,16,16,False,True,False
49876476,49876476,8577,8577,True,True,True
49876476,501687,1,1,False,True,False
49876476,509092193,9,9,False,True,False
49876476,54030871,2,2,False,True,False
49876476,554365096,2,2,False,True,False
49876476,565776271,1,1,False,True,False
49876476,56894212,1,1,False,True,False
49876476,570970504,1,1,False,True,False
49876476,575241620,1,1,False,True,False
49876476,586130341,1,1,False,True,False
49876476,587181638,2,2,False,True,False
49876476,591379023,6,6,False,True,False
49876476,594578545,2,2,False,True,False
49876476,596080887,2,2,False,True,False
49876476,596930360,1,1,False,True,False
49876476,596962369,2,2,False,True,False
49876476,597033918,1,1,False,True,False
49876476,608210107,1,1,False,True,False
49876476,614669955,1,1,False,True,False
49876476,620191342,1,1,False,True,False
49876476,621160937,1,1,False,True,False
49876476,625550928,1,1,False,True,False
49876476,627491277,1,1,False,True,False
49876476,6296790,3,3,False,True,False
49876476,631415205,1,1,False,True,False
49876476,632733680,1,1,False,True,False
49876476,632757232,5,5,False,True,False
49876476,634155809,3,3,False,True,False
49876476,63749548,1,1,False,True,False
49876476,639781117,1,1,False,True,False
49876476,650885101,1,1,False,True,False
49876476,653916863,1,1,False,True,False
49876476,65987043,1,1,False,True,False
49876476,661495743,1,1,False,True,False
49876476,66935478,1,1,False,True,False
49876476,670159282,1,1,False,True,False
49876476,672303273,6,6,False,True,False
49876476,684237441,3,3,False,True,False
49876476,684396258,1,1,False,True,False
49876476,684401320,1,1,False,True,False
49876476,685850040,2,2,False,True,False
49876476,686215676,2,2,False,True,False
49876476,688760465,4,4,False,True,False
49876476,689853521,1,1,False,True,False
49876476,690824662,2,2,False,True,False
49876476,692967348,2,2,False,True,False
49876476,696118837,2,2,False,True,False
49876476,701657527,1,1,False,True,False
49876476,703310134,2,2,False,True,False
49876476,705929331,2,2,False,True,False
49876476,7083242,1,1,False,True,False
49876476,711983650,1,1,False,True,False
49876476,721191499,1,1,False,True,False
49876476,722434205,1,1,False,True,False
49876476,731929865,1,1,False,True,False
49876476,735462020,2,2,False,True,False
49876476,735921183,1,1,False,True,False
49876476,820039,2,2,False,True,False
49876476,85504501,1,1,False,True,False
49876476,92372653,1,1,False,True,False
49876476,927442,6,6,False,True,True
49876476,95098170,1,1,False,True,False
50229487,22525984,1,1,False,True,False
50229487,341631350,10,10,False,True,True
50229487,50229487,16,16,True,True,True
50594316,114187903,1,1,False,True,True
50594316,20300177,1,1,False,True,False
50594316,50594316,159,159,True,True,True
50594316,528416224,2,2,False,True,False
50647838,1194027,1,1,False,True,False
50647838,1523106,1,1,False,True,False
50647838,16309670,1,1,False,True,False
50647838,18106269,1,1,False,True,False
50647838,20300177,2,2,False,True,False
50647838,29312746,1,1,False,True,False
50647838,419571031,1,1,False,True,False
50647838,50647838,184,184,True,True,True
50647838,70116337,2,2,False,True,False
50647838,7634677,2,2,False,True,False
50647838,78870047,2,2,False,True,False
50647838,82580,1,1,False,True,False
507775,101808120,2,2,False,True,False
507775,10416648,1,1,False,True,False
507775,105088940,674,674,False,True,False
507775,10637896,8,8,False,True,False
507775,1064563,3,3,False,True,False
507775,10854028,8,8,False,True,False
507775,112736538,1,1,False,True,False
507775,115740402,1,1,False,True,False
507775,121236494,3,3,False,True,False
507775,122193808,14,14,False,True,False
507775,134683798,10,10,False,True,False
507775,13655949,2,2,False,True,False
507775,14509169,3,3,False,True,False
507775,14624255,4,4,False,True,False
507775,147195610,1,1,False,True,False
507775,147342506,3,3,False,True,False
507775,149121954,4,4,False,True,False
507775,150954997,1,1,False,True,True
507775,152424770,1,1,False,True,False
507775,1538047,1,1,False,True,False
507775,155368246,5,5,False,True,False
507775,162168274,3,3,False,True,False
507775,16554739,14,14,False,True,False
507775,16916235,1,1,False,True,False
507775,169608259,2,2,False,True,False
507775,172750723,2,2,False,True,False
507775,184312964,1,1,False,True,False
507775,18712703,1,1,False,True,False
507775,187943341,2,2,False,True,False
507775,191316757,3,3,False,True,False
507775,198350484,1,1,False,True,False
507775,202127068,41,41,False,True,False
507775,20300177,1,1,False,True,False
507775,205870847,1,1,False,True,False
507775,206398,1,1,False,True,False
507775,206402,1,1,False,True,False
507775,206917262,1,1,False,True,False
507775,21088403,2,2,False,True,False
507775,221600181,1,1,False,True,False
507775,233320086,2,2,False,True,False
507775,23418517,2,2,False,True,False
507775,23670203,1,1,False,True,False
507775,239469102,2,2,False,True,False
507775,24894902,1,1,False,True,False
507775,2529486,1,1,False,True,False
507775,256061008,3,3,False,True,False
507775,2580768,1,1,False,True,False
507775,259710503,1,1,False,True,False
507775,264855617,1,1,False,True,False
507775,2675355,1,1,False,True,False
507775,26827696,1,1,False,True,False
507775,268591722,1,1,False,True,False
507775,269159100,2,2,False,True,False
507775,269612753,1,1,False,True,False
507775,273084758,1,1,False,True,False
507775,276192114,2,2,False,True,False
507775,283343889,3,3,False,True,False
507775,2928948,2,2,False,True,False
507775,2929393,1,1,False,True,False
507775,2992074,1,1,False,True,False
507775,30030073,1,1,False,True,False
507775,302322,6,6,False,True,False
507775,3037278,2,2,False,True,False
507775,3037907,3,3,False,True,False
507775,311701406,2,2,False,True,False
507775,31323121,21,21,False,True,False
507775,31792824,4,4,False,True,False
507775,32184830,2,2,False,True,False
507775,32538871,1,1,False,True,False
507775,330622921,1,1,False,True,False
507775,334274271,4,4,False,True,True
507775,335342,1,1,False,True,False
507775,341631350,122,122,False,True,True
507775,34685800,1,1,False,True,False
507775,36439741,1,1,False,True,False
507775,365244061,6,6,False,True,False
507775,367077563,1,1,False,True,False
507775,384132842,1,1,False,True,False
507775,38973038,1,1,False,True,False
507775,41242592,1,1,False,True,False
507775,419705751,1,1,False,True,False
507775,421774239,5,5,False,True,False
507775,425833530,2,2,False,True,False
507775,429043408,2,2,False,True,False
507775,436282917,1,1,False,True,False
507775,438175733,1,1,False,True,False
507775,450105602,1,1,False,True,False
507775,47140131,2,2,False,True,False
507775,478529906,4,4,False,True,False
507775,4882769,2,2,False,True,False
507775,488592770,2,2,False,True,False
507775,50229487,1,1,False,True,True
507775,507775,32474,32474,True,True,True
507775,507855351,3,3,False,True,False
507775,521246855,1,1,False,True,False
507775,52318322,11,11,False,True,False
507775,530681617,3,3,False,True,False
507775,53579202,1,1,False,True,False
507775,543095311,1,1,False,True,False
507775,55072677,1,1,False,True,True
507775,553059522,2,2,False,True,False
507775,562938446,1,1,False,True,False
507775,562983970,1,1,False,True,False
507775,574877,6,6,False,True,False
507775,5757735,1,1,False,True,False
507775,587879046,3,3,False,True,False
507775,588125726,1,1,False,True,False
507775,595299502,2,2,False,True,False
507775,601197351,2,2,False,True,False
507775,601971389,1,1,False,True,False
507775,60529075,12,12,False,True,False
507775,608374056,3,3,False,True,False
507775,617084880,1,1,False,True,False
507775,620021906,1,1,False,True,False
507775,627348520,1,1,False,True,False
507775,629013168,1,1,False,True,False
507775,631864957,1,1,False,True,False
507775,636434344,2,2,False,True,False
507775,637784659,1,1,False,True,False
507775,64405875,1,1,False,True,False
507775,647863103,4,4,False,True,False
507775,655569549,2,2,False,True,False
507775,65600975,3,3,False,True,False
507775,661714104,1,1,False,True,False
507775,6652220,4,4,False,True,False
507775,669926526,2,2,False,True,False
507775,670969182,1,1,False,True,False
507775,675716634,1,1,False,True,False
507775,675859005,1,1,False,True,False
507775,6838921,1,1,False,True,True
507775,708707800,1,1,False,True,False
507775,714809540,3,3,False,True,False
507775,71835381,5,5,False,True,False
507775,75882172,1,1,False,True,False
507775,7691631,2,2,False,True,False
507775,7833168,169,169,False,True,False
507775,86367047,1,1,False,True,False
507775,8710734,2,2,False,True,False
507775,89412712,1,1,False,True,False
507775,9156682,1,1,False,True,False
507775,94910455,3,3,False,True,False
507775,954637,1,1,False,True,False
507775,96868436,1,1,False,True,False
507775,9749905,1,1,False,True,False
507775,9801644,1,1,False,True,False
507775,9826184,1,1,False,True,False
507775,99251094,2,2,False,True,False
507829396,11162159,2,2,False,True,False
507829396,144573225,1,1,False,True,False
507829396,150954997,1,1,False,True,True
507829396,254116626,2,2,False,True,False
507829396,27522241,2,2,False,True,False
507829396,27522271,4,4,False,True,False
507829396,27729907,11,11,False,True,False
507829396,507829396,605,605,True,True,True
507829396,507885417,1,1,False,True,False
507829396,51905353,3,3,False,True,False
507829396,632011964,1,1,False,True,False
507829396,688337960,3,3,False,True,False
50874442,11939484,17,17,False,True,False
50874442,167615437,127,127,False,True,False
50874442,18106269,1,1,False,True,False
50874442,182299236,9,9,False,True,False
50874442,252650176,3,3,False,True,False
50874442,259445878,9,9,False,True,False
50874442,2700147,7,7,False,True,False
50874442,301742,2,2,False,True,False
50874442,3060959,1,1,False,True,False
50874442,359952601,12,12,False,True,False
50874442,36502,16,16,False,True,False
50874442,38744670,3,3,False,True,False
50874442,433101168,1,1,False,True,False
50874442,43977215,1,1,False,True,False
50874442,467164901,1,1,False,True,False
50874442,49172647,1,1,False,True,False
50874442,50874442,11078,11078,True,True,True
50874442,520872712,2,2,False,True,False
50874442,52987383,2,2,False,True,False
50874442,56884660,3,3,False,True,False
50874442,570295557,1,1,False,True,False
50874442,599998684,8,8,False,True,False
50874442,619008516,1,1,False,True,False
50874442,672760351,1,1,False,True,False
50874442,76336560,1,1,False,True,False
50874442,927442,1835,1835,False,True,True
50874442,997338,54,54,False,True,False
509396909,619008516,1,1,False,True,False
510375115,101767772,8,8,False,True,False
510375115,120538653,10,10,False,True,False
510375115,140609832,2,2,False,True,False
510375115,14367737,23,23,False,True,False
510375115,164047061,1,1,False,True,False
510375115,169656159,4,4,False,True,False
510375115,182849188,1,1,False,True,True
510375115,198288319,24,24,False,True,False
510375115,208060770,4,4,False,True,False
510375115,212936374,21,21,False,True,False
510375115,22360263,1,1,False,True,False
510375115,22446506,1,1,False,True,False
510375115,241092383,15,15,False,True,False
510375115,253290187,5,5,False,True,False
510375115,255043026,14,14,False,True,False
510375115,258933250,8,8,False,True,False
510375115,260749683,1,1,False,True,False
510375115,27890669,21,21,False,True,False
510375115,30062547,21,21,False,True,False
510375115,30667298,23,23,False,True,False
510375115,31315121,39,39,False,True,False
510375115,329445418,1,1,False,True,False
510375115,358917250,137,137,False,True,False
510375115,358917318,18,18,False,True,True
510375115,35894511,16,16,False,True,False
510375115,47371310,1,1,False,True,False
510375115,496817075,1,1,False,True,True
510375115,499312846,2,2,False,True,False
510375115,510375115,440,440,True,True,True
510375115,51905353,4,4,False,True,False
510375115,55077261,15,15,False,True,False
510375115,570491818,1,1,False,True,False
510375115,580539035,1,1,False,True,False
510375115,62350380,28,28,False,True,False
510375115,659525866,3,3,False,True,False
510375115,67836789,63,63,False,True,False
510375115,71415280,1,1,False,True,False
510375115,724712,1,1,False,True,False
510375115,79874569,14,14,False,True,False
510375115,91218588,6,6,False,True,False
510375115,94262864,1,1,False,True,False
510607652,103172419,1,1,False,True,False
510607652,10691398,1,1,False,True,False
510607652,126250425,3,3,False,True,False
510607652,139405400,3,3,False,True,False
510607652,161979323,1,1,False,True,False
510607652,184484074,1,1,False,True,False
510607652,18765044,1,1,False,True,False
510607652,18785884,2,2,False,True,False
510607652,198683574,1,1,False,True,True
510607652,200030123,1,1,False,True,False
510607652,22266795,1,1,False,True,False
510607652,23096959,3,3,False,True,False
510607652,244554606,2,2,False,True,False
510607652,2755696,1,1,False,True,False
510607652,27576132,1,1,False,True,False
510607652,30828052,1,1,False,True,False
510607652,313250436,3,3,False,True,False
510607652,31504491,2,2,False,True,False
510607652,31792824,1,1,False,True,False
510607652,360264486,1,1,False,True,False
510607652,434827479,1,1,False,True,False
510607652,461622431,1,1,False,True,False
510607652,469828818,1,1,False,True,False
510607652,479773469,1,1,False,True,False
510607652,4925652,1,1,False,True,False
510607652,510463319,26,26,False,True,False
510607652,510607652,958,958,True,True,True
510607652,519728947,4,4,False,True,False
510607652,529504107,1,1,False,True,False
510607652,538316309,1,1,False,True,False
510607652,538553958,1,1,False,True,False
510607652,551224363,1,1,False,True,False
510607652,55637575,1,1,False,True,False
510607652,562377431,1,1,False,True,False
510607652,569796349,1,1,False,True,False
510607652,580278577,1,1,False,True,False
510607652,589679365,1,1,False,True,False
510607652,594832601,1,1,False,True,False
510607652,609056915,1,1,False,True,False
510607652,610041753,2,2,False,True,False
510607652,612401200,1,1,False,True,False
510607652,618929835,1,1,False,True,False
510607652,627807212,1,1,False,True,False
510607652,650326368,1,1,False,True,False
510607652,664700615,3,3,False,True,False
510607652,673127966,1,1,False,True,False
510607652,680533087,1,1,False,True,False
510607652,690638724,2,2,False,True,False
510607652,721643065,1,1,False,True,False
510607652,72495579,1,1,False,True,False
510607652,72888736,4,4,False,True,False
510607652,73500647,3,3,False,True,False
510607652,76064827,2,2,False,True,False
510607652,8825137,1,1,False,True,False
510607652,96004375,1,1,False,True,False
511030127,18260583,1,1,False,True,False
511030127,242970900,6,6,False,True,False
511030127,266179818,4,4,False,True,False
511030127,279258716,1,1,False,True,False
511030127,511030127,322,322,True,True,True
511030127,94562173,1,1,False,True,False
51290852,120627608,2,2,False,True,False
520096046,198350484,1,1,False,True,False
520096046,263727855,1,1,False,True,False
520096046,321960447,1,1,False,True,False
520096046,348789764,2,2,False,True,False
520096046,354090893,1,1,False,True,False
520096046,363150,1,1,False,True,False
520096046,390536799,2,2,False,True,False
520096046,503800558,1,1,False,True,False
520096046,520096046,1463,1463,True,True,True
520096046,528806629,12,12,False,True,False
520096046,533543004,1,1,False,True,False
520096046,563014005,1,1,False,True,False
520096046,564181035,2,2,False,True,False
520096046,565730722,2,2,False,True,False
520096046,65600975,1,1,False,True,False
520096046,673596675,1,1,False,True,False
52080367,214913183,1,1,False,True,False
52080367,52080367,2992,2992,True,True,True
52080367,613701869,3,3,False,True,False
52080367,797112,1,1,False,True,False
52080367,93596476,1,1,False,True,False
52420005,255262523,3,3,False,True,False
52420005,52420005,6,6,True,True,True
52420005,619008516,1,1,False,True,False
52507351,1064563,3,3,False,True,False
52507351,20300177,1,1,False,True,False
52507351,2045207,2,2,False,True,False
52507351,206424,1,1,False,True,True
52507351,52507351,32,32,True,True,True
52507351,682834027,1,1,False,True,False
52507351,84038847,1,1,False,True,False
528766495,1362490,6,6,False,True,False
528766495,162548942,1,1,False,True,False
528766495,23405758,1,1,False,True,True
528766495,488802963,10,10,False,True,False
528766495,528766495,120,120,True,True,True
528766495,531326684,1,1,False,True,False
528766495,596860245,2,2,False,True,False
528766495,610621674,2,2,False,True,False
528766495,656451949,1,1,False,True,False
528766495,664610555,1,1,False,True,False
528766495,682003431,1,1,False,True,False
528766495,6934395,1,1,False,True,True
528766495,81810486,2,2,False,True,False
534109388,534109388,151,151,True,True,True
534109388,582614011,1,1,False,True,False
5349565,10232128,6,6,False,True,False
5349565,10746583,1,1,False,True,False
5349565,108908685,3,3,False,True,False
5349565,11171548,1,1,False,True,False
5349565,114948816,1,1,False,True,False
5349565,116867981,6,6,False,True,False
5349565,1357199,1,1,False,True,False
5349565,138754790,1,1,False,True,True
5349565,1402936,1,1,False,True,False
5349565,142369435,1,1,False,True,False
5349565,153180924,1,1,False,True,False
5349565,15625834,7,7,False,True,False
5349565,158256479,26,26,False,True,False
5349565,166319643,1,1,False,True,False
5349565,166515022,165,165,False,True,True
5349565,167093203,1,1,False,True,False
5349565,17234665,2,2,False,True,False
5349565,182849188,4,4,False,True,True
5349565,190478838,1,1,False,True,False
5349565,19641638,2,2,False,True,False
5349565,199940050,1,1,False,True,False
5349565,20675635,1,1,False,True,False
5349565,20675636,2,2,False,True,False
5349565,209642759,3,3,False,True,False
5349565,215948042,5,5,False,True,False
5349565,219891102,5,5,False,True,False
5349565,24560307,1,1,False,True,False
5349565,24776728,3,3,False,True,False
5349565,253103317,1,1,False,True,False
5349565,254450741,3,3,False,True,False
5349565,26658897,1,1,False,True,False
5349565,295909370,132,132,False,True,False
5349565,31197250,2,2,False,True,False
5349565,3320710,1,1,False,True,False
5349565,333570243,1,1,False,True,False
5349565,333867901,3,3,False,True,False
5349565,335342,1,1,False,True,False
5349565,33745913,1,1,False,True,True
5349565,388946490,295,295,False,True,True
5349565,406919684,1,1,False,True,False
5349565,442430,1,1,False,True,False
5349565,4524181,4,4,False,True,False
5349565,463346794,1,1,False,True,False
5349565,507775,1,1,False,True,True
5349565,511236791,1,1,False,True,False
5349565,51905353,1,1,False,True,False
5349565,52855516,1,1,False,True,False
5349565,5349565,7306,7306,True,True,True
5349565,54158968,6,6,False,True,False
5349565,551076626,1,1,False,True,False
5349565,5573275,1,1,False,True,False
5349565,558476533,1,1,False,True,False
5349565,559669561,5,5,False,True,False
5349565,5695907,1,1,False,True,False
5349565,588982731,3,3,False,True,False
5349565,623167149,2,2,False,True,False
5349565,623574682,1,1,False,True,False
5349565,63809205,2,2,False,True,False
5349565,647018139,1,1,False,True,False
5349565,651291604,1,1,False,True,False
5349565,664452562,4,4,False,True,False
5349565,670792832,1,1,False,True,False
5349565,684697496,2,2,False,True,False
5349565,697934018,1,1,False,True,False
5349565,715751176,3,3,False,True,False
5349565,743888972,2,2,False,True,False
5349565,76474200,5,5,False,True,False
5349565,89943162,2,2,False,True,False
54005538,101325844,2,2,False,True,False
54005538,106402526,1,1,False,True,False
54005538,107775870,1,1,False,True,False
54005538,197176365,6,6,False,True,False
54005538,24182261,2,2,False,True,False
54005538,260167348,3,3,False,True,False
54005538,27729171,1,1,False,True,False
54005538,44662669,1,1,False,True,False
54005538,46420463,1,1,False,True,False
54005538,527061453,2,2,False,True,False
54005538,54005538,1484,1484,True,True,True
54005538,602329911,1,1,False,True,False
54005538,60246359,1,1,False,True,True
54005538,619008516,1,1,False,True,False
54005538,911980,1,1,False,True,True
54005538,937976,1,1,False,True,False
542714,11309795,1,1,False,True,False
542714,113701924,3,3,False,True,False
542714,116995448,1,1,False,True,False
542714,13078968,4,4,False,True,False
542714,147069330,4,4,False,True,False
542714,15785507,5,5,False,True,False
542714,17620347,2,2,False,True,False
542714,18260583,5,5,False,True,False
542714,195619075,1,1,False,True,True
542714,208728772,1,1,False,True,True
542714,210716005,8,8,False,True,False
542714,224674233,1,1,False,True,False
542714,229145432,7,7,False,True,False
542714,24560307,3,3,False,True,False
542714,2606873,7,7,False,True,False
542714,26658897,4,4,False,True,False
542714,268163609,1,1,False,True,True
542714,278640104,1,1,False,True,False
542714,28061676,1,1,False,True,False
542714,336298167,3,3,False,True,False
542714,35890081,1,1,False,True,False
542714,359952601,1,1,False,True,False
542714,3678731,5,5,False,True,False
542714,381666251,2,2,False,True,False
542714,390324364,1,1,False,True,False
542714,40276274,1,1,False,True,False
542714,430633055,1,1,False,True,False
542714,436551874,1,1,False,True,False
542714,4463453,9,9,False,True,False
542714,450466230,3,3,False,True,False
542714,501776658,6,6,False,True,False
542714,515881221,1,1,False,True,False
542714,542714,964,964,True,True,True
542714,55072677,1,1,False,True,True
542714,60075331,5,5,False,True,False
542714,601058002,1,1,False,True,False
542714,603580711,1,1,False,True,False
542714,609977280,1,1,False,True,False
542714,62112810,9,9,False,True,False
542714,62124667,1,1,False,True,False
542714,6438280,4,4,False,True,False
542714,666163354,1,1,False,True,False
542714,676646151,1,1,False,True,False
542714,715965633,1,1,False,True,False
542714,737030210,10,10,False,True,False
542714,8926444,4,4,False,True,False
542714,90299507,1,1,False,True,False
542714,904641,2,2,False,True,False
542714,9433979,1,1,False,True,False
542714,961487,1,1,False,True,False
542714,96431386,1,1,False,True,False
543276238,108920680,1,1,False,True,False
543276238,118668940,1,1,False,True,False
543276238,174204333,1,1,False,True,False
543276238,186899882,1,1,False,True,False
543276238,204033634,3,3,False,True,False
543276238,260749683,1,1,False,True,False
543276238,319168169,1,1,False,True,False
543276238,343191804,1,1,False,True,False
543276238,359952601,1,1,False,True,False
543276238,517745858,1,1,False,True,False
543276238,543276238,521,521,True,True,True
543276238,563169255,1,1,False,True,False
543276238,564722430,1,1,False,True,False
543276238,570104815,1,1,False,True,False
543276238,584729999,1,1,False,True,False
543276238,584946477,1,1,False,True,False
543276238,586220513,11,11,False,True,False
543276238,598100760,1,1,False,True,False
543276238,604144324,1,1,False,True,False
543276238,607721976,1,1,False,True,False
543276238,609056915,1,1,False,True,False
543276238,613781236,1,1,False,True,False
543276238,652802536,1,1,False,True,False
543276238,665687435,1,1,False,True,False
543276238,693214374,2,2,False,True,False
543276238,695372858,1,1,False,True,False
5453989,5453989,8,8,True,True,True
546206616,118668940,1,1,False,True,False
546206616,133134007,3,3,False,True,False
546206616,138754790,3,3,False,True,True
546206616,14076122,1,1,False,True,False
546206616,15502383,1,1,False,True,False
546206616,155220641,1,1,False,True,False
546206616,156939672,6,6,False,True,False
546206616,160919119,3,3,False,True,False
546206616,166363507,1,1,False,True,False
546206616,175296188,1,1,False,True,False
546206616,180687624,1,1,False,True,False
546206616,185478926,1,1,False,True,False
546206616,190416463,1,1,False,True,False
546206616,198616978,1,1,False,True,False
546206616,199398069,1,1,False,True,False
546206616,20929025,3,3,False,True,False
546206616,237402828,1,1,False,True,False
546206616,251747948,3,3,False,True,False
546206616,257313499,1,1,False,True,False
546206616,2755696,5,5,False,True,False
546206616,27729907,1,1,False,True,False
546206616,302827809,1,1,False,True,True
546206616,307213173,10,10,False,True,False
546206616,334164334,1,1,False,True,False
546206616,348897374,2,2,False,True,False
546206616,359952601,2,2,False,True,False
546206616,403020531,1,1,False,True,False
546206616,438419937,3,3,False,True,False
546206616,460077424,1,1,False,True,False
546206616,468576060,5,5,False,True,False
546206616,488104350,1,1,False,True,False
546206616,49401134,1,1,False,True,False
546206616,523043277,1,1,False,True,False
546206616,542858730,1,1,False,True,False
546206616,546206616,3754,3754,True,True,True
546206616,552661142,20,20,False,True,False
546206616,571390155,7,7,False,True,False
546206616,598342280,9,9,False,True,False
546206616,601161044,5,5,False,True,False
546206616,60246359,2,2,False,True,True
546206616,602665730,523,523,False,True,False
546206616,617868717,1,1,False,True,False
546206616,618613272,3,3,False,True,False
546206616,621434160,4,4,False,True,False
546206616,627066574,1,1,False,True,False
546206616,62725884,1,1,False,True,False
546206616,627480054,2,2,False,True,False
546206616,627996184,3,3,False,True,False
546206616,633656569,1,1,False,True,False
546206616,635112170,1,1,False,True,False
546206616,635240594,3,3,False,True,False
546206616,642880013,1,1,False,True,False
546206616,643327645,4,4,False,True,False
546206616,644693223,1,1,False,True,False
546206616,648017819,1,1,False,True,False
546206616,648351990,2,2,False,True,False
546206616,650654562,3,3,False,True,False
546206616,650805128,2,2,False,True,False
546206616,651278448,2,2,False,True,False
546206616,651392599,1,1,False,True,False
546206616,65600975,2,2,False,True,False
546206616,656099147,4,4,False,True,False
546206616,658303145,1,1,False,True,False
546206616,659957668,1,1,False,True,False
546206616,660205230,8,8,False,True,False
546206616,666590450,11,11,False,True,False
546206616,671795684,1,1,False,True,False
546206616,671811685,1,1,False,True,False
546206616,672491464,1,1,False,True,False
546206616,672756585,2,2,False,True,False
546206616,674149041,1,1,False,True,False
546206616,676208116,8,8,False,True,False
546206616,676410846,10,10,False,True,False
546206616,678540761,2,2,False,True,False
546206616,679730958,2,2,False,True,False
546206616,68465360,1,1,False,True,False
546206616,685163084,2,2,False,True,False
546206616,696400903,1,1,False,True,False
546206616,704543233,7,7,False,True,False
546206616,7053637,8,8,False,True,False
546206616,707422832,1,1,False,True,False
546206616,715255303,2,2,False,True,False
546206616,728703084,1,1,False,True,False
546206616,80945428,1,1,False,True,False
546206616,81227005,1,1,False,True,False
546206616,90194616,1,1,False,True,False
546206616,96431386,13,13,False,True,False
55072677,137724480,1,1,False,True,False
55072677,207585477,1,1,False,True,False
55072677,276189831,1,1,False,True,False
55072677,28366058,4,4,False,True,False
55072677,36960321,13,13,False,True,False
55072677,46089560,4,4,False,True,False
55072677,55072677,77,77,True,True,True
551374215,114187903,1,1,False,True,True
551374215,150013328,1,1,False,True,True
551374215,256736474,1,1,False,True,False
551374215,388946490,1,1,False,True,True
551374215,394789638,1,1,False,True,False
551374215,412264930,2,2,False,True,False
551374215,46379698,1,1,False,True,False
551374215,513542067,1,1,False,True,False
551374215,551374215,157,157,True,True,True
551374215,551375812,2,2,False,True,False
551374215,560789243,1,1,False,True,False
551374215,619008516,3,3,False,True,False
551374215,638739649,1,1,False,True,False
551374215,684061670,2,2,False,True,False
551374215,687171752,2,2,False,True,False
551374215,75821432,1,1,False,True,False
56128733,10416648,1,1,False,True,False
56128733,11939484,3,3,False,True,False
56128733,133431470,1,1,False,True,False
56128733,1362490,3,3,False,True,False
56128733,1388495,3,3,False,True,False
56128733,158256479,3,3,False,True,False
56128733,158906962,1,1,False,True,False
56128733,2045207,2,2,False,True,False
56128733,206444,2,2,False,True,True
56128733,20675635,3,3,False,True,False
56128733,4067434,4,4,False,True,False
56128733,56128733,31,31,True,True,True
56128733,596892,1,1,False,True,False
56128733,7563814,1,1,False,True,False
56128733,7634677,1,1,False,True,False
56128733,8843683,2,2,False,True,False
5683653,1064563,1,1,False,True,False
5683653,129640825,1,1,False,True,False
5683653,165954705,2,2,False,True,False
5683653,17165658,1,1,False,True,True
5683653,206444,1,1,False,True,True
5683653,20675635,1,1,False,True,False
5683653,22684655,7,7,False,True,False
5683653,243808437,1,1,False,True,False
5683653,269238359,1,1,False,True,False
5683653,33745913,7,7,False,True,True
5683653,5683653,185,185,True,True,True
57401138,57401138,13,13,True,True,True
57401138,619008516,1,1,False,True,False
57401138,95638093,1,1,False,True,False
574588439,102534028,1,1,False,True,False
574588439,102969245,1,1,False,True,False
574588439,17165658,1,1,False,True,True
574588439,2325298,1,1,False,True,False
574588439,2339555,1,1,False,True,False
574588439,252522672,2,2,False,True,False
574588439,265902625,1,1,False,True,False
574588439,27729880,2,2,False,True,False
574588439,38373338,1,1,False,True,False
574588439,456549280,6,6,False,True,True
574588439,46089560,3,3,False,True,False
574588439,487009502,6,6,False,True,False
574588439,574588439,407,407,True,True,True
574588439,595672011,3,3,False,True,False
574588439,60246359,2,2,False,True,True
574588439,616230792,5,5,False,True,False
574588439,619008516,1,1,False,True,False
574588439,722956234,1,1,False,True,False
574588439,97556265,2,2,False,True,False
574694308,102601749,1,1,False,True,False
574694308,197814629,1,1,False,True,False
574694308,240317939,9,9,False,True,False
574694308,25287349,3,3,False,True,False
574694308,25777459,2,2,False,True,False
574694308,263701613,1,1,False,True,False
574694308,38505249,2,2,False,True,False
574694308,434708679,8,8,False,True,False
574694308,440909617,5,5,False,True,False
574694308,448141955,1,1,False,True,False
574694308,486163275,6,6,False,True,False
574694308,517833272,2,2,False,True,False
574694308,523199201,3,3,False,True,False
574694308,574694308,111,111,True,True,True
574694308,5880554,1,1,False,True,False
574694308,667847062,1,1,False,True,False
574694308,85327864,2,2,False,True,False
5761553,4685187,1,1,False,True,False
5761553,5761553,29,29,True,True,True
5761553,68312233,9,9,False,True,False
581145740,114187903,4,4,False,True,True
581145740,158477175,1,1,False,True,False
581145740,19618350,12,12,False,True,False
581145740,199921433,1,1,False,True,False
581145740,20653934,1,1,False,True,False
581145740,21708091,1,1,False,True,False
581145740,221993778,1,1,False,True,False
581145740,28478401,12,12,False,True,False
581145740,28478420,12,12,False,True,False
581145740,37308208,1,1,False,True,False
581145740,388946490,1,1,False,True,True
581145740,44662669,1,1,False,True,False
581145740,51905353,1,1,False,True,False
581145740,541433150,111,111,False,True,False
581145740,578021174,11,11,False,True,False
581145740,581145740,1951,1951,True,True,True
581145740,585106802,18,18,False,True,False
581145740,60246359,31,31,False,True,True
581145740,605618915,3,3,False,True,False
581145740,62117812,1,1,False,True,False
581145740,644900953,2,2,False,True,False
581145740,647557800,6,6,False,True,False
581145740,653993822,5,5,False,True,False
5844474,107505869,1,1,False,True,False
5844474,13078968,1,1,False,True,False
5844474,1357199,21,21,False,True,False
5844474,15785507,1,1,False,True,False
5844474,159548561,20,20,False,True,False
5844474,18174590,4,4,False,True,False
5844474,19330736,8,8,False,True,False
5844474,2056549,4,4,False,True,False
5844474,210716005,13,13,False,True,False
5844474,22841549,2,2,False,True,False
5844474,24560307,39,39,False,True,False
5844474,248537383,2,2,False,True,False
5844474,251584398,1,1,False,True,False
5844474,257485422,1,1,False,True,False
5844474,275516738,2,2,False,True,False
5844474,27729880,2,2,False,True,False
5844474,277837858,1,1,False,True,False
5844474,28233924,1,1,False,True,False
5844474,4463453,27,27,False,True,False
5844474,494505892,5,5,False,True,False
5844474,514024958,2,2,False,True,False
5844474,53527070,1,1,False,True,False
5844474,5844474,2978,2978,True,True,True
5844474,619008516,1,1,False,True,False
590507334,590507334,17,17,True,True,True
590507334,84382796,1,1,False,True,False
5912693,5912693,4,4,True,True,True
597066476,292381946,3,3,False,True,False
597066476,597066476,5,5,True,True,True
60246359,10080335,1,1,False,True,False
60246359,103940483,1,1,False,True,False
60246359,103980089,3,3,False,True,False
60246359,104231541,3,3,False,True,False
60246359,106520420,2,2,False,True,False
60246359,108979839,1,1,False,True,False
60246359,111860063,1,1,False,True,False
60246359,11939484,4,4,False,True,False
60246359,123590537,6,6,False,True,False
60246359,123684665,1,1,False,True,False
60246359,125266328,1,1,False,True,False
60246359,126412363,2,2,False,True,False
60246359,126465227,1,1,False,True,False
60246359,12682522,1,1,False,True,False
60246359,13057937,4,4,False,True,False
60246359,130688011,1,1,False,True,True
60246359,13310527,11,11,False,True,False
60246359,133431470,2,2,False,True,False
60246359,134862372,4,4,False,True,False
60246359,1362490,2,2,False,True,False
60246359,13655949,10,10,False,True,False
60246359,137255598,1,1,False,True,False
60246359,13868694,3,3,False,True,False
60246359,138754790,5,5,False,True,True
60246359,139076329,1,1,False,True,False
60246359,140325970,1,1,False,True,False
60246359,141451032,2,2,False,True,False
60246359,143262333,2,2,False,True,False
60246359,14509169,1,1,False,True,False
60246359,146327667,1,1,False,True,False
60246359,14812739,4,4,False,True,False
60246359,150110305,1,1,False,True,False
60246359,150444746,1,1,False,True,False
60246359,153996559,2,2,False,True,False
60246359,154962060,1,1,False,True,False
60246359,156018,1,1,False,True,True
60246359,156108485,1,1,False,True,False
60246359,157422219,1,1,False,True,False
60246359,158256479,1,1,False,True,False
60246359,158477175,12,12,False,True,False
60246359,159049339,1,1,False,True,False
60246359,160689777,1,1,False,True,False
60246359,160999,6,6,False,True,True
60246359,162869571,1,1,False,True,False
60246359,163185206,1,1,False,True,False
60246359,163847389,3,3,False,True,False
60246359,164896915,1,1,False,True,False
60246359,165021340,9,9,False,True,False
60246359,166515022,1,1,False,True,True
60246359,167499157,2,2,False,True,False
60246359,16916235,3,3,False,True,False
60246359,172000765,1,1,False,True,False
60246359,172281423,1,1,False,True,False
60246359,172456427,21,21,False,True,False
60246359,173952378,1,1,False,True,False
60246359,175096978,1,1,False,True,False
60246359,176821351,1,1,False,True,False
60246359,179866722,3,3,False,True,False
60246359,18030517,1,1,False,True,False
60246359,18106269,5,5,False,True,False
60246359,18192493,1,1,False,True,False
60246359,182849188,2,2,False,True,True
60246359,184286875,5,5,False,True,False
60246359,187523334,1,1,False,True,False
60246359,187943341,2,2,False,True,False
60246359,1885237,1,1,False,True,False
60246359,1916228,2,2,False,True,False
60246359,19257422,1,1,False,True,True
60246359,196414933,1,1,False,True,False
60246359,198683574,1,1,False,True,True
60246359,199921433,5,5,False,True,False
60246359,200663555,2,2,False,True,False
60246359,20072342,1,1,False,True,False
60246359,20078379,1,1,False,True,False
60246359,201975309,1,1,False,True,False
60246359,20236160,1,1,False,True,False
60246359,203589409,1,1,False,True,False
60246359,204009988,1,1,False,True,False
60246359,204949916,1,1,False,True,False
60246359,20675635,3,3,False,True,False
60246359,206791328,4,4,False,True,False
60246359,206917473,1,1,False,True,False
60246359,208047461,2,2,False,True,False
60246359,219505677,1,1,False,True,False
60246359,219915319,1,1,False,True,False
60246359,220808376,2,2,False,True,False
60246359,2211243,4,4,False,True,False
60246359,221407234,1,1,False,True,False
60246359,222023566,1,1,False,True,False
60246359,22321368,3,3,False,True,False
60246359,22484898,4,4,False,True,False
60246359,226151984,1,1,False,True,False
60246359,228117837,3,3,False,True,False
60246359,229315360,1,1,False,True,False
60246359,23086893,13,13,False,True,False
60246359,231798478,1,1,False,True,False
60246359,2325298,1,1,False,True,False
60246359,233147271,4,4,False,True,False
60246359,23357588,2,2,False,True,False
60246359,234890761,1,1,False,True,False
60246359,235819600,2,2,False,True,False
60246359,235901813,2,2,False,True,False
60246359,23641816,8,8,False,True,False
60246359,239416281,1,1,False,True,False
60246359,2410676,2,2,False,True,False
60246359,241163393,1,1,False,True,False
60246359,242923033,2,2,False,True,False
60246359,244514240,1,1,False,True,False
60246359,250782700,1,1,False,True,False
60246359,252650176,1,1,False,True,False
60246359,254623350,2,2,False,True,False
60246359,25890500,1,1,False,True,False
60246359,258933250,2,2,False,True,False
60246359,259281907,4,4,False,True,False
60246359,2651432,1,1,False,True,False
60246359,268936983,1,1,False,True,False
60246359,272244219,1,1,False,True,False
60246359,27729880,1,1,False,True,False
60246359,279134229,2,2,False,True,False
60246359,283187702,3,3,False,True,False
60246359,283230219,1,1,False,True,False
60246359,28366058,2,2,False,True,False
60246359,285320805,11,11,False,True,False
60246359,28554304,1,1,False,True,False
60246359,288677911,1,1,False,True,False
60246359,29261473,6,6,False,True,False
60246359,292834673,10,10,False,True,False
60246359,29326047,1,1,False,True,False
60246359,296296855,4,4,False,True,False
60246359,296405219,1,1,False,True,False
60246359,29759715,5,5,False,True,False
60246359,299510783,1,1,False,True,False
60246359,299603525,1,1,False,True,False
60246359,301695013,5,5,False,True,False
60246359,30216244,1,1,False,True,False
60246359,304430669,9,9,False,True,False
60246359,304432822,1,1,False,True,False
60246359,309309464,1,1,False,True,False
60246359,310611,2,2,False,True,False
60246359,31180321,1,1,False,True,False
60246359,314442029,2,2,False,True,False
60246359,31663150,2,2,False,True,False
60246359,317940258,1,1,False,True,False
60246359,322347496,1,1,False,True,False
60246359,32235223,1,1,False,True,False
60246359,32347104,1,1,False,True,False
60246359,334134772,2,2,False,True,False
60246359,33413850,1,1,False,True,False
60246359,334164334,1,1,False,True,False
60246359,334585300,13,13,False,True,False
60246359,338169115,1,1,False,True,False
60246359,34139230,2,2,False,True,False
60246359,343208836,1,1,False,True,False
60246359,35144191,10,10,False,True,False
60246359,353523898,3,3,False,True,False
60246359,35440404,11,11,False,True,False
60246359,357462016,1,1,False,True,False
60246359,358201880,1,1,False,True,False
60246359,359607103,4,4,False,True,False
60246359,36377339,1,1,False,True,False
60246359,36439741,1,1,False,True,False
60246359,36654353,1,1,False,True,False
60246359,36778364,1,1,False,True,False
60246359,372609963,3,3,False,True,False
60246359,372630017,2,2,False,True,False
60246359,383482440,1,1,False,True,False
60246359,38451868,1,1,False,True,False
60246359,385658067,1,1,False,True,False
60246359,3911430,1,1,False,True,False
60246359,393562005,1,1,False,True,False
60246359,39468142,3,3,False,True,False
60246359,39840932,2,2,False,True,False
60246359,398732697,1,1,False,True,False
60246359,402945349,1,1,False,True,False
60246359,40736127,1,1,False,True,False
60246359,40741114,1,1,False,True,False
60246359,411125610,6,6,False,True,False
60246359,411261949,3,3,False,True,False
60246359,412132838,1,1,False,True,False
60246359,415741642,1,1,False,True,False
60246359,417630672,2,2,False,True,False
60246359,427493431,1,1,False,True,False
60246359,428231308,1,1,False,True,False
60246359,42895929,1,1,False,True,False
60246359,4307702,1,1,False,True,False
60246359,433653701,1,1,False,True,False
60246359,435375021,5,5,False,True,False
60246359,436236826,1,1,False,True,False
60246359,436536364,2,2,False,True,False
60246359,438001215,1,1,False,True,False
60246359,438707344,5,5,False,True,False
60246359,439011383,1,1,False,True,False
60246359,4407129,2,2,False,True,True
60246359,442716595,1,1,False,True,False
60246359,44662669,1,1,False,True,False
60246359,449091292,3,3,False,True,False
60246359,4524181,1,1,False,True,False
60246359,4542716,1,1,False,True,False
60246359,456549280,1,1,False,True,True
60246359,46234189,1,1,False,True,False
60246359,463288368,3,3,False,True,False
60246359,467151498,1,1,False,True,False
60246359,470954148,1,1,False,True,False
60246359,47219360,7,7,False,True,False
60246359,472230828,1,1,False,True,False
60246359,472249049,2,2,False,True,False
60246359,474609551,1,1,False,True,False
60246359,475029937,68,68,False,True,False
60246359,47671127,4,4,False,True,False
60246359,47755262,1,1,False,True,False
60246359,479291099,1,1,False,True,False
60246359,487009502,1,1,False,True,False
60246359,487859119,3,3,False,True,False
60246359,495951099,1,1,False,True,False
60246359,502126992,1,1,False,True,False
60246359,503138887,2,2,False,True,False
60246359,50387722,1,1,False,True,False
60246359,507251859,1,1,False,True,False
60246359,508336811,1,1,False,True,False
60246359,5099453,1,1,False,True,False
60246359,510907833,1,1,False,True,False
60246359,511235342,1,1,False,True,False
60246359,511691380,1,1,False,True,False
60246359,512901698,3,3,False,True,False
60246359,517653557,1,1,False,True,False
60246359,518164214,1,1,False,True,False
60246359,51905353,2,2,False,True,False
60246359,523043277,1,1,False,True,False
60246359,524496914,2,2,False,True,False
60246359,526908111,1,1,False,True,False
60246359,527734576,2,2,False,True,False
60246359,52804750,1,1,False,True,False
60246359,530821975,3,3,False,True,False
60246359,53174933,4,4,False,True,False
60246359,536650342,1,1,False,True,False
60246359,5383731,2,2,False,True,False
60246359,538480445,30,30,False,True,False
60246359,539453813,3,3,False,True,False
60246359,539846712,3,3,False,True,False
60246359,54280778,1,1,False,True,False
60246359,551374215,1,1,False,True,True
60246359,55185530,1,1,False,True,False
60246359,55205848,1,1,False,True,False
60246359,554034901,1,1,False,True,False
60246359,554411496,6,6,False,True,False
60246359,569041,2,2,False,True,False
60246359,569050726,1,1,False,True,False
60246359,57160728,1,1,False,True,False
60246359,57230414,3,3,False,True,False
60246359,572795380,1,1,False,True,False
60246359,572972102,1,1,False,True,False
60246359,574588439,2,2,False,True,True
60246359,57893688,1,1,False,True,False
60246359,580105330,3,3,False,True,False
60246359,580405044,1,1,False,True,False
60246359,581145740,5,5,False,True,True
60246359,581861282,2,2,False,True,False
60246359,582706245,1,1,False,True,False
60246359,583136009,1,1,False,True,False
60246359,584359113,3,3,False,True,False
60246359,585727736,1,1,False,True,False
60246359,586021521,1,1,False,True,False
60246359,586424450,1,1,False,True,False
60246359,5870069,18,18,False,True,False
60246359,587871835,1,1,False,True,False
60246359,592066633,1,1,False,True,False
60246359,593279745,5,5,False,True,False
60246359,593346082,1,1,False,True,False
60246359,5958453,1,1,False,True,False
60246359,597137891,2,2,False,True,False
60246359,601458426,1,1,False,True,False
60246359,601708897,1,1,False,True,False
60246359,601871355,12,12,False,True,False
60246359,60246359,52511,52511,True,True,True
60246359,60489644,3,3,False,True,False
60246359,605020435,3,3,False,True,False
60246359,605938979,1,1,False,True,False
60246359,606302895,2,2,False,True,False
60246359,606433492,12,12,False,True,True
60246359,613772664,1,1,False,True,False
60246359,6148317,1,1,False,True,False
60246359,615125383,2,2,False,True,False
60246359,617470568,1,1,False,True,False
60246359,617816604,3,3,False,True,False
60246359,619008516,1,1,False,True,False
60246359,622205108,3,3,False,True,False
60246359,624131986,1,1,False,True,False
60246359,624308170,1,1,False,True,False
60246359,628225923,3,3,False,True,False
60246359,628739599,1,1,False,True,False
60246359,631548305,2,2,False,True,False
60246359,6333751,1,1,False,True,False
60246359,63421322,25,25,False,True,False
60246359,6358188,1,1,False,True,True
60246359,636843026,7,7,False,True,False
60246359,637225484,1,1,False,True,False
60246359,6376337,4,4,False,True,False
60246359,637814534,1,1,False,True,False
60246359,637976663,1,1,False,True,False
60246359,639046841,1,1,False,True,False
60246359,639411042,1,1,False,True,False
60246359,639988823,1,1,False,True,False
60246359,643013042,1,1,False,True,False
60246359,644947217,1,1,False,True,False
60246359,64699530,1,1,False,True,False
60246359,647824125,1,1,False,True,False
60246359,65214191,1,1,False,True,False
60246359,657093481,1,1,False,True,False
60246359,666811174,1,1,False,True,False
60246359,6670942,2,2,False,True,False
60246359,670479236,2,2,False,True,False
60246359,671805105,3,3,False,True,False
60246359,67354721,1,1,False,True,False
60246359,676097068,3,3,False,True,False
60246359,678214856,2,2,False,True,True
60246359,680991804,2,2,False,True,False
60246359,682705890,1,1,False,True,False
60246359,684104164,1,1,False,True,False
60246359,687977547,1,1,False,True,False
60246359,688201329,1,1,False,True,False
60246359,68938580,1,1,False,True,False
60246359,690359264,1,1,False,True,False
60246359,691638668,1,1,False,True,False
60246359,691974445,1,1,False,True,False
60246359,6934395,3,3,False,True,True
60246359,707184445,1,1,False,True,False
60246359,724712,1,1,False,True,False
60246359,72667908,1,1,False,True,False
60246359,734972901,1,1,False,True,False
60246359,737450129,1,1,False,True,False
60246359,75234804,1,1,False,True,False
60246359,75821432,22,22,False,True,False
60246359,7587038,1,1,False,True,False
60246359,7634677,3,3,False,True,False
60246359,7691631,3,3,False,True,False
60246359,78678862,1,1,False,True,False
60246359,78870047,1,1,False,True,False
60246359,80624075,1,1,False,True,False
60246359,84424258,1,1,False,True,False
60246359,84972208,2,2,False,True,False
60246359,85320730,3,3,False,True,False
60246359,87554659,2,2,False,True,False
60246359,8882852,1,1,False,True,False
60246359,90137956,2,2,False,True,False
60246359,908607,1,1,False,True,False
60246359,90912724,6,6,False,True,False
60246359,9120526,1,1,False,True,False
60246359,9155431,1,1,False,True,False
60246359,927442,1,1,False,True,True
60246359,9377198,1,1,False,True,False
60246359,95995403,1,1,False,True,False
60246359,98877895,3,3,False,True,False
60246359,99373936,1,1,False,True,False
60377070,100470837,34,34,False,True,False
60377070,102692863,2,2,False,True,False
60377070,1064563,1,1,False,True,False
60377070,1187853,3,3,False,True,False
60377070,123993596,1,1,False,True,False
60377070,12574344,27,27,False,True,False
60377070,1357199,7,7,False,True,False
60377070,156939672,3,3,False,True,False
60377070,16907502,18,18,False,True,False
60377070,173709830,22,22,False,True,False
60377070,18260583,1,1,False,True,False
60377070,19257422,365,365,False,True,True
60377070,20037550,77,77,False,True,False
60377070,20275545,11,11,False,True,False
60377070,2045207,1,1,False,True,False
60377070,206402,2,2,False,True,False
60377070,218396611,5,5,False,True,False
60377070,218525428,2,2,False,True,False
60377070,230795797,1,1,False,True,False
60377070,23086893,2,2,False,True,False
60377070,23206290,4,4,False,True,False
60377070,23982180,2,2,False,True,False
60377070,24560307,3,3,False,True,False
60377070,2544305,1,1,False,True,False
60377070,257485422,9,9,False,True,False
60377070,263442622,3,3,False,True,False
60377070,263752806,1,1,False,True,False
60377070,265444433,169,169,False,True,False
60377070,271251138,2,2,False,True,False
60377070,27522282,2,2,False,True,False
60377070,295620416,153,153,False,True,False
60377070,3037907,1,1,False,True,False
60377070,327628682,91,91,False,True,False
60377070,39468142,50,50,False,True,False
60377070,403744638,1,1,False,True,False
60377070,4463453,8,8,False,True,False
60377070,450439333,6,6,False,True,False
60377070,461846029,1,1,False,True,False
60377070,461899442,1,1,False,True,False
60377070,481324763,71,71,False,True,False
60377070,51274370,2,2,False,True,False
60377070,5174103,1,1,False,True,False
60377070,52855516,3,3,False,True,False
60377070,537800,354,354,False,True,False
60377070,5695907,19,19,False,True,False
60377070,60377070,5814,5814,True,True,True
60377070,630720219,1,1,False,True,False
60377070,63625434,1,1,False,True,False
60377070,662296099,2,2,False,True,False
60377070,713957550,1,1,False,True,False
60377070,722010879,1,1,False,True,False
60377070,722908919,1,1,False,True,False
60377070,72889410,1,1,False,True,False
60377070,730657398,2,2,False,True,False
60377070,730751175,2,2,False,True,False
60377070,73948366,4,4,False,True,False
60377070,84088596,1,1,False,True,False
60377070,92969352,1,1,False,True,False
60377070,94325158,3,3,False,True,False
60377070,99940552,25,25,False,True,False
606125384,1148753,7,7,False,True,False
606125384,190416463,2,2,False,True,False
606125384,192624594,7,7,False,True,False
606125384,197814629,8,8,False,True,False
606125384,23096959,2,2,False,True,False
606125384,606125384,121,121,True,True,True
606125384,6296790,11,11,False,True,False
606125384,639632172,1,1,False,True,False
606433492,100060912,1,1,False,True,False
606433492,105944401,1,1,False,True,True
606433492,114187903,1,1,False,True,True
606433492,138754790,2,2,False,True,True
606433492,159294525,1,1,False,True,False
606433492,1903522,1,1,False,True,False
606433492,190416463,1,1,False,True,False
606433492,22711503,1,1,False,True,False
606433492,23096959,1,1,False,True,False
606433492,240488592,1,1,False,True,False
606433492,24420506,1,1,False,True,False
606433492,24494032,1,1,False,True,True
606433492,29759715,1,1,False,True,False
606433492,343576900,1,1,False,True,False
606433492,372536760,1,1,False,True,True
606433492,477896448,2,2,False,True,False
606433492,49086513,1,1,False,True,False
606433492,518164214,1,1,False,True,False
606433492,51905353,1,1,False,True,False
606433492,52855516,1,1,False,True,False
606433492,53418103,1,1,False,True,False
606433492,561964390,5,5,False,True,False
606433492,60246359,14,14,False,True,True
606433492,606433492,200,200,True,True,True
606433492,619008516,1,1,False,True,False
606433492,628739599,6,6,False,True,False
606433492,637123040,3,3,False,True,False
606433492,639046841,2,2,False,True,False
606433492,661722274,1,1,False,True,False
606433492,670144921,1,1,False,True,False
606433492,676960961,1,1,False,True,False
606433492,686294266,3,3,False,True,False
606433492,690165495,1,1,False,True,False
606433492,724712,1,1,False,True,False
606433492,729539784,1,1,False,True,False
606433492,75821432,1,1,False,True,False
606433492,81598961,1,1,False,True,False
606433492,858127,1,1,False,True,False
606433492,86639356,1,1,False,True,False
606800919,144108814,1,1,False,True,False
606800919,606800919,41,41,True,True,True
606800919,671901773,1,1,False,True,False
606800919,99598595,2,2,False,True,False
607441698,13524719,1,1,False,True,False
607441698,190416463,1,1,False,True,False
607441698,265902625,1,1,False,True,False
607441698,307213173,3,3,False,True,False
607441698,330622921,1,1,False,True,False
607441698,358917250,1,1,False,True,False
607441698,36439741,1,1,False,True,False
607441698,413873228,1,1,False,True,False
607441698,423712737,1,1,False,True,False
607441698,438419937,1,1,False,True,False
607441698,444867182,1,1,False,True,False
607441698,49412556,1,1,False,True,True
607441698,511691380,58,58,False,True,False
607441698,51905353,1,1,False,True,False
607441698,530655405,1,1,False,True,False
607441698,560704231,1,1,False,True,False
607441698,598342280,2,2,False,True,False
607441698,607441698,1739,1739,True,True,True
607441698,619008516,1,1,False,True,False
607441698,628729877,1,1,False,True,False
607441698,648737525,1,1,False,True,False
607441698,658219396,1,1,False,True,False
607441698,694565231,1,1,False,True,False
607441698,698767645,2,2,False,True,False
607441698,91151442,1,1,False,True,False
61153677,130370449,1,1,False,True,False
61153677,141621344,1,1,False,True,False
61153677,22700054,1,1,False,True,False
61153677,27522241,2,2,False,True,False
61153677,27522271,2,2,False,True,False
61153677,27522295,3,3,False,True,False
61153677,3320710,1,1,False,True,False
61153677,36960321,19,19,False,True,False
61153677,370007792,8,8,False,True,False
61153677,54503347,1,1,False,True,False
61153677,61153677,671,671,True,True,True
61153677,6838921,4,4,False,True,True
61269853,61269853,8,8,True,True,True
613723,1493089,1,1,False,True,False
613723,17381605,2,2,False,True,False
613723,1746398,4,4,False,True,False
613723,196639786,1,1,False,True,False
613723,2401217,1,1,False,True,False
613723,26610130,2,2,False,True,False
613723,3280270,1,1,False,True,False
613723,36267369,1,1,False,True,False
613723,43701787,1,1,False,True,False
613723,45115389,2,2,False,True,False
613723,4861768,1,1,False,True,False
613723,52855516,1,1,False,True,False
613723,613723,30,30,True,True,True
613723,790938,8,8,False,True,False
613723,791522,1,1,False,True,True
613723,9900098,1,1,False,True,False
628503457,307213173,1,1,False,True,False
628503457,36439741,1,1,False,True,False
628503457,403691920,1,1,False,True,False
628503457,628503457,20,20,True,True,True
628503457,628765609,2,2,False,True,False
632269609,632269609,5,5,True,True,True
635374751,240315046,17,17,False,True,False
635374751,635374751,18,18,True,True,True
635374751,697687991,2,2,False,True,False
6358188,100683024,3,3,False,True,False
6358188,109480449,2,2,False,True,False
6358188,11203131,1,1,False,True,False
6358188,113678874,7,7,False,True,False
6358188,122282812,1,1,False,True,False
6358188,123410,1,1,False,True,False
6358188,12421065,1,1,False,True,False
6358188,12488647,2,2,False,True,False
6358188,12499251,1,1,False,True,False
6358188,1287669,1,1,False,True,False
6358188,129137599,1,1,False,True,False
6358188,13078968,2,2,False,True,False
6358188,13404515,1,1,False,True,False
6358188,14212940,1,1,False,True,False
6358188,14509169,1,1,False,True,False
6358188,149824037,1,1,False,True,False
6358188,16345015,2,2,False,True,False
6358188,168870773,2,2,False,True,False
6358188,17359057,10,10,False,True,False
6358188,1756350,4,4,False,True,False
6358188,177139928,2,2,False,True,False
6358188,18260583,3,3,False,True,False
6358188,184981,1,1,False,True,True
6358188,189029839,2,2,False,True,False
6358188,19000107,2,2,False,True,False
6358188,190416463,1,1,False,True,False
6358188,197281609,1,1,False,True,False
6358188,197709259,1,1,False,True,False
6358188,20275545,1,1,False,True,False
6358188,203410297,1,1,False,True,False
6358188,2045207,2,2,False,True,False
6358188,20580498,1,1,False,True,False
6358188,206371,25,25,False,True,False
6358188,206459,1,1,False,True,False
6358188,20675635,1,1,False,True,False
6358188,20675636,1,1,False,True,False
6358188,21193524,1,1,False,True,False
6358188,215566462,5,5,False,True,False
6358188,22266795,15,15,False,True,False
6358188,22305416,2,2,False,True,False
6358188,23088740,3,3,False,True,False
6358188,23357588,6,6,False,True,False
6358188,237159,6,6,False,True,False
6358188,240846407,1,1,False,True,False
6358188,24560307,2,2,False,True,False
6358188,2606873,4,4,False,True,False
6358188,27549019,1,1,False,True,False
6358188,27729926,2,2,False,True,False
6358188,2888818,6,6,False,True,False
6358188,29220333,1,1,False,True,False
6358188,2928944,1,1,False,True,False
6358188,2928948,1,1,False,True,False
6358188,310143368,2,2,False,True,False
6358188,310302823,1,1,False,True,False
6358188,311344607,2,2,False,True,False
6358188,320135333,1,1,False,True,False
6358188,32246828,2,2,False,True,False
6358188,3291848,2,2,False,True,False
6358188,33258973,1,1,False,True,False
6358188,3370128,58,58,False,True,False
6358188,3407114,11,11,False,True,False
6358188,35698342,1,1,False,True,False
6358188,3678731,1,1,False,True,False
6358188,38279790,2,2,False,True,False
6358188,387065774,1,1,False,True,False
6358188,38829639,1,1,False,True,False
6358188,39062978,1,1,False,True,False
6358188,414369883,1,1,False,True,False
6358188,42078666,1,1,False,True,False
6358188,42679047,1,1,False,True,False
6358188,431747333,1,1,False,True,False
6358188,437808595,2,2,False,True,False
6358188,4463453,11,11,False,True,False
6358188,467305201,1,1,False,True,False
6358188,472909832,1,1,False,True,False
6358188,483924,1,1,False,True,False
6358188,49244766,2,2,False,True,False
6358188,4950187,1,1,False,True,False
6358188,501687,2,2,False,True,False
6358188,518164214,1,1,False,True,False
6358188,537800,13,13,False,True,False
6358188,5663857,2,2,False,True,False
6358188,56729247,26,26,False,True,False
6358188,5695907,5,5,False,True,False
6358188,574877,2,2,False,True,False
6358188,5839692,1,1,False,True,False
6358188,604431792,3,3,False,True,False
6358188,605136117,1,1,False,True,False
6358188,6085215,2,2,False,True,False
6358188,620880066,1,1,False,True,False
6358188,635164092,1,1,False,True,False
6358188,6358188,8832,8832,True,True,True
6358188,655686746,1,1,False,True,False
6358188,664452562,1,1,False,True,False
6358188,664686793,1,1,False,True,False
6358188,674202099,1,1,False,True,False
6358188,681705041,6,6,False,True,False
6358188,685798215,1,1,False,True,False
6358188,685997609,4,4,False,True,False
6358188,686070010,1,1,False,True,False
6358188,6915445,3,3,False,True,False
6358188,691880760,5,5,False,True,False
6358188,696716530,2,2,False,True,False
6358188,704985219,5,5,False,True,False
6358188,709112357,1,1,False,True,False
6358188,715605,3,3,False,True,False
6358188,71939872,2,2,False,True,False
6358188,745749,4,4,False,True,False
6358188,779570,1,1,False,True,False
6358188,80317682,2,2,False,True,False
6358188,832680,10,10,False,True,False
6358188,85504501,1,1,False,True,False
6358188,88674404,1,1,False,True,False
6358188,90364793,1,1,False,True,False
6358188,91837954,6,6,False,True,False
6358188,93290292,2,2,False,True,False
6358188,94911145,6,6,False,True,False
63731386,63731386,1,1,True,True,True
639434928,11061773,13,13,False,True,False
639434928,1341324,7,7,False,True,False
639434928,165536154,16,16,False,True,False
639434928,18260583,5,5,False,True,False
639434928,24560307,1,1,False,True,False
639434928,2718248,1,1,False,True,False
639434928,349241,5,5,False,True,False
639434928,549230701,1,1,False,True,False
639434928,560495,7,7,False,True,False
639434928,6093316,17,17,False,True,False
639434928,639434928,143,143,True,True,True
639434928,75104123,7,7,False,True,False
639434928,90796663,13,13,False,True,False
6427744,1357199,2,2,False,True,False
6427744,22266795,3,3,False,True,False
6427744,4463453,3,3,False,True,False
6427744,6427744,12,12,True,True,True
6427744,69857712,1,1,False,True,False
642912355,642912355,89,89,True,True,True
64404140,327874458,1,1,False,True,False
64404140,403880807,1,1,False,True,False
64404140,64404140,2,2,True,True,True
644742603,183302822,1,1,False,True,False
644742603,200271950,1,1,False,True,False
644742603,41824974,1,1,False,True,False
644742603,44781140,28,28,False,True,True
644742603,596047527,1,1,False,True,False
644742603,639712595,1,1,False,True,False
644742603,644742603,479,479,True,True,True
644742603,665868048,1,1,False,True,False
644742603,668207668,2,2,False,True,False
644742603,672891998,1,1,False,True,False
644742603,927442,1,1,False,True,True
6452529,132776693,1,1,False,True,False
6452529,13655949,1,1,False,True,False
6452529,221574203,1,1,False,True,False
6452529,25175723,1,1,False,True,False
6452529,28470446,2,2,False,True,False
6452529,405937971,3,3,False,True,False
6452529,523070419,1,1,False,True,False
6452529,52855516,2,2,False,True,False
6452529,619008516,1,1,False,True,False
6452529,6452529,61,61,True,True,True
6452529,81698600,3,3,False,True,False
65259211,65259211,1034,1034,True,True,True
660776503,100060912,1,1,False,True,False
660776503,103706410,1,1,False,True,False
660776503,105712749,1,1,False,True,False
660776503,105944401,1,1,False,True,True
660776503,11061773,3,3,False,True,False
660776503,114187903,1,1,False,True,True
660776503,126914245,1,1,False,True,False
660776503,128693525,1,1,False,True,False
660776503,13078968,1,1,False,True,False
660776503,140053781,1,1,False,True,False
660776503,14243858,1,1,False,True,False
660776503,1458923,1,1,False,True,False
660776503,151846403,1,1,False,True,False
660776503,15500883,1,1,False,True,False
660776503,159294525,1,1,False,True,False
660776503,1604991,1,1,False,True,False
660776503,163853205,1,1,False,True,False
660776503,163883279,1,1,False,True,False
660776503,164789751,1,1,False,True,False
660776503,18004019,1,1,False,True,False
660776503,184734634,1,1,False,True,False
660776503,184955020,1,1,False,True,False
660776503,189476904,1,1,False,True,False
660776503,1903522,1,1,False,True,False
660776503,191937949,1,1,False,True,False
660776503,192625525,2,2,False,True,False
660776503,203267660,1,1,False,True,False
660776503,2112962,1,1,False,True,False
660776503,220391287,2,2,False,True,False
660776503,22711503,1,1,False,True,False
660776503,228908078,23,23,False,True,False
660776503,23096959,1,1,False,True,False
660776503,242754476,2,2,False,True,False
660776503,24420506,1,1,False,True,False
660776503,24494032,1,1,False,True,True
660776503,245704608,1,1,False,True,False
660776503,260749683,3,3,False,True,False
660776503,276293034,1,1,False,True,True
660776503,278745987,4,4,False,True,False
660776503,283046497,1,1,False,True,False
660776503,29759715,1,1,False,True,False
660776503,3060959,1,1,False,True,False
660776503,30951894,1,1,False,True,False
660776503,32193707,1,1,False,True,False
660776503,343576900,1,1,False,True,False
660776503,343668846,1,1,False,True,False
660776503,3535411,1,1,False,True,False
660776503,359952601,2,2,False,True,False
660776503,39265047,2,2,False,True,False
660776503,397996130,1,1,False,True,False
660776503,412240914,3,3,False,True,False
660776503,432844875,1,1,False,True,True
660776503,451686445,1,1,False,True,False
660776503,466440406,1,1,False,True,False
660776503,467580471,1,1,False,True,False
660776503,477896448,1,1,False,True,False
660776503,480239936,4,4,False,True,False
660776503,49086513,1,1,False,True,False
660776503,49412556,4,4,False,True,True
660776503,513542067,2,2,False,True,False
660776503,516821813,1,1,False,True,False
660776503,520058706,1,1,False,True,False
660776503,534354967,2,2,False,True,False
660776503,54445829,1,1,False,True,False
660776503,558211706,1,1,False,True,False
660776503,564623768,1,1,False,True,False
660776503,5682770,1,1,False,True,False
660776503,584503581,1,1,False,True,False
660776503,60106395,1,1,False,True,False
660776503,6093316,3,3,False,True,False
660776503,617774068,1,1,False,True,False
660776503,619008516,1,1,False,True,False
660776503,660776503,1367,1367,True,True,True
660776503,6731432,1,1,False,True,False
660776503,674014858,1,1,False,True,False
660776503,70107786,7,7,False,True,False
660776503,707276837,1,1,False,True,False
660776503,707282555,1,1,False,True,False
660776503,713558891,1,1,False,True,False
660776503,724712,1,1,False,True,False
660776503,75821432,1,1,False,True,False
660776503,7939844,1,1,False,True,False
660776503,81598961,1,1,False,True,False
660776503,95143992,1,1,False,True,False
661663226,187811455,3,3,False,True,False
661663226,260338399,4,4,False,True,False
661663226,34414315,5,5,False,True,False
661663226,35852087,1,1,False,True,False
661663226,37900915,1,1,False,True,False
661663226,434708679,226,226,False,True,False
661663226,443772950,49,49,False,True,False
661663226,528683893,1,1,False,True,False
661663226,529112195,1,1,False,True,False
661663226,573483804,1,1,False,True,False
661663226,583169838,1,1,False,True,False
661663226,661663226,205,205,True,True,True
661663226,75425073,1,1,False,True,True
664133375,664133375,208,208,True,True,True
664816265,18369373,1,1,False,True,False
664816265,199060308,1,1,False,True,False
664816265,664816265,235,235,True,True,True
6650539,109803086,3,3,False,True,False
6650539,124275922,1,1,False,True,False
6650539,13379995,1,1,False,True,False
6650539,14532176,1,1,False,True,False
6650539,145976381,2,2,False,True,False
6650539,146722095,1,1,False,True,False
6650539,180687624,1,1,False,True,False
6650539,2045207,1,1,False,True,False
6650539,237459124,2,2,False,True,False
6650539,30321994,1,1,False,True,False
6650539,30405191,3,3,False,True,False
6650539,306382967,1,1,False,True,False
6650539,308044189,1,1,False,True,False
6650539,34007506,1,1,False,True,False
6650539,34655771,1,1,False,True,False
6650539,35100117,1,1,False,True,False
6650539,39573021,1,1,False,True,False
6650539,421609857,1,1,False,True,False
6650539,439278330,3,3,False,True,False
6650539,463656695,1,1,False,True,False
6650539,515135906,2,2,False,True,False
6650539,52509220,4,4,False,True,False
6650539,52855516,2,2,False,True,False
6650539,54412018,2,2,False,True,False
6650539,56894212,1,1,False,True,False
6650539,6650539,190,190,True,True,True
6650539,69365079,1,1,False,True,False
6650539,9435153,1,1,False,True,False
6650539,9817834,1,1,False,True,False
66783145,202769902,1,1,False,True,False
66783145,250397925,1,1,False,True,False
66783145,46376800,2,2,False,True,False
66783145,66783145,762,762,True,True,True
66783145,6788088,1,1,False,True,False
678214856,100060912,1,1,False,True,False
678214856,10247874,2,2,False,True,False
678214856,105944401,1,1,False,True,True
678214856,114187903,1,1,False,True,True
678214856,13310527,1,1,False,True,False
678214856,159294525,1,1,False,True,False
678214856,173454206,1,1,False,True,False
678214856,1903522,1,1,False,True,False
678214856,20101515,1,1,False,True,False
678214856,22711503,1,1,False,True,False
678214856,23096959,1,1,False,True,False
678214856,24420506,1,1,False,True,False
678214856,24494032,1,1,False,True,True
678214856,2700147,1,1,False,True,False
678214856,29759715,1,1,False,True,False
678214856,343576900,1,1,False,True,False
678214856,462937884,1,1,False,True,False
678214856,470873369,1,1,False,True,False
678214856,477896448,1,1,False,True,False
678214856,49086513,1,1,False,True,False
678214856,498785517,1,1,False,True,False
678214856,5870069,2,2,False,True,False
678214856,60246359,103,103,False,True,True
678214856,619008516,2,2,False,True,False
678214856,678214856,1246,1246,True,True,True
678214856,712225029,1,1,False,True,False
678214856,724712,1,1,False,True,False
678214856,75821432,1,1,False,True,False
678214856,7730829,1,1,False,True,False
678214856,81598961,1,1,False,True,False
678214856,99919302,1,1,False,True,True
67904342,543276238,1,1,False,True,True
67904342,67904342,698,698,True,True,True
67904342,68838259,2,2,False,True,False
679889516,21251069,1,1,False,True,False
679889516,485738909,1,1,False,True,False
679889516,580788054,1,1,False,True,False
679889516,600271677,2,2,False,True,False
679889516,605743565,1,1,False,True,False
679889516,679889516,35,35,True,True,True
679889516,686029152,2,2,False,True,False
679889516,689082460,1,1,False,True,False
681142,681142,22,22,True,True,True
6838921,103115020,1,1,False,True,False
6838921,10320116,5,5,False,True,False
6838921,103530053,1,1,False,True,False
6838921,105711679,3,3,False,True,False
6838921,107708884,1,1,False,True,False
6838921,108883568,25,25,False,True,False
6838921,109162639,10,10,False,True,False
6838921,109330128,7,7,False,True,False
6838921,112219764,1,1,False,True,False
6838921,112504288,31,31,False,True,False
6838921,113918130,13,13,False,True,False
6838921,11452538,4,4,False,True,False
6838921,12711522,9,9,False,True,False
6838921,129648001,2,2,False,True,False
6838921,13124802,16,16,False,True,True
6838921,132145189,2,2,False,True,False
6838921,14125254,9,9,False,True,False
6838921,145434487,2,2,False,True,False
6838921,146285827,1,1,False,True,False
6838921,15045751,1,1,False,True,False
6838921,150954997,3,3,False,True,True
6838921,15111821,8,8,False,True,False
6838921,156968527,4,4,False,True,False
6838921,17451182,1,1,False,True,False
6838921,175425051,1,1,False,True,False
6838921,180687624,1,1,False,True,False
6838921,183247201,7,7,False,True,False
6838921,184463891,1,1,False,True,False
6838921,185861173,79,79,False,True,False
6838921,187086161,74,74,False,True,False
6838921,18765044,8,8,False,True,False
6838921,187943341,2,2,False,True,False
6838921,189476904,1,1,False,True,False
6838921,192624594,10,10,False,True,False
6838921,192625955,3,3,False,True,False
6838921,192958794,1,1,False,True,False
6838921,196414933,4,4,False,True,False
6838921,197814629,28,28,False,True,False
6838921,19794451,15,15,False,True,False
6838921,200346067,1,1,False,True,False
6838921,20580498,1,1,False,True,False
6838921,215566462,37,37,False,True,False
6838921,224021526,12,12,False,True,False
6838921,22700054,1,1,False,True,False
6838921,227805015,2,2,False,True,False
6838921,22855240,13,13,False,True,False
6838921,228925870,1,1,False,True,False
6838921,23061798,1,1,False,True,False
6838921,23086893,1,1,False,True,False
6838921,23096959,11,11,False,True,False
6838921,232539879,17,17,False,True,False
6838921,23357588,1,1,False,True,False
6838921,23622727,33,33,False,True,False
6838921,237523442,1,1,False,True,False
6838921,239253118,1,1,False,True,False
6838921,242202166,30,30,False,True,False
6838921,24560307,6,6,False,True,False
6838921,24993138,1,1,False,True,False
6838921,259445878,22,22,False,True,False
6838921,260452791,1,1,False,True,False
6838921,26785339,1,1,False,True,False
6838921,269177629,3,3,False,True,False
6838921,27096595,11,11,False,True,False
6838921,27483832,1,1,False,True,False
6838921,27522247,1,1,False,True,False
6838921,27522271,10,10,False,True,False
6838921,27522282,4,4,False,True,False
6838921,27576132,24,24,False,True,False
6838921,27729907,18,18,False,True,False
6838921,28233924,10,10,False,True,False
6838921,28352089,2,2,False,True,False
6838921,28366058,8,8,False,True,False
6838921,286108332,4,4,False,True,False
6838921,287010125,13,13,False,True,False
6838921,291308731,1,1,False,True,False
6838921,291960479,1,1,False,True,False
6838921,299907256,1,1,False,True,False
6838921,302670797,1,1,False,True,False
6838921,30618733,1,1,False,True,False
6838921,310873272,1,1,False,True,False
6838921,31185891,1,1,False,True,False
6838921,31772468,1,1,False,True,False
6838921,31792824,2,2,False,True,False
6838921,325329172,3,3,False,True,False
6838921,325329184,3,3,False,True,False
6838921,325329228,3,3,False,True,False
6838921,325329294,3,3,False,True,False
6838921,325329322,9,9,False,True,False
6838921,33994380,1,1,False,True,False
6838921,3470471,12,12,False,True,False
6838921,347171555,3,3,False,True,False
6838921,348845583,58,58,False,True,False
6838921,348845617,1,1,False,True,False
6838921,348845699,1,1,False,True,False
6838921,361767999,1,1,False,True,False
6838921,36653430,2,2,False,True,False
6838921,367429065,3,3,False,True,False
6838921,36817457,1,1,False,True,False
6838921,37326770,47,47,False,True,False
6838921,375265367,1,1,False,True,False
6838921,381500711,2,2,False,True,False
6838921,385634291,12,12,False,True,True
6838921,393288578,7,7,False,True,False
6838921,39398382,11,11,False,True,False
6838921,39468142,10,10,False,True,False
6838921,416141899,1,1,False,True,False
6838921,41881575,2,2,False,True,False
6838921,421101922,10,10,False,True,False
6838921,4268140,3,3,False,True,False
6838921,428744086,2,2,False,True,False
6838921,454528656,1,1,False,True,False
6838921,46504130,1,1,False,True,False
6838921,470569742,1,1,False,True,False
6838921,473555568,1,1,False,True,False
6838921,476825711,1,1,False,True,False
6838921,483662796,3,3,False,True,False
6838921,487932215,1,1,False,True,False
6838921,4946406,1,1,False,True,False
6838921,506592925,1,1,False,True,False
6838921,51205788,1,1,False,True,False
6838921,51219324,2,2,False,True,False
6838921,52071471,5,5,False,True,False
6838921,526080122,5,5,False,True,False
6838921,530730261,16,16,False,True,False
6838921,532337965,1,1,False,True,False
6838921,538654002,2,2,False,True,False
6838921,544996776,1,1,False,True,False
6838921,547991185,2,2,False,True,False
6838921,548823065,9,9,False,True,False
6838921,55760054,3,3,False,True,False
6838921,560114031,1,1,False,True,False
6838921,569649085,11,11,False,True,False
6838921,572094413,1,1,False,True,False
6838921,579853319,2,2,False,True,False
6838921,58184885,9,9,False,True,False
6838921,587564108,1,1,False,True,False
6838921,589211245,1,1,False,True,False
6838921,594052621,1,1,False,True,False
6838921,599890488,3,3,False,True,False
6838921,6093316,8,8,False,True,False
6838921,619905460,2,2,False,True,False
6838921,620277202,1,1,False,True,False
6838921,623378572,1,1,False,True,False
6838921,6247705,14,14,False,True,False
6838921,626103823,1,1,False,True,False
6838921,627774285,1,1,False,True,False
6838921,631765176,1,1,False,True,False
6838921,638591290,1,1,False,True,False
6838921,642967703,2,2,False,True,False
6838921,645200728,2,2,False,True,False
6838921,66509131,33,33,False,True,False
6838921,66566232,1,1,False,True,False
6838921,668597066,1,1,False,True,False
6838921,669129391,1,1,False,True,False
6838921,66944590,3,3,False,True,False
6838921,673540142,1,1,False,True,False
6838921,673810984,1,1,False,True,False
6838921,675647299,2,2,False,True,False
6838921,67793333,3,3,False,True,False
6838921,679662,20,20,False,True,False
6838921,6838921,3415,3415,True,True,True
6838921,687026542,1,1,False,True,False
6838921,68964263,8,8,False,True,False
6838921,6934395,1,1,False,True,True
6838921,696936357,7,7,False,True,False
6838921,698819480,1,1,False,True,False
6838921,71823870,1,1,False,True,False
6838921,724187502,5,5,False,True,False
6838921,72474275,3,3,False,True,False
6838921,747698,3,3,False,True,False
6838921,7691631,1,1,False,True,False
6838921,7823926,65,65,False,True,False
6838921,78460122,4,4,False,True,False
6838921,80425943,12,12,False,True,False
6838921,80910170,1,1,False,True,False
6838921,815644,13,13,False,True,False
6838921,92313258,1,1,False,True,False
6838921,93163073,1,1,False,True,False
6838921,93561151,28,28,False,True,False
6838921,94593596,1,1,False,True,True
6838921,95098170,8,8,False,True,False
6838921,96237042,1,1,False,True,False
6838921,98315735,3,3,False,True,False
6838921,99454887,2,2,False,True,False
684046299,220177733,1,1,False,True,False
684046299,684046299,7,7,True,True,True
684046299,684514620,9,9,False,True,False
6934395,13310527,1,1,False,True,False
6934395,140034345,1,1,False,True,False
6934395,140656334,7,7,False,True,False
6934395,141339868,2,2,False,True,False
6934395,143436277,2,2,False,True,True
6934395,15122806,1,1,False,True,False
6934395,157310998,1,1,False,True,False
6934395,182926332,1,1,False,True,False
6934395,190416463,1,1,False,True,False
6934395,19330466,3,3,False,True,False
6934395,202483348,3,3,False,True,False
6934395,213947642,2,2,False,True,False
6934395,223490876,3,3,False,True,False
6934395,227465592,1,1,False,True,False
6934395,23061798,1,1,False,True,False
6934395,23641816,1,1,False,True,False
6934395,26731785,4,4,False,True,False
6934395,29759715,6,6,False,True,False
6934395,31792824,2,2,False,True,False
6934395,3287453,1,1,False,True,False
6934395,333356226,1,1,False,True,False
6934395,341497177,1,1,False,True,False
6934395,35197979,45,45,False,True,False
6934395,402945349,1,1,False,True,False
6934395,462329984,3,3,False,True,True
6934395,476065101,2,2,False,True,False
6934395,49827098,4,4,False,True,False
6934395,51403967,1,1,False,True,False
6934395,560182652,1,1,False,True,False
6934395,574877651,1,1,False,True,False
6934395,58146669,1,1,False,True,False
6934395,608906465,2,2,False,True,False
6934395,610371272,2,2,False,True,False
6934395,613654122,2,2,False,True,False
6934395,61524054,4,4,False,True,False
6934395,62900174,1,1,False,True,False
6934395,634047220,1,1,False,True,False
6934395,654473883,4,4,False,True,False
6934395,66781547,3,3,False,True,False
6934395,6934395,3170,3170,True,True,True
6934395,69681666,1,1,False,True,False
6934395,709619049,1,1,False,True,False
6934395,8514,1,1,False,True,False
6934395,9454675,1,1,False,True,False
6934395,9465623,5,5,False,True,False
7083240,13655949,1,1,False,True,False
7083240,196057608,3,3,False,True,False
7083240,197814629,4,4,False,True,False
7083240,23465977,3,3,False,True,False
7083240,287279910,2,2,False,True,False
7083240,30449481,1,1,False,True,True
7083240,37631091,1,1,False,True,False
7083240,7083240,248,248,True,True,True
714074,10364381,3,3,False,True,False
714074,115575640,1,1,False,True,False
714074,1451352,1,1,False,True,False
714074,14904540,1,1,False,True,False
714074,206417,2,2,False,True,True
714074,257485422,2,2,False,True,False
714074,26782461,2,2,False,True,False
714074,29849956,4,4,False,True,False
714074,35051820,2,2,False,True,False
714074,35810174,1,1,False,True,False
714074,416356262,1,1,False,True,False
714074,55401642,25,25,False,True,False
714074,5569059,1,1,False,True,False
714074,599604319,1,1,False,True,False
714074,67753070,1,1,False,True,False
714074,680781965,1,1,False,True,False
714074,714074,458,458,True,True,True
714074,7467217,1,1,False,True,False
722117815,722117815,36,36,True,True,True
722854801,49401416,1,1,False,True,True
722854801,54168759,1,1,False,True,False
722854801,722854801,15,15,True,True,True
73235061,113677984,6,6,False,True,False
73235061,113678275,3,3,False,True,False
73235061,113678408,12,12,False,True,False
73235061,113678857,6,6,False,True,False
73235061,113678874,3,3,False,True,False
73235061,14173176,8,8,False,True,False
73235061,15661465,28,28,False,True,False
73235061,20587599,9,9,False,True,True
73235061,206339,8,8,False,True,False
73235061,30449481,20,20,False,True,True
73235061,6207167,29,29,False,True,False
73235061,73235061,77,77,True,True,True
73235061,832680,18,18,False,True,False
7357595,7357595,27,27,True,True,True
7357595,7875914,2,2,False,True,False
7357595,81598961,2,2,False,True,False
7357595,841835,1,1,False,True,False
735981,49244766,1,1,False,True,False
735981,735981,313,313,True,True,True
738338,31862543,1,1,False,True,False
738338,36130556,1,1,False,True,False
738338,738338,3,3,True,True,True
7437073,10637893,16,16,False,True,False
7437073,10746583,17,17,False,True,False
7437073,113677984,5,5,False,True,False
7437073,113678112,5,5,False,True,False
7437073,113678408,5,5,False,True,False
7437073,117701523,1,1,False,True,False
7437073,12488647,22,22,False,True,False
7437073,129883659,24,24,False,True,False
7437073,13078968,10,10,False,True,False
7437073,1357199,4,4,False,True,False
7437073,138707242,2,2,False,True,False
7437073,146575135,3,3,False,True,False
7437073,151717145,2,2,False,True,False
7437073,151740965,2,2,False,True,False
7437073,157397583,1,1,False,True,False
7437073,17238321,1,1,False,True,False
7437073,176524785,2,2,False,True,False
7437073,178462340,2,2,False,True,False
7437073,186765948,2,2,False,True,False
7437073,196057608,3,3,False,True,False
7437073,197814629,10,10,False,True,False
7437073,20015974,1,1,False,True,False
7437073,20300177,6,6,False,True,False
7437073,20364355,2,2,False,True,False
7437073,2045207,19,19,False,True,False
7437073,206341,6,6,False,True,False
7437073,216254547,4,4,False,True,False
7437073,22844864,1,1,False,True,False
7437073,23357588,59,59,False,True,False
7437073,244123773,52,52,False,True,False
7437073,24560307,7,7,False,True,False
7437073,25372501,1,1,False,True,False
7437073,257485422,3,3,False,True,False
7437073,263463271,15,15,False,True,False
7437073,27954927,4,4,False,True,False
7437073,291570,4,4,False,True,False
7437073,2988730,4,4,False,True,False
7437073,303967701,1,1,False,True,False
7437073,310302823,1,1,False,True,False
7437073,310611,21,21,False,True,False
7437073,31629751,3,3,False,True,False
7437073,32538871,4,4,False,True,False
7437073,343883550,2,2,False,True,False
7437073,35697461,5,5,False,True,False
7437073,357684878,1,1,False,True,False
7437073,35897457,1,1,False,True,False
7437073,36161366,2,2,False,True,False
7437073,363917569,1,1,False,True,False
7437073,414487414,1,1,False,True,False
7437073,416307049,1,1,False,True,False
7437073,42149336,1,1,False,True,False
7437073,435908560,1,1,False,True,False
7437073,4463453,5,5,False,True,False
7437073,448362311,2,2,False,True,False
7437073,47264649,3,3,False,True,False
7437073,484398532,2,2,False,True,False
7437073,489056993,2,2,False,True,False
7437073,52607837,1,1,False,True,False
7437073,527522464,1,1,False,True,False
7437073,53279870,2,2,False,True,False
7437073,547948072,1,1,False,True,False
7437073,56729247,1,1,False,True,False
7437073,586818209,1,1,False,True,False
7437073,590029543,1,1,False,True,False
7437073,606453630,5,5,False,True,False
7437073,6207167,22,22,False,True,False
7437073,638496924,2,2,False,True,False
7437073,65120226,1,1,False,True,False
7437073,659662963,1,1,False,True,False
7437073,691683,1,1,False,True,False
7437073,69857712,2,2,False,True,False
7437073,69940348,7,7,False,True,False
7437073,70346903,3,3,False,True,False
7437073,7437073,507,507,True,True,True
7437073,8249948,4,4,False,True,False
7437073,8484604,1,1,False,True,False
7437073,87859908,36,36,False,True,False
7437073,93163073,3,3,False,True,False
7437073,93290292,3,3,False,True,False
7502247,197139729,2,2,False,True,False
7502247,221177708,3,3,False,True,False
7502247,2700159,1,1,False,True,False
7502247,33745913,2,2,False,True,True
7502247,361383146,1,1,False,True,False
7502247,43997752,1,1,False,True,False
7502247,500093,1,1,False,True,False
7502247,637615400,1,1,False,True,False
7502247,640935346,2,2,False,True,False
7502247,65987043,1,1,False,True,False
7502247,734642069,1,1,False,True,False
7502247,7502247,91,91,True,True,True
75425073,102216161,2,2,False,True,False
75425073,11061773,1,1,False,True,False
75425073,129549229,1,1,False,True,False
75425073,13092745,4,4,False,True,False
75425073,133442384,1,1,False,True,False
75425073,1341324,1,1,False,True,False
75425073,135900664,3,3,False,True,False
75425073,14003349,1,1,False,True,False
75425073,165536154,1,1,False,True,False
75425073,178486642,1,1,False,True,False
75425073,18193978,2,2,False,True,False
75425073,18492045,1,1,False,True,False
75425073,189476904,56,56,False,True,False
75425073,197299111,1,1,False,True,False
75425073,204020546,24,24,False,True,False
75425073,20929025,1,1,False,True,False
75425073,21251069,1,1,False,True,False
75425073,221981891,59,59,False,True,False
75425073,234167893,1,1,False,True,False
75425073,236570305,1,1,False,True,False
75425073,24963784,20,20,False,True,False
75425073,263411323,11,11,False,True,False
75425073,27193779,2,2,False,True,False
75425073,28200583,2,2,False,True,False
75425073,282229865,1,1,False,True,False
75425073,29028775,9,9,False,True,False
75425073,30381877,30,30,False,True,False
75425073,3043048,10,10,False,True,False
75425073,33440467,3,3,False,True,False
75425073,341636094,1,1,False,True,False
75425073,34262857,1,1,False,True,False
75425073,34414315,12,12,False,True,False
75425073,35726310,2,2,False,True,False
75425073,3678731,268,268,False,True,False
75425073,36883823,35,35,False,True,False
75425073,36891867,1,1,False,True,False
75425073,38307428,1,1,False,True,False
75425073,39111193,1,1,False,True,False
75425073,4128353,4,4,False,True,False
75425073,425358390,1,1,False,True,False
75425073,437879921,2,2,False,True,False
75425073,487515598,2,2,False,True,False
75425073,489605824,2,2,False,True,False
75425073,518319075,1,1,False,True,False
75425073,55330340,1,1,False,True,False
75425073,56760633,1,1,False,True,False
75425073,573483804,1,1,False,True,False
75425073,586448435,3,3,False,True,False
75425073,592906091,1,1,False,True,False
75425073,612591211,1,1,False,True,False
75425073,612771023,1,1,False,True,False
75425073,615079569,1,1,False,True,False
75425073,65750241,2,2,False,True,False
75425073,66855798,26,26,False,True,False
75425073,673962654,2,2,False,True,False
75425073,674664577,1,1,False,True,False
75425073,67626108,1,1,False,True,False
75425073,714074,1,1,False,True,True
75425073,71995937,1,1,False,True,False
75425073,72087685,162,162,False,True,False
75425073,725322263,1,1,False,True,False
75425073,731181803,2,2,False,True,False
75425073,735923391,1,1,False,True,False
75425073,75425073,4410,4410,True,True,True
75425073,8139951,1,1,False,True,False
75425073,85531416,2,2,False,True,False
75425073,931039,27,27,False,True,False
75425073,94483360,12,12,False,True,False
7561862,124315604,1,1,False,True,True
7561862,26127968,1,1,False,True,False
7561862,48833910,1,1,False,True,True
77385607,10262364,18,18,False,True,False
77385607,105088940,361,361,False,True,False
77385607,10610797,77,77,False,True,False
77385607,10637896,18,18,False,True,False
77385607,1064563,592,592,False,True,False
77385607,108169607,1,1,False,True,False
77385607,11225909,7,7,False,True,False
77385607,1123727,52,52,False,True,False
77385607,113677984,44,44,False,True,False
77385607,113678060,22,22,False,True,False
77385607,113678112,4,4,False,True,False
77385607,113678133,5,5,False,True,False
77385607,113678153,21,21,False,True,False
77385607,113678351,20,20,False,True,False
77385607,113678408,24,24,False,True,False
77385607,113678772,25,25,False,True,False
77385607,1187853,15,15,False,True,False
77385607,12499251,10,10,False,True,False
77385607,12584841,4,4,False,True,False
77385607,1388495,3,3,False,True,False
77385607,142161875,11,11,False,True,False
77385607,145900295,18,18,False,True,False
77385607,146313205,1,1,False,True,False
77385607,147850769,1,1,False,True,False
77385607,1680733,16,16,False,True,False
77385607,17359057,1,1,False,True,False
77385607,1756541,4,4,False,True,False
77385607,177139928,5,5,False,True,False
77385607,186765948,14,14,False,True,False
77385607,192625525,7,7,False,True,False
77385607,192625955,2,2,False,True,False
77385607,19308738,27,27,False,True,False
77385607,196057608,7,7,False,True,False
77385607,197814629,10,10,False,True,False
77385607,20275545,3,3,False,True,False
77385607,20300177,5,5,False,True,False
77385607,2045207,49,49,False,True,False
77385607,205564111,2,2,False,True,False
77385607,206339,12,12,False,True,False
77385607,206341,35,35,False,True,False
77385607,206424,1,1,False,True,True
77385607,213417638,2,2,False,True,False
77385607,215566462,3,3,False,True,False
77385607,221862,18,18,False,True,False
77385607,22525984,10,10,False,True,False
77385607,23206290,83,83,False,True,False
77385607,23357588,90,90,False,True,False
77385607,257044091,26,26,False,True,False
77385607,259445878,1,1,False,True,False
77385607,268833180,10,10,False,True,False
77385607,26947860,1,1,False,True,False
77385607,27729926,250,250,False,True,False
77385607,27954927,3,3,False,True,False
77385607,283187,20,20,False,True,False
77385607,283325,11,11,False,True,False
77385607,28449431,1,1,False,True,False
77385607,287743349,11,11,False,True,False
77385607,288485773,13,13,False,True,False
77385607,288487894,11,11,False,True,False
77385607,29102367,110,110,False,True,False
77385607,291038744,15,15,False,True,False
77385607,301573344,5,5,False,True,False
77385607,3037907,27,27,False,True,False
77385607,30449481,11,11,False,True,True
77385607,32538871,43,43,False,True,False
77385607,33816473,210,210,False,True,False
77385607,349424951,1,1,False,True,False
77385607,35697461,12,12,False,True,False
77385607,35698342,25,25,False,True,False
77385607,38488726,66,66,False,True,False
77385607,4950187,69,69,False,True,False
77385607,49662222,9,9,False,True,False
77385607,50140860,26,26,False,True,False
77385607,507775,3,3,False,True,True
77385607,508014426,1,1,False,True,False
77385607,537800,64,64,False,True,False
77385607,5695907,38,38,False,True,False
77385607,606865208,1,1,False,True,False
77385607,6207167,49,49,False,True,False
77385607,6765281,36,36,False,True,False
77385607,6818061,7,7,False,True,False
77385607,722083284,2,2,False,True,False
77385607,77385607,2394,2394,True,True,True
77385607,78667796,1,1,False,True,False
77385607,7910045,1,1,False,True,False
77385607,832680,17,17,False,True,False
77385607,87859908,1,1,False,True,False
791522,1023109,1,1,False,True,False
791522,131014812,1,1,False,True,False
791522,3149948,12,12,False,True,False
791522,34844615,2,2,False,True,False
791522,4339479,2,2,False,True,False
791522,613728,1,1,False,True,False
791522,682081244,4,4,False,True,False
791522,711582,4,4,False,True,False
791522,751486,1,1,False,True,False
791522,790938,1,1,False,True,False
791522,791522,71,71,True,True,True
79317191,105769029,1,1,False,True,False
79317191,106898220,3,3,False,True,False
79317191,115969499,1,1,False,True,False
79317191,119590498,2,2,False,True,False
79317191,120157734,3,3,False,True,False
79317191,120606279,1,1,False,True,False
79317191,144749268,1,1,False,True,False
79317191,145880460,2,2,False,True,False
79317191,198616978,1,1,False,True,False
79317191,22558387,1,1,False,True,False
79317191,240819531,3,3,False,True,False
79317191,261265804,2,2,False,True,False
79317191,31197250,3,3,False,True,False
79317191,315928700,3,3,False,True,False
79317191,322947344,1,1,False,True,False
79317191,325701502,3,3,False,True,False
79317191,34905043,1,1,False,True,False
79317191,360961757,1,1,False,True,False
79317191,36817457,1,1,False,True,False
79317191,372560122,5,5,False,True,False
79317191,372675120,1,1,False,True,False
79317191,37282287,1,1,False,True,False
79317191,389390208,1,1,False,True,False
79317191,39443258,1,1,False,True,False
79317191,4015965,1,1,False,True,False
79317191,455229168,1,1,False,True,False
79317191,462355231,1,1,False,True,False
79317191,464893163,1,1,False,True,False
79317191,511184120,1,1,False,True,False
79317191,51905353,1,1,False,True,False
79317191,542103239,2,2,False,True,False
79317191,555777595,1,1,False,True,False
79317191,576431865,2,2,False,True,False
79317191,599547518,1,1,False,True,False
79317191,607289185,1,1,False,True,False
79317191,613368284,1,1,False,True,False
79317191,617784208,1,1,False,True,False
79317191,619008516,1,1,False,True,False
79317191,631322234,1,1,False,True,False
79317191,652705781,13,13,False,True,False
79317191,654972120,2,2,False,True,False
79317191,674469838,4,4,False,True,False
79317191,692131054,1,1,False,True,False
79317191,6934395,1,1,False,True,True
79317191,701495725,1,1,False,True,False
79317191,72308037,3,3,False,True,False
79317191,79317191,422,422,True,True,True
79901405,197584193,4,4,False,True,False
79901405,200437066,1,1,False,True,False
79901405,509680851,3,3,False,True,False
79901405,600034692,1,1,False,True,False
79901405,79901405,107,107,True,True,True
79901405,79907973,2,2,False,True,False
80087836,170366344,4,4,False,True,False
80087836,178249461,6,6,False,True,False
80087836,192631273,2,2,False,True,False
80087836,19953044,3,3,False,True,False
80087836,200696780,1,1,False,True,False
80087836,23096959,2,2,False,True,False
80087836,236106066,2,2,False,True,False
80087836,27522271,6,6,False,True,False
80087836,27729907,2,2,False,True,False
80087836,29207621,3,3,False,True,False
80087836,39468142,8,8,False,True,False
80087836,41349039,2,2,False,True,True
80087836,451988788,1,1,False,True,False
80087836,525087484,3,3,False,True,False
80087836,538166046,1,1,False,True,False
80087836,66737655,1,1,False,True,False
80087836,67680905,1,1,False,True,False
80087836,727984776,1,1,False,True,False
80087836,80087836,807,807,True,True,True
80087836,93163073,14,14,False,True,False
8039659,1187853,2,2,False,True,False
8039659,20300177,1,1,False,True,False
8039659,33745913,1,1,False,True,True
8039659,5695907,1,1,False,True,False
8039659,8039659,15,15,True,True,True
8039659,886774,1,1,False,True,False
8103021,601321823,1,1,False,True,False
8103021,8103021,5,5,True,True,True
81411018,161407222,1,1,False,True,False
81411018,431654395,1,1,False,True,False
81411018,686003893,4,4,False,True,False
81411018,81411018,16,16,True,True,True
8335020,3476845,8,8,False,True,False
8335020,738250,12,12,False,True,False
8335020,8335020,12,12,True,True,True
84240850,11892534,1,1,False,True,False
84240850,135618791,2,2,False,True,False
84240850,137101956,1,1,False,True,False
84240850,14313288,1,1,False,True,False
84240850,158437146,1,1,False,True,False
84240850,184286875,1,1,False,True,False
84240850,190416463,1,1,False,True,False
84240850,192925833,1,1,False,True,False
84240850,203553224,1,1,False,True,False
84240850,203863933,1,1,False,True,False
84240850,208243336,1,1,False,True,False
84240850,252745692,1,1,False,True,False
84240850,293888925,9,9,False,True,False
84240850,317940258,8,8,False,True,False
84240850,340038528,1,1,False,True,False
84240850,34117853,1,1,False,True,False
84240850,41317079,1,1,False,True,False
84240850,451543819,1,1,False,True,False
84240850,518164214,1,1,False,True,False
84240850,52855516,5,5,False,True,False
84240850,595499428,1,1,False,True,False
84240850,598116138,6,6,False,True,False
84240850,624314543,3,3,False,True,False
84240850,646423,1,1,False,True,False
84240850,701574389,1,1,False,True,False
84240850,7691631,1,1,False,True,False
84240850,82552640,1,1,False,True,False
84240850,83502071,579,579,False,True,False
84240850,84240850,5559,5559,True,True,True
84240850,86092400,1,1,False,True,False
84240850,91074692,1,1,False,True,False
84240850,92028780,1,1,False,True,False
84240850,927442,39,39,False,True,True
84458512,198466472,1,1,False,True,True
84458512,219515346,2,2,False,True,False
84458512,23086893,1,1,False,True,False
84458512,331918284,1,1,False,True,False
84458512,363150,54,54,False,True,False
84458512,520314886,1,1,False,True,False
84458512,58132544,1,1,False,True,False
84458512,644123568,1,1,False,True,False
84458512,6650539,1,1,False,True,True
84458512,668128822,1,1,False,True,False
84458512,668673665,6,6,False,True,False
84458512,715605,3,3,False,True,False
84458512,716081243,1,1,False,True,False
84458512,84458512,1830,1830,True,True,True
85236158,85236158,2,2,True,True,True
865412,1064563,1,1,False,True,False
865412,332845154,1,1,False,True,False
865412,387547755,1,1,False,True,False
865412,518164214,1,1,False,True,False
865412,688508983,1,1,False,True,False
865412,865412,29,29,True,True,True
86868560,1062572,1,1,False,True,False
86868560,110020935,1,1,False,True,False
86868560,11171548,1,1,False,True,False
86868560,111860063,6,6,False,True,False
86868560,120894,1,1,False,True,False
86868560,123475536,2,2,False,True,False
86868560,123518148,4,4,False,True,False
86868560,124409889,28,28,False,True,False
86868560,14447732,2,2,False,True,False
86868560,144952955,12,12,False,True,False
86868560,153694833,14,14,False,True,False
86868560,157629873,1,1,False,True,False
86868560,190416463,21,21,False,True,False
86868560,196650278,7,7,False,True,False
86868560,204671232,5,5,False,True,False
86868560,206372614,14,14,False,True,False
86868560,233147271,35,35,False,True,False
86868560,23368445,1,1,False,True,False
86868560,250552313,1,1,False,True,False
86868560,251312202,1,1,False,True,False
86868560,267410733,1,1,False,True,False
86868560,294129886,4,4,False,True,False
86868560,31290528,1,1,False,True,False
86868560,324647622,6,6,False,True,False
86868560,342006158,2,2,False,True,False
86868560,350416584,28,28,False,True,False
86868560,35440404,1,1,False,True,False
86868560,374765810,4,4,False,True,False
86868560,398251321,3,3,False,True,False
86868560,426986055,3,3,False,True,False
86868560,453154263,14,14,False,True,False
86868560,544719261,23,23,False,True,False
86868560,555039849,1,1,False,True,False
86868560,569041,6,6,False,True,False
86868560,59771425,1,1,False,True,False
86868560,605161457,9,9,False,True,False
86868560,611464972,5,5,False,True,False
86868560,632024581,2,2,False,True,False
86868560,68312233,38,38,False,True,False
86868560,70365100,2,2,False,True,False
86868560,86868560,7825,7825,True,True,True
86868560,9090933,1,1,False,True,False
86868560,91851641,39,39,False,True,False
86868560,91851655,3,3,False,True,False
87414843,131584258,1,1,False,True,False
87414843,1588844,1,1,False,True,False
87414843,162201964,1,1,False,True,False
87414843,193056466,1,1,False,True,False
87414843,650162930,2,2,False,True,False
87414843,75821432,1,1,False,True,False
87414843,87414843,518,518,True,True,True
90541149,100060912,1,1,False,True,False
90541149,105944401,1,1,False,True,True
90541149,114187903,1,1,False,True,True
90541149,1257070,1,1,False,True,False
90541149,15730865,1,1,False,True,False
90541149,159294525,1,1,False,True,False
90541149,17516793,2,2,False,True,False
90541149,1903522,1,1,False,True,False
90541149,1931356,1,1,False,True,False
90541149,2174666,2,2,False,True,False
90541149,218629347,1,1,False,True,False
90541149,22711503,1,1,False,True,False
90541149,23096959,1,1,False,True,False
90541149,240488592,1,1,False,True,False
90541149,24420506,1,1,False,True,False
90541149,24494032,1,1,False,True,True
90541149,27193779,1,1,False,True,False
90541149,29759715,1,1,False,True,False
90541149,343576900,1,1,False,True,False
90541149,372536760,1,1,False,True,True
90541149,374927,1,1,False,True,False
90541149,379939977,1,1,False,True,False
90541149,410442633,1,1,False,True,False
90541149,4524181,1,1,False,True,False
90541149,456549280,1,1,False,True,True
90541149,477896448,1,1,False,True,False
90541149,49086513,1,1,False,True,False
90541149,55643245,2,2,False,True,False
90541149,619008516,2,2,False,True,False
90541149,724712,2,2,False,True,False
90541149,75821432,3,3,False,True,False
90541149,81598961,2,2,False,True,False
90541149,90541149,60,60,True,True,True
9074548,129449094,1,1,False,True,False
9074548,250110372,1,1,False,True,False
9074548,3370128,2,2,False,True,False
9074548,33745913,3,3,False,True,True
9074548,6714663,1,1,False,True,False
9074548,9074548,56,56,True,True,True
9074548,9078984,1,1,False,True,False
911980,100728550,1,1,False,True,False
911980,10160141,2,2,False,True,False
911980,106016020,1,1,False,True,False
911980,11225014,2,2,False,True,True
911980,113111202,1,1,False,True,False
911980,113455762,5,5,False,True,False
911980,11452676,3,3,False,True,False
911980,114682244,1,1,False,True,False
911980,118764574,1,1,False,True,False
911980,122782022,10,10,False,True,False
911980,125366028,7,7,False,True,False
911980,130084383,1,1,False,True,False
911980,14115755,1,1,False,True,False
911980,14389056,10,10,False,True,False
911980,153460371,1,1,False,True,False
911980,16597023,1,1,False,True,False
911980,17170044,1,1,False,True,False
911980,176278485,1,1,False,True,True
911980,189012294,40,40,False,True,False
911980,192625525,1,1,False,True,False
911980,19485249,2,2,False,True,False
911980,201284004,1,1,False,True,False
911980,204727434,10,10,False,True,False
911980,210716005,6,6,False,True,False
911980,213449445,1,1,False,True,False
911980,215875945,1,1,False,True,False
911980,221437306,3,3,False,True,False
911980,276898192,1,1,False,True,False
911980,28226810,1,1,False,True,False
911980,2915576,1,1,False,True,False
911980,297347284,50,50,False,True,False
911980,29759715,7,7,False,True,False
911980,299276319,132,132,False,True,False
911980,338025227,1,1,False,True,False
911980,34083887,1,1,False,True,False
911980,34391331,15,15,False,True,False
911980,346907737,10,10,False,True,False
911980,355197173,15,15,False,True,False
911980,376172960,43,43,False,True,False
911980,388268970,1,1,False,True,False
911980,396684289,1,1,False,True,False
911980,40306512,7,7,False,True,False
911980,415895268,3,3,False,True,False
911980,42680391,14,14,False,True,False
911980,430756925,3,3,False,True,False
911980,43135716,2,2,False,True,False
911980,431388952,2,2,False,True,False
911980,431885704,2,2,False,True,False
911980,44667904,43,43,False,True,False
911980,4524181,1,1,False,True,False
911980,463247491,1,1,False,True,False
911980,46347857,1,1,False,True,False
911980,466488991,9,9,False,True,False
911980,474002249,2,2,False,True,False
911980,49554190,1,1,False,True,False
911980,500820281,1,1,False,True,False
911980,506590393,5,5,False,True,False
911980,51292821,3,3,False,True,False
911980,541281404,1,1,False,True,False
911980,569041,46,46,False,True,False
911980,569267,1,1,False,True,False
911980,57198920,2,2,False,True,False
911980,592872331,1,1,False,True,False
911980,624131986,2,2,False,True,False
911980,62576980,79,79,False,True,False
911980,63227584,1,1,False,True,False
911980,63809205,3,3,False,True,False
911980,656819196,1,1,False,True,False
911980,660700290,1,1,False,True,False
911980,661747182,1,1,False,True,False
911980,75821432,3,3,False,True,False
911980,7634677,2,2,False,True,False
911980,76370586,1,1,False,True,False
911980,78687528,2,2,False,True,False
911980,78870047,13,13,False,True,False
911980,8535507,2,2,False,True,False
911980,86329034,2,2,False,True,False
911980,911980,5549,5549,True,True,True
911980,96575829,1,1,False,True,False
91593042,46234189,2,2,False,True,False
91593042,619983228,1,1,False,True,False
91593042,91593042,100,100,True,True,True
91593042,91611782,1,1,False,True,False
91715647,1446467,1,1,False,True,False
91715647,363150,1,1,False,True,False
91715647,776374,1,1,False,True,False
91715647,89215652,2,2,False,True,False
91715647,91262163,10,10,False,True,False
91715647,91715647,334,334,True,True,True
91715647,997338,9,9,False,True,False
92329433,142890794,1,1,False,True,False
92329433,14812739,1,1,False,True,False
92329433,155243481,2,2,False,True,False
92329433,176278485,1,1,False,True,True
92329433,192625955,3,3,False,True,False
92329433,197814629,1,1,False,True,False
92329433,199813084,1,1,False,True,False
92329433,216069489,4,4,False,True,False
92329433,303703887,1,1,False,True,False
92329433,676083065,1,1,False,True,False
92329433,92329433,59,59,True,True,True
927442,52300938,1,1,False,True,False
927442,53238813,6,6,False,True,False
927442,83363132,5,5,False,True,False
927442,927442,271,271,True,True,True
9342529,10649374,1,1,False,True,False
9342529,12426527,2,2,False,True,False
9342529,12682522,3,3,False,True,False
9342529,148137989,4,4,False,True,False
9342529,16563587,1,1,False,True,True
9342529,166515022,1,1,False,True,True
9342529,16980777,5,5,False,True,False
9342529,17720373,2,2,False,True,False
9342529,19030037,1,1,False,True,False
9342529,19449303,2,2,False,True,False
9342529,198484780,1,1,False,True,False
9342529,20300177,12,12,False,True,False
9342529,209881172,10,10,False,True,False
9342529,211309920,5,5,False,True,False
9342529,21193524,1,1,False,True,False
9342529,23572616,1,1,False,True,False
9342529,2410676,14,14,False,True,False
9342529,258556027,1,1,False,True,False
9342529,2604249,21,21,False,True,False
9342529,26181278,1,1,False,True,False
9342529,263609668,2,2,False,True,False
9342529,27954927,7,7,False,True,False
9342529,284949442,11,11,False,True,False
9342529,286301447,1,1,False,True,False
9342529,32184830,3,3,False,True,False
9342529,323830219,1,1,False,True,False
9342529,334274271,3,3,False,True,True
9342529,336256257,3,3,False,True,False
9342529,341631350,39,39,False,True,True
9342529,358917318,3,3,False,True,True
9342529,360639607,1,1,False,True,False
9342529,371468,1,1,False,True,False
9342529,374992541,1,1,False,True,False
9342529,379008980,1,1,False,True,False
9342529,46916188,24,24,False,True,False
9342529,4950187,19,19,False,True,False
9342529,501687,29,29,False,True,False
9342529,507775,582,582,False,True,True
9342529,513737416,2,2,False,True,False
9342529,51905353,1,1,False,True,False
9342529,53330030,1,1,False,True,False
9342529,5349565,5,5,False,True,True
9342529,552661142,4,4,False,True,False
9342529,56894212,1,1,False,True,False
9342529,58707550,1,1,False,True,False
9342529,63014639,1,1,False,True,False
9342529,658720749,1,1,False,True,False
9342529,658996468,1,1,False,True,False
9342529,67006105,1,1,False,True,False
9342529,688428792,1,1,False,True,False
9342529,696682425,1,1,False,True,False
9342529,708477158,1,1,False,True,False
9342529,72889410,12,12,False,True,False
9342529,729075686,2,2,False,True,False
9342529,832680,8,8,False,True,False
9342529,90506918,1,1,False,True,False
9342529,91218588,1,1,False,True,False
9342529,927442,2,2,False,True,True
9342529,9342529,5387,5387,True,True,True
9342529,9384267,5,5,False,True,False
9342529,96965870,14,14,False,True,False
9342529,991475,1,1,False,True,False
94593596,11225014,54,54,False,True,True
94593596,12574344,6,6,False,True,False
94593596,15345331,6,6,False,True,False
94593596,154744163,1,1,False,True,False
94593596,190416463,3,3,False,True,False
94593596,192624594,6,6,False,True,False
94593596,197814629,3,3,False,True,False
94593596,205262760,3,3,False,True,False
94593596,20580498,1,1,False,True,False
94593596,210788647,3,3,False,True,False
94593596,21540759,1,1,False,True,False
94593596,23096959,9,9,False,True,False
94593596,232539879,12,12,False,True,False
94593596,244958571,2,2,False,True,False
94593596,275100970,1,1,False,True,False
94593596,27522282,40,40,False,True,False
94593596,28986292,1,1,False,True,False
94593596,35823699,2,2,False,True,False
94593596,416231913,4,4,False,True,False
94593596,45226685,18,18,False,True,False
94593596,480401263,1,1,False,True,False
94593596,536597221,1,1,False,True,False
94593596,571342238,4,4,False,True,False
94593596,59239347,1,1,False,True,False
94593596,595136650,1,1,False,True,False
94593596,606621582,1,1,False,True,False
94593596,61567949,1,1,False,True,False
94593596,616172283,1,1,False,True,False
94593596,6247705,9,9,False,True,False
94593596,695088395,3,3,False,True,False
94593596,707243382,23,23,False,True,False
94593596,719631656,7,7,False,True,False
94593596,730636141,3,3,False,True,False
94593596,7691631,2,2,False,True,False
94593596,79188507,7,7,False,True,False
94593596,92569428,1,1,False,True,False
94593596,94593596,630,630,True,True,True
95614931,10885469,2,2,False,True,False
95614931,113100288,2,2,False,True,False
95614931,118498743,3,3,False,True,False
95614931,119272629,1,1,False,True,False
95614931,13404515,1,1,False,True,False
95614931,1368195,2,2,False,True,False
95614931,153315627,1,1,False,True,False
95614931,18097275,1,1,False,True,False
95614931,190416463,6,6,False,True,False
95614931,19101720,1,1,False,True,False
95614931,210716005,1,1,False,True,False
95614931,22442659,1,1,False,True,False
95614931,25174671,2,2,False,True,False
95614931,290227969,1575,1575,False,True,False
95614931,293811116,1,1,False,True,False
95614931,32873313,1,1,False,True,False
95614931,329798491,1,1,False,True,False
95614931,343648351,11,11,False,True,False
95614931,359494116,1,1,False,True,False
95614931,359757377,1,1,False,True,False
95614931,364189600,1,1,False,True,False
95614931,366922019,2,2,False,True,False
95614931,39443258,1,1,False,True,False
95614931,411502985,1,1,False,True,False
95614931,416232706,1,1,False,True,False
95614931,416232973,1,1,False,True,False
95614931,434218673,1,1,False,True,False
95614931,471621386,1,1,False,True,False
95614931,51018409,1,1,False,True,False
95614931,52855516,2,2,False,True,False
95614931,532842713,4,4,False,True,False
95614931,532844203,9,9,False,True,False
95614931,55185530,1,1,False,True,False
95614931,56248127,1,1,False,True,False
95614931,578085423,1,1,False,True,False
95614931,5909706,1,1,False,True,False
95614931,594097958,1,1,False,True,False
95614931,6007295,2,2,False,True,False
95614931,605419213,2,2,False,True,False
95614931,611593442,1,1,False,True,False
95614931,611593704,1,1,False,True,False
95614931,612044539,1,1,False,True,False
95614931,61728459,1,1,False,True,False
95614931,619008516,1,1,False,True,False
95614931,626830281,1,1,False,True,False
95614931,627735,2,2,False,True,False
95614931,634826982,1,1,False,True,False
95614931,644338428,2,2,False,True,False
95614931,645657466,1,1,False,True,False
95614931,688065193,1,1,False,True,False
95614931,694703339,3,3,False,True,False
95614931,70676032,2,2,False,True,False
95614931,722414979,2,2,False,True,False
95614931,74385422,1,1,False,True,False
95614931,74411440,1,1,False,True,False
95614931,87143129,1,1,False,True,False
95614931,87146293,1,1,False,True,False
95614931,9525,3,3,False,True,False
95614931,95614931,1059,1059,True,True,True
95817032,139201883,4,4,False,True,False
95817032,143321848,2,2,False,True,False
95817032,158310651,2,2,False,True,False
95817032,1725199,2,2,False,True,False
95817032,180863671,4,4,False,True,False
95817032,182299236,1,1,False,True,False
95817032,184286875,1,1,False,True,False
95817032,192626254,1,1,False,True,False
95817032,197015643,9,9,False,True,False
95817032,209101661,1,1,False,True,False
95817032,213701835,1,1,False,True,False
95817032,223241444,6,6,False,True,False
95817032,236824540,26,26,False,True,False
95817032,249466377,46,46,False,True,False
95817032,294578325,1,1,False,True,False
95817032,294958663,1,1,False,True,False
95817032,304146787,1,1,False,True,False
95817032,30618733,1,1,False,True,False
95817032,315990473,1,1,False,True,False
95817032,356003512,5,5,False,True,False
95817032,357287236,1,1,False,True,False
95817032,359952601,3,3,False,True,False
95817032,378182560,6,6,False,True,False
95817032,40395126,1,1,False,True,False
95817032,40518025,1,1,False,True,False
95817032,413389267,2,2,False,True,False
95817032,42406144,25,25,False,True,False
95817032,429236908,3,3,False,True,False
95817032,511276595,2,2,False,True,False
95817032,55072677,1,1,False,True,True
95817032,568807303,1,1,False,True,False
95817032,598321569,1,1,False,True,False
95817032,626915953,1,1,False,True,False
95817032,65219131,1,1,False,True,False
95817032,660154432,1,1,False,True,False
95817032,666701506,2,2,False,True,False
95817032,674831767,1,1,False,True,False
95817032,683637737,1,1,False,True,False
95817032,711993421,3,3,False,True,False
95817032,731560361,1,1,False,True,False
95817032,927442,2,2,False,True,True
95817032,95817032,7834,7834,True,True,True
95817032,96575195,2,2,False,True,False
9595928,106263946,2,2,False,True,False
9595928,11749475,2,2,False,True,False
9595928,134262408,1,1,False,True,False
9595928,209013801,1,1,False,True,False
9595928,255551817,1,1,False,True,False
9595928,342401811,1,1,False,True,False
9595928,342643515,1,1,False,True,False
9595928,421898654,1,1,False,True,False
9595928,447659577,1,1,False,True,False
9595928,4508653,11,11,False,True,False
9595928,536498456,1,1,False,True,False
9595928,569438738,1,1,False,True,False
9595928,592227622,1,1,False,True,False
9595928,613908385,1,1,False,True,False
9595928,6258994,1,1,False,True,False
9595928,635369573,5,5,False,True,False
9595928,6786166,2,2,False,True,False
9595928,77475890,1,1,False,True,False
9595928,7896580,1,1,False,True,False
9595928,8733116,1,1,False,True,False
9595928,9595928,256,256,True,True,True
97518356,18260583,3,3,False,True,False
97518356,27549019,1,1,False,True,False
97518356,97518356,5,5,True,True,True
99919302,102343794,11,11,False,True,False
99919302,106310,1,1,False,True,False
99919302,1064563,2,2,False,True,False
99919302,109480449,1,1,False,True,False
99919302,1126087,1,1,False,True,False
99919302,11403699,1,1,False,True,False
99919302,117965972,1,1,False,True,False
99919302,13310527,9,9,False,True,False
99919302,1362490,3,3,False,True,False
99919302,149121954,1,1,False,True,False
99919302,149782046,5,5,False,True,False
99919302,16554739,1,1,False,True,False
99919302,166515022,1,1,False,True,True
99919302,17165658,3,3,False,True,True
99919302,17812502,1,1,False,True,False
99919302,190416463,1,1,False,True,False
99919302,193156399,1,1,False,True,False
99919302,19684359,1,1,False,True,False
99919302,20300177,2,2,False,True,False
99919302,206444,1,1,False,True,True
99919302,206791328,1,1,False,True,False
99919302,23418517,1,1,False,True,False
99919302,2410676,3,3,False,True,False
99919302,252650176,11,11,False,True,False
99919302,2604249,1,1,False,True,False
99919302,27522241,2,2,False,True,False
99919302,27522271,2,2,False,True,False
99919302,27522282,1,1,False,True,False
99919302,27522295,1,1,False,True,False
99919302,27729907,1,1,False,True,False
99919302,27729926,3,3,False,True,False
99919302,283325,2,2,False,True,False
99919302,28366058,1,1,False,True,False
99919302,310611,3,3,False,True,False
99919302,31180321,1,1,False,True,False
99919302,31197250,1,1,False,True,False
99919302,320146230,1,1,False,True,False
99919302,335164964,1,1,False,True,False
99919302,34685800,1,1,False,True,False
99919302,35440404,4,4,False,True,False
99919302,3604630,1,1,False,True,False
99919302,37440338,4,4,False,True,False
99919302,39063076,2,2,False,True,False
99919302,402945349,2,2,False,True,False
99919302,41058054,1,1,False,True,False
99919302,426969608,1,1,False,True,False
99919302,447060287,1,1,False,True,False
99919302,457619173,1,1,False,True,False
99919302,458226256,1,1,False,True,False
99919302,46089560,2,2,False,True,False
99919302,507775,1,1,False,True,True
99919302,511043304,1,1,False,True,False
99919302,51905353,7,7,False,True,False
99919302,520709428,34,34,False,True,False
99919302,552661142,1,1,False,True,False
99919302,5695907,1,1,False,True,False
99919302,574425709,1,1,False,True,False
99919302,5870069,3,3,False,True,False
99919302,60246359,1,1,False,True,True
99919302,605938979,1,1,False,True,False
99919302,616774259,1,1,False,True,False
99919302,619008516,1,1,False,True,False
99919302,622754400,1,1,False,True,False
99919302,625757751,2,2,False,True,False
99919302,637612862,1,1,False,True,False
99919302,662391505,6,6,False,True,False
99919302,664452562,9,9,False,True,False
99919302,81227005,1,1,False,True,False
99919302,86870924,1,1,False,True,False
99919302,99919302,20450,20450,True,True,True
