target_project_id,in_degree,in_strength,target_coverage,target_role,target_category_label,target_category_source,cumulative_weight_share
290227969,3,3430,0.01020408163265306,expanded_target_project,not_in_dbms_metadata,unavailable,0.024680875559457166
71133469,4,2335,0.013605442176870748,expanded_target_project,not_in_dbms_metadata,unavailable,0.041482579475297536
927442,18,2188,0.061224489795918366,seed_project,"Object Oriented,Relational",seed_manifest,0.05722653158144689
168736310,1,2177,0.003401360544217687,expanded_target_project,not_in_dbms_metadata,unavailable,0.07289133219163296
354090893,3,2043,0.01020408163265306,expanded_target_project,not_in_dbms_metadata,unavailable,0.08759192366917552
354129853,1,2017,0.003401360544217687,expanded_target_project,not_in_dbms_metadata,unavailable,0.10210542979262308
383875967,1,2014,0.003401360544217687,expanded_target_project,not_in_dbms_metadata,unavailable,0.11659734914444428
540262346,1,2012,0.003401360544217687,expanded_target_project,not_in_dbms_metadata,unavailable,0.13107487731518125
355030559,1,2009,0.003401360544217687,expanded_target_project,not_in_dbms_metadata,unavailable,0.14553081871429188
355035157,1,2009,0.003401360544217687,expanded_target_project,not_in_dbms_metadata,unavailable,0.15998676011340252
354126484,1,2008,0.003401360544217687,expanded_target_project,not_in_dbms_metadata,unavailable,0.17443550592197102
354094562,1,2007,0.003401360544217687,expanded_target_project,not_in_dbms_metadata,unavailable,0.18887705613999742
354125784,1,2006,0.003401360544217687,expanded_target_project,not_in_dbms_metadata,unavailable,0.2033114107674817
355032495,1,2006,0.003401360544217687,expanded_target_project,not_in_dbms_metadata,unavailable,0.21774576539496596
354136133,1,2005,0.003401360544217687,expanded_target_project,not_in_dbms_metadata,unavailable,0.23217292443190812
490557661,1,2005,0.003401360544217687,expanded_target_project,not_in_dbms_metadata,unavailable,0.2466000834688503
355015152,1,2004,0.003401360544217687,expanded_target_project,not_in_dbms_metadata,unavailable,0.2610200469152503
323830219,2,2003,0.006802721088435374,expanded_target_project,not_in_dbms_metadata,unavailable,0.27543281477110826
355033263,1,2002,0.003401360544217687,expanded_target_project,not_in_dbms_metadata,unavailable,0.28983838703642406
354080507,1,2000,0.003401360544217687,expanded_target_project,not_in_dbms_metadata,unavailable,0.30422956812065566
354123935,1,1999,0.003401360544217687,expanded_target_project,not_in_dbms_metadata,unavailable,0.3186135536143451
355027797,1,1997,0.003401360544217687,expanded_target_project,not_in_dbms_metadata,unavailable,0.3329831479269504
457577836,1,1431,0.003401360544217687,expanded_target_project,not_in_dbms_metadata,unavailable,0.34328003799271806
125238132,1,1118,0.003401360544217687,expanded_target_project,not_in_dbms_metadata,unavailable,0.3513247082188035
6207167,12,1110,0.04081632653061224,expanded_target_project,not_in_dbms_metadata,unavailable,0.35931181372055204
105088940,3,1054,0.01020408163265306,expanded_target_project,not_in_dbms_metadata,unavailable,0.3668959661519421
27576132,10,1026,0.034013605442176874,expanded_target_project,not_in_dbms_metadata,unavailable,0.37427864204815287
298565987,3,893,0.01020408163265306,expanded_target_project,not_in_dbms_metadata,unavailable,0.3807043044022623
1064563,25,869,0.08503401360544217,expanded_target_project,not_in_dbms_metadata,unavailable,0.38695727258336093
688586835,1,858,0.003401360544217687,expanded_target_project,not_in_dbms_metadata,unavailable,0.39313108926849627
31315121,5,853,0.017006802721088437,expanded_target_project,not_in_dbms_metadata,unavailable,0.399268928000921
166282681,1,836,0.003401360544217687,expanded_target_project,not_in_dbms_metadata,unavailable,0.40528444169412986
225690537,1,803,0.003401360544217687,expanded_target_project,not_in_dbms_metadata,unavailable,0.4110625008994488
276685482,1,785,0.003401360544217687,expanded_target_project,not_in_dbms_metadata,unavailable,0.4167110394750097
306769011,2,782,0.006802721088435374,expanded_target_project,not_in_dbms_metadata,unavailable,0.4223379912789443
358917250,11,726,0.03741496598639456,expanded_target_project,not_in_dbms_metadata,unavailable,0.4275619900125203
507775,13,721,0.04421768707482993,seed_project,Document#dbdbio>|<dbengines#Search Engine,seed_manifest,0.4327500107933858
197814629,34,692,0.11564625850340136,expanded_target_project,not_in_dbms_metadata,unavailable,0.4377293594485299
67836789,14,680,0.047619047619047616,expanded_target_project,not_in_dbms_metadata,unavailable,0.4426223610171687
13258039,1,680,0.003401360544217687,expanded_target_project,not_in_dbms_metadata,unavailable,0.44751536258580743
6934395,23,642,0.0782312925170068,seed_project,Key-value,seed_manifest,0.4521349317138458
27522271,27,639,0.09183673469387756,expanded_target_project,not_in_dbms_metadata,unavailable,0.45673291407025773
28366058,6,623,0.02040816326530612,expanded_target_project,not_in_dbms_metadata,unavailable,0.4612157669779959
205564111,5,610,0.017006802721088437,expanded_target_project,not_in_dbms_metadata,unavailable,0.4656050772086865
4524181,7,604,0.023809523809523808,expanded_target_project,not_in_dbms_metadata,unavailable,0.46995121389612443
141339868,4,604,0.013605442176870748,expanded_target_project,not_in_dbms_metadata,unavailable,0.47429735058356237
83502071,1,579,0.003401360544217687,expanded_target_project,not_in_dbms_metadata,unavailable,0.47846359750744744
23357588,21,550,0.07142857142857142,expanded_target_project,not_in_dbms_metadata,unavailable,0.4824211723056111
602665730,1,523,0.003401360544217687,expanded_target_project,not_in_dbms_metadata,unavailable,0.4861844661591377
27729907,18,520,0.061224489795918366,expanded_target_project,not_in_dbms_metadata,unavailable,0.4899261732410379
537800,8,482,0.027210884353741496,expanded_target_project,not_in_dbms_metadata,unavailable,0.4933944478823377
24063576,2,473,0.006802721088435374,expanded_target_project,not_in_dbms_metadata,unavailable,0.4967979622087585
192625525,12,461,0.04081632653061224,expanded_target_project,not_in_dbms_metadata,unavailable,0.5001151294486739
832680,11,444,0.03741496598639456,expanded_target_project,not_in_dbms_metadata,unavailable,0.5033099716493733
263991304,3,442,0.01020408163265306,expanded_target_project,not_in_dbms_metadata,unavailable,0.5064904226689885
23096959,32,440,0.10884353741496598,expanded_target_project,not_in_dbms_metadata,unavailable,0.5096564825075194
287743349,10,435,0.034013605442176874,expanded_target_project,not_in_dbms_metadata,unavailable,0.5127865643933398
241268229,1,434,0.003401360544217687,expanded_target_project,not_in_dbms_metadata,unavailable,0.515909450688618
6838921,8,428,0.027210884353741496,seed_project,Key-value#dbdbio>|<dbengines#Time Series,seed_manifest,0.5189891634406436
241092383,7,425,0.023809523809523808,expanded_target_project,not_in_dbms_metadata,unavailable,0.5220472894210428
3678731,10,409,0.034013605442176874,expanded_target_project,not_in_dbms_metadata,unavailable,0.5249902859527682
407242578,2,408,0.006802721088435374,expanded_target_project,not_in_dbms_metadata,unavailable,0.5279260868939514
27096595,7,402,0.023809523809523808,expanded_target_project,not_in_dbms_metadata,unavailable,0.530818714291882
187086161,6,402,0.02040816326530612,expanded_target_project,not_in_dbms_metadata,unavailable,0.5337113416898125
3060959,8,398,0.027210884353741496,expanded_target_project,not_in_dbms_metadata,unavailable,0.5365751867255746
2045207,23,392,0.0782312925170068,expanded_target_project,not_in_dbms_metadata,unavailable,0.539395858218084
113678857,8,386,0.027210884353741496,expanded_target_project,not_in_dbms_metadata,unavailable,0.5421733561673406
17165658,12,384,0.04081632653061224,seed_project,Relational,seed_manifest,0.5449364629355131
288487894,10,380,0.034013605442176874,expanded_target_project,not_in_dbms_metadata,unavailable,0.5476707873415171
19257422,2,366,0.006802721088435374,seed_project,Relational#dbdbio>|<dbengines#Time Series,seed_manifest,0.5503043734799316
341631350,6,360,0.02040816326530612,seed_project,Document,seed_manifest,0.5528947860750932
27729926,11,340,0.03741496598639456,expanded_target_project,not_in_dbms_metadata,unavailable,0.5553412868594125
560750575,1,326,0.003401360544217687,expanded_target_project,not_in_dbms_metadata,unavailable,0.5576870493761423
33816473,6,323,0.02040816326530612,expanded_target_project,not_in_dbms_metadata,unavailable,0.5600112251212457
571342238,3,319,0.01020408163265306,expanded_target_project,not_in_dbms_metadata,unavailable,0.5623066185041806
4463453,19,312,0.06462585034013606,expanded_target_project,not_in_dbms_metadata,unavailable,0.5645516427533208
259445878,9,307,0.030612244897959183,expanded_target_project,not_in_dbms_metadata,unavailable,0.5667606890497503
288485773,9,305,0.030612244897959183,expanded_target_project,not_in_dbms_metadata,unavailable,0.5689553441650956
388946490,6,303,0.02040816326530612,seed_project,Relational,seed_manifest,0.5711356080993567
14367737,7,297,0.023809523809523808,expanded_target_project,not_in_dbms_metadata,unavailable,0.5732726984903651
5349565,6,297,0.02040816326530612,seed_project,"Wide column,Relational,Key-value,Document",seed_manifest,0.5754097888813735
323231688,4,292,0.013605442176870748,expanded_target_project,not_in_dbms_metadata,unavailable,0.5775109013196713
137814779,1,291,0.003401360544217687,expanded_target_project,not_in_dbms_metadata,unavailable,0.579604818167427
11131631,1,287,0.003401360544217687,expanded_target_project,not_in_dbms_metadata,unavailable,0.5816699526530142
393288578,2,278,0.006802721088435374,expanded_target_project,not_in_dbms_metadata,unavailable,0.5836703268237224
189476904,10,271,0.034013605442176874,expanded_target_project,not_in_dbms_metadata,unavailable,0.5856203318606358
35894511,5,260,0.017006802721088437,expanded_target_project,not_in_dbms_metadata,unavailable,0.587491185401586
137444487,1,254,0.003401360544217687,expanded_target_project,not_in_dbms_metadata,unavailable,0.5893188653992834
6818061,5,245,0.017006802721088437,expanded_target_project,not_in_dbms_metadata,unavailable,0.5910817850821017
20300177,32,244,0.10884353741496598,expanded_target_project,not_in_dbms_metadata,unavailable,0.5928375091743779
5695907,20,237,0.06802721088435375,expanded_target_project,not_in_dbms_metadata,unavailable,0.5945428641328594
133411492,1,237,0.003401360544217687,expanded_target_project,not_in_dbms_metadata,unavailable,0.5962482190913408
113678408,11,235,0.03741496598639456,expanded_target_project,not_in_dbms_metadata,unavailable,0.597939182868738
434708679,2,234,0.006802721088435374,expanded_target_project,not_in_dbms_metadata,unavailable,0.5996229510555932
545901542,1,232,0.003401360544217687,expanded_target_project,not_in_dbms_metadata,unavailable,0.601292328061364
28992330,3,231,0.01020408163265306,expanded_target_project,not_in_dbms_metadata,unavailable,0.6029545094765928
11061773,6,229,0.02040816326530612,expanded_target_project,not_in_dbms_metadata,unavailable,0.6046022997107373
120538653,7,227,0.023809523809523808,expanded_target_project,not_in_dbms_metadata,unavailable,0.6062356987637976
33832372,6,227,0.02040816326530612,expanded_target_project,not_in_dbms_metadata,unavailable,0.6078690978168578
62350380,4,227,0.013605442176870748,expanded_target_project,not_in_dbms_metadata,unavailable,0.6095024968699181
27522241,19,210,0.06462585034013606,expanded_target_project,not_in_dbms_metadata,unavailable,0.6110135708837624
201517171,6,209,0.02040816326530612,expanded_target_project,not_in_dbms_metadata,unavailable,0.6125174493070646
215108366,1,205,0.003401360544217687,expanded_target_project,not_in_dbms_metadata,unavailable,0.6139925453681984
7823926,15,204,0.05102040816326531,expanded_target_project,not_in_dbms_metadata,unavailable,0.61546044583879
22446506,5,204,0.017006802721088437,expanded_target_project,not_in_dbms_metadata,unavailable,0.6169283463093816
206483,5,203,0.017006802721088437,expanded_target_project,not_in_dbms_metadata,unavailable,0.6183890511894311
51905353,28,201,0.09523809523809523,expanded_target_project,not_in_dbms_metadata,unavailable,0.6198353648883964
100656827,1,201,0.003401360544217687,expanded_target_project,not_in_dbms_metadata,unavailable,0.6212816785873617
392728007,1,201,0.003401360544217687,expanded_target_project,not_in_dbms_metadata,unavailable,0.6227279922863269
577850152,1,201,0.003401360544217687,expanded_target_project,not_in_dbms_metadata,unavailable,0.6241743059852922
2928948,5,196,0.017006802721088437,expanded_target_project,not_in_dbms_metadata,unavailable,0.6255846417315469
75104123,2,195,0.006802721088435374,expanded_target_project,not_in_dbms_metadata,unavailable,0.6269877818872595
242202166,8,194,0.027210884353741496,expanded_target_project,not_in_dbms_metadata,unavailable,0.6283837264524299
23206290,6,193,0.02040816326530612,expanded_target_project,not_in_dbms_metadata,unavailable,0.6297724754270583
6930489,1,193,0.003401360544217687,expanded_target_project,not_in_dbms_metadata,unavailable,0.6311612244016866
2410676,13,192,0.04421768707482993,expanded_target_project,not_in_dbms_metadata,unavailable,0.6325427777857728
125266328,3,190,0.01020408163265306,expanded_target_project,not_in_dbms_metadata,unavailable,0.6339099399887749
41986369,3,190,0.01020408163265306,seed_project,Key-value#dbdbio>|<dbengines#Relational,seed_manifest,0.6352771021917769
166515022,13,189,0.04421768707482993,seed_project,Relational,seed_manifest,0.6366370688042368
24776728,2,189,0.006802721088435374,expanded_target_project,not_in_dbms_metadata,unavailable,0.6379970354166966
128842710,1,189,0.003401360544217687,expanded_target_project,not_in_dbms_metadata,unavailable,0.6393570020291566
29102367,8,188,0.027210884353741496,expanded_target_project,not_in_dbms_metadata,unavailable,0.6407097730510743
14696091,3,184,0.01020408163265306,expanded_target_project,not_in_dbms_metadata,unavailable,0.6420337617108236
158256479,9,182,0.030612244897959183,expanded_target_project,not_in_dbms_metadata,unavailable,0.6433433591894887
359812205,1,182,0.003401360544217687,expanded_target_project,not_in_dbms_metadata,unavailable,0.6446529566681538
27522295,13,179,0.04421768707482993,expanded_target_project,not_in_dbms_metadata,unavailable,0.6459409673751925
198288319,4,176,0.013605442176870748,expanded_target_project,not_in_dbms_metadata,unavailable,0.6472073913106049
203697873,1,173,0.003401360544217687,expanded_target_project,not_in_dbms_metadata,unavailable,0.6484522284743909
60246359,16,170,0.05442176870748299,seed_project,Relational,seed_manifest,0.6496754788665505
213836768,3,170,0.01020408163265306,expanded_target_project,not_in_dbms_metadata,unavailable,0.6508987292587103
265444433,1,169,0.003401360544217687,expanded_target_project,not_in_dbms_metadata,unavailable,0.6521147840603279
7833168,1,169,0.003401360544217687,expanded_target_project,not_in_dbms_metadata,unavailable,0.6533308388619454
15500883,8,163,0.027210884353741496,expanded_target_project,not_in_dbms_metadata,unavailable,0.6545037201203103
159907380,2,162,0.006802721088435374,expanded_target_project,not_in_dbms_metadata,unavailable,0.655669405788133
224592887,1,162,0.003401360544217687,expanded_target_project,not_in_dbms_metadata,unavailable,0.6568350914559558
72087685,1,162,0.003401360544217687,expanded_target_project,not_in_dbms_metadata,unavailable,0.6580007771237786
997338,8,161,0.027210884353741496,expanded_target_project,not_in_dbms_metadata,unavailable,0.6591592672010592
18210201,5,161,0.017006802721088437,expanded_target_project,not_in_dbms_metadata,unavailable,0.6603177572783399
27889694,1,161,0.003401360544217687,expanded_target_project,not_in_dbms_metadata,unavailable,0.6614762473556205
192624594,10,160,0.034013605442176874,expanded_target_project,not_in_dbms_metadata,unavailable,0.662627541842359
220391287,4,160,0.013605442176870748,expanded_target_project,not_in_dbms_metadata,unavailable,0.6637788363290975
23088740,8,159,0.027210884353741496,expanded_target_project,not_in_dbms_metadata,unavailable,0.6649229352252939
185861173,4,158,0.013605442176870748,expanded_target_project,not_in_dbms_metadata,unavailable,0.6660598385309482
89943162,2,158,0.006802721088435374,expanded_target_project,not_in_dbms_metadata,unavailable,0.6671967418366025
3370128,9,157,0.030612244897959183,expanded_target_project,not_in_dbms_metadata,unavailable,0.6683264495517147
196414933,6,157,0.02040816326530612,expanded_target_project,not_in_dbms_metadata,unavailable,0.6694561572668268
244496643,1,156,0.003401360544217687,expanded_target_project,not_in_dbms_metadata,unavailable,0.670578669391397
1362490,15,154,0.05102040816326531,expanded_target_project,not_in_dbms_metadata,unavailable,0.6716867903348828
257485422,7,154,0.023809523809523808,expanded_target_project,not_in_dbms_metadata,unavailable,0.6727949112783687
4950187,11,153,0.03741496598639456,expanded_target_project,not_in_dbms_metadata,unavailable,0.6738958366313124
295620416,1,153,0.003401360544217687,expanded_target_project,not_in_dbms_metadata,unavailable,0.6749967619842561
416051323,1,153,0.003401360544217687,expanded_target_project,not_in_dbms_metadata,unavailable,0.6760976873371998
131347954,1,150,0.003401360544217687,expanded_target_project,not_in_dbms_metadata,unavailable,0.6771770259185171
65046532,1,149,0.003401360544217687,expanded_target_project,not_in_dbms_metadata,unavailable,0.6782491689092924
80179724,1,146,0.003401360544217687,expanded_target_project,not_in_dbms_metadata,unavailable,0.6792997251284413
11939484,6,145,0.02040816326530612,expanded_target_project,not_in_dbms_metadata,unavailable,0.680343085757048
30676648,4,145,0.013605442176870748,expanded_target_project,not_in_dbms_metadata,unavailable,0.6813864463856548
58146669,2,145,0.006802721088435374,expanded_target_project,not_in_dbms_metadata,unavailable,0.6824298070142617
94702898,5,144,0.017006802721088437,expanded_target_project,not_in_dbms_metadata,unavailable,0.6834659720523263
390240657,1,143,0.003401360544217687,expanded_target_project,not_in_dbms_metadata,unavailable,0.6844949414998489
201584981,2,140,0.006802721088435374,expanded_target_project,not_in_dbms_metadata,unavailable,0.6855023241757451
212936374,5,137,0.017006802721088437,expanded_target_project,not_in_dbms_metadata,unavailable,0.6864881200800149
57920736,4,136,0.013605442176870748,expanded_target_project,not_in_dbms_metadata,unavailable,0.6874667203937427
433273516,6,135,0.02040816326530612,expanded_target_project,not_in_dbms_metadata,unavailable,0.6884381251169284
206371,7,134,0.023809523809523808,expanded_target_project,not_in_dbms_metadata,unavailable,0.6894023342495719
84517704,8,133,0.027210884353741496,expanded_target_project,not_in_dbms_metadata,unavailable,0.6903593477916733
38488726,2,133,0.006802721088435374,expanded_target_project,not_in_dbms_metadata,unavailable,0.6913163613337746
295909370,1,132,0.003401360544217687,expanded_target_project,not_in_dbms_metadata,unavailable,0.692266179285334
299276319,1,132,0.003401360544217687,expanded_target_project,not_in_dbms_metadata,unavailable,0.6932159972368932
35700771,6,131,0.02040816326530612,expanded_target_project,not_in_dbms_metadata,unavailable,0.6941586195979104
48833910,6,131,0.02040816326530612,seed_project,Key-value,seed_manifest,0.6951012419589275
51620247,5,130,0.017006802721088437,expanded_target_project,not_in_dbms_metadata,unavailable,0.6960366687294026
5663857,4,130,0.013605442176870748,expanded_target_project,not_in_dbms_metadata,unavailable,0.6969720954998777
1126087,2,130,0.006802721088435374,expanded_target_project,not_in_dbms_metadata,unavailable,0.6979075222703527
10637896,8,129,0.027210884353741496,expanded_target_project,not_in_dbms_metadata,unavailable,0.6988357534502857
19608522,6,129,0.02040816326530612,expanded_target_project,not_in_dbms_metadata,unavailable,0.6997639846302186
223490876,3,129,0.01020408163265306,expanded_target_project,not_in_dbms_metadata,unavailable,0.7006922158101515
37326770,8,128,0.027210884353741496,expanded_target_project,not_in_dbms_metadata,unavailable,0.7016132513995423
22531552,3,127,0.01020408163265306,expanded_target_project,not_in_dbms_metadata,unavailable,0.7025270913983911
167615437,1,127,0.003401360544217687,expanded_target_project,not_in_dbms_metadata,unavailable,0.7034409313972397
53311716,3,126,0.01020408163265306,expanded_target_project,not_in_dbms_metadata,unavailable,0.7043475758055464
193784341,2,126,0.006802721088435374,expanded_target_project,not_in_dbms_metadata,unavailable,0.705254220213853
724712,25,125,0.08503401360544217,expanded_target_project,not_in_dbms_metadata,unavailable,0.7061536690316175
31986253,2,125,0.006802721088435374,expanded_target_project,not_in_dbms_metadata,unavailable,0.7070531178493819
35197979,2,125,0.006802721088435374,expanded_target_project,not_in_dbms_metadata,unavailable,0.7079525666671463
32538871,9,124,0.030612244897959183,expanded_target_project,not_in_dbms_metadata,unavailable,0.7088448198943688
34933072,1,123,0.003401360544217687,expanded_target_project,not_in_dbms_metadata,unavailable,0.709729877531049
6093316,4,120,0.013605442176870748,expanded_target_project,not_in_dbms_metadata,unavailable,0.7105933483961029
62774726,1,120,0.003401360544217687,expanded_target_project,not_in_dbms_metadata,unavailable,0.7114568192611568
6247705,10,119,0.034013605442176874,expanded_target_project,not_in_dbms_metadata,unavailable,0.7123130945356685
68465360,2,119,0.006802721088435374,expanded_target_project,not_in_dbms_metadata,unavailable,0.7131693698101803
240151150,1,118,0.003401360544217687,expanded_target_project,not_in_dbms_metadata,unavailable,0.7140184494941499
46122460,1,118,0.003401360544217687,expanded_target_project,not_in_dbms_metadata,unavailable,0.7148675291781197
27522282,13,117,0.04421768707482993,expanded_target_project,not_in_dbms_metadata,unavailable,0.7157094132715472
94262864,6,116,0.02040816326530612,expanded_target_project,not_in_dbms_metadata,unavailable,0.7165441017744326
66030306,2,114,0.006802721088435374,expanded_target_project,not_in_dbms_metadata,unavailable,0.7173643990962338
364003912,1,114,0.003401360544217687,expanded_target_project,not_in_dbms_metadata,unavailable,0.7181846964180351
487074429,1,114,0.003401360544217687,expanded_target_project,not_in_dbms_metadata,unavailable,0.7190049937398362
55077261,4,113,0.013605442176870748,expanded_target_project,not_in_dbms_metadata,unavailable,0.7198180954710953
17170044,2,113,0.006802721088435374,expanded_target_project,not_in_dbms_metadata,unavailable,0.7206311972023544
11233996,2,112,0.006802721088435374,expanded_target_project,not_in_dbms_metadata,unavailable,0.7214371033430713
150154628,1,112,0.003401360544217687,expanded_target_project,not_in_dbms_metadata,unavailable,0.7222430094837884
210716005,7,111,0.023809523809523808,expanded_target_project,not_in_dbms_metadata,unavailable,0.7230417200339632
22734848,2,111,0.006802721088435374,expanded_target_project,not_in_dbms_metadata,unavailable,0.723840430584138
541433150,1,111,0.003401360544217687,expanded_target_project,not_in_dbms_metadata,unavailable,0.7246391411343129
3432266,2,110,0.006802721088435374,expanded_target_project,not_in_dbms_metadata,unavailable,0.7254306560939456
159271175,5,107,0.017006802721088437,expanded_target_project,not_in_dbms_metadata,unavailable,0.726200584281952
8507859,3,107,0.01020408163265306,expanded_target_project,not_in_dbms_metadata,unavailable,0.7269705124699584
29326047,3,105,0.01020408163265306,expanded_target_project,not_in_dbms_metadata,unavailable,0.7277260494768806
22360263,8,104,0.027210884353741496,expanded_target_project,not_in_dbms_metadata,unavailable,0.7284743908932606
357723952,1,104,0.003401360544217687,expanded_target_project,not_in_dbms_metadata,unavailable,0.7292227323096406
27890669,8,102,0.027210884353741496,expanded_target_project,not_in_dbms_metadata,unavailable,0.7299566825449365
9120526,7,102,0.023809523809523808,expanded_target_project,not_in_dbms_metadata,unavailable,0.7306906327802323
60111626,5,102,0.017006802721088437,expanded_target_project,not_in_dbms_metadata,unavailable,0.731424583015528
412240914,4,101,0.013605442176870748,expanded_target_project,not_in_dbms_metadata,unavailable,0.7321513376602817
343429164,1,101,0.003401360544217687,expanded_target_project,not_in_dbms_metadata,unavailable,0.7328780923050354
25777459,4,100,0.013605442176870748,expanded_target_project,not_in_dbms_metadata,unavailable,0.733597651359247
283325,10,99,0.034013605442176874,expanded_target_project,not_in_dbms_metadata,unavailable,0.7343100148229165
12191244,1,99,0.003401360544217687,expanded_target_project,not_in_dbms_metadata,unavailable,0.735022378286586
132145189,7,98,0.023809523809523808,expanded_target_project,not_in_dbms_metadata,unavailable,0.7357275461597134
52034309,6,98,0.02040816326530612,expanded_target_project,not_in_dbms_metadata,unavailable,0.7364327140328407
14210523,1,98,0.003401360544217687,expanded_target_project,not_in_dbms_metadata,unavailable,0.7371378819059681
190416463,24,96,0.08163265306122448,expanded_target_project,not_in_dbms_metadata,unavailable,0.7378286585980112
76214676,2,96,0.006802721088435374,expanded_target_project,not_in_dbms_metadata,unavailable,0.7385194352900543
268274269,1,96,0.003401360544217687,expanded_target_project,not_in_dbms_metadata,unavailable,0.7392102119820974
80640282,1,96,0.003401360544217687,expanded_target_project,not_in_dbms_metadata,unavailable,0.7399009886741404
200299178,7,95,0.023809523809523808,expanded_target_project,not_in_dbms_metadata,unavailable,0.7405845697756415
16489874,1,95,0.003401360544217687,expanded_target_project,not_in_dbms_metadata,unavailable,0.7412681508771425
37489525,1,95,0.003401360544217687,expanded_target_project,not_in_dbms_metadata,unavailable,0.7419517319786435
2888818,10,94,0.034013605442176874,expanded_target_project,not_in_dbms_metadata,unavailable,0.7426281174896023
21440127,1,94,0.003401360544217687,expanded_target_project,not_in_dbms_metadata,unavailable,0.7433045030005613
3072629,1,94,0.003401360544217687,expanded_target_project,not_in_dbms_metadata,unavailable,0.7439808885115201
138754790,14,92,0.047619047619047616,seed_project,Relational,seed_manifest,0.7446428828413948
223485832,4,92,0.013605442176870748,expanded_target_project,not_in_dbms_metadata,unavailable,0.7453048771712695
39468142,7,91,0.023809523809523808,expanded_target_project,not_in_dbms_metadata,unavailable,0.745959675910602
327628682,1,91,0.003401360544217687,expanded_target_project,not_in_dbms_metadata,unavailable,0.7466144746499345
24560307,16,90,0.05442176870748299,expanded_target_project,not_in_dbms_metadata,unavailable,0.7472620777987249
10610797,3,90,0.01020408163265306,expanded_target_project,not_in_dbms_metadata,unavailable,0.7479096809475153
53757700,3,90,0.01020408163265306,expanded_target_project,not_in_dbms_metadata,unavailable,0.7485572840963057
200511807,1,90,0.003401360544217687,expanded_target_project,not_in_dbms_metadata,unavailable,0.7492048872450962
68291529,1,90,0.003401360544217687,expanded_target_project,not_in_dbms_metadata,unavailable,0.7498524903938866
3320710,6,89,0.02040816326530612,expanded_target_project,not_in_dbms_metadata,unavailable,0.7504928979521349
104327447,1,88,0.003401360544217687,expanded_target_project,not_in_dbms_metadata,unavailable,0.7511261099198411
358917318,7,87,0.023809523809523808,seed_project,Relational,seed_manifest,0.7517521262970052
167499157,3,87,0.01020408163265306,expanded_target_project,not_in_dbms_metadata,unavailable,0.7523781426741692
113677984,7,86,0.023809523809523808,expanded_target_project,not_in_dbms_metadata,unavailable,0.7529969634607913
34685800,7,86,0.023809523809523808,expanded_target_project,not_in_dbms_metadata,unavailable,0.7536157842474132
18260583,18,85,0.061224489795918366,expanded_target_project,not_in_dbms_metadata,unavailable,0.754227409443493
258933250,8,85,0.027210884353741496,expanded_target_project,not_in_dbms_metadata,unavailable,0.7548390346395729
20321688,3,84,0.01020408163265306,expanded_target_project,not_in_dbms_metadata,unavailable,0.7554434642451106
483457655,1,84,0.003401360544217687,expanded_target_project,not_in_dbms_metadata,unavailable,0.7560478938506483
389256017,3,83,0.01020408163265306,expanded_target_project,not_in_dbms_metadata,unavailable,0.756645127865644
254774075,1,83,0.003401360544217687,expanded_target_project,not_in_dbms_metadata,unavailable,0.7572423618806395
154422394,1,82,0.003401360544217687,expanded_target_project,not_in_dbms_metadata,unavailable,0.757832400305093
192625955,16,81,0.05442176870748299,expanded_target_project,not_in_dbms_metadata,unavailable,0.7584152431390044
100649664,2,81,0.006802721088435374,expanded_target_project,not_in_dbms_metadata,unavailable,0.7589980859729158
11225014,9,79,0.030612244897959183,seed_project,Key-value,seed_manifest,0.759566537625743
363150,4,79,0.013605442176870748,expanded_target_project,not_in_dbms_metadata,unavailable,0.76013498927857
62576980,1,79,0.003401360544217687,expanded_target_project,not_in_dbms_metadata,unavailable,0.7607034409313972
18128548,5,77,0.017006802721088437,expanded_target_project,not_in_dbms_metadata,unavailable,0.7612575014031402
20037550,1,77,0.003401360544217687,expanded_target_project,not_in_dbms_metadata,unavailable,0.7618115618748831
637657854,1,77,0.003401360544217687,expanded_target_project,not_in_dbms_metadata,unavailable,0.762365622346626
13310527,11,76,0.03741496598639456,expanded_target_project,not_in_dbms_metadata,unavailable,0.7629124872278268
24725038,2,76,0.006802721088435374,expanded_target_project,not_in_dbms_metadata,unavailable,0.7634593521090276
307760976,1,76,0.003401360544217687,expanded_target_project,not_in_dbms_metadata,unavailable,0.7640062169902284
206444,9,75,0.030612244897959183,seed_project,Relational,seed_manifest,0.764545886280887
28352089,6,75,0.02040816326530612,expanded_target_project,not_in_dbms_metadata,unavailable,0.7650855555715458
574877,8,74,0.027210884353741496,expanded_target_project,not_in_dbms_metadata,unavailable,0.7656180292716623
27146054,6,74,0.02040816326530612,expanded_target_project,not_in_dbms_metadata,unavailable,0.7661505029717789
39840932,5,74,0.017006802721088437,expanded_target_project,not_in_dbms_metadata,unavailable,0.7666829766718954
98346885,2,74,0.006802721088435374,expanded_target_project,not_in_dbms_metadata,unavailable,0.767215450372012
301727732,2,73,0.006802721088435374,expanded_target_project,not_in_dbms_metadata,unavailable,0.7677407284815865
87362999,1,73,0.003401360544217687,expanded_target_project,not_in_dbms_metadata,unavailable,0.768266006591161
206341,6,71,0.02040816326530612,expanded_target_project,not_in_dbms_metadata,unavailable,0.7687768935196512
481324763,1,71,0.003401360544217687,expanded_target_project,not_in_dbms_metadata,unavailable,0.7692877804481414
12499251,11,69,0.03741496598639456,expanded_target_project,not_in_dbms_metadata,unavailable,0.7697842761955473
45226685,5,69,0.017006802721088437,expanded_target_project,not_in_dbms_metadata,unavailable,0.7702807719429534
84983058,2,69,0.006802721088435374,expanded_target_project,not_in_dbms_metadata,unavailable,0.7707772676903594
143040428,1,69,0.003401360544217687,expanded_target_project,not_in_dbms_metadata,unavailable,0.7712737634377653
607714334,1,69,0.003401360544217687,expanded_target_project,not_in_dbms_metadata,unavailable,0.7717702591851713
221058575,4,68,0.013605442176870748,expanded_target_project,not_in_dbms_metadata,unavailable,0.7722595593420352
7613257,2,68,0.006802721088435374,expanded_target_project,not_in_dbms_metadata,unavailable,0.772748859498899
20491274,1,68,0.003401360544217687,expanded_target_project,not_in_dbms_metadata,unavailable,0.7732381596557629
475029937,1,68,0.003401360544217687,expanded_target_project,not_in_dbms_metadata,unavailable,0.7737274598126268
557135476,1,67,0.003401360544217687,expanded_target_project,not_in_dbms_metadata,unavailable,0.7742095643789486
215566462,9,66,0.030612244897959183,expanded_target_project,not_in_dbms_metadata,unavailable,0.7746844733547282
216494674,4,66,0.013605442176870748,expanded_target_project,not_in_dbms_metadata,unavailable,0.7751593823305079
49867147,1,66,0.003401360544217687,expanded_target_project,not_in_dbms_metadata,unavailable,0.7756342913062875
71253874,1,66,0.003401360544217687,expanded_target_project,not_in_dbms_metadata,unavailable,0.7761092002820672
534354967,9,65,0.030612244897959183,expanded_target_project,not_in_dbms_metadata,unavailable,0.7765769136673046
1123727,4,65,0.013605442176870748,expanded_target_project,not_in_dbms_metadata,unavailable,0.7770446270525422
124802455,4,65,0.013605442176870748,expanded_target_project,not_in_dbms_metadata,unavailable,0.7775123404377797
42155092,1,65,0.003401360544217687,expanded_target_project,not_in_dbms_metadata,unavailable,0.7779800538230173
1357199,12,64,0.04081632653061224,expanded_target_project,not_in_dbms_metadata,unavailable,0.7784405716177126
528342545,5,64,0.017006802721088437,expanded_target_project,not_in_dbms_metadata,unavailable,0.7789010894124081
31339163,4,64,0.013605442176870748,expanded_target_project,not_in_dbms_metadata,unavailable,0.7793616072071035
22855240,3,64,0.01020408163265306,expanded_target_project,not_in_dbms_metadata,unavailable,0.7798221250017989
68294628,3,64,0.01020408163265306,expanded_target_project,not_in_dbms_metadata,unavailable,0.7802826427964943
3544424,1,64,0.003401360544217687,expanded_target_project,not_in_dbms_metadata,unavailable,0.7807431605911898
48004987,1,64,0.003401360544217687,expanded_target_project,not_in_dbms_metadata,unavailable,0.7812036783858851
21193524,9,63,0.030612244897959183,expanded_target_project,not_in_dbms_metadata,unavailable,0.7816570005900384
49412556,4,63,0.013605442176870748,seed_project,Document,seed_manifest,0.7821103227941917
32363061,3,63,0.01020408163265306,expanded_target_project,not_in_dbms_metadata,unavailable,0.782563644998345
511691380,3,63,0.01020408163265306,expanded_target_project,not_in_dbms_metadata,unavailable,0.7830169672024984
105379569,2,63,0.006802721088435374,expanded_target_project,not_in_dbms_metadata,unavailable,0.7834702894066516
80369237,1,63,0.003401360544217687,expanded_target_project,not_in_dbms_metadata,unavailable,0.7839236116108049
27954927,7,61,0.023809523809523808,expanded_target_project,not_in_dbms_metadata,unavailable,0.784362542633874
26038648,1,61,0.003401360544217687,expanded_target_project,not_in_dbms_metadata,unavailable,0.784801473656943
295544240,10,60,0.034013605442176874,expanded_target_project,not_in_dbms_metadata,unavailable,0.7852332090894699
182849188,7,60,0.023809523809523808,seed_project,Wide column,seed_manifest,0.7856649445219969
2544305,7,60,0.023809523809523808,expanded_target_project,not_in_dbms_metadata,unavailable,0.7860966799545238
49442815,2,60,0.006802721088435374,expanded_target_project,not_in_dbms_metadata,unavailable,0.7865284153870508
13655592,1,60,0.003401360544217687,expanded_target_project,not_in_dbms_metadata,unavailable,0.7869601508195777
34351530,1,60,0.003401360544217687,expanded_target_project,not_in_dbms_metadata,unavailable,0.7873918862521047
80087836,3,59,0.01020408163265306,seed_project,Key-value,seed_manifest,0.7878164260940895
289034413,2,59,0.006802721088435374,expanded_target_project,not_in_dbms_metadata,unavailable,0.7882409659360744
140029949,1,59,0.003401360544217687,expanded_target_project,not_in_dbms_metadata,unavailable,0.7886655057780592
221981891,1,59,0.003401360544217687,expanded_target_project,not_in_dbms_metadata,unavailable,0.789090045620044
385183546,1,59,0.003401360544217687,expanded_target_project,not_in_dbms_metadata,unavailable,0.7895145854620289
20580498,11,58,0.03741496598639456,expanded_target_project,not_in_dbms_metadata,unavailable,0.7899319297134716
501687,9,58,0.030612244897959183,expanded_target_project,not_in_dbms_metadata,unavailable,0.7903492739649143
10746583,6,58,0.02040816326530612,expanded_target_project,not_in_dbms_metadata,unavailable,0.790766618216357
133067498,1,58,0.003401360544217687,expanded_target_project,not_in_dbms_metadata,unavailable,0.7911839624677998
348845583,1,58,0.003401360544217687,expanded_target_project,not_in_dbms_metadata,unavailable,0.7916013067192424
569041,4,57,0.013605442176870748,expanded_target_project,not_in_dbms_metadata,unavailable,0.7920114553801431
30062547,3,57,0.01020408163265306,expanded_target_project,not_in_dbms_metadata,unavailable,0.7924216040410437
858127,4,56,0.013605442176870748,expanded_target_project,not_in_dbms_metadata,unavailable,0.7928245571114021
76474200,3,56,0.01020408163265306,expanded_target_project,not_in_dbms_metadata,unavailable,0.7932275101817606
29849956,2,56,0.006802721088435374,expanded_target_project,not_in_dbms_metadata,unavailable,0.7936304632521191
191751505,1,56,0.003401360544217687,expanded_target_project,not_in_dbms_metadata,unavailable,0.7940334163224776
27974762,1,56,0.003401360544217687,expanded_target_project,not_in_dbms_metadata,unavailable,0.794436369392836
9891249,1,56,0.003401360544217687,expanded_target_project,not_in_dbms_metadata,unavailable,0.7948393224631946
196057608,14,55,0.047619047619047616,expanded_target_project,not_in_dbms_metadata,unavailable,0.7952350799430109
459025965,6,55,0.02040816326530612,expanded_target_project,not_in_dbms_metadata,unavailable,0.7956308374228273
22700054,3,55,0.01020408163265306,expanded_target_project,not_in_dbms_metadata,unavailable,0.7960265949026437
49441405,1,55,0.003401360544217687,expanded_target_project,not_in_dbms_metadata,unavailable,0.7964223523824601
51584791,1,55,0.003401360544217687,expanded_target_project,not_in_dbms_metadata,unavailable,0.7968181098622764
38829639,5,54,0.017006802721088437,expanded_target_project,not_in_dbms_metadata,unavailable,0.7972066717515507
335342,4,54,0.013605442176870748,expanded_target_project,not_in_dbms_metadata,unavailable,0.7975952336408249
101767772,2,54,0.006802721088435374,expanded_target_project,not_in_dbms_metadata,unavailable,0.7979837955300991
280276446,1,54,0.003401360544217687,expanded_target_project,not_in_dbms_metadata,unavailable,0.7983723574193734
83252983,1,54,0.003401360544217687,expanded_target_project,not_in_dbms_metadata,unavailable,0.7987609193086477
310611,10,53,0.034013605442176874,expanded_target_project,not_in_dbms_metadata,unavailable,0.7991422856073798
96004375,4,53,0.013605442176870748,expanded_target_project,not_in_dbms_metadata,unavailable,0.799523651906112
421101922,3,53,0.01020408163265306,expanded_target_project,not_in_dbms_metadata,unavailable,0.799905018204844
143220272,2,53,0.006802721088435374,expanded_target_project,not_in_dbms_metadata,unavailable,0.8002863845035763
24494032,12,52,0.04081632653061224,seed_project,Relational,seed_manifest,0.8006605552117663
18765044,5,52,0.017006802721088437,expanded_target_project,not_in_dbms_metadata,unavailable,0.8010347259199563
31288958,4,52,0.013605442176870748,expanded_target_project,not_in_dbms_metadata,unavailable,0.8014088966281463
12550138,1,52,0.003401360544217687,expanded_target_project,not_in_dbms_metadata,unavailable,0.8017830673363363
244123773,1,52,0.003401360544217687,expanded_target_project,not_in_dbms_metadata,unavailable,0.8021572380445263
422379561,1,52,0.003401360544217687,expanded_target_project,not_in_dbms_metadata,unavailable,0.8025314087527163
75821432,19,51,0.06462585034013606,expanded_target_project,not_in_dbms_metadata,unavailable,0.8028983838703643
33745913,15,51,0.05102040816326531,seed_project,Relational,seed_manifest,0.8032653589880121
2604249,11,51,0.03741496598639456,expanded_target_project,not_in_dbms_metadata,unavailable,0.80363233410566
113678133,6,51,0.02040816326530612,expanded_target_project,not_in_dbms_metadata,unavailable,0.803999309223308
357284448,3,51,0.01020408163265306,expanded_target_project,not_in_dbms_metadata,unavailable,0.8043662843409559
68312233,3,51,0.01020408163265306,expanded_target_project,not_in_dbms_metadata,unavailable,0.8047332594586037
164008820,1,51,0.003401360544217687,expanded_target_project,not_in_dbms_metadata,unavailable,0.8051002345762517
481429011,1,51,0.003401360544217687,expanded_target_project,not_in_dbms_metadata,unavailable,0.8054672096938996
74896462,1,51,0.003401360544217687,expanded_target_project,not_in_dbms_metadata,unavailable,0.8058341848115474
3698588,5,50,0.017006802721088437,expanded_target_project,not_in_dbms_metadata,unavailable,0.8061939643386533
6765281,4,50,0.013605442176870748,expanded_target_project,not_in_dbms_metadata,unavailable,0.8065537438657591
297347284,1,50,0.003401360544217687,expanded_target_project,not_in_dbms_metadata,unavailable,0.8069135233928648
550879823,1,50,0.003401360544217687,expanded_target_project,not_in_dbms_metadata,unavailable,0.8072733029199707
619008516,42,49,0.14285714285714285,expanded_target_project,not_in_dbms_metadata,unavailable,0.8076258868565344
3037907,10,49,0.034013605442176874,expanded_target_project,not_in_dbms_metadata,unavailable,0.807978470793098
106310,6,49,0.02040816326530612,expanded_target_project,not_in_dbms_metadata,unavailable,0.8083310547296617
11452538,3,49,0.01020408163265306,expanded_target_project,not_in_dbms_metadata,unavailable,0.8086836386662254
6503675,3,49,0.01020408163265306,expanded_target_project,not_in_dbms_metadata,unavailable,0.809036222602789
16211818,2,49,0.006802721088435374,expanded_target_project,not_in_dbms_metadata,unavailable,0.8093888065393526
443772950,1,49,0.003401360544217687,expanded_target_project,not_in_dbms_metadata,unavailable,0.8097413904759163
569293325,1,49,0.003401360544217687,expanded_target_project,not_in_dbms_metadata,unavailable,0.81009397441248
35440404,6,48,0.02040816326530612,expanded_target_project,not_in_dbms_metadata,unavailable,0.8104393627585016
13628513,3,48,0.01020408163265306,expanded_target_project,not_in_dbms_metadata,unavailable,0.8107847511045232
2744972,2,48,0.006802721088435374,expanded_target_project,not_in_dbms_metadata,unavailable,0.8111301394505447
13745124,1,48,0.003401360544217687,expanded_target_project,not_in_dbms_metadata,unavailable,0.8114755277965663
224289715,1,48,0.003401360544217687,expanded_target_project,not_in_dbms_metadata,unavailable,0.8118209161425878
27929056,1,48,0.003401360544217687,expanded_target_project,not_in_dbms_metadata,unavailable,0.8121663044886094
113678112,9,47,0.030612244897959183,expanded_target_project,not_in_dbms_metadata,unavailable,0.8125044972440888
404194456,1,47,0.003401360544217687,expanded_target_project,not_in_dbms_metadata,unavailable,0.8128426899995682
47065398,1,47,0.003401360544217687,expanded_target_project,not_in_dbms_metadata,unavailable,0.8131808827550477
20675635,11,46,0.03741496598639456,expanded_target_project,not_in_dbms_metadata,unavailable,0.8135118799199851
12574344,5,46,0.017006802721088437,expanded_target_project,not_in_dbms_metadata,unavailable,0.8138428770849223
94593596,4,46,0.013605442176870748,seed_project,Key-value,seed_manifest,0.8141738742498597
9156682,2,46,0.006802721088435374,expanded_target_project,not_in_dbms_metadata,unavailable,0.814504871414797
9454675,2,46,0.006802721088435374,expanded_target_project,not_in_dbms_metadata,unavailable,0.8148358685797343
249466377,1,46,0.003401360544217687,expanded_target_project,not_in_dbms_metadata,unavailable,0.8151668657446717
52855516,21,45,0.07142857142857142,expanded_target_project,not_in_dbms_metadata,unavailable,0.8154906673190668
15111821,6,45,0.02040816326530612,expanded_target_project,not_in_dbms_metadata,unavailable,0.8158144688934621
114705611,3,45,0.01020408163265306,expanded_target_project,not_in_dbms_metadata,unavailable,0.8161382704678573
36960321,3,45,0.01020408163265306,expanded_target_project,not_in_dbms_metadata,unavailable,0.8164620720422525
21946092,2,45,0.006802721088435374,expanded_target_project,not_in_dbms_metadata,unavailable,0.8167858736166477
184286875,11,44,0.03741496598639456,expanded_target_project,not_in_dbms_metadata,unavailable,0.8171024796005009
2606873,7,44,0.023809523809523808,expanded_target_project,not_in_dbms_metadata,unavailable,0.8174190855843539
197176365,5,44,0.017006802721088437,expanded_target_project,not_in_dbms_metadata,unavailable,0.817735691568207
357707809,3,44,0.01020408163265306,seed_project,Document,seed_manifest,0.8180522975520601
38973038,3,44,0.01020408163265306,expanded_target_project,not_in_dbms_metadata,unavailable,0.8183689035359132
89145566,2,44,0.006802721088435374,expanded_target_project,not_in_dbms_metadata,unavailable,0.8186855095197663
149121954,11,43,0.03741496598639456,expanded_target_project,not_in_dbms_metadata,unavailable,0.8189949199130773
232539879,4,43,0.013605442176870748,expanded_target_project,not_in_dbms_metadata,unavailable,0.8193043303063883
46234189,4,43,0.013605442176870748,expanded_target_project,not_in_dbms_metadata,unavailable,0.8196137406996993
14934771,3,43,0.01020408163265306,expanded_target_project,not_in_dbms_metadata,unavailable,0.8199231510930102
26731785,3,43,0.01020408163265306,expanded_target_project,not_in_dbms_metadata,unavailable,0.8202325614863212
118517813,1,43,0.003401360544217687,expanded_target_project,not_in_dbms_metadata,unavailable,0.8205419718796322
141345580,1,43,0.003401360544217687,expanded_target_project,not_in_dbms_metadata,unavailable,0.8208513822729432
15807269,1,43,0.003401360544217687,expanded_target_project,not_in_dbms_metadata,unavailable,0.8211607926662541
262521997,1,43,0.003401360544217687,expanded_target_project,not_in_dbms_metadata,unavailable,0.8214702030595651
376172960,1,43,0.003401360544217687,expanded_target_project,not_in_dbms_metadata,unavailable,0.8217796134528761
44667904,1,43,0.003401360544217687,expanded_target_project,not_in_dbms_metadata,unavailable,0.8220890238461871
13078968,11,42,0.03741496598639456,expanded_target_project,not_in_dbms_metadata,unavailable,0.8223912386489559
23418517,10,42,0.034013605442176874,expanded_target_project,not_in_dbms_metadata,unavailable,0.8226934534517247
113678874,9,42,0.030612244897959183,expanded_target_project,not_in_dbms_metadata,unavailable,0.8229956682544937
53628424,2,42,0.006802721088435374,expanded_target_project,not_in_dbms_metadata,unavailable,0.8232978830572625
5103785,1,42,0.003401360544217687,expanded_target_project,not_in_dbms_metadata,unavailable,0.8236000978600314
54173593,1,42,0.003401360544217687,expanded_target_project,not_in_dbms_metadata,unavailable,0.8239023126628002
283187,8,41,0.027210884353741496,expanded_target_project,not_in_dbms_metadata,unavailable,0.824197331875027
35144191,7,41,0.023809523809523808,expanded_target_project,not_in_dbms_metadata,unavailable,0.8244923510872537
30449481,6,41,0.02040816326530612,seed_project,Graph,seed_manifest,0.8247873702994805
79874569,4,41,0.013605442176870748,expanded_target_project,not_in_dbms_metadata,unavailable,0.8250823895117072
129954828,2,41,0.006802721088435374,expanded_target_project,not_in_dbms_metadata,unavailable,0.825377408723934
202127068,1,41,0.003401360544217687,expanded_target_project,not_in_dbms_metadata,unavailable,0.8256724279361607
7444861,1,41,0.003401360544217687,expanded_target_project,not_in_dbms_metadata,unavailable,0.8259674471483874
6296790,7,40,0.023809523809523808,expanded_target_project,not_in_dbms_metadata,unavailable,0.8262552707700721
1680733,5,40,0.017006802721088437,expanded_target_project,not_in_dbms_metadata,unavailable,0.8265430943917568
87859908,5,40,0.017006802721088437,expanded_target_project,not_in_dbms_metadata,unavailable,0.8268309180134413
20188259,4,40,0.013605442176870748,expanded_target_project,not_in_dbms_metadata,unavailable,0.827118741635126
41473746,4,40,0.013605442176870748,expanded_target_project,not_in_dbms_metadata,unavailable,0.8274065652568107
12488647,3,40,0.01020408163265306,expanded_target_project,not_in_dbms_metadata,unavailable,0.8276943888784952
33352201,3,40,0.01020408163265306,expanded_target_project,not_in_dbms_metadata,unavailable,0.8279822125001799
7730829,3,40,0.01020408163265306,expanded_target_project,not_in_dbms_metadata,unavailable,0.8282700361218646
189012294,1,40,0.003401360544217687,expanded_target_project,not_in_dbms_metadata,unavailable,0.8285578597435491
36046479,1,40,0.003401360544217687,expanded_target_project,not_in_dbms_metadata,unavailable,0.8288456833652338
435375021,5,39,0.017006802721088437,expanded_target_project,not_in_dbms_metadata,unavailable,0.8291263113963763
113678153,4,39,0.013605442176870748,expanded_target_project,not_in_dbms_metadata,unavailable,0.8294069394275189
108050,2,39,0.006802721088435374,expanded_target_project,not_in_dbms_metadata,unavailable,0.8296875674586613
233147271,2,39,0.006802721088435374,expanded_target_project,not_in_dbms_metadata,unavailable,0.8299681954898038
23050110,1,39,0.003401360544217687,expanded_target_project,not_in_dbms_metadata,unavailable,0.8302488235209463
35698408,1,39,0.003401360544217687,expanded_target_project,not_in_dbms_metadata,unavailable,0.8305294515520889
91851641,1,39,0.003401360544217687,expanded_target_project,not_in_dbms_metadata,unavailable,0.8308100795832314
29759715,16,38,0.05442176870748299,expanded_target_project,not_in_dbms_metadata,unavailable,0.8310835120238318
1148753,9,38,0.030612244897959183,expanded_target_project,not_in_dbms_metadata,unavailable,0.8313569444644322
1187853,6,38,0.02040816326530612,expanded_target_project,not_in_dbms_metadata,unavailable,0.8316303769050326
201455508,2,38,0.006802721088435374,expanded_target_project,not_in_dbms_metadata,unavailable,0.831903809345633
295810364,2,38,0.006802721088435374,expanded_target_project,not_in_dbms_metadata,unavailable,0.8321772417862334
367261349,2,38,0.006802721088435374,expanded_target_project,not_in_dbms_metadata,unavailable,0.8324506742268338
372172254,2,38,0.006802721088435374,expanded_target_project,not_in_dbms_metadata,unavailable,0.8327241066674342
1020639,1,38,0.003401360544217687,expanded_target_project,not_in_dbms_metadata,unavailable,0.8329975391080346
21338027,1,38,0.003401360544217687,expanded_target_project,not_in_dbms_metadata,unavailable,0.8332709715486349
24747723,1,38,0.003401360544217687,expanded_target_project,not_in_dbms_metadata,unavailable,0.8335444039892353
2601923,1,38,0.003401360544217687,expanded_target_project,not_in_dbms_metadata,unavailable,0.8338178364298358
3180553,1,38,0.003401360544217687,expanded_target_project,not_in_dbms_metadata,unavailable,0.8340912688704362
359952601,14,37,0.047619047619047616,expanded_target_project,not_in_dbms_metadata,unavailable,0.8343575057204945
91151442,5,37,0.017006802721088437,expanded_target_project,not_in_dbms_metadata,unavailable,0.8346237425705527
17812502,4,37,0.013605442176870748,expanded_target_project,not_in_dbms_metadata,unavailable,0.834889979420611
50140860,4,37,0.013605442176870748,expanded_target_project,not_in_dbms_metadata,unavailable,0.8351562162706694
745749,4,37,0.013605442176870748,expanded_target_project,not_in_dbms_metadata,unavailable,0.8354224531207276
45423600,2,37,0.006802721088435374,expanded_target_project,not_in_dbms_metadata,unavailable,0.8356886899707859
473555568,2,37,0.006802721088435374,expanded_target_project,not_in_dbms_metadata,unavailable,0.8359549268208442
22432442,1,37,0.003401360544217687,expanded_target_project,not_in_dbms_metadata,unavailable,0.8362211636709025
40345658,1,37,0.003401360544217687,expanded_target_project,not_in_dbms_metadata,unavailable,0.8364874005209607
11599760,5,36,0.017006802721088437,expanded_target_project,not_in_dbms_metadata,unavailable,0.836746441780477
58707550,5,36,0.017006802721088437,expanded_target_project,not_in_dbms_metadata,unavailable,0.8370054830399931
20929025,4,36,0.013605442176870748,expanded_target_project,not_in_dbms_metadata,unavailable,0.8372645242995093
17391973,3,36,0.01020408163265306,expanded_target_project,not_in_dbms_metadata,unavailable,0.8375235655590254
66509131,3,36,0.01020408163265306,expanded_target_project,not_in_dbms_metadata,unavailable,0.8377826068185416
373315216,2,36,0.006802721088435374,expanded_target_project,not_in_dbms_metadata,unavailable,0.8380416480780578
43225113,1,36,0.003401360544217687,expanded_target_project,not_in_dbms_metadata,unavailable,0.838300689337574
6051812,1,36,0.003401360544217687,expanded_target_project,not_in_dbms_metadata,unavailable,0.8385597305970901
618575799,1,36,0.003401360544217687,expanded_target_project,not_in_dbms_metadata,unavailable,0.8388187718566062
20675636,7,35,0.023809523809523808,expanded_target_project,not_in_dbms_metadata,unavailable,0.8390706175255803
177727591,6,35,0.02040816326530612,expanded_target_project,not_in_dbms_metadata,unavailable,0.8393224631945544
28233924,6,35,0.02040816326530612,expanded_target_project,not_in_dbms_metadata,unavailable,0.8395743088635285
56729247,6,35,0.02040816326530612,expanded_target_project,not_in_dbms_metadata,unavailable,0.8398261545325025
96382888,5,35,0.017006802721088437,expanded_target_project,not_in_dbms_metadata,unavailable,0.8400780002014765
253290187,4,35,0.013605442176870748,expanded_target_project,not_in_dbms_metadata,unavailable,0.8403298458704506
224021526,3,35,0.01020408163265306,expanded_target_project,not_in_dbms_metadata,unavailable,0.8405816915394246
358067277,1,35,0.003401360544217687,expanded_target_project,not_in_dbms_metadata,unavailable,0.8408335372083987
36883823,1,35,0.003401360544217687,expanded_target_project,not_in_dbms_metadata,unavailable,0.8410853828773728
37198116,1,35,0.003401360544217687,expanded_target_project,not_in_dbms_metadata,unavailable,0.8413372285463468
704252738,1,35,0.003401360544217687,expanded_target_project,not_in_dbms_metadata,unavailable,0.8415890742153208
60075331,8,34,0.027210884353741496,expanded_target_project,not_in_dbms_metadata,unavailable,0.8418337242937528
93163073,8,34,0.027210884353741496,expanded_target_project,not_in_dbms_metadata,unavailable,0.8420783743721847
177139928,6,34,0.02040816326530612,expanded_target_project,not_in_dbms_metadata,unavailable,0.8423230244506167
35698342,6,34,0.02040816326530612,expanded_target_project,not_in_dbms_metadata,unavailable,0.8425676745290486
95247959,5,34,0.017006802721088437,expanded_target_project,not_in_dbms_metadata,unavailable,0.8428123246074806
401850253,3,34,0.01020408163265306,expanded_target_project,not_in_dbms_metadata,unavailable,0.8430569746859125
129883659,2,34,0.006802721088435374,expanded_target_project,not_in_dbms_metadata,unavailable,0.8433016247643444
100470837,1,34,0.003401360544217687,expanded_target_project,not_in_dbms_metadata,unavailable,0.8435462748427763
483667431,1,34,0.003401360544217687,expanded_target_project,not_in_dbms_metadata,unavailable,0.8437909249212083
520709428,1,34,0.003401360544217687,expanded_target_project,not_in_dbms_metadata,unavailable,0.8440355749996402
599057968,1,34,0.003401360544217687,expanded_target_project,not_in_dbms_metadata,unavailable,0.8442802250780722
95217595,1,34,0.003401360544217687,expanded_target_project,not_in_dbms_metadata,unavailable,0.8445248751565041
47371310,5,33,0.017006802721088437,expanded_target_project,not_in_dbms_metadata,unavailable,0.8447623296443939
5870069,5,33,0.017006802721088437,expanded_target_project,not_in_dbms_metadata,unavailable,0.8449997841322837
150988662,2,33,0.006802721088435374,expanded_target_project,not_in_dbms_metadata,unavailable,0.8452372386201735
23622727,1,33,0.003401360544217687,expanded_target_project,not_in_dbms_metadata,unavailable,0.8454746931080633
27721932,1,33,0.003401360544217687,expanded_target_project,not_in_dbms_metadata,unavailable,0.8457121475959531
29551708,1,33,0.003401360544217687,expanded_target_project,not_in_dbms_metadata,unavailable,0.8459496020838431
4044891,1,33,0.003401360544217687,expanded_target_project,not_in_dbms_metadata,unavailable,0.8461870565717329
42300713,1,33,0.003401360544217687,expanded_target_project,not_in_dbms_metadata,unavailable,0.8464245110596227
469914860,1,33,0.003401360544217687,expanded_target_project,not_in_dbms_metadata,unavailable,0.8466619655475125
554148984,1,33,0.003401360544217687,expanded_target_project,not_in_dbms_metadata,unavailable,0.8468994200354023
572035838,1,33,0.003401360544217687,expanded_target_project,not_in_dbms_metadata,unavailable,0.8471368745232921
7895139,1,33,0.003401360544217687,expanded_target_project,not_in_dbms_metadata,unavailable,0.8473743290111819
192626254,7,32,0.023809523809523808,expanded_target_project,not_in_dbms_metadata,unavailable,0.8476045879085297
206339,4,32,0.013605442176870748,expanded_target_project,not_in_dbms_metadata,unavailable,0.8478348468058774
113678060,3,32,0.01020408163265306,expanded_target_project,not_in_dbms_metadata,unavailable,0.848065105703225
228908078,3,32,0.01020408163265306,expanded_target_project,not_in_dbms_metadata,unavailable,0.8482953646005728
450439333,2,32,0.006802721088435374,expanded_target_project,not_in_dbms_metadata,unavailable,0.8485256234979205
635979215,2,32,0.006802721088435374,expanded_target_project,not_in_dbms_metadata,unavailable,0.8487558823952682
28900400,1,32,0.003401360544217687,expanded_target_project,not_in_dbms_metadata,unavailable,0.8489861412926158
32741886,5,31,0.017006802721088437,expanded_target_project,not_in_dbms_metadata,unavailable,0.8492092045994215
63421322,4,31,0.013605442176870748,expanded_target_project,not_in_dbms_metadata,unavailable,0.8494322679062271
308027791,2,31,0.006802721088435374,expanded_target_project,not_in_dbms_metadata,unavailable,0.8496553312130326
101107622,1,31,0.003401360544217687,expanded_target_project,not_in_dbms_metadata,unavailable,0.8498783945198383
112504288,1,31,0.003401360544217687,expanded_target_project,not_in_dbms_metadata,unavailable,0.8501014578266438
212465715,1,31,0.003401360544217687,expanded_target_project,not_in_dbms_metadata,unavailable,0.8503245211334495
273741035,1,31,0.003401360544217687,expanded_target_project,not_in_dbms_metadata,unavailable,0.850547584440255
343068432,1,31,0.003401360544217687,expanded_target_project,not_in_dbms_metadata,unavailable,0.8507706477470606
4879511,1,31,0.003401360544217687,expanded_target_project,not_in_dbms_metadata,unavailable,0.8509937110538662
75649634,1,31,0.003401360544217687,expanded_target_project,not_in_dbms_metadata,unavailable,0.8512167743606718
512901698,6,30,0.02040816326530612,expanded_target_project,not_in_dbms_metadata,unavailable,0.8514326420769353
113678772,4,30,0.013605442176870748,expanded_target_project,not_in_dbms_metadata,unavailable,0.8516485097931987
49662222,4,30,0.013605442176870748,expanded_target_project,not_in_dbms_metadata,unavailable,0.8518643775094622
22938893,3,30,0.01020408163265306,expanded_target_project,not_in_dbms_metadata,unavailable,0.8520802452257257
54980593,3,30,0.01020408163265306,expanded_target_project,not_in_dbms_metadata,unavailable,0.8522961129419891
203461509,2,30,0.006802721088435374,expanded_target_project,not_in_dbms_metadata,unavailable,0.8525119806582526
139499718,1,30,0.003401360544217687,expanded_target_project,not_in_dbms_metadata,unavailable,0.8527278483745161
30381877,1,30,0.003401360544217687,expanded_target_project,not_in_dbms_metadata,unavailable,0.8529437160907796
321908167,1,30,0.003401360544217687,expanded_target_project,not_in_dbms_metadata,unavailable,0.853159583807043
452825945,1,30,0.003401360544217687,expanded_target_project,not_in_dbms_metadata,unavailable,0.8533754515233065
52556695,1,30,0.003401360544217687,expanded_target_project,not_in_dbms_metadata,unavailable,0.85359131923957
538480445,1,30,0.003401360544217687,expanded_target_project,not_in_dbms_metadata,unavailable,0.8538071869558335
664452562,12,29,0.04081632653061224,expanded_target_project,not_in_dbms_metadata,unavailable,0.8540158590815549
27729880,11,29,0.03741496598639456,expanded_target_project,not_in_dbms_metadata,unavailable,0.8542245312072761
3168225,3,29,0.01020408163265306,expanded_target_project,not_in_dbms_metadata,unavailable,0.8544332033329975
127420809,2,29,0.006802721088435374,expanded_target_project,not_in_dbms_metadata,unavailable,0.854641875458719
129717717,2,29,0.006802721088435374,expanded_target_project,not_in_dbms_metadata,unavailable,0.8548505475844402
39283837,2,29,0.006802721088435374,expanded_target_project,not_in_dbms_metadata,unavailable,0.8550592197101616
44781140,2,29,0.006802721088435374,seed_project,Relational,seed_manifest,0.8552678918358829
11206255,1,29,0.003401360544217687,expanded_target_project,not_in_dbms_metadata,unavailable,0.8554765639616043
113678674,1,29,0.003401360544217687,expanded_target_project,not_in_dbms_metadata,unavailable,0.8556852360873257
114705574,1,29,0.003401360544217687,expanded_target_project,not_in_dbms_metadata,unavailable,0.855893908213047
2430537,1,29,0.003401360544217687,expanded_target_project,not_in_dbms_metadata,unavailable,0.8561025803387684
509836733,1,29,0.003401360544217687,expanded_target_project,not_in_dbms_metadata,unavailable,0.8563112524644898
81598961,15,28,0.05102040816326531,expanded_target_project,not_in_dbms_metadata,unavailable,0.856512728999669
113678275,8,28,0.027210884353741496,expanded_target_project,not_in_dbms_metadata,unavailable,0.8567142055348482
715605,4,28,0.013605442176870748,expanded_target_project,not_in_dbms_metadata,unavailable,0.8569156820700274
11225909,3,28,0.01020408163265306,expanded_target_project,not_in_dbms_metadata,unavailable,0.8571171586052068
95902102,3,28,0.01020408163265306,expanded_target_project,not_in_dbms_metadata,unavailable,0.857318635140386
19308738,2,28,0.006802721088435374,expanded_target_project,not_in_dbms_metadata,unavailable,0.8575201116755652
35699223,2,28,0.006802721088435374,expanded_target_project,not_in_dbms_metadata,unavailable,0.8577215882107444
124409889,1,28,0.003401360544217687,expanded_target_project,not_in_dbms_metadata,unavailable,0.8579230647459237
15661465,1,28,0.003401360544217687,expanded_target_project,not_in_dbms_metadata,unavailable,0.8581245412811029
350416584,1,28,0.003401360544217687,expanded_target_project,not_in_dbms_metadata,unavailable,0.8583260178162821
442441672,1,28,0.003401360544217687,expanded_target_project,not_in_dbms_metadata,unavailable,0.8585274943514615
93561151,1,28,0.003401360544217687,expanded_target_project,not_in_dbms_metadata,unavailable,0.8587289708866407
45721011,5,27,0.017006802721088437,expanded_target_project,not_in_dbms_metadata,unavailable,0.8589232518312778
552661142,5,27,0.017006802721088437,expanded_target_project,not_in_dbms_metadata,unavailable,0.859117532775915
22266795,4,27,0.013605442176870748,expanded_target_project,not_in_dbms_metadata,unavailable,0.8593118137205521
30667298,3,27,0.01020408163265306,expanded_target_project,not_in_dbms_metadata,unavailable,0.8595060946651891
42685794,2,27,0.006802721088435374,expanded_target_project,not_in_dbms_metadata,unavailable,0.8597003756098263
102792138,1,27,0.003401360544217687,expanded_target_project,not_in_dbms_metadata,unavailable,0.8598946565544634
151122650,1,27,0.003401360544217687,expanded_target_project,not_in_dbms_metadata,unavailable,0.8600889374991005
24000265,1,27,0.003401360544217687,expanded_target_project,not_in_dbms_metadata,unavailable,0.8602832184437377
25417964,1,27,0.003401360544217687,expanded_target_project,not_in_dbms_metadata,unavailable,0.8604774993883748
2931111,1,27,0.003401360544217687,expanded_target_project,not_in_dbms_metadata,unavailable,0.860671780333012
6973491,1,27,0.003401360544217687,expanded_target_project,not_in_dbms_metadata,unavailable,0.8608660612776491
931039,1,27,0.003401360544217687,expanded_target_project,not_in_dbms_metadata,unavailable,0.8610603422222862
252650176,7,26,0.023809523809523808,expanded_target_project,not_in_dbms_metadata,unavailable,0.8612474275763812
93290292,6,26,0.02040816326530612,expanded_target_project,not_in_dbms_metadata,unavailable,0.8614345129304762
18369373,5,26,0.017006802721088437,expanded_target_project,not_in_dbms_metadata,unavailable,0.8616215982845712
35697461,5,26,0.017006802721088437,expanded_target_project,not_in_dbms_metadata,unavailable,0.8618086836386663
14173176,4,26,0.013605442176870748,expanded_target_project,not_in_dbms_metadata,unavailable,0.8619957689927612
28710753,4,26,0.013605442176870748,expanded_target_project,not_in_dbms_metadata,unavailable,0.8621828543468563
25872841,2,26,0.006802721088435374,expanded_target_project,not_in_dbms_metadata,unavailable,0.8623699397009512
15062869,1,26,0.003401360544217687,expanded_target_project,not_in_dbms_metadata,unavailable,0.8625570250550463
236824540,1,26,0.003401360544217687,expanded_target_project,not_in_dbms_metadata,unavailable,0.8627441104091412
249098063,1,26,0.003401360544217687,expanded_target_project,not_in_dbms_metadata,unavailable,0.8629311957632363
257044091,1,26,0.003401360544217687,expanded_target_project,not_in_dbms_metadata,unavailable,0.8631182811173314
510463319,1,26,0.003401360544217687,expanded_target_project,not_in_dbms_metadata,unavailable,0.8633053664714263
66855798,1,26,0.003401360544217687,expanded_target_project,not_in_dbms_metadata,unavailable,0.8634924518255214
31933589,3,25,0.01020408163265306,expanded_target_project,not_in_dbms_metadata,unavailable,0.8636723415890742
204020546,2,25,0.006802721088435374,expanded_target_project,not_in_dbms_metadata,unavailable,0.8638522313526271
299220196,2,25,0.006802721088435374,expanded_target_project,not_in_dbms_metadata,unavailable,0.86403212111618
108883568,1,25,0.003401360544217687,expanded_target_project,not_in_dbms_metadata,unavailable,0.8642120108797329
191942768,1,25,0.003401360544217687,expanded_target_project,not_in_dbms_metadata,unavailable,0.8643919006432857
257933864,1,25,0.003401360544217687,expanded_target_project,not_in_dbms_metadata,unavailable,0.8645717904068387
36747447,1,25,0.003401360544217687,expanded_target_project,not_in_dbms_metadata,unavailable,0.8647516801703916
42406144,1,25,0.003401360544217687,expanded_target_project,not_in_dbms_metadata,unavailable,0.8649315699339445
54502204,1,25,0.003401360544217687,expanded_target_project,not_in_dbms_metadata,unavailable,0.8651114596974974
55401642,1,25,0.003401360544217687,expanded_target_project,not_in_dbms_metadata,unavailable,0.8652913494610502
99940552,1,25,0.003401360544217687,expanded_target_project,not_in_dbms_metadata,unavailable,0.8654712392246031
200437066,5,24,0.017006802721088437,expanded_target_project,not_in_dbms_metadata,unavailable,0.8656439333976139
20587599,5,24,0.017006802721088437,seed_project,Relational,seed_manifest,0.8658166275706247
13124802,4,24,0.013605442176870748,seed_project,Wide column#dbdbio>|<dbengines#Time Series,seed_manifest,0.8659893217436355
177210627,4,24,0.013605442176870748,expanded_target_project,not_in_dbms_metadata,unavailable,0.8661620159166463
19684359,4,24,0.013605442176870748,expanded_target_project,not_in_dbms_metadata,unavailable,0.866334710089657
22684655,4,24,0.013605442176870748,expanded_target_project,not_in_dbms_metadata,unavailable,0.8665074042626678
680247452,4,24,0.013605442176870748,expanded_target_project,not_in_dbms_metadata,unavailable,0.8666800984356786
186022916,3,24,0.01020408163265306,expanded_target_project,not_in_dbms_metadata,unavailable,0.8668527926086894
646423,2,24,0.006802721088435374,expanded_target_project,not_in_dbms_metadata,unavailable,0.8670254867817002
322322404,1,24,0.003401360544217687,expanded_target_project,not_in_dbms_metadata,unavailable,0.8671981809547109
337259586,1,24,0.003401360544217687,expanded_target_project,not_in_dbms_metadata,unavailable,0.8673708751277217
439348478,1,24,0.003401360544217687,expanded_target_project,not_in_dbms_metadata,unavailable,0.8675435693007325
46916188,1,24,0.003401360544217687,expanded_target_project,not_in_dbms_metadata,unavailable,0.8677162634737433
510182286,1,24,0.003401360544217687,expanded_target_project,not_in_dbms_metadata,unavailable,0.8678889576467541
64188788,1,24,0.003401360544217687,expanded_target_project,not_in_dbms_metadata,unavailable,0.8680616518197648
7691631,14,23,0.047619047619047616,expanded_target_project,not_in_dbms_metadata,unavailable,0.8682271504022335
3038937,6,23,0.02040816326530612,expanded_target_project,not_in_dbms_metadata,unavailable,0.8683926489847021
187943341,4,23,0.013605442176870748,expanded_target_project,not_in_dbms_metadata,unavailable,0.8685581475671709
177428838,3,23,0.01020408163265306,expanded_target_project,not_in_dbms_metadata,unavailable,0.8687236461496395
25881432,3,23,0.01020408163265306,expanded_target_project,not_in_dbms_metadata,unavailable,0.8688891447321082
164668916,2,23,0.006802721088435374,expanded_target_project,not_in_dbms_metadata,unavailable,0.8690546433145768
219891102,2,23,0.006802721088435374,expanded_target_project,not_in_dbms_metadata,unavailable,0.8692201418970454
324754415,2,23,0.006802721088435374,expanded_target_project,not_in_dbms_metadata,unavailable,0.8693856404795142
73561616,2,23,0.006802721088435374,expanded_target_project,not_in_dbms_metadata,unavailable,0.8695511390619828
81355383,2,23,0.006802721088435374,expanded_target_project,not_in_dbms_metadata,unavailable,0.8697166376444515
91860126,2,23,0.006802721088435374,expanded_target_project,not_in_dbms_metadata,unavailable,0.8698821362269201
1372698,1,23,0.003401360544217687,expanded_target_project,not_in_dbms_metadata,unavailable,0.8700476348093888
155379486,1,23,0.003401360544217687,expanded_target_project,not_in_dbms_metadata,unavailable,0.8702131333918575
223442049,1,23,0.003401360544217687,expanded_target_project,not_in_dbms_metadata,unavailable,0.8703786319743261
259626767,1,23,0.003401360544217687,expanded_target_project,not_in_dbms_metadata,unavailable,0.8705441305567948
438013940,1,23,0.003401360544217687,expanded_target_project,not_in_dbms_metadata,unavailable,0.8707096291392634
506746332,1,23,0.003401360544217687,expanded_target_project,not_in_dbms_metadata,unavailable,0.8708751277217321
544719261,1,23,0.003401360544217687,expanded_target_project,not_in_dbms_metadata,unavailable,0.8710406263042008
586785918,1,23,0.003401360544217687,expanded_target_project,not_in_dbms_metadata,unavailable,0.8712061248866695
607218649,1,23,0.003401360544217687,expanded_target_project,not_in_dbms_metadata,unavailable,0.8713716234691381
65794292,1,23,0.003401360544217687,expanded_target_project,not_in_dbms_metadata,unavailable,0.8715371220516068
707243382,1,23,0.003401360544217687,expanded_target_project,not_in_dbms_metadata,unavailable,0.8717026206340754
82301030,1,23,0.003401360544217687,expanded_target_project,not_in_dbms_metadata,unavailable,0.8718681192165441
113678093,3,22,0.01020408163265306,expanded_target_project,not_in_dbms_metadata,unavailable,0.8720264222084706
16907502,3,22,0.01020408163265306,expanded_target_project,not_in_dbms_metadata,unavailable,0.8721847252003972
2560988,3,22,0.01020408163265306,expanded_target_project,not_in_dbms_metadata,unavailable,0.8723430281923238
304537599,2,22,0.006802721088435374,expanded_target_project,not_in_dbms_metadata,unavailable,0.8725013311842503
46394186,2,22,0.006802721088435374,expanded_target_project,not_in_dbms_metadata,unavailable,0.8726596341761769
50565430,2,22,0.006802721088435374,expanded_target_project,not_in_dbms_metadata,unavailable,0.8728179371681034
63625434,2,22,0.006802721088435374,expanded_target_project,not_in_dbms_metadata,unavailable,0.87297624016003
7004897,2,22,0.006802721088435374,expanded_target_project,not_in_dbms_metadata,unavailable,0.8731345431519565
85069480,2,22,0.006802721088435374,expanded_target_project,not_in_dbms_metadata,unavailable,0.873292846143883
173709830,1,22,0.003401360544217687,expanded_target_project,not_in_dbms_metadata,unavailable,0.8734511491358096
180155433,1,22,0.003401360544217687,expanded_target_project,not_in_dbms_metadata,unavailable,0.8736094521277361
274753366,1,22,0.003401360544217687,expanded_target_project,not_in_dbms_metadata,unavailable,0.8737677551196626
286732086,1,22,0.003401360544217687,expanded_target_project,not_in_dbms_metadata,unavailable,0.8739260581115892
399925381,1,22,0.003401360544217687,expanded_target_project,not_in_dbms_metadata,unavailable,0.8740843611035157
457946259,1,22,0.003401360544217687,expanded_target_project,not_in_dbms_metadata,unavailable,0.8742426640954423
4681328,1,22,0.003401360544217687,expanded_target_project,not_in_dbms_metadata,unavailable,0.8744009670873688
553234221,1,22,0.003401360544217687,expanded_target_project,not_in_dbms_metadata,unavailable,0.8745592700792955
573587193,1,22,0.003401360544217687,expanded_target_project,not_in_dbms_metadata,unavailable,0.874717573071222
66767732,1,22,0.003401360544217687,expanded_target_project,not_in_dbms_metadata,unavailable,0.8748758760631485
16563587,11,21,0.03741496598639456,seed_project,Relational,seed_manifest,0.8750269834645329
31792824,10,21,0.034013605442176874,expanded_target_project,not_in_dbms_metadata,unavailable,0.8751780908659174
96237042,5,21,0.017006802721088437,expanded_target_project,not_in_dbms_metadata,unavailable,0.8753291982673018
334274271,4,21,0.013605442176870748,seed_project,Search Engine,seed_manifest,0.8754803056686862
10262364,3,21,0.01020408163265306,expanded_target_project,not_in_dbms_metadata,unavailable,0.8756314130700706
105711679,2,21,0.006802721088435374,expanded_target_project,not_in_dbms_metadata,unavailable,0.8757825204714551
113678351,2,21,0.006802721088435374,expanded_target_project,not_in_dbms_metadata,unavailable,0.8759336278728396
63044524,2,21,0.006802721088435374,expanded_target_project,not_in_dbms_metadata,unavailable,0.8760847352742239
631805185,2,21,0.006802721088435374,expanded_target_project,not_in_dbms_metadata,unavailable,0.8762358426756084
128778692,1,21,0.003401360544217687,expanded_target_project,not_in_dbms_metadata,unavailable,0.8763869500769929
172456427,1,21,0.003401360544217687,expanded_target_project,not_in_dbms_metadata,unavailable,0.8765380574783772
214487724,1,21,0.003401360544217687,expanded_target_project,not_in_dbms_metadata,unavailable,0.8766891648797617
274705319,1,21,0.003401360544217687,expanded_target_project,not_in_dbms_metadata,unavailable,0.8768402722811461
31323121,1,21,0.003401360544217687,expanded_target_project,not_in_dbms_metadata,unavailable,0.8769913796825305
340449391,1,21,0.003401360544217687,expanded_target_project,not_in_dbms_metadata,unavailable,0.877142487083915
434919155,1,21,0.003401360544217687,expanded_target_project,not_in_dbms_metadata,unavailable,0.8772935944852994
467834013,1,21,0.003401360544217687,expanded_target_project,not_in_dbms_metadata,unavailable,0.8774447018866839
478886268,1,21,0.003401360544217687,expanded_target_project,not_in_dbms_metadata,unavailable,0.8775958092880682
483142984,1,21,0.003401360544217687,expanded_target_project,not_in_dbms_metadata,unavailable,0.8777469166894527
536457941,1,21,0.003401360544217687,expanded_target_project,not_in_dbms_metadata,unavailable,0.8778980240908372
556677627,1,21,0.003401360544217687,expanded_target_project,not_in_dbms_metadata,unavailable,0.8780491314922215
77956507,1,21,0.003401360544217687,expanded_target_project,not_in_dbms_metadata,unavailable,0.878200238893606
7961991,1,21,0.003401360544217687,expanded_target_project,not_in_dbms_metadata,unavailable,0.8783513462949905
23086893,7,20,0.023809523809523808,expanded_target_project,not_in_dbms_metadata,unavailable,0.8784952581058327
186765948,5,20,0.017006802721088437,expanded_target_project,not_in_dbms_metadata,unavailable,0.878639169916675
20275545,5,20,0.017006802721088437,expanded_target_project,not_in_dbms_metadata,unavailable,0.8787830817275174
501776658,4,20,0.013605442176870748,expanded_target_project,not_in_dbms_metadata,unavailable,0.8789269935383597
221862,3,20,0.01020408163265306,expanded_target_project,not_in_dbms_metadata,unavailable,0.879070905349202
126238614,2,20,0.006802721088435374,expanded_target_project,not_in_dbms_metadata,unavailable,0.8792148171600443
155652490,2,20,0.006802721088435374,expanded_target_project,not_in_dbms_metadata,unavailable,0.8793587289708866
199684110,2,20,0.006802721088435374,expanded_target_project,not_in_dbms_metadata,unavailable,0.8795026407817289
296977951,2,20,0.006802721088435374,expanded_target_project,not_in_dbms_metadata,unavailable,0.8796465525925713
440338104,2,20,0.006802721088435374,expanded_target_project,not_in_dbms_metadata,unavailable,0.8797904644034136
86870924,2,20,0.006802721088435374,expanded_target_project,not_in_dbms_metadata,unavailable,0.8799343762142559
90796663,2,20,0.006802721088435374,expanded_target_project,not_in_dbms_metadata,unavailable,0.8800782880250982
157827731,1,20,0.003401360544217687,expanded_target_project,not_in_dbms_metadata,unavailable,0.8802221998359405
159548561,1,20,0.003401360544217687,expanded_target_project,not_in_dbms_metadata,unavailable,0.8803661116467828
212857695,1,20,0.003401360544217687,expanded_target_project,not_in_dbms_metadata,unavailable,0.8805100234576252
24963784,1,20,0.003401360544217687,expanded_target_project,not_in_dbms_metadata,unavailable,0.8806539352684675
268179753,1,20,0.003401360544217687,expanded_target_project,not_in_dbms_metadata,unavailable,0.8807978470793097
345619662,1,20,0.003401360544217687,expanded_target_project,not_in_dbms_metadata,unavailable,0.8809417588901521
357936578,1,20,0.003401360544217687,expanded_target_project,not_in_dbms_metadata,unavailable,0.8810856707009944
381967785,1,20,0.003401360544217687,expanded_target_project,not_in_dbms_metadata,unavailable,0.8812295825118367
388880322,1,20,0.003401360544217687,expanded_target_project,not_in_dbms_metadata,unavailable,0.8813734943226791
45903621,1,20,0.003401360544217687,expanded_target_project,not_in_dbms_metadata,unavailable,0.8815174061335214
679662,1,20,0.003401360544217687,expanded_target_project,not_in_dbms_metadata,unavailable,0.8816613179443636
80084817,1,20,0.003401360544217687,expanded_target_project,not_in_dbms_metadata,unavailable,0.881805229755206
915844,1,20,0.003401360544217687,expanded_target_project,not_in_dbms_metadata,unavailable,0.8819491415660483
44662669,7,19,0.023809523809523808,expanded_target_project,not_in_dbms_metadata,unavailable,0.8820858577863485
156018,5,19,0.017006802721088437,seed_project,Key-value,seed_manifest,0.8822225740066487
1756350,5,19,0.017006802721088437,expanded_target_project,not_in_dbms_metadata,unavailable,0.8823592902269489
302322,4,19,0.013605442176870748,expanded_target_project,not_in_dbms_metadata,unavailable,0.8824960064472491
14125254,3,19,0.01020408163265306,expanded_target_project,not_in_dbms_metadata,unavailable,0.8826327226675493
165536154,3,19,0.01020408163265306,expanded_target_project,not_in_dbms_metadata,unavailable,0.8827694388878495
50229487,3,19,0.01020408163265306,seed_project,Document#dbdbio>|<dbengines#Search Engine,seed_manifest,0.8829061551081497
216797458,2,19,0.006802721088435374,expanded_target_project,not_in_dbms_metadata,unavailable,0.8830428713284499
240846407,2,19,0.006802721088435374,expanded_target_project,not_in_dbms_metadata,unavailable,0.8831795875487501
26039547,2,19,0.006802721088435374,expanded_target_project,not_in_dbms_metadata,unavailable,0.8833163037690503
269073533,2,19,0.006802721088435374,expanded_target_project,not_in_dbms_metadata,unavailable,0.8834530199893506
54503347,2,19,0.006802721088435374,expanded_target_project,not_in_dbms_metadata,unavailable,0.8835897362096508
97316835,2,19,0.006802721088435374,expanded_target_project,not_in_dbms_metadata,unavailable,0.883726452429951
144999365,1,19,0.003401360544217687,expanded_target_project,not_in_dbms_metadata,unavailable,0.8838631686502512
170411418,1,19,0.003401360544217687,expanded_target_project,not_in_dbms_metadata,unavailable,0.8839998848705514
236953554,1,19,0.003401360544217687,expanded_target_project,not_in_dbms_metadata,unavailable,0.8841366010908516
249512698,1,19,0.003401360544217687,expanded_target_project,not_in_dbms_metadata,unavailable,0.8842733173111518
274135349,1,19,0.003401360544217687,expanded_target_project,not_in_dbms_metadata,unavailable,0.884410033531452
293399774,1,19,0.003401360544217687,expanded_target_project,not_in_dbms_metadata,unavailable,0.8845467497517522
371068214,1,19,0.003401360544217687,expanded_target_project,not_in_dbms_metadata,unavailable,0.8846834659720523
393159516,1,19,0.003401360544217687,expanded_target_project,not_in_dbms_metadata,unavailable,0.8848201821923525
414411552,1,19,0.003401360544217687,expanded_target_project,not_in_dbms_metadata,unavailable,0.8849568984126527
47711273,1,19,0.003401360544217687,expanded_target_project,not_in_dbms_metadata,unavailable,0.8850936146329529
536871914,1,19,0.003401360544217687,expanded_target_project,not_in_dbms_metadata,unavailable,0.8852303308532531
7363211,1,19,0.003401360544217687,expanded_target_project,not_in_dbms_metadata,unavailable,0.8853670470735533
26850443,6,18,0.02040816326530612,expanded_target_project,not_in_dbms_metadata,unavailable,0.8854965677033114
596892,5,18,0.017006802721088437,expanded_target_project,not_in_dbms_metadata,unavailable,0.8856260883330695
108110,4,18,0.013605442176870748,seed_project,Document,seed_manifest,0.8857556089628276
114735865,3,18,0.01020408163265306,expanded_target_project,not_in_dbms_metadata,unavailable,0.8858851295925857
36502,3,18,0.01020408163265306,expanded_target_project,not_in_dbms_metadata,unavailable,0.8860146502223437
17192780,2,18,0.006802721088435374,expanded_target_project,not_in_dbms_metadata,unavailable,0.8861441708521018
20904437,2,18,0.006802721088435374,expanded_target_project,not_in_dbms_metadata,unavailable,0.88627369148186
26255337,2,18,0.006802721088435374,expanded_target_project,not_in_dbms_metadata,unavailable,0.886403212111618
61524054,2,18,0.006802721088435374,expanded_target_project,not_in_dbms_metadata,unavailable,0.8865327327413761
66311167,2,18,0.006802721088435374,expanded_target_project,not_in_dbms_metadata,unavailable,0.8866622533711341
75744278,2,18,0.006802721088435374,expanded_target_project,not_in_dbms_metadata,unavailable,0.8867917740008923
108187130,1,18,0.003401360544217687,expanded_target_project,not_in_dbms_metadata,unavailable,0.8869212946306504
142017296,1,18,0.003401360544217687,expanded_target_project,not_in_dbms_metadata,unavailable,0.8870508152604084
145900295,1,18,0.003401360544217687,expanded_target_project,not_in_dbms_metadata,unavailable,0.8871803358901665
222735791,1,18,0.003401360544217687,expanded_target_project,not_in_dbms_metadata,unavailable,0.8873098565199246
30765938,1,18,0.003401360544217687,expanded_target_project,not_in_dbms_metadata,unavailable,0.8874393771496827
33146014,1,18,0.003401360544217687,expanded_target_project,not_in_dbms_metadata,unavailable,0.8875688977794408
334274317,1,18,0.003401360544217687,expanded_target_project,not_in_dbms_metadata,unavailable,0.8876984184091988
362220956,1,18,0.003401360544217687,expanded_target_project,not_in_dbms_metadata,unavailable,0.887827939038957
42610470,1,18,0.003401360544217687,expanded_target_project,not_in_dbms_metadata,unavailable,0.887957459668715
467348529,1,18,0.003401360544217687,expanded_target_project,not_in_dbms_metadata,unavailable,0.8880869802984731
472775521,1,18,0.003401360544217687,expanded_target_project,not_in_dbms_metadata,unavailable,0.8882165009282312
483185939,1,18,0.003401360544217687,expanded_target_project,not_in_dbms_metadata,unavailable,0.8883460215579893
570036022,1,18,0.003401360544217687,expanded_target_project,not_in_dbms_metadata,unavailable,0.8884755421877474
585106802,1,18,0.003401360544217687,expanded_target_project,not_in_dbms_metadata,unavailable,0.8886050628175054
62044191,1,18,0.003401360544217687,expanded_target_project,not_in_dbms_metadata,unavailable,0.8887345834472635
645378455,1,18,0.003401360544217687,expanded_target_project,not_in_dbms_metadata,unavailable,0.8888641040770217
80311370,1,18,0.003401360544217687,expanded_target_project,not_in_dbms_metadata,unavailable,0.8889936247067797
10320116,7,17,0.023809523809523808,expanded_target_project,not_in_dbms_metadata,unavailable,0.8891159497459956
63809205,7,17,0.023809523809523808,expanded_target_project,not_in_dbms_metadata,unavailable,0.8892382747852117
13655949,5,17,0.017006802721088437,expanded_target_project,not_in_dbms_metadata,unavailable,0.8893605998244276
165289175,5,17,0.017006802721088437,expanded_target_project,not_in_dbms_metadata,unavailable,0.8894829248636436
2755696,5,17,0.017006802721088437,expanded_target_project,not_in_dbms_metadata,unavailable,0.8896052499028595
96431386,5,17,0.017006802721088437,expanded_target_project,not_in_dbms_metadata,unavailable,0.8897275749420755
172750723,4,17,0.013605442176870748,expanded_target_project,not_in_dbms_metadata,unavailable,0.8898498999812915
58821882,4,17,0.013605442176870748,expanded_target_project,not_in_dbms_metadata,unavailable,0.8899722250205074
78870047,4,17,0.013605442176870748,expanded_target_project,not_in_dbms_metadata,unavailable,0.8900945500597234
109162639,3,17,0.01020408163265306,expanded_target_project,not_in_dbms_metadata,unavailable,0.8902168750989393
160615620,3,17,0.01020408163265306,expanded_target_project,not_in_dbms_metadata,unavailable,0.8903392001381554
11403699,2,17,0.006802721088435374,expanded_target_project,not_in_dbms_metadata,unavailable,0.8904615251773713
13624859,2,17,0.006802721088435374,expanded_target_project,not_in_dbms_metadata,unavailable,0.8905838502165873
263463271,2,17,0.006802721088435374,expanded_target_project,not_in_dbms_metadata,unavailable,0.8907061752558032
338640454,2,17,0.006802721088435374,expanded_target_project,not_in_dbms_metadata,unavailable,0.8908285002950193
33880218,2,17,0.006802721088435374,expanded_target_project,not_in_dbms_metadata,unavailable,0.8909508253342352
33880730,2,17,0.006802721088435374,expanded_target_project,not_in_dbms_metadata,unavailable,0.8910731503734511
34414315,2,17,0.006802721088435374,expanded_target_project,not_in_dbms_metadata,unavailable,0.8911954754126671
3786237,2,17,0.006802721088435374,seed_project,Key-value,seed_manifest,0.8913178004518831
58132544,2,17,0.006802721088435374,expanded_target_project,not_in_dbms_metadata,unavailable,0.8914401254910991
116259506,1,17,0.003401360544217687,expanded_target_project,not_in_dbms_metadata,unavailable,0.891562450530315
158403775,1,17,0.003401360544217687,expanded_target_project,not_in_dbms_metadata,unavailable,0.891684775569531
162484658,1,17,0.003401360544217687,expanded_target_project,not_in_dbms_metadata,unavailable,0.8918071006087469
16287235,1,17,0.003401360544217687,expanded_target_project,not_in_dbms_metadata,unavailable,0.891929425647963
193784379,1,17,0.003401360544217687,expanded_target_project,not_in_dbms_metadata,unavailable,0.8920517506871789
21125024,1,17,0.003401360544217687,expanded_target_project,not_in_dbms_metadata,unavailable,0.8921740757263948
240315046,1,17,0.003401360544217687,expanded_target_project,not_in_dbms_metadata,unavailable,0.8922964007656108
242923372,1,17,0.003401360544217687,expanded_target_project,not_in_dbms_metadata,unavailable,0.8924187258048268
304465394,1,17,0.003401360544217687,expanded_target_project,not_in_dbms_metadata,unavailable,0.8925410508440428
34406933,1,17,0.003401360544217687,expanded_target_project,Key-value,dbms_metadata,0.8926633758832587
352804165,1,17,0.003401360544217687,expanded_target_project,not_in_dbms_metadata,unavailable,0.8927857009224747
359780596,1,17,0.003401360544217687,expanded_target_project,not_in_dbms_metadata,unavailable,0.8929080259616907
432887132,1,17,0.003401360544217687,expanded_target_project,not_in_dbms_metadata,unavailable,0.8930303510009067
569638288,1,17,0.003401360544217687,expanded_target_project,not_in_dbms_metadata,unavailable,0.8931526760401226
588763142,1,17,0.003401360544217687,expanded_target_project,not_in_dbms_metadata,unavailable,0.8932750010793385
9993757,1,17,0.003401360544217687,expanded_target_project,not_in_dbms_metadata,unavailable,0.8933973261185546
17359057,5,16,0.017006802721088437,expanded_target_project,not_in_dbms_metadata,unavailable,0.8935124555672284
17420913,5,16,0.017006802721088437,expanded_target_project,not_in_dbms_metadata,unavailable,0.8936275850159022
5174103,5,16,0.017006802721088437,expanded_target_project,not_in_dbms_metadata,unavailable,0.8937427144645761
100758341,4,16,0.013605442176870748,expanded_target_project,not_in_dbms_metadata,unavailable,0.89385784391325
16554739,3,16,0.01020408163265306,expanded_target_project,not_in_dbms_metadata,unavailable,0.8939729733619238
72889410,3,16,0.01020408163265306,expanded_target_project,not_in_dbms_metadata,unavailable,0.8940881028105977
191817804,2,16,0.006802721088435374,expanded_target_project,not_in_dbms_metadata,unavailable,0.8942032322592716
341374920,2,16,0.006802721088435374,expanded_target_project,not_in_dbms_metadata,unavailable,0.8943183617079453
343853530,2,16,0.006802721088435374,expanded_target_project,not_in_dbms_metadata,unavailable,0.8944334911566192
63995402,2,16,0.006802721088435374,expanded_target_project,not_in_dbms_metadata,unavailable,0.894548620605293
10637893,1,16,0.003401360544217687,expanded_target_project,not_in_dbms_metadata,unavailable,0.8946637500539669
167317243,1,16,0.003401360544217687,expanded_target_project,not_in_dbms_metadata,unavailable,0.8947788795026408
17884290,1,16,0.003401360544217687,expanded_target_project,not_in_dbms_metadata,unavailable,0.8948940089513147
184149296,1,16,0.003401360544217687,expanded_target_project,not_in_dbms_metadata,unavailable,0.8950091383999885
214266955,1,16,0.003401360544217687,expanded_target_project,not_in_dbms_metadata,unavailable,0.8951242678486624
24499046,1,16,0.003401360544217687,expanded_target_project,not_in_dbms_metadata,unavailable,0.8952393972973361
279553,1,16,0.003401360544217687,expanded_target_project,not_in_dbms_metadata,unavailable,0.89535452674601
3604157,1,16,0.003401360544217687,expanded_target_project,not_in_dbms_metadata,unavailable,0.8954696561946839
42652543,1,16,0.003401360544217687,expanded_target_project,not_in_dbms_metadata,unavailable,0.8955847856433578
451990498,1,16,0.003401360544217687,expanded_target_project,not_in_dbms_metadata,unavailable,0.8956999150920316
470755469,1,16,0.003401360544217687,expanded_target_project,not_in_dbms_metadata,unavailable,0.8958150445407055
530730261,1,16,0.003401360544217687,expanded_target_project,not_in_dbms_metadata,unavailable,0.8959301739893794
531406663,1,16,0.003401360544217687,expanded_target_project,not_in_dbms_metadata,unavailable,0.8960453034380531
542413372,1,16,0.003401360544217687,expanded_target_project,not_in_dbms_metadata,unavailable,0.896160432886727
678995193,1,16,0.003401360544217687,expanded_target_project,not_in_dbms_metadata,unavailable,0.8962755623354008
114187903,11,15,0.03741496598639456,seed_project,Key-value#dbdbio>|<dbengines#Document,seed_manifest,0.8963834961935326
27051771,6,15,0.02040816326530612,expanded_target_project,not_in_dbms_metadata,unavailable,0.8964914300516643
204033634,5,15,0.017006802721088437,expanded_target_project,not_in_dbms_metadata,unavailable,0.8965993639097961
307213173,4,15,0.013605442176870748,expanded_target_project,not_in_dbms_metadata,unavailable,0.8967072977679278
119439276,3,15,0.01020408163265306,expanded_target_project,not_in_dbms_metadata,unavailable,0.8968152316260596
32193707,3,15,0.01020408163265306,expanded_target_project,not_in_dbms_metadata,unavailable,0.8969231654841913
449091292,3,15,0.01020408163265306,expanded_target_project,not_in_dbms_metadata,unavailable,0.8970310993423231
88962042,3,15,0.01020408163265306,expanded_target_project,not_in_dbms_metadata,unavailable,0.8971390332004547
167949879,2,15,0.006802721088435374,expanded_target_project,not_in_dbms_metadata,unavailable,0.8972469670585865
178956163,2,15,0.006802721088435374,expanded_target_project,not_in_dbms_metadata,unavailable,0.8973549009167182
226417174,2,15,0.006802721088435374,expanded_target_project,not_in_dbms_metadata,unavailable,0.89746283477485
374927,2,15,0.006802721088435374,expanded_target_project,not_in_dbms_metadata,unavailable,0.8975707686329817
515951203,2,15,0.006802721088435374,expanded_target_project,not_in_dbms_metadata,unavailable,0.8976787024911135
101769985,1,15,0.003401360544217687,expanded_target_project,not_in_dbms_metadata,unavailable,0.8977866363492452
123690489,1,15,0.003401360544217687,expanded_target_project,not_in_dbms_metadata,unavailable,0.897894570207377
19794451,1,15,0.003401360544217687,expanded_target_project,not_in_dbms_metadata,unavailable,0.8980025040655086
250110282,1,15,0.003401360544217687,expanded_target_project,not_in_dbms_metadata,unavailable,0.8981104379236404
250652185,1,15,0.003401360544217687,expanded_target_project,not_in_dbms_metadata,unavailable,0.8982183717817721
27994296,1,15,0.003401360544217687,expanded_target_project,not_in_dbms_metadata,unavailable,0.8983263056399039
285867319,1,15,0.003401360544217687,expanded_target_project,not_in_dbms_metadata,unavailable,0.8984342394980356
291038744,1,15,0.003401360544217687,expanded_target_project,not_in_dbms_metadata,unavailable,0.8985421733561674
34391331,1,15,0.003401360544217687,expanded_target_project,not_in_dbms_metadata,unavailable,0.898650107214299
355197173,1,15,0.003401360544217687,expanded_target_project,not_in_dbms_metadata,unavailable,0.8987580410724308
360734598,1,15,0.003401360544217687,expanded_target_project,not_in_dbms_metadata,unavailable,0.8988659749305625
3689718,1,15,0.003401360544217687,expanded_target_project,not_in_dbms_metadata,unavailable,0.8989739087886943
480217156,1,15,0.003401360544217687,seed_project,Time Series,seed_manifest,0.899081842646826
496125850,1,15,0.003401360544217687,expanded_target_project,not_in_dbms_metadata,unavailable,0.8991897765049578
62635533,1,15,0.003401360544217687,expanded_target_project,not_in_dbms_metadata,unavailable,0.8992977103630895
671043970,1,15,0.003401360544217687,expanded_target_project,not_in_dbms_metadata,unavailable,0.8994056442212213
717364780,1,15,0.003401360544217687,expanded_target_project,not_in_dbms_metadata,unavailable,0.899513578079353
78835813,1,15,0.003401360544217687,expanded_target_project,not_in_dbms_metadata,unavailable,0.8996215119374847
8024331,1,15,0.003401360544217687,expanded_target_project,not_in_dbms_metadata,unavailable,0.8997294457956164
102343794,4,14,0.013605442176870748,expanded_target_project,not_in_dbms_metadata,unavailable,0.899830184063206
22525984,4,14,0.013605442176870748,expanded_target_project,not_in_dbms_metadata,unavailable,0.8999309223307956
30405191,3,14,0.01020408163265306,expanded_target_project,not_in_dbms_metadata,unavailable,0.9000316605983854
363245888,3,14,0.01020408163265306,expanded_target_project,not_in_dbms_metadata,unavailable,0.900132398865975
9283927,3,14,0.01020408163265306,expanded_target_project,not_in_dbms_metadata,unavailable,0.9002331371335646
114619105,2,14,0.006802721088435374,seed_project,Relational,seed_manifest,0.9003338754011542
136494223,2,14,0.006802721088435374,expanded_target_project,not_in_dbms_metadata,unavailable,0.9004346136687438
173055585,2,14,0.006802721088435374,expanded_target_project,not_in_dbms_metadata,unavailable,0.9005353519363334
385634291,2,14,0.006802721088435374,seed_project,Relational,seed_manifest,0.900636090203923
635073227,2,14,0.006802721088435374,expanded_target_project,not_in_dbms_metadata,unavailable,0.9007368284715127
11002815,1,14,0.003401360544217687,expanded_target_project,not_in_dbms_metadata,unavailable,0.9008375667391023
122193808,1,14,0.003401360544217687,expanded_target_project,not_in_dbms_metadata,unavailable,0.9009383050066919
1334607,1,14,0.003401360544217687,expanded_target_project,not_in_dbms_metadata,unavailable,0.9010390432742815
153694833,1,14,0.003401360544217687,expanded_target_project,not_in_dbms_metadata,unavailable,0.9011397815418711
189621607,1,14,0.003401360544217687,expanded_target_project,not_in_dbms_metadata,unavailable,0.9012405198094607
206372614,1,14,0.003401360544217687,expanded_target_project,not_in_dbms_metadata,unavailable,0.9013412580770503
216283035,1,14,0.003401360544217687,expanded_target_project,not_in_dbms_metadata,unavailable,0.90144199634464
235075339,1,14,0.003401360544217687,expanded_target_project,not_in_dbms_metadata,unavailable,0.9015427346122297
23727431,1,14,0.003401360544217687,expanded_target_project,not_in_dbms_metadata,unavailable,0.9016434728798193
254865575,1,14,0.003401360544217687,expanded_target_project,not_in_dbms_metadata,unavailable,0.9017442111474089
255043026,1,14,0.003401360544217687,expanded_target_project,not_in_dbms_metadata,unavailable,0.9018449494149985
27522251,1,14,0.003401360544217687,expanded_target_project,not_in_dbms_metadata,unavailable,0.9019456876825881
29287955,1,14,0.003401360544217687,expanded_target_project,not_in_dbms_metadata,unavailable,0.9020464259501777
352436122,1,14,0.003401360544217687,expanded_target_project,not_in_dbms_metadata,unavailable,0.9021471642177673
397776424,1,14,0.003401360544217687,expanded_target_project,not_in_dbms_metadata,unavailable,0.902247902485357
408582115,1,14,0.003401360544217687,expanded_target_project,not_in_dbms_metadata,unavailable,0.9023486407529466
4228808,1,14,0.003401360544217687,expanded_target_project,not_in_dbms_metadata,unavailable,0.9024493790205362
42680391,1,14,0.003401360544217687,expanded_target_project,not_in_dbms_metadata,unavailable,0.9025501172881258
453154263,1,14,0.003401360544217687,expanded_target_project,not_in_dbms_metadata,unavailable,0.9026508555557154
483500211,1,14,0.003401360544217687,expanded_target_project,not_in_dbms_metadata,unavailable,0.902751593823305
51905729,1,14,0.003401360544217687,expanded_target_project,not_in_dbms_metadata,unavailable,0.9028523320908947
63925755,1,14,0.003401360544217687,expanded_target_project,not_in_dbms_metadata,unavailable,0.9029530703584843
7508411,1,14,0.003401360544217687,expanded_target_project,not_in_dbms_metadata,unavailable,0.903053808626074
80430781,1,14,0.003401360544217687,expanded_target_project,not_in_dbms_metadata,unavailable,0.9031545468936636
8485842,1,14,0.003401360544217687,expanded_target_project,not_in_dbms_metadata,unavailable,0.9032552851612532
96965870,1,14,0.003401360544217687,expanded_target_project,not_in_dbms_metadata,unavailable,0.9033560234288428
9864166,1,14,0.003401360544217687,expanded_target_project,not_in_dbms_metadata,unavailable,0.9034567616964324
23641816,6,13,0.02040816326530612,expanded_target_project,not_in_dbms_metadata,unavailable,0.9035503043734799
205262760,5,13,0.017006802721088437,expanded_target_project,not_in_dbms_metadata,unavailable,0.9036438470505275
192925833,4,13,0.013605442176870748,expanded_target_project,not_in_dbms_metadata,unavailable,0.9037373897275749
3407114,3,13,0.01020408163265306,expanded_target_project,not_in_dbms_metadata,unavailable,0.9038309324046224
38279790,3,13,0.01020408163265306,expanded_target_project,not_in_dbms_metadata,unavailable,0.90392447508167
57912964,3,13,0.01020408163265306,expanded_target_project,not_in_dbms_metadata,unavailable,0.9040180177587175
95098170,3,13,0.01020408163265306,expanded_target_project,not_in_dbms_metadata,unavailable,0.904111560435765
109330128,2,13,0.006802721088435374,expanded_target_project,not_in_dbms_metadata,unavailable,0.9042051031128124
158477175,2,13,0.006802721088435374,expanded_target_project,not_in_dbms_metadata,unavailable,0.90429864578986
286973214,2,13,0.006802721088435374,expanded_target_project,not_in_dbms_metadata,unavailable,0.9043921884669075
420777439,2,13,0.006802721088435374,expanded_target_project,not_in_dbms_metadata,unavailable,0.904485731143955
488802963,2,13,0.006802721088435374,expanded_target_project,not_in_dbms_metadata,unavailable,0.9045792738210024
5152285,2,13,0.006802721088435374,expanded_target_project,not_in_dbms_metadata,unavailable,0.90467281649805
567634,2,13,0.006802721088435374,expanded_target_project,not_in_dbms_metadata,unavailable,0.9047663591750975
79954708,2,13,0.006802721088435374,expanded_target_project,not_in_dbms_metadata,unavailable,0.904859901852145
85795396,2,13,0.006802721088435374,expanded_target_project,not_in_dbms_metadata,unavailable,0.9049534445291925
113918130,1,13,0.003401360544217687,expanded_target_project,not_in_dbms_metadata,unavailable,0.90504698720624
137855319,1,13,0.003401360544217687,expanded_target_project,not_in_dbms_metadata,unavailable,0.9051405298832875
178199416,1,13,0.003401360544217687,expanded_target_project,not_in_dbms_metadata,unavailable,0.9052340725603351
184148355,1,13,0.003401360544217687,expanded_target_project,not_in_dbms_metadata,unavailable,0.9053276152373825
18891741,1,13,0.003401360544217687,expanded_target_project,not_in_dbms_metadata,unavailable,0.90542115791443
191163758,1,13,0.003401360544217687,expanded_target_project,not_in_dbms_metadata,unavailable,0.9055147005914775
206427,1,13,0.003401360544217687,expanded_target_project,not_in_dbms_metadata,unavailable,0.9056082432685251
287010125,1,13,0.003401360544217687,expanded_target_project,not_in_dbms_metadata,unavailable,0.9057017859455726
30071587,1,13,0.003401360544217687,expanded_target_project,not_in_dbms_metadata,unavailable,0.90579532862262
334585300,1,13,0.003401360544217687,expanded_target_project,not_in_dbms_metadata,unavailable,0.9058888712996676
415776566,1,13,0.003401360544217687,expanded_target_project,not_in_dbms_metadata,unavailable,0.9059824139767151
45938451,1,13,0.003401360544217687,expanded_target_project,not_in_dbms_metadata,unavailable,0.9060759566537626
494107715,1,13,0.003401360544217687,expanded_target_project,not_in_dbms_metadata,unavailable,0.90616949933081
518393338,1,13,0.003401360544217687,expanded_target_project,not_in_dbms_metadata,unavailable,0.9062630420078576
650194867,1,13,0.003401360544217687,expanded_target_project,not_in_dbms_metadata,unavailable,0.9063565846849051
652705781,1,13,0.003401360544217687,expanded_target_project,not_in_dbms_metadata,unavailable,0.9064501273619526
676419965,1,13,0.003401360544217687,expanded_target_project,not_in_dbms_metadata,unavailable,0.906543670039
681989124,1,13,0.003401360544217687,expanded_target_project,not_in_dbms_metadata,unavailable,0.9066372127160476
7639232,1,13,0.003401360544217687,expanded_target_project,not_in_dbms_metadata,unavailable,0.9067307553930951
77428506,1,13,0.003401360544217687,expanded_target_project,not_in_dbms_metadata,unavailable,0.9068242980701426
815644,1,13,0.003401360544217687,expanded_target_project,not_in_dbms_metadata,unavailable,0.9069178407471902
85817267,1,13,0.003401360544217687,expanded_target_project,not_in_dbms_metadata,unavailable,0.9070113834242376
93757589,1,13,0.003401360544217687,expanded_target_project,not_in_dbms_metadata,unavailable,0.9071049261012851
94148671,1,13,0.003401360544217687,expanded_target_project,not_in_dbms_metadata,unavailable,0.9071984687783327
513542067,8,12,0.027210884353741496,expanded_target_project,not_in_dbms_metadata,unavailable,0.907284815864838
52300938,7,12,0.023809523809523808,expanded_target_project,not_in_dbms_metadata,unavailable,0.9073711629513435
2211243,6,12,0.02040816326530612,expanded_target_project,not_in_dbms_metadata,unavailable,0.9074575100378488
78234185,5,12,0.017006802721088437,expanded_target_project,not_in_dbms_metadata,unavailable,0.9075438571243541
32184830,4,12,0.013605442176870748,expanded_target_project,not_in_dbms_metadata,unavailable,0.9076302042108596
365244061,4,12,0.013605442176870748,expanded_target_project,not_in_dbms_metadata,unavailable,0.907716551297365
7083242,4,12,0.013605442176870748,expanded_target_project,not_in_dbms_metadata,unavailable,0.9078028983838704
22305416,3,12,0.01020408163265306,expanded_target_project,not_in_dbms_metadata,unavailable,0.9078892454703757
298328,3,12,0.01020408163265306,expanded_target_project,not_in_dbms_metadata,unavailable,0.9079755925568811
336739753,3,12,0.01020408163265306,expanded_target_project,not_in_dbms_metadata,unavailable,0.9080619396433866
67793333,3,12,0.01020408163265306,expanded_target_project,not_in_dbms_metadata,unavailable,0.9081482867298919
68964263,3,12,0.01020408163265306,expanded_target_project,not_in_dbms_metadata,unavailable,0.9082346338163974
69940348,3,12,0.01020408163265306,expanded_target_project,not_in_dbms_metadata,unavailable,0.9083209809029027
94911145,3,12,0.01020408163265306,expanded_target_project,not_in_dbms_metadata,unavailable,0.908407327989408
394028369,2,12,0.006802721088435374,expanded_target_project,not_in_dbms_metadata,unavailable,0.9084936750759135
56420035,2,12,0.006802721088435374,expanded_target_project,not_in_dbms_metadata,unavailable,0.9085800221624188
79188507,2,12,0.006802721088435374,expanded_target_project,not_in_dbms_metadata,unavailable,0.9086663692489243
91837954,2,12,0.006802721088435374,expanded_target_project,not_in_dbms_metadata,unavailable,0.9087527163354296
128096570,1,12,0.003401360544217687,expanded_target_project,not_in_dbms_metadata,unavailable,0.908839063421935
144952955,1,12,0.003401360544217687,expanded_target_project,not_in_dbms_metadata,unavailable,0.9089254105084404
181510702,1,12,0.003401360544217687,expanded_target_project,not_in_dbms_metadata,unavailable,0.9090117575949458
19618350,1,12,0.003401360544217687,expanded_target_project,not_in_dbms_metadata,unavailable,0.9090981046814512
19961085,1,12,0.003401360544217687,seed_project,Relational,seed_manifest,0.9091844517679566
28478401,1,12,0.003401360544217687,expanded_target_project,not_in_dbms_metadata,unavailable,0.9092707988544619
28478420,1,12,0.003401360544217687,expanded_target_project,not_in_dbms_metadata,unavailable,0.9093571459409674
3149948,1,12,0.003401360544217687,expanded_target_project,not_in_dbms_metadata,unavailable,0.9094434930274727
31927407,1,12,0.003401360544217687,expanded_target_project,not_in_dbms_metadata,unavailable,0.9095298401139782
3470471,1,12,0.003401360544217687,expanded_target_project,not_in_dbms_metadata,unavailable,0.9096161872004835
440262866,1,12,0.003401360544217687,expanded_target_project,not_in_dbms_metadata,unavailable,0.9097025342869889
461884381,1,12,0.003401360544217687,expanded_target_project,not_in_dbms_metadata,unavailable,0.9097888813734943
515524532,1,12,0.003401360544217687,expanded_target_project,not_in_dbms_metadata,unavailable,0.9098752284599997
51905338,1,12,0.003401360544217687,expanded_target_project,not_in_dbms_metadata,unavailable,0.9099615755465051
528806629,1,12,0.003401360544217687,expanded_target_project,not_in_dbms_metadata,unavailable,0.9100479226330105
5362370,1,12,0.003401360544217687,expanded_target_project,not_in_dbms_metadata,unavailable,0.9101342697195158
57939112,1,12,0.003401360544217687,expanded_target_project,not_in_dbms_metadata,unavailable,0.9102206168060213
601871355,1,12,0.003401360544217687,expanded_target_project,not_in_dbms_metadata,unavailable,0.9103069638925266
60529075,1,12,0.003401360544217687,expanded_target_project,not_in_dbms_metadata,unavailable,0.9103933109790321
606433492,1,12,0.003401360544217687,seed_project,Relational,seed_manifest,0.9104796580655374
614746444,1,12,0.003401360544217687,expanded_target_project,not_in_dbms_metadata,unavailable,0.9105660051520428
616438432,1,12,0.003401360544217687,expanded_target_project,not_in_dbms_metadata,unavailable,0.9106523522385482
680799,1,12,0.003401360544217687,expanded_target_project,not_in_dbms_metadata,unavailable,0.9107386993250536
69170505,1,12,0.003401360544217687,expanded_target_project,not_in_dbms_metadata,unavailable,0.910825046411559
738250,1,12,0.003401360544217687,expanded_target_project,not_in_dbms_metadata,unavailable,0.9109113934980644
80425943,1,12,0.003401360544217687,expanded_target_project,not_in_dbms_metadata,unavailable,0.9109977405845697
94483360,1,12,0.003401360544217687,expanded_target_project,not_in_dbms_metadata,unavailable,0.9110840876710752
184463891,7,11,0.023809523809523808,expanded_target_project,not_in_dbms_metadata,unavailable,0.9111632391670385
206459,6,11,0.02040816326530612,expanded_target_project,not_in_dbms_metadata,unavailable,0.9112423906630017
260749683,6,11,0.02040816326530612,expanded_target_project,not_in_dbms_metadata,unavailable,0.911321542158965
23500865,5,11,0.017006802721088437,expanded_target_project,not_in_dbms_metadata,unavailable,0.9114006936549283
302670797,5,11,0.017006802721088437,expanded_target_project,not_in_dbms_metadata,unavailable,0.9114798451508915
20089857,4,11,0.013605442176870748,seed_project,Wide column,seed_manifest,0.9115589966468548
52115335,4,11,0.013605442176870748,expanded_target_project,not_in_dbms_metadata,unavailable,0.9116381481428181
6731432,4,11,0.013605442176870748,expanded_target_project,not_in_dbms_metadata,unavailable,0.9117172996387813
109480449,3,11,0.01020408163265306,expanded_target_project,not_in_dbms_metadata,unavailable,0.9117964511347446
160999,3,11,0.01020408163265306,seed_project,Hierarchical,seed_manifest,0.9118756026307079
186899882,3,11,0.01020408163265306,expanded_target_project,not_in_dbms_metadata,unavailable,0.9119547541266712
445340244,3,11,0.01020408163265306,expanded_target_project,not_in_dbms_metadata,unavailable,0.9120339056226344
908607,3,11,0.01020408163265306,expanded_target_project,not_in_dbms_metadata,unavailable,0.9121130571185977
108979839,2,11,0.006802721088435374,expanded_target_project,not_in_dbms_metadata,unavailable,0.912192208614561
147963112,2,11,0.006802721088435374,expanded_target_project,not_in_dbms_metadata,unavailable,0.9122713601105242
2056549,2,11,0.006802721088435374,expanded_target_project,not_in_dbms_metadata,unavailable,0.9123505116064875
209881172,2,11,0.006802721088435374,expanded_target_project,not_in_dbms_metadata,unavailable,0.9124296631024508
254450741,2,11,0.006802721088435374,expanded_target_project,not_in_dbms_metadata,unavailable,0.912508814598414
34007506,2,11,0.006802721088435374,expanded_target_project,not_in_dbms_metadata,unavailable,0.9125879660943773
36653430,2,11,0.006802721088435374,expanded_target_project,not_in_dbms_metadata,unavailable,0.9126671175903407
416231913,2,11,0.006802721088435374,expanded_target_project,not_in_dbms_metadata,unavailable,0.912746269086304
510375115,2,11,0.006802721088435374,seed_project,Relational,seed_manifest,0.9128254205822672
598342280,2,11,0.006802721088435374,expanded_target_project,not_in_dbms_metadata,unavailable,0.9129045720782305
70352157,2,11,0.006802721088435374,expanded_target_project,not_in_dbms_metadata,unavailable,0.9129837235741938
11966919,1,11,0.003401360544217687,expanded_target_project,not_in_dbms_metadata,unavailable,0.913062875070157
130040931,1,11,0.003401360544217687,expanded_target_project,not_in_dbms_metadata,unavailable,0.9131420265661203
142161875,1,11,0.003401360544217687,expanded_target_project,not_in_dbms_metadata,unavailable,0.9132211780620836
144751911,1,11,0.003401360544217687,expanded_target_project,not_in_dbms_metadata,unavailable,0.9133003295580469
159351868,1,11,0.003401360544217687,expanded_target_project,not_in_dbms_metadata,unavailable,0.9133794810540101
162725910,1,11,0.003401360544217687,expanded_target_project,not_in_dbms_metadata,unavailable,0.9134586325499734
192625306,1,11,0.003401360544217687,expanded_target_project,not_in_dbms_metadata,unavailable,0.9135377840459367
21306961,1,11,0.003401360544217687,expanded_target_project,not_in_dbms_metadata,unavailable,0.9136169355418999
236570369,1,11,0.003401360544217687,expanded_target_project,not_in_dbms_metadata,unavailable,0.9136960870378632
248790367,1,11,0.003401360544217687,expanded_target_project,not_in_dbms_metadata,unavailable,0.9137752385338265
257240581,1,11,0.003401360544217687,expanded_target_project,not_in_dbms_metadata,unavailable,0.9138543900297897
263411323,1,11,0.003401360544217687,expanded_target_project,not_in_dbms_metadata,unavailable,0.913933541525753
273550906,1,11,0.003401360544217687,expanded_target_project,not_in_dbms_metadata,unavailable,0.9140126930217163
274116286,1,11,0.003401360544217687,expanded_target_project,not_in_dbms_metadata,unavailable,0.9140918445176796
275993885,1,11,0.003401360544217687,expanded_target_project,not_in_dbms_metadata,unavailable,0.9141709960136428
283874375,1,11,0.003401360544217687,expanded_target_project,not_in_dbms_metadata,unavailable,0.9142501475096061
284949442,1,11,0.003401360544217687,expanded_target_project,not_in_dbms_metadata,unavailable,0.9143292990055694
285320805,1,11,0.003401360544217687,expanded_target_project,not_in_dbms_metadata,unavailable,0.9144084505015326
30553392,1,11,0.003401360544217687,expanded_target_project,not_in_dbms_metadata,unavailable,0.9144876019974959
309513886,1,11,0.003401360544217687,expanded_target_project,not_in_dbms_metadata,unavailable,0.9145667534934592
337986406,1,11,0.003401360544217687,expanded_target_project,not_in_dbms_metadata,unavailable,0.9146459049894224
343648351,1,11,0.003401360544217687,expanded_target_project,not_in_dbms_metadata,unavailable,0.9147250564853857
351019317,1,11,0.003401360544217687,expanded_target_project,not_in_dbms_metadata,unavailable,0.914804207981349
39398382,1,11,0.003401360544217687,expanded_target_project,not_in_dbms_metadata,unavailable,0.9148833594773123
424470669,1,11,0.003401360544217687,expanded_target_project,not_in_dbms_metadata,unavailable,0.9149625109732755
4508653,1,11,0.003401360544217687,expanded_target_project,not_in_dbms_metadata,unavailable,0.9150416624692389
479292237,1,11,0.003401360544217687,expanded_target_project,not_in_dbms_metadata,unavailable,0.9151208139652022
496855992,1,11,0.003401360544217687,expanded_target_project,not_in_dbms_metadata,unavailable,0.9151999654611654
52318322,1,11,0.003401360544217687,expanded_target_project,not_in_dbms_metadata,unavailable,0.9152791169571287
557980,1,11,0.003401360544217687,expanded_target_project,not_in_dbms_metadata,unavailable,0.915358268453092
567524986,1,11,0.003401360544217687,expanded_target_project,not_in_dbms_metadata,unavailable,0.9154374199490553
569649085,1,11,0.003401360544217687,expanded_target_project,not_in_dbms_metadata,unavailable,0.9155165714450185
578021174,1,11,0.003401360544217687,expanded_target_project,not_in_dbms_metadata,unavailable,0.9155957229409818
586220513,1,11,0.003401360544217687,expanded_target_project,not_in_dbms_metadata,unavailable,0.9156748744369451
627172485,1,11,0.003401360544217687,expanded_target_project,not_in_dbms_metadata,unavailable,0.9157540259329083
643590386,1,11,0.003401360544217687,expanded_target_project,not_in_dbms_metadata,unavailable,0.9158331774288716
645237,1,11,0.003401360544217687,expanded_target_project,not_in_dbms_metadata,unavailable,0.9159123289248349
666590450,1,11,0.003401360544217687,expanded_target_project,not_in_dbms_metadata,unavailable,0.9159914804207981
670333862,1,11,0.003401360544217687,expanded_target_project,not_in_dbms_metadata,unavailable,0.9160706319167614
681638483,1,11,0.003401360544217687,expanded_target_project,not_in_dbms_metadata,unavailable,0.9161497834127247
78690338,1,11,0.003401360544217687,expanded_target_project,not_in_dbms_metadata,unavailable,0.916228934908688
87245701,1,11,0.003401360544217687,expanded_target_project,not_in_dbms_metadata,unavailable,0.9163080864046512
22711503,9,10,0.030612244897959183,expanded_target_project,not_in_dbms_metadata,unavailable,0.9163800423100724
2325298,8,10,0.027210884353741496,expanded_target_project,not_in_dbms_metadata,unavailable,0.9164519982154935
7634677,6,10,0.02040816326530612,expanded_target_project,not_in_dbms_metadata,unavailable,0.9165239541209147
456549280,5,10,0.017006802721088437,seed_project,Relational#dbdbio>|<dbengines#Document,seed_manifest,0.9165959100263359
26658897,4,10,0.013605442176870748,expanded_target_project,not_in_dbms_metadata,unavailable,0.916667865931757
29261473,4,10,0.013605442176870748,expanded_target_project,not_in_dbms_metadata,unavailable,0.9167398218371782
46089560,4,10,0.013605442176870748,expanded_target_project,not_in_dbms_metadata,unavailable,0.9168117777425994
126412363,3,10,0.01020408163265306,expanded_target_project,not_in_dbms_metadata,unavailable,0.9168837336480204
30072532,3,10,0.01020408163265306,expanded_target_project,not_in_dbms_metadata,unavailable,0.9169556895534416
70107786,3,10,0.01020408163265306,expanded_target_project,not_in_dbms_metadata,unavailable,0.9170276454588628
77385607,3,10,0.01020408163265306,seed_project,Graph,seed_manifest,0.9170996013642839
182299236,2,10,0.006802721088435374,expanded_target_project,not_in_dbms_metadata,unavailable,0.9171715572697051
197015643,2,10,0.006802721088435374,expanded_target_project,not_in_dbms_metadata,unavailable,0.9172435131751263
21099,2,10,0.006802721088435374,expanded_target_project,not_in_dbms_metadata,unavailable,0.9173154690805474
315538318,2,10,0.006802721088435374,expanded_target_project,not_in_dbms_metadata,unavailable,0.9173874249859686
31629751,2,10,0.006802721088435374,expanded_target_project,not_in_dbms_metadata,unavailable,0.9174593808913898
509092193,2,10,0.006802721088435374,expanded_target_project,not_in_dbms_metadata,unavailable,0.9175313367968109
53292445,2,10,0.006802721088435374,expanded_target_project,not_in_dbms_metadata,unavailable,0.9176032927022321
53954979,2,10,0.006802721088435374,expanded_target_project,not_in_dbms_metadata,unavailable,0.9176752486076533
574588439,2,10,0.006802721088435374,seed_project,Document,seed_manifest,0.9177472045130743
67305738,2,10,0.006802721088435374,expanded_target_project,not_in_dbms_metadata,unavailable,0.9178191604184955
122782022,1,10,0.003401360544217687,expanded_target_project,not_in_dbms_metadata,unavailable,0.9178911163239167
133275023,1,10,0.003401360544217687,expanded_target_project,not_in_dbms_metadata,unavailable,0.9179630722293378
134683798,1,10,0.003401360544217687,expanded_target_project,not_in_dbms_metadata,unavailable,0.918035028134759
138597372,1,10,0.003401360544217687,expanded_target_project,not_in_dbms_metadata,unavailable,0.9181069840401802
14389056,1,10,0.003401360544217687,expanded_target_project,not_in_dbms_metadata,unavailable,0.9181789399456013
166763279,1,10,0.003401360544217687,expanded_target_project,not_in_dbms_metadata,unavailable,0.9182508958510225
204727434,1,10,0.003401360544217687,expanded_target_project,not_in_dbms_metadata,unavailable,0.9183228517564437
213633271,1,10,0.003401360544217687,expanded_target_project,not_in_dbms_metadata,unavailable,0.9183948076618648
223708643,1,10,0.003401360544217687,expanded_target_project,not_in_dbms_metadata,unavailable,0.918466763567286
2394379,1,10,0.003401360544217687,expanded_target_project,not_in_dbms_metadata,unavailable,0.9185387194727072
268833180,1,10,0.003401360544217687,expanded_target_project,not_in_dbms_metadata,unavailable,0.9186106753781282
292834673,1,10,0.003401360544217687,expanded_target_project,not_in_dbms_metadata,unavailable,0.9186826312835494
3043048,1,10,0.003401360544217687,expanded_target_project,not_in_dbms_metadata,unavailable,0.9187545871889706
3237873,1,10,0.003401360544217687,expanded_target_project,not_in_dbms_metadata,unavailable,0.9188265430943917
323902156,1,10,0.003401360544217687,expanded_target_project,not_in_dbms_metadata,unavailable,0.9188984989998129
346907737,1,10,0.003401360544217687,expanded_target_project,not_in_dbms_metadata,unavailable,0.9189704549052341
358735095,1,10,0.003401360544217687,expanded_target_project,not_in_dbms_metadata,unavailable,0.9190424108106552
37510432,1,10,0.003401360544217687,expanded_target_project,not_in_dbms_metadata,unavailable,0.9191143667160764
383185912,1,10,0.003401360544217687,expanded_target_project,not_in_dbms_metadata,unavailable,0.9191863226214976
40667593,1,10,0.003401360544217687,expanded_target_project,not_in_dbms_metadata,unavailable,0.9192582785269187
408656417,1,10,0.003401360544217687,expanded_target_project,not_in_dbms_metadata,unavailable,0.9193302344323399
416091141,1,10,0.003401360544217687,expanded_target_project,not_in_dbms_metadata,unavailable,0.919402190337761
416315721,1,10,0.003401360544217687,expanded_target_project,not_in_dbms_metadata,unavailable,0.9194741462431821
438096425,1,10,0.003401360544217687,expanded_target_project,not_in_dbms_metadata,unavailable,0.9195461021486033
4624165,1,10,0.003401360544217687,expanded_target_project,not_in_dbms_metadata,unavailable,0.9196180580540245
538656848,1,10,0.003401360544217687,expanded_target_project,not_in_dbms_metadata,unavailable,0.9196900139594456
6083792,1,10,0.003401360544217687,expanded_target_project,not_in_dbms_metadata,unavailable,0.9197619698648668
63990206,1,10,0.003401360544217687,expanded_target_project,not_in_dbms_metadata,unavailable,0.919833925770288
65252,1,10,0.003401360544217687,expanded_target_project,not_in_dbms_metadata,unavailable,0.9199058816757091
665462497,1,10,0.003401360544217687,expanded_target_project,not_in_dbms_metadata,unavailable,0.9199778375811303
675835930,1,10,0.003401360544217687,expanded_target_project,not_in_dbms_metadata,unavailable,0.9200497934865515
676410846,1,10,0.003401360544217687,expanded_target_project,not_in_dbms_metadata,unavailable,0.9201217493919726
737030210,1,10,0.003401360544217687,expanded_target_project,not_in_dbms_metadata,unavailable,0.9201937052973937
75244322,1,10,0.003401360544217687,expanded_target_project,not_in_dbms_metadata,unavailable,0.9202656612028149
7813441,1,10,0.003401360544217687,expanded_target_project,not_in_dbms_metadata,unavailable,0.920337617108236
91262163,1,10,0.003401360544217687,expanded_target_project,not_in_dbms_metadata,unavailable,0.9204095730136572
92132038,1,10,0.003401360544217687,expanded_target_project,not_in_dbms_metadata,unavailable,0.9204815289190784
518164214,9,9,0.030612244897959183,expanded_target_project,not_in_dbms_metadata,unavailable,0.9205462892339574
13404515,6,9,0.02040816326530612,expanded_target_project,not_in_dbms_metadata,unavailable,0.9206110495488364
18106269,4,9,0.013605442176870748,expanded_target_project,not_in_dbms_metadata,unavailable,0.9206758098637156
24355992,4,9,0.013605442176870748,expanded_target_project,not_in_dbms_metadata,unavailable,0.9207405701785946
33258973,4,9,0.013605442176870748,expanded_target_project,not_in_dbms_metadata,unavailable,0.9208053304934736
263727855,3,9,0.01020408163265306,expanded_target_project,not_in_dbms_metadata,unavailable,0.9208700908083527
280428986,3,9,0.01020408163265306,expanded_target_project,not_in_dbms_metadata,unavailable,0.9209348511232317
35697550,3,9,0.01020408163265306,expanded_target_project,not_in_dbms_metadata,unavailable,0.9209996114381107
156939672,2,9,0.006802721088435374,expanded_target_project,not_in_dbms_metadata,unavailable,0.9210643717529897
2359378,2,9,0.006802721088435374,expanded_target_project,not_in_dbms_metadata,unavailable,0.9211291320678688
26983101,2,9,0.006802721088435374,expanded_target_project,not_in_dbms_metadata,unavailable,0.9211938923827478
316556151,2,9,0.006802721088435374,expanded_target_project,not_in_dbms_metadata,unavailable,0.9212586526976269
317940258,2,9,0.006802721088435374,expanded_target_project,not_in_dbms_metadata,unavailable,0.921323413012506
333867901,2,9,0.006802721088435374,expanded_target_project,not_in_dbms_metadata,unavailable,0.921388173327385
37171746,2,9,0.006802721088435374,expanded_target_project,not_in_dbms_metadata,unavailable,0.921452933642264
412132838,2,9,0.006802721088435374,expanded_target_project,not_in_dbms_metadata,unavailable,0.9215176939571431
790938,2,9,0.006802721088435374,expanded_target_project,not_in_dbms_metadata,unavailable,0.9215824542720221
80964373,2,9,0.006802721088435374,expanded_target_project,not_in_dbms_metadata,unavailable,0.9216472145869011
120325908,1,9,0.003401360544217687,expanded_target_project,not_in_dbms_metadata,unavailable,0.9217119749017801
12711522,1,9,0.003401360544217687,expanded_target_project,not_in_dbms_metadata,unavailable,0.9217767352166593
151298737,1,9,0.003401360544217687,expanded_target_project,not_in_dbms_metadata,unavailable,0.9218414955315383
160735013,1,9,0.003401360544217687,expanded_target_project,not_in_dbms_metadata,unavailable,0.9219062558464173
165021340,1,9,0.003401360544217687,expanded_target_project,not_in_dbms_metadata,unavailable,0.9219710161612964
183781681,1,9,0.003401360544217687,expanded_target_project,not_in_dbms_metadata,unavailable,0.9220357764761754
1915437,1,9,0.003401360544217687,expanded_target_project,not_in_dbms_metadata,unavailable,0.9221005367910544
210933087,1,9,0.003401360544217687,expanded_target_project,not_in_dbms_metadata,unavailable,0.9221652971059335
240317939,1,9,0.003401360544217687,expanded_target_project,not_in_dbms_metadata,unavailable,0.9222300574208125
267161970,1,9,0.003401360544217687,expanded_target_project,not_in_dbms_metadata,unavailable,0.9222948177356916
29028775,1,9,0.003401360544217687,expanded_target_project,not_in_dbms_metadata,unavailable,0.9223595780505706
293888925,1,9,0.003401360544217687,expanded_target_project,not_in_dbms_metadata,unavailable,0.9224243383654497
294223530,1,9,0.003401360544217687,expanded_target_project,not_in_dbms_metadata,unavailable,0.9224890986803287
304242794,1,9,0.003401360544217687,expanded_target_project,not_in_dbms_metadata,unavailable,0.9225538589952077
304430669,1,9,0.003401360544217687,expanded_target_project,not_in_dbms_metadata,unavailable,0.9226186193100868
314337176,1,9,0.003401360544217687,expanded_target_project,not_in_dbms_metadata,unavailable,0.9226833796249658
320929718,1,9,0.003401360544217687,expanded_target_project,not_in_dbms_metadata,unavailable,0.9227481399398448
323363286,1,9,0.003401360544217687,expanded_target_project,not_in_dbms_metadata,unavailable,0.922812900254724
325329322,1,9,0.003401360544217687,expanded_target_project,not_in_dbms_metadata,unavailable,0.922877660569603
32792022,1,9,0.003401360544217687,expanded_target_project,not_in_dbms_metadata,unavailable,0.922942420884482
32812675,1,9,0.003401360544217687,expanded_target_project,not_in_dbms_metadata,unavailable,0.923007181199361
349752717,1,9,0.003401360544217687,expanded_target_project,not_in_dbms_metadata,unavailable,0.9230719415142401
370668507,1,9,0.003401360544217687,expanded_target_project,not_in_dbms_metadata,unavailable,0.9231367018291191
37560288,1,9,0.003401360544217687,expanded_target_project,not_in_dbms_metadata,unavailable,0.9232014621439981
407294153,1,9,0.003401360544217687,expanded_target_project,not_in_dbms_metadata,unavailable,0.9232662224588772
440385562,1,9,0.003401360544217687,expanded_target_project,not_in_dbms_metadata,unavailable,0.9233309827737562
466488991,1,9,0.003401360544217687,expanded_target_project,not_in_dbms_metadata,unavailable,0.9233957430886353
504134480,1,9,0.003401360544217687,expanded_target_project,not_in_dbms_metadata,unavailable,0.9234605034035144
532844203,1,9,0.003401360544217687,expanded_target_project,not_in_dbms_metadata,unavailable,0.9235252637183934
534150188,1,9,0.003401360544217687,expanded_target_project,not_in_dbms_metadata,unavailable,0.9235900240332724
548823065,1,9,0.003401360544217687,expanded_target_project,not_in_dbms_metadata,unavailable,0.9236547843481514
553390647,1,9,0.003401360544217687,expanded_target_project,not_in_dbms_metadata,unavailable,0.9237195446630305
58184885,1,9,0.003401360544217687,expanded_target_project,not_in_dbms_metadata,unavailable,0.9237843049779095
605161457,1,9,0.003401360544217687,expanded_target_project,not_in_dbms_metadata,unavailable,0.9238490652927885
608354159,1,9,0.003401360544217687,expanded_target_project,not_in_dbms_metadata,unavailable,0.9239138256076677
62112810,1,9,0.003401360544217687,expanded_target_project,not_in_dbms_metadata,unavailable,0.9239785859225467
684514620,1,9,0.003401360544217687,expanded_target_project,not_in_dbms_metadata,unavailable,0.9240433462374257
685913172,1,9,0.003401360544217687,expanded_target_project,not_in_dbms_metadata,unavailable,0.9241081065523048
90636971,1,9,0.003401360544217687,expanded_target_project,not_in_dbms_metadata,unavailable,0.9241728668671838
343576900,7,8,0.023809523809523808,expanded_target_project,not_in_dbms_metadata,unavailable,0.9242304315915207
477896448,7,8,0.023809523809523808,expanded_target_project,not_in_dbms_metadata,unavailable,0.9242879963158577
302827809,6,8,0.02040816326530612,seed_project,Relational,seed_manifest,0.9243455610401946
31197250,5,8,0.017006802721088437,expanded_target_project,not_in_dbms_metadata,unavailable,0.9244031257645315
367429065,5,8,0.017006802721088437,expanded_target_project,not_in_dbms_metadata,unavailable,0.9244606904888685
65600975,5,8,0.017006802721088437,expanded_target_project,not_in_dbms_metadata,unavailable,0.9245182552132053
2651432,4,8,0.013605442176870748,expanded_target_project,not_in_dbms_metadata,unavailable,0.9245758199375422
299510783,4,8,0.013605442176870748,expanded_target_project,not_in_dbms_metadata,unavailable,0.9246333846618792
39464018,4,8,0.013605442176870748,expanded_target_project,not_in_dbms_metadata,unavailable,0.9246909493862161
60977924,4,8,0.013605442176870748,expanded_target_project,not_in_dbms_metadata,unavailable,0.924748514110553
104231541,3,8,0.01020408163265306,expanded_target_project,not_in_dbms_metadata,unavailable,0.92480607883489
170366344,3,8,0.01020408163265306,expanded_target_project,not_in_dbms_metadata,unavailable,0.9248636435592269
45446294,3,8,0.01020408163265306,expanded_target_project,not_in_dbms_metadata,unavailable,0.9249212082835638
69857712,3,8,0.01020408163265306,expanded_target_project,not_in_dbms_metadata,unavailable,0.9249787730079008
7056202,3,8,0.01020408163265306,expanded_target_project,not_in_dbms_metadata,unavailable,0.9250363377322377
91218588,3,8,0.01020408163265306,expanded_target_project,not_in_dbms_metadata,unavailable,0.9250939024565746
92969352,3,8,0.01020408163265306,expanded_target_project,not_in_dbms_metadata,unavailable,0.9251514671809116
10230369,2,8,0.006802721088435374,expanded_target_project,not_in_dbms_metadata,unavailable,0.9252090319052485
1341324,2,8,0.006802721088435374,expanded_target_project,not_in_dbms_metadata,unavailable,0.9252665966295854
1357796,2,8,0.006802721088435374,expanded_target_project,not_in_dbms_metadata,unavailable,0.9253241613539224
137362393,2,8,0.006802721088435374,expanded_target_project,not_in_dbms_metadata,unavailable,0.9253817260782592
143867478,2,8,0.006802721088435374,expanded_target_project,not_in_dbms_metadata,unavailable,0.9254392908025961
145156191,2,8,0.006802721088435374,expanded_target_project,not_in_dbms_metadata,unavailable,0.9254968555269331
173431969,2,8,0.006802721088435374,expanded_target_project,not_in_dbms_metadata,unavailable,0.92555442025127
229877920,2,8,0.006802721088435374,expanded_target_project,not_in_dbms_metadata,unavailable,0.9256119849756069
2700147,2,8,0.006802721088435374,expanded_target_project,not_in_dbms_metadata,unavailable,0.9256695496999439
38307428,2,8,0.006802721088435374,expanded_target_project,not_in_dbms_metadata,unavailable,0.9257271144242808
436551874,2,8,0.006802721088435374,expanded_target_project,not_in_dbms_metadata,unavailable,0.9257846791486177
496817075,2,8,0.006802721088435374,seed_project,Relational,seed_manifest,0.9258422438729547
498785517,2,8,0.006802721088435374,expanded_target_project,not_in_dbms_metadata,unavailable,0.9258998085972916
57333709,2,8,0.006802721088435374,expanded_target_project,not_in_dbms_metadata,unavailable,0.9259573733216285
608906465,2,8,0.006802721088435374,expanded_target_project,not_in_dbms_metadata,unavailable,0.9260149380459655
654024495,2,8,0.006802721088435374,expanded_target_project,not_in_dbms_metadata,unavailable,0.9260725027703024
714809540,2,8,0.006802721088435374,expanded_target_project,not_in_dbms_metadata,unavailable,0.9261300674946393
101807531,1,8,0.003401360544217687,expanded_target_project,not_in_dbms_metadata,unavailable,0.9261876322189763
108306129,1,8,0.003401360544217687,expanded_target_project,not_in_dbms_metadata,unavailable,0.9262451969433131
10854028,1,8,0.003401360544217687,expanded_target_project,not_in_dbms_metadata,unavailable,0.92630276166765
11393110,1,8,0.003401360544217687,expanded_target_project,not_in_dbms_metadata,unavailable,0.926360326391987
149638165,1,8,0.003401360544217687,expanded_target_project,not_in_dbms_metadata,unavailable,0.9264178911163239
1731413,1,8,0.003401360544217687,expanded_target_project,not_in_dbms_metadata,unavailable,0.9264754558406608
1874483,1,8,0.003401360544217687,expanded_target_project,not_in_dbms_metadata,unavailable,0.9265330205649978
19244865,1,8,0.003401360544217687,expanded_target_project,not_in_dbms_metadata,unavailable,0.9265905852893347
19330736,1,8,0.003401360544217687,expanded_target_project,not_in_dbms_metadata,unavailable,0.9266481500136716
196253599,1,8,0.003401360544217687,expanded_target_project,not_in_dbms_metadata,unavailable,0.9267057147380086
20736043,1,8,0.003401360544217687,expanded_target_project,not_in_dbms_metadata,unavailable,0.9267632794623455
219061541,1,8,0.003401360544217687,expanded_target_project,not_in_dbms_metadata,unavailable,0.9268208441866824
220362473,1,8,0.003401360544217687,expanded_target_project,not_in_dbms_metadata,unavailable,0.9268784089110194
254149837,1,8,0.003401360544217687,expanded_target_project,not_in_dbms_metadata,unavailable,0.9269359736353563
263472353,1,8,0.003401360544217687,expanded_target_project,not_in_dbms_metadata,unavailable,0.9269935383596932
289076255,1,8,0.003401360544217687,expanded_target_project,not_in_dbms_metadata,unavailable,0.9270511030840302
296382547,1,8,0.003401360544217687,expanded_target_project,not_in_dbms_metadata,unavailable,0.927108667808367
31261671,1,8,0.003401360544217687,expanded_target_project,not_in_dbms_metadata,unavailable,0.9271662325327039
3476845,1,8,0.003401360544217687,expanded_target_project,not_in_dbms_metadata,unavailable,0.9272237972570408
35529429,1,8,0.003401360544217687,expanded_target_project,not_in_dbms_metadata,unavailable,0.9272813619813778
370007792,1,8,0.003401360544217687,expanded_target_project,not_in_dbms_metadata,unavailable,0.9273389267057147
392292114,1,8,0.003401360544217687,expanded_target_project,not_in_dbms_metadata,unavailable,0.9273964914300517
417731747,1,8,0.003401360544217687,expanded_target_project,not_in_dbms_metadata,unavailable,0.9274540561543886
432922260,1,8,0.003401360544217687,expanded_target_project,not_in_dbms_metadata,unavailable,0.9275116208787255
436599976,1,8,0.003401360544217687,expanded_target_project,not_in_dbms_metadata,unavailable,0.9275691856030625
438203376,1,8,0.003401360544217687,expanded_target_project,not_in_dbms_metadata,unavailable,0.9276267503273994
456672881,1,8,0.003401360544217687,expanded_target_project,not_in_dbms_metadata,unavailable,0.9276843150517363
461875582,1,8,0.003401360544217687,expanded_target_project,not_in_dbms_metadata,unavailable,0.9277418797760733
477925242,1,8,0.003401360544217687,expanded_target_project,not_in_dbms_metadata,unavailable,0.9277994445004102
49324039,1,8,0.003401360544217687,expanded_target_project,not_in_dbms_metadata,unavailable,0.9278570092247471
494471755,1,8,0.003401360544217687,expanded_target_project,not_in_dbms_metadata,unavailable,0.927914573949084
506915807,1,8,0.003401360544217687,expanded_target_project,not_in_dbms_metadata,unavailable,0.9279721386734209
5317395,1,8,0.003401360544217687,expanded_target_project,not_in_dbms_metadata,unavailable,0.9280297033977578
551397882,1,8,0.003401360544217687,expanded_target_project,not_in_dbms_metadata,unavailable,0.9280872681220947
5694513,1,8,0.003401360544217687,expanded_target_project,not_in_dbms_metadata,unavailable,0.9281448328464317
569763856,1,8,0.003401360544217687,expanded_target_project,not_in_dbms_metadata,unavailable,0.9282023975707686
599998684,1,8,0.003401360544217687,expanded_target_project,not_in_dbms_metadata,unavailable,0.9282599622951055
60805080,1,8,0.003401360544217687,expanded_target_project,not_in_dbms_metadata,unavailable,0.9283175270194425
61105758,1,8,0.003401360544217687,expanded_target_project,not_in_dbms_metadata,unavailable,0.9283750917437794
660205230,1,8,0.003401360544217687,expanded_target_project,not_in_dbms_metadata,unavailable,0.9284326564681163
675602052,1,8,0.003401360544217687,expanded_target_project,not_in_dbms_metadata,unavailable,0.9284902211924533
676208116,1,8,0.003401360544217687,expanded_target_project,not_in_dbms_metadata,unavailable,0.9285477859167902
68077781,1,8,0.003401360544217687,expanded_target_project,not_in_dbms_metadata,unavailable,0.9286053506411271
686974403,1,8,0.003401360544217687,expanded_target_project,not_in_dbms_metadata,unavailable,0.9286629153654641
7053637,1,8,0.003401360544217687,expanded_target_project,not_in_dbms_metadata,unavailable,0.928720480089801
80501529,1,8,0.003401360544217687,expanded_target_project,not_in_dbms_metadata,unavailable,0.928778044814138
8393979,1,8,0.003401360544217687,expanded_target_project,not_in_dbms_metadata,unavailable,0.9288356095384748
8413786,1,8,0.003401360544217687,expanded_target_project,not_in_dbms_metadata,unavailable,0.9288931742628117
100060912,7,7,0.023809523809523808,expanded_target_project,not_in_dbms_metadata,unavailable,0.9289435433966066
105944401,7,7,0.023809523809523808,seed_project,"Relational,Key-value",seed_manifest,0.9289939125304014
159294525,7,7,0.023809523809523808,expanded_target_project,not_in_dbms_metadata,unavailable,0.9290442816641962
1903522,7,7,0.023809523809523808,expanded_target_project,not_in_dbms_metadata,unavailable,0.929094650797991
24420506,7,7,0.023809523809523808,expanded_target_project,not_in_dbms_metadata,unavailable,0.9291450199317858
49086513,7,7,0.023809523809523808,expanded_target_project,not_in_dbms_metadata,unavailable,0.9291953890655806
81227005,7,7,0.023809523809523808,expanded_target_project,not_in_dbms_metadata,unavailable,0.9292457581993754
146327667,6,7,0.02040816326530612,expanded_target_project,not_in_dbms_metadata,unavailable,0.9292961273331702
206402,4,7,0.013605442176870748,expanded_target_project,not_in_dbms_metadata,unavailable,0.929346496466965
286108332,4,7,0.013605442176870748,expanded_target_project,not_in_dbms_metadata,unavailable,0.9293968656007598
4407129,4,7,0.013605442176870748,seed_project,Spatial,seed_manifest,0.9294472347345547
50904245,4,7,0.013605442176870748,expanded_target_project,not_in_dbms_metadata,unavailable,0.9294976038683495
71823870,4,7,0.013605442176870748,expanded_target_project,not_in_dbms_metadata,unavailable,0.9295479730021443
230310173,3,7,0.01020408163265306,expanded_target_project,not_in_dbms_metadata,unavailable,0.9295983421359391
301573344,3,7,0.01020408163265306,expanded_target_project,not_in_dbms_metadata,unavailable,0.9296487112697339
305438763,3,7,0.01020408163265306,expanded_target_project,not_in_dbms_metadata,unavailable,0.9296990804035287
31830551,3,7,0.01020408163265306,expanded_target_project,not_in_dbms_metadata,unavailable,0.9297494495373235
4164482,3,7,0.01020408163265306,expanded_target_project,not_in_dbms_metadata,unavailable,0.9297998186711184
9524057,3,7,0.01020408163265306,expanded_target_project,not_in_dbms_metadata,unavailable,0.9298501878049131
111860063,2,7,0.006802721088435374,expanded_target_project,not_in_dbms_metadata,unavailable,0.929900556938708
11309795,2,7,0.006802721088435374,expanded_target_project,not_in_dbms_metadata,unavailable,0.9299509260725027
135060366,2,7,0.006802721088435374,expanded_target_project,not_in_dbms_metadata,unavailable,0.9300012952062976
1451352,2,7,0.006802721088435374,expanded_target_project,not_in_dbms_metadata,unavailable,0.9300516643400923
147511063,2,7,0.006802721088435374,expanded_target_project,not_in_dbms_metadata,unavailable,0.9301020334738872
15345331,2,7,0.006802721088435374,expanded_target_project,Key-value,dbms_metadata,0.9301524026076821
155119796,2,7,0.006802721088435374,expanded_target_project,not_in_dbms_metadata,unavailable,0.9302027717414768
155368246,2,7,0.006802721088435374,expanded_target_project,not_in_dbms_metadata,unavailable,0.9302531408752717
159109434,2,7,0.006802721088435374,expanded_target_project,not_in_dbms_metadata,unavailable,0.9303035100090664
178249461,2,7,0.006802721088435374,expanded_target_project,not_in_dbms_metadata,unavailable,0.9303538791428613
204671232,2,7,0.006802721088435374,expanded_target_project,not_in_dbms_metadata,unavailable,0.930404248276656
20653934,2,7,0.006802721088435374,expanded_target_project,not_in_dbms_metadata,unavailable,0.9304546174104509
32246828,2,7,0.006802721088435374,expanded_target_project,not_in_dbms_metadata,unavailable,0.9305049865442457
33884891,2,7,0.006802721088435374,expanded_target_project,not_in_dbms_metadata,unavailable,0.9305553556780405
37290678,2,7,0.006802721088435374,expanded_target_project,not_in_dbms_metadata,unavailable,0.9306057248118353
397996130,2,7,0.006802721088435374,expanded_target_project,not_in_dbms_metadata,unavailable,0.9306560939456301
423907006,2,7,0.006802721088435374,expanded_target_project,not_in_dbms_metadata,unavailable,0.930706463079425
487009502,2,7,0.006802721088435374,expanded_target_project,not_in_dbms_metadata,unavailable,0.9307568322132197
527526335,2,7,0.006802721088435374,expanded_target_project,not_in_dbms_metadata,unavailable,0.9308072013470146
554411496,2,7,0.006802721088435374,expanded_target_project,not_in_dbms_metadata,unavailable,0.9308575704808094
5569059,2,7,0.006802721088435374,expanded_target_project,not_in_dbms_metadata,unavailable,0.9309079396146042
559669561,2,7,0.006802721088435374,expanded_target_project,not_in_dbms_metadata,unavailable,0.930958308748399
628739599,2,7,0.006802721088435374,expanded_target_project,not_in_dbms_metadata,unavailable,0.9310086778821938
668673665,2,7,0.006802721088435374,expanded_target_project,Graph,dbms_metadata,0.9310590470159886
103506984,1,7,0.003401360544217687,expanded_target_project,not_in_dbms_metadata,unavailable,0.9311094161497834
125366028,1,7,0.003401360544217687,expanded_target_project,not_in_dbms_metadata,unavailable,0.9311597852835782
126215645,1,7,0.003401360544217687,expanded_target_project,not_in_dbms_metadata,unavailable,0.931210154417373
131389850,1,7,0.003401360544217687,expanded_target_project,not_in_dbms_metadata,unavailable,0.9312605235511678
140656334,1,7,0.003401360544217687,expanded_target_project,not_in_dbms_metadata,unavailable,0.9313108926849627
15625834,1,7,0.003401360544217687,expanded_target_project,not_in_dbms_metadata,unavailable,0.9313612618187574
15861701,1,7,0.003401360544217687,expanded_target_project,not_in_dbms_metadata,unavailable,0.9314116309525523
17002442,1,7,0.003401360544217687,expanded_target_project,not_in_dbms_metadata,unavailable,0.931462000086347
183247201,1,7,0.003401360544217687,expanded_target_project,not_in_dbms_metadata,unavailable,0.9315123692201419
196650278,1,7,0.003401360544217687,expanded_target_project,not_in_dbms_metadata,unavailable,0.9315627383539367
196680411,1,7,0.003401360544217687,expanded_target_project,not_in_dbms_metadata,unavailable,0.9316131074877315
198966166,1,7,0.003401360544217687,expanded_target_project,not_in_dbms_metadata,unavailable,0.9316634766215264
21488145,1,7,0.003401360544217687,expanded_target_project,not_in_dbms_metadata,unavailable,0.9317138457553211
222960238,1,7,0.003401360544217687,expanded_target_project,not_in_dbms_metadata,unavailable,0.931764214889116
22571838,1,7,0.003401360544217687,expanded_target_project,not_in_dbms_metadata,unavailable,0.9318145840229107
229145432,1,7,0.003401360544217687,expanded_target_project,not_in_dbms_metadata,unavailable,0.9318649531567056
249188235,1,7,0.003401360544217687,expanded_target_project,not_in_dbms_metadata,unavailable,0.9319153222905003
276293992,1,7,0.003401360544217687,expanded_target_project,not_in_dbms_metadata,unavailable,0.9319656914242952
279622976,1,7,0.003401360544217687,expanded_target_project,not_in_dbms_metadata,unavailable,0.93201606055809
297975339,1,7,0.003401360544217687,expanded_target_project,not_in_dbms_metadata,unavailable,0.9320664296918848
298223290,1,7,0.003401360544217687,expanded_target_project,not_in_dbms_metadata,unavailable,0.9321167988256797
3080628,1,7,0.003401360544217687,expanded_target_project,not_in_dbms_metadata,unavailable,0.9321671679594744
326725339,1,7,0.003401360544217687,expanded_target_project,not_in_dbms_metadata,unavailable,0.9322175370932693
348444625,1,7,0.003401360544217687,expanded_target_project,not_in_dbms_metadata,unavailable,0.932267906227064
35437397,1,7,0.003401360544217687,expanded_target_project,not_in_dbms_metadata,unavailable,0.9323182753608589
364195857,1,7,0.003401360544217687,expanded_target_project,not_in_dbms_metadata,unavailable,0.9323686444946537
366186609,1,7,0.003401360544217687,expanded_target_project,not_in_dbms_metadata,unavailable,0.9324190136284485
380305028,1,7,0.003401360544217687,expanded_target_project,not_in_dbms_metadata,unavailable,0.9324693827622433
38525117,1,7,0.003401360544217687,expanded_target_project,not_in_dbms_metadata,unavailable,0.9325197518960381
40306512,1,7,0.003401360544217687,expanded_target_project,not_in_dbms_metadata,unavailable,0.9325701210298329
420854474,1,7,0.003401360544217687,expanded_target_project,not_in_dbms_metadata,unavailable,0.9326204901636277
422205507,1,7,0.003401360544217687,expanded_target_project,not_in_dbms_metadata,unavailable,0.9326708592974225
435955533,1,7,0.003401360544217687,expanded_target_project,not_in_dbms_metadata,unavailable,0.9327212284312173
455600,1,7,0.003401360544217687,expanded_target_project,not_in_dbms_metadata,unavailable,0.9327715975650122
458793640,1,7,0.003401360544217687,expanded_target_project,not_in_dbms_metadata,unavailable,0.932821966698807
464684932,1,7,0.003401360544217687,expanded_target_project,not_in_dbms_metadata,unavailable,0.9328723358326018
47219360,1,7,0.003401360544217687,expanded_target_project,not_in_dbms_metadata,unavailable,0.9329227049663966
479752228,1,7,0.003401360544217687,expanded_target_project,not_in_dbms_metadata,unavailable,0.9329730741001914
483146498,1,7,0.003401360544217687,expanded_target_project,not_in_dbms_metadata,unavailable,0.9330234432339862
513764614,1,7,0.003401360544217687,expanded_target_project,not_in_dbms_metadata,unavailable,0.933073812367781
52037627,1,7,0.003401360544217687,expanded_target_project,not_in_dbms_metadata,unavailable,0.9331241815015758
530449130,1,7,0.003401360544217687,expanded_target_project,not_in_dbms_metadata,unavailable,0.9331745506353707
536198098,1,7,0.003401360544217687,expanded_target_project,not_in_dbms_metadata,unavailable,0.9332249197691654
560495,1,7,0.003401360544217687,expanded_target_project,not_in_dbms_metadata,unavailable,0.9332752889029603
560657499,1,7,0.003401360544217687,expanded_target_project,not_in_dbms_metadata,unavailable,0.933325658036755
569901162,1,7,0.003401360544217687,expanded_target_project,not_in_dbms_metadata,unavailable,0.9333760271705499
571390155,1,7,0.003401360544217687,expanded_target_project,not_in_dbms_metadata,unavailable,0.9334263963043447
579730545,1,7,0.003401360544217687,expanded_target_project,not_in_dbms_metadata,unavailable,0.9334767654381395
58067876,1,7,0.003401360544217687,expanded_target_project,not_in_dbms_metadata,unavailable,0.9335271345719344
607247018,1,7,0.003401360544217687,expanded_target_project,not_in_dbms_metadata,unavailable,0.9335775037057291
636843026,1,7,0.003401360544217687,expanded_target_project,not_in_dbms_metadata,unavailable,0.933627872839524
64172663,1,7,0.003401360544217687,expanded_target_project,not_in_dbms_metadata,unavailable,0.9336782419733187
650959196,1,7,0.003401360544217687,expanded_target_project,not_in_dbms_metadata,unavailable,0.9337286111071136
654146056,1,7,0.003401360544217687,expanded_target_project,not_in_dbms_metadata,unavailable,0.9337789802409083
654167374,1,7,0.003401360544217687,expanded_target_project,not_in_dbms_metadata,unavailable,0.9338293493747032
676469233,1,7,0.003401360544217687,expanded_target_project,not_in_dbms_metadata,unavailable,0.933879718508498
695990001,1,7,0.003401360544217687,expanded_target_project,not_in_dbms_metadata,unavailable,0.9339300876422928
696936357,1,7,0.003401360544217687,expanded_target_project,not_in_dbms_metadata,unavailable,0.9339804567760877
704543233,1,7,0.003401360544217687,expanded_target_project,not_in_dbms_metadata,unavailable,0.9340308259098824
719631656,1,7,0.003401360544217687,expanded_target_project,not_in_dbms_metadata,unavailable,0.9340811950436773
724712326,1,7,0.003401360544217687,expanded_target_project,not_in_dbms_metadata,unavailable,0.934131564177472
74950504,1,7,0.003401360544217687,expanded_target_project,not_in_dbms_metadata,unavailable,0.9341819333112669
77703394,1,7,0.003401360544217687,expanded_target_project,not_in_dbms_metadata,unavailable,0.9342323024450616
8544907,1,7,0.003401360544217687,expanded_target_project,not_in_dbms_metadata,unavailable,0.9342826715788565
96034473,1,7,0.003401360544217687,expanded_target_project,not_in_dbms_metadata,unavailable,0.9343330407126513
15045751,6,6,0.02040816326530612,expanded_target_project,not_in_dbms_metadata,unavailable,0.934376214255904
36439741,6,6,0.02040816326530612,expanded_target_project,not_in_dbms_metadata,unavailable,0.9344193877991567
62117812,5,6,0.017006802721088437,expanded_target_project,not_in_dbms_metadata,unavailable,0.9344625613424093
10416648,4,6,0.013605442176870748,expanded_target_project,not_in_dbms_metadata,unavailable,0.934505734885662
150954997,4,6,0.013605442176870748,seed_project,Wide column#dbdbio>|<dbengines#Time Series,seed_manifest,0.9345489084289148
27483832,4,6,0.013605442176870748,expanded_target_project,not_in_dbms_metadata,unavailable,0.9345920819721675
32873313,4,6,0.013605442176870748,expanded_target_project,not_in_dbms_metadata,unavailable,0.9346352555154201
57160728,4,6,0.013605442176870748,expanded_target_project,not_in_dbms_metadata,unavailable,0.9346784290586728
574428026,4,6,0.013605442176870748,expanded_target_project,not_in_dbms_metadata,unavailable,0.9347216026019255
14812739,3,6,0.01020408163265306,expanded_target_project,not_in_dbms_metadata,unavailable,0.9347647761451783
17286587,3,6,0.01020408163265306,expanded_target_project,not_in_dbms_metadata,unavailable,0.934807949688431
208060770,3,6,0.01020408163265306,expanded_target_project,not_in_dbms_metadata,unavailable,0.9348511232316836
34139230,3,6,0.01020408163265306,expanded_target_project,not_in_dbms_metadata,unavailable,0.9348942967749363
605020435,3,6,0.01020408163265306,expanded_target_project,not_in_dbms_metadata,unavailable,0.934937470318189
6148317,3,6,0.01020408163265306,expanded_target_project,not_in_dbms_metadata,unavailable,0.9349806438614418
6650539,3,6,0.01020408163265306,seed_project,Graph,seed_manifest,0.9350238174046944
66737655,3,6,0.01020408163265306,expanded_target_project,not_in_dbms_metadata,unavailable,0.9350669909479471
8804093,3,6,0.01020408163265306,expanded_target_project,not_in_dbms_metadata,unavailable,0.9351101644911998
11481074,2,6,0.006802721088435374,expanded_target_project,not_in_dbms_metadata,unavailable,0.9351533380344524
11486644,2,6,0.006802721088435374,expanded_target_project,not_in_dbms_metadata,unavailable,0.9351965115777052
116995448,2,6,0.006802721088435374,expanded_target_project,not_in_dbms_metadata,unavailable,0.9352396851209579
117965972,2,6,0.006802721088435374,expanded_target_project,not_in_dbms_metadata,unavailable,0.9352828586642106
121587063,2,6,0.006802721088435374,expanded_target_project,not_in_dbms_metadata,unavailable,0.9353260322074632
1388495,2,6,0.006802721088435374,expanded_target_project,not_in_dbms_metadata,unavailable,0.9353692057507159
146575135,2,6,0.006802721088435374,expanded_target_project,not_in_dbms_metadata,unavailable,0.9354123792939687
15785507,2,6,0.006802721088435374,expanded_target_project,not_in_dbms_metadata,unavailable,0.9354555528372214
17714713,2,6,0.006802721088435374,expanded_target_project,not_in_dbms_metadata,unavailable,0.935498726380474
184981,2,6,0.006802721088435374,seed_project,Key-value,seed_manifest,0.9355418999237267
19873619,2,6,0.006802721088435374,expanded_target_project,not_in_dbms_metadata,unavailable,0.9355850734669794
199921433,2,6,0.006802721088435374,expanded_target_project,not_in_dbms_metadata,unavailable,0.9356282470102322
20773773,2,6,0.006802721088435374,expanded_target_project,not_in_dbms_metadata,unavailable,0.9356714205534848
208698479,2,6,0.006802721088435374,expanded_target_project,not_in_dbms_metadata,unavailable,0.9357145940967375
27790789,2,6,0.006802721088435374,expanded_target_project,not_in_dbms_metadata,unavailable,0.9357577676399902
2988730,2,6,0.006802721088435374,expanded_target_project,not_in_dbms_metadata,unavailable,0.9358009411832429
31728565,2,6,0.006802721088435374,expanded_target_project,not_in_dbms_metadata,unavailable,0.9358441147264956
468576060,2,6,0.006802721088435374,expanded_target_project,not_in_dbms_metadata,unavailable,0.9358872882697483
50647838,2,6,0.006802721088435374,seed_project,Relational,seed_manifest,0.935930461813001
52425435,2,6,0.006802721088435374,expanded_target_project,not_in_dbms_metadata,unavailable,0.9359736353562537
559857046,2,6,0.006802721088435374,expanded_target_project,not_in_dbms_metadata,unavailable,0.9360168088995063
561964390,2,6,0.006802721088435374,expanded_target_project,not_in_dbms_metadata,unavailable,0.9360599824427591
61567949,2,6,0.006802721088435374,expanded_target_project,not_in_dbms_metadata,unavailable,0.9361031559860118
658518,2,6,0.006802721088435374,expanded_target_project,not_in_dbms_metadata,unavailable,0.9361463295292645
682834027,2,6,0.006802721088435374,expanded_target_project,not_in_dbms_metadata,unavailable,0.9361895030725171
731515911,2,6,0.006802721088435374,expanded_target_project,not_in_dbms_metadata,unavailable,0.9362326766157698
81384578,2,6,0.006802721088435374,expanded_target_project,not_in_dbms_metadata,unavailable,0.9362758501590226
90299507,2,6,0.006802721088435374,expanded_target_project,not_in_dbms_metadata,unavailable,0.9363190237022753
9384267,2,6,0.006802721088435374,expanded_target_project,not_in_dbms_metadata,unavailable,0.9363621972455279
96570421,2,6,0.006802721088435374,expanded_target_project,not_in_dbms_metadata,unavailable,0.9364053707887806
10232128,1,6,0.003401360544217687,expanded_target_project,not_in_dbms_metadata,unavailable,0.9364485443320333
116867981,1,6,0.003401360544217687,expanded_target_project,not_in_dbms_metadata,unavailable,0.9364917178752861
123590537,1,6,0.003401360544217687,expanded_target_project,not_in_dbms_metadata,unavailable,0.9365348914185387
124602093,1,6,0.003401360544217687,expanded_target_project,not_in_dbms_metadata,unavailable,0.9365780649617914
130727736,1,6,0.003401360544217687,expanded_target_project,not_in_dbms_metadata,unavailable,0.9366212385050441
131403312,1,6,0.003401360544217687,expanded_target_project,not_in_dbms_metadata,unavailable,0.9366644120482968
138105554,1,6,0.003401360544217687,expanded_target_project,not_in_dbms_metadata,unavailable,0.9367075855915495
138717670,1,6,0.003401360544217687,expanded_target_project,not_in_dbms_metadata,unavailable,0.9367507591348022
148253885,1,6,0.003401360544217687,expanded_target_project,not_in_dbms_metadata,unavailable,0.9367939326780549
148666822,1,6,0.003401360544217687,expanded_target_project,not_in_dbms_metadata,unavailable,0.9368371062213076
15993612,1,6,0.003401360544217687,expanded_target_project,not_in_dbms_metadata,unavailable,0.9368802797645602
18413405,1,6,0.003401360544217687,expanded_target_project,not_in_dbms_metadata,unavailable,0.936923453307813
1845223,1,6,0.003401360544217687,expanded_target_project,not_in_dbms_metadata,unavailable,0.9369666268510657
184635772,1,6,0.003401360544217687,expanded_target_project,not_in_dbms_metadata,unavailable,0.9370098003943184
18469325,1,6,0.003401360544217687,expanded_target_project,not_in_dbms_metadata,unavailable,0.937052973937571
191461487,1,6,0.003401360544217687,expanded_target_project,not_in_dbms_metadata,unavailable,0.9370961474808237
20312497,1,6,0.003401360544217687,expanded_target_project,not_in_dbms_metadata,unavailable,0.9371393210240765
206320,1,6,0.003401360544217687,expanded_target_project,not_in_dbms_metadata,unavailable,0.9371824945673292
214350064,1,6,0.003401360544217687,expanded_target_project,not_in_dbms_metadata,unavailable,0.9372256681105818
215263010,1,6,0.003401360544217687,expanded_target_project,not_in_dbms_metadata,unavailable,0.9372688416538345
215570371,1,6,0.003401360544217687,expanded_target_project,not_in_dbms_metadata,unavailable,0.9373120151970872
223241444,1,6,0.003401360544217687,expanded_target_project,not_in_dbms_metadata,unavailable,0.93735518874034
236055696,1,6,0.003401360544217687,expanded_target_project,not_in_dbms_metadata,unavailable,0.9373983622835926
237159,1,6,0.003401360544217687,expanded_target_project,not_in_dbms_metadata,unavailable,0.9374415358268453
2396600,1,6,0.003401360544217687,expanded_target_project,not_in_dbms_metadata,unavailable,0.937484709370098
242970900,1,6,0.003401360544217687,expanded_target_project,not_in_dbms_metadata,unavailable,0.9375278829133507
248868816,1,6,0.003401360544217687,expanded_target_project,not_in_dbms_metadata,unavailable,0.9375710564566034
279678961,1,6,0.003401360544217687,expanded_target_project,not_in_dbms_metadata,unavailable,0.9376142299998561
306084295,1,6,0.003401360544217687,expanded_target_project,not_in_dbms_metadata,unavailable,0.9376574035431088
324647622,1,6,0.003401360544217687,expanded_target_project,not_in_dbms_metadata,unavailable,0.9377005770863615
331691688,1,6,0.003401360544217687,expanded_target_project,not_in_dbms_metadata,unavailable,0.9377437506296141
342551701,1,6,0.003401360544217687,expanded_target_project,not_in_dbms_metadata,unavailable,0.9377869241728669
346425226,1,6,0.003401360544217687,expanded_target_project,not_in_dbms_metadata,unavailable,0.9378300977161196
350606794,1,6,0.003401360544217687,expanded_target_project,not_in_dbms_metadata,unavailable,0.9378732712593723
372511564,1,6,0.003401360544217687,expanded_target_project,not_in_dbms_metadata,unavailable,0.9379164448026249
373307571,1,6,0.003401360544217687,expanded_target_project,not_in_dbms_metadata,unavailable,0.9379596183458776
37796696,1,6,0.003401360544217687,expanded_target_project,not_in_dbms_metadata,unavailable,0.9380027918891304
378182560,1,6,0.003401360544217687,expanded_target_project,not_in_dbms_metadata,unavailable,0.938045965432383
394754122,1,6,0.003401360544217687,expanded_target_project,not_in_dbms_metadata,unavailable,0.9380891389756357
395893003,1,6,0.003401360544217687,expanded_target_project,not_in_dbms_metadata,unavailable,0.9381323125188884
408725643,1,6,0.003401360544217687,expanded_target_project,not_in_dbms_metadata,unavailable,0.9381754860621411
411125610,1,6,0.003401360544217687,expanded_target_project,not_in_dbms_metadata,unavailable,0.9382186596053939
423543171,1,6,0.003401360544217687,expanded_target_project,not_in_dbms_metadata,unavailable,0.9382618331486465
426543151,1,6,0.003401360544217687,expanded_target_project,not_in_dbms_metadata,unavailable,0.9383050066918992
436520237,1,6,0.003401360544217687,expanded_target_project,not_in_dbms_metadata,unavailable,0.9383481802351519
437944910,1,6,0.003401360544217687,expanded_target_project,not_in_dbms_metadata,unavailable,0.9383913537784045
4433540,1,6,0.003401360544217687,expanded_target_project,not_in_dbms_metadata,unavailable,0.9384345273216573
458035827,1,6,0.003401360544217687,expanded_target_project,not_in_dbms_metadata,unavailable,0.93847770086491
466511672,1,6,0.003401360544217687,expanded_target_project,not_in_dbms_metadata,unavailable,0.9385208744081627
46900076,1,6,0.003401360544217687,expanded_target_project,not_in_dbms_metadata,unavailable,0.9385640479514153
480211114,1,6,0.003401360544217687,expanded_target_project,not_in_dbms_metadata,unavailable,0.938607221494668
484214803,1,6,0.003401360544217687,expanded_target_project,not_in_dbms_metadata,unavailable,0.9386503950379208
486163275,1,6,0.003401360544217687,expanded_target_project,not_in_dbms_metadata,unavailable,0.9386935685811735
491797414,1,6,0.003401360544217687,expanded_target_project,not_in_dbms_metadata,unavailable,0.9387367421244261
493544360,1,6,0.003401360544217687,expanded_target_project,not_in_dbms_metadata,unavailable,0.9387799156676788
5011262,1,6,0.003401360544217687,expanded_target_project,not_in_dbms_metadata,unavailable,0.9388230892109315
511745739,1,6,0.003401360544217687,expanded_target_project,not_in_dbms_metadata,unavailable,0.9388662627541843
516540438,1,6,0.003401360544217687,expanded_target_project,not_in_dbms_metadata,unavailable,0.938909436297437
53238813,1,6,0.003401360544217687,expanded_target_project,not_in_dbms_metadata,unavailable,0.9389526098406896
53618789,1,6,0.003401360544217687,expanded_target_project,not_in_dbms_metadata,unavailable,0.9389957833839423
54158968,1,6,0.003401360544217687,expanded_target_project,not_in_dbms_metadata,unavailable,0.939038956927195
558921832,1,6,0.003401360544217687,expanded_target_project,not_in_dbms_metadata,unavailable,0.9390821304704478
570076073,1,6,0.003401360544217687,expanded_target_project,not_in_dbms_metadata,unavailable,0.9391253040137004
573114199,1,6,0.003401360544217687,expanded_target_project,not_in_dbms_metadata,unavailable,0.9391684775569531
5805256,1,6,0.003401360544217687,expanded_target_project,not_in_dbms_metadata,unavailable,0.9392116511002058
589268852,1,6,0.003401360544217687,expanded_target_project,not_in_dbms_metadata,unavailable,0.9392548246434584
591379023,1,6,0.003401360544217687,expanded_target_project,not_in_dbms_metadata,unavailable,0.9392979981867112
598116138,1,6,0.003401360544217687,expanded_target_project,not_in_dbms_metadata,unavailable,0.9393411717299639
609628254,1,6,0.003401360544217687,expanded_target_project,not_in_dbms_metadata,unavailable,0.9393843452732166
629776015,1,6,0.003401360544217687,expanded_target_project,not_in_dbms_metadata,unavailable,0.9394275188164692
630884988,1,6,0.003401360544217687,expanded_target_project,not_in_dbms_metadata,unavailable,0.9394706923597219
634160972,1,6,0.003401360544217687,expanded_target_project,not_in_dbms_metadata,unavailable,0.9395138659029747
637928904,1,6,0.003401360544217687,expanded_target_project,not_in_dbms_metadata,unavailable,0.9395570394462274
639698167,1,6,0.003401360544217687,expanded_target_project,not_in_dbms_metadata,unavailable,0.93960021298948
64404140,1,6,0.003401360544217687,seed_project,Key-value,seed_manifest,0.9396433865327327
647557800,1,6,0.003401360544217687,expanded_target_project,not_in_dbms_metadata,unavailable,0.9396865600759854
662391505,1,6,0.003401360544217687,expanded_target_project,not_in_dbms_metadata,unavailable,0.9397297336192382
664328726,1,6,0.003401360544217687,expanded_target_project,not_in_dbms_metadata,unavailable,0.9397729071624908
668665017,1,6,0.003401360544217687,expanded_target_project,not_in_dbms_metadata,unavailable,0.9398160807057435
672303273,1,6,0.003401360544217687,expanded_target_project,not_in_dbms_metadata,unavailable,0.9398592542489962
681705041,1,6,0.003401360544217687,expanded_target_project,not_in_dbms_metadata,unavailable,0.9399024277922489
683089774,1,6,0.003401360544217687,expanded_target_project,not_in_dbms_metadata,unavailable,0.9399456013355016
696834384,1,6,0.003401360544217687,expanded_target_project,not_in_dbms_metadata,unavailable,0.9399887748787543
70208775,1,6,0.003401360544217687,expanded_target_project,not_in_dbms_metadata,unavailable,0.940031948422007
713687624,1,6,0.003401360544217687,expanded_target_project,not_in_dbms_metadata,unavailable,0.9400751219652597
87735873,1,6,0.003401360544217687,expanded_target_project,not_in_dbms_metadata,unavailable,0.9401182955085123
90912724,1,6,0.003401360544217687,expanded_target_project,not_in_dbms_metadata,unavailable,0.9401614690517651
91054480,1,6,0.003401360544217687,expanded_target_project,not_in_dbms_metadata,unavailable,0.9402046425950178
56894212,5,5,0.017006802721088437,expanded_target_project,not_in_dbms_metadata,unavailable,0.9402406205477284
164047061,4,5,0.013605442176870748,expanded_target_project,not_in_dbms_metadata,unavailable,0.9402765985004389
176278485,4,5,0.013605442176870748,seed_project,Relational,seed_manifest,0.9403125764531495
178576091,4,5,0.013605442176870748,expanded_target_project,not_in_dbms_metadata,unavailable,0.9403485544058601
23405758,4,5,0.013605442176870748,seed_project,Key-value,seed_manifest,0.9403845323585707
4542716,4,5,0.013605442176870748,expanded_target_project,not_in_dbms_metadata,unavailable,0.9404205103112813
12682522,3,5,0.01020408163265306,expanded_target_project,not_in_dbms_metadata,unavailable,0.9404564882639919
14509169,3,5,0.01020408163265306,expanded_target_project,not_in_dbms_metadata,unavailable,0.9404924662167023
17381605,3,5,0.01020408163265306,expanded_target_project,not_in_dbms_metadata,unavailable,0.940528444169413
19330466,3,5,0.01020408163265306,expanded_target_project,not_in_dbms_metadata,unavailable,0.9405644221221235
19641638,3,5,0.01020408163265306,expanded_target_project,not_in_dbms_metadata,unavailable,0.9406004000748341
19953044,3,5,0.01020408163265306,expanded_target_project,not_in_dbms_metadata,unavailable,0.9406363780275447
2883574,3,5,0.01020408163265306,expanded_target_project,not_in_dbms_metadata,unavailable,0.9406723559802553
411318591,3,5,0.01020408163265306,expanded_target_project,not_in_dbms_metadata,unavailable,0.9407083339329658
453068084,3,5,0.01020408163265306,seed_project,Relational,seed_manifest,0.9407443118856764
548730031,3,5,0.01020408163265306,expanded_target_project,not_in_dbms_metadata,unavailable,0.940780289838387
65430363,3,5,0.01020408163265306,expanded_target_project,not_in_dbms_metadata,unavailable,0.9408162677910976
70676032,3,5,0.01020408163265306,expanded_target_project,not_in_dbms_metadata,unavailable,0.9408522457438082
88674404,3,5,0.01020408163265306,expanded_target_project,not_in_dbms_metadata,unavailable,0.9408882236965188
118105436,2,5,0.006802721088435374,expanded_target_project,not_in_dbms_metadata,unavailable,0.9409242016492293
121663790,2,5,0.006802721088435374,expanded_target_project,not_in_dbms_metadata,unavailable,0.9409601796019399
1361792,2,5,0.006802721088435374,expanded_target_project,not_in_dbms_metadata,unavailable,0.9409961575546505
136510559,2,5,0.006802721088435374,expanded_target_project,not_in_dbms_metadata,unavailable,0.9410321355073611
15510677,2,5,0.006802721088435374,expanded_target_project,not_in_dbms_metadata,unavailable,0.9410681134600717
155240458,2,5,0.006802721088435374,expanded_target_project,not_in_dbms_metadata,unavailable,0.9411040914127823
161681291,2,5,0.006802721088435374,expanded_target_project,not_in_dbms_metadata,unavailable,0.9411400693654928
177049645,2,5,0.006802721088435374,expanded_target_project,not_in_dbms_metadata,unavailable,0.9411760473182034
187269923,2,5,0.006802721088435374,expanded_target_project,not_in_dbms_metadata,unavailable,0.941212025270914
197584193,2,5,0.006802721088435374,expanded_target_project,not_in_dbms_metadata,unavailable,0.9412480032236246
204009988,2,5,0.006802721088435374,expanded_target_project,not_in_dbms_metadata,unavailable,0.9412839811763352
206791328,2,5,0.006802721088435374,expanded_target_project,not_in_dbms_metadata,unavailable,0.9413199591290458
210029529,2,5,0.006802721088435374,expanded_target_project,not_in_dbms_metadata,unavailable,0.9413559370817562
222887140,2,5,0.006802721088435374,expanded_target_project,not_in_dbms_metadata,unavailable,0.9413919150344668
22484898,2,5,0.006802721088435374,expanded_target_project,not_in_dbms_metadata,unavailable,0.9414278929871774
23664475,2,5,0.006802721088435374,expanded_target_project,not_in_dbms_metadata,unavailable,0.941463870939888
267482252,2,5,0.006802721088435374,expanded_target_project,not_in_dbms_metadata,unavailable,0.9414998488925986
296296855,2,5,0.006802721088435374,expanded_target_project,not_in_dbms_metadata,unavailable,0.9415358268453092
300752838,2,5,0.006802721088435374,expanded_target_project,not_in_dbms_metadata,unavailable,0.9415718047980197
33440467,2,5,0.006802721088435374,expanded_target_project,not_in_dbms_metadata,unavailable,0.9416077827507303
33753632,2,5,0.006802721088435374,expanded_target_project,not_in_dbms_metadata,unavailable,0.9416437607034409
39527318,2,5,0.006802721088435374,expanded_target_project,not_in_dbms_metadata,unavailable,0.9416797386561515
43441403,2,5,0.006802721088435374,expanded_target_project,not_in_dbms_metadata,unavailable,0.9417157166088621
438112499,2,5,0.006802721088435374,expanded_target_project,not_in_dbms_metadata,unavailable,0.9417516945615727
452337765,2,5,0.006802721088435374,expanded_target_project,not_in_dbms_metadata,unavailable,0.9417876725142832
47671127,2,5,0.006802721088435374,expanded_target_project,not_in_dbms_metadata,unavailable,0.9418236504669938
47848761,2,5,0.006802721088435374,expanded_target_project,not_in_dbms_metadata,unavailable,0.9418596284197044
5099453,2,5,0.006802721088435374,expanded_target_project,not_in_dbms_metadata,unavailable,0.941895606372415
520455244,2,5,0.006802721088435374,expanded_target_project,not_in_dbms_metadata,unavailable,0.9419315843251256
5909706,2,5,0.006802721088435374,expanded_target_project,not_in_dbms_metadata,unavailable,0.9419675622778362
59526988,2,5,0.006802721088435374,expanded_target_project,not_in_dbms_metadata,unavailable,0.9420035402305468
60188025,2,5,0.006802721088435374,expanded_target_project,not_in_dbms_metadata,unavailable,0.9420395181832573
607721298,2,5,0.006802721088435374,expanded_target_project,not_in_dbms_metadata,unavailable,0.9420754961359679
6742151,2,5,0.006802721088435374,expanded_target_project,not_in_dbms_metadata,unavailable,0.9421114740886785
81810486,2,5,0.006802721088435374,expanded_target_project,not_in_dbms_metadata,unavailable,0.942147452041389
9290699,2,5,0.006802721088435374,expanded_target_project,not_in_dbms_metadata,unavailable,0.9421834299940997
113455762,1,5,0.003401360544217687,expanded_target_project,not_in_dbms_metadata,unavailable,0.9422194079468103
12140830,1,5,0.003401360544217687,expanded_target_project,not_in_dbms_metadata,unavailable,0.9422553858995207
123068215,1,5,0.003401360544217687,expanded_target_project,not_in_dbms_metadata,unavailable,0.9422913638522313
12488845,1,5,0.003401360544217687,expanded_target_project,not_in_dbms_metadata,unavailable,0.9423273418049419
130140573,1,5,0.003401360544217687,expanded_target_project,not_in_dbms_metadata,unavailable,0.9423633197576525
14128006,1,5,0.003401360544217687,expanded_target_project,not_in_dbms_metadata,unavailable,0.9423992977103631
144752087,1,5,0.003401360544217687,expanded_target_project,not_in_dbms_metadata,unavailable,0.9424352756630737
148698815,1,5,0.003401360544217687,expanded_target_project,not_in_dbms_metadata,unavailable,0.9424712536157842
149782046,1,5,0.003401360544217687,expanded_target_project,not_in_dbms_metadata,unavailable,0.9425072315684948
154606109,1,5,0.003401360544217687,expanded_target_project,not_in_dbms_metadata,unavailable,0.9425432095212054
16019737,1,5,0.003401360544217687,expanded_target_project,not_in_dbms_metadata,unavailable,0.942579187473916
16431132,1,5,0.003401360544217687,expanded_target_project,not_in_dbms_metadata,unavailable,0.9426151654266266
16980777,1,5,0.003401360544217687,expanded_target_project,not_in_dbms_metadata,unavailable,0.9426511433793372
173458129,1,5,0.003401360544217687,expanded_target_project,not_in_dbms_metadata,unavailable,0.9426871213320477
175592968,1,5,0.003401360544217687,expanded_target_project,not_in_dbms_metadata,unavailable,0.9427230992847583
178628673,1,5,0.003401360544217687,expanded_target_project,not_in_dbms_metadata,unavailable,0.9427590772374689
1908577,1,5,0.003401360544217687,expanded_target_project,not_in_dbms_metadata,unavailable,0.9427950551901795
191988685,1,5,0.003401360544217687,expanded_target_project,not_in_dbms_metadata,unavailable,0.9428310331428901
203537234,1,5,0.003401360544217687,expanded_target_project,not_in_dbms_metadata,unavailable,0.9428670110956007
211309920,1,5,0.003401360544217687,expanded_target_project,not_in_dbms_metadata,unavailable,0.9429029890483112
21591001,1,5,0.003401360544217687,expanded_target_project,not_in_dbms_metadata,unavailable,0.9429389670010218
215948042,1,5,0.003401360544217687,expanded_target_project,not_in_dbms_metadata,unavailable,0.9429749449537324
216847853,1,5,0.003401360544217687,expanded_target_project,not_in_dbms_metadata,unavailable,0.943010922906443
218396611,1,5,0.003401360544217687,expanded_target_project,not_in_dbms_metadata,unavailable,0.9430469008591535
220602533,1,5,0.003401360544217687,expanded_target_project,not_in_dbms_metadata,unavailable,0.9430828788118641
222364980,1,5,0.003401360544217687,expanded_target_project,not_in_dbms_metadata,unavailable,0.9431188567645746
225497783,1,5,0.003401360544217687,expanded_target_project,not_in_dbms_metadata,unavailable,0.9431548347172852
230075785,1,5,0.003401360544217687,expanded_target_project,not_in_dbms_metadata,unavailable,0.9431908126699958
234839116,1,5,0.003401360544217687,expanded_target_project,not_in_dbms_metadata,unavailable,0.9432267906227064
23821422,1,5,0.003401360544217687,expanded_target_project,not_in_dbms_metadata,unavailable,0.943262768575417
26311145,1,5,0.003401360544217687,expanded_target_project,not_in_dbms_metadata,unavailable,0.9432987465281276
273200471,1,5,0.003401360544217687,expanded_target_project,not_in_dbms_metadata,unavailable,0.9433347244808381
276025804,1,5,0.003401360544217687,expanded_target_project,not_in_dbms_metadata,unavailable,0.9433707024335487
2804383,1,5,0.003401360544217687,expanded_target_project,not_in_dbms_metadata,unavailable,0.9434066803862593
282339941,1,5,0.003401360544217687,expanded_target_project,not_in_dbms_metadata,unavailable,0.9434426583389699
284165134,1,5,0.003401360544217687,expanded_target_project,not_in_dbms_metadata,unavailable,0.9434786362916805
285864234,1,5,0.003401360544217687,expanded_target_project,not_in_dbms_metadata,unavailable,0.9435146142443911
29178282,1,5,0.003401360544217687,expanded_target_project,not_in_dbms_metadata,unavailable,0.9435505921971016
294633672,1,5,0.003401360544217687,expanded_target_project,not_in_dbms_metadata,unavailable,0.9435865701498122
301695013,1,5,0.003401360544217687,expanded_target_project,not_in_dbms_metadata,unavailable,0.9436225481025228
32579343,1,5,0.003401360544217687,expanded_target_project,not_in_dbms_metadata,unavailable,0.9436585260552334
325822007,1,5,0.003401360544217687,expanded_target_project,not_in_dbms_metadata,unavailable,0.943694504007944
327528642,1,5,0.003401360544217687,expanded_target_project,not_in_dbms_metadata,unavailable,0.9437304819606546
344893038,1,5,0.003401360544217687,expanded_target_project,not_in_dbms_metadata,unavailable,0.943766459913365
349241,1,5,0.003401360544217687,expanded_target_project,not_in_dbms_metadata,unavailable,0.9438024378660756
356003512,1,5,0.003401360544217687,expanded_target_project,not_in_dbms_metadata,unavailable,0.9438384158187862
367361729,1,5,0.003401360544217687,expanded_target_project,not_in_dbms_metadata,unavailable,0.9438743937714968
368282919,1,5,0.003401360544217687,expanded_target_project,not_in_dbms_metadata,unavailable,0.9439103717242074
372560122,1,5,0.003401360544217687,expanded_target_project,not_in_dbms_metadata,unavailable,0.943946349676918
374876908,1,5,0.003401360544217687,expanded_target_project,not_in_dbms_metadata,unavailable,0.9439823276296285
383530539,1,5,0.003401360544217687,expanded_target_project,not_in_dbms_metadata,unavailable,0.9440183055823391
394498711,1,5,0.003401360544217687,expanded_target_project,not_in_dbms_metadata,unavailable,0.9440542835350497
3955647,1,5,0.003401360544217687,expanded_target_project,not_in_dbms_metadata,unavailable,0.9440902614877603
4084908,1,5,0.003401360544217687,expanded_target_project,not_in_dbms_metadata,unavailable,0.9441262394404709
409876755,1,5,0.003401360544217687,expanded_target_project,not_in_dbms_metadata,unavailable,0.9441622173931815
410009823,1,5,0.003401360544217687,expanded_target_project,not_in_dbms_metadata,unavailable,0.944198195345892
414314563,1,5,0.003401360544217687,expanded_target_project,not_in_dbms_metadata,unavailable,0.9442341732986026
421774239,1,5,0.003401360544217687,expanded_target_project,not_in_dbms_metadata,unavailable,0.9442701512513132
42304749,1,5,0.003401360544217687,expanded_target_project,not_in_dbms_metadata,unavailable,0.9443061292040238
4298283,1,5,0.003401360544217687,expanded_target_project,not_in_dbms_metadata,unavailable,0.9443421071567344
438707344,1,5,0.003401360544217687,expanded_target_project,not_in_dbms_metadata,unavailable,0.944378085109445
440909617,1,5,0.003401360544217687,expanded_target_project,not_in_dbms_metadata,unavailable,0.9444140630621555
462611119,1,5,0.003401360544217687,expanded_target_project,not_in_dbms_metadata,unavailable,0.9444500410148661
469617187,1,5,0.003401360544217687,expanded_target_project,not_in_dbms_metadata,unavailable,0.9444860189675767
48046454,1,5,0.003401360544217687,expanded_target_project,not_in_dbms_metadata,unavailable,0.9445219969202873
486278040,1,5,0.003401360544217687,expanded_target_project,not_in_dbms_metadata,unavailable,0.9445579748729979
493035916,1,5,0.003401360544217687,expanded_target_project,not_in_dbms_metadata,unavailable,0.9445939528257085
493497728,1,5,0.003401360544217687,expanded_target_project,not_in_dbms_metadata,unavailable,0.944629930778419
494505892,1,5,0.003401360544217687,expanded_target_project,not_in_dbms_metadata,unavailable,0.9446659087311295
50205233,1,5,0.003401360544217687,expanded_target_project,not_in_dbms_metadata,unavailable,0.9447018866838401
506590393,1,5,0.003401360544217687,expanded_target_project,not_in_dbms_metadata,unavailable,0.9447378646365507
516678127,1,5,0.003401360544217687,expanded_target_project,not_in_dbms_metadata,unavailable,0.9447738425892613
52071471,1,5,0.003401360544217687,expanded_target_project,not_in_dbms_metadata,unavailable,0.9448098205419719
523428811,1,5,0.003401360544217687,expanded_target_project,not_in_dbms_metadata,unavailable,0.9448457984946824
52382088,1,5,0.003401360544217687,expanded_target_project,not_in_dbms_metadata,unavailable,0.944881776447393
526080122,1,5,0.003401360544217687,expanded_target_project,not_in_dbms_metadata,unavailable,0.9449177544001036
541611463,1,5,0.003401360544217687,expanded_target_project,not_in_dbms_metadata,unavailable,0.9449537323528142
543387336,1,5,0.003401360544217687,expanded_target_project,not_in_dbms_metadata,unavailable,0.9449897103055248
55425573,1,5,0.003401360544217687,expanded_target_project,not_in_dbms_metadata,unavailable,0.9450256882582354
563510952,1,5,0.003401360544217687,expanded_target_project,not_in_dbms_metadata,unavailable,0.9450616662109459
565414082,1,5,0.003401360544217687,expanded_target_project,not_in_dbms_metadata,unavailable,0.9450976441636565
566619097,1,5,0.003401360544217687,expanded_target_project,not_in_dbms_metadata,unavailable,0.9451336221163671
571017556,1,5,0.003401360544217687,expanded_target_project,not_in_dbms_metadata,unavailable,0.9451696000690777
57182064,1,5,0.003401360544217687,expanded_target_project,not_in_dbms_metadata,unavailable,0.9452055780217883
572737300,1,5,0.003401360544217687,expanded_target_project,not_in_dbms_metadata,unavailable,0.9452415559744989
574468978,1,5,0.003401360544217687,expanded_target_project,not_in_dbms_metadata,unavailable,0.9452775339272094
581145740,1,5,0.003401360544217687,seed_project,Relational,seed_manifest,0.94531351187992
582862268,1,5,0.003401360544217687,expanded_target_project,not_in_dbms_metadata,unavailable,0.9453494898326306
593279745,1,5,0.003401360544217687,expanded_target_project,not_in_dbms_metadata,unavailable,0.9453854677853412
596533485,1,5,0.003401360544217687,expanded_target_project,not_in_dbms_metadata,unavailable,0.9454214457380518
601161044,1,5,0.003401360544217687,expanded_target_project,not_in_dbms_metadata,unavailable,0.9454574236907624
601683538,1,5,0.003401360544217687,expanded_target_project,not_in_dbms_metadata,unavailable,0.9454934016434728
606453630,1,5,0.003401360544217687,expanded_target_project,not_in_dbms_metadata,unavailable,0.9455293795961834
611464972,1,5,0.003401360544217687,expanded_target_project,not_in_dbms_metadata,unavailable,0.945565357548894
611964074,1,5,0.003401360544217687,expanded_target_project,not_in_dbms_metadata,unavailable,0.9456013355016046
616230792,1,5,0.003401360544217687,expanded_target_project,not_in_dbms_metadata,unavailable,0.9456373134543152
61945043,1,5,0.003401360544217687,expanded_target_project,not_in_dbms_metadata,unavailable,0.9456732914070258
620191422,1,5,0.003401360544217687,expanded_target_project,not_in_dbms_metadata,unavailable,0.9457092693597363
623177414,1,5,0.003401360544217687,expanded_target_project,not_in_dbms_metadata,unavailable,0.9457452473124469
632757232,1,5,0.003401360544217687,expanded_target_project,not_in_dbms_metadata,unavailable,0.9457812252651575
635369573,1,5,0.003401360544217687,expanded_target_project,not_in_dbms_metadata,unavailable,0.9458172032178681
64638071,1,5,0.003401360544217687,expanded_target_project,not_in_dbms_metadata,unavailable,0.9458531811705787
653993822,1,5,0.003401360544217687,expanded_target_project,not_in_dbms_metadata,unavailable,0.9458891591232893
655973045,1,5,0.003401360544217687,expanded_target_project,not_in_dbms_metadata,unavailable,0.9459251370759998
65915265,1,5,0.003401360544217687,expanded_target_project,not_in_dbms_metadata,unavailable,0.9459611150287104
660517465,1,5,0.003401360544217687,expanded_target_project,not_in_dbms_metadata,unavailable,0.945997092981421
662029190,1,5,0.003401360544217687,expanded_target_project,not_in_dbms_metadata,unavailable,0.9460330709341316
662533076,1,5,0.003401360544217687,expanded_target_project,not_in_dbms_metadata,unavailable,0.9460690488868422
664619356,1,5,0.003401360544217687,expanded_target_project,not_in_dbms_metadata,unavailable,0.9461050268395528
672058186,1,5,0.003401360544217687,expanded_target_project,not_in_dbms_metadata,unavailable,0.9461410047922633
679777282,1,5,0.003401360544217687,expanded_target_project,not_in_dbms_metadata,unavailable,0.9461769827449739
685139283,1,5,0.003401360544217687,expanded_target_project,not_in_dbms_metadata,unavailable,0.9462129606976845
691880760,1,5,0.003401360544217687,expanded_target_project,not_in_dbms_metadata,unavailable,0.946248938650395
693950742,1,5,0.003401360544217687,expanded_target_project,not_in_dbms_metadata,unavailable,0.9462849166031057
69809097,1,5,0.003401360544217687,expanded_target_project,not_in_dbms_metadata,unavailable,0.9463208945558162
704363799,1,5,0.003401360544217687,expanded_target_project,not_in_dbms_metadata,unavailable,0.9463568725085267
704985219,1,5,0.003401360544217687,expanded_target_project,not_in_dbms_metadata,unavailable,0.9463928504612373
71565220,1,5,0.003401360544217687,expanded_target_project,not_in_dbms_metadata,unavailable,0.9464288284139479
71835381,1,5,0.003401360544217687,expanded_target_project,not_in_dbms_metadata,unavailable,0.9464648063666585
719984336,1,5,0.003401360544217687,expanded_target_project,not_in_dbms_metadata,unavailable,0.9465007843193691
724187502,1,5,0.003401360544217687,expanded_target_project,not_in_dbms_metadata,unavailable,0.9465367622720797
727547054,1,5,0.003401360544217687,expanded_target_project,not_in_dbms_metadata,unavailable,0.9465727402247902
780266,1,5,0.003401360544217687,expanded_target_project,not_in_dbms_metadata,unavailable,0.9466087181775008
83363132,1,5,0.003401360544217687,expanded_target_project,not_in_dbms_metadata,unavailable,0.9466446961302114
8427964,1,5,0.003401360544217687,expanded_target_project,not_in_dbms_metadata,unavailable,0.946680674082922
84458512,1,5,0.003401360544217687,seed_project,Graph,seed_manifest,0.9467166520356326
87238466,1,5,0.003401360544217687,expanded_target_project,not_in_dbms_metadata,unavailable,0.9467526299883432
88213008,1,5,0.003401360544217687,expanded_target_project,not_in_dbms_metadata,unavailable,0.9467886079410537
9465623,1,5,0.003401360544217687,expanded_target_project,not_in_dbms_metadata,unavailable,0.9468245858937643
95343930,1,5,0.003401360544217687,expanded_target_project,not_in_dbms_metadata,unavailable,0.9468605638464749
98013453,1,5,0.003401360544217687,expanded_target_project,not_in_dbms_metadata,unavailable,0.9468965417991855
99412308,1,5,0.003401360544217687,expanded_target_project,not_in_dbms_metadata,unavailable,0.9469325197518961
99618772,1,5,0.003401360544217687,expanded_target_project,not_in_dbms_metadata,unavailable,0.9469684977046067
187523334,4,4,0.013605442176870748,expanded_target_project,not_in_dbms_metadata,unavailable,0.9469972800667751
24130045,4,4,0.013605442176870748,expanded_target_project,not_in_dbms_metadata,unavailable,0.9470260624289435
55072677,4,4,0.013605442176870748,seed_project,Vector,seed_manifest,0.947054844791112
560704231,4,4,0.013605442176870748,expanded_target_project,not_in_dbms_metadata,unavailable,0.9470836271532804
85504501,4,4,0.013605442176870748,expanded_target_project,not_in_dbms_metadata,unavailable,0.947112409515449
11208890,3,4,0.01020408163265306,expanded_target_project,not_in_dbms_metadata,unavailable,0.9471411918776174
113100288,3,4,0.01020408163265306,expanded_target_project,not_in_dbms_metadata,unavailable,0.9471699742397859
1287669,3,4,0.01020408163265306,expanded_target_project,not_in_dbms_metadata,unavailable,0.9471987566019543
13273703,3,4,0.01020408163265306,expanded_target_project,not_in_dbms_metadata,unavailable,0.9472275389641228
1625986,3,4,0.01020408163265306,expanded_target_project,not_in_dbms_metadata,unavailable,0.9472563213262912
1725199,3,4,0.01020408163265306,expanded_target_project,not_in_dbms_metadata,unavailable,0.9472851036884598
230595891,3,4,0.01020408163265306,expanded_target_project,not_in_dbms_metadata,unavailable,0.9473138860506282
30618733,3,4,0.01020408163265306,expanded_target_project,not_in_dbms_metadata,unavailable,0.9473426684127967
402945349,3,4,0.01020408163265306,expanded_target_project,"Wide column,Relational",dbms_metadata,0.9473714507749651
447060287,3,4,0.01020408163265306,expanded_target_project,not_in_dbms_metadata,unavailable,0.9474002331371336
8514,3,4,0.01020408163265306,expanded_target_project,not_in_dbms_metadata,unavailable,0.947429015499302
91074692,3,4,0.01020408163265306,expanded_target_project,not_in_dbms_metadata,unavailable,0.9474577978614704
95143992,3,4,0.01020408163265306,expanded_target_project,not_in_dbms_metadata,unavailable,0.947486580223639
116641240,2,4,0.006802721088435374,expanded_target_project,not_in_dbms_metadata,unavailable,0.9475153625858074
139314347,2,4,0.006802721088435374,expanded_target_project,not_in_dbms_metadata,unavailable,0.9475441449479759
145434487,2,4,0.006802721088435374,expanded_target_project,not_in_dbms_metadata,unavailable,0.9475729273101443
160919119,2,4,0.006802721088435374,expanded_target_project,not_in_dbms_metadata,unavailable,0.9476017096723128
165954705,2,4,0.006802721088435374,expanded_target_project,not_in_dbms_metadata,unavailable,0.9476304920344812
16916235,2,4,0.006802721088435374,expanded_target_project,not_in_dbms_metadata,unavailable,0.9476592743966498
202483348,2,4,0.006802721088435374,expanded_target_project,Key-value,dbms_metadata,0.9476880567588182
221993778,2,4,0.006802721088435374,expanded_target_project,not_in_dbms_metadata,unavailable,0.9477168391209867
23845253,2,4,0.006802721088435374,expanded_target_project,not_in_dbms_metadata,unavailable,0.9477456214831551
263442622,2,4,0.006802721088435374,expanded_target_project,not_in_dbms_metadata,unavailable,0.9477744038453236
2752522,2,4,0.006802721088435374,expanded_target_project,not_in_dbms_metadata,unavailable,0.947803186207492
29923817,2,4,0.006802721088435374,expanded_target_project,not_in_dbms_metadata,unavailable,0.9478319685696606
31261793,2,4,0.006802721088435374,expanded_target_project,not_in_dbms_metadata,unavailable,0.947860750931829
32238354,2,4,0.006802721088435374,expanded_target_project,not_in_dbms_metadata,unavailable,0.9478895332939974
330600696,2,4,0.006802721088435374,expanded_target_project,not_in_dbms_metadata,unavailable,0.9479183156561659
347277349,2,4,0.006802721088435374,expanded_target_project,not_in_dbms_metadata,unavailable,0.9479470980183343
356069432,2,4,0.006802721088435374,expanded_target_project,not_in_dbms_metadata,unavailable,0.9479758803805028
38744670,2,4,0.006802721088435374,expanded_target_project,not_in_dbms_metadata,unavailable,0.9480046627426713
391153869,2,4,0.006802721088435374,expanded_target_project,not_in_dbms_metadata,unavailable,0.9480334451048398
436236826,2,4,0.006802721088435374,expanded_target_project,not_in_dbms_metadata,unavailable,0.9480622274670082
438419937,2,4,0.006802721088435374,expanded_target_project,not_in_dbms_metadata,unavailable,0.9480910098291767
513208282,2,4,0.006802721088435374,expanded_target_project,not_in_dbms_metadata,unavailable,0.9481197921913451
621929252,2,4,0.006802721088435374,expanded_target_project,not_in_dbms_metadata,unavailable,0.9481485745535136
627846703,2,4,0.006802721088435374,expanded_target_project,not_in_dbms_metadata,unavailable,0.9481773569156821
63537249,2,4,0.006802721088435374,expanded_target_project,not_in_dbms_metadata,unavailable,0.9482061392778506
638739649,2,4,0.006802721088435374,expanded_target_project,not_in_dbms_metadata,unavailable,0.948234921640019
961036,2,4,0.006802721088435374,expanded_target_project,not_in_dbms_metadata,unavailable,0.9482637040021875
10166531,1,4,0.003401360544217687,expanded_target_project,not_in_dbms_metadata,unavailable,0.9482924863643559
102268227,1,4,0.003401360544217687,expanded_target_project,not_in_dbms_metadata,unavailable,0.9483212687265243
103195470,1,4,0.003401360544217687,expanded_target_project,not_in_dbms_metadata,unavailable,0.9483500510886929
11262602,1,4,0.003401360544217687,expanded_target_project,not_in_dbms_metadata,unavailable,0.9483788334508613
116165188,1,4,0.003401360544217687,expanded_target_project,not_in_dbms_metadata,unavailable,0.9484076158130298
11708465,1,4,0.003401360544217687,expanded_target_project,not_in_dbms_metadata,unavailable,0.9484363981751982
121554427,1,4,0.003401360544217687,expanded_target_project,not_in_dbms_metadata,unavailable,0.9484651805373667
123020983,1,4,0.003401360544217687,expanded_target_project,not_in_dbms_metadata,unavailable,0.9484939628995351
123518148,1,4,0.003401360544217687,expanded_target_project,not_in_dbms_metadata,unavailable,0.9485227452617037
124290783,1,4,0.003401360544217687,expanded_target_project,not_in_dbms_metadata,unavailable,0.9485515276238721
12584841,1,4,0.003401360544217687,expanded_target_project,not_in_dbms_metadata,unavailable,0.9485803099860406
125863507,1,4,0.003401360544217687,expanded_target_project,not_in_dbms_metadata,unavailable,0.948609092348209
13057937,1,4,0.003401360544217687,expanded_target_project,not_in_dbms_metadata,unavailable,0.9486378747103775
13092745,1,4,0.003401360544217687,expanded_target_project,not_in_dbms_metadata,unavailable,0.9486666570725459
134862372,1,4,0.003401360544217687,expanded_target_project,not_in_dbms_metadata,unavailable,0.9486954394347145
139201883,1,4,0.003401360544217687,expanded_target_project,not_in_dbms_metadata,unavailable,0.9487242217968829
140482476,1,4,0.003401360544217687,expanded_target_project,not_in_dbms_metadata,unavailable,0.9487530041590513
14624255,1,4,0.003401360544217687,expanded_target_project,not_in_dbms_metadata,unavailable,0.9487817865212198
147069330,1,4,0.003401360544217687,expanded_target_project,not_in_dbms_metadata,unavailable,0.9488105688833882
147069989,1,4,0.003401360544217687,expanded_target_project,not_in_dbms_metadata,unavailable,0.9488393512455567
148137989,1,4,0.003401360544217687,expanded_target_project,not_in_dbms_metadata,unavailable,0.9488681336077252
156968527,1,4,0.003401360544217687,expanded_target_project,not_in_dbms_metadata,unavailable,0.9488969159698937
157008425,1,4,0.003401360544217687,expanded_target_project,not_in_dbms_metadata,unavailable,0.9489256983320621
157463841,1,4,0.003401360544217687,expanded_target_project,not_in_dbms_metadata,unavailable,0.9489544806942306
162864176,1,4,0.003401360544217687,expanded_target_project,not_in_dbms_metadata,unavailable,0.948983263056399
167017214,1,4,0.003401360544217687,expanded_target_project,not_in_dbms_metadata,unavailable,0.9490120454185675
169656159,1,4,0.003401360544217687,expanded_target_project,not_in_dbms_metadata,unavailable,0.949040827780736
1746398,1,4,0.003401360544217687,expanded_target_project,not_in_dbms_metadata,unavailable,0.9490696101429045
1756541,1,4,0.003401360544217687,expanded_target_project,not_in_dbms_metadata,unavailable,0.9490983925050729
1780633,1,4,0.003401360544217687,expanded_target_project,not_in_dbms_metadata,unavailable,0.9491271748672414
178738123,1,4,0.003401360544217687,expanded_target_project,not_in_dbms_metadata,unavailable,0.9491559572294098
180863671,1,4,0.003401360544217687,expanded_target_project,not_in_dbms_metadata,unavailable,0.9491847395915782
18174590,1,4,0.003401360544217687,expanded_target_project,not_in_dbms_metadata,unavailable,0.9492135219537468
18314451,1,4,0.003401360544217687,expanded_target_project,not_in_dbms_metadata,unavailable,0.9492423043159152
185240903,1,4,0.003401360544217687,expanded_target_project,not_in_dbms_metadata,unavailable,0.9492710866780837
18800032,1,4,0.003401360544217687,seed_project,Key-value,seed_manifest,0.9492998690402521
190163438,1,4,0.003401360544217687,expanded_target_project,not_in_dbms_metadata,unavailable,0.9493286514024206
190994178,1,4,0.003401360544217687,expanded_target_project,not_in_dbms_metadata,unavailable,0.949357433764589
191655189,1,4,0.003401360544217687,expanded_target_project,not_in_dbms_metadata,unavailable,0.9493862161267576
191838304,1,4,0.003401360544217687,expanded_target_project,not_in_dbms_metadata,unavailable,0.949414998488926
19582982,1,4,0.003401360544217687,expanded_target_project,not_in_dbms_metadata,unavailable,0.9494437808510945
204788647,1,4,0.003401360544217687,expanded_target_project,not_in_dbms_metadata,unavailable,0.9494725632132629
206396,1,4,0.003401360544217687,expanded_target_project,not_in_dbms_metadata,unavailable,0.9495013455754314
209217594,1,4,0.003401360544217687,expanded_target_project,not_in_dbms_metadata,unavailable,0.9495301279375998
214566843,1,4,0.003401360544217687,expanded_target_project,not_in_dbms_metadata,unavailable,0.9495589102997684
216069489,1,4,0.003401360544217687,expanded_target_project,not_in_dbms_metadata,unavailable,0.9495876926619368
216254547,1,4,0.003401360544217687,expanded_target_project,not_in_dbms_metadata,unavailable,0.9496164750241052
219865964,1,4,0.003401360544217687,expanded_target_project,not_in_dbms_metadata,unavailable,0.9496452573862737
224374031,1,4,0.003401360544217687,expanded_target_project,not_in_dbms_metadata,unavailable,0.9496740397484421
230847070,1,4,0.003401360544217687,expanded_target_project,not_in_dbms_metadata,unavailable,0.9497028221106106
237360465,1,4,0.003401360544217687,expanded_target_project,not_in_dbms_metadata,unavailable,0.949731604472779
242479774,1,4,0.003401360544217687,expanded_target_project,not_in_dbms_metadata,unavailable,0.9497603868349476
244979294,1,4,0.003401360544217687,expanded_target_project,not_in_dbms_metadata,unavailable,0.949789169197116
249956697,1,4,0.003401360544217687,expanded_target_project,not_in_dbms_metadata,unavailable,0.9498179515592845
25345759,1,4,0.003401360544217687,expanded_target_project,not_in_dbms_metadata,unavailable,0.9498467339214529
259281907,1,4,0.003401360544217687,expanded_target_project,not_in_dbms_metadata,unavailable,0.9498755162836214
259933623,1,4,0.003401360544217687,expanded_target_project,not_in_dbms_metadata,unavailable,0.9499042986457898
260338399,1,4,0.003401360544217687,expanded_target_project,not_in_dbms_metadata,unavailable,0.9499330810079584
26426726,1,4,0.003401360544217687,expanded_target_project,not_in_dbms_metadata,unavailable,0.9499618633701268
266179818,1,4,0.003401360544217687,expanded_target_project,not_in_dbms_metadata,unavailable,0.9499906457322953
276136616,1,4,0.003401360544217687,expanded_target_project,not_in_dbms_metadata,unavailable,0.9500194280944637
278745987,1,4,0.003401360544217687,expanded_target_project,not_in_dbms_metadata,unavailable,0.9500482104566321
2804438,1,4,0.003401360544217687,expanded_target_project,not_in_dbms_metadata,unavailable,0.9500769928188006
281634568,1,4,0.003401360544217687,expanded_target_project,not_in_dbms_metadata,unavailable,0.9501057751809691
283817011,1,4,0.003401360544217687,expanded_target_project,not_in_dbms_metadata,unavailable,0.9501345575431376
291570,1,4,0.003401360544217687,expanded_target_project,not_in_dbms_metadata,unavailable,0.950163339905306
294129886,1,4,0.003401360544217687,expanded_target_project,not_in_dbms_metadata,unavailable,0.9501921222674745
295885135,1,4,0.003401360544217687,expanded_target_project,not_in_dbms_metadata,unavailable,0.9502209046296429
300726227,1,4,0.003401360544217687,expanded_target_project,not_in_dbms_metadata,unavailable,0.9502496869918114
30434289,1,4,0.003401360544217687,expanded_target_project,not_in_dbms_metadata,unavailable,0.9502784693539799
305514104,1,4,0.003401360544217687,expanded_target_project,not_in_dbms_metadata,unavailable,0.9503072517161484
322028429,1,4,0.003401360544217687,expanded_target_project,not_in_dbms_metadata,unavailable,0.9503360340783168
32769228,1,4,0.003401360544217687,expanded_target_project,not_in_dbms_metadata,unavailable,0.9503648164404853
330211847,1,4,0.003401360544217687,expanded_target_project,not_in_dbms_metadata,unavailable,0.9503935988026537
335671865,1,4,0.003401360544217687,expanded_target_project,not_in_dbms_metadata,unavailable,0.9504223811648222
34087729,1,4,0.003401360544217687,expanded_target_project,not_in_dbms_metadata,unavailable,0.9504511635269907
34527204,1,4,0.003401360544217687,expanded_target_project,not_in_dbms_metadata,unavailable,0.9504799458891591
346109201,1,4,0.003401360544217687,expanded_target_project,not_in_dbms_metadata,unavailable,0.9505087282513276
35566048,1,4,0.003401360544217687,expanded_target_project,not_in_dbms_metadata,unavailable,0.950537510613496
359607103,1,4,0.003401360544217687,expanded_target_project,not_in_dbms_metadata,unavailable,0.9505662929756645
362712307,1,4,0.003401360544217687,expanded_target_project,not_in_dbms_metadata,unavailable,0.9505950753378329
364534653,1,4,0.003401360544217687,expanded_target_project,not_in_dbms_metadata,unavailable,0.9506238577000015
366300218,1,4,0.003401360544217687,expanded_target_project,not_in_dbms_metadata,unavailable,0.9506526400621699
367869181,1,4,0.003401360544217687,expanded_target_project,not_in_dbms_metadata,unavailable,0.9506814224243384
368395082,1,4,0.003401360544217687,expanded_target_project,not_in_dbms_metadata,unavailable,0.9507102047865068
368626599,1,4,0.003401360544217687,expanded_target_project,not_in_dbms_metadata,unavailable,0.9507389871486753
37290652,1,4,0.003401360544217687,expanded_target_project,not_in_dbms_metadata,unavailable,0.9507677695108437
37440338,1,4,0.003401360544217687,expanded_target_project,not_in_dbms_metadata,unavailable,0.9507965518730123
374544800,1,4,0.003401360544217687,expanded_target_project,not_in_dbms_metadata,unavailable,0.9508253342351807
374765810,1,4,0.003401360544217687,expanded_target_project,not_in_dbms_metadata,unavailable,0.9508541165973492
375027048,1,4,0.003401360544217687,expanded_target_project,not_in_dbms_metadata,unavailable,0.9508828989595176
379969359,1,4,0.003401360544217687,expanded_target_project,not_in_dbms_metadata,unavailable,0.950911681321686
384131047,1,4,0.003401360544217687,expanded_target_project,not_in_dbms_metadata,unavailable,0.9509404636838545
387598861,1,4,0.003401360544217687,expanded_target_project,not_in_dbms_metadata,unavailable,0.950969246046023
388840211,1,4,0.003401360544217687,expanded_target_project,not_in_dbms_metadata,unavailable,0.9509980284081915
388884666,1,4,0.003401360544217687,expanded_target_project,not_in_dbms_metadata,unavailable,0.9510268107703599
39592840,1,4,0.003401360544217687,expanded_target_project,not_in_dbms_metadata,unavailable,0.9510555931325284
39842065,1,4,0.003401360544217687,expanded_target_project,not_in_dbms_metadata,unavailable,0.9510843754946968
404086694,1,4,0.003401360544217687,expanded_target_project,not_in_dbms_metadata,unavailable,0.9511131578568653
4067434,1,4,0.003401360544217687,expanded_target_project,not_in_dbms_metadata,unavailable,0.9511419402190338
410716689,1,4,0.003401360544217687,expanded_target_project,not_in_dbms_metadata,unavailable,0.9511707225812023
4128353,1,4,0.003401360544217687,expanded_target_project,not_in_dbms_metadata,unavailable,0.9511995049433707
413071565,1,4,0.003401360544217687,expanded_target_project,not_in_dbms_metadata,unavailable,0.9512282873055392
414013547,1,4,0.003401360544217687,expanded_target_project,not_in_dbms_metadata,unavailable,0.9512570696677076
414399712,1,4,0.003401360544217687,expanded_target_project,not_in_dbms_metadata,unavailable,0.9512858520298761
41943138,1,4,0.003401360544217687,expanded_target_project,not_in_dbms_metadata,unavailable,0.9513146343920446
422455952,1,4,0.003401360544217687,expanded_target_project,not_in_dbms_metadata,unavailable,0.951343416754213
42408804,1,4,0.003401360544217687,expanded_target_project,not_in_dbms_metadata,unavailable,0.9513721991163815
439728561,1,4,0.003401360544217687,expanded_target_project,not_in_dbms_metadata,unavailable,0.9514009814785499
443226474,1,4,0.003401360544217687,expanded_target_project,not_in_dbms_metadata,unavailable,0.9514297638407184
445557289,1,4,0.003401360544217687,expanded_target_project,not_in_dbms_metadata,unavailable,0.9514585462028868
450602159,1,4,0.003401360544217687,expanded_target_project,not_in_dbms_metadata,unavailable,0.9514873285650554
460076120,1,4,0.003401360544217687,expanded_target_project,not_in_dbms_metadata,unavailable,0.9515161109272238
46052837,1,4,0.003401360544217687,expanded_target_project,not_in_dbms_metadata,unavailable,0.9515448932893923
469877060,1,4,0.003401360544217687,expanded_target_project,not_in_dbms_metadata,unavailable,0.9515736756515607
470405503,1,4,0.003401360544217687,expanded_target_project,not_in_dbms_metadata,unavailable,0.9516024580137292
475599,1,4,0.003401360544217687,expanded_target_project,not_in_dbms_metadata,unavailable,0.9516312403758976
47849203,1,4,0.003401360544217687,expanded_target_project,not_in_dbms_metadata,unavailable,0.9516600227380662
478529906,1,4,0.003401360544217687,expanded_target_project,not_in_dbms_metadata,unavailable,0.9516888051002346
480239936,1,4,0.003401360544217687,expanded_target_project,not_in_dbms_metadata,unavailable,0.9517175874624031
480318757,1,4,0.003401360544217687,expanded_target_project,not_in_dbms_metadata,unavailable,0.9517463698245715
48062626,1,4,0.003401360544217687,expanded_target_project,not_in_dbms_metadata,unavailable,0.9517751521867399
490601958,1,4,0.003401360544217687,expanded_target_project,not_in_dbms_metadata,unavailable,0.9518039345489084
491623541,1,4,0.003401360544217687,expanded_target_project,not_in_dbms_metadata,unavailable,0.9518327169110768
495285029,1,4,0.003401360544217687,expanded_target_project,not_in_dbms_metadata,unavailable,0.9518614992732454
496006028,1,4,0.003401360544217687,expanded_target_project,not_in_dbms_metadata,unavailable,0.9518902816354138
49827098,1,4,0.003401360544217687,expanded_target_project,not_in_dbms_metadata,unavailable,0.9519190639975823
502225300,1,4,0.003401360544217687,expanded_target_project,not_in_dbms_metadata,unavailable,0.9519478463597507
506753162,1,4,0.003401360544217687,expanded_target_project,not_in_dbms_metadata,unavailable,0.9519766287219192
513412912,1,4,0.003401360544217687,expanded_target_project,not_in_dbms_metadata,unavailable,0.9520054110840876
516813356,1,4,0.003401360544217687,expanded_target_project,not_in_dbms_metadata,unavailable,0.9520341934462562
517972406,1,4,0.003401360544217687,expanded_target_project,not_in_dbms_metadata,unavailable,0.9520629758084246
519728947,1,4,0.003401360544217687,expanded_target_project,not_in_dbms_metadata,unavailable,0.9520917581705931
521371906,1,4,0.003401360544217687,expanded_target_project,not_in_dbms_metadata,unavailable,0.9521205405327615
523981741,1,4,0.003401360544217687,expanded_target_project,not_in_dbms_metadata,unavailable,0.95214932289493
52509220,1,4,0.003401360544217687,expanded_target_project,not_in_dbms_metadata,unavailable,0.9521781052570985
53174933,1,4,0.003401360544217687,expanded_target_project,not_in_dbms_metadata,unavailable,0.9522068876192669
532842713,1,4,0.003401360544217687,expanded_target_project,not_in_dbms_metadata,unavailable,0.9522356699814354
535259589,1,4,0.003401360544217687,expanded_target_project,not_in_dbms_metadata,unavailable,0.9522644523436038
539006295,1,4,0.003401360544217687,expanded_target_project,not_in_dbms_metadata,unavailable,0.9522932347057723
54141768,1,4,0.003401360544217687,expanded_target_project,not_in_dbms_metadata,unavailable,0.9523220170679407
548349609,1,4,0.003401360544217687,expanded_target_project,not_in_dbms_metadata,unavailable,0.9523507994301093
551440734,1,4,0.003401360544217687,expanded_target_project,not_in_dbms_metadata,unavailable,0.9523795817922777
56128731,1,4,0.003401360544217687,expanded_target_project,not_in_dbms_metadata,unavailable,0.9524083641544462
566665301,1,4,0.003401360544217687,expanded_target_project,not_in_dbms_metadata,unavailable,0.9524371465166146
569774736,1,4,0.003401360544217687,expanded_target_project,not_in_dbms_metadata,unavailable,0.9524659288787831
572389548,1,4,0.003401360544217687,expanded_target_project,not_in_dbms_metadata,unavailable,0.9524947112409515
573788038,1,4,0.003401360544217687,expanded_target_project,not_in_dbms_metadata,unavailable,0.95252349360312
574008360,1,4,0.003401360544217687,expanded_target_project,not_in_dbms_metadata,unavailable,0.9525522759652885
583148820,1,4,0.003401360544217687,expanded_target_project,not_in_dbms_metadata,unavailable,0.952581058327457
584083190,1,4,0.003401360544217687,expanded_target_project,not_in_dbms_metadata,unavailable,0.9526098406896254
586254338,1,4,0.003401360544217687,expanded_target_project,not_in_dbms_metadata,unavailable,0.9526386230517938
590166847,1,4,0.003401360544217687,expanded_target_project,not_in_dbms_metadata,unavailable,0.9526674054139623
591550077,1,4,0.003401360544217687,expanded_target_project,not_in_dbms_metadata,unavailable,0.9526961877761307
593091353,1,4,0.003401360544217687,expanded_target_project,not_in_dbms_metadata,unavailable,0.9527249701382993
595446941,1,4,0.003401360544217687,expanded_target_project,not_in_dbms_metadata,unavailable,0.9527537525004677
595551370,1,4,0.003401360544217687,expanded_target_project,not_in_dbms_metadata,unavailable,0.9527825348626362
596888243,1,4,0.003401360544217687,expanded_target_project,not_in_dbms_metadata,unavailable,0.9528113172248046
599915831,1,4,0.003401360544217687,expanded_target_project,not_in_dbms_metadata,unavailable,0.9528400995869731
600047029,1,4,0.003401360544217687,expanded_target_project,not_in_dbms_metadata,unavailable,0.9528688819491415
603442118,1,4,0.003401360544217687,expanded_target_project,not_in_dbms_metadata,unavailable,0.9528976643113101
605762688,1,4,0.003401360544217687,expanded_target_project,not_in_dbms_metadata,unavailable,0.9529264466734785
605858652,1,4,0.003401360544217687,expanded_target_project,not_in_dbms_metadata,unavailable,0.952955229035647
608298960,1,4,0.003401360544217687,expanded_target_project,not_in_dbms_metadata,unavailable,0.9529840113978154
621434160,1,4,0.003401360544217687,expanded_target_project,not_in_dbms_metadata,unavailable,0.9530127937599839
625808524,1,4,0.003401360544217687,expanded_target_project,not_in_dbms_metadata,unavailable,0.9530415761221523
626069118,1,4,0.003401360544217687,expanded_target_project,not_in_dbms_metadata,unavailable,0.9530703584843208
629673149,1,4,0.003401360544217687,expanded_target_project,not_in_dbms_metadata,unavailable,0.9530991408464893
630409576,1,4,0.003401360544217687,expanded_target_project,not_in_dbms_metadata,unavailable,0.9531279232086577
632877536,1,4,0.003401360544217687,expanded_target_project,not_in_dbms_metadata,unavailable,0.9531567055708262
634122163,1,4,0.003401360544217687,expanded_target_project,not_in_dbms_metadata,unavailable,0.9531854879329946
6376337,1,4,0.003401360544217687,expanded_target_project,not_in_dbms_metadata,unavailable,0.9532142702951631
640183,1,4,0.003401360544217687,expanded_target_project,not_in_dbms_metadata,unavailable,0.9532430526573316
641028344,1,4,0.003401360544217687,expanded_target_project,not_in_dbms_metadata,unavailable,0.9532718350195001
642737900,1,4,0.003401360544217687,expanded_target_project,not_in_dbms_metadata,unavailable,0.9533006173816685
643327645,1,4,0.003401360544217687,expanded_target_project,not_in_dbms_metadata,unavailable,0.953329399743837
643477279,1,4,0.003401360544217687,expanded_target_project,not_in_dbms_metadata,unavailable,0.9533581821060054
6438280,1,4,0.003401360544217687,expanded_target_project,not_in_dbms_metadata,unavailable,0.953386964468174
645077934,1,4,0.003401360544217687,expanded_target_project,not_in_dbms_metadata,unavailable,0.9534157468303424
647863103,1,4,0.003401360544217687,expanded_target_project,not_in_dbms_metadata,unavailable,0.9534445291925109
654473883,1,4,0.003401360544217687,expanded_target_project,not_in_dbms_metadata,unavailable,0.9534733115546793
656099147,1,4,0.003401360544217687,expanded_target_project,not_in_dbms_metadata,unavailable,0.9535020939168477
657139254,1,4,0.003401360544217687,expanded_target_project,not_in_dbms_metadata,unavailable,0.9535308762790162
662292489,1,4,0.003401360544217687,expanded_target_project,not_in_dbms_metadata,unavailable,0.9535596586411846
66314075,1,4,0.003401360544217687,expanded_target_project,not_in_dbms_metadata,unavailable,0.9535884410033532
663487567,1,4,0.003401360544217687,expanded_target_project,not_in_dbms_metadata,unavailable,0.9536172233655216
6652220,1,4,0.003401360544217687,expanded_target_project,not_in_dbms_metadata,unavailable,0.9536460057276901
668515688,1,4,0.003401360544217687,expanded_target_project,not_in_dbms_metadata,unavailable,0.9536747880898585
6701057,1,4,0.003401360544217687,expanded_target_project,not_in_dbms_metadata,unavailable,0.953703570452027
673210244,1,4,0.003401360544217687,expanded_target_project,not_in_dbms_metadata,unavailable,0.9537323528141954
674469838,1,4,0.003401360544217687,expanded_target_project,not_in_dbms_metadata,unavailable,0.953761135176364
679025373,1,4,0.003401360544217687,expanded_target_project,not_in_dbms_metadata,unavailable,0.9537899175385324
679628763,1,4,0.003401360544217687,expanded_target_project,not_in_dbms_metadata,unavailable,0.9538186999007009
682081244,1,4,0.003401360544217687,expanded_target_project,not_in_dbms_metadata,unavailable,0.9538474822628693
685997609,1,4,0.003401360544217687,expanded_target_project,not_in_dbms_metadata,unavailable,0.9538762646250378
686003893,1,4,0.003401360544217687,expanded_target_project,not_in_dbms_metadata,unavailable,0.9539050469872062
687314385,1,4,0.003401360544217687,expanded_target_project,not_in_dbms_metadata,unavailable,0.9539338293493747
688760465,1,4,0.003401360544217687,expanded_target_project,not_in_dbms_metadata,unavailable,0.9539626117115432
689504627,1,4,0.003401360544217687,expanded_target_project,not_in_dbms_metadata,unavailable,0.9539913940737116
695953081,1,4,0.003401360544217687,expanded_target_project,not_in_dbms_metadata,unavailable,0.9540201764358801
6988020,1,4,0.003401360544217687,expanded_target_project,not_in_dbms_metadata,unavailable,0.9540489587980485
711582,1,4,0.003401360544217687,expanded_target_project,not_in_dbms_metadata,unavailable,0.954077741160217
72888736,1,4,0.003401360544217687,expanded_target_project,not_in_dbms_metadata,unavailable,0.9541065235223855
729889072,1,4,0.003401360544217687,expanded_target_project,not_in_dbms_metadata,unavailable,0.954135305884554
73948366,1,4,0.003401360544217687,expanded_target_project,not_in_dbms_metadata,unavailable,0.9541640882467224
770901,1,4,0.003401360544217687,expanded_target_project,not_in_dbms_metadata,unavailable,0.9541928706088909
77394483,1,4,0.003401360544217687,expanded_target_project,not_in_dbms_metadata,unavailable,0.9542216529710593
78460122,1,4,0.003401360544217687,expanded_target_project,not_in_dbms_metadata,unavailable,0.9542504353332278
8249948,1,4,0.003401360544217687,expanded_target_project,not_in_dbms_metadata,unavailable,0.9542792176953963
89197041,1,4,0.003401360544217687,expanded_target_project,not_in_dbms_metadata,unavailable,0.9543080000575648
8926444,1,4,0.003401360544217687,expanded_target_project,not_in_dbms_metadata,unavailable,0.9543367824197332
99737692,1,4,0.003401360544217687,expanded_target_project,not_in_dbms_metadata,unavailable,0.9543655647819016
111431261,3,3,0.01020408163265306,expanded_target_project,not_in_dbms_metadata,unavailable,0.954387151553528
14212940,3,3,0.01020408163265306,expanded_target_project,not_in_dbms_metadata,unavailable,0.9544087383251544
150013328,3,3,0.01020408163265306,seed_project,Key-value,seed_manifest,0.9544303250967807
151619717,3,3,0.01020408163265306,expanded_target_project,not_in_dbms_metadata,unavailable,0.954451911868407
163883279,3,3,0.01020408163265306,expanded_target_project,not_in_dbms_metadata,unavailable,0.9544734986400334
17527989,3,3,0.01020408163265306,expanded_target_project,not_in_dbms_metadata,unavailable,0.9544950854116597
180687624,3,3,0.01020408163265306,expanded_target_project,not_in_dbms_metadata,unavailable,0.9545166721832861
200696780,3,3,0.01020408163265306,expanded_target_project,not_in_dbms_metadata,unavailable,0.9545382589549124
208728772,3,3,0.01020408163265306,seed_project,Vector,seed_manifest,0.9545598457265387
2328181,3,3,0.01020408163265306,expanded_target_project,not_in_dbms_metadata,unavailable,0.9545814324981651
27549019,3,3,0.01020408163265306,expanded_target_project,not_in_dbms_metadata,unavailable,0.9546030192697915
31180321,3,3,0.01020408163265306,expanded_target_project,not_in_dbms_metadata,unavailable,0.9546246060414179
36817457,3,3,0.01020408163265306,expanded_target_project,not_in_dbms_metadata,unavailable,0.9546461928130442
40736127,3,3,0.01020408163265306,expanded_target_project,not_in_dbms_metadata,unavailable,0.9546677795846705
49401134,3,3,0.01020408163265306,expanded_target_project,not_in_dbms_metadata,unavailable,0.9546893663562969
523043277,3,3,0.01020408163265306,expanded_target_project,not_in_dbms_metadata,unavailable,0.9547109531279232
53548867,3,3,0.01020408163265306,expanded_target_project,not_in_dbms_metadata,unavailable,0.9547325398995495
55185530,3,3,0.01020408163265306,expanded_target_project,not_in_dbms_metadata,unavailable,0.9547541266711759
5682770,3,3,0.01020408163265306,expanded_target_project,not_in_dbms_metadata,unavailable,0.9547757134428022
607289185,3,3,0.01020408163265306,expanded_target_project,not_in_dbms_metadata,unavailable,0.9547973002144285
63749548,3,3,0.01020408163265306,expanded_target_project,not_in_dbms_metadata,unavailable,0.954818886986055
67006105,3,3,0.01020408163265306,expanded_target_project,not_in_dbms_metadata,unavailable,0.9548404737576813
779570,3,3,0.01020408163265306,expanded_target_project,not_in_dbms_metadata,unavailable,0.9548620605293077
79317191,3,3,0.01020408163265306,seed_project,Search Engine,seed_manifest,0.954883647300934
102216161,2,3,0.006802721088435374,expanded_target_project,not_in_dbms_metadata,unavailable,0.9549052340725603
1062572,2,3,0.006802721088435374,expanded_target_project,not_in_dbms_metadata,unavailable,0.9549268208441867
11006053,2,3,0.006802721088435374,expanded_target_project,not_in_dbms_metadata,unavailable,0.954948407615813
112655189,2,3,0.006802721088435374,expanded_target_project,not_in_dbms_metadata,unavailable,0.9549699943874393
113677956,2,3,0.006802721088435374,expanded_target_project,not_in_dbms_metadata,unavailable,0.9549915811590657
116140523,2,3,0.006802721088435374,expanded_target_project,not_in_dbms_metadata,unavailable,0.955013167930692
1303538,2,3,0.006802721088435374,expanded_target_project,not_in_dbms_metadata,unavailable,0.9550347547023185
133431470,2,3,0.006802721088435374,expanded_target_project,not_in_dbms_metadata,unavailable,0.9550563414739448
133442384,2,3,0.006802721088435374,expanded_target_project,not_in_dbms_metadata,unavailable,0.9550779282455711
139914932,2,3,0.006802721088435374,expanded_target_project,not_in_dbms_metadata,unavailable,0.9550995150171975
140609832,2,3,0.006802721088435374,expanded_target_project,not_in_dbms_metadata,unavailable,0.9551211017888238
14281190,2,3,0.006802721088435374,expanded_target_project,not_in_dbms_metadata,unavailable,0.9551426885604501
143328315,2,3,0.006802721088435374,expanded_target_project,not_in_dbms_metadata,unavailable,0.9551642753320765
149824037,2,3,0.006802721088435374,expanded_target_project,not_in_dbms_metadata,unavailable,0.9551858621037028
151233646,2,3,0.006802721088435374,expanded_target_project,not_in_dbms_metadata,unavailable,0.9552074488753292
154744163,2,3,0.006802721088435374,expanded_target_project,not_in_dbms_metadata,unavailable,0.9552290356469555
155243481,2,3,0.006802721088435374,expanded_target_project,not_in_dbms_metadata,unavailable,0.9552506224185819
158310651,2,3,0.006802721088435374,expanded_target_project,not_in_dbms_metadata,unavailable,0.9552722091902083
159005377,2,3,0.006802721088435374,expanded_target_project,not_in_dbms_metadata,unavailable,0.9552937959618346
16345015,2,3,0.006802721088435374,expanded_target_project,not_in_dbms_metadata,unavailable,0.955315382733461
172104891,2,3,0.006802721088435374,expanded_target_project,not_in_dbms_metadata,unavailable,0.9553369695050873
17224514,2,3,0.006802721088435374,seed_project,Key-value,seed_manifest,0.9553585562767136
17234665,2,3,0.006802721088435374,expanded_target_project,not_in_dbms_metadata,unavailable,0.95538014304834
17451182,2,3,0.006802721088435374,expanded_target_project,not_in_dbms_metadata,unavailable,0.9554017298199663
18004019,2,3,0.006802721088435374,expanded_target_project,not_in_dbms_metadata,unavailable,0.9554233165915926
18192493,2,3,0.006802721088435374,expanded_target_project,not_in_dbms_metadata,unavailable,0.955444903363219
182466444,2,3,0.006802721088435374,expanded_target_project,not_in_dbms_metadata,unavailable,0.9554664901348454
18906266,2,3,0.006802721088435374,expanded_target_project,not_in_dbms_metadata,unavailable,0.9554880769064718
200663555,2,3,0.006802721088435374,expanded_target_project,not_in_dbms_metadata,unavailable,0.9555096636780981
205417,2,3,0.006802721088435374,expanded_target_project,not_in_dbms_metadata,unavailable,0.9555312504497244
21088403,2,3,0.006802721088435374,expanded_target_project,not_in_dbms_metadata,unavailable,0.9555528372213508
213947642,2,3,0.006802721088435374,expanded_target_project,not_in_dbms_metadata,unavailable,0.9555744239929771
2174666,2,3,0.006802721088435374,expanded_target_project,not_in_dbms_metadata,unavailable,0.9555960107646034
23982180,2,3,0.006802721088435374,expanded_target_project,not_in_dbms_metadata,unavailable,0.9556175975362298
24182261,2,3,0.006802721088435374,expanded_target_project,not_in_dbms_metadata,unavailable,0.9556391843078561
254351989,2,3,0.006802721088435374,expanded_target_project,not_in_dbms_metadata,unavailable,0.9556607710794824
25890500,2,3,0.006802721088435374,expanded_target_project,not_in_dbms_metadata,unavailable,0.9556823578511089
26002040,2,3,0.006802721088435374,expanded_target_project,not_in_dbms_metadata,unavailable,0.9557039446227352
27193779,2,3,0.006802721088435374,expanded_target_project,not_in_dbms_metadata,unavailable,0.9557255313943616
28061676,2,3,0.006802721088435374,expanded_target_project,not_in_dbms_metadata,unavailable,0.9557471181659879
29197565,2,3,0.006802721088435374,expanded_target_project,not_in_dbms_metadata,unavailable,0.9557687049376142
2992074,2,3,0.006802721088435374,expanded_target_project,not_in_dbms_metadata,unavailable,0.9557902917092406
301742,2,3,0.006802721088435374,expanded_target_project,not_in_dbms_metadata,unavailable,0.9558118784808669
30945132,2,3,0.006802721088435374,expanded_target_project,not_in_dbms_metadata,unavailable,0.9558334652524932
32097112,2,3,0.006802721088435374,expanded_target_project,not_in_dbms_metadata,unavailable,0.9558550520241196
329445418,2,3,0.006802721088435374,expanded_target_project,not_in_dbms_metadata,unavailable,0.9558766387957459
335164964,2,3,0.006802721088435374,expanded_target_project,not_in_dbms_metadata,unavailable,0.9558982255673724
348845699,2,3,0.006802721088435374,expanded_target_project,not_in_dbms_metadata,unavailable,0.9559198123389987
35823699,2,3,0.006802721088435374,expanded_target_project,not_in_dbms_metadata,unavailable,0.955941399110625
36891867,2,3,0.006802721088435374,expanded_target_project,not_in_dbms_metadata,unavailable,0.9559629858822514
372630017,2,3,0.006802721088435374,expanded_target_project,not_in_dbms_metadata,unavailable,0.9559845726538777
375736511,2,3,0.006802721088435374,expanded_target_project,not_in_dbms_metadata,unavailable,0.956006159425504
38373338,2,3,0.006802721088435374,expanded_target_project,not_in_dbms_metadata,unavailable,0.9560277461971304
38505249,2,3,0.006802721088435374,expanded_target_project,not_in_dbms_metadata,unavailable,0.9560493329687567
39062978,2,3,0.006802721088435374,expanded_target_project,not_in_dbms_metadata,unavailable,0.956070919740383
39176169,2,3,0.006802721088435374,expanded_target_project,not_in_dbms_metadata,unavailable,0.9560925065120094
39907649,2,3,0.006802721088435374,expanded_target_project,not_in_dbms_metadata,unavailable,0.9561140932836358
41632796,2,3,0.006802721088435374,expanded_target_project,not_in_dbms_metadata,unavailable,0.9561356800552622
436912897,2,3,0.006802721088435374,expanded_target_project,not_in_dbms_metadata,unavailable,0.9561572668268885
467355866,2,3,0.006802721088435374,expanded_target_project,not_in_dbms_metadata,unavailable,0.9561788535985148
476372928,2,3,0.006802721088435374,expanded_target_project,not_in_dbms_metadata,unavailable,0.9562004403701412
490359003,2,3,0.006802721088435374,expanded_target_project,not_in_dbms_metadata,unavailable,0.9562220271417675
49244766,2,3,0.006802721088435374,expanded_target_project,not_in_dbms_metadata,unavailable,0.9562436139133939
515881221,2,3,0.006802721088435374,expanded_target_project,not_in_dbms_metadata,unavailable,0.9562652006850202
54412018,2,3,0.006802721088435374,expanded_target_project,not_in_dbms_metadata,unavailable,0.9562867874566465
551374215,2,3,0.006802721088435374,seed_project,Relational,seed_manifest,0.9563083742282729
56128733,2,3,0.006802721088435374,seed_project,Relational,seed_manifest,0.9563299609998993
571929,2,3,0.006802721088435374,expanded_target_project,not_in_dbms_metadata,unavailable,0.9563515477715256
618492,2,3,0.006802721088435374,expanded_target_project,not_in_dbms_metadata,unavailable,0.956373134543152
624131986,2,3,0.006802721088435374,expanded_target_project,not_in_dbms_metadata,unavailable,0.9563947213147783
63375710,2,3,0.006802721088435374,expanded_target_project,not_in_dbms_metadata,unavailable,0.9564163080864047
6358188,2,3,0.006802721088435374,seed_project,Wide column#dbdbio>|<dbengines#Relational,seed_manifest,0.956437894858031
639046841,2,3,0.006802721088435374,expanded_target_project,not_in_dbms_metadata,unavailable,0.9564594816296573
669011066,2,3,0.006802721088435374,expanded_target_project,not_in_dbms_metadata,unavailable,0.9564810684012837
7035651,2,3,0.006802721088435374,expanded_target_project,not_in_dbms_metadata,unavailable,0.95650265517291
82552640,2,3,0.006802721088435374,expanded_target_project,not_in_dbms_metadata,unavailable,0.9565242419445363
97753277,2,3,0.006802721088435374,expanded_target_project,not_in_dbms_metadata,unavailable,0.9565458287161628
991475,2,3,0.006802721088435374,expanded_target_project,not_in_dbms_metadata,unavailable,0.9565674154877891
100683024,1,3,0.003401360544217687,expanded_target_project,not_in_dbms_metadata,unavailable,0.9565890022594155
101408117,1,3,0.003401360544217687,expanded_target_project,not_in_dbms_metadata,unavailable,0.9566105890310418
101664763,1,3,0.003401360544217687,expanded_target_project,not_in_dbms_metadata,unavailable,0.9566321758026681
10364381,1,3,0.003401360544217687,expanded_target_project,not_in_dbms_metadata,unavailable,0.9566537625742945
10394615,1,3,0.003401360544217687,expanded_target_project,not_in_dbms_metadata,unavailable,0.9566753493459208
103980089,1,3,0.003401360544217687,expanded_target_project,not_in_dbms_metadata,unavailable,0.9566969361175471
106481151,1,3,0.003401360544217687,expanded_target_project,not_in_dbms_metadata,unavailable,0.9567185228891735
106805892,1,3,0.003401360544217687,expanded_target_project,not_in_dbms_metadata,unavailable,0.9567401096607998
106898220,1,3,0.003401360544217687,expanded_target_project,not_in_dbms_metadata,unavailable,0.9567616964324263
108883966,1,3,0.003401360544217687,expanded_target_project,not_in_dbms_metadata,unavailable,0.9567832832040526
108908685,1,3,0.003401360544217687,expanded_target_project,not_in_dbms_metadata,unavailable,0.9568048699756789
109404010,1,3,0.003401360544217687,expanded_target_project,not_in_dbms_metadata,unavailable,0.9568264567473053
109711622,1,3,0.003401360544217687,expanded_target_project,not_in_dbms_metadata,unavailable,0.9568480435189316
109803086,1,3,0.003401360544217687,expanded_target_project,not_in_dbms_metadata,unavailable,0.9568696302905579
113678303,1,3,0.003401360544217687,expanded_target_project,not_in_dbms_metadata,unavailable,0.9568912170621843
113701924,1,3,0.003401360544217687,expanded_target_project,not_in_dbms_metadata,unavailable,0.9569128038338106
11452676,1,3,0.003401360544217687,expanded_target_project,not_in_dbms_metadata,unavailable,0.956934390605437
11482978,1,3,0.003401360544217687,expanded_target_project,not_in_dbms_metadata,unavailable,0.9569559773770633
115191628,1,3,0.003401360544217687,expanded_target_project,not_in_dbms_metadata,unavailable,0.9569775641486897
116038660,1,3,0.003401360544217687,expanded_target_project,not_in_dbms_metadata,unavailable,0.9569991509203161
11676453,1,3,0.003401360544217687,expanded_target_project,not_in_dbms_metadata,unavailable,0.9570207376919424
117380983,1,3,0.003401360544217687,expanded_target_project,not_in_dbms_metadata,unavailable,0.9570423244635687
118498743,1,3,0.003401360544217687,expanded_target_project,not_in_dbms_metadata,unavailable,0.9570639112351951
120157734,1,3,0.003401360544217687,expanded_target_project,not_in_dbms_metadata,unavailable,0.9570854980068214
121236494,1,3,0.003401360544217687,expanded_target_project,not_in_dbms_metadata,unavailable,0.9571070847784477
121676470,1,3,0.003401360544217687,expanded_target_project,not_in_dbms_metadata,unavailable,0.9571286715500741
122235145,1,3,0.003401360544217687,expanded_target_project,not_in_dbms_metadata,unavailable,0.9571502583217004
12344532,1,3,0.003401360544217687,expanded_target_project,not_in_dbms_metadata,unavailable,0.9571718450933268
126250425,1,3,0.003401360544217687,expanded_target_project,not_in_dbms_metadata,unavailable,0.9571934318649532
128887107,1,3,0.003401360544217687,expanded_target_project,not_in_dbms_metadata,unavailable,0.9572150186365795
130237506,1,3,0.003401360544217687,expanded_target_project,not_in_dbms_metadata,unavailable,0.9572366054082059
133134007,1,3,0.003401360544217687,expanded_target_project,not_in_dbms_metadata,unavailable,0.9572581921798322
134603838,1,3,0.003401360544217687,expanded_target_project,not_in_dbms_metadata,unavailable,0.9572797789514585
135900664,1,3,0.003401360544217687,expanded_target_project,not_in_dbms_metadata,unavailable,0.9573013657230849
137247827,1,3,0.003401360544217687,expanded_target_project,not_in_dbms_metadata,unavailable,0.9573229524947112
138290517,1,3,0.003401360544217687,expanded_target_project,not_in_dbms_metadata,unavailable,0.9573445392663376
13868694,1,3,0.003401360544217687,expanded_target_project,not_in_dbms_metadata,unavailable,0.9573661260379639
139405400,1,3,0.003401360544217687,expanded_target_project,not_in_dbms_metadata,unavailable,0.9573877128095902
139543029,1,3,0.003401360544217687,expanded_target_project,not_in_dbms_metadata,unavailable,0.9574092995812167
143379187,1,3,0.003401360544217687,expanded_target_project,not_in_dbms_metadata,unavailable,0.957430886352843
143841882,1,3,0.003401360544217687,expanded_target_project,not_in_dbms_metadata,unavailable,0.9574524731244693
144419645,1,3,0.003401360544217687,expanded_target_project,not_in_dbms_metadata,unavailable,0.9574740598960957
145303551,1,3,0.003401360544217687,expanded_target_project,not_in_dbms_metadata,unavailable,0.957495646667722
14594941,1,3,0.003401360544217687,expanded_target_project,not_in_dbms_metadata,unavailable,0.9575172334393484
147342506,1,3,0.003401360544217687,expanded_target_project,not_in_dbms_metadata,unavailable,0.9575388202109747
150225803,1,3,0.003401360544217687,expanded_target_project,not_in_dbms_metadata,unavailable,0.957560406982601
15208514,1,3,0.003401360544217687,expanded_target_project,not_in_dbms_metadata,unavailable,0.9575819937542274
153279483,1,3,0.003401360544217687,expanded_target_project,not_in_dbms_metadata,unavailable,0.9576035805258537
153882884,1,3,0.003401360544217687,expanded_target_project,not_in_dbms_metadata,unavailable,0.9576251672974802
1575956,1,3,0.003401360544217687,expanded_target_project,not_in_dbms_metadata,unavailable,0.9576467540691065
15993599,1,3,0.003401360544217687,expanded_target_project,not_in_dbms_metadata,unavailable,0.9576683408407328
162168274,1,3,0.003401360544217687,expanded_target_project,not_in_dbms_metadata,unavailable,0.9576899276123592
163847389,1,3,0.003401360544217687,expanded_target_project,not_in_dbms_metadata,unavailable,0.9577115143839855
165478163,1,3,0.003401360544217687,expanded_target_project,not_in_dbms_metadata,unavailable,0.9577331011556118
165957180,1,3,0.003401360544217687,expanded_target_project,not_in_dbms_metadata,unavailable,0.9577546879272382
167553735,1,3,0.003401360544217687,expanded_target_project,not_in_dbms_metadata,unavailable,0.9577762746988645
167666671,1,3,0.003401360544217687,expanded_target_project,not_in_dbms_metadata,unavailable,0.9577978614704908
16795933,1,3,0.003401360544217687,expanded_target_project,not_in_dbms_metadata,unavailable,0.9578194482421172
169677297,1,3,0.003401360544217687,expanded_target_project,not_in_dbms_metadata,unavailable,0.9578410350137436
172401332,1,3,0.003401360544217687,expanded_target_project,not_in_dbms_metadata,unavailable,0.95786262178537
173009358,1,3,0.003401360544217687,expanded_target_project,not_in_dbms_metadata,unavailable,0.9578842085569963
179866722,1,3,0.003401360544217687,expanded_target_project,not_in_dbms_metadata,unavailable,0.9579057953286226
181738376,1,3,0.003401360544217687,expanded_target_project,not_in_dbms_metadata,unavailable,0.957927382100249
184636558,1,3,0.003401360544217687,expanded_target_project,not_in_dbms_metadata,unavailable,0.9579489688718753
187811455,1,3,0.003401360544217687,expanded_target_project,not_in_dbms_metadata,unavailable,0.9579705556435016
191316757,1,3,0.003401360544217687,expanded_target_project,not_in_dbms_metadata,unavailable,0.957992142415128
192345200,1,3,0.003401360544217687,expanded_target_project,not_in_dbms_metadata,unavailable,0.9580137291867543
194645305,1,3,0.003401360544217687,expanded_target_project,not_in_dbms_metadata,unavailable,0.9580353159583807
195927552,1,3,0.003401360544217687,expanded_target_project,not_in_dbms_metadata,unavailable,0.9580569027300071
196555066,1,3,0.003401360544217687,expanded_target_project,not_in_dbms_metadata,unavailable,0.9580784895016334
204888772,1,3,0.003401360544217687,expanded_target_project,not_in_dbms_metadata,unavailable,0.9581000762732598
206378,1,3,0.003401360544217687,expanded_target_project,not_in_dbms_metadata,unavailable,0.9581216630448861
20675634,1,3,0.003401360544217687,expanded_target_project,not_in_dbms_metadata,unavailable,0.9581432498165124
207618995,1,3,0.003401360544217687,expanded_target_project,not_in_dbms_metadata,unavailable,0.9581648365881388
209642759,1,3,0.003401360544217687,expanded_target_project,not_in_dbms_metadata,unavailable,0.9581864233597651
210788647,1,3,0.003401360544217687,expanded_target_project,not_in_dbms_metadata,unavailable,0.9582080101313915
210909024,1,3,0.003401360544217687,expanded_target_project,not_in_dbms_metadata,unavailable,0.9582295969030178
215231163,1,3,0.003401360544217687,expanded_target_project,not_in_dbms_metadata,unavailable,0.9582511836746441
216581567,1,3,0.003401360544217687,expanded_target_project,not_in_dbms_metadata,unavailable,0.9582727704462706
218559411,1,3,0.003401360544217687,expanded_target_project,not_in_dbms_metadata,unavailable,0.9582943572178969
221177708,1,3,0.003401360544217687,expanded_target_project,not_in_dbms_metadata,unavailable,0.9583159439895232
221437306,1,3,0.003401360544217687,expanded_target_project,not_in_dbms_metadata,unavailable,0.9583375307611496
22321368,1,3,0.003401360544217687,expanded_target_project,not_in_dbms_metadata,unavailable,0.9583591175327759
225419211,1,3,0.003401360544217687,expanded_target_project,not_in_dbms_metadata,unavailable,0.9583807043044023
228117837,1,3,0.003401360544217687,expanded_target_project,not_in_dbms_metadata,unavailable,0.9584022910760286
228868155,1,3,0.003401360544217687,expanded_target_project,not_in_dbms_metadata,unavailable,0.9584238778476549
231268,1,3,0.003401360544217687,expanded_target_project,not_in_dbms_metadata,unavailable,0.9584454646192813
23351479,1,3,0.003401360544217687,expanded_target_project,not_in_dbms_metadata,unavailable,0.9584670513909076
23362234,1,3,0.003401360544217687,expanded_target_project,not_in_dbms_metadata,unavailable,0.958488638162534
23465977,1,3,0.003401360544217687,expanded_target_project,not_in_dbms_metadata,unavailable,0.9585102249341604
235866201,1,3,0.003401360544217687,expanded_target_project,not_in_dbms_metadata,unavailable,0.9585318117057867
237547093,1,3,0.003401360544217687,expanded_target_project,not_in_dbms_metadata,unavailable,0.958553398477413
237617513,1,3,0.003401360544217687,expanded_target_project,not_in_dbms_metadata,unavailable,0.9585749852490394
23837751,1,3,0.003401360544217687,expanded_target_project,not_in_dbms_metadata,unavailable,0.9585965720206657
23930639,1,3,0.003401360544217687,expanded_target_project,not_in_dbms_metadata,unavailable,0.9586181587922921
240466,1,3,0.003401360544217687,expanded_target_project,not_in_dbms_metadata,unavailable,0.9586397455639184
240819531,1,3,0.003401360544217687,expanded_target_project,not_in_dbms_metadata,unavailable,0.9586613323355447
2423322,1,3,0.003401360544217687,expanded_target_project,not_in_dbms_metadata,unavailable,0.9586829191071711
243452117,1,3,0.003401360544217687,expanded_target_project,not_in_dbms_metadata,unavailable,0.9587045058787975
251747948,1,3,0.003401360544217687,expanded_target_project,not_in_dbms_metadata,unavailable,0.9587260926504239
2524488,1,3,0.003401360544217687,seed_project,Wide column,seed_manifest,0.9587476794220502
25287349,1,3,0.003401360544217687,expanded_target_project,not_in_dbms_metadata,unavailable,0.9587692661936765
255262523,1,3,0.003401360544217687,expanded_target_project,not_in_dbms_metadata,unavailable,0.9587908529653029
255546948,1,3,0.003401360544217687,expanded_target_project,not_in_dbms_metadata,unavailable,0.9588124397369292
256061008,1,3,0.003401360544217687,expanded_target_project,not_in_dbms_metadata,unavailable,0.9588340265085555
25719147,1,3,0.003401360544217687,expanded_target_project,not_in_dbms_metadata,unavailable,0.9588556132801819
260167348,1,3,0.003401360544217687,expanded_target_project,not_in_dbms_metadata,unavailable,0.9588772000518082
260488959,1,3,0.003401360544217687,expanded_target_project,not_in_dbms_metadata,unavailable,0.9588987868234345
263035471,1,3,0.003401360544217687,expanded_target_project,not_in_dbms_metadata,unavailable,0.958920373595061
264999390,1,3,0.003401360544217687,expanded_target_project,not_in_dbms_metadata,unavailable,0.9589419603666873
269177629,1,3,0.003401360544217687,expanded_target_project,not_in_dbms_metadata,unavailable,0.9589635471383137
275257814,1,3,0.003401360544217687,expanded_target_project,not_in_dbms_metadata,unavailable,0.95898513390994
275647768,1,3,0.003401360544217687,expanded_target_project,not_in_dbms_metadata,unavailable,0.9590067206815663
275650396,1,3,0.003401360544217687,expanded_target_project,not_in_dbms_metadata,unavailable,0.9590283074531927
283187702,1,3,0.003401360544217687,expanded_target_project,not_in_dbms_metadata,unavailable,0.959049894224819
283343889,1,3,0.003401360544217687,expanded_target_project,not_in_dbms_metadata,unavailable,0.9590714809964453
289243246,1,3,0.003401360544217687,expanded_target_project,not_in_dbms_metadata,unavailable,0.9590930677680717
289382944,1,3,0.003401360544217687,expanded_target_project,not_in_dbms_metadata,unavailable,0.959114654539698
292053394,1,3,0.003401360544217687,expanded_target_project,not_in_dbms_metadata,unavailable,0.9591362413113245
29207621,1,3,0.003401360544217687,expanded_target_project,not_in_dbms_metadata,unavailable,0.9591578280829508
292381946,1,3,0.003401360544217687,expanded_target_project,not_in_dbms_metadata,unavailable,0.9591794148545771
295598569,1,3,0.003401360544217687,expanded_target_project,not_in_dbms_metadata,unavailable,0.9592010016262035
295807341,1,3,0.003401360544217687,expanded_target_project,not_in_dbms_metadata,unavailable,0.9592225883978298
296547184,1,3,0.003401360544217687,expanded_target_project,not_in_dbms_metadata,unavailable,0.9592441751694561
300290246,1,3,0.003401360544217687,expanded_target_project,not_in_dbms_metadata,unavailable,0.9592657619410825
302298095,1,3,0.003401360544217687,expanded_target_project,not_in_dbms_metadata,unavailable,0.9592873487127088
303803422,1,3,0.003401360544217687,expanded_target_project,not_in_dbms_metadata,unavailable,0.9593089354843352
307214458,1,3,0.003401360544217687,expanded_target_project,not_in_dbms_metadata,unavailable,0.9593305222559615
308653481,1,3,0.003401360544217687,expanded_target_project,not_in_dbms_metadata,unavailable,0.9593521090275879
313250436,1,3,0.003401360544217687,expanded_target_project,not_in_dbms_metadata,unavailable,0.9593736957992143
3148979,1,3,0.003401360544217687,expanded_target_project,not_in_dbms_metadata,unavailable,0.9593952825708406
315928700,1,3,0.003401360544217687,expanded_target_project,not_in_dbms_metadata,unavailable,0.959416869342467
317173754,1,3,0.003401360544217687,expanded_target_project,not_in_dbms_metadata,unavailable,0.9594384561140933
325329172,1,3,0.003401360544217687,expanded_target_project,not_in_dbms_metadata,unavailable,0.9594600428857196
325329184,1,3,0.003401360544217687,expanded_target_project,not_in_dbms_metadata,unavailable,0.959481629657346
325329228,1,3,0.003401360544217687,expanded_target_project,not_in_dbms_metadata,unavailable,0.9595032164289723
325329294,1,3,0.003401360544217687,expanded_target_project,not_in_dbms_metadata,unavailable,0.9595248032005986
325701502,1,3,0.003401360544217687,expanded_target_project,not_in_dbms_metadata,unavailable,0.959546389972225
327089870,1,3,0.003401360544217687,expanded_target_project,not_in_dbms_metadata,unavailable,0.9595679767438514
32795118,1,3,0.003401360544217687,expanded_target_project,not_in_dbms_metadata,unavailable,0.9595895635154778
330802289,1,3,0.003401360544217687,expanded_target_project,not_in_dbms_metadata,unavailable,0.9596111502871041
3328856,1,3,0.003401360544217687,expanded_target_project,not_in_dbms_metadata,unavailable,0.9596327370587304
336256257,1,3,0.003401360544217687,expanded_target_project,not_in_dbms_metadata,unavailable,0.9596543238303568
336298167,1,3,0.003401360544217687,expanded_target_project,not_in_dbms_metadata,unavailable,0.9596759106019831
338771983,1,3,0.003401360544217687,expanded_target_project,not_in_dbms_metadata,unavailable,0.9596974973736094
34416282,1,3,0.003401360544217687,expanded_target_project,not_in_dbms_metadata,unavailable,0.9597190841452358
347171555,1,3,0.003401360544217687,expanded_target_project,not_in_dbms_metadata,unavailable,0.9597406709168621
349707098,1,3,0.003401360544217687,expanded_target_project,not_in_dbms_metadata,unavailable,0.9597622576884884
35339348,1,3,0.003401360544217687,expanded_target_project,not_in_dbms_metadata,unavailable,0.9597838444601149
353523898,1,3,0.003401360544217687,expanded_target_project,not_in_dbms_metadata,unavailable,0.9598054312317412
355029829,1,3,0.003401360544217687,expanded_target_project,not_in_dbms_metadata,unavailable,0.9598270180033676
355636760,1,3,0.003401360544217687,expanded_target_project,not_in_dbms_metadata,unavailable,0.9598486047749939
35701030,1,3,0.003401360544217687,expanded_target_project,not_in_dbms_metadata,unavailable,0.9598701915466202
357510578,1,3,0.003401360544217687,expanded_target_project,not_in_dbms_metadata,unavailable,0.9598917783182466
357720135,1,3,0.003401360544217687,expanded_target_project,not_in_dbms_metadata,unavailable,0.9599133650898729
357794679,1,3,0.003401360544217687,expanded_target_project,not_in_dbms_metadata,unavailable,0.9599349518614992
360735059,1,3,0.003401360544217687,expanded_target_project,not_in_dbms_metadata,unavailable,0.9599565386331256
363341351,1,3,0.003401360544217687,expanded_target_project,not_in_dbms_metadata,unavailable,0.9599781254047519
368257515,1,3,0.003401360544217687,expanded_target_project,not_in_dbms_metadata,unavailable,0.9599997121763784
372609963,1,3,0.003401360544217687,expanded_target_project,not_in_dbms_metadata,unavailable,0.9600212989480047
37334619,1,3,0.003401360544217687,expanded_target_project,not_in_dbms_metadata,unavailable,0.960042885719631
373697868,1,3,0.003401360544217687,expanded_target_project,not_in_dbms_metadata,unavailable,0.9600644724912574
375543829,1,3,0.003401360544217687,expanded_target_project,not_in_dbms_metadata,unavailable,0.9600860592628837
380944275,1,3,0.003401360544217687,expanded_target_project,not_in_dbms_metadata,unavailable,0.96010764603451
387486196,1,3,0.003401360544217687,expanded_target_project,not_in_dbms_metadata,unavailable,0.9601292328061364
387486323,1,3,0.003401360544217687,expanded_target_project,not_in_dbms_metadata,unavailable,0.9601508195777627
393094567,1,3,0.003401360544217687,expanded_target_project,not_in_dbms_metadata,unavailable,0.960172406349389
394929332,1,3,0.003401360544217687,expanded_target_project,not_in_dbms_metadata,unavailable,0.9601939931210154
398251321,1,3,0.003401360544217687,expanded_target_project,not_in_dbms_metadata,unavailable,0.9602155798926418
400786610,1,3,0.003401360544217687,expanded_target_project,not_in_dbms_metadata,unavailable,0.9602371666642682
405937971,1,3,0.003401360544217687,expanded_target_project,not_in_dbms_metadata,unavailable,0.9602587534358945
40781628,1,3,0.003401360544217687,expanded_target_project,not_in_dbms_metadata,unavailable,0.9602803402075208
409814339,1,3,0.003401360544217687,expanded_target_project,not_in_dbms_metadata,unavailable,0.9603019269791472
411261949,1,3,0.003401360544217687,expanded_target_project,not_in_dbms_metadata,unavailable,0.9603235137507735
415174355,1,3,0.003401360544217687,expanded_target_project,not_in_dbms_metadata,unavailable,0.9603451005223999
415895268,1,3,0.003401360544217687,expanded_target_project,not_in_dbms_metadata,unavailable,0.9603666872940262
420838357,1,3,0.003401360544217687,expanded_target_project,not_in_dbms_metadata,unavailable,0.9603882740656525
424898549,1,3,0.003401360544217687,expanded_target_project,not_in_dbms_metadata,unavailable,0.9604098608372789
426669980,1,3,0.003401360544217687,expanded_target_project,not_in_dbms_metadata,unavailable,0.9604314476089053
4268140,1,3,0.003401360544217687,expanded_target_project,not_in_dbms_metadata,unavailable,0.9604530343805316
426986055,1,3,0.003401360544217687,expanded_target_project,not_in_dbms_metadata,unavailable,0.960474621152158
429236908,1,3,0.003401360544217687,expanded_target_project,not_in_dbms_metadata,unavailable,0.9604962079237843
430756925,1,3,0.003401360544217687,expanded_target_project,not_in_dbms_metadata,unavailable,0.9605177946954107
433805355,1,3,0.003401360544217687,expanded_target_project,not_in_dbms_metadata,unavailable,0.960539381467037
437485701,1,3,0.003401360544217687,expanded_target_project,not_in_dbms_metadata,unavailable,0.9605609682386633
439278330,1,3,0.003401360544217687,expanded_target_project,not_in_dbms_metadata,unavailable,0.9605825550102897
440346630,1,3,0.003401360544217687,expanded_target_project,not_in_dbms_metadata,unavailable,0.960604141781916
440858794,1,3,0.003401360544217687,expanded_target_project,not_in_dbms_metadata,unavailable,0.9606257285535423
441206783,1,3,0.003401360544217687,expanded_target_project,not_in_dbms_metadata,unavailable,0.9606473153251688
443730909,1,3,0.003401360544217687,expanded_target_project,not_in_dbms_metadata,unavailable,0.9606689020967951
44518776,1,3,0.003401360544217687,expanded_target_project,not_in_dbms_metadata,unavailable,0.9606904888684215
450019595,1,3,0.003401360544217687,expanded_target_project,not_in_dbms_metadata,unavailable,0.9607120756400478
450466230,1,3,0.003401360544217687,expanded_target_project,not_in_dbms_metadata,unavailable,0.9607336624116741
453379272,1,3,0.003401360544217687,expanded_target_project,not_in_dbms_metadata,unavailable,0.9607552491833005
454132203,1,3,0.003401360544217687,expanded_target_project,not_in_dbms_metadata,unavailable,0.9607768359549268
4564034,1,3,0.003401360544217687,expanded_target_project,not_in_dbms_metadata,unavailable,0.9607984227265531
456728202,1,3,0.003401360544217687,expanded_target_project,not_in_dbms_metadata,unavailable,0.9608200094981795
457955175,1,3,0.003401360544217687,expanded_target_project,not_in_dbms_metadata,unavailable,0.9608415962698058
460293724,1,3,0.003401360544217687,expanded_target_project,not_in_dbms_metadata,unavailable,0.9608631830414323
462329984,1,3,0.003401360544217687,seed_project,Key-value,seed_manifest,0.9608847698130586
463288368,1,3,0.003401360544217687,expanded_target_project,not_in_dbms_metadata,unavailable,0.9609063565846849
465011315,1,3,0.003401360544217687,expanded_target_project,not_in_dbms_metadata,unavailable,0.9609279433563113
47264649,1,3,0.003401360544217687,expanded_target_project,not_in_dbms_metadata,unavailable,0.9609495301279376
474942253,1,3,0.003401360544217687,expanded_target_project,not_in_dbms_metadata,unavailable,0.9609711168995639
476902780,1,3,0.003401360544217687,expanded_target_project,not_in_dbms_metadata,unavailable,0.9609927036711903
481475524,1,3,0.003401360544217687,expanded_target_project,not_in_dbms_metadata,unavailable,0.9610142904428166
483662796,1,3,0.003401360544217687,expanded_target_project,not_in_dbms_metadata,unavailable,0.961035877214443
487859119,1,3,0.003401360544217687,expanded_target_project,not_in_dbms_metadata,unavailable,0.9610574639860693
488455975,1,3,0.003401360544217687,expanded_target_project,not_in_dbms_metadata,unavailable,0.9610790507576957
489071239,1,3,0.003401360544217687,expanded_target_project,not_in_dbms_metadata,unavailable,0.9611006375293221
491227630,1,3,0.003401360544217687,expanded_target_project,not_in_dbms_metadata,unavailable,0.9611222243009484
491653777,1,3,0.003401360544217687,expanded_target_project,not_in_dbms_metadata,unavailable,0.9611438110725747
496145136,1,3,0.003401360544217687,expanded_target_project,not_in_dbms_metadata,unavailable,0.9611653978442011
50107469,1,3,0.003401360544217687,expanded_target_project,not_in_dbms_metadata,unavailable,0.9611869846158274
502036013,1,3,0.003401360544217687,expanded_target_project,not_in_dbms_metadata,unavailable,0.9612085713874537
50204988,1,3,0.003401360544217687,expanded_target_project,not_in_dbms_metadata,unavailable,0.9612301581590801
506659611,1,3,0.003401360544217687,expanded_target_project,not_in_dbms_metadata,unavailable,0.9612517449307064
506916087,1,3,0.003401360544217687,expanded_target_project,not_in_dbms_metadata,unavailable,0.9612733317023328
507414986,1,3,0.003401360544217687,expanded_target_project,not_in_dbms_metadata,unavailable,0.9612949184739592
507855351,1,3,0.003401360544217687,expanded_target_project,not_in_dbms_metadata,unavailable,0.9613165052455855
509101213,1,3,0.003401360544217687,expanded_target_project,not_in_dbms_metadata,unavailable,0.9613380920172119
509680851,1,3,0.003401360544217687,expanded_target_project,not_in_dbms_metadata,unavailable,0.9613596787888382
510103717,1,3,0.003401360544217687,expanded_target_project,not_in_dbms_metadata,unavailable,0.9613812655604645
51292821,1,3,0.003401360544217687,expanded_target_project,not_in_dbms_metadata,unavailable,0.9614028523320909
516859981,1,3,0.003401360544217687,expanded_target_project,not_in_dbms_metadata,unavailable,0.9614244391037172
518501680,1,3,0.003401360544217687,expanded_target_project,not_in_dbms_metadata,unavailable,0.9614460258753436
519003926,1,3,0.003401360544217687,expanded_target_project,not_in_dbms_metadata,unavailable,0.9614676126469699
521695479,1,3,0.003401360544217687,expanded_target_project,not_in_dbms_metadata,unavailable,0.9614891994185962
523199201,1,3,0.003401360544217687,expanded_target_project,not_in_dbms_metadata,unavailable,0.9615107861902227
523479704,1,3,0.003401360544217687,expanded_target_project,not_in_dbms_metadata,unavailable,0.961532372961849
525087484,1,3,0.003401360544217687,expanded_target_project,not_in_dbms_metadata,unavailable,0.9615539597334753
530236271,1,3,0.003401360544217687,expanded_target_project,not_in_dbms_metadata,unavailable,0.9615755465051017
530681617,1,3,0.003401360544217687,expanded_target_project,not_in_dbms_metadata,unavailable,0.961597133276728
530821975,1,3,0.003401360544217687,expanded_target_project,not_in_dbms_metadata,unavailable,0.9616187200483544
535364066,1,3,0.003401360544217687,expanded_target_project,not_in_dbms_metadata,unavailable,0.9616403068199807
53728068,1,3,0.003401360544217687,expanded_target_project,not_in_dbms_metadata,unavailable,0.961661893591607
537394164,1,3,0.003401360544217687,expanded_target_project,not_in_dbms_metadata,unavailable,0.9616834803632334
539453813,1,3,0.003401360544217687,expanded_target_project,not_in_dbms_metadata,unavailable,0.9617050671348597
539846712,1,3,0.003401360544217687,expanded_target_project,not_in_dbms_metadata,unavailable,0.9617266539064862
540192615,1,3,0.003401360544217687,expanded_target_project,not_in_dbms_metadata,unavailable,0.9617482406781125
540545955,1,3,0.003401360544217687,expanded_target_project,not_in_dbms_metadata,unavailable,0.9617698274497388
541286837,1,3,0.003401360544217687,expanded_target_project,not_in_dbms_metadata,unavailable,0.9617914142213652
543218317,1,3,0.003401360544217687,expanded_target_project,not_in_dbms_metadata,unavailable,0.9618130009929915
544885367,1,3,0.003401360544217687,expanded_target_project,not_in_dbms_metadata,unavailable,0.9618345877646178
55760054,1,3,0.003401360544217687,expanded_target_project,not_in_dbms_metadata,unavailable,0.9618561745362442
56018561,1,3,0.003401360544217687,expanded_target_project,not_in_dbms_metadata,unavailable,0.9618777613078705
560456116,1,3,0.003401360544217687,expanded_target_project,not_in_dbms_metadata,unavailable,0.9618993480794968
561383674,1,3,0.003401360544217687,expanded_target_project,not_in_dbms_metadata,unavailable,0.9619209348511232
56884660,1,3,0.003401360544217687,expanded_target_project,not_in_dbms_metadata,unavailable,0.9619425216227496
571868194,1,3,0.003401360544217687,expanded_target_project,not_in_dbms_metadata,unavailable,0.961964108394376
57230414,1,3,0.003401360544217687,expanded_target_project,not_in_dbms_metadata,unavailable,0.9619856951660023
580105330,1,3,0.003401360544217687,expanded_target_project,not_in_dbms_metadata,unavailable,0.9620072819376286
5830987,1,3,0.003401360544217687,expanded_target_project,not_in_dbms_metadata,unavailable,0.962028868709255
584359113,1,3,0.003401360544217687,expanded_target_project,not_in_dbms_metadata,unavailable,0.9620504554808813
585687628,1,3,0.003401360544217687,expanded_target_project,not_in_dbms_metadata,unavailable,0.9620720422525076
586448435,1,3,0.003401360544217687,expanded_target_project,not_in_dbms_metadata,unavailable,0.962093629024134
587879046,1,3,0.003401360544217687,expanded_target_project,not_in_dbms_metadata,unavailable,0.9621152157957603
588982731,1,3,0.003401360544217687,expanded_target_project,not_in_dbms_metadata,unavailable,0.9621368025673867
589510868,1,3,0.003401360544217687,expanded_target_project,not_in_dbms_metadata,unavailable,0.9621583893390131
592933002,1,3,0.003401360544217687,expanded_target_project,not_in_dbms_metadata,unavailable,0.9621799761106394
595672011,1,3,0.003401360544217687,expanded_target_project,not_in_dbms_metadata,unavailable,0.9622015628822658
599320067,1,3,0.003401360544217687,expanded_target_project,not_in_dbms_metadata,unavailable,0.9622231496538921
599890488,1,3,0.003401360544217687,expanded_target_project,not_in_dbms_metadata,unavailable,0.9622447364255184
601223505,1,3,0.003401360544217687,expanded_target_project,not_in_dbms_metadata,unavailable,0.9622663231971448
602616394,1,3,0.003401360544217687,expanded_target_project,not_in_dbms_metadata,unavailable,0.9622879099687711
602818637,1,3,0.003401360544217687,expanded_target_project,not_in_dbms_metadata,unavailable,0.9623094967403975
60343988,1,3,0.003401360544217687,expanded_target_project,not_in_dbms_metadata,unavailable,0.9623310835120238
604431792,1,3,0.003401360544217687,expanded_target_project,not_in_dbms_metadata,unavailable,0.9623526702836501
604843489,1,3,0.003401360544217687,expanded_target_project,not_in_dbms_metadata,unavailable,0.9623742570552766
60489644,1,3,0.003401360544217687,expanded_target_project,not_in_dbms_metadata,unavailable,0.9623958438269029
605408033,1,3,0.003401360544217687,expanded_target_project,not_in_dbms_metadata,unavailable,0.9624174305985292
605618915,1,3,0.003401360544217687,expanded_target_project,not_in_dbms_metadata,unavailable,0.9624390173701556
607575610,1,3,0.003401360544217687,expanded_target_project,not_in_dbms_metadata,unavailable,0.9624606041417819
608374056,1,3,0.003401360544217687,expanded_target_project,not_in_dbms_metadata,unavailable,0.9624821909134083
609088397,1,3,0.003401360544217687,expanded_target_project,not_in_dbms_metadata,unavailable,0.9625037776850346
613701869,1,3,0.003401360544217687,expanded_target_project,not_in_dbms_metadata,unavailable,0.9625253644566609
617816604,1,3,0.003401360544217687,expanded_target_project,not_in_dbms_metadata,unavailable,0.9625469512282873
618613272,1,3,0.003401360544217687,expanded_target_project,not_in_dbms_metadata,unavailable,0.9625685379999136
61877861,1,3,0.003401360544217687,expanded_target_project,not_in_dbms_metadata,unavailable,0.96259012477154
62147469,1,3,0.003401360544217687,expanded_target_project,not_in_dbms_metadata,unavailable,0.9626117115431664
621803253,1,3,0.003401360544217687,expanded_target_project,not_in_dbms_metadata,unavailable,0.9626332983147927
622205108,1,3,0.003401360544217687,expanded_target_project,not_in_dbms_metadata,unavailable,0.962654885086419
623298152,1,3,0.003401360544217687,expanded_target_project,not_in_dbms_metadata,unavailable,0.9626764718580454
623666228,1,3,0.003401360544217687,expanded_target_project,not_in_dbms_metadata,unavailable,0.9626980586296717
624314543,1,3,0.003401360544217687,expanded_target_project,not_in_dbms_metadata,unavailable,0.9627196454012981
62475947,1,3,0.003401360544217687,expanded_target_project,not_in_dbms_metadata,unavailable,0.9627412321729244
627263225,1,3,0.003401360544217687,expanded_target_project,not_in_dbms_metadata,unavailable,0.9627628189445507
627996184,1,3,0.003401360544217687,expanded_target_project,not_in_dbms_metadata,unavailable,0.9627844057161771
628225923,1,3,0.003401360544217687,expanded_target_project,not_in_dbms_metadata,unavailable,0.9628059924878035
631063572,1,3,0.003401360544217687,expanded_target_project,not_in_dbms_metadata,unavailable,0.9628275792594299
632852892,1,3,0.003401360544217687,expanded_target_project,not_in_dbms_metadata,unavailable,0.9628491660310562
633817517,1,3,0.003401360544217687,expanded_target_project,not_in_dbms_metadata,unavailable,0.9628707528026825
634155809,1,3,0.003401360544217687,expanded_target_project,not_in_dbms_metadata,unavailable,0.9628923395743089
635119293,1,3,0.003401360544217687,expanded_target_project,not_in_dbms_metadata,unavailable,0.9629139263459352
635240594,1,3,0.003401360544217687,expanded_target_project,not_in_dbms_metadata,unavailable,0.9629355131175615
635492823,1,3,0.003401360544217687,expanded_target_project,not_in_dbms_metadata,unavailable,0.9629570998891879
63652864,1,3,0.003401360544217687,expanded_target_project,not_in_dbms_metadata,unavailable,0.9629786866608142
637123040,1,3,0.003401360544217687,expanded_target_project,not_in_dbms_metadata,unavailable,0.9630002734324405
637800402,1,3,0.003401360544217687,expanded_target_project,not_in_dbms_metadata,unavailable,0.963021860204067
640116148,1,3,0.003401360544217687,expanded_target_project,not_in_dbms_metadata,unavailable,0.9630434469756933
647616362,1,3,0.003401360544217687,expanded_target_project,not_in_dbms_metadata,unavailable,0.9630650337473197
647863473,1,3,0.003401360544217687,expanded_target_project,not_in_dbms_metadata,unavailable,0.963086620518946
650654562,1,3,0.003401360544217687,expanded_target_project,not_in_dbms_metadata,unavailable,0.9631082072905723
65231883,1,3,0.003401360544217687,expanded_target_project,not_in_dbms_metadata,unavailable,0.9631297940621987
652800084,1,3,0.003401360544217687,expanded_target_project,not_in_dbms_metadata,unavailable,0.963151380833825
653441796,1,3,0.003401360544217687,expanded_target_project,not_in_dbms_metadata,unavailable,0.9631729676054513
654868272,1,3,0.003401360544217687,expanded_target_project,not_in_dbms_metadata,unavailable,0.9631945543770777
658604256,1,3,0.003401360544217687,expanded_target_project,not_in_dbms_metadata,unavailable,0.963216141148704
658984669,1,3,0.003401360544217687,expanded_target_project,not_in_dbms_metadata,unavailable,0.9632377279203305
659311942,1,3,0.003401360544217687,expanded_target_project,not_in_dbms_metadata,unavailable,0.9632593146919568
659525866,1,3,0.003401360544217687,expanded_target_project,not_in_dbms_metadata,unavailable,0.9632809014635831
659882407,1,3,0.003401360544217687,expanded_target_project,not_in_dbms_metadata,unavailable,0.9633024882352095
660095218,1,3,0.003401360544217687,expanded_target_project,not_in_dbms_metadata,unavailable,0.9633240750068358
662230792,1,3,0.003401360544217687,expanded_target_project,not_in_dbms_metadata,unavailable,0.9633456617784621
663235757,1,3,0.003401360544217687,expanded_target_project,not_in_dbms_metadata,unavailable,0.9633672485500885
664700615,1,3,0.003401360544217687,expanded_target_project,not_in_dbms_metadata,unavailable,0.9633888353217148
665940820,1,3,0.003401360544217687,expanded_target_project,not_in_dbms_metadata,unavailable,0.9634104220933412
666260877,1,3,0.003401360544217687,expanded_target_project,not_in_dbms_metadata,unavailable,0.9634320088649675
66781547,1,3,0.003401360544217687,expanded_target_project,not_in_dbms_metadata,unavailable,0.9634535956365939
669168604,1,3,0.003401360544217687,expanded_target_project,not_in_dbms_metadata,unavailable,0.9634751824082203
66944590,1,3,0.003401360544217687,expanded_target_project,not_in_dbms_metadata,unavailable,0.9634967691798466
671805105,1,3,0.003401360544217687,expanded_target_project,not_in_dbms_metadata,unavailable,0.963518355951473
671838558,1,3,0.003401360544217687,expanded_target_project,not_in_dbms_metadata,unavailable,0.9635399427230993
67264828,1,3,0.003401360544217687,expanded_target_project,not_in_dbms_metadata,unavailable,0.9635615294947256
67385952,1,3,0.003401360544217687,expanded_target_project,not_in_dbms_metadata,unavailable,0.963583116266352
675915182,1,3,0.003401360544217687,expanded_target_project,not_in_dbms_metadata,unavailable,0.9636047030379783
676097068,1,3,0.003401360544217687,expanded_target_project,not_in_dbms_metadata,unavailable,0.9636262898096046
684237441,1,3,0.003401360544217687,expanded_target_project,not_in_dbms_metadata,unavailable,0.963647876581231
685474150,1,3,0.003401360544217687,expanded_target_project,not_in_dbms_metadata,unavailable,0.9636694633528574
686294266,1,3,0.003401360544217687,expanded_target_project,not_in_dbms_metadata,unavailable,0.9636910501244838
687836,1,3,0.003401360544217687,expanded_target_project,not_in_dbms_metadata,unavailable,0.9637126368961101
688337960,1,3,0.003401360544217687,expanded_target_project,not_in_dbms_metadata,unavailable,0.9637342236677364
690126042,1,3,0.003401360544217687,expanded_target_project,not_in_dbms_metadata,unavailable,0.9637558104393628
6915445,1,3,0.003401360544217687,expanded_target_project,not_in_dbms_metadata,unavailable,0.9637773972109891
692609224,1,3,0.003401360544217687,expanded_target_project,not_in_dbms_metadata,unavailable,0.9637989839826154
694703339,1,3,0.003401360544217687,expanded_target_project,not_in_dbms_metadata,unavailable,0.9638205707542418
695088395,1,3,0.003401360544217687,expanded_target_project,not_in_dbms_metadata,unavailable,0.9638421575258681
696522821,1,3,0.003401360544217687,expanded_target_project,not_in_dbms_metadata,unavailable,0.9638637442974944
700399518,1,3,0.003401360544217687,expanded_target_project,not_in_dbms_metadata,unavailable,0.9638853310691209
701260245,1,3,0.003401360544217687,expanded_target_project,not_in_dbms_metadata,unavailable,0.9639069178407472
70346903,1,3,0.003401360544217687,expanded_target_project,not_in_dbms_metadata,unavailable,0.9639285046123736
704732969,1,3,0.003401360544217687,expanded_target_project,not_in_dbms_metadata,unavailable,0.9639500913839999
705910402,1,3,0.003401360544217687,expanded_target_project,not_in_dbms_metadata,unavailable,0.9639716781556262
711993421,1,3,0.003401360544217687,expanded_target_project,not_in_dbms_metadata,unavailable,0.9639932649272526
713331229,1,3,0.003401360544217687,expanded_target_project,not_in_dbms_metadata,unavailable,0.9640148516988789
713582315,1,3,0.003401360544217687,expanded_target_project,not_in_dbms_metadata,unavailable,0.9640364384705052
715751176,1,3,0.003401360544217687,expanded_target_project,not_in_dbms_metadata,unavailable,0.9640580252421316
716661693,1,3,0.003401360544217687,expanded_target_project,not_in_dbms_metadata,unavailable,0.9640796120137579
72308037,1,3,0.003401360544217687,expanded_target_project,not_in_dbms_metadata,unavailable,0.9641011987853844
72474275,1,3,0.003401360544217687,expanded_target_project,not_in_dbms_metadata,unavailable,0.9641227855570107
725934563,1,3,0.003401360544217687,expanded_target_project,not_in_dbms_metadata,unavailable,0.964144372328637
729031460,1,3,0.003401360544217687,expanded_target_project,not_in_dbms_metadata,unavailable,0.9641659591002634
730636141,1,3,0.003401360544217687,expanded_target_project,not_in_dbms_metadata,unavailable,0.9641875458718897
73500647,1,3,0.003401360544217687,expanded_target_project,not_in_dbms_metadata,unavailable,0.964209132643516
747698,1,3,0.003401360544217687,expanded_target_project,not_in_dbms_metadata,unavailable,0.9642307194151424
75173456,1,3,0.003401360544217687,expanded_target_project,not_in_dbms_metadata,unavailable,0.9642523061867687
75918965,1,3,0.003401360544217687,expanded_target_project,not_in_dbms_metadata,unavailable,0.964273892958395
790359,1,3,0.003401360544217687,expanded_target_project,not_in_dbms_metadata,unavailable,0.9642954797300214
8014055,1,3,0.003401360544217687,expanded_target_project,not_in_dbms_metadata,unavailable,0.9643170665016478
81387692,1,3,0.003401360544217687,expanded_target_project,not_in_dbms_metadata,unavailable,0.9643386532732742
81698600,1,3,0.003401360544217687,expanded_target_project,not_in_dbms_metadata,unavailable,0.9643602400449005
83947552,1,3,0.003401360544217687,expanded_target_project,not_in_dbms_metadata,unavailable,0.9643818268165268
843222,1,3,0.003401360544217687,expanded_target_project,not_in_dbms_metadata,unavailable,0.9644034135881532
85320730,1,3,0.003401360544217687,expanded_target_project,not_in_dbms_metadata,unavailable,0.9644250003597795
91851655,1,3,0.003401360544217687,expanded_target_project,not_in_dbms_metadata,unavailable,0.9644465871314059
93205465,1,3,0.003401360544217687,expanded_target_project,not_in_dbms_metadata,unavailable,0.9644681739030322
94325158,1,3,0.003401360544217687,expanded_target_project,not_in_dbms_metadata,unavailable,0.9644897606746585
94910455,1,3,0.003401360544217687,expanded_target_project,not_in_dbms_metadata,unavailable,0.9645113474462849
9495505,1,3,0.003401360544217687,expanded_target_project,not_in_dbms_metadata,unavailable,0.9645329342179113
9525,1,3,0.003401360544217687,expanded_target_project,not_in_dbms_metadata,unavailable,0.9645545209895376
98315735,1,3,0.003401360544217687,expanded_target_project,not_in_dbms_metadata,unavailable,0.964576107761164
98877895,1,3,0.003401360544217687,expanded_target_project,not_in_dbms_metadata,unavailable,0.9645976945327903
990281,1,3,0.003401360544217687,expanded_target_project,not_in_dbms_metadata,unavailable,0.9646192813044167
102969245,2,2,0.006802721088435374,expanded_target_project,not_in_dbms_metadata,unavailable,0.9646336724855009
1099265,2,2,0.006802721088435374,expanded_target_project,not_in_dbms_metadata,unavailable,0.9646480636665851
11125589,2,2,0.006802721088435374,expanded_target_project,not_in_dbms_metadata,unavailable,0.9646624548476693
11171548,2,2,0.006802721088435374,expanded_target_project,not_in_dbms_metadata,unavailable,0.9646768460287536
113106184,2,2,0.006802721088435374,expanded_target_project,not_in_dbms_metadata,unavailable,0.9646912372098378
118668940,2,2,0.006802721088435374,expanded_target_project,not_in_dbms_metadata,unavailable,0.964705628390922
120606279,2,2,0.006802721088435374,expanded_target_project,not_in_dbms_metadata,unavailable,0.9647200195720063
130688011,2,2,0.006802721088435374,seed_project,Document#dbdbio>|<dbengines#Search Engine,seed_manifest,0.9647344107530905
13855476,2,2,0.006802721088435374,expanded_target_project,not_in_dbms_metadata,unavailable,0.9647488019341748
139969620,2,2,0.006802721088435374,expanded_target_project,not_in_dbms_metadata,unavailable,0.9647631931152589
14076122,2,2,0.006802721088435374,expanded_target_project,not_in_dbms_metadata,unavailable,0.9647775842963432
148464499,2,2,0.006802721088435374,expanded_target_project,not_in_dbms_metadata,unavailable,0.9647919754774275
15122806,2,2,0.006802721088435374,expanded_target_project,not_in_dbms_metadata,unavailable,0.9648063666585117
151832185,2,2,0.006802721088435374,expanded_target_project,not_in_dbms_metadata,unavailable,0.9648207578395959
156108485,2,2,0.006802721088435374,expanded_target_project,not_in_dbms_metadata,unavailable,0.9648351490206801
157310998,2,2,0.006802721088435374,expanded_target_project,not_in_dbms_metadata,unavailable,0.9648495402017644
157919688,2,2,0.006802721088435374,expanded_target_project,not_in_dbms_metadata,unavailable,0.9648639313828485
1604991,2,2,0.006802721088435374,expanded_target_project,not_in_dbms_metadata,unavailable,0.9648783225639328
162869571,2,2,0.006802721088435374,expanded_target_project,not_in_dbms_metadata,unavailable,0.9648927137450171
165758293,2,2,0.006802721088435374,expanded_target_project,not_in_dbms_metadata,unavailable,0.9649071049261013
17372733,2,2,0.006802721088435374,expanded_target_project,not_in_dbms_metadata,unavailable,0.9649214961071855
174204333,2,2,0.006802721088435374,expanded_target_project,not_in_dbms_metadata,unavailable,0.9649358872882697
181782286,2,2,0.006802721088435374,expanded_target_project,not_in_dbms_metadata,unavailable,0.964950278469354
182926332,2,2,0.006802721088435374,expanded_target_project,not_in_dbms_metadata,unavailable,0.9649646696504383
184128064,2,2,0.006802721088435374,expanded_target_project,not_in_dbms_metadata,unavailable,0.9649790608315224
192958794,2,2,0.006802721088435374,expanded_target_project,not_in_dbms_metadata,unavailable,0.9649934520126067
198350484,2,2,0.006802721088435374,expanded_target_project,not_in_dbms_metadata,unavailable,0.9650078431936909
198616978,2,2,0.006802721088435374,expanded_target_project,not_in_dbms_metadata,unavailable,0.9650222343747752
198683574,2,2,0.006802721088435374,seed_project,Relational,seed_manifest,0.9650366255558593
20078379,2,2,0.006802721088435374,expanded_target_project,not_in_dbms_metadata,unavailable,0.9650510167369436
20473418,2,2,0.006802721088435374,seed_project,Relational,seed_manifest,0.9650654079180279
206317,2,2,0.006802721088435374,expanded_target_project,not_in_dbms_metadata,unavailable,0.965079799099112
206424,2,2,0.006802721088435374,seed_project,"Wide column,Key-value",seed_manifest,0.9650941902801963
21251069,2,2,0.006802721088435374,expanded_target_project,not_in_dbms_metadata,unavailable,0.9651085814612805
21540759,2,2,0.006802721088435374,expanded_target_project,not_in_dbms_metadata,unavailable,0.9651229726423648
21954009,2,2,0.006802721088435374,expanded_target_project,not_in_dbms_metadata,unavailable,0.965137363823449
22234992,2,2,0.006802721088435374,expanded_target_project,not_in_dbms_metadata,unavailable,0.9651517550045332
222791664,2,2,0.006802721088435374,expanded_target_project,not_in_dbms_metadata,unavailable,0.9651661461856175
22478116,2,2,0.006802721088435374,expanded_target_project,not_in_dbms_metadata,unavailable,0.9651805373667017
22844864,2,2,0.006802721088435374,expanded_target_project,not_in_dbms_metadata,unavailable,0.9651949285477859
23061798,2,2,0.006802721088435374,expanded_target_project,not_in_dbms_metadata,unavailable,0.9652093197288701
230795797,2,2,0.006802721088435374,expanded_target_project,not_in_dbms_metadata,unavailable,0.9652237109099544
240488592,2,2,0.006802721088435374,expanded_target_project,not_in_dbms_metadata,unavailable,0.9652381020910387
245704608,2,2,0.006802721088435374,expanded_target_project,not_in_dbms_metadata,unavailable,0.9652524932721228
252745692,2,2,0.006802721088435374,expanded_target_project,not_in_dbms_metadata,unavailable,0.9652668844532071
26459635,2,2,0.006802721088435374,expanded_target_project,not_in_dbms_metadata,unavailable,0.9652812756342913
265902625,2,2,0.006802721088435374,expanded_target_project,not_in_dbms_metadata,unavailable,0.9652956668153755
268163609,2,2,0.006802721088435374,seed_project,Vector,seed_manifest,0.9653100579964597
2700159,2,2,0.006802721088435374,expanded_target_project,not_in_dbms_metadata,unavailable,0.965324449177544
27522247,2,2,0.006802721088435374,expanded_target_project,not_in_dbms_metadata,unavailable,0.9653388403586283
277186121,2,2,0.006802721088435374,expanded_target_project,not_in_dbms_metadata,unavailable,0.9653532315397124
28330263,2,2,0.006802721088435374,expanded_target_project,not_in_dbms_metadata,unavailable,0.9653676227207967
286301447,2,2,0.006802721088435374,expanded_target_project,not_in_dbms_metadata,unavailable,0.9653820139018809
305468604,2,2,0.006802721088435374,expanded_target_project,not_in_dbms_metadata,unavailable,0.9653964050829652
30828052,2,2,0.006802721088435374,expanded_target_project,not_in_dbms_metadata,unavailable,0.9654107962640494
309512982,2,2,0.006802721088435374,expanded_target_project,not_in_dbms_metadata,unavailable,0.9654251874451336
310302823,2,2,0.006802721088435374,expanded_target_project,not_in_dbms_metadata,unavailable,0.9654395786262179
315885410,2,2,0.006802721088435374,expanded_target_project,not_in_dbms_metadata,unavailable,0.9654539698073021
3211618,2,2,0.006802721088435374,expanded_target_project,not_in_dbms_metadata,unavailable,0.9654683609883863
326269244,2,2,0.006802721088435374,expanded_target_project,not_in_dbms_metadata,unavailable,0.9654827521694705
330622921,2,2,0.006802721088435374,expanded_target_project,not_in_dbms_metadata,unavailable,0.9654971433505548
334164334,2,2,0.006802721088435374,expanded_target_project,not_in_dbms_metadata,unavailable,0.965511534531639
35697158,2,2,0.006802721088435374,expanded_target_project,not_in_dbms_metadata,unavailable,0.9655259257127232
372536760,2,2,0.006802721088435374,seed_project,Relational,seed_manifest,0.9655403168938075
37346186,2,2,0.006802721088435374,expanded_target_project,not_in_dbms_metadata,unavailable,0.9655547080748917
376951839,2,2,0.006802721088435374,expanded_target_project,not_in_dbms_metadata,unavailable,0.9655690992559759
380971085,2,2,0.006802721088435374,expanded_target_project,not_in_dbms_metadata,unavailable,0.9655834904370602
38581626,2,2,0.006802721088435374,expanded_target_project,not_in_dbms_metadata,unavailable,0.9655978816181444
393235957,2,2,0.006802721088435374,seed_project,Relational,seed_manifest,0.9656122727992287
393499763,2,2,0.006802721088435374,expanded_target_project,not_in_dbms_metadata,unavailable,0.9656266639803128
39443258,2,2,0.006802721088435374,expanded_target_project,not_in_dbms_metadata,unavailable,0.9656410551613971
398164186,2,2,0.006802721088435374,expanded_target_project,not_in_dbms_metadata,unavailable,0.9656554463424813
39874513,2,2,0.006802721088435374,expanded_target_project,not_in_dbms_metadata,unavailable,0.9656698375235656
40395126,2,2,0.006802721088435374,expanded_target_project,not_in_dbms_metadata,unavailable,0.9656842287046498
40539602,2,2,0.006802721088435374,expanded_target_project,not_in_dbms_metadata,unavailable,0.965698619885734
410442633,2,2,0.006802721088435374,expanded_target_project,not_in_dbms_metadata,unavailable,0.9657130110668183
41058054,2,2,0.006802721088435374,expanded_target_project,not_in_dbms_metadata,unavailable,0.9657274022479024
438518303,2,2,0.006802721088435374,expanded_target_project,not_in_dbms_metadata,unavailable,0.9657417934289867
442405131,2,2,0.006802721088435374,expanded_target_project,not_in_dbms_metadata,unavailable,0.965756184610071
442430,2,2,0.006802721088435374,expanded_target_project,not_in_dbms_metadata,unavailable,0.9657705757911552
444345682,2,2,0.006802721088435374,expanded_target_project,not_in_dbms_metadata,unavailable,0.9657849669722394
458058,2,2,0.006802721088435374,expanded_target_project,not_in_dbms_metadata,unavailable,0.9657993581533236
46291330,2,2,0.006802721088435374,expanded_target_project,not_in_dbms_metadata,unavailable,0.9658137493344079
467151498,2,2,0.006802721088435374,expanded_target_project,not_in_dbms_metadata,unavailable,0.9658281405154922
467580471,2,2,0.006802721088435374,expanded_target_project,not_in_dbms_metadata,unavailable,0.9658425316965763
470569742,2,2,0.006802721088435374,expanded_target_project,not_in_dbms_metadata,unavailable,0.9658569228776606
471621386,2,2,0.006802721088435374,expanded_target_project,not_in_dbms_metadata,unavailable,0.9658713140587448
480401263,2,2,0.006802721088435374,expanded_target_project,not_in_dbms_metadata,unavailable,0.9658857052398291
48714685,2,2,0.006802721088435374,expanded_target_project,not_in_dbms_metadata,unavailable,0.9659000964209132
501159254,2,2,0.006802721088435374,expanded_target_project,not_in_dbms_metadata,unavailable,0.9659144876019975
50370190,2,2,0.006802721088435374,expanded_target_project,not_in_dbms_metadata,unavailable,0.9659288787830818
50387722,2,2,0.006802721088435374,expanded_target_project,not_in_dbms_metadata,unavailable,0.9659432699641659
5092588,2,2,0.006802721088435374,expanded_target_project,not_in_dbms_metadata,unavailable,0.9659576611452502
516821813,2,2,0.006802721088435374,expanded_target_project,"Object Oriented,Relational",dbms_metadata,0.9659720523263344
518574859,2,2,0.006802721088435374,expanded_target_project,not_in_dbms_metadata,unavailable,0.9659864435074187
521438915,2,2,0.006802721088435374,expanded_target_project,not_in_dbms_metadata,unavailable,0.9660008346885028
525526295,2,2,0.006802721088435374,expanded_target_project,not_in_dbms_metadata,unavailable,0.9660152258695871
526908111,2,2,0.006802721088435374,expanded_target_project,not_in_dbms_metadata,unavailable,0.9660296170506714
529504107,2,2,0.006802721088435374,expanded_target_project,not_in_dbms_metadata,unavailable,0.9660440082317556
530754347,2,2,0.006802721088435374,expanded_target_project,not_in_dbms_metadata,unavailable,0.9660583994128398
549230701,2,2,0.006802721088435374,expanded_target_project,not_in_dbms_metadata,unavailable,0.966072790593924
551076626,2,2,0.006802721088435374,expanded_target_project,not_in_dbms_metadata,unavailable,0.9660871817750083
55626935,2,2,0.006802721088435374,expanded_target_project,not_in_dbms_metadata,unavailable,0.9661015729560926
558374870,2,2,0.006802721088435374,expanded_target_project,not_in_dbms_metadata,unavailable,0.9661159641371767
56342508,2,2,0.006802721088435374,expanded_target_project,not_in_dbms_metadata,unavailable,0.966130355318261
56353740,2,2,0.006802721088435374,expanded_target_project,not_in_dbms_metadata,unavailable,0.9661447464993452
564623768,2,2,0.006802721088435374,expanded_target_project,not_in_dbms_metadata,unavailable,0.9661591376804294
56550961,2,2,0.006802721088435374,expanded_target_project,not_in_dbms_metadata,unavailable,0.9661735288615136
569267,2,2,0.006802721088435374,expanded_target_project,not_in_dbms_metadata,unavailable,0.9661879200425979
573483804,2,2,0.006802721088435374,expanded_target_project,not_in_dbms_metadata,unavailable,0.9662023112236822
5757735,2,2,0.006802721088435374,expanded_target_project,not_in_dbms_metadata,unavailable,0.9662167024047663
5839692,2,2,0.006802721088435374,expanded_target_project,not_in_dbms_metadata,unavailable,0.9662310935858506
584946477,2,2,0.006802721088435374,expanded_target_project,not_in_dbms_metadata,unavailable,0.9662454847669348
599173337,2,2,0.006802721088435374,expanded_target_project,not_in_dbms_metadata,unavailable,0.9662598759480191
605938979,2,2,0.006802721088435374,expanded_target_project,not_in_dbms_metadata,unavailable,0.9662742671291032
609056915,2,2,0.006802721088435374,expanded_target_project,not_in_dbms_metadata,unavailable,0.9662886583101875
627720881,2,2,0.006802721088435374,expanded_target_project,not_in_dbms_metadata,unavailable,0.9663030494912718
627774285,2,2,0.006802721088435374,expanded_target_project,not_in_dbms_metadata,unavailable,0.966317440672356
65214191,2,2,0.006802721088435374,expanded_target_project,not_in_dbms_metadata,unavailable,0.9663318318534402
65987043,2,2,0.006802721088435374,expanded_target_project,not_in_dbms_metadata,unavailable,0.9663462230345244
67372977,2,2,0.006802721088435374,expanded_target_project,not_in_dbms_metadata,unavailable,0.9663606142156087
68181694,2,2,0.006802721088435374,expanded_target_project,not_in_dbms_metadata,unavailable,0.9663750053966929
7170058,2,2,0.006802721088435374,expanded_target_project,not_in_dbms_metadata,unavailable,0.9663893965777771
71948498,2,2,0.006802721088435374,expanded_target_project,not_in_dbms_metadata,unavailable,0.9664037877588614
72700804,2,2,0.006802721088435374,expanded_target_project,not_in_dbms_metadata,unavailable,0.9664181789399456
7276954,2,2,0.006802721088435374,expanded_target_project,not_in_dbms_metadata,unavailable,0.9664325701210298
74106774,2,2,0.006802721088435374,expanded_target_project,not_in_dbms_metadata,unavailable,0.966446961302114
75425073,2,2,0.006802721088435374,seed_project,Document,seed_manifest,0.9664613524831983
76978254,2,2,0.006802721088435374,expanded_target_project,not_in_dbms_metadata,unavailable,0.9664757436642826
77338532,2,2,0.006802721088435374,expanded_target_project,not_in_dbms_metadata,unavailable,0.9664901348453667
782679,2,2,0.006802721088435374,expanded_target_project,not_in_dbms_metadata,unavailable,0.966504526026451
78678862,2,2,0.006802721088435374,expanded_target_project,not_in_dbms_metadata,unavailable,0.9665189172075352
7939844,2,2,0.006802721088435374,expanded_target_project,not_in_dbms_metadata,unavailable,0.9665333083886195
82580,2,2,0.006802721088435374,expanded_target_project,not_in_dbms_metadata,unavailable,0.9665476995697037
8397993,2,2,0.006802721088435374,expanded_target_project,not_in_dbms_metadata,unavailable,0.9665620907507879
84088596,2,2,0.006802721088435374,expanded_target_project,not_in_dbms_metadata,unavailable,0.9665764819318722
86367047,2,2,0.006802721088435374,expanded_target_project,not_in_dbms_metadata,unavailable,0.9665908731129563
87358441,2,2,0.006802721088435374,expanded_target_project,not_in_dbms_metadata,unavailable,0.9666052642940406
88956492,2,2,0.006802721088435374,expanded_target_project,not_in_dbms_metadata,unavailable,0.9666196554751249
90506918,2,2,0.006802721088435374,expanded_target_project,not_in_dbms_metadata,unavailable,0.9666340466562091
90821930,2,2,0.006802721088435374,expanded_target_project,not_in_dbms_metadata,unavailable,0.9666484378372933
9155431,2,2,0.006802721088435374,expanded_target_project,not_in_dbms_metadata,unavailable,0.9666628290183775
92569428,2,2,0.006802721088435374,expanded_target_project,not_in_dbms_metadata,unavailable,0.9666772201994618
931135,2,2,0.006802721088435374,expanded_target_project,not_in_dbms_metadata,unavailable,0.966691611380546
9433979,2,2,0.006802721088435374,expanded_target_project,not_in_dbms_metadata,unavailable,0.9667060025616302
95084858,2,2,0.006802721088435374,expanded_target_project,not_in_dbms_metadata,unavailable,0.9667203937427145
9801644,2,2,0.006802721088435374,expanded_target_project,not_in_dbms_metadata,unavailable,0.9667347849237987
99919302,2,2,0.006802721088435374,seed_project,Relational,seed_manifest,0.966749176104883
10095297,1,2,0.003401360544217687,expanded_target_project,not_in_dbms_metadata,unavailable,0.9667635672859671
101325844,1,2,0.003401360544217687,expanded_target_project,not_in_dbms_metadata,unavailable,0.9667779584670514
10160141,1,2,0.003401360544217687,expanded_target_project,not_in_dbms_metadata,unavailable,0.9667923496481357
101808120,1,2,0.003401360544217687,expanded_target_project,not_in_dbms_metadata,unavailable,0.9668067408292198
10247874,1,2,0.003401360544217687,expanded_target_project,not_in_dbms_metadata,unavailable,0.9668211320103041
102692863,1,2,0.003401360544217687,expanded_target_project,not_in_dbms_metadata,unavailable,0.9668355231913883
103603776,1,2,0.003401360544217687,expanded_target_project,not_in_dbms_metadata,unavailable,0.9668499143724726
104061241,1,2,0.003401360544217687,expanded_target_project,not_in_dbms_metadata,unavailable,0.9668643055535567
104064722,1,2,0.003401360544217687,expanded_target_project,not_in_dbms_metadata,unavailable,0.966878696734641
105195750,1,2,0.003401360544217687,expanded_target_project,not_in_dbms_metadata,unavailable,0.9668930879157253
105300706,1,2,0.003401360544217687,expanded_target_project,not_in_dbms_metadata,unavailable,0.9669074790968095
106024057,1,2,0.003401360544217687,expanded_target_project,not_in_dbms_metadata,unavailable,0.9669218702778937
106192858,1,2,0.003401360544217687,expanded_target_project,not_in_dbms_metadata,unavailable,0.9669362614589779
106263946,1,2,0.003401360544217687,expanded_target_project,not_in_dbms_metadata,unavailable,0.9669506526400622
106520420,1,2,0.003401360544217687,expanded_target_project,not_in_dbms_metadata,unavailable,0.9669650438211465
106698888,1,2,0.003401360544217687,expanded_target_project,not_in_dbms_metadata,unavailable,0.9669794350022306
10835647,1,2,0.003401360544217687,expanded_target_project,not_in_dbms_metadata,unavailable,0.9669938261833149
10885469,1,2,0.003401360544217687,expanded_target_project,not_in_dbms_metadata,unavailable,0.9670082173643991
109401999,1,2,0.003401360544217687,expanded_target_project,not_in_dbms_metadata,unavailable,0.9670226085454833
109997238,1,2,0.003401360544217687,expanded_target_project,not_in_dbms_metadata,unavailable,0.9670369997265675
1103607,1,2,0.003401360544217687,expanded_target_project,not_in_dbms_metadata,unavailable,0.9670513909076518
110772190,1,2,0.003401360544217687,expanded_target_project,not_in_dbms_metadata,unavailable,0.9670657820887361
11162159,1,2,0.003401360544217687,expanded_target_project,not_in_dbms_metadata,unavailable,0.9670801732698202
11208105,1,2,0.003401360544217687,expanded_target_project,not_in_dbms_metadata,unavailable,0.9670945644509045
112638589,1,2,0.003401360544217687,expanded_target_project,not_in_dbms_metadata,unavailable,0.9671089556319887
113089820,1,2,0.003401360544217687,expanded_target_project,not_in_dbms_metadata,unavailable,0.967123346813073
11362278,1,2,0.003401360544217687,expanded_target_project,not_in_dbms_metadata,unavailable,0.9671377379941571
11408729,1,2,0.003401360544217687,expanded_target_project,not_in_dbms_metadata,unavailable,0.9671521291752414
114312965,1,2,0.003401360544217687,expanded_target_project,not_in_dbms_metadata,unavailable,0.9671665203563257
11608365,1,2,0.003401360544217687,expanded_target_project,not_in_dbms_metadata,unavailable,0.9671809115374099
11633363,1,2,0.003401360544217687,expanded_target_project,not_in_dbms_metadata,unavailable,0.9671953027184941
116871310,1,2,0.003401360544217687,expanded_target_project,not_in_dbms_metadata,unavailable,0.9672096938995783
11749475,1,2,0.003401360544217687,expanded_target_project,not_in_dbms_metadata,unavailable,0.9672240850806626
119419195,1,2,0.003401360544217687,expanded_target_project,not_in_dbms_metadata,unavailable,0.9672384762617467
119590498,1,2,0.003401360544217687,expanded_target_project,not_in_dbms_metadata,unavailable,0.967252867442831
120011481,1,2,0.003401360544217687,expanded_target_project,not_in_dbms_metadata,unavailable,0.9672672586239153
120627608,1,2,0.003401360544217687,expanded_target_project,not_in_dbms_metadata,unavailable,0.9672816498049995
1207300,1,2,0.003401360544217687,expanded_target_project,not_in_dbms_metadata,unavailable,0.9672960409860837
1210290,1,2,0.003401360544217687,expanded_target_project,not_in_dbms_metadata,unavailable,0.9673104321671679
121086193,1,2,0.003401360544217687,expanded_target_project,not_in_dbms_metadata,unavailable,0.9673248233482522
123475536,1,2,0.003401360544217687,expanded_target_project,not_in_dbms_metadata,unavailable,0.9673392145293365
124042164,1,2,0.003401360544217687,expanded_target_project,not_in_dbms_metadata,unavailable,0.9673536057104206
12426527,1,2,0.003401360544217687,expanded_target_project,not_in_dbms_metadata,unavailable,0.9673679968915049
12712630,1,2,0.003401360544217687,expanded_target_project,not_in_dbms_metadata,unavailable,0.9673823880725891
129563456,1,2,0.003401360544217687,expanded_target_project,not_in_dbms_metadata,unavailable,0.9673967792536734
129648001,1,2,0.003401360544217687,expanded_target_project,not_in_dbms_metadata,unavailable,0.9674111704347576
132518310,1,2,0.003401360544217687,expanded_target_project,not_in_dbms_metadata,unavailable,0.9674255616158418
135618791,1,2,0.003401360544217687,expanded_target_project,not_in_dbms_metadata,unavailable,0.9674399527969261
135798749,1,2,0.003401360544217687,expanded_target_project,not_in_dbms_metadata,unavailable,0.9674543439780102
1367055,1,2,0.003401360544217687,expanded_target_project,not_in_dbms_metadata,unavailable,0.9674687351590945
136806005,1,2,0.003401360544217687,expanded_target_project,not_in_dbms_metadata,unavailable,0.9674831263401787
1368195,1,2,0.003401360544217687,expanded_target_project,not_in_dbms_metadata,unavailable,0.967497517521263
138707242,1,2,0.003401360544217687,expanded_target_project,not_in_dbms_metadata,unavailable,0.9675119087023472
141451032,1,2,0.003401360544217687,expanded_target_project,not_in_dbms_metadata,unavailable,0.9675262998834314
142720484,1,2,0.003401360544217687,expanded_target_project,not_in_dbms_metadata,unavailable,0.9675406910645157
143262333,1,2,0.003401360544217687,expanded_target_project,not_in_dbms_metadata,unavailable,0.9675550822455999
143321848,1,2,0.003401360544217687,expanded_target_project,not_in_dbms_metadata,unavailable,0.9675694734266841
143436277,1,2,0.003401360544217687,seed_project,Relational,seed_manifest,0.9675838646077684
14447732,1,2,0.003401360544217687,expanded_target_project,not_in_dbms_metadata,unavailable,0.9675982557888526
1450115,1,2,0.003401360544217687,expanded_target_project,not_in_dbms_metadata,unavailable,0.9676126469699369
145880460,1,2,0.003401360544217687,expanded_target_project,not_in_dbms_metadata,unavailable,0.967627038151021
145976381,1,2,0.003401360544217687,expanded_target_project,not_in_dbms_metadata,unavailable,0.9676414293321053
146116598,1,2,0.003401360544217687,expanded_target_project,not_in_dbms_metadata,unavailable,0.9676558205131895
146468829,1,2,0.003401360544217687,expanded_target_project,not_in_dbms_metadata,unavailable,0.9676702116942737
1483979,1,2,0.003401360544217687,expanded_target_project,not_in_dbms_metadata,unavailable,0.967684602875358
149026292,1,2,0.003401360544217687,expanded_target_project,not_in_dbms_metadata,unavailable,0.9676989940564422
151717145,1,2,0.003401360544217687,expanded_target_project,not_in_dbms_metadata,unavailable,0.9677133852375265
151740965,1,2,0.003401360544217687,expanded_target_project,not_in_dbms_metadata,unavailable,0.9677277764186106
153996559,1,2,0.003401360544217687,expanded_target_project,not_in_dbms_metadata,unavailable,0.9677421675996949
154318300,1,2,0.003401360544217687,expanded_target_project,not_in_dbms_metadata,unavailable,0.9677565587807792
15437182,1,2,0.003401360544217687,expanded_target_project,not_in_dbms_metadata,unavailable,0.9677709499618634
155609504,1,2,0.003401360544217687,expanded_target_project,not_in_dbms_metadata,unavailable,0.9677853411429476
156111871,1,2,0.003401360544217687,expanded_target_project,not_in_dbms_metadata,unavailable,0.9677997323240318
157680689,1,2,0.003401360544217687,expanded_target_project,not_in_dbms_metadata,unavailable,0.9678141235051161
158756762,1,2,0.003401360544217687,expanded_target_project,not_in_dbms_metadata,unavailable,0.9678285146862003
159568404,1,2,0.003401360544217687,expanded_target_project,not_in_dbms_metadata,unavailable,0.9678429058672845
15992970,1,2,0.003401360544217687,expanded_target_project,not_in_dbms_metadata,unavailable,0.9678572970483688
160784930,1,2,0.003401360544217687,expanded_target_project,Key-value,dbms_metadata,0.967871688229453
161525880,1,2,0.003401360544217687,expanded_target_project,not_in_dbms_metadata,unavailable,0.9678860794105372
164026325,1,2,0.003401360544217687,expanded_target_project,not_in_dbms_metadata,unavailable,0.9679004705916214
16523712,1,2,0.003401360544217687,expanded_target_project,not_in_dbms_metadata,unavailable,0.9679148617727057
16556373,1,2,0.003401360544217687,expanded_target_project,not_in_dbms_metadata,unavailable,0.96792925295379
166244463,1,2,0.003401360544217687,expanded_target_project,not_in_dbms_metadata,unavailable,0.9679436441348741
166314916,1,2,0.003401360544217687,expanded_target_project,not_in_dbms_metadata,unavailable,0.9679580353159584
166480286,1,2,0.003401360544217687,expanded_target_project,not_in_dbms_metadata,unavailable,0.9679724264970426
167839176,1,2,0.003401360544217687,expanded_target_project,not_in_dbms_metadata,unavailable,0.9679868176781269
168043047,1,2,0.003401360544217687,expanded_target_project,not_in_dbms_metadata,unavailable,0.968001208859211
1680909,1,2,0.003401360544217687,expanded_target_project,not_in_dbms_metadata,unavailable,0.9680156000402953
168370,1,2,0.003401360544217687,expanded_target_project,not_in_dbms_metadata,unavailable,0.9680299912213796
168870773,1,2,0.003401360544217687,expanded_target_project,not_in_dbms_metadata,unavailable,0.9680443824024638
169608259,1,2,0.003401360544217687,expanded_target_project,not_in_dbms_metadata,unavailable,0.968058773583548
1705960,1,2,0.003401360544217687,expanded_target_project,not_in_dbms_metadata,unavailable,0.9680731647646322
170681535,1,2,0.003401360544217687,expanded_target_project,not_in_dbms_metadata,unavailable,0.9680875559457165
171486120,1,2,0.003401360544217687,expanded_target_project,not_in_dbms_metadata,unavailable,0.9681019471268006
172142138,1,2,0.003401360544217687,expanded_target_project,not_in_dbms_metadata,unavailable,0.9681163383078849
17310686,1,2,0.003401360544217687,expanded_target_project,not_in_dbms_metadata,unavailable,0.9681307294889692
174378326,1,2,0.003401360544217687,expanded_target_project,not_in_dbms_metadata,unavailable,0.9681451206700534
174417748,1,2,0.003401360544217687,expanded_target_project,not_in_dbms_metadata,unavailable,0.9681595118511376
175129788,1,2,0.003401360544217687,expanded_target_project,not_in_dbms_metadata,unavailable,0.9681739030322218
17516793,1,2,0.003401360544217687,expanded_target_project,not_in_dbms_metadata,unavailable,0.9681882942133061
175458368,1,2,0.003401360544217687,expanded_target_project,not_in_dbms_metadata,unavailable,0.9682026853943904
17620347,1,2,0.003401360544217687,expanded_target_project,not_in_dbms_metadata,unavailable,0.9682170765754745
176524785,1,2,0.003401360544217687,expanded_target_project,not_in_dbms_metadata,unavailable,0.9682314677565588
17720373,1,2,0.003401360544217687,expanded_target_project,not_in_dbms_metadata,unavailable,0.968245858937643
17748183,1,2,0.003401360544217687,expanded_target_project,not_in_dbms_metadata,unavailable,0.9682602501187273
178303050,1,2,0.003401360544217687,expanded_target_project,not_in_dbms_metadata,unavailable,0.9682746412998114
178462340,1,2,0.003401360544217687,expanded_target_project,not_in_dbms_metadata,unavailable,0.9682890324808957
178964735,1,2,0.003401360544217687,expanded_target_project,not_in_dbms_metadata,unavailable,0.96830342366198
179344069,1,2,0.003401360544217687,expanded_target_project,not_in_dbms_metadata,unavailable,0.9683178148430641
179553396,1,2,0.003401360544217687,expanded_target_project,not_in_dbms_metadata,unavailable,0.9683322060241484
1804055,1,2,0.003401360544217687,expanded_target_project,not_in_dbms_metadata,unavailable,0.9683465972052326
180508509,1,2,0.003401360544217687,expanded_target_project,not_in_dbms_metadata,unavailable,0.9683609883863169
18193978,1,2,0.003401360544217687,expanded_target_project,not_in_dbms_metadata,unavailable,0.968375379567401
182128122,1,2,0.003401360544217687,expanded_target_project,not_in_dbms_metadata,unavailable,0.9683897707484853
183030217,1,2,0.003401360544217687,expanded_target_project,not_in_dbms_metadata,unavailable,0.9684041619295696
183095067,1,2,0.003401360544217687,expanded_target_project,not_in_dbms_metadata,unavailable,0.9684185531106538
183477487,1,2,0.003401360544217687,expanded_target_project,not_in_dbms_metadata,unavailable,0.968432944291738
185278617,1,2,0.003401360544217687,expanded_target_project,not_in_dbms_metadata,unavailable,0.9684473354728222
18785884,1,2,0.003401360544217687,expanded_target_project,not_in_dbms_metadata,unavailable,0.9684617266539065
188057676,1,2,0.003401360544217687,expanded_target_project,not_in_dbms_metadata,unavailable,0.9684761178349908
189029839,1,2,0.003401360544217687,expanded_target_project,not_in_dbms_metadata,unavailable,0.9684905090160749
19000107,1,2,0.003401360544217687,expanded_target_project,not_in_dbms_metadata,unavailable,0.9685049001971592
190704068,1,2,0.003401360544217687,expanded_target_project,not_in_dbms_metadata,unavailable,0.9685192913782434
19138780,1,2,0.003401360544217687,expanded_target_project,not_in_dbms_metadata,unavailable,0.9685336825593276
1916228,1,2,0.003401360544217687,expanded_target_project,not_in_dbms_metadata,unavailable,0.9685480737404119
192631273,1,2,0.003401360544217687,expanded_target_project,Document,dbms_metadata,0.9685624649214961
19323986,1,2,0.003401360544217687,expanded_target_project,not_in_dbms_metadata,unavailable,0.9685768561025804
193500153,1,2,0.003401360544217687,expanded_target_project,not_in_dbms_metadata,unavailable,0.9685912472836645
19449303,1,2,0.003401360544217687,expanded_target_project,not_in_dbms_metadata,unavailable,0.9686056384647488
19485249,1,2,0.003401360544217687,expanded_target_project,not_in_dbms_metadata,unavailable,0.968620029645833
195277793,1,2,0.003401360544217687,expanded_target_project,not_in_dbms_metadata,unavailable,0.9686344208269173
195747855,1,2,0.003401360544217687,expanded_target_project,not_in_dbms_metadata,unavailable,0.9686488120080015
196587809,1,2,0.003401360544217687,expanded_target_project,not_in_dbms_metadata,unavailable,0.9686632031890857
197077443,1,2,0.003401360544217687,expanded_target_project,not_in_dbms_metadata,unavailable,0.96867759437017
197139729,1,2,0.003401360544217687,expanded_target_project,not_in_dbms_metadata,unavailable,0.9686919855512542
197658090,1,2,0.003401360544217687,expanded_target_project,not_in_dbms_metadata,unavailable,0.9687063767323384
19816070,1,2,0.003401360544217687,seed_project,Relational,seed_manifest,0.9687207679134227
198711527,1,2,0.003401360544217687,expanded_target_project,not_in_dbms_metadata,unavailable,0.9687351590945069
201103120,1,2,0.003401360544217687,expanded_target_project,not_in_dbms_metadata,unavailable,0.9687495502755911
201284016,1,2,0.003401360544217687,expanded_target_project,not_in_dbms_metadata,unavailable,0.9687639414566753
201441751,1,2,0.003401360544217687,expanded_target_project,not_in_dbms_metadata,unavailable,0.9687783326377596
201885288,1,2,0.003401360544217687,expanded_target_project,not_in_dbms_metadata,unavailable,0.9687927238188438
202379383,1,2,0.003401360544217687,expanded_target_project,not_in_dbms_metadata,unavailable,0.968807114999928
20248082,1,2,0.003401360544217687,expanded_target_project,not_in_dbms_metadata,unavailable,0.9688215061810123
203132746,1,2,0.003401360544217687,expanded_target_project,not_in_dbms_metadata,unavailable,0.9688358973620965
2032665,1,2,0.003401360544217687,expanded_target_project,not_in_dbms_metadata,unavailable,0.9688502885431808
20364355,1,2,0.003401360544217687,expanded_target_project,not_in_dbms_metadata,unavailable,0.9688646797242649
203668074,1,2,0.003401360544217687,expanded_target_project,not_in_dbms_metadata,unavailable,0.9688790709053492
20388420,1,2,0.003401360544217687,expanded_target_project,not_in_dbms_metadata,unavailable,0.9688934620864335
2049404,1,2,0.003401360544217687,expanded_target_project,not_in_dbms_metadata,unavailable,0.9689078532675177
20543575,1,2,0.003401360544217687,expanded_target_project,not_in_dbms_metadata,unavailable,0.9689222444486019
205966957,1,2,0.003401360544217687,expanded_target_project,not_in_dbms_metadata,unavailable,0.9689366356296861
206130163,1,2,0.003401360544217687,expanded_target_project,not_in_dbms_metadata,unavailable,0.9689510268107704
206228780,1,2,0.003401360544217687,expanded_target_project,not_in_dbms_metadata,unavailable,0.9689654179918545
206417,1,2,0.003401360544217687,seed_project,Document,seed_manifest,0.9689798091729388
208047461,1,2,0.003401360544217687,expanded_target_project,not_in_dbms_metadata,unavailable,0.9689942003540231
211165922,1,2,0.003401360544217687,expanded_target_project,not_in_dbms_metadata,unavailable,0.9690085915351073
2113660,1,2,0.003401360544217687,expanded_target_project,not_in_dbms_metadata,unavailable,0.9690229827161915
21303988,1,2,0.003401360544217687,expanded_target_project,not_in_dbms_metadata,unavailable,0.9690373738972757
213417638,1,2,0.003401360544217687,expanded_target_project,not_in_dbms_metadata,unavailable,0.96905176507836
214215524,1,2,0.003401360544217687,expanded_target_project,not_in_dbms_metadata,unavailable,0.9690661562594443
214361893,1,2,0.003401360544217687,expanded_target_project,not_in_dbms_metadata,unavailable,0.9690805474405284
21467907,1,2,0.003401360544217687,expanded_target_project,not_in_dbms_metadata,unavailable,0.9690949386216127
216478215,1,2,0.003401360544217687,expanded_target_project,not_in_dbms_metadata,unavailable,0.9691093298026969
21759652,1,2,0.003401360544217687,expanded_target_project,not_in_dbms_metadata,unavailable,0.9691237209837812
218025521,1,2,0.003401360544217687,expanded_target_project,not_in_dbms_metadata,unavailable,0.9691381121648653
218525428,1,2,0.003401360544217687,expanded_target_project,not_in_dbms_metadata,unavailable,0.9691525033459496
219045178,1,2,0.003401360544217687,expanded_target_project,not_in_dbms_metadata,unavailable,0.9691668945270339
219515346,1,2,0.003401360544217687,expanded_target_project,not_in_dbms_metadata,unavailable,0.969181285708118
220808376,1,2,0.003401360544217687,expanded_target_project,not_in_dbms_metadata,unavailable,0.9691956768892023
221654776,1,2,0.003401360544217687,expanded_target_project,not_in_dbms_metadata,unavailable,0.9692100680702865
22392639,1,2,0.003401360544217687,expanded_target_project,not_in_dbms_metadata,unavailable,0.9692244592513708
224104199,1,2,0.003401360544217687,expanded_target_project,not_in_dbms_metadata,unavailable,0.969238850432455
224225724,1,2,0.003401360544217687,expanded_target_project,not_in_dbms_metadata,unavailable,0.9692532416135392
226354201,1,2,0.003401360544217687,expanded_target_project,not_in_dbms_metadata,unavailable,0.9692676327946235
226668025,1,2,0.003401360544217687,expanded_target_project,not_in_dbms_metadata,unavailable,0.9692820239757077
227542815,1,2,0.003401360544217687,expanded_target_project,not_in_dbms_metadata,unavailable,0.9692964151567919
227805015,1,2,0.003401360544217687,expanded_target_project,not_in_dbms_metadata,unavailable,0.9693108063378761
22841549,1,2,0.003401360544217687,expanded_target_project,not_in_dbms_metadata,unavailable,0.9693251975189604
22883472,1,2,0.003401360544217687,expanded_target_project,not_in_dbms_metadata,unavailable,0.9693395887000447
231150319,1,2,0.003401360544217687,expanded_target_project,not_in_dbms_metadata,unavailable,0.9693539798811288
233320086,1,2,0.003401360544217687,expanded_target_project,not_in_dbms_metadata,unavailable,0.9693683710622131
23356570,1,2,0.003401360544217687,expanded_target_project,not_in_dbms_metadata,unavailable,0.9693827622432973
235819600,1,2,0.003401360544217687,expanded_target_project,not_in_dbms_metadata,unavailable,0.9693971534243815
235901813,1,2,0.003401360544217687,expanded_target_project,not_in_dbms_metadata,unavailable,0.9694115446054657
236106066,1,2,0.003401360544217687,expanded_target_project,not_in_dbms_metadata,unavailable,0.96942593578655
237459124,1,2,0.003401360544217687,expanded_target_project,not_in_dbms_metadata,unavailable,0.9694403269676343
237844675,1,2,0.003401360544217687,expanded_target_project,not_in_dbms_metadata,unavailable,0.9694547181487184
238290996,1,2,0.003401360544217687,expanded_target_project,not_in_dbms_metadata,unavailable,0.9694691093298027
239469102,1,2,0.003401360544217687,expanded_target_project,not_in_dbms_metadata,unavailable,0.9694835005108869
24167016,1,2,0.003401360544217687,expanded_target_project,not_in_dbms_metadata,unavailable,0.9694978916919712
241903378,1,2,0.003401360544217687,expanded_target_project,not_in_dbms_metadata,unavailable,0.9695122828730554
24195339,1,2,0.003401360544217687,expanded_target_project,not_in_dbms_metadata,unavailable,0.9695266740541396
242754476,1,2,0.003401360544217687,expanded_target_project,not_in_dbms_metadata,unavailable,0.9695410652352239
242828875,1,2,0.003401360544217687,expanded_target_project,not_in_dbms_metadata,unavailable,0.9695554564163081
242923033,1,2,0.003401360544217687,expanded_target_project,not_in_dbms_metadata,unavailable,0.9695698475973923
244554606,1,2,0.003401360544217687,expanded_target_project,not_in_dbms_metadata,unavailable,0.9695842387784765
244958571,1,2,0.003401360544217687,expanded_target_project,not_in_dbms_metadata,unavailable,0.9695986299595608
245388716,1,2,0.003401360544217687,expanded_target_project,not_in_dbms_metadata,unavailable,0.969613021140645
24653868,1,2,0.003401360544217687,expanded_target_project,not_in_dbms_metadata,unavailable,0.9696274123217292
248537383,1,2,0.003401360544217687,expanded_target_project,not_in_dbms_metadata,unavailable,0.9696418035028135
249319182,1,2,0.003401360544217687,expanded_target_project,not_in_dbms_metadata,unavailable,0.9696561946838977
2504175,1,2,0.003401360544217687,expanded_target_project,not_in_dbms_metadata,unavailable,0.9696705858649819
251420886,1,2,0.003401360544217687,expanded_target_project,not_in_dbms_metadata,unavailable,0.9696849770460662
25174671,1,2,0.003401360544217687,expanded_target_project,not_in_dbms_metadata,unavailable,0.9696993682271504
252522672,1,2,0.003401360544217687,expanded_target_project,not_in_dbms_metadata,unavailable,0.9697137594082347
253614369,1,2,0.003401360544217687,expanded_target_project,not_in_dbms_metadata,unavailable,0.9697281505893188
254116626,1,2,0.003401360544217687,expanded_target_project,not_in_dbms_metadata,unavailable,0.9697425417704031
254623350,1,2,0.003401360544217687,expanded_target_project,not_in_dbms_metadata,unavailable,0.9697569329514873
257145326,1,2,0.003401360544217687,expanded_target_project,not_in_dbms_metadata,unavailable,0.9697713241325716
257240218,1,2,0.003401360544217687,expanded_target_project,not_in_dbms_metadata,unavailable,0.9697857153136558
2580769,1,2,0.003401360544217687,expanded_target_project,not_in_dbms_metadata,unavailable,0.96980010649474
258297672,1,2,0.003401360544217687,expanded_target_project,not_in_dbms_metadata,unavailable,0.9698144976758243
258546843,1,2,0.003401360544217687,expanded_target_project,not_in_dbms_metadata,unavailable,0.9698288888569084
261265804,1,2,0.003401360544217687,expanded_target_project,not_in_dbms_metadata,unavailable,0.9698432800379927
26289803,1,2,0.003401360544217687,expanded_target_project,not_in_dbms_metadata,unavailable,0.969857671219077
263609668,1,2,0.003401360544217687,expanded_target_project,not_in_dbms_metadata,unavailable,0.9698720624001612
26579900,1,2,0.003401360544217687,expanded_target_project,not_in_dbms_metadata,unavailable,0.9698864535812454
26610130,1,2,0.003401360544217687,expanded_target_project,not_in_dbms_metadata,unavailable,0.9699008447623296
267273319,1,2,0.003401360544217687,expanded_target_project,not_in_dbms_metadata,unavailable,0.9699152359434139
26782461,1,2,0.003401360544217687,expanded_target_project,not_in_dbms_metadata,unavailable,0.9699296271244982
269159100,1,2,0.003401360544217687,expanded_target_project,not_in_dbms_metadata,unavailable,0.9699440183055823
271251138,1,2,0.003401360544217687,expanded_target_project,not_in_dbms_metadata,unavailable,0.9699584094866666
273601619,1,2,0.003401360544217687,expanded_target_project,not_in_dbms_metadata,unavailable,0.9699728006677508
274799566,1,2,0.003401360544217687,expanded_target_project,not_in_dbms_metadata,unavailable,0.9699871918488351
27500243,1,2,0.003401360544217687,expanded_target_project,not_in_dbms_metadata,unavailable,0.9700015830299192
275516738,1,2,0.003401360544217687,expanded_target_project,not_in_dbms_metadata,unavailable,0.9700159742110035
276192114,1,2,0.003401360544217687,expanded_target_project,not_in_dbms_metadata,unavailable,0.9700303653920878
276347473,1,2,0.003401360544217687,expanded_target_project,not_in_dbms_metadata,unavailable,0.9700447565731719
277189053,1,2,0.003401360544217687,expanded_target_project,not_in_dbms_metadata,unavailable,0.9700591477542562
277836190,1,2,0.003401360544217687,expanded_target_project,not_in_dbms_metadata,unavailable,0.9700735389353404
279083788,1,2,0.003401360544217687,expanded_target_project,not_in_dbms_metadata,unavailable,0.9700879301164247
279134229,1,2,0.003401360544217687,expanded_target_project,not_in_dbms_metadata,unavailable,0.9701023212975088
27945817,1,2,0.003401360544217687,expanded_target_project,not_in_dbms_metadata,unavailable,0.9701167124785931
28011464,1,2,0.003401360544217687,expanded_target_project,not_in_dbms_metadata,unavailable,0.9701311036596774
280356979,1,2,0.003401360544217687,expanded_target_project,not_in_dbms_metadata,unavailable,0.9701454948407616
281870638,1,2,0.003401360544217687,expanded_target_project,not_in_dbms_metadata,unavailable,0.9701598860218458
28200583,1,2,0.003401360544217687,expanded_target_project,not_in_dbms_metadata,unavailable,0.97017427720293
2835111,1,2,0.003401360544217687,expanded_target_project,not_in_dbms_metadata,unavailable,0.9701886683840143
28470446,1,2,0.003401360544217687,expanded_target_project,not_in_dbms_metadata,unavailable,0.9702030595650986
284745566,1,2,0.003401360544217687,expanded_target_project,not_in_dbms_metadata,unavailable,0.9702174507461827
2871998,1,2,0.003401360544217687,expanded_target_project,not_in_dbms_metadata,unavailable,0.970231841927267
287279910,1,2,0.003401360544217687,expanded_target_project,not_in_dbms_metadata,unavailable,0.9702462331083512
291130821,1,2,0.003401360544217687,expanded_target_project,not_in_dbms_metadata,unavailable,0.9702606242894354
291153670,1,2,0.003401360544217687,expanded_target_project,not_in_dbms_metadata,unavailable,0.9702750154705196
2923236,1,2,0.003401360544217687,expanded_target_project,not_in_dbms_metadata,unavailable,0.9702894066516039
29533139,1,2,0.003401360544217687,expanded_target_project,not_in_dbms_metadata,unavailable,0.9703037978326882
296778170,1,2,0.003401360544217687,expanded_target_project,not_in_dbms_metadata,unavailable,0.9703181890137723
297728481,1,2,0.003401360544217687,expanded_target_project,not_in_dbms_metadata,unavailable,0.9703325801948566
3037278,1,2,0.003401360544217687,expanded_target_project,not_in_dbms_metadata,unavailable,0.9703469713759408
303762301,1,2,0.003401360544217687,expanded_target_project,not_in_dbms_metadata,unavailable,0.9703613625570251
305498835,1,2,0.003401360544217687,expanded_target_project,not_in_dbms_metadata,unavailable,0.9703757537381092
307992244,1,2,0.003401360544217687,expanded_target_project,not_in_dbms_metadata,unavailable,0.9703901449191935
3087541,1,2,0.003401360544217687,expanded_target_project,not_in_dbms_metadata,unavailable,0.9704045361002778
31006158,1,2,0.003401360544217687,seed_project,Key-value,seed_manifest,0.970418927281362
310143368,1,2,0.003401360544217687,expanded_target_project,not_in_dbms_metadata,unavailable,0.9704333184624462
311344607,1,2,0.003401360544217687,expanded_target_project,not_in_dbms_metadata,unavailable,0.9704477096435304
311701406,1,2,0.003401360544217687,expanded_target_project,not_in_dbms_metadata,unavailable,0.9704621008246147
31228039,1,2,0.003401360544217687,expanded_target_project,not_in_dbms_metadata,unavailable,0.9704764920056989
312851969,1,2,0.003401360544217687,expanded_target_project,not_in_dbms_metadata,unavailable,0.9704908831867831
313347776,1,2,0.003401360544217687,expanded_target_project,not_in_dbms_metadata,unavailable,0.9705052743678674
313731577,1,2,0.003401360544217687,expanded_target_project,not_in_dbms_metadata,unavailable,0.9705196655489516
314442029,1,2,0.003401360544217687,expanded_target_project,not_in_dbms_metadata,unavailable,0.9705340567300358
31504491,1,2,0.003401360544217687,expanded_target_project,not_in_dbms_metadata,unavailable,0.97054844791112
31663150,1,2,0.003401360544217687,expanded_target_project,not_in_dbms_metadata,unavailable,0.9705628390922043
318476701,1,2,0.003401360544217687,expanded_target_project,not_in_dbms_metadata,unavailable,0.9705772302732886
318608950,1,2,0.003401360544217687,expanded_target_project,not_in_dbms_metadata,unavailable,0.9705916214543727
320542358,1,2,0.003401360544217687,expanded_target_project,not_in_dbms_metadata,unavailable,0.970606012635457
321270638,1,2,0.003401360544217687,expanded_target_project,not_in_dbms_metadata,unavailable,0.9706204038165412
3214406,1,2,0.003401360544217687,expanded_target_project,not_in_dbms_metadata,unavailable,0.9706347949976255
321938,1,2,0.003401360544217687,expanded_target_project,not_in_dbms_metadata,unavailable,0.9706491861787097
323035550,1,2,0.003401360544217687,expanded_target_project,not_in_dbms_metadata,unavailable,0.9706635773597939
323046430,1,2,0.003401360544217687,expanded_target_project,not_in_dbms_metadata,unavailable,0.9706779685408782
3232106,1,2,0.003401360544217687,expanded_target_project,not_in_dbms_metadata,unavailable,0.9706923597219623
324487461,1,2,0.003401360544217687,expanded_target_project,not_in_dbms_metadata,unavailable,0.9707067509030466
32500369,1,2,0.003401360544217687,expanded_target_project,not_in_dbms_metadata,unavailable,0.9707211420841309
325777713,1,2,0.003401360544217687,expanded_target_project,not_in_dbms_metadata,unavailable,0.9707355332652151
327705279,1,2,0.003401360544217687,expanded_target_project,not_in_dbms_metadata,unavailable,0.9707499244462993
328806334,1,2,0.003401360544217687,expanded_target_project,not_in_dbms_metadata,unavailable,0.9707643156273835
3291848,1,2,0.003401360544217687,expanded_target_project,not_in_dbms_metadata,unavailable,0.9707787068084678
33157169,1,2,0.003401360544217687,expanded_target_project,not_in_dbms_metadata,unavailable,0.970793097989552
333303663,1,2,0.003401360544217687,expanded_target_project,not_in_dbms_metadata,unavailable,0.9708074891706362
334134772,1,2,0.003401360544217687,expanded_target_project,not_in_dbms_metadata,unavailable,0.9708218803517205
33456236,1,2,0.003401360544217687,expanded_target_project,not_in_dbms_metadata,unavailable,0.9708362715328047
335786381,1,2,0.003401360544217687,expanded_target_project,not_in_dbms_metadata,unavailable,0.970850662713889
336431585,1,2,0.003401360544217687,expanded_target_project,not_in_dbms_metadata,unavailable,0.9708650538949731
34039690,1,2,0.003401360544217687,expanded_target_project,not_in_dbms_metadata,unavailable,0.9708794450760574
340996636,1,2,0.003401360544217687,expanded_target_project,not_in_dbms_metadata,unavailable,0.9708938362571417
341316058,1,2,0.003401360544217687,expanded_target_project,not_in_dbms_metadata,unavailable,0.9709082274382258
341523730,1,2,0.003401360544217687,expanded_target_project,not_in_dbms_metadata,unavailable,0.9709226186193101
342006158,1,2,0.003401360544217687,expanded_target_project,not_in_dbms_metadata,unavailable,0.9709370098003943
343883550,1,2,0.003401360544217687,expanded_target_project,not_in_dbms_metadata,unavailable,0.9709514009814786
34428627,1,2,0.003401360544217687,expanded_target_project,not_in_dbms_metadata,unavailable,0.9709657921625627
344411200,1,2,0.003401360544217687,expanded_target_project,not_in_dbms_metadata,unavailable,0.970980183343647
345321678,1,2,0.003401360544217687,expanded_target_project,not_in_dbms_metadata,unavailable,0.9709945745247313
346561418,1,2,0.003401360544217687,expanded_target_project,not_in_dbms_metadata,unavailable,0.9710089657058155
346829005,1,2,0.003401360544217687,expanded_target_project,not_in_dbms_metadata,unavailable,0.9710233568868997
34844615,1,2,0.003401360544217687,expanded_target_project,not_in_dbms_metadata,unavailable,0.9710377480679839
348789764,1,2,0.003401360544217687,expanded_target_project,not_in_dbms_metadata,unavailable,0.9710521392490682
348897374,1,2,0.003401360544217687,expanded_target_project,not_in_dbms_metadata,unavailable,0.9710665304301525
349172057,1,2,0.003401360544217687,expanded_target_project,not_in_dbms_metadata,unavailable,0.9710809216112366
35051820,1,2,0.003401360544217687,expanded_target_project,not_in_dbms_metadata,unavailable,0.9710953127923209
350645373,1,2,0.003401360544217687,expanded_target_project,not_in_dbms_metadata,unavailable,0.9711097039734051
351503108,1,2,0.003401360544217687,expanded_target_project,not_in_dbms_metadata,unavailable,0.9711240951544893
352933986,1,2,0.003401360544217687,expanded_target_project,not_in_dbms_metadata,unavailable,0.9711384863355735
353335347,1,2,0.003401360544217687,expanded_target_project,not_in_dbms_metadata,unavailable,0.9711528775166578
353886007,1,2,0.003401360544217687,expanded_target_project,not_in_dbms_metadata,unavailable,0.9711672686977421
354899090,1,2,0.003401360544217687,expanded_target_project,not_in_dbms_metadata,unavailable,0.9711816598788262
355253165,1,2,0.003401360544217687,expanded_target_project,not_in_dbms_metadata,unavailable,0.9711960510599105
356362815,1,2,0.003401360544217687,expanded_target_project,not_in_dbms_metadata,unavailable,0.9712104422409947
35726310,1,2,0.003401360544217687,expanded_target_project,not_in_dbms_metadata,unavailable,0.971224833422079
357290698,1,2,0.003401360544217687,expanded_target_project,not_in_dbms_metadata,unavailable,0.9712392246031631
357558544,1,2,0.003401360544217687,expanded_target_project,not_in_dbms_metadata,unavailable,0.9712536157842474
360436551,1,2,0.003401360544217687,expanded_target_project,not_in_dbms_metadata,unavailable,0.9712680069653317
360521076,1,2,0.003401360544217687,expanded_target_project,not_in_dbms_metadata,unavailable,0.9712823981464159
36161366,1,2,0.003401360544217687,expanded_target_project,not_in_dbms_metadata,unavailable,0.9712967893275001
361877033,1,2,0.003401360544217687,expanded_target_project,not_in_dbms_metadata,unavailable,0.9713111805085843
3655872,1,2,0.003401360544217687,expanded_target_project,not_in_dbms_metadata,unavailable,0.9713255716896686
366767099,1,2,0.003401360544217687,expanded_target_project,not_in_dbms_metadata,unavailable,0.9713399628707527
366922019,1,2,0.003401360544217687,expanded_target_project,not_in_dbms_metadata,unavailable,0.971354354051837
368565094,1,2,0.003401360544217687,expanded_target_project,not_in_dbms_metadata,unavailable,0.9713687452329213
369765180,1,2,0.003401360544217687,expanded_target_project,not_in_dbms_metadata,unavailable,0.9713831364140055
370488914,1,2,0.003401360544217687,expanded_target_project,not_in_dbms_metadata,unavailable,0.9713975275950897
372536503,1,2,0.003401360544217687,expanded_target_project,not_in_dbms_metadata,unavailable,0.9714119187761739
373940169,1,2,0.003401360544217687,expanded_target_project,not_in_dbms_metadata,unavailable,0.9714263099572582
37445421,1,2,0.003401360544217687,expanded_target_project,not_in_dbms_metadata,unavailable,0.9714407011383425
375962860,1,2,0.003401360544217687,expanded_target_project,not_in_dbms_metadata,unavailable,0.9714550923194266
376093508,1,2,0.003401360544217687,expanded_target_project,not_in_dbms_metadata,unavailable,0.9714694835005109
377755619,1,2,0.003401360544217687,expanded_target_project,not_in_dbms_metadata,unavailable,0.9714838746815951
379865325,1,2,0.003401360544217687,expanded_target_project,not_in_dbms_metadata,unavailable,0.9714982658626794
381500711,1,2,0.003401360544217687,expanded_target_project,not_in_dbms_metadata,unavailable,0.9715126570437636
381666251,1,2,0.003401360544217687,expanded_target_project,not_in_dbms_metadata,unavailable,0.9715270482248478
38329989,1,2,0.003401360544217687,expanded_target_project,not_in_dbms_metadata,unavailable,0.9715414394059321
384403174,1,2,0.003401360544217687,expanded_target_project,not_in_dbms_metadata,unavailable,0.9715558305870162
385554672,1,2,0.003401360544217687,expanded_target_project,not_in_dbms_metadata,unavailable,0.9715702217681005
38617,1,2,0.003401360544217687,expanded_target_project,not_in_dbms_metadata,unavailable,0.9715846129491847
387157909,1,2,0.003401360544217687,expanded_target_project,not_in_dbms_metadata,unavailable,0.971599004130269
387876243,1,2,0.003401360544217687,expanded_target_project,not_in_dbms_metadata,unavailable,0.9716133953113532
388936696,1,2,0.003401360544217687,expanded_target_project,not_in_dbms_metadata,unavailable,0.9716277864924374
390536799,1,2,0.003401360544217687,expanded_target_project,not_in_dbms_metadata,unavailable,0.9716421776735217
39063076,1,2,0.003401360544217687,expanded_target_project,not_in_dbms_metadata,unavailable,0.9716565688546059
39265047,1,2,0.003401360544217687,expanded_target_project,not_in_dbms_metadata,unavailable,0.9716709600356901
395733062,1,2,0.003401360544217687,expanded_target_project,not_in_dbms_metadata,unavailable,0.9716853512167744
39720886,1,2,0.003401360544217687,expanded_target_project,not_in_dbms_metadata,unavailable,0.9716997423978586
39759972,1,2,0.003401360544217687,expanded_target_project,not_in_dbms_metadata,unavailable,0.9717141335789429
398105002,1,2,0.003401360544217687,expanded_target_project,not_in_dbms_metadata,unavailable,0.971728524760027
400147654,1,2,0.003401360544217687,expanded_target_project,not_in_dbms_metadata,unavailable,0.9717429159411113
402021456,1,2,0.003401360544217687,expanded_target_project,not_in_dbms_metadata,unavailable,0.9717573071221955
40210247,1,2,0.003401360544217687,expanded_target_project,not_in_dbms_metadata,unavailable,0.9717716983032797
40355094,1,2,0.003401360544217687,expanded_target_project,not_in_dbms_metadata,unavailable,0.971786089484364
407142976,1,2,0.003401360544217687,expanded_target_project,not_in_dbms_metadata,unavailable,0.9718004806654482
407831273,1,2,0.003401360544217687,expanded_target_project,not_in_dbms_metadata,unavailable,0.9718148718465325
408996775,1,2,0.003401360544217687,expanded_target_project,not_in_dbms_metadata,unavailable,0.9718292630276166
409388445,1,2,0.003401360544217687,expanded_target_project,not_in_dbms_metadata,unavailable,0.9718436542087009
409808684,1,2,0.003401360544217687,expanded_target_project,not_in_dbms_metadata,unavailable,0.9718580453897852
410766005,1,2,0.003401360544217687,expanded_target_project,not_in_dbms_metadata,unavailable,0.9718724365708694
411527414,1,2,0.003401360544217687,expanded_target_project,not_in_dbms_metadata,unavailable,0.9718868277519536
412102330,1,2,0.003401360544217687,expanded_target_project,not_in_dbms_metadata,unavailable,0.9719012189330378
412264930,1,2,0.003401360544217687,expanded_target_project,not_in_dbms_metadata,unavailable,0.9719156101141221
413389267,1,2,0.003401360544217687,expanded_target_project,not_in_dbms_metadata,unavailable,0.9719300012952063
41349039,1,2,0.003401360544217687,seed_project,Graph,seed_manifest,0.9719443924762905
414633085,1,2,0.003401360544217687,expanded_target_project,not_in_dbms_metadata,unavailable,0.9719587836573748
414909619,1,2,0.003401360544217687,expanded_target_project,not_in_dbms_metadata,unavailable,0.971973174838459
417011402,1,2,0.003401360544217687,expanded_target_project,not_in_dbms_metadata,unavailable,0.9719875660195432
417630672,1,2,0.003401360544217687,expanded_target_project,not_in_dbms_metadata,unavailable,0.9720019572006274
41881575,1,2,0.003401360544217687,expanded_target_project,not_in_dbms_metadata,unavailable,0.9720163483817117
419088860,1,2,0.003401360544217687,expanded_target_project,not_in_dbms_metadata,unavailable,0.972030739562796
4192593,1,2,0.003401360544217687,expanded_target_project,not_in_dbms_metadata,unavailable,0.9720451307438801
41952293,1,2,0.003401360544217687,expanded_target_project,Relational,dbms_metadata,0.9720595219249644
420110427,1,2,0.003401360544217687,expanded_target_project,not_in_dbms_metadata,unavailable,0.9720739131060486
421704236,1,2,0.003401360544217687,expanded_target_project,not_in_dbms_metadata,unavailable,0.9720883042871329
422359641,1,2,0.003401360544217687,expanded_target_project,not_in_dbms_metadata,unavailable,0.972102695468217
423828713,1,2,0.003401360544217687,expanded_target_project,not_in_dbms_metadata,unavailable,0.9721170866493013
423955808,1,2,0.003401360544217687,expanded_target_project,not_in_dbms_metadata,unavailable,0.9721314778303856
4253330,1,2,0.003401360544217687,expanded_target_project,not_in_dbms_metadata,unavailable,0.9721458690114698
4254325,1,2,0.003401360544217687,expanded_target_project,not_in_dbms_metadata,unavailable,0.972160260192554
4254334,1,2,0.003401360544217687,expanded_target_project,not_in_dbms_metadata,unavailable,0.9721746513736382
425833530,1,2,0.003401360544217687,expanded_target_project,not_in_dbms_metadata,unavailable,0.9721890425547225
428744086,1,2,0.003401360544217687,expanded_target_project,not_in_dbms_metadata,unavailable,0.9722034337358066
42875585,1,2,0.003401360544217687,expanded_target_project,not_in_dbms_metadata,unavailable,0.9722178249168909
428931480,1,2,0.003401360544217687,expanded_target_project,not_in_dbms_metadata,unavailable,0.9722322160979752
429043408,1,2,0.003401360544217687,expanded_target_project,not_in_dbms_metadata,unavailable,0.9722466072790594
429180442,1,2,0.003401360544217687,expanded_target_project,not_in_dbms_metadata,unavailable,0.9722609984601436
430398283,1,2,0.003401360544217687,expanded_target_project,not_in_dbms_metadata,unavailable,0.9722753896412278
43135716,1,2,0.003401360544217687,expanded_target_project,not_in_dbms_metadata,unavailable,0.9722897808223121
431388952,1,2,0.003401360544217687,expanded_target_project,not_in_dbms_metadata,unavailable,0.9723041720033964
431885704,1,2,0.003401360544217687,expanded_target_project,not_in_dbms_metadata,unavailable,0.9723185631844805
43192623,1,2,0.003401360544217687,expanded_target_project,not_in_dbms_metadata,unavailable,0.9723329543655648
433198567,1,2,0.003401360544217687,expanded_target_project,not_in_dbms_metadata,unavailable,0.972347345546649
433773425,1,2,0.003401360544217687,expanded_target_project,not_in_dbms_metadata,unavailable,0.9723617367277333
4339479,1,2,0.003401360544217687,expanded_target_project,not_in_dbms_metadata,unavailable,0.9723761279088174
43431363,1,2,0.003401360544217687,expanded_target_project,not_in_dbms_metadata,unavailable,0.9723905190899017
436297183,1,2,0.003401360544217687,expanded_target_project,not_in_dbms_metadata,unavailable,0.972404910270986
436474538,1,2,0.003401360544217687,expanded_target_project,not_in_dbms_metadata,unavailable,0.9724193014520701
436536364,1,2,0.003401360544217687,expanded_target_project,not_in_dbms_metadata,unavailable,0.9724336926331544
437808595,1,2,0.003401360544217687,expanded_target_project,not_in_dbms_metadata,unavailable,0.9724480838142386
437879921,1,2,0.003401360544217687,expanded_target_project,not_in_dbms_metadata,unavailable,0.9724624749953229
438056248,1,2,0.003401360544217687,expanded_target_project,not_in_dbms_metadata,unavailable,0.972476866176407
438391791,1,2,0.003401360544217687,expanded_target_project,not_in_dbms_metadata,unavailable,0.9724912573574913
439140560,1,2,0.003401360544217687,expanded_target_project,not_in_dbms_metadata,unavailable,0.9725056485385756
43973779,1,2,0.003401360544217687,expanded_target_project,not_in_dbms_metadata,unavailable,0.9725200397196598
440289940,1,2,0.003401360544217687,expanded_target_project,not_in_dbms_metadata,unavailable,0.972534430900744
440884432,1,2,0.003401360544217687,expanded_target_project,not_in_dbms_metadata,unavailable,0.9725488220818282
444403283,1,2,0.003401360544217687,expanded_target_project,not_in_dbms_metadata,unavailable,0.9725632132629125
44611390,1,2,0.003401360544217687,expanded_target_project,not_in_dbms_metadata,unavailable,0.9725776044439968
446314577,1,2,0.003401360544217687,expanded_target_project,not_in_dbms_metadata,unavailable,0.9725919956250809
447225444,1,2,0.003401360544217687,expanded_target_project,not_in_dbms_metadata,unavailable,0.9726063868061652
448362311,1,2,0.003401360544217687,expanded_target_project,not_in_dbms_metadata,unavailable,0.9726207779872494
44838949,1,2,0.003401360544217687,expanded_target_project,not_in_dbms_metadata,unavailable,0.9726351691683336
44921781,1,2,0.003401360544217687,expanded_target_project,not_in_dbms_metadata,unavailable,0.9726495603494179
449657737,1,2,0.003401360544217687,expanded_target_project,not_in_dbms_metadata,unavailable,0.9726639515305021
45115389,1,2,0.003401360544217687,expanded_target_project,not_in_dbms_metadata,unavailable,0.9726783427115864
45305126,1,2,0.003401360544217687,expanded_target_project,not_in_dbms_metadata,unavailable,0.9726927338926705
453540240,1,2,0.003401360544217687,expanded_target_project,not_in_dbms_metadata,unavailable,0.9727071250737548
45516769,1,2,0.003401360544217687,expanded_target_project,not_in_dbms_metadata,unavailable,0.972721516254839
4569051,1,2,0.003401360544217687,expanded_target_project,not_in_dbms_metadata,unavailable,0.9727359074359233
458711155,1,2,0.003401360544217687,expanded_target_project,not_in_dbms_metadata,unavailable,0.9727502986170075
458807284,1,2,0.003401360544217687,expanded_target_project,not_in_dbms_metadata,unavailable,0.9727646897980917
463209963,1,2,0.003401360544217687,expanded_target_project,not_in_dbms_metadata,unavailable,0.972779080979176
463689901,1,2,0.003401360544217687,expanded_target_project,not_in_dbms_metadata,unavailable,0.9727934721602602
463750547,1,2,0.003401360544217687,expanded_target_project,not_in_dbms_metadata,unavailable,0.9728078633413444
46376800,1,2,0.003401360544217687,expanded_target_project,not_in_dbms_metadata,unavailable,0.9728222545224287
4659423,1,2,0.003401360544217687,expanded_target_project,not_in_dbms_metadata,unavailable,0.9728366457035129
46712849,1,2,0.003401360544217687,expanded_target_project,not_in_dbms_metadata,unavailable,0.9728510368845971
467205705,1,2,0.003401360544217687,expanded_target_project,not_in_dbms_metadata,unavailable,0.9728654280656813
467336443,1,2,0.003401360544217687,expanded_target_project,not_in_dbms_metadata,unavailable,0.9728798192467656
469069490,1,2,0.003401360544217687,expanded_target_project,not_in_dbms_metadata,unavailable,0.9728942104278498
47140131,1,2,0.003401360544217687,expanded_target_project,not_in_dbms_metadata,unavailable,0.972908601608934
472249049,1,2,0.003401360544217687,expanded_target_project,not_in_dbms_metadata,unavailable,0.9729229927900183
472870988,1,2,0.003401360544217687,expanded_target_project,not_in_dbms_metadata,unavailable,0.9729373839711025
473614246,1,2,0.003401360544217687,expanded_target_project,not_in_dbms_metadata,unavailable,0.9729517751521868
473747677,1,2,0.003401360544217687,expanded_target_project,not_in_dbms_metadata,unavailable,0.9729661663332709
474002249,1,2,0.003401360544217687,expanded_target_project,not_in_dbms_metadata,unavailable,0.9729805575143552
474202076,1,2,0.003401360544217687,expanded_target_project,not_in_dbms_metadata,unavailable,0.9729949486954395
476065101,1,2,0.003401360544217687,expanded_target_project,not_in_dbms_metadata,unavailable,0.9730093398765237
47878060,1,2,0.003401360544217687,expanded_target_project,not_in_dbms_metadata,unavailable,0.9730237310576079
4797147,1,2,0.003401360544217687,expanded_target_project,not_in_dbms_metadata,unavailable,0.9730381222386921
480668717,1,2,0.003401360544217687,expanded_target_project,not_in_dbms_metadata,unavailable,0.9730525134197764
480818071,1,2,0.003401360544217687,expanded_target_project,not_in_dbms_metadata,unavailable,0.9730669046008605
484398532,1,2,0.003401360544217687,expanded_target_project,not_in_dbms_metadata,unavailable,0.9730812957819448
485243264,1,2,0.003401360544217687,expanded_target_project,not_in_dbms_metadata,unavailable,0.9730956869630291
486605815,1,2,0.003401360544217687,expanded_target_project,not_in_dbms_metadata,unavailable,0.9731100781441133
487515598,1,2,0.003401360544217687,expanded_target_project,not_in_dbms_metadata,unavailable,0.9731244693251975
488009270,1,2,0.003401360544217687,expanded_target_project,not_in_dbms_metadata,unavailable,0.9731388605062817
4882769,1,2,0.003401360544217687,expanded_target_project,not_in_dbms_metadata,unavailable,0.973153251687366
488299528,1,2,0.003401360544217687,expanded_target_project,not_in_dbms_metadata,unavailable,0.9731676428684503
488592770,1,2,0.003401360544217687,expanded_target_project,not_in_dbms_metadata,unavailable,0.9731820340495344
489056993,1,2,0.003401360544217687,expanded_target_project,not_in_dbms_metadata,unavailable,0.9731964252306187
489605824,1,2,0.003401360544217687,expanded_target_project,not_in_dbms_metadata,unavailable,0.9732108164117029
490111123,1,2,0.003401360544217687,expanded_target_project,not_in_dbms_metadata,unavailable,0.9732252075927872
49145686,1,2,0.003401360544217687,expanded_target_project,not_in_dbms_metadata,unavailable,0.9732395987738713
492529077,1,2,0.003401360544217687,expanded_target_project,not_in_dbms_metadata,unavailable,0.9732539899549556
4931095,1,2,0.003401360544217687,expanded_target_project,not_in_dbms_metadata,unavailable,0.9732683811360399
497381787,1,2,0.003401360544217687,expanded_target_project,not_in_dbms_metadata,unavailable,0.973282772317124
4979256,1,2,0.003401360544217687,expanded_target_project,not_in_dbms_metadata,unavailable,0.9732971634982083
499312846,1,2,0.003401360544217687,expanded_target_project,not_in_dbms_metadata,unavailable,0.9733115546792925
49982695,1,2,0.003401360544217687,expanded_target_project,not_in_dbms_metadata,unavailable,0.9733259458603768
500595426,1,2,0.003401360544217687,expanded_target_project,not_in_dbms_metadata,unavailable,0.973340337041461
503138887,1,2,0.003401360544217687,expanded_target_project,not_in_dbms_metadata,unavailable,0.9733547282225452
503577038,1,2,0.003401360544217687,expanded_target_project,not_in_dbms_metadata,unavailable,0.9733691194036295
503900825,1,2,0.003401360544217687,expanded_target_project,not_in_dbms_metadata,unavailable,0.9733835105847137
506343924,1,2,0.003401360544217687,expanded_target_project,not_in_dbms_metadata,unavailable,0.9733979017657979
506613299,1,2,0.003401360544217687,expanded_target_project,not_in_dbms_metadata,unavailable,0.9734122929468821
507086219,1,2,0.003401360544217687,expanded_target_project,not_in_dbms_metadata,unavailable,0.9734266841279664
508414565,1,2,0.003401360544217687,expanded_target_project,not_in_dbms_metadata,unavailable,0.9734410753090507
509766182,1,2,0.003401360544217687,expanded_target_project,not_in_dbms_metadata,unavailable,0.9734554664901348
511108827,1,2,0.003401360544217687,expanded_target_project,not_in_dbms_metadata,unavailable,0.9734698576712191
511276595,1,2,0.003401360544217687,expanded_target_project,not_in_dbms_metadata,unavailable,0.9734842488523033
511904347,1,2,0.003401360544217687,expanded_target_project,not_in_dbms_metadata,unavailable,0.9734986400333875
51212044,1,2,0.003401360544217687,expanded_target_project,not_in_dbms_metadata,unavailable,0.9735130312144717
51219324,1,2,0.003401360544217687,expanded_target_project,not_in_dbms_metadata,unavailable,0.973527422395556
51274370,1,2,0.003401360544217687,expanded_target_project,not_in_dbms_metadata,unavailable,0.9735418135766403
513737416,1,2,0.003401360544217687,expanded_target_project,not_in_dbms_metadata,unavailable,0.9735562047577244
514024958,1,2,0.003401360544217687,expanded_target_project,not_in_dbms_metadata,unavailable,0.9735705959388087
51456908,1,2,0.003401360544217687,expanded_target_project,not_in_dbms_metadata,unavailable,0.9735849871198929
515135906,1,2,0.003401360544217687,expanded_target_project,not_in_dbms_metadata,unavailable,0.9735993783009772
515238162,1,2,0.003401360544217687,expanded_target_project,not_in_dbms_metadata,unavailable,0.9736137694820614
516447169,1,2,0.003401360544217687,expanded_target_project,not_in_dbms_metadata,unavailable,0.9736281606631456
517198710,1,2,0.003401360544217687,expanded_target_project,not_in_dbms_metadata,unavailable,0.9736425518442299
517833272,1,2,0.003401360544217687,expanded_target_project,not_in_dbms_metadata,unavailable,0.9736569430253141
520872712,1,2,0.003401360544217687,expanded_target_project,not_in_dbms_metadata,unavailable,0.9736713342063983
522839183,1,2,0.003401360544217687,expanded_target_project,not_in_dbms_metadata,unavailable,0.9736857253874825
524100695,1,2,0.003401360544217687,expanded_target_project,not_in_dbms_metadata,unavailable,0.9737001165685668
524496914,1,2,0.003401360544217687,expanded_target_project,not_in_dbms_metadata,unavailable,0.973714507749651
525098578,1,2,0.003401360544217687,expanded_target_project,not_in_dbms_metadata,unavailable,0.9737288989307352
527061453,1,2,0.003401360544217687,expanded_target_project,not_in_dbms_metadata,unavailable,0.9737432901118195
52736898,1,2,0.003401360544217687,expanded_target_project,not_in_dbms_metadata,unavailable,0.9737576812929037
527483772,1,2,0.003401360544217687,expanded_target_project,not_in_dbms_metadata,unavailable,0.9737720724739879
52773157,1,2,0.003401360544217687,expanded_target_project,not_in_dbms_metadata,unavailable,0.9737864636550722
527734576,1,2,0.003401360544217687,expanded_target_project,not_in_dbms_metadata,unavailable,0.9738008548361564
528416224,1,2,0.003401360544217687,expanded_target_project,not_in_dbms_metadata,unavailable,0.9738152460172407
528791750,1,2,0.003401360544217687,expanded_target_project,not_in_dbms_metadata,unavailable,0.9738296371983248
529408708,1,2,0.003401360544217687,expanded_target_project,not_in_dbms_metadata,unavailable,0.9738440283794091
52987383,1,2,0.003401360544217687,expanded_target_project,not_in_dbms_metadata,unavailable,0.9738584195604933
531804872,1,2,0.003401360544217687,expanded_target_project,not_in_dbms_metadata,unavailable,0.9738728107415776
532673843,1,2,0.003401360544217687,expanded_target_project,not_in_dbms_metadata,unavailable,0.9738872019226618
53277717,1,2,0.003401360544217687,expanded_target_project,not_in_dbms_metadata,unavailable,0.973901593103746
53279870,1,2,0.003401360544217687,expanded_target_project,not_in_dbms_metadata,unavailable,0.9739159842848303
533735884,1,2,0.003401360544217687,expanded_target_project,not_in_dbms_metadata,unavailable,0.9739303754659144
535581439,1,2,0.003401360544217687,expanded_target_project,not_in_dbms_metadata,unavailable,0.9739447666469987
535788760,1,2,0.003401360544217687,expanded_target_project,not_in_dbms_metadata,unavailable,0.973959157828083
536010299,1,2,0.003401360544217687,expanded_target_project,not_in_dbms_metadata,unavailable,0.9739735490091672
5383731,1,2,0.003401360544217687,expanded_target_project,not_in_dbms_metadata,unavailable,0.9739879401902514
538626126,1,2,0.003401360544217687,expanded_target_project,not_in_dbms_metadata,unavailable,0.9740023313713356
538654002,1,2,0.003401360544217687,expanded_target_project,not_in_dbms_metadata,unavailable,0.9740167225524199
53990057,1,2,0.003401360544217687,expanded_target_project,not_in_dbms_metadata,unavailable,0.9740311137335042
54030871,1,2,0.003401360544217687,expanded_target_project,not_in_dbms_metadata,unavailable,0.9740455049145883
541249868,1,2,0.003401360544217687,expanded_target_project,not_in_dbms_metadata,unavailable,0.9740598960956726
541645085,1,2,0.003401360544217687,expanded_target_project,not_in_dbms_metadata,unavailable,0.9740742872767568
542065901,1,2,0.003401360544217687,expanded_target_project,not_in_dbms_metadata,unavailable,0.9740886784578411
542103239,1,2,0.003401360544217687,expanded_target_project,not_in_dbms_metadata,unavailable,0.9741030696389252
546547856,1,2,0.003401360544217687,expanded_target_project,not_in_dbms_metadata,unavailable,0.9741174608200095
546990739,1,2,0.003401360544217687,expanded_target_project,not_in_dbms_metadata,unavailable,0.9741318520010938
547991185,1,2,0.003401360544217687,expanded_target_project,not_in_dbms_metadata,unavailable,0.9741462431821779
550871856,1,2,0.003401360544217687,expanded_target_project,not_in_dbms_metadata,unavailable,0.9741606343632622
551375812,1,2,0.003401360544217687,expanded_target_project,not_in_dbms_metadata,unavailable,0.9741750255443464
553059522,1,2,0.003401360544217687,expanded_target_project,not_in_dbms_metadata,unavailable,0.9741894167254307
553986299,1,2,0.003401360544217687,expanded_target_project,not_in_dbms_metadata,unavailable,0.9742038079065148
554147910,1,2,0.003401360544217687,expanded_target_project,not_in_dbms_metadata,unavailable,0.9742181990875991
554365096,1,2,0.003401360544217687,expanded_target_project,not_in_dbms_metadata,unavailable,0.9742325902686834
554750433,1,2,0.003401360544217687,expanded_target_project,not_in_dbms_metadata,unavailable,0.9742469814497676
55643245,1,2,0.003401360544217687,expanded_target_project,not_in_dbms_metadata,unavailable,0.9742613726308518
557280711,1,2,0.003401360544217687,expanded_target_project,not_in_dbms_metadata,unavailable,0.974275763811936
558108873,1,2,0.003401360544217687,expanded_target_project,not_in_dbms_metadata,unavailable,0.9742901549930203
560292269,1,2,0.003401360544217687,expanded_target_project,not_in_dbms_metadata,unavailable,0.9743045461741046
560617285,1,2,0.003401360544217687,expanded_target_project,not_in_dbms_metadata,unavailable,0.9743189373551887
561272182,1,2,0.003401360544217687,expanded_target_project,not_in_dbms_metadata,unavailable,0.974333328536273
561341270,1,2,0.003401360544217687,expanded_target_project,not_in_dbms_metadata,unavailable,0.9743477197173572
563782278,1,2,0.003401360544217687,expanded_target_project,not_in_dbms_metadata,unavailable,0.9743621108984414
564181035,1,2,0.003401360544217687,expanded_target_project,not_in_dbms_metadata,unavailable,0.9743765020795256
56421126,1,2,0.003401360544217687,expanded_target_project,not_in_dbms_metadata,unavailable,0.9743908932606099
564263024,1,2,0.003401360544217687,expanded_target_project,not_in_dbms_metadata,unavailable,0.9744052844416942
565730722,1,2,0.003401360544217687,expanded_target_project,not_in_dbms_metadata,unavailable,0.9744196756227783
566593514,1,2,0.003401360544217687,expanded_target_project,not_in_dbms_metadata,unavailable,0.9744340668038626
566614027,1,2,0.003401360544217687,expanded_target_project,not_in_dbms_metadata,unavailable,0.9744484579849468
567328069,1,2,0.003401360544217687,expanded_target_project,not_in_dbms_metadata,unavailable,0.9744628491660311
567620849,1,2,0.003401360544217687,expanded_target_project,not_in_dbms_metadata,unavailable,0.9744772403471152
569311990,1,2,0.003401360544217687,expanded_target_project,not_in_dbms_metadata,unavailable,0.9744916315281995
570024400,1,2,0.003401360544217687,expanded_target_project,not_in_dbms_metadata,unavailable,0.9745060227092838
570678664,1,2,0.003401360544217687,expanded_target_project,not_in_dbms_metadata,unavailable,0.974520413890368
571945396,1,2,0.003401360544217687,expanded_target_project,not_in_dbms_metadata,unavailable,0.9745348050714522
57198920,1,2,0.003401360544217687,expanded_target_project,not_in_dbms_metadata,unavailable,0.9745491962525364
574706151,1,2,0.003401360544217687,expanded_target_project,not_in_dbms_metadata,unavailable,0.9745635874336207
575177379,1,2,0.003401360544217687,expanded_target_project,not_in_dbms_metadata,unavailable,0.9745779786147049
575974366,1,2,0.003401360544217687,expanded_target_project,not_in_dbms_metadata,unavailable,0.9745923697957891
576431865,1,2,0.003401360544217687,expanded_target_project,not_in_dbms_metadata,unavailable,0.9746067609768734
576642715,1,2,0.003401360544217687,expanded_target_project,not_in_dbms_metadata,unavailable,0.9746211521579576
577759670,1,2,0.003401360544217687,expanded_target_project,not_in_dbms_metadata,unavailable,0.9746355433390418
578185635,1,2,0.003401360544217687,expanded_target_project,not_in_dbms_metadata,unavailable,0.974649934520126
57942251,1,2,0.003401360544217687,expanded_target_project,not_in_dbms_metadata,unavailable,0.9746643257012103
579853319,1,2,0.003401360544217687,expanded_target_project,not_in_dbms_metadata,unavailable,0.9746787168822946
580128677,1,2,0.003401360544217687,expanded_target_project,not_in_dbms_metadata,unavailable,0.9746931080633787
580396880,1,2,0.003401360544217687,expanded_target_project,not_in_dbms_metadata,unavailable,0.974707499244463
580859914,1,2,0.003401360544217687,expanded_target_project,not_in_dbms_metadata,unavailable,0.9747218904255472
580867522,1,2,0.003401360544217687,expanded_target_project,not_in_dbms_metadata,unavailable,0.9747362816066315
581655463,1,2,0.003401360544217687,expanded_target_project,not_in_dbms_metadata,unavailable,0.9747506727877157
581698190,1,2,0.003401360544217687,expanded_target_project,not_in_dbms_metadata,unavailable,0.9747650639687999
581861282,1,2,0.003401360544217687,expanded_target_project,not_in_dbms_metadata,unavailable,0.9747794551498842
582822129,1,2,0.003401360544217687,expanded_target_project,not_in_dbms_metadata,unavailable,0.9747938463309683
583248438,1,2,0.003401360544217687,expanded_target_project,not_in_dbms_metadata,unavailable,0.9748082375120526
583525400,1,2,0.003401360544217687,expanded_target_project,not_in_dbms_metadata,unavailable,0.9748226286931369
584808163,1,2,0.003401360544217687,expanded_target_project,not_in_dbms_metadata,unavailable,0.9748370198742211
584963320,1,2,0.003401360544217687,expanded_target_project,not_in_dbms_metadata,unavailable,0.9748514110553053
585692546,1,2,0.003401360544217687,expanded_target_project,not_in_dbms_metadata,unavailable,0.9748658022363895
586468701,1,2,0.003401360544217687,expanded_target_project,not_in_dbms_metadata,unavailable,0.9748801934174738
586771395,1,2,0.003401360544217687,expanded_target_project,not_in_dbms_metadata,unavailable,0.974894584598558
587181638,1,2,0.003401360544217687,expanded_target_project,not_in_dbms_metadata,unavailable,0.9749089757796422
587193794,1,2,0.003401360544217687,expanded_target_project,not_in_dbms_metadata,unavailable,0.9749233669607265
587234510,1,2,0.003401360544217687,expanded_target_project,not_in_dbms_metadata,unavailable,0.9749377581418107
587410624,1,2,0.003401360544217687,expanded_target_project,not_in_dbms_metadata,unavailable,0.974952149322895
587976355,1,2,0.003401360544217687,expanded_target_project,not_in_dbms_metadata,unavailable,0.9749665405039791
588458626,1,2,0.003401360544217687,expanded_target_project,not_in_dbms_metadata,unavailable,0.9749809316850634
588973697,1,2,0.003401360544217687,expanded_target_project,not_in_dbms_metadata,unavailable,0.9749953228661477
592857433,1,2,0.003401360544217687,expanded_target_project,not_in_dbms_metadata,unavailable,0.9750097140472318
593403754,1,2,0.003401360544217687,expanded_target_project,not_in_dbms_metadata,unavailable,0.9750241052283161
593473811,1,2,0.003401360544217687,expanded_target_project,not_in_dbms_metadata,unavailable,0.9750384964094003
594087,1,2,0.003401360544217687,expanded_target_project,not_in_dbms_metadata,unavailable,0.9750528875904846
594233702,1,2,0.003401360544217687,expanded_target_project,not_in_dbms_metadata,unavailable,0.9750672787715687
594406902,1,2,0.003401360544217687,expanded_target_project,not_in_dbms_metadata,unavailable,0.975081669952653
594578545,1,2,0.003401360544217687,expanded_target_project,not_in_dbms_metadata,unavailable,0.9750960611337373
594627,1,2,0.003401360544217687,expanded_target_project,not_in_dbms_metadata,unavailable,0.9751104523148215
595299502,1,2,0.003401360544217687,expanded_target_project,not_in_dbms_metadata,unavailable,0.9751248434959057
595845716,1,2,0.003401360544217687,expanded_target_project,not_in_dbms_metadata,unavailable,0.9751392346769899
596080887,1,2,0.003401360544217687,expanded_target_project,not_in_dbms_metadata,unavailable,0.9751536258580742
596860245,1,2,0.003401360544217687,expanded_target_project,not_in_dbms_metadata,unavailable,0.9751680170391585
596962369,1,2,0.003401360544217687,expanded_target_project,not_in_dbms_metadata,unavailable,0.9751824082202426
597137891,1,2,0.003401360544217687,expanded_target_project,not_in_dbms_metadata,unavailable,0.9751967994013269
598005813,1,2,0.003401360544217687,expanded_target_project,not_in_dbms_metadata,unavailable,0.9752111905824111
598055547,1,2,0.003401360544217687,expanded_target_project,not_in_dbms_metadata,unavailable,0.9752255817634953
598141720,1,2,0.003401360544217687,expanded_target_project,not_in_dbms_metadata,unavailable,0.9752399729445795
598777111,1,2,0.003401360544217687,expanded_target_project,not_in_dbms_metadata,unavailable,0.9752543641256638
600058088,1,2,0.003401360544217687,expanded_target_project,not_in_dbms_metadata,unavailable,0.9752687553067481
600271677,1,2,0.003401360544217687,expanded_target_project,not_in_dbms_metadata,unavailable,0.9752831464878322
6007295,1,2,0.003401360544217687,expanded_target_project,not_in_dbms_metadata,unavailable,0.9752975376689165
601002785,1,2,0.003401360544217687,expanded_target_project,not_in_dbms_metadata,unavailable,0.9753119288500007
601197351,1,2,0.003401360544217687,expanded_target_project,not_in_dbms_metadata,unavailable,0.975326320031085
601486187,1,2,0.003401360544217687,expanded_target_project,not_in_dbms_metadata,unavailable,0.9753407112121691
603826598,1,2,0.003401360544217687,expanded_target_project,not_in_dbms_metadata,unavailable,0.9753551023932534
605419213,1,2,0.003401360544217687,expanded_target_project,not_in_dbms_metadata,unavailable,0.9753694935743377
605568634,1,2,0.003401360544217687,expanded_target_project,not_in_dbms_metadata,unavailable,0.9753838847554219
605898410,1,2,0.003401360544217687,expanded_target_project,not_in_dbms_metadata,unavailable,0.9753982759365061
606302895,1,2,0.003401360544217687,expanded_target_project,not_in_dbms_metadata,unavailable,0.9754126671175903
607735592,1,2,0.003401360544217687,expanded_target_project,not_in_dbms_metadata,unavailable,0.9754270582986746
608177765,1,2,0.003401360544217687,expanded_target_project,not_in_dbms_metadata,unavailable,0.9754414494797587
608460831,1,2,0.003401360544217687,expanded_target_project,not_in_dbms_metadata,unavailable,0.975455840660843
6085215,1,2,0.003401360544217687,expanded_target_project,not_in_dbms_metadata,unavailable,0.9754702318419273
610041753,1,2,0.003401360544217687,expanded_target_project,not_in_dbms_metadata,unavailable,0.9754846230230115
610371272,1,2,0.003401360544217687,expanded_target_project,not_in_dbms_metadata,unavailable,0.9754990142040957
610621674,1,2,0.003401360544217687,expanded_target_project,not_in_dbms_metadata,unavailable,0.9755134053851799
610834975,1,2,0.003401360544217687,expanded_target_project,not_in_dbms_metadata,unavailable,0.9755277965662642
611057711,1,2,0.003401360544217687,expanded_target_project,not_in_dbms_metadata,unavailable,0.9755421877473485
611452224,1,2,0.003401360544217687,expanded_target_project,not_in_dbms_metadata,unavailable,0.9755565789284326
612277669,1,2,0.003401360544217687,expanded_target_project,not_in_dbms_metadata,unavailable,0.9755709701095169
61306303,1,2,0.003401360544217687,expanded_target_project,not_in_dbms_metadata,unavailable,0.9755853612906011
613318340,1,2,0.003401360544217687,expanded_target_project,not_in_dbms_metadata,unavailable,0.9755997524716854
61349723,1,2,0.003401360544217687,expanded_target_project,not_in_dbms_metadata,unavailable,0.9756141436527695
613654122,1,2,0.003401360544217687,expanded_target_project,not_in_dbms_metadata,unavailable,0.9756285348338538
614291796,1,2,0.003401360544217687,expanded_target_project,not_in_dbms_metadata,unavailable,0.9756429260149381
614690658,1,2,0.003401360544217687,expanded_target_project,not_in_dbms_metadata,unavailable,0.9756573171960222
615125383,1,2,0.003401360544217687,expanded_target_project,not_in_dbms_metadata,unavailable,0.9756717083771065
616555895,1,2,0.003401360544217687,expanded_target_project,not_in_dbms_metadata,unavailable,0.9756860995581907
618547382,1,2,0.003401360544217687,expanded_target_project,not_in_dbms_metadata,unavailable,0.975700490739275
619905460,1,2,0.003401360544217687,expanded_target_project,not_in_dbms_metadata,unavailable,0.9757148819203592
620138159,1,2,0.003401360544217687,expanded_target_project,not_in_dbms_metadata,unavailable,0.9757292731014434
621809766,1,2,0.003401360544217687,expanded_target_project,not_in_dbms_metadata,unavailable,0.9757436642825277
622753753,1,2,0.003401360544217687,expanded_target_project,not_in_dbms_metadata,unavailable,0.9757580554636119
623167149,1,2,0.003401360544217687,expanded_target_project,not_in_dbms_metadata,unavailable,0.9757724466446961
623209546,1,2,0.003401360544217687,expanded_target_project,not_in_dbms_metadata,unavailable,0.9757868378257804
623371578,1,2,0.003401360544217687,expanded_target_project,not_in_dbms_metadata,unavailable,0.9758012290068646
625293217,1,2,0.003401360544217687,expanded_target_project,not_in_dbms_metadata,unavailable,0.9758156201879489
625757751,1,2,0.003401360544217687,expanded_target_project,not_in_dbms_metadata,unavailable,0.975830011369033
627300541,1,2,0.003401360544217687,expanded_target_project,not_in_dbms_metadata,unavailable,0.9758444025501173
627404297,1,2,0.003401360544217687,expanded_target_project,not_in_dbms_metadata,unavailable,0.9758587937312015
627480054,1,2,0.003401360544217687,expanded_target_project,not_in_dbms_metadata,unavailable,0.9758731849122857
627700110,1,2,0.003401360544217687,expanded_target_project,not_in_dbms_metadata,unavailable,0.97588757609337
627735,1,2,0.003401360544217687,expanded_target_project,not_in_dbms_metadata,unavailable,0.9759019672744542
628024350,1,2,0.003401360544217687,expanded_target_project,not_in_dbms_metadata,unavailable,0.9759163584555385
628765609,1,2,0.003401360544217687,expanded_target_project,not_in_dbms_metadata,unavailable,0.9759307496366226
629882508,1,2,0.003401360544217687,expanded_target_project,not_in_dbms_metadata,unavailable,0.9759451408177069
63001163,1,2,0.003401360544217687,expanded_target_project,not_in_dbms_metadata,unavailable,0.9759595319987912
631258918,1,2,0.003401360544217687,expanded_target_project,not_in_dbms_metadata,unavailable,0.9759739231798754
631548305,1,2,0.003401360544217687,expanded_target_project,not_in_dbms_metadata,unavailable,0.9759883143609596
632024581,1,2,0.003401360544217687,expanded_target_project,not_in_dbms_metadata,unavailable,0.9760027055420438
632090115,1,2,0.003401360544217687,expanded_target_project,not_in_dbms_metadata,unavailable,0.9760170967231281
632173110,1,2,0.003401360544217687,expanded_target_project,not_in_dbms_metadata,unavailable,0.9760314879042123
632917179,1,2,0.003401360544217687,expanded_target_project,not_in_dbms_metadata,unavailable,0.9760458790852965
632964098,1,2,0.003401360544217687,expanded_target_project,not_in_dbms_metadata,unavailable,0.9760602702663808
634120219,1,2,0.003401360544217687,expanded_target_project,not_in_dbms_metadata,unavailable,0.976074661447465
636423018,1,2,0.003401360544217687,expanded_target_project,not_in_dbms_metadata,unavailable,0.9760890526285492
636434344,1,2,0.003401360544217687,expanded_target_project,not_in_dbms_metadata,unavailable,0.9761034438096334
636450938,1,2,0.003401360544217687,expanded_target_project,not_in_dbms_metadata,unavailable,0.9761178349907177
636615657,1,2,0.003401360544217687,expanded_target_project,not_in_dbms_metadata,unavailable,0.976132226171802
637349901,1,2,0.003401360544217687,expanded_target_project,not_in_dbms_metadata,unavailable,0.9761466173528861
637671184,1,2,0.003401360544217687,expanded_target_project,not_in_dbms_metadata,unavailable,0.9761610085339704
637940116,1,2,0.003401360544217687,expanded_target_project,not_in_dbms_metadata,unavailable,0.9761753997150546
638001891,1,2,0.003401360544217687,expanded_target_project,not_in_dbms_metadata,unavailable,0.9761897908961389
638496924,1,2,0.003401360544217687,expanded_target_project,not_in_dbms_metadata,unavailable,0.976204182077223
638637628,1,2,0.003401360544217687,expanded_target_project,not_in_dbms_metadata,unavailable,0.9762185732583073
639434928,1,2,0.003401360544217687,seed_project,Document,seed_manifest,0.9762329644393916
640935346,1,2,0.003401360544217687,expanded_target_project,not_in_dbms_metadata,unavailable,0.9762473556204758
642967703,1,2,0.003401360544217687,expanded_target_project,not_in_dbms_metadata,unavailable,0.97626174680156
644338428,1,2,0.003401360544217687,expanded_target_project,not_in_dbms_metadata,unavailable,0.9762761379826442
6443435,1,2,0.003401360544217687,expanded_target_project,not_in_dbms_metadata,unavailable,0.9762905291637285
644900953,1,2,0.003401360544217687,expanded_target_project,not_in_dbms_metadata,unavailable,0.9763049203448126
645200728,1,2,0.003401360544217687,expanded_target_project,not_in_dbms_metadata,unavailable,0.9763193115258969
645293852,1,2,0.003401360544217687,expanded_target_project,not_in_dbms_metadata,unavailable,0.9763337027069812
646574805,1,2,0.003401360544217687,expanded_target_project,not_in_dbms_metadata,unavailable,0.9763480938880654
647220570,1,2,0.003401360544217687,expanded_target_project,not_in_dbms_metadata,unavailable,0.9763624850691496
64756820,1,2,0.003401360544217687,expanded_target_project,not_in_dbms_metadata,unavailable,0.9763768762502338
648351990,1,2,0.003401360544217687,expanded_target_project,not_in_dbms_metadata,unavailable,0.9763912674313181
648763520,1,2,0.003401360544217687,expanded_target_project,not_in_dbms_metadata,unavailable,0.9764056586124024
650162930,1,2,0.003401360544217687,expanded_target_project,not_in_dbms_metadata,unavailable,0.9764200497934865
650790307,1,2,0.003401360544217687,expanded_target_project,not_in_dbms_metadata,unavailable,0.9764344409745708
650805128,1,2,0.003401360544217687,expanded_target_project,not_in_dbms_metadata,unavailable,0.976448832155655
651278448,1,2,0.003401360544217687,expanded_target_project,not_in_dbms_metadata,unavailable,0.9764632233367393
652391977,1,2,0.003401360544217687,expanded_target_project,not_in_dbms_metadata,unavailable,0.9764776145178234
654972120,1,2,0.003401360544217687,expanded_target_project,not_in_dbms_metadata,unavailable,0.9764920056989077
655426302,1,2,0.003401360544217687,expanded_target_project,not_in_dbms_metadata,unavailable,0.976506396879992
655569549,1,2,0.003401360544217687,expanded_target_project,not_in_dbms_metadata,unavailable,0.9765207880610761
655999022,1,2,0.003401360544217687,expanded_target_project,not_in_dbms_metadata,unavailable,0.9765351792421604
656201452,1,2,0.003401360544217687,expanded_target_project,not_in_dbms_metadata,unavailable,0.9765495704232446
656493085,1,2,0.003401360544217687,expanded_target_project,not_in_dbms_metadata,unavailable,0.9765639616043289
65750241,1,2,0.003401360544217687,expanded_target_project,not_in_dbms_metadata,unavailable,0.976578352785413
65798922,1,2,0.003401360544217687,expanded_target_project,not_in_dbms_metadata,unavailable,0.9765927439664973
659205820,1,2,0.003401360544217687,expanded_target_project,not_in_dbms_metadata,unavailable,0.9766071351475816
660165769,1,2,0.003401360544217687,expanded_target_project,not_in_dbms_metadata,unavailable,0.9766215263286658
661490716,1,2,0.003401360544217687,expanded_target_project,not_in_dbms_metadata,unavailable,0.97663591750975
662296099,1,2,0.003401360544217687,expanded_target_project,not_in_dbms_metadata,unavailable,0.9766503086908342
663142926,1,2,0.003401360544217687,expanded_target_project,not_in_dbms_metadata,unavailable,0.9766646998719185
66319393,1,2,0.003401360544217687,expanded_target_project,not_in_dbms_metadata,unavailable,0.9766790910530028
663194535,1,2,0.003401360544217687,expanded_target_project,not_in_dbms_metadata,unavailable,0.9766934822340869
663230755,1,2,0.003401360544217687,expanded_target_project,not_in_dbms_metadata,unavailable,0.9767078734151712
66403568,1,2,0.003401360544217687,expanded_target_project,not_in_dbms_metadata,unavailable,0.9767222645962554
666701506,1,2,0.003401360544217687,expanded_target_project,not_in_dbms_metadata,unavailable,0.9767366557773396
6670942,1,2,0.003401360544217687,expanded_target_project,not_in_dbms_metadata,unavailable,0.9767510469584239
667310700,1,2,0.003401360544217687,expanded_target_project,not_in_dbms_metadata,unavailable,0.9767654381395081
668207668,1,2,0.003401360544217687,expanded_target_project,not_in_dbms_metadata,unavailable,0.9767798293205924
668344211,1,2,0.003401360544217687,expanded_target_project,not_in_dbms_metadata,unavailable,0.9767942205016765
668887052,1,2,0.003401360544217687,expanded_target_project,not_in_dbms_metadata,unavailable,0.9768086116827608
669926526,1,2,0.003401360544217687,expanded_target_project,not_in_dbms_metadata,unavailable,0.976823002863845
670479236,1,2,0.003401360544217687,expanded_target_project,not_in_dbms_metadata,unavailable,0.9768373940449293
671205843,1,2,0.003401360544217687,expanded_target_project,not_in_dbms_metadata,unavailable,0.9768517852260135
67273122,1,2,0.003401360544217687,expanded_target_project,not_in_dbms_metadata,unavailable,0.9768661764070977
672756585,1,2,0.003401360544217687,expanded_target_project,not_in_dbms_metadata,unavailable,0.976880567588182
673220833,1,2,0.003401360544217687,expanded_target_project,not_in_dbms_metadata,unavailable,0.9768949587692662
673267,1,2,0.003401360544217687,expanded_target_project,not_in_dbms_metadata,unavailable,0.9769093499503504
673363650,1,2,0.003401360544217687,expanded_target_project,not_in_dbms_metadata,unavailable,0.9769237411314347
673408592,1,2,0.003401360544217687,expanded_target_project,not_in_dbms_metadata,unavailable,0.9769381323125189
673465084,1,2,0.003401360544217687,expanded_target_project,not_in_dbms_metadata,unavailable,0.9769525234936032
673962654,1,2,0.003401360544217687,expanded_target_project,not_in_dbms_metadata,unavailable,0.9769669146746873
675269342,1,2,0.003401360544217687,expanded_target_project,not_in_dbms_metadata,unavailable,0.9769813058557716
675549155,1,2,0.003401360544217687,expanded_target_project,not_in_dbms_metadata,unavailable,0.9769956970368558
675647299,1,2,0.003401360544217687,expanded_target_project,not_in_dbms_metadata,unavailable,0.97701008821794
675769914,1,2,0.003401360544217687,expanded_target_project,not_in_dbms_metadata,unavailable,0.9770244793990243
678214856,1,2,0.003401360544217687,seed_project,Relational,seed_manifest,0.9770388705801085
678540761,1,2,0.003401360544217687,expanded_target_project,not_in_dbms_metadata,unavailable,0.9770532617611928
6786166,1,2,0.003401360544217687,expanded_target_project,not_in_dbms_metadata,unavailable,0.9770676529422769
679249957,1,2,0.003401360544217687,expanded_target_project,not_in_dbms_metadata,unavailable,0.9770820441233612
679730958,1,2,0.003401360544217687,expanded_target_project,not_in_dbms_metadata,unavailable,0.9770964353044455
680083520,1,2,0.003401360544217687,expanded_target_project,not_in_dbms_metadata,unavailable,0.9771108264855297
68009783,1,2,0.003401360544217687,expanded_target_project,not_in_dbms_metadata,unavailable,0.9771252176666139
68020423,1,2,0.003401360544217687,expanded_target_project,not_in_dbms_metadata,unavailable,0.9771396088476981
680991804,1,2,0.003401360544217687,expanded_target_project,not_in_dbms_metadata,unavailable,0.9771540000287824
684061670,1,2,0.003401360544217687,expanded_target_project,not_in_dbms_metadata,unavailable,0.9771683912098666
684383578,1,2,0.003401360544217687,expanded_target_project,not_in_dbms_metadata,unavailable,0.9771827823909508
684697496,1,2,0.003401360544217687,expanded_target_project,not_in_dbms_metadata,unavailable,0.9771971735720351
685163084,1,2,0.003401360544217687,expanded_target_project,not_in_dbms_metadata,unavailable,0.9772115647531193
685771172,1,2,0.003401360544217687,expanded_target_project,not_in_dbms_metadata,unavailable,0.9772259559342035
685850040,1,2,0.003401360544217687,expanded_target_project,not_in_dbms_metadata,unavailable,0.9772403471152877
686029152,1,2,0.003401360544217687,expanded_target_project,not_in_dbms_metadata,unavailable,0.977254738296372
686215676,1,2,0.003401360544217687,expanded_target_project,not_in_dbms_metadata,unavailable,0.9772691294774563
686261276,1,2,0.003401360544217687,expanded_target_project,not_in_dbms_metadata,unavailable,0.9772835206585404
687171752,1,2,0.003401360544217687,expanded_target_project,not_in_dbms_metadata,unavailable,0.9772979118396247
688136681,1,2,0.003401360544217687,expanded_target_project,not_in_dbms_metadata,unavailable,0.9773123030207089
688272353,1,2,0.003401360544217687,expanded_target_project,not_in_dbms_metadata,unavailable,0.9773266942017932
688340615,1,2,0.003401360544217687,expanded_target_project,not_in_dbms_metadata,unavailable,0.9773410853828773
68838259,1,2,0.003401360544217687,expanded_target_project,not_in_dbms_metadata,unavailable,0.9773554765639616
688567865,1,2,0.003401360544217687,expanded_target_project,not_in_dbms_metadata,unavailable,0.9773698677450459
690308434,1,2,0.003401360544217687,expanded_target_project,not_in_dbms_metadata,unavailable,0.9773842589261301
690638724,1,2,0.003401360544217687,expanded_target_project,not_in_dbms_metadata,unavailable,0.9773986501072143
690824662,1,2,0.003401360544217687,expanded_target_project,not_in_dbms_metadata,unavailable,0.9774130412882985
692967348,1,2,0.003401360544217687,expanded_target_project,not_in_dbms_metadata,unavailable,0.9774274324693828
693214374,1,2,0.003401360544217687,expanded_target_project,not_in_dbms_metadata,unavailable,0.977441823650467
693268407,1,2,0.003401360544217687,expanded_target_project,not_in_dbms_metadata,unavailable,0.9774562148315512
693943569,1,2,0.003401360544217687,expanded_target_project,not_in_dbms_metadata,unavailable,0.9774706060126355
694616566,1,2,0.003401360544217687,expanded_target_project,not_in_dbms_metadata,unavailable,0.9774849971937197
69579420,1,2,0.003401360544217687,expanded_target_project,not_in_dbms_metadata,unavailable,0.9774993883748039
696118837,1,2,0.003401360544217687,expanded_target_project,not_in_dbms_metadata,unavailable,0.9775137795558881
696716530,1,2,0.003401360544217687,expanded_target_project,not_in_dbms_metadata,unavailable,0.9775281707369724
696816187,1,2,0.003401360544217687,expanded_target_project,not_in_dbms_metadata,unavailable,0.9775425619180567
697687991,1,2,0.003401360544217687,expanded_target_project,not_in_dbms_metadata,unavailable,0.9775569530991408
698476716,1,2,0.003401360544217687,expanded_target_project,not_in_dbms_metadata,unavailable,0.9775713442802251
698767645,1,2,0.003401360544217687,expanded_target_project,not_in_dbms_metadata,unavailable,0.9775857354613093
70116337,1,2,0.003401360544217687,expanded_target_project,not_in_dbms_metadata,unavailable,0.9776001266423936
701355546,1,2,0.003401360544217687,expanded_target_project,not_in_dbms_metadata,unavailable,0.9776145178234777
703310134,1,2,0.003401360544217687,expanded_target_project,not_in_dbms_metadata,unavailable,0.977628909004562
70365100,1,2,0.003401360544217687,expanded_target_project,not_in_dbms_metadata,unavailable,0.9776433001856463
704583797,1,2,0.003401360544217687,expanded_target_project,not_in_dbms_metadata,unavailable,0.9776576913667304
705719368,1,2,0.003401360544217687,expanded_target_project,not_in_dbms_metadata,unavailable,0.9776720825478147
705749730,1,2,0.003401360544217687,expanded_target_project,not_in_dbms_metadata,unavailable,0.9776864737288989
705929331,1,2,0.003401360544217687,expanded_target_project,not_in_dbms_metadata,unavailable,0.9777008649099832
70637366,1,2,0.003401360544217687,expanded_target_project,not_in_dbms_metadata,unavailable,0.9777152560910674
707178563,1,2,0.003401360544217687,expanded_target_project,not_in_dbms_metadata,unavailable,0.9777296472721516
707560051,1,2,0.003401360544217687,expanded_target_project,not_in_dbms_metadata,unavailable,0.9777440384532359
708558420,1,2,0.003401360544217687,expanded_target_project,not_in_dbms_metadata,unavailable,0.9777584296343201
711118881,1,2,0.003401360544217687,expanded_target_project,not_in_dbms_metadata,unavailable,0.9777728208154043
713048114,1,2,0.003401360544217687,expanded_target_project,not_in_dbms_metadata,unavailable,0.9777872119964885
715255303,1,2,0.003401360544217687,expanded_target_project,not_in_dbms_metadata,unavailable,0.9778016031775728
71939872,1,2,0.003401360544217687,expanded_target_project,not_in_dbms_metadata,unavailable,0.9778159943586571
719950280,1,2,0.003401360544217687,expanded_target_project,not_in_dbms_metadata,unavailable,0.9778303855397412
720603002,1,2,0.003401360544217687,expanded_target_project,not_in_dbms_metadata,unavailable,0.9778447767208255
721065451,1,2,0.003401360544217687,expanded_target_project,not_in_dbms_metadata,unavailable,0.9778591679019097
722083284,1,2,0.003401360544217687,expanded_target_project,not_in_dbms_metadata,unavailable,0.9778735590829939
722414979,1,2,0.003401360544217687,expanded_target_project,not_in_dbms_metadata,unavailable,0.9778879502640782
722682,1,2,0.003401360544217687,expanded_target_project,not_in_dbms_metadata,unavailable,0.9779023414451624
725211825,1,2,0.003401360544217687,expanded_target_project,not_in_dbms_metadata,unavailable,0.9779167326262467
727890387,1,2,0.003401360544217687,expanded_target_project,not_in_dbms_metadata,unavailable,0.9779311238073308
72874378,1,2,0.003401360544217687,expanded_target_project,not_in_dbms_metadata,unavailable,0.9779455149884151
729075686,1,2,0.003401360544217687,expanded_target_project,not_in_dbms_metadata,unavailable,0.9779599061694993
729120365,1,2,0.003401360544217687,expanded_target_project,not_in_dbms_metadata,unavailable,0.9779742973505836
72954239,1,2,0.003401360544217687,expanded_target_project,not_in_dbms_metadata,unavailable,0.9779886885316678
730106711,1,2,0.003401360544217687,expanded_target_project,not_in_dbms_metadata,unavailable,0.978003079712752
730657398,1,2,0.003401360544217687,expanded_target_project,not_in_dbms_metadata,unavailable,0.9780174708938363
730664515,1,2,0.003401360544217687,expanded_target_project,not_in_dbms_metadata,unavailable,0.9780318620749205
730751175,1,2,0.003401360544217687,expanded_target_project,not_in_dbms_metadata,unavailable,0.9780462532560047
730832824,1,2,0.003401360544217687,expanded_target_project,not_in_dbms_metadata,unavailable,0.978060644437089
731181803,1,2,0.003401360544217687,expanded_target_project,not_in_dbms_metadata,unavailable,0.9780750356181732
731399117,1,2,0.003401360544217687,expanded_target_project,not_in_dbms_metadata,unavailable,0.9780894267992574
733067491,1,2,0.003401360544217687,expanded_target_project,not_in_dbms_metadata,unavailable,0.9781038179803416
735462020,1,2,0.003401360544217687,expanded_target_project,not_in_dbms_metadata,unavailable,0.9781182091614259
736527492,1,2,0.003401360544217687,expanded_target_project,not_in_dbms_metadata,unavailable,0.9781326003425102
73967674,1,2,0.003401360544217687,expanded_target_project,not_in_dbms_metadata,unavailable,0.9781469915235943
74046615,1,2,0.003401360544217687,expanded_target_project,not_in_dbms_metadata,unavailable,0.9781613827046786
743888972,1,2,0.003401360544217687,expanded_target_project,not_in_dbms_metadata,unavailable,0.9781757738857628
7590028,1,2,0.003401360544217687,expanded_target_project,not_in_dbms_metadata,unavailable,0.9781901650668471
76064827,1,2,0.003401360544217687,expanded_target_project,not_in_dbms_metadata,unavailable,0.9782045562479312
78687528,1,2,0.003401360544217687,expanded_target_project,not_in_dbms_metadata,unavailable,0.9782189474290155
7875914,1,2,0.003401360544217687,expanded_target_project,not_in_dbms_metadata,unavailable,0.9782333386100998
79096817,1,2,0.003401360544217687,expanded_target_project,not_in_dbms_metadata,unavailable,0.978247729791184
792993396,1,2,0.003401360544217687,expanded_target_project,not_in_dbms_metadata,unavailable,0.9782621209722682
79371642,1,2,0.003401360544217687,expanded_target_project,not_in_dbms_metadata,unavailable,0.9782765121533524
79907973,1,2,0.003401360544217687,expanded_target_project,not_in_dbms_metadata,unavailable,0.9782909033344367
80317682,1,2,0.003401360544217687,expanded_target_project,not_in_dbms_metadata,unavailable,0.9783052945155208
8119454,1,2,0.003401360544217687,expanded_target_project,not_in_dbms_metadata,unavailable,0.9783196856966051
81209935,1,2,0.003401360544217687,expanded_target_project,not_in_dbms_metadata,unavailable,0.9783340768776894
81253511,1,2,0.003401360544217687,expanded_target_project,not_in_dbms_metadata,unavailable,0.9783484680587736
81712364,1,2,0.003401360544217687,expanded_target_project,not_in_dbms_metadata,unavailable,0.9783628592398578
820039,1,2,0.003401360544217687,expanded_target_project,not_in_dbms_metadata,unavailable,0.978377250420942
8372403,1,2,0.003401360544217687,expanded_target_project,not_in_dbms_metadata,unavailable,0.9783916416020263
8425622,1,2,0.003401360544217687,expanded_target_project,not_in_dbms_metadata,unavailable,0.9784060327831106
84596297,1,2,0.003401360544217687,expanded_target_project,not_in_dbms_metadata,unavailable,0.9784204239641947
84972208,1,2,0.003401360544217687,expanded_target_project,not_in_dbms_metadata,unavailable,0.978434815145279
85327864,1,2,0.003401360544217687,expanded_target_project,not_in_dbms_metadata,unavailable,0.9784492063263632
8535507,1,2,0.003401360544217687,expanded_target_project,not_in_dbms_metadata,unavailable,0.9784635975074475
85531416,1,2,0.003401360544217687,expanded_target_project,not_in_dbms_metadata,unavailable,0.9784779886885316
8626555,1,2,0.003401360544217687,expanded_target_project,not_in_dbms_metadata,unavailable,0.9784923798696159
86329034,1,2,0.003401360544217687,expanded_target_project,not_in_dbms_metadata,unavailable,0.9785067710507002
86519473,1,2,0.003401360544217687,expanded_target_project,not_in_dbms_metadata,unavailable,0.9785211622317843
86644608,1,2,0.003401360544217687,expanded_target_project,not_in_dbms_metadata,unavailable,0.9785355534128686
8710734,1,2,0.003401360544217687,expanded_target_project,not_in_dbms_metadata,unavailable,0.9785499445939528
873328,1,2,0.003401360544217687,expanded_target_project,not_in_dbms_metadata,unavailable,0.9785643357750371
87554659,1,2,0.003401360544217687,expanded_target_project,not_in_dbms_metadata,unavailable,0.9785787269561212
8843683,1,2,0.003401360544217687,expanded_target_project,not_in_dbms_metadata,unavailable,0.9785931181372055
88519607,1,2,0.003401360544217687,expanded_target_project,not_in_dbms_metadata,unavailable,0.9786075093182898
89188193,1,2,0.003401360544217687,expanded_target_project,not_in_dbms_metadata,unavailable,0.978621900499374
89215652,1,2,0.003401360544217687,expanded_target_project,not_in_dbms_metadata,unavailable,0.9786362916804582
90137956,1,2,0.003401360544217687,expanded_target_project,not_in_dbms_metadata,unavailable,0.9786506828615424
904641,1,2,0.003401360544217687,expanded_target_project,not_in_dbms_metadata,unavailable,0.9786650740426267
943149,1,2,0.003401360544217687,expanded_target_project,not_in_dbms_metadata,unavailable,0.978679465223711
95047635,1,2,0.003401360544217687,expanded_target_project,not_in_dbms_metadata,unavailable,0.9786938564047951
95147835,1,2,0.003401360544217687,expanded_target_project,not_in_dbms_metadata,unavailable,0.9787082475858794
9603889,1,2,0.003401360544217687,expanded_target_project,not_in_dbms_metadata,unavailable,0.9787226387669636
96575195,1,2,0.003401360544217687,expanded_target_project,not_in_dbms_metadata,unavailable,0.9787370299480478
970147,1,2,0.003401360544217687,expanded_target_project,not_in_dbms_metadata,unavailable,0.978751421129132
97556265,1,2,0.003401360544217687,expanded_target_project,not_in_dbms_metadata,unavailable,0.9787658123102163
97611747,1,2,0.003401360544217687,expanded_target_project,not_in_dbms_metadata,unavailable,0.9787802034913006
97977100,1,2,0.003401360544217687,expanded_target_project,not_in_dbms_metadata,unavailable,0.9787945946723847
98198980,1,2,0.003401360544217687,expanded_target_project,not_in_dbms_metadata,unavailable,0.978808985853469
99251094,1,2,0.003401360544217687,expanded_target_project,not_in_dbms_metadata,unavailable,0.9788233770345532
99454887,1,2,0.003401360544217687,expanded_target_project,not_in_dbms_metadata,unavailable,0.9788377682156375
99598595,1,2,0.003401360544217687,expanded_target_project,not_in_dbms_metadata,unavailable,0.9788521593967217
100285497,1,1,0.003401360544217687,expanded_target_project,not_in_dbms_metadata,unavailable,0.9788593549872638
100728550,1,1,0.003401360544217687,expanded_target_project,not_in_dbms_metadata,unavailable,0.9788665505778059
10080335,1,1,0.003401360544217687,expanded_target_project,not_in_dbms_metadata,unavailable,0.978873746168348
100921897,1,1,0.003401360544217687,expanded_target_project,not_in_dbms_metadata,unavailable,0.9788809417588902
100982449,1,1,0.003401360544217687,expanded_target_project,not_in_dbms_metadata,unavailable,0.9788881373494323
10153163,1,1,0.003401360544217687,expanded_target_project,Network#dbdbio>|<dbengines#Document,dbms_metadata,0.9788953329399744
10176240,1,1,0.003401360544217687,expanded_target_project,not_in_dbms_metadata,unavailable,0.9789025285305165
102025276,1,1,0.003401360544217687,expanded_target_project,not_in_dbms_metadata,unavailable,0.9789097241210586
102083576,1,1,0.003401360544217687,expanded_target_project,not_in_dbms_metadata,unavailable,0.9789169197116008
102180889,1,1,0.003401360544217687,expanded_target_project,not_in_dbms_metadata,unavailable,0.9789241153021428
1023109,1,1,0.003401360544217687,expanded_target_project,not_in_dbms_metadata,unavailable,0.9789313108926849
102390943,1,1,0.003401360544217687,expanded_target_project,not_in_dbms_metadata,unavailable,0.9789385064832271
102534028,1,1,0.003401360544217687,expanded_target_project,not_in_dbms_metadata,unavailable,0.9789457020737692
102601749,1,1,0.003401360544217687,expanded_target_project,not_in_dbms_metadata,unavailable,0.9789528976643113
10270722,1,1,0.003401360544217687,expanded_target_project,not_in_dbms_metadata,unavailable,0.9789600932548534
102726009,1,1,0.003401360544217687,expanded_target_project,not_in_dbms_metadata,unavailable,0.9789672888453955
102765966,1,1,0.003401360544217687,expanded_target_project,not_in_dbms_metadata,unavailable,0.9789744844359377
10277647,1,1,0.003401360544217687,expanded_target_project,not_in_dbms_metadata,unavailable,0.9789816800264798
1028340,1,1,0.003401360544217687,expanded_target_project,not_in_dbms_metadata,unavailable,0.9789888756170219
10302694,1,1,0.003401360544217687,expanded_target_project,not_in_dbms_metadata,unavailable,0.978996071207564
103115020,1,1,0.003401360544217687,expanded_target_project,not_in_dbms_metadata,unavailable,0.9790032667981061
103172419,1,1,0.003401360544217687,expanded_target_project,not_in_dbms_metadata,unavailable,0.9790104623886482
10319059,1,1,0.003401360544217687,expanded_target_project,not_in_dbms_metadata,unavailable,0.9790176579791904
10323585,1,1,0.003401360544217687,expanded_target_project,not_in_dbms_metadata,unavailable,0.9790248535697325
103275720,1,1,0.003401360544217687,expanded_target_project,not_in_dbms_metadata,unavailable,0.9790320491602745
103530053,1,1,0.003401360544217687,expanded_target_project,not_in_dbms_metadata,unavailable,0.9790392447508167
103619486,1,1,0.003401360544217687,expanded_target_project,not_in_dbms_metadata,unavailable,0.9790464403413588
103706410,1,1,0.003401360544217687,expanded_target_project,not_in_dbms_metadata,unavailable,0.979053635931901
103940483,1,1,0.003401360544217687,expanded_target_project,not_in_dbms_metadata,unavailable,0.979060831522443
104110775,1,1,0.003401360544217687,expanded_target_project,not_in_dbms_metadata,unavailable,0.9790680271129851
104354828,1,1,0.003401360544217687,expanded_target_project,not_in_dbms_metadata,unavailable,0.9790752227035273
10437688,1,1,0.003401360544217687,expanded_target_project,not_in_dbms_metadata,unavailable,0.9790824182940694
1045976,1,1,0.003401360544217687,expanded_target_project,not_in_dbms_metadata,unavailable,0.9790896138846115
105066063,1,1,0.003401360544217687,expanded_target_project,not_in_dbms_metadata,unavailable,0.9790968094751537
105069363,1,1,0.003401360544217687,expanded_target_project,not_in_dbms_metadata,unavailable,0.9791040050656957
10522120,1,1,0.003401360544217687,expanded_target_project,not_in_dbms_metadata,unavailable,0.9791112006562379
105262714,1,1,0.003401360544217687,expanded_target_project,not_in_dbms_metadata,unavailable,0.97911839624678
105672026,1,1,0.003401360544217687,expanded_target_project,not_in_dbms_metadata,unavailable,0.9791255918373221
105712749,1,1,0.003401360544217687,expanded_target_project,not_in_dbms_metadata,unavailable,0.9791327874278642
105769029,1,1,0.003401360544217687,expanded_target_project,not_in_dbms_metadata,unavailable,0.9791399830184063
1059430,1,1,0.003401360544217687,expanded_target_project,not_in_dbms_metadata,unavailable,0.9791471786089484
105963253,1,1,0.003401360544217687,expanded_target_project,not_in_dbms_metadata,unavailable,0.9791543741994906
106016020,1,1,0.003401360544217687,expanded_target_project,not_in_dbms_metadata,unavailable,0.9791615697900327
106060031,1,1,0.003401360544217687,expanded_target_project,not_in_dbms_metadata,unavailable,0.9791687653805747
106239956,1,1,0.003401360544217687,expanded_target_project,not_in_dbms_metadata,unavailable,0.9791759609711169
1062897,1,1,0.003401360544217687,expanded_target_project,not_in_dbms_metadata,unavailable,0.979183156561659
106402526,1,1,0.003401360544217687,expanded_target_project,not_in_dbms_metadata,unavailable,0.9791903521522012
10649374,1,1,0.003401360544217687,expanded_target_project,not_in_dbms_metadata,unavailable,0.9791975477427433
106737290,1,1,0.003401360544217687,expanded_target_project,not_in_dbms_metadata,unavailable,0.9792047433332853
10691398,1,1,0.003401360544217687,expanded_target_project,not_in_dbms_metadata,unavailable,0.9792119389238275
10744183,1,1,0.003401360544217687,expanded_target_project,not_in_dbms_metadata,unavailable,0.9792191345143696
107505869,1,1,0.003401360544217687,expanded_target_project,not_in_dbms_metadata,unavailable,0.9792263301049117
10757154,1,1,0.003401360544217687,expanded_target_project,not_in_dbms_metadata,unavailable,0.9792335256954539
107708884,1,1,0.003401360544217687,expanded_target_project,not_in_dbms_metadata,unavailable,0.9792407212859959
107775870,1,1,0.003401360544217687,expanded_target_project,not_in_dbms_metadata,unavailable,0.979247916876538
107914493,1,1,0.003401360544217687,expanded_target_project,not_in_dbms_metadata,unavailable,0.9792551124670802
10805187,1,1,0.003401360544217687,expanded_target_project,not_in_dbms_metadata,unavailable,0.9792623080576223
108110706,1,1,0.003401360544217687,expanded_target_project,not_in_dbms_metadata,unavailable,0.9792695036481645
108169607,1,1,0.003401360544217687,expanded_target_project,not_in_dbms_metadata,unavailable,0.9792766992387065
108761645,1,1,0.003401360544217687,expanded_target_project,not_in_dbms_metadata,unavailable,0.9792838948292486
108764455,1,1,0.003401360544217687,expanded_target_project,not_in_dbms_metadata,unavailable,0.9792910904197908
108920680,1,1,0.003401360544217687,expanded_target_project,not_in_dbms_metadata,unavailable,0.9792982860103329
109145553,1,1,0.003401360544217687,expanded_target_project,not_in_dbms_metadata,unavailable,0.9793054816008749
109404123,1,1,0.003401360544217687,expanded_target_project,not_in_dbms_metadata,unavailable,0.9793126771914171
10985948,1,1,0.003401360544217687,expanded_target_project,not_in_dbms_metadata,unavailable,0.9793198727819592
110020935,1,1,0.003401360544217687,expanded_target_project,not_in_dbms_metadata,unavailable,0.9793270683725014
11008207,1,1,0.003401360544217687,seed_project,Relational,seed_manifest,0.9793342639630435
110100447,1,1,0.003401360544217687,expanded_target_project,not_in_dbms_metadata,unavailable,0.9793414595535855
11031412,1,1,0.003401360544217687,expanded_target_project,not_in_dbms_metadata,unavailable,0.9793486551441277
110613089,1,1,0.003401360544217687,expanded_target_project,not_in_dbms_metadata,unavailable,0.9793558507346698
110902512,1,1,0.003401360544217687,expanded_target_project,not_in_dbms_metadata,unavailable,0.9793630463252119
111364256,1,1,0.003401360544217687,expanded_target_project,not_in_dbms_metadata,unavailable,0.9793702419157541
111465030,1,1,0.003401360544217687,expanded_target_project,not_in_dbms_metadata,unavailable,0.9793774375062961
111510376,1,1,0.003401360544217687,expanded_target_project,not_in_dbms_metadata,unavailable,0.9793846330968382
111641659,1,1,0.003401360544217687,expanded_target_project,not_in_dbms_metadata,unavailable,0.9793918286873804
11203131,1,1,0.003401360544217687,expanded_target_project,not_in_dbms_metadata,unavailable,0.9793990242779225
112100818,1,1,0.003401360544217687,expanded_target_project,not_in_dbms_metadata,unavailable,0.9794062198684647
112219764,1,1,0.003401360544217687,expanded_target_project,not_in_dbms_metadata,unavailable,0.9794134154590067
112302758,1,1,0.003401360544217687,expanded_target_project,not_in_dbms_metadata,unavailable,0.9794206110495488
11247824,1,1,0.003401360544217687,expanded_target_project,not_in_dbms_metadata,unavailable,0.979427806640091
112736538,1,1,0.003401360544217687,expanded_target_project,not_in_dbms_metadata,unavailable,0.9794350022306331
11293703,1,1,0.003401360544217687,expanded_target_project,not_in_dbms_metadata,unavailable,0.9794421978211751
113111202,1,1,0.003401360544217687,expanded_target_project,not_in_dbms_metadata,unavailable,0.9794493934117173
113512596,1,1,0.003401360544217687,expanded_target_project,not_in_dbms_metadata,unavailable,0.9794565890022594
11369509,1,1,0.003401360544217687,expanded_target_project,not_in_dbms_metadata,unavailable,0.9794637845928015
11384368,1,1,0.003401360544217687,expanded_target_project,not_in_dbms_metadata,unavailable,0.9794709801833437
113912678,1,1,0.003401360544217687,expanded_target_project,not_in_dbms_metadata,unavailable,0.9794781757738857
114023960,1,1,0.003401360544217687,expanded_target_project,not_in_dbms_metadata,unavailable,0.9794853713644279
114363116,1,1,0.003401360544217687,expanded_target_project,not_in_dbms_metadata,unavailable,0.97949256695497
11445479,1,1,0.003401360544217687,expanded_target_project,not_in_dbms_metadata,unavailable,0.9794997625455121
114577229,1,1,0.003401360544217687,expanded_target_project,not_in_dbms_metadata,unavailable,0.9795069581360543
114682244,1,1,0.003401360544217687,expanded_target_project,not_in_dbms_metadata,unavailable,0.9795141537265963
114948816,1,1,0.003401360544217687,expanded_target_project,not_in_dbms_metadata,unavailable,0.9795213493171384
115039706,1,1,0.003401360544217687,expanded_target_project,not_in_dbms_metadata,unavailable,0.9795285449076806
115316912,1,1,0.003401360544217687,expanded_target_project,not_in_dbms_metadata,unavailable,0.9795357404982227
115575640,1,1,0.003401360544217687,expanded_target_project,not_in_dbms_metadata,unavailable,0.9795429360887649
115740402,1,1,0.003401360544217687,expanded_target_project,not_in_dbms_metadata,unavailable,0.9795501316793069
115758461,1,1,0.003401360544217687,expanded_target_project,not_in_dbms_metadata,unavailable,0.979557327269849
115969499,1,1,0.003401360544217687,expanded_target_project,not_in_dbms_metadata,unavailable,0.9795645228603912
11597120,1,1,0.003401360544217687,expanded_target_project,not_in_dbms_metadata,unavailable,0.9795717184509333
116585275,1,1,0.003401360544217687,expanded_target_project,not_in_dbms_metadata,unavailable,0.9795789140414753
116659368,1,1,0.003401360544217687,expanded_target_project,not_in_dbms_metadata,unavailable,0.9795861096320175
116955501,1,1,0.003401360544217687,expanded_target_project,not_in_dbms_metadata,unavailable,0.9795933052225596
11696086,1,1,0.003401360544217687,expanded_target_project,not_in_dbms_metadata,unavailable,0.9796005008131017
11696117,1,1,0.003401360544217687,expanded_target_project,not_in_dbms_metadata,unavailable,0.9796076964036439
11726616,1,1,0.003401360544217687,expanded_target_project,not_in_dbms_metadata,unavailable,0.9796148919941859
11753735,1,1,0.003401360544217687,expanded_target_project,not_in_dbms_metadata,unavailable,0.9796220875847281
117701523,1,1,0.003401360544217687,expanded_target_project,not_in_dbms_metadata,unavailable,0.9796292831752702
117906003,1,1,0.003401360544217687,expanded_target_project,not_in_dbms_metadata,unavailable,0.9796364787658123
118649335,1,1,0.003401360544217687,expanded_target_project,not_in_dbms_metadata,unavailable,0.9796436743563545
118764574,1,1,0.003401360544217687,expanded_target_project,not_in_dbms_metadata,unavailable,0.9796508699468965
11892534,1,1,0.003401360544217687,expanded_target_project,not_in_dbms_metadata,unavailable,0.9796580655374386
119205516,1,1,0.003401360544217687,expanded_target_project,not_in_dbms_metadata,unavailable,0.9796652611279808
119272629,1,1,0.003401360544217687,expanded_target_project,not_in_dbms_metadata,unavailable,0.9796724567185229
1194027,1,1,0.003401360544217687,expanded_target_project,not_in_dbms_metadata,unavailable,0.979679652309065
119460813,1,1,0.003401360544217687,expanded_target_project,not_in_dbms_metadata,unavailable,0.9796868478996071
11974348,1,1,0.003401360544217687,expanded_target_project,not_in_dbms_metadata,unavailable,0.9796940434901492
119818775,1,1,0.003401360544217687,expanded_target_project,not_in_dbms_metadata,unavailable,0.9797012390806914
1204125,1,1,0.003401360544217687,expanded_target_project,not_in_dbms_metadata,unavailable,0.9797084346712335
120511966,1,1,0.003401360544217687,expanded_target_project,not_in_dbms_metadata,unavailable,0.9797156302617755
12079212,1,1,0.003401360544217687,expanded_target_project,not_in_dbms_metadata,unavailable,0.9797228258523177
12080551,1,1,0.003401360544217687,expanded_target_project,not_in_dbms_metadata,unavailable,0.9797300214428598
120894,1,1,0.003401360544217687,expanded_target_project,not_in_dbms_metadata,unavailable,0.9797372170334019
120938309,1,1,0.003401360544217687,expanded_target_project,not_in_dbms_metadata,unavailable,0.9797444126239441
121337784,1,1,0.003401360544217687,expanded_target_project,not_in_dbms_metadata,unavailable,0.9797516082144861
12179494,1,1,0.003401360544217687,expanded_target_project,not_in_dbms_metadata,unavailable,0.9797588038050283
121834895,1,1,0.003401360544217687,expanded_target_project,not_in_dbms_metadata,unavailable,0.9797659993955704
121870635,1,1,0.003401360544217687,expanded_target_project,not_in_dbms_metadata,unavailable,0.9797731949861125
121898717,1,1,0.003401360544217687,expanded_target_project,not_in_dbms_metadata,unavailable,0.9797803905766547
122282812,1,1,0.003401360544217687,expanded_target_project,not_in_dbms_metadata,unavailable,0.9797875861671967
122505634,1,1,0.003401360544217687,expanded_target_project,not_in_dbms_metadata,unavailable,0.9797947817577388
122508361,1,1,0.003401360544217687,expanded_target_project,not_in_dbms_metadata,unavailable,0.979801977348281
123148813,1,1,0.003401360544217687,expanded_target_project,not_in_dbms_metadata,unavailable,0.9798091729388231
123303402,1,1,0.003401360544217687,expanded_target_project,not_in_dbms_metadata,unavailable,0.9798163685293652
123345344,1,1,0.003401360544217687,expanded_target_project,not_in_dbms_metadata,unavailable,0.9798235641199073
123410,1,1,0.003401360544217687,expanded_target_project,not_in_dbms_metadata,unavailable,0.9798307597104494
123649788,1,1,0.003401360544217687,expanded_target_project,not_in_dbms_metadata,unavailable,0.9798379553009916
123684665,1,1,0.003401360544217687,expanded_target_project,not_in_dbms_metadata,unavailable,0.9798451508915337
12390121,1,1,0.003401360544217687,expanded_target_project,not_in_dbms_metadata,unavailable,0.9798523464820758
123986201,1,1,0.003401360544217687,expanded_target_project,not_in_dbms_metadata,unavailable,0.9798595420726179
123993596,1,1,0.003401360544217687,expanded_target_project,not_in_dbms_metadata,unavailable,0.97986673766316
12421065,1,1,0.003401360544217687,expanded_target_project,not_in_dbms_metadata,unavailable,0.9798739332537021
124275922,1,1,0.003401360544217687,expanded_target_project,not_in_dbms_metadata,unavailable,0.9798811288442443
124315604,1,1,0.003401360544217687,seed_project,Key-value,seed_manifest,0.9798883244347864
12440855,1,1,0.003401360544217687,expanded_target_project,not_in_dbms_metadata,unavailable,0.9798955200253284
124417205,1,1,0.003401360544217687,expanded_target_project,not_in_dbms_metadata,unavailable,0.9799027156158706
124564425,1,1,0.003401360544217687,expanded_target_project,not_in_dbms_metadata,unavailable,0.9799099112064127
124657854,1,1,0.003401360544217687,expanded_target_project,not_in_dbms_metadata,unavailable,0.9799171067969549
124701774,1,1,0.003401360544217687,expanded_target_project,not_in_dbms_metadata,unavailable,0.979924302387497
1257070,1,1,0.003401360544217687,expanded_target_project,not_in_dbms_metadata,unavailable,0.979931497978039
125824259,1,1,0.003401360544217687,seed_project,Document,seed_manifest,0.9799386935685812
126382836,1,1,0.003401360544217687,expanded_target_project,not_in_dbms_metadata,unavailable,0.9799458891591233
126465227,1,1,0.003401360544217687,expanded_target_project,not_in_dbms_metadata,unavailable,0.9799530847496654
126914245,1,1,0.003401360544217687,expanded_target_project,not_in_dbms_metadata,unavailable,0.9799602803402075
127026401,1,1,0.003401360544217687,expanded_target_project,not_in_dbms_metadata,unavailable,0.9799674759307496
127101557,1,1,0.003401360544217687,expanded_target_project,not_in_dbms_metadata,unavailable,0.9799746715212918
127201711,1,1,0.003401360544217687,expanded_target_project,not_in_dbms_metadata,unavailable,0.9799818671118339
127224346,1,1,0.003401360544217687,expanded_target_project,not_in_dbms_metadata,unavailable,0.979989062702376
127268366,1,1,0.003401360544217687,expanded_target_project,not_in_dbms_metadata,unavailable,0.9799962582929181
127425805,1,1,0.003401360544217687,expanded_target_project,not_in_dbms_metadata,unavailable,0.9800034538834602
12791642,1,1,0.003401360544217687,expanded_target_project,not_in_dbms_metadata,unavailable,0.9800106494740023
128089774,1,1,0.003401360544217687,expanded_target_project,not_in_dbms_metadata,unavailable,0.9800178450645445
128529416,1,1,0.003401360544217687,expanded_target_project,not_in_dbms_metadata,unavailable,0.9800250406550866
128693525,1,1,0.003401360544217687,expanded_target_project,not_in_dbms_metadata,unavailable,0.9800322362456286
129137599,1,1,0.003401360544217687,expanded_target_project,not_in_dbms_metadata,unavailable,0.9800394318361708
12920091,1,1,0.003401360544217687,expanded_target_project,not_in_dbms_metadata,unavailable,0.9800466274267129
129449094,1,1,0.003401360544217687,expanded_target_project,not_in_dbms_metadata,unavailable,0.9800538230172551
129549229,1,1,0.003401360544217687,expanded_target_project,not_in_dbms_metadata,unavailable,0.9800610186077972
1295612,1,1,0.003401360544217687,expanded_target_project,not_in_dbms_metadata,unavailable,0.9800682141983392
129640825,1,1,0.003401360544217687,expanded_target_project,not_in_dbms_metadata,unavailable,0.9800754097888814
12974177,1,1,0.003401360544217687,expanded_target_project,not_in_dbms_metadata,unavailable,0.9800826053794235
130013,1,1,0.003401360544217687,expanded_target_project,not_in_dbms_metadata,unavailable,0.9800898009699656
130084383,1,1,0.003401360544217687,expanded_target_project,not_in_dbms_metadata,unavailable,0.9800969965605077
130107902,1,1,0.003401360544217687,expanded_target_project,not_in_dbms_metadata,unavailable,0.9801041921510498
130370449,1,1,0.003401360544217687,expanded_target_project,not_in_dbms_metadata,unavailable,0.9801113877415919
130386123,1,1,0.003401360544217687,expanded_target_project,not_in_dbms_metadata,unavailable,0.9801185833321341
130546049,1,1,0.003401360544217687,expanded_target_project,not_in_dbms_metadata,unavailable,0.9801257789226762
130865762,1,1,0.003401360544217687,expanded_target_project,not_in_dbms_metadata,unavailable,0.9801329745132183
131014812,1,1,0.003401360544217687,expanded_target_project,not_in_dbms_metadata,unavailable,0.9801401701037604
131339601,1,1,0.003401360544217687,expanded_target_project,not_in_dbms_metadata,unavailable,0.9801473656943025
131364545,1,1,0.003401360544217687,expanded_target_project,not_in_dbms_metadata,unavailable,0.9801545612848447
13150250,1,1,0.003401360544217687,expanded_target_project,not_in_dbms_metadata,unavailable,0.9801617568753868
131584258,1,1,0.003401360544217687,expanded_target_project,not_in_dbms_metadata,unavailable,0.9801689524659288
131738270,1,1,0.003401360544217687,expanded_target_project,not_in_dbms_metadata,unavailable,0.980176148056471
13191344,1,1,0.003401360544217687,expanded_target_project,not_in_dbms_metadata,unavailable,0.9801833436470131
132057885,1,1,0.003401360544217687,expanded_target_project,not_in_dbms_metadata,unavailable,0.9801905392375553
13222351,1,1,0.003401360544217687,expanded_target_project,not_in_dbms_metadata,unavailable,0.9801977348280974
132232698,1,1,0.003401360544217687,expanded_target_project,not_in_dbms_metadata,unavailable,0.9802049304186394
132313422,1,1,0.003401360544217687,expanded_target_project,not_in_dbms_metadata,unavailable,0.9802121260091816
13238459,1,1,0.003401360544217687,expanded_target_project,not_in_dbms_metadata,unavailable,0.9802193215997237
1325587,1,1,0.003401360544217687,expanded_target_project,not_in_dbms_metadata,unavailable,0.9802265171902658
132776693,1,1,0.003401360544217687,expanded_target_project,not_in_dbms_metadata,unavailable,0.980233712780808
133092972,1,1,0.003401360544217687,expanded_target_project,not_in_dbms_metadata,unavailable,0.98024090837135
133238084,1,1,0.003401360544217687,expanded_target_project,not_in_dbms_metadata,unavailable,0.9802481039618921
133491254,1,1,0.003401360544217687,expanded_target_project,not_in_dbms_metadata,unavailable,0.9802552995524343
13379995,1,1,0.003401360544217687,expanded_target_project,not_in_dbms_metadata,unavailable,0.9802624951429764
134018330,1,1,0.003401360544217687,expanded_target_project,not_in_dbms_metadata,unavailable,0.9802696907335186
134262408,1,1,0.003401360544217687,expanded_target_project,not_in_dbms_metadata,unavailable,0.9802768863240606
135175513,1,1,0.003401360544217687,expanded_target_project,not_in_dbms_metadata,unavailable,0.9802840819146027
135201145,1,1,0.003401360544217687,expanded_target_project,not_in_dbms_metadata,unavailable,0.9802912775051449
13524719,1,1,0.003401360544217687,expanded_target_project,not_in_dbms_metadata,unavailable,0.980298473095687
135356868,1,1,0.003401360544217687,expanded_target_project,not_in_dbms_metadata,unavailable,0.980305668686229
13539049,1,1,0.003401360544217687,expanded_target_project,not_in_dbms_metadata,unavailable,0.9803128642767712
136060027,1,1,0.003401360544217687,expanded_target_project,not_in_dbms_metadata,unavailable,0.9803200598673133
136202695,1,1,0.003401360544217687,expanded_target_project,not_in_dbms_metadata,unavailable,0.9803272554578554
1362764,1,1,0.003401360544217687,expanded_target_project,not_in_dbms_metadata,unavailable,0.9803344510483976
13674972,1,1,0.003401360544217687,expanded_target_project,not_in_dbms_metadata,unavailable,0.9803416466389396
136926865,1,1,0.003401360544217687,expanded_target_project,not_in_dbms_metadata,unavailable,0.9803488422294818
137101956,1,1,0.003401360544217687,expanded_target_project,not_in_dbms_metadata,unavailable,0.9803560378200239
137137466,1,1,0.003401360544217687,expanded_target_project,not_in_dbms_metadata,unavailable,0.980363233410566
137255598,1,1,0.003401360544217687,expanded_target_project,not_in_dbms_metadata,unavailable,0.9803704290011082
137430744,1,1,0.003401360544217687,expanded_target_project,not_in_dbms_metadata,unavailable,0.9803776245916502
137451403,1,1,0.003401360544217687,expanded_target_project,not_in_dbms_metadata,unavailable,0.9803848201821923
137724480,1,1,0.003401360544217687,expanded_target_project,not_in_dbms_metadata,unavailable,0.9803920157727345
13793886,1,1,0.003401360544217687,expanded_target_project,not_in_dbms_metadata,unavailable,0.9803992113632766
138596205,1,1,0.003401360544217687,expanded_target_project,not_in_dbms_metadata,unavailable,0.9804064069538188
138867419,1,1,0.003401360544217687,expanded_target_project,not_in_dbms_metadata,unavailable,0.9804136025443608
139076329,1,1,0.003401360544217687,expanded_target_project,not_in_dbms_metadata,unavailable,0.9804207981349029
139545213,1,1,0.003401360544217687,expanded_target_project,not_in_dbms_metadata,unavailable,0.9804279937254451
1397974,1,1,0.003401360544217687,expanded_target_project,not_in_dbms_metadata,unavailable,0.9804351893159872
13998001,1,1,0.003401360544217687,expanded_target_project,not_in_dbms_metadata,unavailable,0.9804423849065292
14003349,1,1,0.003401360544217687,expanded_target_project,not_in_dbms_metadata,unavailable,0.9804495804970714
140034345,1,1,0.003401360544217687,expanded_target_project,not_in_dbms_metadata,unavailable,0.9804567760876135
140053781,1,1,0.003401360544217687,expanded_target_project,not_in_dbms_metadata,unavailable,0.9804639716781556
14008364,1,1,0.003401360544217687,expanded_target_project,not_in_dbms_metadata,unavailable,0.9804711672686978
1402936,1,1,0.003401360544217687,expanded_target_project,not_in_dbms_metadata,unavailable,0.9804783628592398
140325970,1,1,0.003401360544217687,expanded_target_project,Relational,dbms_metadata,0.980485558449782
14115755,1,1,0.003401360544217687,expanded_target_project,not_in_dbms_metadata,unavailable,0.9804927540403241
14135470,1,1,0.003401360544217687,expanded_target_project,not_in_dbms_metadata,unavailable,0.9804999496308662
14143026,1,1,0.003401360544217687,expanded_target_project,not_in_dbms_metadata,unavailable,0.9805071452214084
141621344,1,1,0.003401360544217687,expanded_target_project,not_in_dbms_metadata,unavailable,0.9805143408119504
141846986,1,1,0.003401360544217687,expanded_target_project,not_in_dbms_metadata,unavailable,0.9805215364024925
141877580,1,1,0.003401360544217687,expanded_target_project,not_in_dbms_metadata,unavailable,0.9805287319930347
142369435,1,1,0.003401360544217687,expanded_target_project,not_in_dbms_metadata,unavailable,0.9805359275835768
14243858,1,1,0.003401360544217687,expanded_target_project,not_in_dbms_metadata,unavailable,0.9805431231741188
142473200,1,1,0.003401360544217687,expanded_target_project,not_in_dbms_metadata,unavailable,0.980550318764661
1425437,1,1,0.003401360544217687,expanded_target_project,not_in_dbms_metadata,unavailable,0.9805575143552031
142890794,1,1,0.003401360544217687,expanded_target_project,not_in_dbms_metadata,unavailable,0.9805647099457453
14313288,1,1,0.003401360544217687,expanded_target_project,not_in_dbms_metadata,unavailable,0.9805719055362874
143344440,1,1,0.003401360544217687,expanded_target_project,not_in_dbms_metadata,unavailable,0.9805791011268294
143839054,1,1,0.003401360544217687,expanded_target_project,not_in_dbms_metadata,unavailable,0.9805862967173716
143840299,1,1,0.003401360544217687,expanded_target_project,not_in_dbms_metadata,unavailable,0.9805934923079137
14401179,1,1,0.003401360544217687,expanded_target_project,not_in_dbms_metadata,unavailable,0.9806006878984558
144025618,1,1,0.003401360544217687,expanded_target_project,not_in_dbms_metadata,unavailable,0.980607883488998
144073539,1,1,0.003401360544217687,expanded_target_project,not_in_dbms_metadata,unavailable,0.98061507907954
144092408,1,1,0.003401360544217687,expanded_target_project,not_in_dbms_metadata,unavailable,0.9806222746700822
144108814,1,1,0.003401360544217687,expanded_target_project,not_in_dbms_metadata,unavailable,0.9806294702606243
144403787,1,1,0.003401360544217687,expanded_target_project,not_in_dbms_metadata,unavailable,0.9806366658511664
144573225,1,1,0.003401360544217687,expanded_target_project,not_in_dbms_metadata,unavailable,0.9806438614417086
1446467,1,1,0.003401360544217687,expanded_target_project,not_in_dbms_metadata,unavailable,0.9806510570322506
144708327,1,1,0.003401360544217687,expanded_target_project,not_in_dbms_metadata,unavailable,0.9806582526227927
144749268,1,1,0.003401360544217687,expanded_target_project,not_in_dbms_metadata,unavailable,0.9806654482133349
144987904,1,1,0.003401360544217687,expanded_target_project,not_in_dbms_metadata,unavailable,0.980672643803877
145036770,1,1,0.003401360544217687,expanded_target_project,not_in_dbms_metadata,unavailable,0.980679839394419
145076038,1,1,0.003401360544217687,expanded_target_project,not_in_dbms_metadata,unavailable,0.9806870349849612
145263040,1,1,0.003401360544217687,expanded_target_project,not_in_dbms_metadata,unavailable,0.9806942305755033
14532176,1,1,0.003401360544217687,expanded_target_project,not_in_dbms_metadata,unavailable,0.9807014261660455
145749701,1,1,0.003401360544217687,expanded_target_project,not_in_dbms_metadata,unavailable,0.9807086217565876
1458923,1,1,0.003401360544217687,expanded_target_project,not_in_dbms_metadata,unavailable,0.9807158173471296
1460385,1,1,0.003401360544217687,expanded_target_project,not_in_dbms_metadata,unavailable,0.9807230129376718
14627445,1,1,0.003401360544217687,expanded_target_project,not_in_dbms_metadata,unavailable,0.9807302085282139
146285756,1,1,0.003401360544217687,expanded_target_project,not_in_dbms_metadata,unavailable,0.980737404118756
146285827,1,1,0.003401360544217687,expanded_target_project,not_in_dbms_metadata,unavailable,0.9807445997092982
146313205,1,1,0.003401360544217687,expanded_target_project,not_in_dbms_metadata,unavailable,0.9807517952998402
146510094,1,1,0.003401360544217687,expanded_target_project,not_in_dbms_metadata,unavailable,0.9807589908903823
146678664,1,1,0.003401360544217687,expanded_target_project,not_in_dbms_metadata,unavailable,0.9807661864809245
146722095,1,1,0.003401360544217687,expanded_target_project,not_in_dbms_metadata,unavailable,0.9807733820714666
1468280,1,1,0.003401360544217687,expanded_target_project,not_in_dbms_metadata,unavailable,0.9807805776620088
146879533,1,1,0.003401360544217687,expanded_target_project,not_in_dbms_metadata,unavailable,0.9807877732525508
147195610,1,1,0.003401360544217687,expanded_target_project,not_in_dbms_metadata,unavailable,0.9807949688430929
147213800,1,1,0.003401360544217687,expanded_target_project,not_in_dbms_metadata,unavailable,0.9808021644336351
147566119,1,1,0.003401360544217687,expanded_target_project,not_in_dbms_metadata,unavailable,0.9808093600241772
147740437,1,1,0.003401360544217687,expanded_target_project,not_in_dbms_metadata,unavailable,0.9808165556147193
147767244,1,1,0.003401360544217687,expanded_target_project,not_in_dbms_metadata,unavailable,0.9808237512052614
147809547,1,1,0.003401360544217687,expanded_target_project,not_in_dbms_metadata,unavailable,0.9808309467958035
147850769,1,1,0.003401360544217687,expanded_target_project,not_in_dbms_metadata,unavailable,0.9808381423863457
14812631,1,1,0.003401360544217687,expanded_target_project,not_in_dbms_metadata,unavailable,0.9808453379768878
14829536,1,1,0.003401360544217687,expanded_target_project,not_in_dbms_metadata,unavailable,0.9808525335674299
148546580,1,1,0.003401360544217687,expanded_target_project,not_in_dbms_metadata,unavailable,0.980859729157972
148723815,1,1,0.003401360544217687,expanded_target_project,not_in_dbms_metadata,unavailable,0.9808669247485141
14904540,1,1,0.003401360544217687,expanded_target_project,not_in_dbms_metadata,unavailable,0.9808741203390562
149199408,1,1,0.003401360544217687,expanded_target_project,not_in_dbms_metadata,unavailable,0.9808813159295984
1493089,1,1,0.003401360544217687,expanded_target_project,not_in_dbms_metadata,unavailable,0.9808885115201404
149355527,1,1,0.003401360544217687,expanded_target_project,not_in_dbms_metadata,unavailable,0.9808957071106825
150110305,1,1,0.003401360544217687,expanded_target_project,not_in_dbms_metadata,unavailable,0.9809029027012247
150307921,1,1,0.003401360544217687,expanded_target_project,not_in_dbms_metadata,unavailable,0.9809100982917668
150444746,1,1,0.003401360544217687,expanded_target_project,not_in_dbms_metadata,unavailable,0.980917293882309
150468186,1,1,0.003401360544217687,expanded_target_project,not_in_dbms_metadata,unavailable,0.980924489472851
15056182,1,1,0.003401360544217687,expanded_target_project,not_in_dbms_metadata,unavailable,0.9809316850633931
151068206,1,1,0.003401360544217687,expanded_target_project,not_in_dbms_metadata,unavailable,0.9809388806539353
151231787,1,1,0.003401360544217687,expanded_target_project,not_in_dbms_metadata,unavailable,0.9809460762444774
1512899,1,1,0.003401360544217687,expanded_target_project,not_in_dbms_metadata,unavailable,0.9809532718350195
151455245,1,1,0.003401360544217687,expanded_target_project,not_in_dbms_metadata,unavailable,0.9809604674255616
151760169,1,1,0.003401360544217687,expanded_target_project,not_in_dbms_metadata,unavailable,0.9809676630161037
15176189,1,1,0.003401360544217687,expanded_target_project,not_in_dbms_metadata,unavailable,0.9809748586066458
151846403,1,1,0.003401360544217687,expanded_target_project,not_in_dbms_metadata,unavailable,0.980982054197188
151898169,1,1,0.003401360544217687,expanded_target_project,not_in_dbms_metadata,unavailable,0.98098924978773
152034043,1,1,0.003401360544217687,expanded_target_project,not_in_dbms_metadata,unavailable,0.9809964453782722
15213446,1,1,0.003401360544217687,expanded_target_project,not_in_dbms_metadata,unavailable,0.9810036409688143
1523106,1,1,0.003401360544217687,expanded_target_project,not_in_dbms_metadata,unavailable,0.9810108365593564
152424770,1,1,0.003401360544217687,expanded_target_project,not_in_dbms_metadata,unavailable,0.9810180321498986
153180924,1,1,0.003401360544217687,expanded_target_project,not_in_dbms_metadata,unavailable,0.9810252277404407
153315627,1,1,0.003401360544217687,expanded_target_project,not_in_dbms_metadata,unavailable,0.9810324233309827
153460371,1,1,0.003401360544217687,expanded_target_project,not_in_dbms_metadata,unavailable,0.9810396189215249
15357351,1,1,0.003401360544217687,expanded_target_project,not_in_dbms_metadata,unavailable,0.981046814512067
1538047,1,1,0.003401360544217687,expanded_target_project,not_in_dbms_metadata,unavailable,0.9810540101026092
15389347,1,1,0.003401360544217687,expanded_target_project,not_in_dbms_metadata,unavailable,0.9810612056931513
1539978,1,1,0.003401360544217687,expanded_target_project,not_in_dbms_metadata,unavailable,0.9810684012836933
15450627,1,1,0.003401360544217687,expanded_target_project,not_in_dbms_metadata,unavailable,0.9810755968742355
15452919,1,1,0.003401360544217687,expanded_target_project,not_in_dbms_metadata,unavailable,0.9810827924647776
154743215,1,1,0.003401360544217687,expanded_target_project,not_in_dbms_metadata,unavailable,0.9810899880553197
154832451,1,1,0.003401360544217687,expanded_target_project,not_in_dbms_metadata,unavailable,0.9810971836458618
154962060,1,1,0.003401360544217687,expanded_target_project,not_in_dbms_metadata,unavailable,0.9811043792364039
15502383,1,1,0.003401360544217687,expanded_target_project,not_in_dbms_metadata,unavailable,0.981111574826946
155136567,1,1,0.003401360544217687,expanded_target_project,not_in_dbms_metadata,unavailable,0.9811187704174882
155220641,1,1,0.003401360544217687,expanded_target_project,not_in_dbms_metadata,unavailable,0.9811259660080303
155286170,1,1,0.003401360544217687,expanded_target_project,not_in_dbms_metadata,unavailable,0.9811331615985724
155740984,1,1,0.003401360544217687,expanded_target_project,not_in_dbms_metadata,unavailable,0.9811403571891145
155749886,1,1,0.003401360544217687,expanded_target_project,not_in_dbms_metadata,unavailable,0.9811475527796566
155858802,1,1,0.003401360544217687,expanded_target_project,not_in_dbms_metadata,unavailable,0.9811547483701988
155941061,1,1,0.003401360544217687,expanded_target_project,not_in_dbms_metadata,unavailable,0.9811619439607409
156066420,1,1,0.003401360544217687,expanded_target_project,not_in_dbms_metadata,unavailable,0.9811691395512829
156204572,1,1,0.003401360544217687,expanded_target_project,not_in_dbms_metadata,unavailable,0.9811763351418251
156599958,1,1,0.003401360544217687,expanded_target_project,not_in_dbms_metadata,unavailable,0.9811835307323672
156606443,1,1,0.003401360544217687,expanded_target_project,not_in_dbms_metadata,unavailable,0.9811907263229093
15730865,1,1,0.003401360544217687,expanded_target_project,not_in_dbms_metadata,unavailable,0.9811979219134515
157397583,1,1,0.003401360544217687,expanded_target_project,not_in_dbms_metadata,unavailable,0.9812051175039935
157422219,1,1,0.003401360544217687,expanded_target_project,not_in_dbms_metadata,unavailable,0.9812123130945357
157514605,1,1,0.003401360544217687,expanded_target_project,not_in_dbms_metadata,unavailable,0.9812195086850778
157629873,1,1,0.003401360544217687,expanded_target_project,not_in_dbms_metadata,unavailable,0.9812267042756199
157821911,1,1,0.003401360544217687,expanded_target_project,not_in_dbms_metadata,unavailable,0.981233899866162
157863033,1,1,0.003401360544217687,expanded_target_project,not_in_dbms_metadata,unavailable,0.9812410954567041
15823460,1,1,0.003401360544217687,expanded_target_project,not_in_dbms_metadata,unavailable,0.9812482910472462
158437146,1,1,0.003401360544217687,expanded_target_project,not_in_dbms_metadata,unavailable,0.9812554866377884
1588844,1,1,0.003401360544217687,expanded_target_project,not_in_dbms_metadata,unavailable,0.9812626822283305
158906962,1,1,0.003401360544217687,expanded_target_project,not_in_dbms_metadata,unavailable,0.9812698778188726
159049339,1,1,0.003401360544217687,expanded_target_project,not_in_dbms_metadata,unavailable,0.9812770734094147
15993609,1,1,0.003401360544217687,expanded_target_project,not_in_dbms_metadata,unavailable,0.9812842689999568
15993613,1,1,0.003401360544217687,expanded_target_project,not_in_dbms_metadata,unavailable,0.981291464590499
15993616,1,1,0.003401360544217687,expanded_target_project,not_in_dbms_metadata,unavailable,0.9812986601810411
15993618,1,1,0.003401360544217687,expanded_target_project,not_in_dbms_metadata,unavailable,0.9813058557715831
160253491,1,1,0.003401360544217687,expanded_target_project,not_in_dbms_metadata,unavailable,0.9813130513621253
160367623,1,1,0.003401360544217687,expanded_target_project,not_in_dbms_metadata,unavailable,0.9813202469526674
160689777,1,1,0.003401360544217687,expanded_target_project,not_in_dbms_metadata,unavailable,0.9813274425432095
161001,1,1,0.003401360544217687,expanded_target_project,not_in_dbms_metadata,unavailable,0.9813346381337517
161155314,1,1,0.003401360544217687,expanded_target_project,not_in_dbms_metadata,unavailable,0.9813418337242937
161407222,1,1,0.003401360544217687,expanded_target_project,not_in_dbms_metadata,unavailable,0.9813490293148359
161674141,1,1,0.003401360544217687,expanded_target_project,Key-value,dbms_metadata,0.981356224905378
161689193,1,1,0.003401360544217687,expanded_target_project,not_in_dbms_metadata,unavailable,0.9813634204959201
161843366,1,1,0.003401360544217687,expanded_target_project,not_in_dbms_metadata,unavailable,0.9813706160864623
161951219,1,1,0.003401360544217687,expanded_target_project,not_in_dbms_metadata,unavailable,0.9813778116770043
161979323,1,1,0.003401360544217687,expanded_target_project,not_in_dbms_metadata,unavailable,0.9813850072675464
162201964,1,1,0.003401360544217687,expanded_target_project,not_in_dbms_metadata,unavailable,0.9813922028580886
162548942,1,1,0.003401360544217687,expanded_target_project,not_in_dbms_metadata,unavailable,0.9813993984486307
162643764,1,1,0.003401360544217687,expanded_target_project,not_in_dbms_metadata,unavailable,0.9814065940391727
16296100,1,1,0.003401360544217687,expanded_target_project,not_in_dbms_metadata,unavailable,0.9814137896297149
163071182,1,1,0.003401360544217687,expanded_target_project,not_in_dbms_metadata,unavailable,0.981420985220257
16309670,1,1,0.003401360544217687,expanded_target_project,not_in_dbms_metadata,unavailable,0.9814281808107992
163185206,1,1,0.003401360544217687,expanded_target_project,not_in_dbms_metadata,unavailable,0.9814353764013413
163387337,1,1,0.003401360544217687,expanded_target_project,not_in_dbms_metadata,unavailable,0.9814425719918833
163568212,1,1,0.003401360544217687,expanded_target_project,not_in_dbms_metadata,unavailable,0.9814497675824255
163653257,1,1,0.003401360544217687,expanded_target_project,not_in_dbms_metadata,unavailable,0.9814569631729676
163853205,1,1,0.003401360544217687,expanded_target_project,not_in_dbms_metadata,unavailable,0.9814641587635097
164074287,1,1,0.003401360544217687,expanded_target_project,not_in_dbms_metadata,unavailable,0.9814713543540519
164267980,1,1,0.003401360544217687,expanded_target_project,not_in_dbms_metadata,unavailable,0.9814785499445939
164354270,1,1,0.003401360544217687,expanded_target_project,not_in_dbms_metadata,unavailable,0.9814857455351361
1644196,1,1,0.003401360544217687,expanded_target_project,not_in_dbms_metadata,unavailable,0.9814929411256782
1646466,1,1,0.003401360544217687,expanded_target_project,not_in_dbms_metadata,unavailable,0.9815001367162203
164789751,1,1,0.003401360544217687,expanded_target_project,not_in_dbms_metadata,unavailable,0.9815073323067625
164896915,1,1,0.003401360544217687,expanded_target_project,not_in_dbms_metadata,unavailable,0.9815145278973045
164999650,1,1,0.003401360544217687,expanded_target_project,not_in_dbms_metadata,unavailable,0.9815217234878466
165087274,1,1,0.003401360544217687,expanded_target_project,not_in_dbms_metadata,unavailable,0.9815289190783888
165092572,1,1,0.003401360544217687,expanded_target_project,not_in_dbms_metadata,unavailable,0.9815361146689309
16514887,1,1,0.003401360544217687,expanded_target_project,not_in_dbms_metadata,unavailable,0.981543310259473
165332779,1,1,0.003401360544217687,expanded_target_project,not_in_dbms_metadata,unavailable,0.9815505058500151
165561258,1,1,0.003401360544217687,expanded_target_project,not_in_dbms_metadata,unavailable,0.9815577014405572
16587283,1,1,0.003401360544217687,expanded_target_project,not_in_dbms_metadata,unavailable,0.9815648970310994
16597023,1,1,0.003401360544217687,expanded_target_project,not_in_dbms_metadata,unavailable,0.9815720926216415
166274005,1,1,0.003401360544217687,expanded_target_project,not_in_dbms_metadata,unavailable,0.9815792882121835
166319643,1,1,0.003401360544217687,expanded_target_project,not_in_dbms_metadata,unavailable,0.9815864838027257
166363507,1,1,0.003401360544217687,expanded_target_project,not_in_dbms_metadata,unavailable,0.9815936793932678
166397747,1,1,0.003401360544217687,expanded_target_project,not_in_dbms_metadata,unavailable,0.9816008749838099
166483718,1,1,0.003401360544217687,expanded_target_project,not_in_dbms_metadata,unavailable,0.9816080705743521
16652218,1,1,0.003401360544217687,expanded_target_project,not_in_dbms_metadata,unavailable,0.9816152661648941
166545969,1,1,0.003401360544217687,expanded_target_project,not_in_dbms_metadata,unavailable,0.9816224617554362
166571755,1,1,0.003401360544217687,expanded_target_project,not_in_dbms_metadata,unavailable,0.9816296573459784
166575621,1,1,0.003401360544217687,expanded_target_project,not_in_dbms_metadata,unavailable,0.9816368529365205
1666245,1,1,0.003401360544217687,expanded_target_project,not_in_dbms_metadata,unavailable,0.9816440485270627
1670832,1,1,0.003401360544217687,expanded_target_project,not_in_dbms_metadata,unavailable,0.9816512441176047
167093203,1,1,0.003401360544217687,expanded_target_project,not_in_dbms_metadata,unavailable,0.9816584397081468
16740838,1,1,0.003401360544217687,expanded_target_project,not_in_dbms_metadata,unavailable,0.981665635298689
167596974,1,1,0.003401360544217687,expanded_target_project,not_in_dbms_metadata,unavailable,0.9816728308892311
167756292,1,1,0.003401360544217687,expanded_target_project,not_in_dbms_metadata,unavailable,0.9816800264797731
167926123,1,1,0.003401360544217687,expanded_target_project,not_in_dbms_metadata,unavailable,0.9816872220703153
168011367,1,1,0.003401360544217687,expanded_target_project,not_in_dbms_metadata,unavailable,0.9816944176608574
168183392,1,1,0.003401360544217687,expanded_target_project,not_in_dbms_metadata,unavailable,0.9817016132513996
168736372,1,1,0.003401360544217687,expanded_target_project,not_in_dbms_metadata,unavailable,0.9817088088419417
169087223,1,1,0.003401360544217687,expanded_target_project,not_in_dbms_metadata,unavailable,0.9817160044324837
169454043,1,1,0.003401360544217687,expanded_target_project,not_in_dbms_metadata,unavailable,0.9817232000230259
16994340,1,1,0.003401360544217687,expanded_target_project,not_in_dbms_metadata,unavailable,0.981730395613568
170134290,1,1,0.003401360544217687,expanded_target_project,not_in_dbms_metadata,unavailable,0.9817375912041101
170439169,1,1,0.003401360544217687,expanded_target_project,not_in_dbms_metadata,unavailable,0.9817447867946523
170570699,1,1,0.003401360544217687,expanded_target_project,not_in_dbms_metadata,unavailable,0.9817519823851943
170740248,1,1,0.003401360544217687,expanded_target_project,not_in_dbms_metadata,unavailable,0.9817591779757364
17085874,1,1,0.003401360544217687,expanded_target_project,not_in_dbms_metadata,unavailable,0.9817663735662786
171396748,1,1,0.003401360544217687,expanded_target_project,not_in_dbms_metadata,unavailable,0.9817735691568207
171460321,1,1,0.003401360544217687,expanded_target_project,not_in_dbms_metadata,unavailable,0.9817807647473629
172000765,1,1,0.003401360544217687,expanded_target_project,not_in_dbms_metadata,unavailable,0.9817879603379049
172155554,1,1,0.003401360544217687,expanded_target_project,not_in_dbms_metadata,unavailable,0.981795155928447
172281423,1,1,0.003401360544217687,expanded_target_project,not_in_dbms_metadata,unavailable,0.9818023515189892
17238321,1,1,0.003401360544217687,expanded_target_project,not_in_dbms_metadata,unavailable,0.9818095471095313
17241201,1,1,0.003401360544217687,expanded_target_project,not_in_dbms_metadata,unavailable,0.9818167427000734
172421430,1,1,0.003401360544217687,expanded_target_project,not_in_dbms_metadata,unavailable,0.9818239382906155
172491601,1,1,0.003401360544217687,expanded_target_project,not_in_dbms_metadata,unavailable,0.9818311338811576
172705585,1,1,0.003401360544217687,expanded_target_project,not_in_dbms_metadata,unavailable,0.9818383294716997
172799788,1,1,0.003401360544217687,expanded_target_project,not_in_dbms_metadata,unavailable,0.9818455250622419
173228436,1,1,0.003401360544217687,expanded_target_project,not_in_dbms_metadata,unavailable,0.981852720652784
173454206,1,1,0.003401360544217687,expanded_target_project,not_in_dbms_metadata,unavailable,0.9818599162433261
173952378,1,1,0.003401360544217687,expanded_target_project,not_in_dbms_metadata,unavailable,0.9818671118338682
173972535,1,1,0.003401360544217687,expanded_target_project,not_in_dbms_metadata,unavailable,0.9818743074244103
174265685,1,1,0.003401360544217687,expanded_target_project,not_in_dbms_metadata,unavailable,0.9818815030149525
174381831,1,1,0.003401360544217687,expanded_target_project,not_in_dbms_metadata,unavailable,0.9818886986054945
174522026,1,1,0.003401360544217687,expanded_target_project,not_in_dbms_metadata,unavailable,0.9818958941960366
174581882,1,1,0.003401360544217687,expanded_target_project,not_in_dbms_metadata,unavailable,0.9819030897865788
175096978,1,1,0.003401360544217687,expanded_target_project,not_in_dbms_metadata,unavailable,0.9819102853771209
175100306,1,1,0.003401360544217687,expanded_target_project,not_in_dbms_metadata,unavailable,0.9819174809676631
175232615,1,1,0.003401360544217687,expanded_target_project,not_in_dbms_metadata,unavailable,0.9819246765582051
175296188,1,1,0.003401360544217687,expanded_target_project,not_in_dbms_metadata,unavailable,0.9819318721487472
175425051,1,1,0.003401360544217687,expanded_target_project,not_in_dbms_metadata,unavailable,0.9819390677392894
17559913,1,1,0.003401360544217687,expanded_target_project,not_in_dbms_metadata,unavailable,0.9819462633298315
175910132,1,1,0.003401360544217687,expanded_target_project,not_in_dbms_metadata,unavailable,0.9819534589203736
1759835,1,1,0.003401360544217687,expanded_target_project,not_in_dbms_metadata,unavailable,0.9819606545109157
176172924,1,1,0.003401360544217687,expanded_target_project,not_in_dbms_metadata,unavailable,0.9819678501014578
176821351,1,1,0.003401360544217687,expanded_target_project,not_in_dbms_metadata,unavailable,0.9819750456919999
177161203,1,1,0.003401360544217687,expanded_target_project,not_in_dbms_metadata,unavailable,0.9819822412825421
177216640,1,1,0.003401360544217687,expanded_target_project,not_in_dbms_metadata,unavailable,0.9819894368730842
177659629,1,1,0.003401360544217687,expanded_target_project,not_in_dbms_metadata,unavailable,0.9819966324636263
178017670,1,1,0.003401360544217687,expanded_target_project,not_in_dbms_metadata,unavailable,0.9820038280541684
178381879,1,1,0.003401360544217687,expanded_target_project,not_in_dbms_metadata,unavailable,0.9820110236447105
178394770,1,1,0.003401360544217687,expanded_target_project,not_in_dbms_metadata,unavailable,0.9820182192352527
178462204,1,1,0.003401360544217687,expanded_target_project,not_in_dbms_metadata,unavailable,0.9820254148257948
178486642,1,1,0.003401360544217687,expanded_target_project,not_in_dbms_metadata,unavailable,0.9820326104163368
178626720,1,1,0.003401360544217687,expanded_target_project,not_in_dbms_metadata,unavailable,0.982039806006879
178710662,1,1,0.003401360544217687,expanded_target_project,not_in_dbms_metadata,unavailable,0.9820470015974211
178991158,1,1,0.003401360544217687,expanded_target_project,not_in_dbms_metadata,unavailable,0.9820541971879632
179258435,1,1,0.003401360544217687,expanded_target_project,not_in_dbms_metadata,unavailable,0.9820613927785053
179492861,1,1,0.003401360544217687,expanded_target_project,not_in_dbms_metadata,unavailable,0.9820685883690474
179603362,1,1,0.003401360544217687,expanded_target_project,not_in_dbms_metadata,unavailable,0.9820757839595896
179637219,1,1,0.003401360544217687,expanded_target_project,not_in_dbms_metadata,unavailable,0.9820829795501317
180226750,1,1,0.003401360544217687,expanded_target_project,not_in_dbms_metadata,unavailable,0.9820901751406738
18030517,1,1,0.003401360544217687,expanded_target_project,not_in_dbms_metadata,unavailable,0.982097370731216
180414458,1,1,0.003401360544217687,expanded_target_project,not_in_dbms_metadata,unavailable,0.982104566321758
180481986,1,1,0.003401360544217687,expanded_target_project,not_in_dbms_metadata,unavailable,0.9821117619123001
1807659,1,1,0.003401360544217687,expanded_target_project,not_in_dbms_metadata,unavailable,0.9821189575028423
18097275,1,1,0.003401360544217687,expanded_target_project,not_in_dbms_metadata,unavailable,0.9821261530933844
181624025,1,1,0.003401360544217687,expanded_target_project,not_in_dbms_metadata,unavailable,0.9821333486839265
181715383,1,1,0.003401360544217687,expanded_target_project,not_in_dbms_metadata,unavailable,0.9821405442744686
181939935,1,1,0.003401360544217687,expanded_target_project,not_in_dbms_metadata,unavailable,0.9821477398650107
182145736,1,1,0.003401360544217687,expanded_target_project,not_in_dbms_metadata,unavailable,0.9821549354555529
183126028,1,1,0.003401360544217687,expanded_target_project,not_in_dbms_metadata,unavailable,0.982162131046095
18320947,1,1,0.003401360544217687,expanded_target_project,not_in_dbms_metadata,unavailable,0.982169326636637
183302822,1,1,0.003401360544217687,expanded_target_project,not_in_dbms_metadata,unavailable,0.9821765222271792
183365721,1,1,0.003401360544217687,expanded_target_project,not_in_dbms_metadata,unavailable,0.9821837178177213
183559023,1,1,0.003401360544217687,expanded_target_project,not_in_dbms_metadata,unavailable,0.9821909134082634
184304089,1,1,0.003401360544217687,expanded_target_project,not_in_dbms_metadata,unavailable,0.9821981089988056
184312964,1,1,0.003401360544217687,expanded_target_project,not_in_dbms_metadata,unavailable,0.9822053045893476
184460,1,1,0.003401360544217687,expanded_target_project,not_in_dbms_metadata,unavailable,0.9822125001798898
184484074,1,1,0.003401360544217687,expanded_target_project,not_in_dbms_metadata,unavailable,0.9822196957704319
184654298,1,1,0.003401360544217687,expanded_target_project,not_in_dbms_metadata,unavailable,0.982226891360974
184734634,1,1,0.003401360544217687,expanded_target_project,not_in_dbms_metadata,unavailable,0.9822340869515161
184792968,1,1,0.003401360544217687,expanded_target_project,not_in_dbms_metadata,unavailable,0.9822412825420582
18492045,1,1,0.003401360544217687,expanded_target_project,not_in_dbms_metadata,unavailable,0.9822484781326003
184955020,1,1,0.003401360544217687,expanded_target_project,not_in_dbms_metadata,unavailable,0.9822556737231425
18506893,1,1,0.003401360544217687,expanded_target_project,not_in_dbms_metadata,unavailable,0.9822628693136846
185478926,1,1,0.003401360544217687,expanded_target_project,not_in_dbms_metadata,unavailable,0.9822700649042266
185651869,1,1,0.003401360544217687,expanded_target_project,not_in_dbms_metadata,unavailable,0.9822772604947688
186904487,1,1,0.003401360544217687,expanded_target_project,not_in_dbms_metadata,unavailable,0.9822844560853109
187042471,1,1,0.003401360544217687,expanded_target_project,not_in_dbms_metadata,unavailable,0.9822916516758531
187113923,1,1,0.003401360544217687,expanded_target_project,not_in_dbms_metadata,unavailable,0.9822988472663952
18712703,1,1,0.003401360544217687,expanded_target_project,not_in_dbms_metadata,unavailable,0.9823060428569372
187231162,1,1,0.003401360544217687,expanded_target_project,not_in_dbms_metadata,unavailable,0.9823132384474794
187694683,1,1,0.003401360544217687,expanded_target_project,not_in_dbms_metadata,unavailable,0.9823204340380215
187847963,1,1,0.003401360544217687,expanded_target_project,not_in_dbms_metadata,unavailable,0.9823276296285636
187879115,1,1,0.003401360544217687,expanded_target_project,not_in_dbms_metadata,unavailable,0.9823348252191058
1885237,1,1,0.003401360544217687,expanded_target_project,not_in_dbms_metadata,unavailable,0.9823420208096478
188779637,1,1,0.003401360544217687,expanded_target_project,not_in_dbms_metadata,unavailable,0.98234921640019
188811692,1,1,0.003401360544217687,expanded_target_project,not_in_dbms_metadata,unavailable,0.9823564119907321
188828946,1,1,0.003401360544217687,expanded_target_project,not_in_dbms_metadata,unavailable,0.9823636075812742
188836864,1,1,0.003401360544217687,expanded_target_project,not_in_dbms_metadata,unavailable,0.9823708031718164
18893367,1,1,0.003401360544217687,expanded_target_project,not_in_dbms_metadata,unavailable,0.9823779987623584
189044704,1,1,0.003401360544217687,expanded_target_project,not_in_dbms_metadata,unavailable,0.9823851943529005
189447606,1,1,0.003401360544217687,expanded_target_project,not_in_dbms_metadata,unavailable,0.9823923899434427
190051296,1,1,0.003401360544217687,expanded_target_project,not_in_dbms_metadata,unavailable,0.9823995855339848
19016985,1,1,0.003401360544217687,expanded_target_project,not_in_dbms_metadata,unavailable,0.9824067811245268
190198180,1,1,0.003401360544217687,expanded_target_project,not_in_dbms_metadata,unavailable,0.982413976715069
19030037,1,1,0.003401360544217687,expanded_target_project,not_in_dbms_metadata,unavailable,0.9824211723056111
190478838,1,1,0.003401360544217687,expanded_target_project,not_in_dbms_metadata,unavailable,0.9824283678961533
19101720,1,1,0.003401360544217687,expanded_target_project,not_in_dbms_metadata,unavailable,0.9824355634866954
191249232,1,1,0.003401360544217687,expanded_target_project,not_in_dbms_metadata,unavailable,0.9824427590772374
19128505,1,1,0.003401360544217687,expanded_target_project,not_in_dbms_metadata,unavailable,0.9824499546677796
191779319,1,1,0.003401360544217687,expanded_target_project,not_in_dbms_metadata,unavailable,0.9824571502583217
191880399,1,1,0.003401360544217687,expanded_target_project,not_in_dbms_metadata,unavailable,0.9824643458488638
191937949,1,1,0.003401360544217687,expanded_target_project,not_in_dbms_metadata,unavailable,0.982471541439406
191973776,1,1,0.003401360544217687,expanded_target_project,not_in_dbms_metadata,unavailable,0.982478737029948
192366753,1,1,0.003401360544217687,expanded_target_project,not_in_dbms_metadata,unavailable,0.9824859326204901
192587835,1,1,0.003401360544217687,expanded_target_project,not_in_dbms_metadata,unavailable,0.9824931282110323
192689401,1,1,0.003401360544217687,expanded_target_project,not_in_dbms_metadata,unavailable,0.9825003238015744
192768713,1,1,0.003401360544217687,expanded_target_project,not_in_dbms_metadata,unavailable,0.9825075193921166
192805335,1,1,0.003401360544217687,expanded_target_project,not_in_dbms_metadata,unavailable,0.9825147149826586
193056466,1,1,0.003401360544217687,expanded_target_project,not_in_dbms_metadata,unavailable,0.9825219105732007
1931356,1,1,0.003401360544217687,expanded_target_project,not_in_dbms_metadata,unavailable,0.9825291061637429
193156399,1,1,0.003401360544217687,expanded_target_project,not_in_dbms_metadata,unavailable,0.982536301754285
193215554,1,1,0.003401360544217687,expanded_target_project,not_in_dbms_metadata,unavailable,0.982543497344827
193929371,1,1,0.003401360544217687,expanded_target_project,not_in_dbms_metadata,unavailable,0.9825506929353692
194617274,1,1,0.003401360544217687,expanded_target_project,not_in_dbms_metadata,unavailable,0.9825578885259113
194829679,1,1,0.003401360544217687,expanded_target_project,not_in_dbms_metadata,unavailable,0.9825650841164535
195088274,1,1,0.003401360544217687,expanded_target_project,not_in_dbms_metadata,unavailable,0.9825722797069956
19512853,1,1,0.003401360544217687,expanded_target_project,not_in_dbms_metadata,unavailable,0.9825794752975376
195619075,1,1,0.003401360544217687,seed_project,Vector,seed_manifest,0.9825866708880798
196358205,1,1,0.003401360544217687,expanded_target_project,not_in_dbms_metadata,unavailable,0.9825938664786219
196629842,1,1,0.003401360544217687,expanded_target_project,not_in_dbms_metadata,unavailable,0.982601062069164
196639786,1,1,0.003401360544217687,expanded_target_project,not_in_dbms_metadata,unavailable,0.9826082576597062
196758769,1,1,0.003401360544217687,expanded_target_project,not_in_dbms_metadata,unavailable,0.9826154532502482
19689699,1,1,0.003401360544217687,expanded_target_project,not_in_dbms_metadata,unavailable,0.9826226488407903
197220033,1,1,0.003401360544217687,expanded_target_project,not_in_dbms_metadata,unavailable,0.9826298444313325
197281609,1,1,0.003401360544217687,expanded_target_project,not_in_dbms_metadata,unavailable,0.9826370400218746
197299111,1,1,0.003401360544217687,expanded_target_project,not_in_dbms_metadata,unavailable,0.9826442356124168
197367072,1,1,0.003401360544217687,expanded_target_project,not_in_dbms_metadata,unavailable,0.9826514312029588
19746601,1,1,0.003401360544217687,expanded_target_project,not_in_dbms_metadata,unavailable,0.9826586267935009
197709259,1,1,0.003401360544217687,expanded_target_project,not_in_dbms_metadata,unavailable,0.9826658223840431
197730309,1,1,0.003401360544217687,expanded_target_project,not_in_dbms_metadata,unavailable,0.9826730179745852
198009353,1,1,0.003401360544217687,expanded_target_project,not_in_dbms_metadata,unavailable,0.9826802135651272
1983092,1,1,0.003401360544217687,expanded_target_project,not_in_dbms_metadata,unavailable,0.9826874091556694
198466472,1,1,0.003401360544217687,seed_project,"Graph,Document,RDF",seed_manifest,0.9826946047462115
198484780,1,1,0.003401360544217687,expanded_target_project,not_in_dbms_metadata,unavailable,0.9827018003367536
198802259,1,1,0.003401360544217687,expanded_target_project,not_in_dbms_metadata,unavailable,0.9827089959272958
199041238,1,1,0.003401360544217687,expanded_target_project,not_in_dbms_metadata,unavailable,0.9827161915178378
199060308,1,1,0.003401360544217687,expanded_target_project,not_in_dbms_metadata,unavailable,0.98272338710838
1993762,1,1,0.003401360544217687,expanded_target_project,not_in_dbms_metadata,unavailable,0.9827305826989221
199398069,1,1,0.003401360544217687,expanded_target_project,not_in_dbms_metadata,unavailable,0.9827377782894642
199488860,1,1,0.003401360544217687,expanded_target_project,not_in_dbms_metadata,unavailable,0.9827449738800064
199703788,1,1,0.003401360544217687,expanded_target_project,not_in_dbms_metadata,unavailable,0.9827521694705484
19975250,1,1,0.003401360544217687,expanded_target_project,not_in_dbms_metadata,unavailable,0.9827593650610905
199813084,1,1,0.003401360544217687,expanded_target_project,not_in_dbms_metadata,unavailable,0.9827665606516327
199863976,1,1,0.003401360544217687,expanded_target_project,not_in_dbms_metadata,unavailable,0.9827737562421748
199940050,1,1,0.003401360544217687,expanded_target_project,not_in_dbms_metadata,unavailable,0.982780951832717
199997323,1,1,0.003401360544217687,expanded_target_project,not_in_dbms_metadata,unavailable,0.982788147423259
200030123,1,1,0.003401360544217687,expanded_target_project,not_in_dbms_metadata,unavailable,0.9827953430138011
20015974,1,1,0.003401360544217687,expanded_target_project,not_in_dbms_metadata,unavailable,0.9828025386043433
200259335,1,1,0.003401360544217687,expanded_target_project,not_in_dbms_metadata,unavailable,0.9828097341948854
200271950,1,1,0.003401360544217687,expanded_target_project,not_in_dbms_metadata,unavailable,0.9828169297854275
20031333,1,1,0.003401360544217687,expanded_target_project,not_in_dbms_metadata,unavailable,0.9828241253759696
200346067,1,1,0.003401360544217687,expanded_target_project,not_in_dbms_metadata,unavailable,0.9828313209665117
2003641,1,1,0.003401360544217687,expanded_target_project,not_in_dbms_metadata,unavailable,0.9828385165570538
200458979,1,1,0.003401360544217687,expanded_target_project,not_in_dbms_metadata,unavailable,0.982845712147596
20072342,1,1,0.003401360544217687,expanded_target_project,not_in_dbms_metadata,unavailable,0.982852907738138
20101515,1,1,0.003401360544217687,expanded_target_project,not_in_dbms_metadata,unavailable,0.9828601033286802
201118306,1,1,0.003401360544217687,expanded_target_project,not_in_dbms_metadata,unavailable,0.9828672989192223
201284004,1,1,0.003401360544217687,expanded_target_project,not_in_dbms_metadata,unavailable,0.9828744945097644
201975309,1,1,0.003401360544217687,expanded_target_project,not_in_dbms_metadata,unavailable,0.9828816901003066
202061775,1,1,0.003401360544217687,expanded_target_project,not_in_dbms_metadata,unavailable,0.9828888856908486
20236160,1,1,0.003401360544217687,expanded_target_project,not_in_dbms_metadata,unavailable,0.9828960812813907
20245398,1,1,0.003401360544217687,expanded_target_project,not_in_dbms_metadata,unavailable,0.9829032768719329
20248084,1,1,0.003401360544217687,expanded_target_project,not_in_dbms_metadata,unavailable,0.982910472462475
202769902,1,1,0.003401360544217687,expanded_target_project,not_in_dbms_metadata,unavailable,0.9829176680530171
202936427,1,1,0.003401360544217687,expanded_target_project,not_in_dbms_metadata,unavailable,0.9829248636435592
203150729,1,1,0.003401360544217687,expanded_target_project,not_in_dbms_metadata,unavailable,0.9829320592341013
203259544,1,1,0.003401360544217687,expanded_target_project,not_in_dbms_metadata,unavailable,0.9829392548246435
203267660,1,1,0.003401360544217687,expanded_target_project,not_in_dbms_metadata,unavailable,0.9829464504151856
203410297,1,1,0.003401360544217687,expanded_target_project,not_in_dbms_metadata,unavailable,0.9829536460057277
203461790,1,1,0.003401360544217687,expanded_target_project,not_in_dbms_metadata,unavailable,0.9829608415962698
203553224,1,1,0.003401360544217687,expanded_target_project,not_in_dbms_metadata,unavailable,0.9829680371868119
203589409,1,1,0.003401360544217687,expanded_target_project,not_in_dbms_metadata,unavailable,0.982975232777354
203863933,1,1,0.003401360544217687,expanded_target_project,not_in_dbms_metadata,unavailable,0.9829824283678962
204086862,1,1,0.003401360544217687,expanded_target_project,not_in_dbms_metadata,unavailable,0.9829896239584383
20415251,1,1,0.003401360544217687,expanded_target_project,not_in_dbms_metadata,unavailable,0.9829968195489804
204253808,1,1,0.003401360544217687,expanded_target_project,not_in_dbms_metadata,unavailable,0.9830040151395225
204513717,1,1,0.003401360544217687,expanded_target_project,not_in_dbms_metadata,unavailable,0.9830112107300646
204553191,1,1,0.003401360544217687,expanded_target_project,not_in_dbms_metadata,unavailable,0.9830184063206068
204593825,1,1,0.003401360544217687,expanded_target_project,not_in_dbms_metadata,unavailable,0.9830256019111488
204631624,1,1,0.003401360544217687,expanded_target_project,not_in_dbms_metadata,unavailable,0.9830327975016909
204949228,1,1,0.003401360544217687,expanded_target_project,not_in_dbms_metadata,unavailable,0.9830399930922331
204949916,1,1,0.003401360544217687,expanded_target_project,not_in_dbms_metadata,unavailable,0.9830471886827752
2055965,1,1,0.003401360544217687,expanded_target_project,not_in_dbms_metadata,unavailable,0.9830543842733173
20570214,1,1,0.003401360544217687,expanded_target_project,not_in_dbms_metadata,unavailable,0.9830615798638594
205870847,1,1,0.003401360544217687,expanded_target_project,not_in_dbms_metadata,unavailable,0.9830687754544015
206337472,1,1,0.003401360544217687,expanded_target_project,not_in_dbms_metadata,unavailable,0.9830759710449437
206398,1,1,0.003401360544217687,expanded_target_project,not_in_dbms_metadata,unavailable,0.9830831666354858
20647396,1,1,0.003401360544217687,expanded_target_project,not_in_dbms_metadata,unavailable,0.9830903622260279
206632,1,1,0.003401360544217687,expanded_target_project,not_in_dbms_metadata,unavailable,0.98309755781657
206917262,1,1,0.003401360544217687,expanded_target_project,not_in_dbms_metadata,unavailable,0.9831047534071121
206917473,1,1,0.003401360544217687,expanded_target_project,not_in_dbms_metadata,unavailable,0.9831119489976542
207363466,1,1,0.003401360544217687,expanded_target_project,not_in_dbms_metadata,unavailable,0.9831191445881964
2074703,1,1,0.003401360544217687,expanded_target_project,not_in_dbms_metadata,unavailable,0.9831263401787385
207585477,1,1,0.003401360544217687,expanded_target_project,not_in_dbms_metadata,unavailable,0.9831335357692805
208243336,1,1,0.003401360544217687,expanded_target_project,not_in_dbms_metadata,unavailable,0.9831407313598227
20831114,1,1,0.003401360544217687,expanded_target_project,not_in_dbms_metadata,unavailable,0.9831479269503648
208509888,1,1,0.003401360544217687,expanded_target_project,not_in_dbms_metadata,unavailable,0.983155122540907
208795891,1,1,0.003401360544217687,expanded_target_project,not_in_dbms_metadata,unavailable,0.983162318131449
209013801,1,1,0.003401360544217687,expanded_target_project,not_in_dbms_metadata,unavailable,0.9831695137219911
209101661,1,1,0.003401360544217687,expanded_target_project,not_in_dbms_metadata,unavailable,0.9831767093125333
209491653,1,1,0.003401360544217687,expanded_target_project,not_in_dbms_metadata,unavailable,0.9831839049030754
209600930,1,1,0.003401360544217687,expanded_target_project,not_in_dbms_metadata,unavailable,0.9831911004936175
209657662,1,1,0.003401360544217687,expanded_target_project,not_in_dbms_metadata,unavailable,0.9831982960841597
21052744,1,1,0.003401360544217687,expanded_target_project,not_in_dbms_metadata,unavailable,0.9832054916747017
210583017,1,1,0.003401360544217687,expanded_target_project,not_in_dbms_metadata,unavailable,0.9832126872652439
2112962,1,1,0.003401360544217687,expanded_target_project,not_in_dbms_metadata,unavailable,0.983219882855786
211340922,1,1,0.003401360544217687,expanded_target_project,not_in_dbms_metadata,unavailable,0.9832270784463281
211494818,1,1,0.003401360544217687,expanded_target_project,not_in_dbms_metadata,unavailable,0.9832342740368702
212378409,1,1,0.003401360544217687,expanded_target_project,not_in_dbms_metadata,unavailable,0.9832414696274123
212382406,1,1,0.003401360544217687,expanded_target_project,not_in_dbms_metadata,unavailable,0.9832486652179544
212459447,1,1,0.003401360544217687,expanded_target_project,not_in_dbms_metadata,unavailable,0.9832558608084966
212709818,1,1,0.003401360544217687,expanded_target_project,not_in_dbms_metadata,unavailable,0.9832630563990387
212786426,1,1,0.003401360544217687,expanded_target_project,not_in_dbms_metadata,unavailable,0.9832702519895807
212984760,1,1,0.003401360544217687,expanded_target_project,not_in_dbms_metadata,unavailable,0.9832774475801229
2134191,1,1,0.003401360544217687,expanded_target_project,not_in_dbms_metadata,unavailable,0.983284643170665
213449445,1,1,0.003401360544217687,expanded_target_project,not_in_dbms_metadata,unavailable,0.9832918387612072
213701835,1,1,0.003401360544217687,expanded_target_project,not_in_dbms_metadata,unavailable,0.9832990343517493
213717832,1,1,0.003401360544217687,expanded_target_project,not_in_dbms_metadata,unavailable,0.9833062299422913
213793403,1,1,0.003401360544217687,expanded_target_project,not_in_dbms_metadata,unavailable,0.9833134255328335
213852395,1,1,0.003401360544217687,expanded_target_project,not_in_dbms_metadata,unavailable,0.9833206211233756
214273093,1,1,0.003401360544217687,expanded_target_project,not_in_dbms_metadata,unavailable,0.9833278167139177
214913183,1,1,0.003401360544217687,expanded_target_project,not_in_dbms_metadata,unavailable,0.9833350123044599
214996328,1,1,0.003401360544217687,expanded_target_project,not_in_dbms_metadata,unavailable,0.9833422078950019
215532341,1,1,0.003401360544217687,expanded_target_project,Document,dbms_metadata,0.983349403485544
215638242,1,1,0.003401360544217687,expanded_target_project,not_in_dbms_metadata,unavailable,0.9833565990760862
215875945,1,1,0.003401360544217687,expanded_target_project,not_in_dbms_metadata,unavailable,0.9833637946666283
216143574,1,1,0.003401360544217687,expanded_target_project,not_in_dbms_metadata,unavailable,0.9833709902571705
216207542,1,1,0.003401360544217687,expanded_target_project,not_in_dbms_metadata,unavailable,0.9833781858477125
21686666,1,1,0.003401360544217687,expanded_target_project,not_in_dbms_metadata,unavailable,0.9833853814382546
21704134,1,1,0.003401360544217687,expanded_target_project,not_in_dbms_metadata,unavailable,0.9833925770287968
217067290,1,1,0.003401360544217687,expanded_target_project,not_in_dbms_metadata,unavailable,0.9833997726193389
21708091,1,1,0.003401360544217687,expanded_target_project,not_in_dbms_metadata,unavailable,0.9834069682098809
21708754,1,1,0.003401360544217687,expanded_target_project,not_in_dbms_metadata,unavailable,0.9834141638004231
217354397,1,1,0.003401360544217687,expanded_target_project,not_in_dbms_metadata,unavailable,0.9834213593909652
217627454,1,1,0.003401360544217687,expanded_target_project,not_in_dbms_metadata,unavailable,0.9834285549815074
21772838,1,1,0.003401360544217687,expanded_target_project,not_in_dbms_metadata,unavailable,0.9834357505720495
218006898,1,1,0.003401360544217687,expanded_target_project,not_in_dbms_metadata,unavailable,0.9834429461625915
218158416,1,1,0.003401360544217687,expanded_target_project,not_in_dbms_metadata,unavailable,0.9834501417531337
218629347,1,1,0.003401360544217687,expanded_target_project,not_in_dbms_metadata,unavailable,0.9834573373436758
218852626,1,1,0.003401360544217687,expanded_target_project,not_in_dbms_metadata,unavailable,0.9834645329342179
219035799,1,1,0.003401360544217687,expanded_target_project,not_in_dbms_metadata,unavailable,0.9834717285247601
219505677,1,1,0.003401360544217687,expanded_target_project,not_in_dbms_metadata,unavailable,0.9834789241153021
219915319,1,1,0.003401360544217687,expanded_target_project,not_in_dbms_metadata,unavailable,0.9834861197058442
220177733,1,1,0.003401360544217687,expanded_target_project,not_in_dbms_metadata,unavailable,0.9834933152963864
22017842,1,1,0.003401360544217687,expanded_target_project,not_in_dbms_metadata,unavailable,0.9835005108869285
220186120,1,1,0.003401360544217687,seed_project,Key-value,seed_manifest,0.9835077064774707
220778874,1,1,0.003401360544217687,expanded_target_project,not_in_dbms_metadata,unavailable,0.9835149020680127
221407234,1,1,0.003401360544217687,expanded_target_project,not_in_dbms_metadata,unavailable,0.9835220976585548
221574203,1,1,0.003401360544217687,expanded_target_project,not_in_dbms_metadata,unavailable,0.983529293249097
221584272,1,1,0.003401360544217687,expanded_target_project,not_in_dbms_metadata,unavailable,0.9835364888396391
221600181,1,1,0.003401360544217687,expanded_target_project,not_in_dbms_metadata,unavailable,0.9835436844301811
221787679,1,1,0.003401360544217687,expanded_target_project,not_in_dbms_metadata,unavailable,0.9835508800207233
221989665,1,1,0.003401360544217687,expanded_target_project,not_in_dbms_metadata,unavailable,0.9835580756112654
222023566,1,1,0.003401360544217687,expanded_target_project,not_in_dbms_metadata,unavailable,0.9835652712018075
222501873,1,1,0.003401360544217687,expanded_target_project,not_in_dbms_metadata,unavailable,0.9835724667923497
223268020,1,1,0.003401360544217687,expanded_target_project,not_in_dbms_metadata,unavailable,0.9835796623828917
223420284,1,1,0.003401360544217687,expanded_target_project,not_in_dbms_metadata,unavailable,0.9835868579734339
22374529,1,1,0.003401360544217687,expanded_target_project,not_in_dbms_metadata,unavailable,0.983594053563976
223794069,1,1,0.003401360544217687,expanded_target_project,not_in_dbms_metadata,unavailable,0.9836012491545181
22442659,1,1,0.003401360544217687,expanded_target_project,not_in_dbms_metadata,unavailable,0.9836084447450603
224674233,1,1,0.003401360544217687,expanded_target_project,not_in_dbms_metadata,unavailable,0.9836156403356023
22479136,1,1,0.003401360544217687,expanded_target_project,not_in_dbms_metadata,unavailable,0.9836228359261444
22558387,1,1,0.003401360544217687,expanded_target_project,not_in_dbms_metadata,unavailable,0.9836300315166866
225885766,1,1,0.003401360544217687,expanded_target_project,not_in_dbms_metadata,unavailable,0.9836372271072287
22608597,1,1,0.003401360544217687,expanded_target_project,not_in_dbms_metadata,unavailable,0.9836444226977709
226151984,1,1,0.003401360544217687,expanded_target_project,not_in_dbms_metadata,unavailable,0.9836516182883129
226167176,1,1,0.003401360544217687,expanded_target_project,not_in_dbms_metadata,unavailable,0.983658813878855
22660515,1,1,0.003401360544217687,expanded_target_project,not_in_dbms_metadata,unavailable,0.9836660094693972
226724438,1,1,0.003401360544217687,expanded_target_project,not_in_dbms_metadata,unavailable,0.9836732050599393
226992639,1,1,0.003401360544217687,expanded_target_project,not_in_dbms_metadata,unavailable,0.9836804006504813
227300707,1,1,0.003401360544217687,expanded_target_project,not_in_dbms_metadata,unavailable,0.9836875962410235
227460322,1,1,0.003401360544217687,expanded_target_project,not_in_dbms_metadata,unavailable,0.9836947918315656
227465592,1,1,0.003401360544217687,expanded_target_project,not_in_dbms_metadata,unavailable,0.9837019874221077
228390865,1,1,0.003401360544217687,expanded_target_project,not_in_dbms_metadata,unavailable,0.9837091830126499
228435476,1,1,0.003401360544217687,expanded_target_project,not_in_dbms_metadata,unavailable,0.9837163786031919
228829544,1,1,0.003401360544217687,expanded_target_project,not_in_dbms_metadata,unavailable,0.9837235741937341
228925870,1,1,0.003401360544217687,expanded_target_project,not_in_dbms_metadata,unavailable,0.9837307697842762
229011395,1,1,0.003401360544217687,expanded_target_project,not_in_dbms_metadata,unavailable,0.9837379653748183
229030654,1,1,0.003401360544217687,expanded_target_project,not_in_dbms_metadata,unavailable,0.9837451609653605
229315360,1,1,0.003401360544217687,expanded_target_project,not_in_dbms_metadata,unavailable,0.9837523565559025
22959046,1,1,0.003401360544217687,expanded_target_project,not_in_dbms_metadata,unavailable,0.9837595521464446
229959677,1,1,0.003401360544217687,expanded_target_project,not_in_dbms_metadata,unavailable,0.9837667477369868
230219297,1,1,0.003401360544217687,expanded_target_project,not_in_dbms_metadata,unavailable,0.9837739433275289
230737113,1,1,0.003401360544217687,expanded_target_project,not_in_dbms_metadata,unavailable,0.983781138918071
230993380,1,1,0.003401360544217687,expanded_target_project,not_in_dbms_metadata,unavailable,0.9837883345086131
231798478,1,1,0.003401360544217687,expanded_target_project,not_in_dbms_metadata,unavailable,0.9837955300991552
231824392,1,1,0.003401360544217687,expanded_target_project,not_in_dbms_metadata,unavailable,0.9838027256896974
232099133,1,1,0.003401360544217687,expanded_target_project,not_in_dbms_metadata,unavailable,0.9838099212802395
232160635,1,1,0.003401360544217687,expanded_target_project,not_in_dbms_metadata,unavailable,0.9838171168707815
23235250,1,1,0.003401360544217687,expanded_target_project,not_in_dbms_metadata,unavailable,0.9838243124613237
23254194,1,1,0.003401360544217687,expanded_target_project,not_in_dbms_metadata,unavailable,0.9838315080518658
23277480,1,1,0.003401360544217687,expanded_target_project,not_in_dbms_metadata,unavailable,0.9838387036424079
23335281,1,1,0.003401360544217687,expanded_target_project,not_in_dbms_metadata,unavailable,0.9838458992329501
233563057,1,1,0.003401360544217687,expanded_target_project,not_in_dbms_metadata,unavailable,0.9838530948234921
23368445,1,1,0.003401360544217687,expanded_target_project,not_in_dbms_metadata,unavailable,0.9838602904140343
233938764,1,1,0.003401360544217687,expanded_target_project,not_in_dbms_metadata,unavailable,0.9838674860045764
2339555,1,1,0.003401360544217687,expanded_target_project,not_in_dbms_metadata,unavailable,0.9838746815951185
233984636,1,1,0.003401360544217687,expanded_target_project,not_in_dbms_metadata,unavailable,0.9838818771856607
234167893,1,1,0.003401360544217687,expanded_target_project,not_in_dbms_metadata,unavailable,0.9838890727762027
234270760,1,1,0.003401360544217687,expanded_target_project,not_in_dbms_metadata,unavailable,0.9838962683667448
234727608,1,1,0.003401360544217687,expanded_target_project,not_in_dbms_metadata,unavailable,0.983903463957287
234798675,1,1,0.003401360544217687,expanded_target_project,not_in_dbms_metadata,unavailable,0.9839106595478291
234890761,1,1,0.003401360544217687,expanded_target_project,not_in_dbms_metadata,unavailable,0.9839178551383712
23496893,1,1,0.003401360544217687,expanded_target_project,not_in_dbms_metadata,unavailable,0.9839250507289133
235590808,1,1,0.003401360544217687,expanded_target_project,not_in_dbms_metadata,unavailable,0.9839322463194554
235638810,1,1,0.003401360544217687,expanded_target_project,not_in_dbms_metadata,unavailable,0.9839394419099976
23572616,1,1,0.003401360544217687,expanded_target_project,not_in_dbms_metadata,unavailable,0.9839466375005397
2358108,1,1,0.003401360544217687,expanded_target_project,not_in_dbms_metadata,unavailable,0.9839538330910818
235822784,1,1,0.003401360544217687,expanded_target_project,not_in_dbms_metadata,unavailable,0.9839610286816239
235860204,1,1,0.003401360544217687,expanded_target_project,not_in_dbms_metadata,unavailable,0.983968224272166
2365549,1,1,0.003401360544217687,expanded_target_project,not_in_dbms_metadata,unavailable,0.9839754198627081
236570305,1,1,0.003401360544217687,expanded_target_project,not_in_dbms_metadata,unavailable,0.9839826154532503
23670203,1,1,0.003401360544217687,expanded_target_project,not_in_dbms_metadata,unavailable,0.9839898110437924
236828515,1,1,0.003401360544217687,expanded_target_project,not_in_dbms_metadata,unavailable,0.9839970066343344
237402828,1,1,0.003401360544217687,expanded_target_project,not_in_dbms_metadata,unavailable,0.9840042022248766
237409088,1,1,0.003401360544217687,expanded_target_project,not_in_dbms_metadata,unavailable,0.9840113978154187
237523442,1,1,0.003401360544217687,expanded_target_project,not_in_dbms_metadata,unavailable,0.9840185934059609
237707489,1,1,0.003401360544217687,expanded_target_project,not_in_dbms_metadata,unavailable,0.984025788996503
23797421,1,1,0.003401360544217687,expanded_target_project,not_in_dbms_metadata,unavailable,0.984032984587045
2383782,1,1,0.003401360544217687,expanded_target_project,not_in_dbms_metadata,unavailable,0.9840401801775872
238683847,1,1,0.003401360544217687,expanded_target_project,not_in_dbms_metadata,unavailable,0.9840473757681293
239253118,1,1,0.003401360544217687,expanded_target_project,not_in_dbms_metadata,unavailable,0.9840545713586714
239381576,1,1,0.003401360544217687,expanded_target_project,not_in_dbms_metadata,unavailable,0.9840617669492135
239416281,1,1,0.003401360544217687,expanded_target_project,not_in_dbms_metadata,unavailable,0.9840689625397556
239770490,1,1,0.003401360544217687,expanded_target_project,not_in_dbms_metadata,unavailable,0.9840761581302978
239781275,1,1,0.003401360544217687,expanded_target_project,not_in_dbms_metadata,unavailable,0.9840833537208399
2401217,1,1,0.003401360544217687,expanded_target_project,not_in_dbms_metadata,unavailable,0.984090549311382
240215314,1,1,0.003401360544217687,expanded_target_project,not_in_dbms_metadata,unavailable,0.9840977449019241
240328897,1,1,0.003401360544217687,expanded_target_project,not_in_dbms_metadata,unavailable,0.9841049404924662
240543078,1,1,0.003401360544217687,expanded_target_project,not_in_dbms_metadata,unavailable,0.9841121360830083
240912221,1,1,0.003401360544217687,expanded_target_project,not_in_dbms_metadata,unavailable,0.9841193316735505
240949621,1,1,0.003401360544217687,expanded_target_project,not_in_dbms_metadata,unavailable,0.9841265272640926
240971435,1,1,0.003401360544217687,expanded_target_project,not_in_dbms_metadata,unavailable,0.9841337228546346
241163393,1,1,0.003401360544217687,expanded_target_project,not_in_dbms_metadata,unavailable,0.9841409184451768
241506979,1,1,0.003401360544217687,expanded_target_project,not_in_dbms_metadata,unavailable,0.9841481140357189
241853427,1,1,0.003401360544217687,expanded_target_project,not_in_dbms_metadata,unavailable,0.9841553096262611
242094505,1,1,0.003401360544217687,expanded_target_project,not_in_dbms_metadata,unavailable,0.9841625052168032
242581770,1,1,0.003401360544217687,expanded_target_project,not_in_dbms_metadata,unavailable,0.9841697008073452
242765280,1,1,0.003401360544217687,expanded_target_project,not_in_dbms_metadata,unavailable,0.9841768963978874
242776849,1,1,0.003401360544217687,expanded_target_project,Key-value,dbms_metadata,0.9841840919884295
242856167,1,1,0.003401360544217687,expanded_target_project,not_in_dbms_metadata,unavailable,0.9841912875789716
24349832,1,1,0.003401360544217687,expanded_target_project,not_in_dbms_metadata,unavailable,0.9841984831695137
243538828,1,1,0.003401360544217687,expanded_target_project,not_in_dbms_metadata,unavailable,0.9842056787600558
243668393,1,1,0.003401360544217687,expanded_target_project,not_in_dbms_metadata,unavailable,0.9842128743505979
243808437,1,1,0.003401360544217687,expanded_target_project,not_in_dbms_metadata,unavailable,0.9842200699411401
24385451,1,1,0.003401360544217687,expanded_target_project,not_in_dbms_metadata,unavailable,0.9842272655316822
2441517,1,1,0.003401360544217687,expanded_target_project,not_in_dbms_metadata,unavailable,0.9842344611222243
244514240,1,1,0.003401360544217687,expanded_target_project,not_in_dbms_metadata,unavailable,0.9842416567127664
246133980,1,1,0.003401360544217687,expanded_target_project,not_in_dbms_metadata,unavailable,0.9842488523033085
246338488,1,1,0.003401360544217687,expanded_target_project,not_in_dbms_metadata,unavailable,0.9842560478938507
24693026,1,1,0.003401360544217687,expanded_target_project,not_in_dbms_metadata,unavailable,0.9842632434843928
247111689,1,1,0.003401360544217687,expanded_target_project,not_in_dbms_metadata,unavailable,0.9842704390749348
247399816,1,1,0.003401360544217687,expanded_target_project,not_in_dbms_metadata,unavailable,0.984277634665477
247430773,1,1,0.003401360544217687,expanded_target_project,not_in_dbms_metadata,unavailable,0.9842848302560191
247587757,1,1,0.003401360544217687,expanded_target_project,not_in_dbms_metadata,unavailable,0.9842920258465613
247590545,1,1,0.003401360544217687,expanded_target_project,not_in_dbms_metadata,unavailable,0.9842992214371034
2476162,1,1,0.003401360544217687,expanded_target_project,not_in_dbms_metadata,unavailable,0.9843064170276454
24806180,1,1,0.003401360544217687,expanded_target_project,not_in_dbms_metadata,unavailable,0.9843136126181876
2484785,1,1,0.003401360544217687,expanded_target_project,not_in_dbms_metadata,unavailable,0.9843208082087297
2489216,1,1,0.003401360544217687,expanded_target_project,not_in_dbms_metadata,unavailable,0.9843280037992718
24894902,1,1,0.003401360544217687,expanded_target_project,not_in_dbms_metadata,unavailable,0.984335199389814
249152133,1,1,0.003401360544217687,expanded_target_project,not_in_dbms_metadata,unavailable,0.984342394980356
249722766,1,1,0.003401360544217687,expanded_target_project,not_in_dbms_metadata,unavailable,0.9843495905708981
24993138,1,1,0.003401360544217687,expanded_target_project,not_in_dbms_metadata,unavailable,0.9843567861614403
250110372,1,1,0.003401360544217687,expanded_target_project,not_in_dbms_metadata,unavailable,0.9843639817519824
250213286,1,1,0.003401360544217687,expanded_target_project,not_in_dbms_metadata,unavailable,0.9843711773425246
25026453,1,1,0.003401360544217687,expanded_target_project,not_in_dbms_metadata,unavailable,0.9843783729330666
250397925,1,1,0.003401360544217687,expanded_target_project,not_in_dbms_metadata,unavailable,0.9843855685236087
250552313,1,1,0.003401360544217687,expanded_target_project,not_in_dbms_metadata,unavailable,0.9843927641141509
250782700,1,1,0.003401360544217687,expanded_target_project,not_in_dbms_metadata,unavailable,0.984399959704693
251312202,1,1,0.003401360544217687,expanded_target_project,not_in_dbms_metadata,unavailable,0.984407155295235
251584398,1,1,0.003401360544217687,expanded_target_project,not_in_dbms_metadata,unavailable,0.9844143508857772
2516976,1,1,0.003401360544217687,expanded_target_project,not_in_dbms_metadata,unavailable,0.9844215464763193
25175723,1,1,0.003401360544217687,expanded_target_project,not_in_dbms_metadata,unavailable,0.9844287420668614
252325176,1,1,0.003401360544217687,expanded_target_project,not_in_dbms_metadata,unavailable,0.9844359376574036
252494861,1,1,0.003401360544217687,expanded_target_project,not_in_dbms_metadata,unavailable,0.9844431332479456
252523575,1,1,0.003401360544217687,expanded_target_project,not_in_dbms_metadata,unavailable,0.9844503288384878
252604066,1,1,0.003401360544217687,expanded_target_project,not_in_dbms_metadata,unavailable,0.9844575244290299
252649194,1,1,0.003401360544217687,expanded_target_project,not_in_dbms_metadata,unavailable,0.984464720019572
2529486,1,1,0.003401360544217687,expanded_target_project,not_in_dbms_metadata,unavailable,0.9844719156101142
25299152,1,1,0.003401360544217687,expanded_target_project,not_in_dbms_metadata,unavailable,0.9844791112006562
253103317,1,1,0.003401360544217687,expanded_target_project,not_in_dbms_metadata,unavailable,0.9844863067911983
253650720,1,1,0.003401360544217687,expanded_target_project,not_in_dbms_metadata,unavailable,0.9844935023817405
25372501,1,1,0.003401360544217687,expanded_target_project,not_in_dbms_metadata,unavailable,0.9845006979722826
254578428,1,1,0.003401360544217687,expanded_target_project,not_in_dbms_metadata,unavailable,0.9845078935628248
25459400,1,1,0.003401360544217687,expanded_target_project,not_in_dbms_metadata,unavailable,0.9845150891533668
254894997,1,1,0.003401360544217687,expanded_target_project,not_in_dbms_metadata,unavailable,0.9845222847439089
25494583,1,1,0.003401360544217687,expanded_target_project,not_in_dbms_metadata,unavailable,0.9845294803344511
255071936,1,1,0.003401360544217687,expanded_target_project,not_in_dbms_metadata,unavailable,0.9845366759249932
255086434,1,1,0.003401360544217687,expanded_target_project,not_in_dbms_metadata,unavailable,0.9845438715155352
25516648,1,1,0.003401360544217687,expanded_target_project,not_in_dbms_metadata,unavailable,0.9845510671060774
255551817,1,1,0.003401360544217687,expanded_target_project,not_in_dbms_metadata,unavailable,0.9845582626966195
255592249,1,1,0.003401360544217687,expanded_target_project,not_in_dbms_metadata,unavailable,0.9845654582871616
255983152,1,1,0.003401360544217687,expanded_target_project,not_in_dbms_metadata,unavailable,0.9845726538777038
256133315,1,1,0.003401360544217687,expanded_target_project,not_in_dbms_metadata,unavailable,0.9845798494682458
256256737,1,1,0.003401360544217687,expanded_target_project,not_in_dbms_metadata,unavailable,0.984587045058788
256328151,1,1,0.003401360544217687,expanded_target_project,not_in_dbms_metadata,unavailable,0.9845942406493301
2564522,1,1,0.003401360544217687,expanded_target_project,not_in_dbms_metadata,unavailable,0.9846014362398722
256534527,1,1,0.003401360544217687,expanded_target_project,not_in_dbms_metadata,unavailable,0.9846086318304144
256736474,1,1,0.003401360544217687,expanded_target_project,not_in_dbms_metadata,unavailable,0.9846158274209564
256942539,1,1,0.003401360544217687,expanded_target_project,not_in_dbms_metadata,unavailable,0.9846230230114985
257130655,1,1,0.003401360544217687,expanded_target_project,not_in_dbms_metadata,unavailable,0.9846302186020407
25720744,1,1,0.003401360544217687,expanded_target_project,not_in_dbms_metadata,unavailable,0.9846374141925828
257313499,1,1,0.003401360544217687,expanded_target_project,not_in_dbms_metadata,unavailable,0.9846446097831248
2575826,1,1,0.003401360544217687,expanded_target_project,not_in_dbms_metadata,unavailable,0.984651805373667
257703440,1,1,0.003401360544217687,expanded_target_project,not_in_dbms_metadata,unavailable,0.9846590009642091
2580768,1,1,0.003401360544217687,expanded_target_project,not_in_dbms_metadata,unavailable,0.9846661965547513
258271226,1,1,0.003401360544217687,expanded_target_project,not_in_dbms_metadata,unavailable,0.9846733921452934
258556027,1,1,0.003401360544217687,expanded_target_project,not_in_dbms_metadata,unavailable,0.9846805877358354
258713958,1,1,0.003401360544217687,expanded_target_project,not_in_dbms_metadata,unavailable,0.9846877833263776
25951358,1,1,0.003401360544217687,expanded_target_project,not_in_dbms_metadata,unavailable,0.9846949789169197
259710503,1,1,0.003401360544217687,expanded_target_project,not_in_dbms_metadata,unavailable,0.9847021745074618
259777710,1,1,0.003401360544217687,expanded_target_project,not_in_dbms_metadata,unavailable,0.984709370098004
26018608,1,1,0.003401360544217687,expanded_target_project,not_in_dbms_metadata,unavailable,0.984716565688546
260236126,1,1,0.003401360544217687,expanded_target_project,not_in_dbms_metadata,unavailable,0.9847237612790882
260295418,1,1,0.003401360544217687,expanded_target_project,not_in_dbms_metadata,unavailable,0.9847309568696303
260351573,1,1,0.003401360544217687,expanded_target_project,not_in_dbms_metadata,unavailable,0.9847381524601724
260452791,1,1,0.003401360544217687,expanded_target_project,not_in_dbms_metadata,unavailable,0.9847453480507146
260889387,1,1,0.003401360544217687,expanded_target_project,not_in_dbms_metadata,unavailable,0.9847525436412566
260960262,1,1,0.003401360544217687,expanded_target_project,not_in_dbms_metadata,unavailable,0.9847597392317987
261032128,1,1,0.003401360544217687,expanded_target_project,not_in_dbms_metadata,unavailable,0.9847669348223409
261141187,1,1,0.003401360544217687,expanded_target_project,not_in_dbms_metadata,unavailable,0.984774130412883
26126838,1,1,0.003401360544217687,expanded_target_project,not_in_dbms_metadata,unavailable,0.984781326003425
26127968,1,1,0.003401360544217687,expanded_target_project,Key-value,dbms_metadata,0.9847885215939672
261293951,1,1,0.003401360544217687,expanded_target_project,not_in_dbms_metadata,unavailable,0.9847957171845093
261541008,1,1,0.003401360544217687,expanded_target_project,not_in_dbms_metadata,unavailable,0.9848029127750515
2615616,1,1,0.003401360544217687,expanded_target_project,not_in_dbms_metadata,unavailable,0.9848101083655936
26181278,1,1,0.003401360544217687,expanded_target_project,not_in_dbms_metadata,unavailable,0.9848173039561356
261895262,1,1,0.003401360544217687,expanded_target_project,not_in_dbms_metadata,unavailable,0.9848244995466778
26210598,1,1,0.003401360544217687,expanded_target_project,not_in_dbms_metadata,unavailable,0.9848316951372199
262289747,1,1,0.003401360544217687,expanded_target_project,not_in_dbms_metadata,unavailable,0.984838890727762
26290249,1,1,0.003401360544217687,expanded_target_project,not_in_dbms_metadata,unavailable,0.9848460863183042
263165647,1,1,0.003401360544217687,expanded_target_project,not_in_dbms_metadata,unavailable,0.9848532819088462
263701613,1,1,0.003401360544217687,expanded_target_project,not_in_dbms_metadata,unavailable,0.9848604774993883
26371893,1,1,0.003401360544217687,expanded_target_project,not_in_dbms_metadata,unavailable,0.9848676730899305
263752806,1,1,0.003401360544217687,expanded_target_project,not_in_dbms_metadata,unavailable,0.9848748686804726
264043501,1,1,0.003401360544217687,expanded_target_project,not_in_dbms_metadata,unavailable,0.9848820642710148
264742473,1,1,0.003401360544217687,expanded_target_project,not_in_dbms_metadata,unavailable,0.9848892598615568
264818686,1,1,0.003401360544217687,expanded_target_project,not_in_dbms_metadata,unavailable,0.9848964554520989
264855617,1,1,0.003401360544217687,expanded_target_project,not_in_dbms_metadata,unavailable,0.9849036510426411
265183027,1,1,0.003401360544217687,expanded_target_project,not_in_dbms_metadata,unavailable,0.9849108466331832
26521129,1,1,0.003401360544217687,expanded_target_project,not_in_dbms_metadata,unavailable,0.9849180422237253
265258032,1,1,0.003401360544217687,expanded_target_project,not_in_dbms_metadata,unavailable,0.9849252378142674
265363855,1,1,0.003401360544217687,expanded_target_project,not_in_dbms_metadata,unavailable,0.9849324334048095
265601040,1,1,0.003401360544217687,expanded_target_project,not_in_dbms_metadata,unavailable,0.9849396289953517
265621392,1,1,0.003401360544217687,expanded_target_project,not_in_dbms_metadata,unavailable,0.9849468245858938
26562411,1,1,0.003401360544217687,expanded_target_project,not_in_dbms_metadata,unavailable,0.9849540201764359
26628954,1,1,0.003401360544217687,expanded_target_project,not_in_dbms_metadata,unavailable,0.984961215766978
2669041,1,1,0.003401360544217687,expanded_target_project,not_in_dbms_metadata,unavailable,0.9849684113575201
267024149,1,1,0.003401360544217687,expanded_target_project,not_in_dbms_metadata,unavailable,0.9849756069480622
267118495,1,1,0.003401360544217687,expanded_target_project,not_in_dbms_metadata,unavailable,0.9849828025386044
267324234,1,1,0.003401360544217687,expanded_target_project,not_in_dbms_metadata,unavailable,0.9849899981291464
267410733,1,1,0.003401360544217687,expanded_target_project,not_in_dbms_metadata,unavailable,0.9849971937196885
2675355,1,1,0.003401360544217687,expanded_target_project,not_in_dbms_metadata,unavailable,0.9850043893102307
26785339,1,1,0.003401360544217687,expanded_target_project,not_in_dbms_metadata,unavailable,0.9850115849007728
26827696,1,1,0.003401360544217687,expanded_target_project,not_in_dbms_metadata,unavailable,0.985018780491315
268568992,1,1,0.003401360544217687,expanded_target_project,not_in_dbms_metadata,unavailable,0.985025976081857
268591722,1,1,0.003401360544217687,expanded_target_project,not_in_dbms_metadata,unavailable,0.9850331716723991
268817515,1,1,0.003401360544217687,expanded_target_project,not_in_dbms_metadata,unavailable,0.9850403672629413
268936983,1,1,0.003401360544217687,expanded_target_project,not_in_dbms_metadata,unavailable,0.9850475628534834
269238359,1,1,0.003401360544217687,expanded_target_project,not_in_dbms_metadata,unavailable,0.9850547584440255
26947860,1,1,0.003401360544217687,expanded_target_project,not_in_dbms_metadata,unavailable,0.9850619540345676
269560571,1,1,0.003401360544217687,expanded_target_project,not_in_dbms_metadata,unavailable,0.9850691496251097
269612753,1,1,0.003401360544217687,expanded_target_project,not_in_dbms_metadata,unavailable,0.9850763452156518
270591305,1,1,0.003401360544217687,expanded_target_project,not_in_dbms_metadata,unavailable,0.985083540806194
271140688,1,1,0.003401360544217687,expanded_target_project,not_in_dbms_metadata,unavailable,0.985090736396736
271357052,1,1,0.003401360544217687,expanded_target_project,not_in_dbms_metadata,unavailable,0.9850979319872782
271409073,1,1,0.003401360544217687,expanded_target_project,not_in_dbms_metadata,unavailable,0.9851051275778203
2718248,1,1,0.003401360544217687,expanded_target_project,not_in_dbms_metadata,unavailable,0.9851123231683624
271913609,1,1,0.003401360544217687,expanded_target_project,not_in_dbms_metadata,unavailable,0.9851195187589046
272244219,1,1,0.003401360544217687,expanded_target_project,not_in_dbms_metadata,unavailable,0.9851267143494467
273084758,1,1,0.003401360544217687,expanded_target_project,not_in_dbms_metadata,unavailable,0.9851339099399887
273382715,1,1,0.003401360544217687,expanded_target_project,not_in_dbms_metadata,unavailable,0.9851411055305309
27358084,1,1,0.003401360544217687,expanded_target_project,not_in_dbms_metadata,unavailable,0.985148301121073
2740148,1,1,0.003401360544217687,expanded_target_project,not_in_dbms_metadata,unavailable,0.9851554967116152
274077404,1,1,0.003401360544217687,expanded_target_project,not_in_dbms_metadata,unavailable,0.9851626923021573
275084371,1,1,0.003401360544217687,expanded_target_project,not_in_dbms_metadata,unavailable,0.9851698878926993
275100970,1,1,0.003401360544217687,expanded_target_project,not_in_dbms_metadata,unavailable,0.9851770834832415
27546391,1,1,0.003401360544217687,expanded_target_project,not_in_dbms_metadata,unavailable,0.9851842790737836
275707200,1,1,0.003401360544217687,expanded_target_project,not_in_dbms_metadata,unavailable,0.9851914746643257
276189831,1,1,0.003401360544217687,expanded_target_project,not_in_dbms_metadata,unavailable,0.9851986702548678
276293034,1,1,0.003401360544217687,seed_project,Graph,seed_manifest,0.9852058658454099
276304668,1,1,0.003401360544217687,expanded_target_project,not_in_dbms_metadata,unavailable,0.985213061435952
276535130,1,1,0.003401360544217687,expanded_target_project,not_in_dbms_metadata,unavailable,0.9852202570264942
276898192,1,1,0.003401360544217687,expanded_target_project,not_in_dbms_metadata,unavailable,0.9852274526170363
27729171,1,1,0.003401360544217687,expanded_target_project,not_in_dbms_metadata,unavailable,0.9852346482075784
27759161,1,1,0.003401360544217687,expanded_target_project,not_in_dbms_metadata,unavailable,0.9852418437981205
277837858,1,1,0.003401360544217687,expanded_target_project,not_in_dbms_metadata,unavailable,0.9852490393886626
277852028,1,1,0.003401360544217687,expanded_target_project,not_in_dbms_metadata,unavailable,0.9852562349792048
277923166,1,1,0.003401360544217687,expanded_target_project,not_in_dbms_metadata,unavailable,0.9852634305697469
278098612,1,1,0.003401360544217687,expanded_target_project,not_in_dbms_metadata,unavailable,0.9852706261602889
278640104,1,1,0.003401360544217687,expanded_target_project,not_in_dbms_metadata,unavailable,0.9852778217508311
27883327,1,1,0.003401360544217687,expanded_target_project,not_in_dbms_metadata,unavailable,0.9852850173413732
279115112,1,1,0.003401360544217687,expanded_target_project,not_in_dbms_metadata,unavailable,0.9852922129319153
279258716,1,1,0.003401360544217687,expanded_target_project,not_in_dbms_metadata,unavailable,0.9852994085224575
279376765,1,1,0.003401360544217687,expanded_target_project,not_in_dbms_metadata,unavailable,0.9853066041129995
279745783,1,1,0.003401360544217687,expanded_target_project,not_in_dbms_metadata,unavailable,0.9853137997035417
280818415,1,1,0.003401360544217687,expanded_target_project,not_in_dbms_metadata,unavailable,0.9853209952940838
281550668,1,1,0.003401360544217687,expanded_target_project,not_in_dbms_metadata,unavailable,0.9853281908846259
28156794,1,1,0.003401360544217687,expanded_target_project,not_in_dbms_metadata,unavailable,0.985335386475168
282179811,1,1,0.003401360544217687,expanded_target_project,not_in_dbms_metadata,unavailable,0.9853425820657101
282229865,1,1,0.003401360544217687,expanded_target_project,not_in_dbms_metadata,unavailable,0.9853497776562522
28226810,1,1,0.003401360544217687,expanded_target_project,not_in_dbms_metadata,unavailable,0.9853569732467944
282416261,1,1,0.003401360544217687,expanded_target_project,not_in_dbms_metadata,unavailable,0.9853641688373365
282994686,1,1,0.003401360544217687,expanded_target_project,not_in_dbms_metadata,unavailable,0.9853713644278786
283046497,1,1,0.003401360544217687,expanded_target_project,not_in_dbms_metadata,unavailable,0.9853785600184207
283230219,1,1,0.003401360544217687,expanded_target_project,not_in_dbms_metadata,unavailable,0.9853857556089628
28449431,1,1,0.003401360544217687,expanded_target_project,"Wide column,Key-value",dbms_metadata,0.985392951199505
28554304,1,1,0.003401360544217687,expanded_target_project,not_in_dbms_metadata,unavailable,0.9854001467900471
285669400,1,1,0.003401360544217687,expanded_target_project,Document,dbms_metadata,0.9854073423805891
287015918,1,1,0.003401360544217687,expanded_target_project,not_in_dbms_metadata,unavailable,0.9854145379711313
287193461,1,1,0.003401360544217687,expanded_target_project,not_in_dbms_metadata,unavailable,0.9854217335616734
287336275,1,1,0.003401360544217687,expanded_target_project,not_in_dbms_metadata,unavailable,0.9854289291522155
287403351,1,1,0.003401360544217687,expanded_target_project,not_in_dbms_metadata,unavailable,0.9854361247427577
28750927,1,1,0.003401360544217687,expanded_target_project,not_in_dbms_metadata,unavailable,0.9854433203332997
28782747,1,1,0.003401360544217687,expanded_target_project,not_in_dbms_metadata,unavailable,0.9854505159238419
288082909,1,1,0.003401360544217687,expanded_target_project,not_in_dbms_metadata,unavailable,0.985457711514384
28826653,1,1,0.003401360544217687,expanded_target_project,not_in_dbms_metadata,unavailable,0.9854649071049261
288349261,1,1,0.003401360544217687,expanded_target_project,not_in_dbms_metadata,unavailable,0.9854721026954683
288677911,1,1,0.003401360544217687,expanded_target_project,not_in_dbms_metadata,unavailable,0.9854792982860103
28905625,1,1,0.003401360544217687,expanded_target_project,not_in_dbms_metadata,unavailable,0.9854864938765524
289379729,1,1,0.003401360544217687,expanded_target_project,not_in_dbms_metadata,unavailable,0.9854936894670946
28951059,1,1,0.003401360544217687,expanded_target_project,not_in_dbms_metadata,unavailable,0.9855008850576367
28975929,1,1,0.003401360544217687,expanded_target_project,not_in_dbms_metadata,unavailable,0.9855080806481787
28986292,1,1,0.003401360544217687,expanded_target_project,not_in_dbms_metadata,unavailable,0.9855152762387209
290090784,1,1,0.003401360544217687,expanded_target_project,not_in_dbms_metadata,unavailable,0.985522471829263
2902935,1,1,0.003401360544217687,expanded_target_project,not_in_dbms_metadata,unavailable,0.9855296674198052
290871583,1,1,0.003401360544217687,expanded_target_project,not_in_dbms_metadata,unavailable,0.9855368630103473
290899681,1,1,0.003401360544217687,expanded_target_project,not_in_dbms_metadata,unavailable,0.9855440586008893
290916665,1,1,0.003401360544217687,expanded_target_project,not_in_dbms_metadata,unavailable,0.9855512541914315
29094022,1,1,0.003401360544217687,expanded_target_project,not_in_dbms_metadata,unavailable,0.9855584497819736
291308731,1,1,0.003401360544217687,expanded_target_project,not_in_dbms_metadata,unavailable,0.9855656453725157
291474609,1,1,0.003401360544217687,expanded_target_project,not_in_dbms_metadata,unavailable,0.9855728409630579
2915576,1,1,0.003401360544217687,expanded_target_project,not_in_dbms_metadata,unavailable,0.9855800365535999
291735249,1,1,0.003401360544217687,expanded_target_project,not_in_dbms_metadata,unavailable,0.9855872321441421
291960479,1,1,0.003401360544217687,expanded_target_project,not_in_dbms_metadata,unavailable,0.9855944277346842
292014229,1,1,0.003401360544217687,expanded_target_project,not_in_dbms_metadata,unavailable,0.9856016233252263
29220333,1,1,0.003401360544217687,expanded_target_project,not_in_dbms_metadata,unavailable,0.9856088189157685
292561501,1,1,0.003401360544217687,expanded_target_project,not_in_dbms_metadata,unavailable,0.9856160145063105
292853702,1,1,0.003401360544217687,expanded_target_project,not_in_dbms_metadata,unavailable,0.9856232100968526
292888939,1,1,0.003401360544217687,expanded_target_project,not_in_dbms_metadata,unavailable,0.9856304056873948
2928944,1,1,0.003401360544217687,expanded_target_project,not_in_dbms_metadata,unavailable,0.9856376012779369
2929393,1,1,0.003401360544217687,expanded_target_project,not_in_dbms_metadata,unavailable,0.985644796868479
29301872,1,1,0.003401360544217687,expanded_target_project,not_in_dbms_metadata,unavailable,0.9856519924590211
29312746,1,1,0.003401360544217687,expanded_target_project,not_in_dbms_metadata,unavailable,0.9856591880495632
29329884,1,1,0.003401360544217687,expanded_target_project,not_in_dbms_metadata,unavailable,0.9856663836401054
293811116,1,1,0.003401360544217687,expanded_target_project,not_in_dbms_metadata,unavailable,0.9856735792306475
294224347,1,1,0.003401360544217687,expanded_target_project,not_in_dbms_metadata,unavailable,0.9856807748211895
294578325,1,1,0.003401360544217687,expanded_target_project,not_in_dbms_metadata,unavailable,0.9856879704117317
294958663,1,1,0.003401360544217687,expanded_target_project,not_in_dbms_metadata,unavailable,0.9856951660022738
295027737,1,1,0.003401360544217687,expanded_target_project,not_in_dbms_metadata,unavailable,0.9857023615928159
295316675,1,1,0.003401360544217687,expanded_target_project,not_in_dbms_metadata,unavailable,0.9857095571833581
295695288,1,1,0.003401360544217687,expanded_target_project,not_in_dbms_metadata,unavailable,0.9857167527739001
295774370,1,1,0.003401360544217687,expanded_target_project,not_in_dbms_metadata,unavailable,0.9857239483644422
296070150,1,1,0.003401360544217687,expanded_target_project,not_in_dbms_metadata,unavailable,0.9857311439549844
296235125,1,1,0.003401360544217687,expanded_target_project,not_in_dbms_metadata,unavailable,0.9857383395455265
296405219,1,1,0.003401360544217687,expanded_target_project,not_in_dbms_metadata,unavailable,0.9857455351360687
296678196,1,1,0.003401360544217687,expanded_target_project,not_in_dbms_metadata,unavailable,0.9857527307266107
296934024,1,1,0.003401360544217687,expanded_target_project,not_in_dbms_metadata,unavailable,0.9857599263171528
297348383,1,1,0.003401360544217687,expanded_target_project,not_in_dbms_metadata,unavailable,0.985767121907695
297768162,1,1,0.003401360544217687,expanded_target_project,not_in_dbms_metadata,unavailable,0.9857743174982371
297869437,1,1,0.003401360544217687,expanded_target_project,not_in_dbms_metadata,unavailable,0.9857815130887791
298223552,1,1,0.003401360544217687,expanded_target_project,not_in_dbms_metadata,unavailable,0.9857887086793213
298439529,1,1,0.003401360544217687,expanded_target_project,not_in_dbms_metadata,unavailable,0.9857959042698634
29845767,1,1,0.003401360544217687,expanded_target_project,not_in_dbms_metadata,unavailable,0.9858030998604056
298533689,1,1,0.003401360544217687,expanded_target_project,not_in_dbms_metadata,unavailable,0.9858102954509477
298726683,1,1,0.003401360544217687,expanded_target_project,not_in_dbms_metadata,unavailable,0.9858174910414897
299240810,1,1,0.003401360544217687,expanded_target_project,not_in_dbms_metadata,unavailable,0.9858246866320319
299603525,1,1,0.003401360544217687,expanded_target_project,not_in_dbms_metadata,unavailable,0.985831882222574
299907256,1,1,0.003401360544217687,expanded_target_project,not_in_dbms_metadata,unavailable,0.9858390778131161
30004263,1,1,0.003401360544217687,expanded_target_project,not_in_dbms_metadata,unavailable,0.9858462734036583
300200809,1,1,0.003401360544217687,expanded_target_project,not_in_dbms_metadata,unavailable,0.9858534689942003
30030073,1,1,0.003401360544217687,expanded_target_project,not_in_dbms_metadata,unavailable,0.9858606645847424
301794968,1,1,0.003401360544217687,expanded_target_project,not_in_dbms_metadata,unavailable,0.9858678601752846
30193977,1,1,0.003401360544217687,expanded_target_project,not_in_dbms_metadata,unavailable,0.9858750557658267
30203935,1,1,0.003401360544217687,expanded_target_project,not_in_dbms_metadata,unavailable,0.9858822513563689
30216244,1,1,0.003401360544217687,expanded_target_project,not_in_dbms_metadata,unavailable,0.9858894469469109
30270430,1,1,0.003401360544217687,expanded_target_project,not_in_dbms_metadata,unavailable,0.985896642537453
30272,1,1,0.003401360544217687,expanded_target_project,not_in_dbms_metadata,unavailable,0.9859038381279952
302982238,1,1,0.003401360544217687,expanded_target_project,not_in_dbms_metadata,unavailable,0.9859110337185373
30321994,1,1,0.003401360544217687,expanded_target_project,not_in_dbms_metadata,unavailable,0.9859182293090794
303405208,1,1,0.003401360544217687,expanded_target_project,not_in_dbms_metadata,unavailable,0.9859254248996215
303703887,1,1,0.003401360544217687,expanded_target_project,not_in_dbms_metadata,unavailable,0.9859326204901636
30383208,1,1,0.003401360544217687,expanded_target_project,not_in_dbms_metadata,unavailable,0.9859398160807057
30389634,1,1,0.003401360544217687,expanded_target_project,not_in_dbms_metadata,unavailable,0.9859470116712479
303940930,1,1,0.003401360544217687,expanded_target_project,not_in_dbms_metadata,unavailable,0.98595420726179
303967701,1,1,0.003401360544217687,expanded_target_project,not_in_dbms_metadata,unavailable,0.9859614028523321
304146787,1,1,0.003401360544217687,expanded_target_project,not_in_dbms_metadata,unavailable,0.9859685984428742
304398999,1,1,0.003401360544217687,expanded_target_project,not_in_dbms_metadata,unavailable,0.9859757940334163
304432822,1,1,0.003401360544217687,expanded_target_project,not_in_dbms_metadata,unavailable,0.9859829896239585
305581149,1,1,0.003401360544217687,expanded_target_project,not_in_dbms_metadata,unavailable,0.9859901852145005
30567707,1,1,0.003401360544217687,expanded_target_project,not_in_dbms_metadata,unavailable,0.9859973808050426
306009386,1,1,0.003401360544217687,expanded_target_project,not_in_dbms_metadata,unavailable,0.9860045763955848
306382967,1,1,0.003401360544217687,expanded_target_project,not_in_dbms_metadata,unavailable,0.9860117719861269
30712202,1,1,0.003401360544217687,expanded_target_project,not_in_dbms_metadata,unavailable,0.9860189675766691
30753733,1,1,0.003401360544217687,seed_project,Relational,seed_manifest,0.9860261631672111
308044189,1,1,0.003401360544217687,expanded_target_project,not_in_dbms_metadata,unavailable,0.9860333587577532
30824101,1,1,0.003401360544217687,expanded_target_project,not_in_dbms_metadata,unavailable,0.9860405543482954
309309464,1,1,0.003401360544217687,expanded_target_project,not_in_dbms_metadata,unavailable,0.9860477499388375
30951894,1,1,0.003401360544217687,expanded_target_project,not_in_dbms_metadata,unavailable,0.9860549455293796
309689851,1,1,0.003401360544217687,expanded_target_project,not_in_dbms_metadata,unavailable,0.9860621411199217
310217738,1,1,0.003401360544217687,expanded_target_project,not_in_dbms_metadata,unavailable,0.9860693367104638
310300394,1,1,0.003401360544217687,expanded_target_project,not_in_dbms_metadata,unavailable,0.9860765323010059
310666411,1,1,0.003401360544217687,expanded_target_project,not_in_dbms_metadata,unavailable,0.9860837278915481
310873272,1,1,0.003401360544217687,expanded_target_project,not_in_dbms_metadata,unavailable,0.9860909234820902
311293512,1,1,0.003401360544217687,expanded_target_project,not_in_dbms_metadata,unavailable,0.9860981190726323
311682575,1,1,0.003401360544217687,expanded_target_project,not_in_dbms_metadata,unavailable,0.9861053146631744
31185891,1,1,0.003401360544217687,expanded_target_project,not_in_dbms_metadata,unavailable,0.9861125102537165
31290528,1,1,0.003401360544217687,expanded_target_project,not_in_dbms_metadata,unavailable,0.9861197058442587
313068453,1,1,0.003401360544217687,expanded_target_project,not_in_dbms_metadata,unavailable,0.9861269014348008
313091396,1,1,0.003401360544217687,expanded_target_project,not_in_dbms_metadata,unavailable,0.9861340970253428
31358787,1,1,0.003401360544217687,expanded_target_project,not_in_dbms_metadata,unavailable,0.986141292615885
313801701,1,1,0.003401360544217687,expanded_target_project,not_in_dbms_metadata,unavailable,0.9861484882064271
31432573,1,1,0.003401360544217687,expanded_target_project,not_in_dbms_metadata,unavailable,0.9861556837969692
314384911,1,1,0.003401360544217687,expanded_target_project,not_in_dbms_metadata,unavailable,0.9861628793875113
314641288,1,1,0.003401360544217687,expanded_target_project,not_in_dbms_metadata,unavailable,0.9861700749780534
315591279,1,1,0.003401360544217687,expanded_target_project,not_in_dbms_metadata,unavailable,0.9861772705685956
315929658,1,1,0.003401360544217687,expanded_target_project,not_in_dbms_metadata,unavailable,0.9861844661591377
315990473,1,1,0.003401360544217687,expanded_target_project,not_in_dbms_metadata,unavailable,0.9861916617496798
31619713,1,1,0.003401360544217687,expanded_target_project,not_in_dbms_metadata,unavailable,0.986198857340222
316738106,1,1,0.003401360544217687,expanded_target_project,not_in_dbms_metadata,unavailable,0.986206052930764
316761074,1,1,0.003401360544217687,expanded_target_project,not_in_dbms_metadata,unavailable,0.9862132485213061
316803297,1,1,0.003401360544217687,expanded_target_project,not_in_dbms_metadata,unavailable,0.9862204441118483
317234849,1,1,0.003401360544217687,expanded_target_project,not_in_dbms_metadata,unavailable,0.9862276397023904
317655208,1,1,0.003401360544217687,expanded_target_project,not_in_dbms_metadata,unavailable,0.9862348352929325
31772468,1,1,0.003401360544217687,expanded_target_project,not_in_dbms_metadata,unavailable,0.9862420308834746
317755107,1,1,0.003401360544217687,expanded_target_project,not_in_dbms_metadata,unavailable,0.9862492264740167
31806094,1,1,0.003401360544217687,expanded_target_project,not_in_dbms_metadata,unavailable,0.9862564220645589
318328445,1,1,0.003401360544217687,expanded_target_project,not_in_dbms_metadata,unavailable,0.986263617655101
31862543,1,1,0.003401360544217687,expanded_target_project,not_in_dbms_metadata,unavailable,0.986270813245643
318660317,1,1,0.003401360544217687,expanded_target_project,not_in_dbms_metadata,unavailable,0.9862780088361852
319035161,1,1,0.003401360544217687,expanded_target_project,not_in_dbms_metadata,unavailable,0.9862852044267273
319059109,1,1,0.003401360544217687,expanded_target_project,not_in_dbms_metadata,unavailable,0.9862924000172694
319168169,1,1,0.003401360544217687,expanded_target_project,not_in_dbms_metadata,unavailable,0.9862995956078116
319459651,1,1,0.003401360544217687,expanded_target_project,not_in_dbms_metadata,unavailable,0.9863067911983536
319463560,1,1,0.003401360544217687,expanded_target_project,not_in_dbms_metadata,unavailable,0.9863139867888958
319572121,1,1,0.003401360544217687,expanded_target_project,not_in_dbms_metadata,unavailable,0.9863211823794379
319701508,1,1,0.003401360544217687,expanded_target_project,not_in_dbms_metadata,unavailable,0.98632837796998
3199002,1,1,0.003401360544217687,expanded_target_project,not_in_dbms_metadata,unavailable,0.9863355735605221
320135333,1,1,0.003401360544217687,expanded_target_project,not_in_dbms_metadata,unavailable,0.9863427691510642
320146230,1,1,0.003401360544217687,expanded_target_project,not_in_dbms_metadata,unavailable,0.9863499647416063
320426156,1,1,0.003401360544217687,expanded_target_project,not_in_dbms_metadata,unavailable,0.9863571603321485
32135981,1,1,0.003401360544217687,expanded_target_project,not_in_dbms_metadata,unavailable,0.9863643559226906
321386930,1,1,0.003401360544217687,expanded_target_project,not_in_dbms_metadata,unavailable,0.9863715515132326
321960447,1,1,0.003401360544217687,expanded_target_project,not_in_dbms_metadata,unavailable,0.9863787471037748
322347496,1,1,0.003401360544217687,expanded_target_project,not_in_dbms_metadata,unavailable,0.9863859426943169
32235223,1,1,0.003401360544217687,expanded_target_project,not_in_dbms_metadata,unavailable,0.9863931382848591
322947344,1,1,0.003401360544217687,expanded_target_project,not_in_dbms_metadata,unavailable,0.9864003338754012
323438715,1,1,0.003401360544217687,expanded_target_project,not_in_dbms_metadata,unavailable,0.9864075294659432
32347104,1,1,0.003401360544217687,expanded_target_project,not_in_dbms_metadata,unavailable,0.9864147250564854
323751403,1,1,0.003401360544217687,expanded_target_project,not_in_dbms_metadata,unavailable,0.9864219206470275
324673283,1,1,0.003401360544217687,expanded_target_project,not_in_dbms_metadata,unavailable,0.9864291162375696
325213317,1,1,0.003401360544217687,expanded_target_project,not_in_dbms_metadata,unavailable,0.9864363118281118
325548909,1,1,0.003401360544217687,expanded_target_project,not_in_dbms_metadata,unavailable,0.9864435074186538
32559774,1,1,0.003401360544217687,expanded_target_project,not_in_dbms_metadata,unavailable,0.986450703009196
326652944,1,1,0.003401360544217687,expanded_target_project,not_in_dbms_metadata,unavailable,0.9864578985997381
326744856,1,1,0.003401360544217687,expanded_target_project,not_in_dbms_metadata,unavailable,0.9864650941902802
327160294,1,1,0.003401360544217687,expanded_target_project,not_in_dbms_metadata,unavailable,0.9864722897808224
327310511,1,1,0.003401360544217687,expanded_target_project,not_in_dbms_metadata,unavailable,0.9864794853713644
32786829,1,1,0.003401360544217687,expanded_target_project,not_in_dbms_metadata,unavailable,0.9864866809619065
327874458,1,1,0.003401360544217687,expanded_target_project,not_in_dbms_metadata,unavailable,0.9864938765524487
3280270,1,1,0.003401360544217687,expanded_target_project,not_in_dbms_metadata,unavailable,0.9865010721429908
328697653,1,1,0.003401360544217687,expanded_target_project,not_in_dbms_metadata,unavailable,0.9865082677335328
3287453,1,1,0.003401360544217687,expanded_target_project,not_in_dbms_metadata,unavailable,0.986515463324075
32887098,1,1,0.003401360544217687,expanded_target_project,not_in_dbms_metadata,unavailable,0.9865226589146171
329451761,1,1,0.003401360544217687,expanded_target_project,not_in_dbms_metadata,unavailable,0.9865298545051593
329798491,1,1,0.003401360544217687,expanded_target_project,not_in_dbms_metadata,unavailable,0.9865370500957014
330085907,1,1,0.003401360544217687,expanded_target_project,not_in_dbms_metadata,unavailable,0.9865442456862434
330478792,1,1,0.003401360544217687,expanded_target_project,not_in_dbms_metadata,unavailable,0.9865514412767856
330488939,1,1,0.003401360544217687,expanded_target_project,not_in_dbms_metadata,unavailable,0.9865586368673277
330590745,1,1,0.003401360544217687,expanded_target_project,not_in_dbms_metadata,unavailable,0.9865658324578698
33088125,1,1,0.003401360544217687,expanded_target_project,not_in_dbms_metadata,unavailable,0.986573028048412
331456036,1,1,0.003401360544217687,expanded_target_project,not_in_dbms_metadata,unavailable,0.986580223638954
331611849,1,1,0.003401360544217687,expanded_target_project,not_in_dbms_metadata,unavailable,0.9865874192294961
331725162,1,1,0.003401360544217687,expanded_target_project,not_in_dbms_metadata,unavailable,0.9865946148200383
331918284,1,1,0.003401360544217687,expanded_target_project,not_in_dbms_metadata,unavailable,0.9866018104105804
33196459,1,1,0.003401360544217687,expanded_target_project,not_in_dbms_metadata,unavailable,0.9866090060011226
332819751,1,1,0.003401360544217687,expanded_target_project,not_in_dbms_metadata,unavailable,0.9866162015916646
332845154,1,1,0.003401360544217687,expanded_target_project,not_in_dbms_metadata,unavailable,0.9866233971822067
333356226,1,1,0.003401360544217687,expanded_target_project,not_in_dbms_metadata,unavailable,0.9866305927727489
333570243,1,1,0.003401360544217687,expanded_target_project,not_in_dbms_metadata,unavailable,0.986637788363291
33413850,1,1,0.003401360544217687,expanded_target_project,not_in_dbms_metadata,unavailable,0.986644983953833
3342055,1,1,0.003401360544217687,expanded_target_project,not_in_dbms_metadata,unavailable,0.9866521795443752
33539450,1,1,0.003401360544217687,expanded_target_project,not_in_dbms_metadata,unavailable,0.9866593751349173
335831903,1,1,0.003401360544217687,expanded_target_project,not_in_dbms_metadata,unavailable,0.9866665707254595
335846210,1,1,0.003401360544217687,expanded_target_project,not_in_dbms_metadata,unavailable,0.9866737663160016
335983019,1,1,0.003401360544217687,expanded_target_project,not_in_dbms_metadata,unavailable,0.9866809619065436
335991315,1,1,0.003401360544217687,expanded_target_project,not_in_dbms_metadata,unavailable,0.9866881574970858
336150764,1,1,0.003401360544217687,expanded_target_project,not_in_dbms_metadata,unavailable,0.9866953530876279
336170831,1,1,0.003401360544217687,expanded_target_project,not_in_dbms_metadata,unavailable,0.98670254867817
337713340,1,1,0.003401360544217687,expanded_target_project,not_in_dbms_metadata,unavailable,0.9867097442687122
337897840,1,1,0.003401360544217687,expanded_target_project,not_in_dbms_metadata,unavailable,0.9867169398592542
338025227,1,1,0.003401360544217687,expanded_target_project,not_in_dbms_metadata,unavailable,0.9867241354497963
338169115,1,1,0.003401360544217687,expanded_target_project,not_in_dbms_metadata,unavailable,0.9867313310403385
338307278,1,1,0.003401360544217687,expanded_target_project,not_in_dbms_metadata,unavailable,0.9867385266308806
33881440,1,1,0.003401360544217687,expanded_target_project,not_in_dbms_metadata,unavailable,0.9867457222214228
33881870,1,1,0.003401360544217687,expanded_target_project,not_in_dbms_metadata,unavailable,0.9867529178119648
339098424,1,1,0.003401360544217687,expanded_target_project,not_in_dbms_metadata,unavailable,0.9867601134025069
339348284,1,1,0.003401360544217687,expanded_target_project,not_in_dbms_metadata,unavailable,0.9867673089930491
33994380,1,1,0.003401360544217687,expanded_target_project,not_in_dbms_metadata,unavailable,0.9867745045835912
339993533,1,1,0.003401360544217687,expanded_target_project,not_in_dbms_metadata,unavailable,0.9867817001741332
340038528,1,1,0.003401360544217687,expanded_target_project,not_in_dbms_metadata,unavailable,0.9867888957646754
3402186,1,1,0.003401360544217687,expanded_target_project,not_in_dbms_metadata,unavailable,0.9867960913552175
34083887,1,1,0.003401360544217687,expanded_target_project,not_in_dbms_metadata,unavailable,0.9868032869457596
34117853,1,1,0.003401360544217687,expanded_target_project,not_in_dbms_metadata,unavailable,0.9868104825363018
341322737,1,1,0.003401360544217687,expanded_target_project,not_in_dbms_metadata,unavailable,0.9868176781268438
34138622,1,1,0.003401360544217687,expanded_target_project,not_in_dbms_metadata,unavailable,0.986824873717386
341429644,1,1,0.003401360544217687,expanded_target_project,not_in_dbms_metadata,unavailable,0.9868320693079281
341497177,1,1,0.003401360544217687,expanded_target_project,not_in_dbms_metadata,unavailable,0.9868392648984702
341636094,1,1,0.003401360544217687,expanded_target_project,not_in_dbms_metadata,unavailable,0.9868464604890124
342249231,1,1,0.003401360544217687,expanded_target_project,not_in_dbms_metadata,unavailable,0.9868536560795544
342401811,1,1,0.003401360544217687,expanded_target_project,not_in_dbms_metadata,unavailable,0.9868608516700965
34262857,1,1,0.003401360544217687,expanded_target_project,not_in_dbms_metadata,unavailable,0.9868680472606387
342643515,1,1,0.003401360544217687,expanded_target_project,not_in_dbms_metadata,unavailable,0.9868752428511808
343191804,1,1,0.003401360544217687,expanded_target_project,not_in_dbms_metadata,unavailable,0.986882438441723
343208836,1,1,0.003401360544217687,expanded_target_project,not_in_dbms_metadata,unavailable,0.986889634032265
34363047,1,1,0.003401360544217687,expanded_target_project,not_in_dbms_metadata,unavailable,0.9868968296228071
343668846,1,1,0.003401360544217687,expanded_target_project,not_in_dbms_metadata,unavailable,0.9869040252133493
34533675,1,1,0.003401360544217687,seed_project,Spatial,seed_manifest,0.9869112208038914
345431021,1,1,0.003401360544217687,expanded_target_project,not_in_dbms_metadata,unavailable,0.9869184163944335
34562183,1,1,0.003401360544217687,expanded_target_project,not_in_dbms_metadata,unavailable,0.9869256119849756
345802860,1,1,0.003401360544217687,expanded_target_project,not_in_dbms_metadata,unavailable,0.9869328075755177
345847364,1,1,0.003401360544217687,expanded_target_project,not_in_dbms_metadata,unavailable,0.9869400031660598
34595131,1,1,0.003401360544217687,expanded_target_project,not_in_dbms_metadata,unavailable,0.986947198756602
346005187,1,1,0.003401360544217687,expanded_target_project,not_in_dbms_metadata,unavailable,0.986954394347144
346151858,1,1,0.003401360544217687,expanded_target_project,not_in_dbms_metadata,unavailable,0.9869615899376862
346315576,1,1,0.003401360544217687,expanded_target_project,not_in_dbms_metadata,unavailable,0.9869687855282283
34655771,1,1,0.003401360544217687,expanded_target_project,not_in_dbms_metadata,unavailable,0.9869759811187704
346904112,1,1,0.003401360544217687,expanded_target_project,not_in_dbms_metadata,unavailable,0.9869831767093126
34691715,1,1,0.003401360544217687,expanded_target_project,not_in_dbms_metadata,unavailable,0.9869903722998546
34705315,1,1,0.003401360544217687,expanded_target_project,not_in_dbms_metadata,unavailable,0.9869975678903967
347111615,1,1,0.003401360544217687,expanded_target_project,not_in_dbms_metadata,unavailable,0.9870047634809389
34839383,1,1,0.003401360544217687,seed_project,Key-value,seed_manifest,0.987011959071481
34852158,1,1,0.003401360544217687,expanded_target_project,not_in_dbms_metadata,unavailable,0.9870191546620231
348845617,1,1,0.003401360544217687,expanded_target_project,not_in_dbms_metadata,unavailable,0.9870263502525652
348871706,1,1,0.003401360544217687,expanded_target_project,not_in_dbms_metadata,unavailable,0.9870335458431073
34905043,1,1,0.003401360544217687,expanded_target_project,not_in_dbms_metadata,unavailable,0.9870407414336495
34921116,1,1,0.003401360544217687,expanded_target_project,not_in_dbms_metadata,unavailable,0.9870479370241916
349424951,1,1,0.003401360544217687,expanded_target_project,not_in_dbms_metadata,unavailable,0.9870551326147337
349570194,1,1,0.003401360544217687,expanded_target_project,not_in_dbms_metadata,unavailable,0.9870623282052758
350747449,1,1,0.003401360544217687,expanded_target_project,not_in_dbms_metadata,unavailable,0.9870695237958179
35100117,1,1,0.003401360544217687,expanded_target_project,not_in_dbms_metadata,unavailable,0.98707671938636
351130822,1,1,0.003401360544217687,expanded_target_project,not_in_dbms_metadata,unavailable,0.9870839149769022
35120039,1,1,0.003401360544217687,expanded_target_project,not_in_dbms_metadata,unavailable,0.9870911105674443
351353365,1,1,0.003401360544217687,expanded_target_project,not_in_dbms_metadata,unavailable,0.9870983061579864
351978195,1,1,0.003401360544217687,expanded_target_project,not_in_dbms_metadata,unavailable,0.9871055017485285
35228936,1,1,0.003401360544217687,expanded_target_project,not_in_dbms_metadata,unavailable,0.9871126973390706
3535411,1,1,0.003401360544217687,expanded_target_project,not_in_dbms_metadata,unavailable,0.9871198929296128
353791258,1,1,0.003401360544217687,expanded_target_project,not_in_dbms_metadata,unavailable,0.9871270885201548
354191236,1,1,0.003401360544217687,expanded_target_project,not_in_dbms_metadata,unavailable,0.9871342841106969
354375556,1,1,0.003401360544217687,expanded_target_project,not_in_dbms_metadata,unavailable,0.9871414797012391
355307023,1,1,0.003401360544217687,expanded_target_project,not_in_dbms_metadata,unavailable,0.9871486752917812
356756,1,1,0.003401360544217687,expanded_target_project,not_in_dbms_metadata,unavailable,0.9871558708823233
35699660,1,1,0.003401360544217687,expanded_target_project,not_in_dbms_metadata,unavailable,0.9871630664728654
35699831,1,1,0.003401360544217687,expanded_target_project,not_in_dbms_metadata,unavailable,0.9871702620634075
357107303,1,1,0.003401360544217687,expanded_target_project,not_in_dbms_metadata,unavailable,0.9871774576539497
35718616,1,1,0.003401360544217687,expanded_target_project,not_in_dbms_metadata,unavailable,0.9871846532444918
357287236,1,1,0.003401360544217687,expanded_target_project,not_in_dbms_metadata,unavailable,0.9871918488350339
357378270,1,1,0.003401360544217687,expanded_target_project,not_in_dbms_metadata,unavailable,0.987199044425576
357462016,1,1,0.003401360544217687,expanded_target_project,not_in_dbms_metadata,unavailable,0.9872062400161181
357494593,1,1,0.003401360544217687,expanded_target_project,not_in_dbms_metadata,unavailable,0.9872134356066602
357524436,1,1,0.003401360544217687,expanded_target_project,not_in_dbms_metadata,unavailable,0.9872206311972024
357684878,1,1,0.003401360544217687,expanded_target_project,not_in_dbms_metadata,unavailable,0.9872278267877445
357728969,1,1,0.003401360544217687,expanded_target_project,not_in_dbms_metadata,unavailable,0.9872350223782865
35810174,1,1,0.003401360544217687,expanded_target_project,not_in_dbms_metadata,unavailable,0.9872422179688287
358201880,1,1,0.003401360544217687,expanded_target_project,not_in_dbms_metadata,unavailable,0.9872494135593708
35852087,1,1,0.003401360544217687,expanded_target_project,not_in_dbms_metadata,unavailable,0.987256609149913
35890081,1,1,0.003401360544217687,expanded_target_project,not_in_dbms_metadata,unavailable,0.987263804740455
358925208,1,1,0.003401360544217687,expanded_target_project,not_in_dbms_metadata,unavailable,0.9872710003309971
35897457,1,1,0.003401360544217687,expanded_target_project,not_in_dbms_metadata,unavailable,0.9872781959215393
35900688,1,1,0.003401360544217687,expanded_target_project,not_in_dbms_metadata,unavailable,0.9872853915120814
359168968,1,1,0.003401360544217687,expanded_target_project,not_in_dbms_metadata,unavailable,0.9872925871026235
359199097,1,1,0.003401360544217687,expanded_target_project,not_in_dbms_metadata,unavailable,0.9872997826931657
359341902,1,1,0.003401360544217687,expanded_target_project,not_in_dbms_metadata,unavailable,0.9873069782837077
359454217,1,1,0.003401360544217687,expanded_target_project,not_in_dbms_metadata,unavailable,0.9873141738742499
359494116,1,1,0.003401360544217687,expanded_target_project,not_in_dbms_metadata,unavailable,0.987321369464792
35958325,1,1,0.003401360544217687,expanded_target_project,not_in_dbms_metadata,unavailable,0.9873285650553341
359757315,1,1,0.003401360544217687,expanded_target_project,not_in_dbms_metadata,unavailable,0.9873357606458762
359757377,1,1,0.003401360544217687,expanded_target_project,not_in_dbms_metadata,unavailable,0.9873429562364183
359965651,1,1,0.003401360544217687,expanded_target_project,not_in_dbms_metadata,unavailable,0.9873501518269604
360264486,1,1,0.003401360544217687,expanded_target_project,not_in_dbms_metadata,unavailable,0.9873573474175026
360462210,1,1,0.003401360544217687,expanded_target_project,not_in_dbms_metadata,unavailable,0.9873645430080447
3604630,1,1,0.003401360544217687,expanded_target_project,not_in_dbms_metadata,unavailable,0.9873717385985867
360639607,1,1,0.003401360544217687,expanded_target_project,not_in_dbms_metadata,unavailable,0.9873789341891289
360961757,1,1,0.003401360544217687,expanded_target_project,not_in_dbms_metadata,unavailable,0.987386129779671
360998824,1,1,0.003401360544217687,expanded_target_project,not_in_dbms_metadata,unavailable,0.9873933253702132
36130556,1,1,0.003401360544217687,expanded_target_project,not_in_dbms_metadata,unavailable,0.9874005209607553
361383146,1,1,0.003401360544217687,expanded_target_project,not_in_dbms_metadata,unavailable,0.9874077165512973
361767999,1,1,0.003401360544217687,expanded_target_project,not_in_dbms_metadata,unavailable,0.9874149121418395
362068489,1,1,0.003401360544217687,expanded_target_project,not_in_dbms_metadata,unavailable,0.9874221077323816
362276910,1,1,0.003401360544217687,expanded_target_project,not_in_dbms_metadata,unavailable,0.9874293033229237
362404999,1,1,0.003401360544217687,expanded_target_project,not_in_dbms_metadata,unavailable,0.9874364989134659
362529558,1,1,0.003401360544217687,expanded_target_project,not_in_dbms_metadata,unavailable,0.9874436945040079
3626075,1,1,0.003401360544217687,expanded_target_project,not_in_dbms_metadata,unavailable,0.98745089009455
36267369,1,1,0.003401360544217687,expanded_target_project,not_in_dbms_metadata,unavailable,0.9874580856850922
363191223,1,1,0.003401360544217687,expanded_target_project,not_in_dbms_metadata,unavailable,0.9874652812756343
36377339,1,1,0.003401360544217687,expanded_target_project,not_in_dbms_metadata,unavailable,0.9874724768661765
363801746,1,1,0.003401360544217687,expanded_target_project,not_in_dbms_metadata,unavailable,0.9874796724567185
363917569,1,1,0.003401360544217687,expanded_target_project,not_in_dbms_metadata,unavailable,0.9874868680472606
363920445,1,1,0.003401360544217687,expanded_target_project,not_in_dbms_metadata,unavailable,0.9874940636378028
36404681,1,1,0.003401360544217687,expanded_target_project,not_in_dbms_metadata,unavailable,0.9875012592283449
364189600,1,1,0.003401360544217687,expanded_target_project,not_in_dbms_metadata,unavailable,0.9875084548188869
36444640,1,1,0.003401360544217687,expanded_target_project,not_in_dbms_metadata,unavailable,0.9875156504094291
364602128,1,1,0.003401360544217687,expanded_target_project,not_in_dbms_metadata,unavailable,0.9875228459999712
364712598,1,1,0.003401360544217687,expanded_target_project,not_in_dbms_metadata,unavailable,0.9875300415905134
364741693,1,1,0.003401360544217687,expanded_target_project,not_in_dbms_metadata,unavailable,0.9875372371810555
364992209,1,1,0.003401360544217687,expanded_target_project,not_in_dbms_metadata,unavailable,0.9875444327715975
365005377,1,1,0.003401360544217687,expanded_target_project,not_in_dbms_metadata,unavailable,0.9875516283621397
365099290,1,1,0.003401360544217687,expanded_target_project,not_in_dbms_metadata,unavailable,0.9875588239526818
365367675,1,1,0.003401360544217687,expanded_target_project,not_in_dbms_metadata,unavailable,0.9875660195432239
36552873,1,1,0.003401360544217687,expanded_target_project,not_in_dbms_metadata,unavailable,0.9875732151337661
365818754,1,1,0.003401360544217687,expanded_target_project,not_in_dbms_metadata,unavailable,0.9875804107243081
3664596,1,1,0.003401360544217687,expanded_target_project,not_in_dbms_metadata,unavailable,0.9875876063148502
36654353,1,1,0.003401360544217687,expanded_target_project,not_in_dbms_metadata,unavailable,0.9875948019053924
367032142,1,1,0.003401360544217687,expanded_target_project,not_in_dbms_metadata,unavailable,0.9876019974959345
367077563,1,1,0.003401360544217687,expanded_target_project,not_in_dbms_metadata,unavailable,0.9876091930864767
367668551,1,1,0.003401360544217687,expanded_target_project,not_in_dbms_metadata,unavailable,0.9876163886770187
36778364,1,1,0.003401360544217687,expanded_target_project,Document,dbms_metadata,0.9876235842675608
368135119,1,1,0.003401360544217687,expanded_target_project,not_in_dbms_metadata,unavailable,0.987630779858103
36835663,1,1,0.003401360544217687,expanded_target_project,not_in_dbms_metadata,unavailable,0.9876379754486451
368683828,1,1,0.003401360544217687,expanded_target_project,not_in_dbms_metadata,unavailable,0.9876451710391871
369486739,1,1,0.003401360544217687,expanded_target_project,not_in_dbms_metadata,unavailable,0.9876523666297293
369588765,1,1,0.003401360544217687,expanded_target_project,not_in_dbms_metadata,unavailable,0.9876595622202714
369656460,1,1,0.003401360544217687,expanded_target_project,not_in_dbms_metadata,unavailable,0.9876667578108135
370644553,1,1,0.003401360544217687,expanded_target_project,not_in_dbms_metadata,unavailable,0.9876739534013557
371468,1,1,0.003401360544217687,expanded_target_project,not_in_dbms_metadata,unavailable,0.9876811489918977
371660676,1,1,0.003401360544217687,expanded_target_project,not_in_dbms_metadata,unavailable,0.9876883445824399
372675120,1,1,0.003401360544217687,expanded_target_project,not_in_dbms_metadata,unavailable,0.987695540172982
37282287,1,1,0.003401360544217687,expanded_target_project,not_in_dbms_metadata,unavailable,0.9877027357635241
37308208,1,1,0.003401360544217687,expanded_target_project,not_in_dbms_metadata,unavailable,0.9877099313540663
373163805,1,1,0.003401360544217687,expanded_target_project,not_in_dbms_metadata,unavailable,0.9877171269446083
373800628,1,1,0.003401360544217687,expanded_target_project,not_in_dbms_metadata,unavailable,0.9877243225351504
374436184,1,1,0.003401360544217687,expanded_target_project,not_in_dbms_metadata,unavailable,0.9877315181256926
374846113,1,1,0.003401360544217687,expanded_target_project,not_in_dbms_metadata,unavailable,0.9877387137162347
374992541,1,1,0.003401360544217687,expanded_target_project,not_in_dbms_metadata,unavailable,0.9877459093067769
375032116,1,1,0.003401360544217687,expanded_target_project,not_in_dbms_metadata,unavailable,0.9877531048973189
375265367,1,1,0.003401360544217687,expanded_target_project,not_in_dbms_metadata,unavailable,0.987760300487861
375499480,1,1,0.003401360544217687,expanded_target_project,not_in_dbms_metadata,unavailable,0.9877674960784032
375724253,1,1,0.003401360544217687,expanded_target_project,not_in_dbms_metadata,unavailable,0.9877746916689453
375842397,1,1,0.003401360544217687,expanded_target_project,not_in_dbms_metadata,unavailable,0.9877818872594873
37631091,1,1,0.003401360544217687,expanded_target_project,not_in_dbms_metadata,unavailable,0.9877890828500295
37754268,1,1,0.003401360544217687,expanded_target_project,not_in_dbms_metadata,unavailable,0.9877962784405716
377881607,1,1,0.003401360544217687,expanded_target_project,not_in_dbms_metadata,unavailable,0.9878034740311137
378817967,1,1,0.003401360544217687,expanded_target_project,not_in_dbms_metadata,unavailable,0.9878106696216559
379008980,1,1,0.003401360544217687,expanded_target_project,not_in_dbms_metadata,unavailable,0.9878178652121979
37900915,1,1,0.003401360544217687,expanded_target_project,not_in_dbms_metadata,unavailable,0.9878250608027401
379174547,1,1,0.003401360544217687,expanded_target_project,not_in_dbms_metadata,unavailable,0.9878322563932822
379201052,1,1,0.003401360544217687,expanded_target_project,not_in_dbms_metadata,unavailable,0.9878394519838243
379939977,1,1,0.003401360544217687,expanded_target_project,not_in_dbms_metadata,unavailable,0.9878466475743665
3811518,1,1,0.003401360544217687,expanded_target_project,not_in_dbms_metadata,unavailable,0.9878538431649085
381428400,1,1,0.003401360544217687,expanded_target_project,not_in_dbms_metadata,unavailable,0.9878610387554506
381455151,1,1,0.003401360544217687,expanded_target_project,not_in_dbms_metadata,unavailable,0.9878682343459928
38153503,1,1,0.003401360544217687,expanded_target_project,not_in_dbms_metadata,unavailable,0.9878754299365349
38279457,1,1,0.003401360544217687,expanded_target_project,not_in_dbms_metadata,unavailable,0.987882625527077
382800841,1,1,0.003401360544217687,expanded_target_project,not_in_dbms_metadata,unavailable,0.9878898211176191
383020697,1,1,0.003401360544217687,expanded_target_project,not_in_dbms_metadata,unavailable,0.9878970167081612
383428435,1,1,0.003401360544217687,expanded_target_project,not_in_dbms_metadata,unavailable,0.9879042122987034
383482440,1,1,0.003401360544217687,expanded_target_project,not_in_dbms_metadata,unavailable,0.9879114078892455
383707539,1,1,0.003401360544217687,expanded_target_project,not_in_dbms_metadata,unavailable,0.9879186034797875
383855027,1,1,0.003401360544217687,expanded_target_project,not_in_dbms_metadata,unavailable,0.9879257990703297
384132842,1,1,0.003401360544217687,expanded_target_project,not_in_dbms_metadata,unavailable,0.9879329946608718
384191524,1,1,0.003401360544217687,expanded_target_project,not_in_dbms_metadata,unavailable,0.9879401902514139
38451868,1,1,0.003401360544217687,expanded_target_project,not_in_dbms_metadata,unavailable,0.9879473858419561
385426741,1,1,0.003401360544217687,expanded_target_project,not_in_dbms_metadata,unavailable,0.9879545814324981
385658067,1,1,0.003401360544217687,expanded_target_project,not_in_dbms_metadata,unavailable,0.9879617770230403
385693693,1,1,0.003401360544217687,expanded_target_project,not_in_dbms_metadata,unavailable,0.9879689726135824
385694529,1,1,0.003401360544217687,expanded_target_project,not_in_dbms_metadata,unavailable,0.9879761682041245
386053978,1,1,0.003401360544217687,expanded_target_project,not_in_dbms_metadata,unavailable,0.9879833637946667
386095335,1,1,0.003401360544217687,expanded_target_project,not_in_dbms_metadata,unavailable,0.9879905593852087
386788697,1,1,0.003401360544217687,expanded_target_project,not_in_dbms_metadata,unavailable,0.9879977549757508
387065774,1,1,0.003401360544217687,expanded_target_project,not_in_dbms_metadata,unavailable,0.988004950566293
387547755,1,1,0.003401360544217687,expanded_target_project,not_in_dbms_metadata,unavailable,0.9880121461568351
3877327,1,1,0.003401360544217687,expanded_target_project,not_in_dbms_metadata,unavailable,0.9880193417473772
38800748,1,1,0.003401360544217687,expanded_target_project,not_in_dbms_metadata,unavailable,0.9880265373379193
388015125,1,1,0.003401360544217687,expanded_target_project,not_in_dbms_metadata,unavailable,0.9880337329284614
388225543,1,1,0.003401360544217687,expanded_target_project,not_in_dbms_metadata,unavailable,0.9880409285190036
388268970,1,1,0.003401360544217687,expanded_target_project,not_in_dbms_metadata,unavailable,0.9880481241095457
388881093,1,1,0.003401360544217687,expanded_target_project,not_in_dbms_metadata,unavailable,0.9880553197000878
388883534,1,1,0.003401360544217687,expanded_target_project,not_in_dbms_metadata,unavailable,0.9880625152906299
388885253,1,1,0.003401360544217687,expanded_target_project,not_in_dbms_metadata,unavailable,0.988069710881172
389390208,1,1,0.003401360544217687,expanded_target_project,not_in_dbms_metadata,unavailable,0.9880769064717141
3894929,1,1,0.003401360544217687,expanded_target_project,not_in_dbms_metadata,unavailable,0.9880841020622563
389745284,1,1,0.003401360544217687,expanded_target_project,not_in_dbms_metadata,unavailable,0.9880912976527984
390324364,1,1,0.003401360544217687,expanded_target_project,not_in_dbms_metadata,unavailable,0.9880984932433404
39038086,1,1,0.003401360544217687,expanded_target_project,not_in_dbms_metadata,unavailable,0.9881056888338826
390505378,1,1,0.003401360544217687,expanded_target_project,not_in_dbms_metadata,unavailable,0.9881128844244247
39107211,1,1,0.003401360544217687,expanded_target_project,not_in_dbms_metadata,unavailable,0.9881200800149669
39111193,1,1,0.003401360544217687,expanded_target_project,not_in_dbms_metadata,unavailable,0.988127275605509
3911430,1,1,0.003401360544217687,expanded_target_project,not_in_dbms_metadata,unavailable,0.988134471196051
39144867,1,1,0.003401360544217687,expanded_target_project,not_in_dbms_metadata,unavailable,0.9881416667865932
392714630,1,1,0.003401360544217687,expanded_target_project,not_in_dbms_metadata,unavailable,0.9881488623771353
39285768,1,1,0.003401360544217687,expanded_target_project,not_in_dbms_metadata,unavailable,0.9881560579676774
392918204,1,1,0.003401360544217687,expanded_target_project,not_in_dbms_metadata,unavailable,0.9881632535582195
393562005,1,1,0.003401360544217687,expanded_target_project,not_in_dbms_metadata,unavailable,0.9881704491487616
394523815,1,1,0.003401360544217687,expanded_target_project,not_in_dbms_metadata,unavailable,0.9881776447393038
394789638,1,1,0.003401360544217687,expanded_target_project,not_in_dbms_metadata,unavailable,0.9881848403298459
395260989,1,1,0.003401360544217687,expanded_target_project,not_in_dbms_metadata,unavailable,0.988192035920388
3954884,1,1,0.003401360544217687,expanded_target_project,not_in_dbms_metadata,unavailable,0.9881992315109301
395696124,1,1,0.003401360544217687,expanded_target_project,not_in_dbms_metadata,unavailable,0.9882064271014722
39573021,1,1,0.003401360544217687,expanded_target_project,not_in_dbms_metadata,unavailable,0.9882136226920143
39595126,1,1,0.003401360544217687,expanded_target_project,not_in_dbms_metadata,unavailable,0.9882208182825565
396684289,1,1,0.003401360544217687,expanded_target_project,not_in_dbms_metadata,unavailable,0.9882280138730986
397826175,1,1,0.003401360544217687,expanded_target_project,not_in_dbms_metadata,unavailable,0.9882352094636406
39816691,1,1,0.003401360544217687,expanded_target_project,not_in_dbms_metadata,unavailable,0.9882424050541828
398329217,1,1,0.003401360544217687,expanded_target_project,not_in_dbms_metadata,unavailable,0.9882496006447249
398516876,1,1,0.003401360544217687,expanded_target_project,not_in_dbms_metadata,unavailable,0.9882567962352671
398732697,1,1,0.003401360544217687,expanded_target_project,not_in_dbms_metadata,unavailable,0.9882639918258092
399244124,1,1,0.003401360544217687,expanded_target_project,not_in_dbms_metadata,unavailable,0.9882711874163512
39945883,1,1,0.003401360544217687,expanded_target_project,not_in_dbms_metadata,unavailable,0.9882783830068934
40029196,1,1,0.003401360544217687,expanded_target_project,not_in_dbms_metadata,unavailable,0.9882855785974355
400492523,1,1,0.003401360544217687,expanded_target_project,not_in_dbms_metadata,unavailable,0.9882927741879776
401531966,1,1,0.003401360544217687,expanded_target_project,not_in_dbms_metadata,unavailable,0.9882999697785197
4015965,1,1,0.003401360544217687,expanded_target_project,not_in_dbms_metadata,unavailable,0.9883071653690618
401599965,1,1,0.003401360544217687,expanded_target_project,not_in_dbms_metadata,unavailable,0.9883143609596039
401621478,1,1,0.003401360544217687,expanded_target_project,not_in_dbms_metadata,unavailable,0.9883215565501461
40200644,1,1,0.003401360544217687,expanded_target_project,not_in_dbms_metadata,unavailable,0.9883287521406882
402121073,1,1,0.003401360544217687,expanded_target_project,not_in_dbms_metadata,unavailable,0.9883359477312303
40219422,1,1,0.003401360544217687,expanded_target_project,not_in_dbms_metadata,unavailable,0.9883431433217724
40276274,1,1,0.003401360544217687,expanded_target_project,not_in_dbms_metadata,unavailable,0.9883503389123145
403020531,1,1,0.003401360544217687,expanded_target_project,not_in_dbms_metadata,unavailable,0.9883575345028567
403248238,1,1,0.003401360544217687,expanded_target_project,not_in_dbms_metadata,unavailable,0.9883647300933988
403331298,1,1,0.003401360544217687,expanded_target_project,not_in_dbms_metadata,unavailable,0.9883719256839408
403351442,1,1,0.003401360544217687,expanded_target_project,not_in_dbms_metadata,unavailable,0.988379121274483
403449752,1,1,0.003401360544217687,expanded_target_project,not_in_dbms_metadata,unavailable,0.9883863168650251
403691920,1,1,0.003401360544217687,expanded_target_project,not_in_dbms_metadata,unavailable,0.9883935124555673
403744638,1,1,0.003401360544217687,expanded_target_project,not_in_dbms_metadata,unavailable,0.9884007080461094
403880807,1,1,0.003401360544217687,expanded_target_project,not_in_dbms_metadata,unavailable,0.9884079036366514
404143034,1,1,0.003401360544217687,expanded_target_project,not_in_dbms_metadata,unavailable,0.9884150992271936
404144554,1,1,0.003401360544217687,expanded_target_project,not_in_dbms_metadata,unavailable,0.9884222948177357
404184160,1,1,0.003401360544217687,expanded_target_project,not_in_dbms_metadata,unavailable,0.9884294904082778
404607321,1,1,0.003401360544217687,expanded_target_project,not_in_dbms_metadata,unavailable,0.98843668599882
40518025,1,1,0.003401360544217687,expanded_target_project,not_in_dbms_metadata,unavailable,0.988443881589362
405898839,1,1,0.003401360544217687,expanded_target_project,not_in_dbms_metadata,unavailable,0.9884510771799041
40620773,1,1,0.003401360544217687,expanded_target_project,not_in_dbms_metadata,unavailable,0.9884582727704463
406681532,1,1,0.003401360544217687,expanded_target_project,not_in_dbms_metadata,unavailable,0.9884654683609884
4069172,1,1,0.003401360544217687,expanded_target_project,not_in_dbms_metadata,unavailable,0.9884726639515306
406919684,1,1,0.003401360544217687,expanded_target_project,not_in_dbms_metadata,unavailable,0.9884798595420726
406999479,1,1,0.003401360544217687,expanded_target_project,not_in_dbms_metadata,unavailable,0.9884870551326147
40741114,1,1,0.003401360544217687,expanded_target_project,not_in_dbms_metadata,unavailable,0.9884942507231569
407468498,1,1,0.003401360544217687,expanded_target_project,not_in_dbms_metadata,unavailable,0.988501446313699
408387870,1,1,0.003401360544217687,expanded_target_project,not_in_dbms_metadata,unavailable,0.988508641904241
408822193,1,1,0.003401360544217687,expanded_target_project,not_in_dbms_metadata,unavailable,0.9885158374947832
409279159,1,1,0.003401360544217687,expanded_target_project,not_in_dbms_metadata,unavailable,0.9885230330853253
409296208,1,1,0.003401360544217687,expanded_target_project,not_in_dbms_metadata,unavailable,0.9885302286758675
409307855,1,1,0.003401360544217687,expanded_target_project,not_in_dbms_metadata,unavailable,0.9885374242664096
409370186,1,1,0.003401360544217687,expanded_target_project,not_in_dbms_metadata,unavailable,0.9885446198569516
409392206,1,1,0.003401360544217687,expanded_target_project,not_in_dbms_metadata,unavailable,0.9885518154474938
409505495,1,1,0.003401360544217687,expanded_target_project,not_in_dbms_metadata,unavailable,0.9885590110380359
409565500,1,1,0.003401360544217687,expanded_target_project,not_in_dbms_metadata,unavailable,0.988566206628578
410139456,1,1,0.003401360544217687,expanded_target_project,not_in_dbms_metadata,unavailable,0.9885734022191202
411442387,1,1,0.003401360544217687,expanded_target_project,not_in_dbms_metadata,unavailable,0.9885805978096622
411502985,1,1,0.003401360544217687,expanded_target_project,not_in_dbms_metadata,unavailable,0.9885877934002043
41175020,1,1,0.003401360544217687,expanded_target_project,not_in_dbms_metadata,unavailable,0.9885949889907465
41179827,1,1,0.003401360544217687,expanded_target_project,not_in_dbms_metadata,unavailable,0.9886021845812886
412357715,1,1,0.003401360544217687,expanded_target_project,not_in_dbms_metadata,unavailable,0.9886093801718308
412395318,1,1,0.003401360544217687,expanded_target_project,not_in_dbms_metadata,unavailable,0.9886165757623728
41242592,1,1,0.003401360544217687,expanded_target_project,not_in_dbms_metadata,unavailable,0.9886237713529149
412586952,1,1,0.003401360544217687,expanded_target_project,not_in_dbms_metadata,unavailable,0.9886309669434571
41317079,1,1,0.003401360544217687,expanded_target_project,not_in_dbms_metadata,unavailable,0.9886381625339992
413873228,1,1,0.003401360544217687,expanded_target_project,not_in_dbms_metadata,unavailable,0.9886453581245412
41420773,1,1,0.003401360544217687,expanded_target_project,not_in_dbms_metadata,unavailable,0.9886525537150834
414369883,1,1,0.003401360544217687,expanded_target_project,not_in_dbms_metadata,unavailable,0.9886597493056255
414487414,1,1,0.003401360544217687,expanded_target_project,not_in_dbms_metadata,unavailable,0.9886669448961676
414515727,1,1,0.003401360544217687,expanded_target_project,not_in_dbms_metadata,unavailable,0.9886741404867098
414613150,1,1,0.003401360544217687,expanded_target_project,not_in_dbms_metadata,unavailable,0.9886813360772518
415117331,1,1,0.003401360544217687,expanded_target_project,not_in_dbms_metadata,unavailable,0.988688531667794
415573763,1,1,0.003401360544217687,expanded_target_project,not_in_dbms_metadata,unavailable,0.9886957272583361
415741642,1,1,0.003401360544217687,expanded_target_project,not_in_dbms_metadata,unavailable,0.9887029228488782
415771369,1,1,0.003401360544217687,expanded_target_project,not_in_dbms_metadata,unavailable,0.9887101184394204
416141899,1,1,0.003401360544217687,expanded_target_project,not_in_dbms_metadata,unavailable,0.9887173140299624
416144775,1,1,0.003401360544217687,expanded_target_project,not_in_dbms_metadata,unavailable,0.9887245096205045
416232706,1,1,0.003401360544217687,expanded_target_project,not_in_dbms_metadata,unavailable,0.9887317052110467
416232973,1,1,0.003401360544217687,expanded_target_project,not_in_dbms_metadata,unavailable,0.9887389008015888
416307049,1,1,0.003401360544217687,expanded_target_project,not_in_dbms_metadata,unavailable,0.988746096392131
416356262,1,1,0.003401360544217687,expanded_target_project,not_in_dbms_metadata,unavailable,0.988753291982673
41659639,1,1,0.003401360544217687,expanded_target_project,not_in_dbms_metadata,unavailable,0.9887604875732151
41681600,1,1,0.003401360544217687,expanded_target_project,not_in_dbms_metadata,unavailable,0.9887676831637573
417132124,1,1,0.003401360544217687,expanded_target_project,not_in_dbms_metadata,unavailable,0.9887748787542994
417633116,1,1,0.003401360544217687,expanded_target_project,not_in_dbms_metadata,unavailable,0.9887820743448414
41767943,1,1,0.003401360544217687,expanded_target_project,not_in_dbms_metadata,unavailable,0.9887892699353836
41824974,1,1,0.003401360544217687,expanded_target_project,not_in_dbms_metadata,unavailable,0.9887964655259257
418276612,1,1,0.003401360544217687,expanded_target_project,not_in_dbms_metadata,unavailable,0.9888036611164678
418433841,1,1,0.003401360544217687,expanded_target_project,not_in_dbms_metadata,unavailable,0.98881085670701
418902234,1,1,0.003401360544217687,expanded_target_project,not_in_dbms_metadata,unavailable,0.988818052297552
419571031,1,1,0.003401360544217687,expanded_target_project,not_in_dbms_metadata,unavailable,0.9888252478880942
41964498,1,1,0.003401360544217687,expanded_target_project,not_in_dbms_metadata,unavailable,0.9888324434786363
41969076,1,1,0.003401360544217687,expanded_target_project,not_in_dbms_metadata,unavailable,0.9888396390691784
419705751,1,1,0.003401360544217687,expanded_target_project,not_in_dbms_metadata,unavailable,0.9888468346597206
41986662,1,1,0.003401360544217687,expanded_target_project,not_in_dbms_metadata,unavailable,0.9888540302502626
420026145,1,1,0.003401360544217687,expanded_target_project,not_in_dbms_metadata,unavailable,0.9888612258408047
420067157,1,1,0.003401360544217687,expanded_target_project,not_in_dbms_metadata,unavailable,0.9888684214313469
420582125,1,1,0.003401360544217687,expanded_target_project,not_in_dbms_metadata,unavailable,0.988875617021889
42078666,1,1,0.003401360544217687,expanded_target_project,not_in_dbms_metadata,unavailable,0.988882812612431
42149336,1,1,0.003401360544217687,expanded_target_project,not_in_dbms_metadata,unavailable,0.9888900082029732
421609857,1,1,0.003401360544217687,expanded_target_project,not_in_dbms_metadata,unavailable,0.9888972037935153
421898654,1,1,0.003401360544217687,expanded_target_project,not_in_dbms_metadata,unavailable,0.9889043993840575
42237038,1,1,0.003401360544217687,expanded_target_project,not_in_dbms_metadata,unavailable,0.9889115949745996
42244830,1,1,0.003401360544217687,expanded_target_project,not_in_dbms_metadata,unavailable,0.9889187905651416
422821402,1,1,0.003401360544217687,seed_project,Document,seed_manifest,0.9889259861556838
423691236,1,1,0.003401360544217687,expanded_target_project,not_in_dbms_metadata,unavailable,0.9889331817462259
423712737,1,1,0.003401360544217687,expanded_target_project,not_in_dbms_metadata,unavailable,0.988940377336768
423942690,1,1,0.003401360544217687,expanded_target_project,not_in_dbms_metadata,unavailable,0.9889475729273102
42479602,1,1,0.003401360544217687,expanded_target_project,not_in_dbms_metadata,unavailable,0.9889547685178522
42494717,1,1,0.003401360544217687,expanded_target_project,not_in_dbms_metadata,unavailable,0.9889619641083944
425358390,1,1,0.003401360544217687,expanded_target_project,not_in_dbms_metadata,unavailable,0.9889691596989365
426559977,1,1,0.003401360544217687,expanded_target_project,not_in_dbms_metadata,unavailable,0.9889763552894786
426758144,1,1,0.003401360544217687,expanded_target_project,not_in_dbms_metadata,unavailable,0.9889835508800208
42679047,1,1,0.003401360544217687,expanded_target_project,not_in_dbms_metadata,unavailable,0.9889907464705628
426969608,1,1,0.003401360544217687,expanded_target_project,not_in_dbms_metadata,unavailable,0.9889979420611049
427247481,1,1,0.003401360544217687,expanded_target_project,not_in_dbms_metadata,unavailable,0.9890051376516471
42728217,1,1,0.003401360544217687,expanded_target_project,not_in_dbms_metadata,unavailable,0.9890123332421892
427493431,1,1,0.003401360544217687,expanded_target_project,not_in_dbms_metadata,unavailable,0.9890195288327313
42763345,1,1,0.003401360544217687,expanded_target_project,not_in_dbms_metadata,unavailable,0.9890267244232734
427714336,1,1,0.003401360544217687,expanded_target_project,not_in_dbms_metadata,unavailable,0.9890339200138155
427717011,1,1,0.003401360544217687,expanded_target_project,not_in_dbms_metadata,unavailable,0.9890411156043577
428231308,1,1,0.003401360544217687,expanded_target_project,not_in_dbms_metadata,unavailable,0.9890483111948998
42895929,1,1,0.003401360544217687,expanded_target_project,not_in_dbms_metadata,unavailable,0.9890555067854419
429017214,1,1,0.003401360544217687,expanded_target_project,not_in_dbms_metadata,unavailable,0.989062702375984
429115636,1,1,0.003401360544217687,expanded_target_project,not_in_dbms_metadata,unavailable,0.9890698979665261
429258530,1,1,0.003401360544217687,expanded_target_project,not_in_dbms_metadata,unavailable,0.9890770935570682
429337233,1,1,0.003401360544217687,expanded_target_project,not_in_dbms_metadata,unavailable,0.9890842891476104
429687384,1,1,0.003401360544217687,expanded_target_project,not_in_dbms_metadata,unavailable,0.9890914847381524
430286090,1,1,0.003401360544217687,expanded_target_project,not_in_dbms_metadata,unavailable,0.9890986803286945
430633055,1,1,0.003401360544217687,expanded_target_project,not_in_dbms_metadata,unavailable,0.9891058759192367
4307702,1,1,0.003401360544217687,expanded_target_project,not_in_dbms_metadata,unavailable,0.9891130715097788
431078731,1,1,0.003401360544217687,expanded_target_project,not_in_dbms_metadata,unavailable,0.989120267100321
43111018,1,1,0.003401360544217687,expanded_target_project,not_in_dbms_metadata,unavailable,0.989127462690863
431214669,1,1,0.003401360544217687,expanded_target_project,not_in_dbms_metadata,unavailable,0.9891346582814051
431654395,1,1,0.003401360544217687,expanded_target_project,not_in_dbms_metadata,unavailable,0.9891418538719473
431665427,1,1,0.003401360544217687,expanded_target_project,not_in_dbms_metadata,unavailable,0.9891490494624894
431747333,1,1,0.003401360544217687,expanded_target_project,not_in_dbms_metadata,unavailable,0.9891562450530315
432838863,1,1,0.003401360544217687,expanded_target_project,not_in_dbms_metadata,unavailable,0.9891634406435736
432844875,1,1,0.003401360544217687,seed_project,"Object Oriented,Relational",seed_manifest,0.9891706362341157
433101168,1,1,0.003401360544217687,expanded_target_project,not_in_dbms_metadata,unavailable,0.9891778318246579
433213085,1,1,0.003401360544217687,expanded_target_project,not_in_dbms_metadata,unavailable,0.9891850274152
433653701,1,1,0.003401360544217687,expanded_target_project,not_in_dbms_metadata,unavailable,0.989192223005742
43372634,1,1,0.003401360544217687,expanded_target_project,not_in_dbms_metadata,unavailable,0.9891994185962842
433738623,1,1,0.003401360544217687,expanded_target_project,not_in_dbms_metadata,unavailable,0.9892066141868263
433759186,1,1,0.003401360544217687,expanded_target_project,not_in_dbms_metadata,unavailable,0.9892138097773684
434218673,1,1,0.003401360544217687,expanded_target_project,not_in_dbms_metadata,unavailable,0.9892210053679106
434434408,1,1,0.003401360544217687,expanded_target_project,not_in_dbms_metadata,unavailable,0.9892282009584527
434827479,1,1,0.003401360544217687,expanded_target_project,not_in_dbms_metadata,unavailable,0.9892353965489947
435468683,1,1,0.003401360544217687,expanded_target_project,not_in_dbms_metadata,unavailable,0.9892425921395369
4354801,1,1,0.003401360544217687,expanded_target_project,not_in_dbms_metadata,unavailable,0.989249787730079
43560507,1,1,0.003401360544217687,expanded_target_project,not_in_dbms_metadata,unavailable,0.9892569833206212
435908560,1,1,0.003401360544217687,expanded_target_project,not_in_dbms_metadata,unavailable,0.9892641789111632
436025393,1,1,0.003401360544217687,expanded_target_project,not_in_dbms_metadata,unavailable,0.9892713745017053
436088903,1,1,0.003401360544217687,expanded_target_project,not_in_dbms_metadata,unavailable,0.9892785700922475
436282917,1,1,0.003401360544217687,expanded_target_project,not_in_dbms_metadata,unavailable,0.9892857656827896
436466520,1,1,0.003401360544217687,expanded_target_project,not_in_dbms_metadata,unavailable,0.9892929612733317
43648562,1,1,0.003401360544217687,expanded_target_project,not_in_dbms_metadata,unavailable,0.9893001568638738
436664109,1,1,0.003401360544217687,expanded_target_project,not_in_dbms_metadata,unavailable,0.9893073524544159
43701787,1,1,0.003401360544217687,expanded_target_project,not_in_dbms_metadata,unavailable,0.989314548044958
43723161,1,1,0.003401360544217687,expanded_target_project,not_in_dbms_metadata,unavailable,0.9893217436355002
437782928,1,1,0.003401360544217687,expanded_target_project,not_in_dbms_metadata,unavailable,0.9893289392260423
438001215,1,1,0.003401360544217687,expanded_target_project,not_in_dbms_metadata,unavailable,0.9893361348165844
438175733,1,1,0.003401360544217687,expanded_target_project,not_in_dbms_metadata,unavailable,0.9893433304071265
438414171,1,1,0.003401360544217687,expanded_target_project,not_in_dbms_metadata,unavailable,0.9893505259976686
438625184,1,1,0.003401360544217687,expanded_target_project,not_in_dbms_metadata,unavailable,0.9893577215882108
439011383,1,1,0.003401360544217687,expanded_target_project,not_in_dbms_metadata,unavailable,0.9893649171787529
439055966,1,1,0.003401360544217687,expanded_target_project,not_in_dbms_metadata,unavailable,0.9893721127692949
439124081,1,1,0.003401360544217687,expanded_target_project,not_in_dbms_metadata,unavailable,0.9893793083598371
439232298,1,1,0.003401360544217687,expanded_target_project,not_in_dbms_metadata,unavailable,0.9893865039503792
43976244,1,1,0.003401360544217687,expanded_target_project,not_in_dbms_metadata,unavailable,0.9893936995409214
43977215,1,1,0.003401360544217687,expanded_target_project,not_in_dbms_metadata,unavailable,0.9894008951314635
43997752,1,1,0.003401360544217687,expanded_target_project,not_in_dbms_metadata,unavailable,0.9894080907220055
440310078,1,1,0.003401360544217687,expanded_target_project,not_in_dbms_metadata,unavailable,0.9894152863125477
440548397,1,1,0.003401360544217687,expanded_target_project,not_in_dbms_metadata,unavailable,0.9894224819030898
440582814,1,1,0.003401360544217687,expanded_target_project,not_in_dbms_metadata,unavailable,0.9894296774936319
440807399,1,1,0.003401360544217687,expanded_target_project,not_in_dbms_metadata,unavailable,0.989436873084174
441658598,1,1,0.003401360544217687,expanded_target_project,not_in_dbms_metadata,unavailable,0.9894440686747161
442716595,1,1,0.003401360544217687,expanded_target_project,not_in_dbms_metadata,unavailable,0.9894512642652582
443233186,1,1,0.003401360544217687,expanded_target_project,not_in_dbms_metadata,unavailable,0.9894584598558004
443833295,1,1,0.003401360544217687,expanded_target_project,not_in_dbms_metadata,unavailable,0.9894656554463425
443997241,1,1,0.003401360544217687,expanded_target_project,not_in_dbms_metadata,unavailable,0.9894728510368846
444308997,1,1,0.003401360544217687,expanded_target_project,not_in_dbms_metadata,unavailable,0.9894800466274267
444784633,1,1,0.003401360544217687,expanded_target_project,not_in_dbms_metadata,unavailable,0.9894872422179688
444867182,1,1,0.003401360544217687,expanded_target_project,not_in_dbms_metadata,unavailable,0.989494437808511
44498957,1,1,0.003401360544217687,expanded_target_project,not_in_dbms_metadata,unavailable,0.9895016333990531
445376431,1,1,0.003401360544217687,expanded_target_project,not_in_dbms_metadata,unavailable,0.9895088289895951
445423122,1,1,0.003401360544217687,expanded_target_project,not_in_dbms_metadata,unavailable,0.9895160245801373
445431783,1,1,0.003401360544217687,expanded_target_project,not_in_dbms_metadata,unavailable,0.9895232201706794
445569784,1,1,0.003401360544217687,expanded_target_project,not_in_dbms_metadata,unavailable,0.9895304157612215
445627498,1,1,0.003401360544217687,expanded_target_project,not_in_dbms_metadata,unavailable,0.9895376113517637
446567175,1,1,0.003401360544217687,expanded_target_project,not_in_dbms_metadata,unavailable,0.9895448069423057
446597121,1,1,0.003401360544217687,expanded_target_project,not_in_dbms_metadata,unavailable,0.9895520025328479
446687759,1,1,0.003401360544217687,expanded_target_project,not_in_dbms_metadata,unavailable,0.98955919812339
446812177,1,1,0.003401360544217687,expanded_target_project,not_in_dbms_metadata,unavailable,0.9895663937139321
446937385,1,1,0.003401360544217687,expanded_target_project,not_in_dbms_metadata,unavailable,0.9895735893044743
44702033,1,1,0.003401360544217687,expanded_target_project,not_in_dbms_metadata,unavailable,0.9895807848950163
447103949,1,1,0.003401360544217687,expanded_target_project,not_in_dbms_metadata,unavailable,0.9895879804855584
447154263,1,1,0.003401360544217687,expanded_target_project,not_in_dbms_metadata,unavailable,0.9895951760761006
44733039,1,1,0.003401360544217687,expanded_target_project,not_in_dbms_metadata,unavailable,0.9896023716666427
447544746,1,1,0.003401360544217687,expanded_target_project,not_in_dbms_metadata,unavailable,0.9896095672571849
447659577,1,1,0.003401360544217687,expanded_target_project,not_in_dbms_metadata,unavailable,0.9896167628477269
448111235,1,1,0.003401360544217687,expanded_target_project,not_in_dbms_metadata,unavailable,0.989623958438269
448141955,1,1,0.003401360544217687,expanded_target_project,not_in_dbms_metadata,unavailable,0.9896311540288112
449206656,1,1,0.003401360544217687,expanded_target_project,not_in_dbms_metadata,unavailable,0.9896383496193533
449438333,1,1,0.003401360544217687,expanded_target_project,not_in_dbms_metadata,unavailable,0.9896455452098953
449643557,1,1,0.003401360544217687,expanded_target_project,not_in_dbms_metadata,unavailable,0.9896527408004375
450105602,1,1,0.003401360544217687,expanded_target_project,not_in_dbms_metadata,unavailable,0.9896599363909796
450183621,1,1,0.003401360544217687,expanded_target_project,not_in_dbms_metadata,unavailable,0.9896671319815217
451254817,1,1,0.003401360544217687,expanded_target_project,not_in_dbms_metadata,unavailable,0.9896743275720639
451415113,1,1,0.003401360544217687,expanded_target_project,not_in_dbms_metadata,unavailable,0.9896815231626059
451511457,1,1,0.003401360544217687,expanded_target_project,not_in_dbms_metadata,unavailable,0.9896887187531481
451543819,1,1,0.003401360544217687,expanded_target_project,not_in_dbms_metadata,unavailable,0.9896959143436902
451562730,1,1,0.003401360544217687,expanded_target_project,not_in_dbms_metadata,unavailable,0.9897031099342323
451686445,1,1,0.003401360544217687,expanded_target_project,not_in_dbms_metadata,unavailable,0.9897103055247745
451988788,1,1,0.003401360544217687,expanded_target_project,not_in_dbms_metadata,unavailable,0.9897175011153165
45200599,1,1,0.003401360544217687,expanded_target_project,not_in_dbms_metadata,unavailable,0.9897246967058586
45202495,1,1,0.003401360544217687,expanded_target_project,not_in_dbms_metadata,unavailable,0.9897318922964008
452575658,1,1,0.003401360544217687,expanded_target_project,not_in_dbms_metadata,unavailable,0.9897390878869429
452618038,1,1,0.003401360544217687,expanded_target_project,not_in_dbms_metadata,unavailable,0.989746283477485
453580393,1,1,0.003401360544217687,expanded_target_project,not_in_dbms_metadata,unavailable,0.9897534790680271
453631903,1,1,0.003401360544217687,expanded_target_project,not_in_dbms_metadata,unavailable,0.9897606746585692
4537118,1,1,0.003401360544217687,expanded_target_project,not_in_dbms_metadata,unavailable,0.9897678702491114
454528656,1,1,0.003401360544217687,expanded_target_project,not_in_dbms_metadata,unavailable,0.9897750658396535
454636702,1,1,0.003401360544217687,expanded_target_project,not_in_dbms_metadata,unavailable,0.9897822614301955
45497910,1,1,0.003401360544217687,expanded_target_project,not_in_dbms_metadata,unavailable,0.9897894570207377
45498365,1,1,0.003401360544217687,expanded_target_project,not_in_dbms_metadata,unavailable,0.9897966526112798
455229168,1,1,0.003401360544217687,expanded_target_project,not_in_dbms_metadata,unavailable,0.9898038482018219
455590766,1,1,0.003401360544217687,expanded_target_project,not_in_dbms_metadata,unavailable,0.9898110437923641
456672770,1,1,0.003401360544217687,expanded_target_project,not_in_dbms_metadata,unavailable,0.9898182393829061
456938055,1,1,0.003401360544217687,expanded_target_project,not_in_dbms_metadata,unavailable,0.9898254349734483
45717250,1,1,0.003401360544217687,expanded_target_project,not_in_dbms_metadata,unavailable,0.9898326305639904
457619173,1,1,0.003401360544217687,expanded_target_project,not_in_dbms_metadata,unavailable,0.9898398261545325
457979282,1,1,0.003401360544217687,expanded_target_project,not_in_dbms_metadata,unavailable,0.9898470217450747
458226256,1,1,0.003401360544217687,expanded_target_project,not_in_dbms_metadata,unavailable,0.9898542173356167
458283258,1,1,0.003401360544217687,expanded_target_project,not_in_dbms_metadata,unavailable,0.9898614129261588
45832751,1,1,0.003401360544217687,expanded_target_project,not_in_dbms_metadata,unavailable,0.989868608516701
460077424,1,1,0.003401360544217687,expanded_target_project,not_in_dbms_metadata,unavailable,0.9898758041072431
46083140,1,1,0.003401360544217687,expanded_target_project,not_in_dbms_metadata,unavailable,0.9898829996977851
461140045,1,1,0.003401360544217687,expanded_target_project,not_in_dbms_metadata,unavailable,0.9898901952883273
461622431,1,1,0.003401360544217687,expanded_target_project,not_in_dbms_metadata,unavailable,0.9898973908788694
461846029,1,1,0.003401360544217687,expanded_target_project,not_in_dbms_metadata,unavailable,0.9899045864694116
461899442,1,1,0.003401360544217687,expanded_target_project,not_in_dbms_metadata,unavailable,0.9899117820599537
462292,1,1,0.003401360544217687,expanded_target_project,not_in_dbms_metadata,unavailable,0.9899189776504957
462355231,1,1,0.003401360544217687,expanded_target_project,not_in_dbms_metadata,unavailable,0.9899261732410379
462601000,1,1,0.003401360544217687,expanded_target_project,not_in_dbms_metadata,unavailable,0.98993336883158
462937884,1,1,0.003401360544217687,expanded_target_project,not_in_dbms_metadata,unavailable,0.9899405644221221
463144212,1,1,0.003401360544217687,expanded_target_project,not_in_dbms_metadata,unavailable,0.9899477600126643
463247491,1,1,0.003401360544217687,expanded_target_project,not_in_dbms_metadata,unavailable,0.9899549556032063
46328956,1,1,0.003401360544217687,expanded_target_project,not_in_dbms_metadata,unavailable,0.9899621511937484
463346794,1,1,0.003401360544217687,expanded_target_project,not_in_dbms_metadata,unavailable,0.9899693467842906
463453836,1,1,0.003401360544217687,expanded_target_project,not_in_dbms_metadata,unavailable,0.9899765423748327
46347857,1,1,0.003401360544217687,expanded_target_project,not_in_dbms_metadata,unavailable,0.9899837379653749
463656695,1,1,0.003401360544217687,expanded_target_project,not_in_dbms_metadata,unavailable,0.9899909335559169
46379698,1,1,0.003401360544217687,expanded_target_project,not_in_dbms_metadata,unavailable,0.989998129146459
46420463,1,1,0.003401360544217687,expanded_target_project,not_in_dbms_metadata,unavailable,0.9900053247370012
46425250,1,1,0.003401360544217687,expanded_target_project,not_in_dbms_metadata,unavailable,0.9900125203275433
464597232,1,1,0.003401360544217687,expanded_target_project,not_in_dbms_metadata,unavailable,0.9900197159180854
464893163,1,1,0.003401360544217687,expanded_target_project,not_in_dbms_metadata,unavailable,0.9900269115086275
464980742,1,1,0.003401360544217687,expanded_target_project,not_in_dbms_metadata,unavailable,0.9900341070991696
46504130,1,1,0.003401360544217687,expanded_target_project,not_in_dbms_metadata,unavailable,0.9900413026897118
465431114,1,1,0.003401360544217687,expanded_target_project,not_in_dbms_metadata,unavailable,0.9900484982802539
46598496,1,1,0.003401360544217687,expanded_target_project,not_in_dbms_metadata,unavailable,0.990055693870796
466440406,1,1,0.003401360544217687,expanded_target_project,not_in_dbms_metadata,unavailable,0.9900628894613381
466498609,1,1,0.003401360544217687,expanded_target_project,not_in_dbms_metadata,unavailable,0.9900700850518802
466757879,1,1,0.003401360544217687,expanded_target_project,not_in_dbms_metadata,unavailable,0.9900772806424223
467164901,1,1,0.003401360544217687,expanded_target_project,not_in_dbms_metadata,unavailable,0.9900844762329645
467305201,1,1,0.003401360544217687,expanded_target_project,not_in_dbms_metadata,unavailable,0.9900916718235065
46755224,1,1,0.003401360544217687,expanded_target_project,not_in_dbms_metadata,unavailable,0.9900988674140486
4685187,1,1,0.003401360544217687,expanded_target_project,not_in_dbms_metadata,unavailable,0.9901060630045908
468964083,1,1,0.003401360544217687,expanded_target_project,not_in_dbms_metadata,unavailable,0.9901132585951329
4690278,1,1,0.003401360544217687,expanded_target_project,not_in_dbms_metadata,unavailable,0.9901204541856751
469345703,1,1,0.003401360544217687,expanded_target_project,not_in_dbms_metadata,unavailable,0.9901276497762171
469712953,1,1,0.003401360544217687,expanded_target_project,not_in_dbms_metadata,unavailable,0.9901348453667592
469828818,1,1,0.003401360544217687,expanded_target_project,not_in_dbms_metadata,unavailable,0.9901420409573014
46998787,1,1,0.003401360544217687,expanded_target_project,not_in_dbms_metadata,unavailable,0.9901492365478435
470126561,1,1,0.003401360544217687,expanded_target_project,not_in_dbms_metadata,unavailable,0.9901564321383856
470195531,1,1,0.003401360544217687,expanded_target_project,not_in_dbms_metadata,unavailable,0.9901636277289277
470873369,1,1,0.003401360544217687,expanded_target_project,not_in_dbms_metadata,unavailable,0.9901708233194698
470954148,1,1,0.003401360544217687,expanded_target_project,not_in_dbms_metadata,unavailable,0.9901780189100119
471459709,1,1,0.003401360544217687,expanded_target_project,not_in_dbms_metadata,unavailable,0.9901852145005541
47190624,1,1,0.003401360544217687,expanded_target_project,not_in_dbms_metadata,unavailable,0.9901924100910962
47203045,1,1,0.003401360544217687,expanded_target_project,not_in_dbms_metadata,unavailable,0.9901996056816383
472230828,1,1,0.003401360544217687,expanded_target_project,not_in_dbms_metadata,unavailable,0.9902068012721804
472893587,1,1,0.003401360544217687,expanded_target_project,not_in_dbms_metadata,unavailable,0.9902139968627225
472909832,1,1,0.003401360544217687,expanded_target_project,not_in_dbms_metadata,unavailable,0.9902211924532647
472961423,1,1,0.003401360544217687,expanded_target_project,not_in_dbms_metadata,unavailable,0.9902283880438068
47409672,1,1,0.003401360544217687,expanded_target_project,not_in_dbms_metadata,unavailable,0.9902355836343488
474191681,1,1,0.003401360544217687,expanded_target_project,not_in_dbms_metadata,unavailable,0.990242779224891
474609551,1,1,0.003401360544217687,expanded_target_project,not_in_dbms_metadata,unavailable,0.9902499748154331
474841422,1,1,0.003401360544217687,expanded_target_project,not_in_dbms_metadata,unavailable,0.9902571704059753
474982484,1,1,0.003401360544217687,expanded_target_project,not_in_dbms_metadata,unavailable,0.9902643659965173
475016659,1,1,0.003401360544217687,expanded_target_project,not_in_dbms_metadata,unavailable,0.9902715615870594
47574295,1,1,0.003401360544217687,expanded_target_project,not_in_dbms_metadata,unavailable,0.9902787571776016
475909036,1,1,0.003401360544217687,expanded_target_project,not_in_dbms_metadata,unavailable,0.9902859527681437
476322310,1,1,0.003401360544217687,expanded_target_project,not_in_dbms_metadata,unavailable,0.9902931483586858
476381845,1,1,0.003401360544217687,expanded_target_project,not_in_dbms_metadata,unavailable,0.990300343949228
476548123,1,1,0.003401360544217687,expanded_target_project,not_in_dbms_metadata,unavailable,0.99030753953977
47662468,1,1,0.003401360544217687,expanded_target_project,not_in_dbms_metadata,unavailable,0.9903147351303121
476635419,1,1,0.003401360544217687,expanded_target_project,not_in_dbms_metadata,unavailable,0.9903219307208543
476825711,1,1,0.003401360544217687,expanded_target_project,not_in_dbms_metadata,unavailable,0.9903291263113964
47755262,1,1,0.003401360544217687,expanded_target_project,not_in_dbms_metadata,unavailable,0.9903363219019385
47757098,1,1,0.003401360544217687,expanded_target_project,not_in_dbms_metadata,unavailable,0.9903435174924806
478288303,1,1,0.003401360544217687,seed_project,Vector,seed_manifest,0.9903507130830227
47854924,1,1,0.003401360544217687,expanded_target_project,not_in_dbms_metadata,unavailable,0.9903579086735649
4787459,1,1,0.003401360544217687,expanded_target_project,not_in_dbms_metadata,unavailable,0.990365104264107
478886147,1,1,0.003401360544217687,expanded_target_project,not_in_dbms_metadata,unavailable,0.990372299854649
479291099,1,1,0.003401360544217687,expanded_target_project,not_in_dbms_metadata,unavailable,0.9903794954451912
479517597,1,1,0.003401360544217687,expanded_target_project,not_in_dbms_metadata,unavailable,0.9903866910357333
47969891,1,1,0.003401360544217687,expanded_target_project,not_in_dbms_metadata,unavailable,0.9903938866262754
479773469,1,1,0.003401360544217687,expanded_target_project,not_in_dbms_metadata,unavailable,0.9904010822168176
479861850,1,1,0.003401360544217687,expanded_target_project,not_in_dbms_metadata,unavailable,0.9904082778073596
480080,1,1,0.003401360544217687,expanded_target_project,not_in_dbms_metadata,unavailable,0.9904154733979018
480309588,1,1,0.003401360544217687,expanded_target_project,not_in_dbms_metadata,unavailable,0.9904226689884439
482457819,1,1,0.003401360544217687,expanded_target_project,not_in_dbms_metadata,unavailable,0.990429864578986
482914040,1,1,0.003401360544217687,expanded_target_project,not_in_dbms_metadata,unavailable,0.9904370601695281
483165434,1,1,0.003401360544217687,expanded_target_project,not_in_dbms_metadata,unavailable,0.9904442557600702
483924,1,1,0.003401360544217687,expanded_target_project,not_in_dbms_metadata,unavailable,0.9904514513506123
484765387,1,1,0.003401360544217687,expanded_target_project,not_in_dbms_metadata,unavailable,0.9904586469411545
48491431,1,1,0.003401360544217687,expanded_target_project,not_in_dbms_metadata,unavailable,0.9904658425316966
485738909,1,1,0.003401360544217687,expanded_target_project,not_in_dbms_metadata,unavailable,0.9904730381222387
48578152,1,1,0.003401360544217687,expanded_target_project,not_in_dbms_metadata,unavailable,0.9904802337127808
486125557,1,1,0.003401360544217687,expanded_target_project,not_in_dbms_metadata,unavailable,0.9904874293033229
4861768,1,1,0.003401360544217687,expanded_target_project,not_in_dbms_metadata,unavailable,0.9904946248938651
486365104,1,1,0.003401360544217687,expanded_target_project,not_in_dbms_metadata,unavailable,0.9905018204844072
486917300,1,1,0.003401360544217687,expanded_target_project,not_in_dbms_metadata,unavailable,0.9905090160749492
48770856,1,1,0.003401360544217687,expanded_target_project,not_in_dbms_metadata,unavailable,0.9905162116654914
487932215,1,1,0.003401360544217687,expanded_target_project,not_in_dbms_metadata,unavailable,0.9905234072560335
488104350,1,1,0.003401360544217687,expanded_target_project,not_in_dbms_metadata,unavailable,0.9905306028465756
489184364,1,1,0.003401360544217687,expanded_target_project,not_in_dbms_metadata,unavailable,0.9905377984371178
489518412,1,1,0.003401360544217687,expanded_target_project,not_in_dbms_metadata,unavailable,0.9905449940276598
489737124,1,1,0.003401360544217687,expanded_target_project,not_in_dbms_metadata,unavailable,0.990552189618202
490177159,1,1,0.003401360544217687,expanded_target_project,not_in_dbms_metadata,unavailable,0.9905593852087441
490212656,1,1,0.003401360544217687,expanded_target_project,not_in_dbms_metadata,unavailable,0.9905665807992862
49111463,1,1,0.003401360544217687,expanded_target_project,not_in_dbms_metadata,unavailable,0.9905737763898284
491161925,1,1,0.003401360544217687,expanded_target_project,not_in_dbms_metadata,unavailable,0.9905809719803704
491342043,1,1,0.003401360544217687,expanded_target_project,not_in_dbms_metadata,unavailable,0.9905881675709125
491419259,1,1,0.003401360544217687,expanded_target_project,not_in_dbms_metadata,unavailable,0.9905953631614547
49172647,1,1,0.003401360544217687,expanded_target_project,not_in_dbms_metadata,unavailable,0.9906025587519968
491802223,1,1,0.003401360544217687,expanded_target_project,not_in_dbms_metadata,unavailable,0.9906097543425388
491871393,1,1,0.003401360544217687,expanded_target_project,not_in_dbms_metadata,unavailable,0.990616949933081
491939640,1,1,0.003401360544217687,expanded_target_project,not_in_dbms_metadata,unavailable,0.9906241455236231
492062409,1,1,0.003401360544217687,expanded_target_project,not_in_dbms_metadata,unavailable,0.9906313411141653
492184868,1,1,0.003401360544217687,expanded_target_project,not_in_dbms_metadata,unavailable,0.9906385367047074
4925652,1,1,0.003401360544217687,expanded_target_project,not_in_dbms_metadata,unavailable,0.9906457322952494
493332759,1,1,0.003401360544217687,expanded_target_project,not_in_dbms_metadata,unavailable,0.9906529278857916
493522583,1,1,0.003401360544217687,expanded_target_project,not_in_dbms_metadata,unavailable,0.9906601234763337
493884806,1,1,0.003401360544217687,expanded_target_project,not_in_dbms_metadata,unavailable,0.9906673190668758
49401416,1,1,0.003401360544217687,seed_project,Key-value,seed_manifest,0.990674514657418
49412249,1,1,0.003401360544217687,expanded_target_project,not_in_dbms_metadata,unavailable,0.99068171024796
494334828,1,1,0.003401360544217687,expanded_target_project,not_in_dbms_metadata,unavailable,0.9906889058385022
4946406,1,1,0.003401360544217687,expanded_target_project,not_in_dbms_metadata,unavailable,0.9906961014290443
495451270,1,1,0.003401360544217687,expanded_target_project,not_in_dbms_metadata,unavailable,0.9907032970195864
495464826,1,1,0.003401360544217687,expanded_target_project,not_in_dbms_metadata,unavailable,0.9907104926101286
49554190,1,1,0.003401360544217687,expanded_target_project,not_in_dbms_metadata,unavailable,0.9907176882006706
495596586,1,1,0.003401360544217687,expanded_target_project,not_in_dbms_metadata,unavailable,0.9907248837912127
495770186,1,1,0.003401360544217687,expanded_target_project,not_in_dbms_metadata,unavailable,0.9907320793817549
495951099,1,1,0.003401360544217687,expanded_target_project,not_in_dbms_metadata,unavailable,0.990739274972297
49609581,1,1,0.003401360544217687,expanded_target_project,not_in_dbms_metadata,unavailable,0.990746470562839
496133440,1,1,0.003401360544217687,expanded_target_project,not_in_dbms_metadata,unavailable,0.9907536661533812
49670957,1,1,0.003401360544217687,seed_project,RDF,seed_manifest,0.9907608617439233
49691605,1,1,0.003401360544217687,expanded_target_project,not_in_dbms_metadata,unavailable,0.9907680573344655
497022402,1,1,0.003401360544217687,expanded_target_project,not_in_dbms_metadata,unavailable,0.9907752529250076
497173054,1,1,0.003401360544217687,expanded_target_project,not_in_dbms_metadata,unavailable,0.9907824485155496
49756018,1,1,0.003401360544217687,expanded_target_project,not_in_dbms_metadata,unavailable,0.9907896441060918
497825138,1,1,0.003401360544217687,expanded_target_project,not_in_dbms_metadata,unavailable,0.9907968396966339
498085095,1,1,0.003401360544217687,expanded_target_project,not_in_dbms_metadata,unavailable,0.990804035287176
498688005,1,1,0.003401360544217687,expanded_target_project,not_in_dbms_metadata,unavailable,0.9908112308777182
49937981,1,1,0.003401360544217687,expanded_target_project,not_in_dbms_metadata,unavailable,0.9908184264682602
499651572,1,1,0.003401360544217687,expanded_target_project,not_in_dbms_metadata,unavailable,0.9908256220588023
499899955,1,1,0.003401360544217687,expanded_target_project,not_in_dbms_metadata,unavailable,0.9908328176493445
50007393,1,1,0.003401360544217687,expanded_target_project,not_in_dbms_metadata,unavailable,0.9908400132398866
500093,1,1,0.003401360544217687,expanded_target_project,not_in_dbms_metadata,unavailable,0.9908472088304288
500338009,1,1,0.003401360544217687,expanded_target_project,not_in_dbms_metadata,unavailable,0.9908544044209708
5003951,1,1,0.003401360544217687,expanded_target_project,not_in_dbms_metadata,unavailable,0.9908616000115129
50053618,1,1,0.003401360544217687,expanded_target_project,not_in_dbms_metadata,unavailable,0.9908687956020551
500820281,1,1,0.003401360544217687,expanded_target_project,not_in_dbms_metadata,unavailable,0.9908759911925972
50082575,1,1,0.003401360544217687,expanded_target_project,not_in_dbms_metadata,unavailable,0.9908831867831392
501101518,1,1,0.003401360544217687,expanded_target_project,not_in_dbms_metadata,unavailable,0.9908903823736814
501399927,1,1,0.003401360544217687,expanded_target_project,not_in_dbms_metadata,unavailable,0.9908975779642235
501929647,1,1,0.003401360544217687,expanded_target_project,not_in_dbms_metadata,unavailable,0.9909047735547657
502126992,1,1,0.003401360544217687,expanded_target_project,not_in_dbms_metadata,unavailable,0.9909119691453078
502240118,1,1,0.003401360544217687,expanded_target_project,not_in_dbms_metadata,unavailable,0.9909191647358498
50244301,1,1,0.003401360544217687,expanded_target_project,not_in_dbms_metadata,unavailable,0.990926360326392
503029222,1,1,0.003401360544217687,expanded_target_project,not_in_dbms_metadata,unavailable,0.9909335559169341
503240750,1,1,0.003401360544217687,expanded_target_project,not_in_dbms_metadata,unavailable,0.9909407515074762
503800558,1,1,0.003401360544217687,expanded_target_project,not_in_dbms_metadata,unavailable,0.9909479470980184
503841361,1,1,0.003401360544217687,expanded_target_project,not_in_dbms_metadata,unavailable,0.9909551426885604
504030060,1,1,0.003401360544217687,expanded_target_project,not_in_dbms_metadata,unavailable,0.9909623382791025
504295831,1,1,0.003401360544217687,expanded_target_project,not_in_dbms_metadata,unavailable,0.9909695338696447
504360264,1,1,0.003401360544217687,expanded_target_project,not_in_dbms_metadata,unavailable,0.9909767294601868
504460370,1,1,0.003401360544217687,expanded_target_project,not_in_dbms_metadata,unavailable,0.990983925050729
50538484,1,1,0.003401360544217687,expanded_target_project,not_in_dbms_metadata,unavailable,0.990991120641271
505828636,1,1,0.003401360544217687,expanded_target_project,not_in_dbms_metadata,unavailable,0.9909983162318131
50603846,1,1,0.003401360544217687,expanded_target_project,not_in_dbms_metadata,unavailable,0.9910055118223553
50629145,1,1,0.003401360544217687,expanded_target_project,not_in_dbms_metadata,unavailable,0.9910127074128974
506592925,1,1,0.003401360544217687,expanded_target_project,not_in_dbms_metadata,unavailable,0.9910199030034395
506753204,1,1,0.003401360544217687,expanded_target_project,not_in_dbms_metadata,unavailable,0.9910270985939816
507003245,1,1,0.003401360544217687,expanded_target_project,not_in_dbms_metadata,unavailable,0.9910342941845237
507089401,1,1,0.003401360544217687,expanded_target_project,not_in_dbms_metadata,unavailable,0.9910414897750658
507251859,1,1,0.003401360544217687,expanded_target_project,not_in_dbms_metadata,unavailable,0.991048685365608
507885417,1,1,0.003401360544217687,expanded_target_project,not_in_dbms_metadata,unavailable,0.99105588095615
508014426,1,1,0.003401360544217687,expanded_target_project,not_in_dbms_metadata,unavailable,0.9910630765466922
508200407,1,1,0.003401360544217687,expanded_target_project,not_in_dbms_metadata,unavailable,0.9910702721372343
508336811,1,1,0.003401360544217687,expanded_target_project,not_in_dbms_metadata,unavailable,0.9910774677277764
508434677,1,1,0.003401360544217687,expanded_target_project,not_in_dbms_metadata,unavailable,0.9910846633183186
508865884,1,1,0.003401360544217687,expanded_target_project,not_in_dbms_metadata,unavailable,0.9910918589088606
509367294,1,1,0.003401360544217687,expanded_target_project,not_in_dbms_metadata,unavailable,0.9910990544994027
509532500,1,1,0.003401360544217687,expanded_target_project,not_in_dbms_metadata,unavailable,0.9911062500899449
509566212,1,1,0.003401360544217687,expanded_target_project,not_in_dbms_metadata,unavailable,0.991113445680487
509960044,1,1,0.003401360544217687,expanded_target_project,not_in_dbms_metadata,unavailable,0.9911206412710292
510183901,1,1,0.003401360544217687,expanded_target_project,not_in_dbms_metadata,unavailable,0.9911278368615712
51018409,1,1,0.003401360544217687,expanded_target_project,not_in_dbms_metadata,unavailable,0.9911350324521133
510653879,1,1,0.003401360544217687,expanded_target_project,not_in_dbms_metadata,unavailable,0.9911422280426555
510654075,1,1,0.003401360544217687,expanded_target_project,not_in_dbms_metadata,unavailable,0.9911494236331976
510721105,1,1,0.003401360544217687,expanded_target_project,not_in_dbms_metadata,unavailable,0.9911566192237397
51073068,1,1,0.003401360544217687,expanded_target_project,not_in_dbms_metadata,unavailable,0.9911638148142818
510907833,1,1,0.003401360544217687,expanded_target_project,not_in_dbms_metadata,unavailable,0.9911710104048239
510953846,1,1,0.003401360544217687,expanded_target_project,not_in_dbms_metadata,unavailable,0.991178205995366
511043304,1,1,0.003401360544217687,expanded_target_project,not_in_dbms_metadata,unavailable,0.9911854015859082
511184120,1,1,0.003401360544217687,expanded_target_project,not_in_dbms_metadata,unavailable,0.9911925971764503
511235342,1,1,0.003401360544217687,expanded_target_project,not_in_dbms_metadata,unavailable,0.9911997927669924
511236791,1,1,0.003401360544217687,expanded_target_project,not_in_dbms_metadata,unavailable,0.9912069883575345
51205788,1,1,0.003401360544217687,expanded_target_project,not_in_dbms_metadata,unavailable,0.9912141839480766
51206425,1,1,0.003401360544217687,expanded_target_project,not_in_dbms_metadata,unavailable,0.9912213795386188
512398858,1,1,0.003401360544217687,expanded_target_project,not_in_dbms_metadata,unavailable,0.9912285751291608
51286051,1,1,0.003401360544217687,expanded_target_project,not_in_dbms_metadata,unavailable,0.9912357707197029
512918917,1,1,0.003401360544217687,expanded_target_project,not_in_dbms_metadata,unavailable,0.9912429663102451
513195031,1,1,0.003401360544217687,expanded_target_project,not_in_dbms_metadata,unavailable,0.9912501619007872
513328880,1,1,0.003401360544217687,expanded_target_project,not_in_dbms_metadata,unavailable,0.9912573574913293
513490444,1,1,0.003401360544217687,expanded_target_project,not_in_dbms_metadata,unavailable,0.9912645530818714
513543581,1,1,0.003401360544217687,expanded_target_project,not_in_dbms_metadata,unavailable,0.9912717486724135
51378283,1,1,0.003401360544217687,expanded_target_project,not_in_dbms_metadata,unavailable,0.9912789442629557
51403967,1,1,0.003401360544217687,expanded_target_project,not_in_dbms_metadata,unavailable,0.9912861398534978
515208425,1,1,0.003401360544217687,expanded_target_project,not_in_dbms_metadata,unavailable,0.9912933354440399
51574639,1,1,0.003401360544217687,expanded_target_project,not_in_dbms_metadata,unavailable,0.991300531034582
515987842,1,1,0.003401360544217687,expanded_target_project,not_in_dbms_metadata,unavailable,0.9913077266251241
516464713,1,1,0.003401360544217687,expanded_target_project,not_in_dbms_metadata,unavailable,0.9913149222156662
516747253,1,1,0.003401360544217687,expanded_target_project,not_in_dbms_metadata,unavailable,0.9913221178062084
51740644,1,1,0.003401360544217687,expanded_target_project,not_in_dbms_metadata,unavailable,0.9913293133967505
517653557,1,1,0.003401360544217687,expanded_target_project,not_in_dbms_metadata,unavailable,0.9913365089872926
517745858,1,1,0.003401360544217687,expanded_target_project,not_in_dbms_metadata,unavailable,0.9913437045778347
518319075,1,1,0.003401360544217687,expanded_target_project,not_in_dbms_metadata,unavailable,0.9913509001683768
518533087,1,1,0.003401360544217687,expanded_target_project,not_in_dbms_metadata,unavailable,0.991358095758919
51954402,1,1,0.003401360544217687,expanded_target_project,not_in_dbms_metadata,unavailable,0.991365291349461
519882617,1,1,0.003401360544217687,expanded_target_project,not_in_dbms_metadata,unavailable,0.9913724869400031
520058706,1,1,0.003401360544217687,expanded_target_project,not_in_dbms_metadata,unavailable,0.9913796825305453
520314886,1,1,0.003401360544217687,expanded_target_project,not_in_dbms_metadata,unavailable,0.9913868781210874
520342705,1,1,0.003401360544217687,expanded_target_project,not_in_dbms_metadata,unavailable,0.9913940737116295
520568524,1,1,0.003401360544217687,expanded_target_project,not_in_dbms_metadata,unavailable,0.9914012693021717
520804429,1,1,0.003401360544217687,expanded_target_project,not_in_dbms_metadata,unavailable,0.9914084648927137
521075255,1,1,0.003401360544217687,expanded_target_project,not_in_dbms_metadata,unavailable,0.9914156604832559
521246855,1,1,0.003401360544217687,expanded_target_project,not_in_dbms_metadata,unavailable,0.991422856073798
521736914,1,1,0.003401360544217687,expanded_target_project,not_in_dbms_metadata,unavailable,0.9914300516643401
522385121,1,1,0.003401360544217687,expanded_target_project,not_in_dbms_metadata,unavailable,0.9914372472548822
522386929,1,1,0.003401360544217687,expanded_target_project,not_in_dbms_metadata,unavailable,0.9914444428454243
522848088,1,1,0.003401360544217687,expanded_target_project,not_in_dbms_metadata,unavailable,0.9914516384359664
523070419,1,1,0.003401360544217687,expanded_target_project,not_in_dbms_metadata,unavailable,0.9914588340265086
523506543,1,1,0.003401360544217687,expanded_target_project,not_in_dbms_metadata,unavailable,0.9914660296170507
523660510,1,1,0.003401360544217687,expanded_target_project,not_in_dbms_metadata,unavailable,0.9914732252075927
523717821,1,1,0.003401360544217687,expanded_target_project,not_in_dbms_metadata,unavailable,0.9914804207981349
523767396,1,1,0.003401360544217687,expanded_target_project,not_in_dbms_metadata,unavailable,0.991487616388677
524032322,1,1,0.003401360544217687,expanded_target_project,not_in_dbms_metadata,unavailable,0.9914948119792192
524240295,1,1,0.003401360544217687,expanded_target_project,not_in_dbms_metadata,unavailable,0.9915020075697613
525304261,1,1,0.003401360544217687,expanded_target_project,not_in_dbms_metadata,unavailable,0.9915092031603033
525846885,1,1,0.003401360544217687,expanded_target_project,not_in_dbms_metadata,unavailable,0.9915163987508455
52589524,1,1,0.003401360544217687,expanded_target_project,not_in_dbms_metadata,unavailable,0.9915235943413876
526033780,1,1,0.003401360544217687,expanded_target_project,not_in_dbms_metadata,unavailable,0.9915307899319297
52607837,1,1,0.003401360544217687,expanded_target_project,not_in_dbms_metadata,unavailable,0.9915379855224719
52618352,1,1,0.003401360544217687,expanded_target_project,not_in_dbms_metadata,unavailable,0.9915451811130139
526371668,1,1,0.003401360544217687,expanded_target_project,not_in_dbms_metadata,unavailable,0.9915523767035561
526530291,1,1,0.003401360544217687,expanded_target_project,not_in_dbms_metadata,unavailable,0.9915595722940982
52670913,1,1,0.003401360544217687,expanded_target_project,not_in_dbms_metadata,unavailable,0.9915667678846403
526946427,1,1,0.003401360544217687,expanded_target_project,not_in_dbms_metadata,unavailable,0.9915739634751825
527522464,1,1,0.003401360544217687,expanded_target_project,not_in_dbms_metadata,unavailable,0.9915811590657245
52776218,1,1,0.003401360544217687,expanded_target_project,not_in_dbms_metadata,unavailable,0.9915883546562666
527947052,1,1,0.003401360544217687,expanded_target_project,not_in_dbms_metadata,unavailable,0.9915955502468088
527960367,1,1,0.003401360544217687,expanded_target_project,not_in_dbms_metadata,unavailable,0.9916027458373509
52804750,1,1,0.003401360544217687,expanded_target_project,not_in_dbms_metadata,unavailable,0.9916099414278929
528683893,1,1,0.003401360544217687,expanded_target_project,not_in_dbms_metadata,unavailable,0.9916171370184351
528989181,1,1,0.003401360544217687,expanded_target_project,not_in_dbms_metadata,unavailable,0.9916243326089772
529112195,1,1,0.003401360544217687,expanded_target_project,not_in_dbms_metadata,unavailable,0.9916315281995194
529878640,1,1,0.003401360544217687,expanded_target_project,not_in_dbms_metadata,unavailable,0.9916387237900615
529961568,1,1,0.003401360544217687,expanded_target_project,not_in_dbms_metadata,unavailable,0.9916459193806035
530655405,1,1,0.003401360544217687,expanded_target_project,not_in_dbms_metadata,unavailable,0.9916531149711457
530712828,1,1,0.003401360544217687,expanded_target_project,not_in_dbms_metadata,unavailable,0.9916603105616878
531019817,1,1,0.003401360544217687,expanded_target_project,not_in_dbms_metadata,unavailable,0.9916675061522299
531051081,1,1,0.003401360544217687,expanded_target_project,not_in_dbms_metadata,unavailable,0.9916747017427721
531104599,1,1,0.003401360544217687,expanded_target_project,not_in_dbms_metadata,unavailable,0.9916818973333141
531326684,1,1,0.003401360544217687,expanded_target_project,not_in_dbms_metadata,unavailable,0.9916890929238562
531812042,1,1,0.003401360544217687,expanded_target_project,not_in_dbms_metadata,unavailable,0.9916962885143984
532163204,1,1,0.003401360544217687,expanded_target_project,not_in_dbms_metadata,unavailable,0.9917034841049405
532317850,1,1,0.003401360544217687,expanded_target_project,not_in_dbms_metadata,unavailable,0.9917106796954827
532337965,1,1,0.003401360544217687,expanded_target_project,not_in_dbms_metadata,unavailable,0.9917178752860247
53258252,1,1,0.003401360544217687,expanded_target_project,not_in_dbms_metadata,unavailable,0.9917250708765668
532847167,1,1,0.003401360544217687,expanded_target_project,not_in_dbms_metadata,unavailable,0.991732266467109
53330030,1,1,0.003401360544217687,expanded_target_project,not_in_dbms_metadata,unavailable,0.9917394620576511
533543004,1,1,0.003401360544217687,expanded_target_project,not_in_dbms_metadata,unavailable,0.9917466576481931
53356367,1,1,0.003401360544217687,expanded_target_project,not_in_dbms_metadata,unavailable,0.9917538532387353
53418103,1,1,0.003401360544217687,expanded_target_project,not_in_dbms_metadata,unavailable,0.9917610488292774
534434596,1,1,0.003401360544217687,expanded_target_project,not_in_dbms_metadata,unavailable,0.9917682444198196
53527070,1,1,0.003401360544217687,expanded_target_project,not_in_dbms_metadata,unavailable,0.9917754400103617
53579202,1,1,0.003401360544217687,expanded_target_project,not_in_dbms_metadata,unavailable,0.9917826356009037
536026761,1,1,0.003401360544217687,expanded_target_project,not_in_dbms_metadata,unavailable,0.9917898311914459
536084262,1,1,0.003401360544217687,expanded_target_project,not_in_dbms_metadata,unavailable,0.991797026781988
536463007,1,1,0.003401360544217687,expanded_target_project,not_in_dbms_metadata,unavailable,0.9918042223725301
536473565,1,1,0.003401360544217687,expanded_target_project,not_in_dbms_metadata,unavailable,0.9918114179630723
536498456,1,1,0.003401360544217687,expanded_target_project,not_in_dbms_metadata,unavailable,0.9918186135536143
536597221,1,1,0.003401360544217687,expanded_target_project,not_in_dbms_metadata,unavailable,0.9918258091441564
536650342,1,1,0.003401360544217687,expanded_target_project,not_in_dbms_metadata,unavailable,0.9918330047346986
536725876,1,1,0.003401360544217687,expanded_target_project,not_in_dbms_metadata,unavailable,0.9918402003252407
53703126,1,1,0.003401360544217687,expanded_target_project,not_in_dbms_metadata,unavailable,0.9918473959157829
538166046,1,1,0.003401360544217687,expanded_target_project,not_in_dbms_metadata,unavailable,0.9918545915063249
538316309,1,1,0.003401360544217687,expanded_target_project,not_in_dbms_metadata,unavailable,0.991861787096867
538553958,1,1,0.003401360544217687,expanded_target_project,not_in_dbms_metadata,unavailable,0.9918689826874092
539278717,1,1,0.003401360544217687,expanded_target_project,not_in_dbms_metadata,unavailable,0.9918761782779513
539980905,1,1,0.003401360544217687,expanded_target_project,not_in_dbms_metadata,unavailable,0.9918833738684933
540538268,1,1,0.003401360544217687,expanded_target_project,not_in_dbms_metadata,unavailable,0.9918905694590355
54105920,1,1,0.003401360544217687,expanded_target_project,not_in_dbms_metadata,unavailable,0.9918977650495776
541281404,1,1,0.003401360544217687,expanded_target_project,not_in_dbms_metadata,unavailable,0.9919049606401197
541321643,1,1,0.003401360544217687,expanded_target_project,not_in_dbms_metadata,unavailable,0.9919121562306619
541387112,1,1,0.003401360544217687,expanded_target_project,not_in_dbms_metadata,unavailable,0.9919193518212039
541668142,1,1,0.003401360544217687,expanded_target_project,not_in_dbms_metadata,unavailable,0.9919265474117461
54168759,1,1,0.003401360544217687,expanded_target_project,not_in_dbms_metadata,unavailable,0.9919337430022882
54172699,1,1,0.003401360544217687,expanded_target_project,not_in_dbms_metadata,unavailable,0.9919409385928303
541788928,1,1,0.003401360544217687,expanded_target_project,not_in_dbms_metadata,unavailable,0.9919481341833725
541912656,1,1,0.003401360544217687,expanded_target_project,not_in_dbms_metadata,unavailable,0.9919553297739145
542039795,1,1,0.003401360544217687,expanded_target_project,not_in_dbms_metadata,unavailable,0.9919625253644566
542452064,1,1,0.003401360544217687,expanded_target_project,not_in_dbms_metadata,unavailable,0.9919697209549988
54280778,1,1,0.003401360544217687,expanded_target_project,not_in_dbms_metadata,unavailable,0.9919769165455409
5428536,1,1,0.003401360544217687,expanded_target_project,not_in_dbms_metadata,unavailable,0.9919841121360831
542858730,1,1,0.003401360544217687,expanded_target_project,not_in_dbms_metadata,unavailable,0.9919913077266251
542931741,1,1,0.003401360544217687,expanded_target_project,not_in_dbms_metadata,unavailable,0.9919985033171672
54298946,1,1,0.003401360544217687,expanded_target_project,not_in_dbms_metadata,unavailable,0.9920056989077094
543095311,1,1,0.003401360544217687,expanded_target_project,not_in_dbms_metadata,unavailable,0.9920128944982515
543114976,1,1,0.003401360544217687,expanded_target_project,not_in_dbms_metadata,unavailable,0.9920200900887935
543133848,1,1,0.003401360544217687,expanded_target_project,not_in_dbms_metadata,unavailable,0.9920272856793357
543207884,1,1,0.003401360544217687,expanded_target_project,not_in_dbms_metadata,unavailable,0.9920344812698778
543276238,1,1,0.003401360544217687,seed_project,Relational,seed_manifest,0.9920416768604199
543288517,1,1,0.003401360544217687,expanded_target_project,not_in_dbms_metadata,unavailable,0.9920488724509621
54360307,1,1,0.003401360544217687,expanded_target_project,not_in_dbms_metadata,unavailable,0.9920560680415041
543610387,1,1,0.003401360544217687,expanded_target_project,not_in_dbms_metadata,unavailable,0.9920632636320463
543781937,1,1,0.003401360544217687,expanded_target_project,not_in_dbms_metadata,unavailable,0.9920704592225884
54378638,1,1,0.003401360544217687,expanded_target_project,not_in_dbms_metadata,unavailable,0.9920776548131305
543818184,1,1,0.003401360544217687,expanded_target_project,not_in_dbms_metadata,unavailable,0.9920848504036727
54445829,1,1,0.003401360544217687,expanded_target_project,not_in_dbms_metadata,unavailable,0.9920920459942147
544806613,1,1,0.003401360544217687,expanded_target_project,not_in_dbms_metadata,unavailable,0.9920992415847568
544996776,1,1,0.003401360544217687,expanded_target_project,not_in_dbms_metadata,unavailable,0.992106437175299
545265415,1,1,0.003401360544217687,expanded_target_project,not_in_dbms_metadata,unavailable,0.9921136327658411
545702406,1,1,0.003401360544217687,expanded_target_project,not_in_dbms_metadata,unavailable,0.9921208283563832
54596517,1,1,0.003401360544217687,expanded_target_project,not_in_dbms_metadata,unavailable,0.9921280239469253
547279625,1,1,0.003401360544217687,expanded_target_project,not_in_dbms_metadata,unavailable,0.9921352195374674
547948072,1,1,0.003401360544217687,expanded_target_project,not_in_dbms_metadata,unavailable,0.9921424151280096
548251,1,1,0.003401360544217687,expanded_target_project,not_in_dbms_metadata,unavailable,0.9921496107185517
548619478,1,1,0.003401360544217687,expanded_target_project,not_in_dbms_metadata,unavailable,0.9921568063090938
548871033,1,1,0.003401360544217687,expanded_target_project,not_in_dbms_metadata,unavailable,0.9921640018996359
549071054,1,1,0.003401360544217687,expanded_target_project,not_in_dbms_metadata,unavailable,0.992171197490178
54994103,1,1,0.003401360544217687,expanded_target_project,not_in_dbms_metadata,unavailable,0.9921783930807201
551224363,1,1,0.003401360544217687,expanded_target_project,not_in_dbms_metadata,unavailable,0.9921855886712623
55205848,1,1,0.003401360544217687,expanded_target_project,not_in_dbms_metadata,unavailable,0.9921927842618044
55330340,1,1,0.003401360544217687,expanded_target_project,not_in_dbms_metadata,unavailable,0.9921999798523465
554034901,1,1,0.003401360544217687,expanded_target_project,not_in_dbms_metadata,unavailable,0.9922071754428886
554217853,1,1,0.003401360544217687,expanded_target_project,not_in_dbms_metadata,unavailable,0.9922143710334307
554225576,1,1,0.003401360544217687,expanded_target_project,not_in_dbms_metadata,unavailable,0.9922215666239729
5543519,1,1,0.003401360544217687,expanded_target_project,not_in_dbms_metadata,unavailable,0.992228762214515
554376586,1,1,0.003401360544217687,expanded_target_project,not_in_dbms_metadata,unavailable,0.992235957805057
554581194,1,1,0.003401360544217687,expanded_target_project,not_in_dbms_metadata,unavailable,0.9922431533955992
555039849,1,1,0.003401360544217687,expanded_target_project,not_in_dbms_metadata,unavailable,0.9922503489861413
555777595,1,1,0.003401360544217687,expanded_target_project,not_in_dbms_metadata,unavailable,0.9922575445766834
5561238,1,1,0.003401360544217687,expanded_target_project,not_in_dbms_metadata,unavailable,0.9922647401672255
556353076,1,1,0.003401360544217687,expanded_target_project,not_in_dbms_metadata,unavailable,0.9922719357577676
55637575,1,1,0.003401360544217687,expanded_target_project,not_in_dbms_metadata,unavailable,0.9922791313483098
556558958,1,1,0.003401360544217687,expanded_target_project,not_in_dbms_metadata,unavailable,0.9922863269388519
556675372,1,1,0.003401360544217687,expanded_target_project,not_in_dbms_metadata,unavailable,0.992293522529394
556961506,1,1,0.003401360544217687,expanded_target_project,not_in_dbms_metadata,unavailable,0.9923007181199361
557075997,1,1,0.003401360544217687,expanded_target_project,not_in_dbms_metadata,unavailable,0.9923079137104782
557167289,1,1,0.003401360544217687,expanded_target_project,not_in_dbms_metadata,unavailable,0.9923151093010203
5573275,1,1,0.003401360544217687,expanded_target_project,not_in_dbms_metadata,unavailable,0.9923223048915625
557785223,1,1,0.003401360544217687,expanded_target_project,not_in_dbms_metadata,unavailable,0.9923295004821046
557927186,1,1,0.003401360544217687,expanded_target_project,not_in_dbms_metadata,unavailable,0.9923366960726466
557952665,1,1,0.003401360544217687,expanded_target_project,not_in_dbms_metadata,unavailable,0.9923438916631888
557988291,1,1,0.003401360544217687,expanded_target_project,not_in_dbms_metadata,unavailable,0.9923510872537309
558211706,1,1,0.003401360544217687,expanded_target_project,not_in_dbms_metadata,unavailable,0.9923582828442731
558476533,1,1,0.003401360544217687,expanded_target_project,not_in_dbms_metadata,unavailable,0.9923654784348152
558728916,1,1,0.003401360544217687,expanded_target_project,not_in_dbms_metadata,unavailable,0.9923726740253572
55906763,1,1,0.003401360544217687,expanded_target_project,not_in_dbms_metadata,unavailable,0.9923798696158994
559429813,1,1,0.003401360544217687,expanded_target_project,not_in_dbms_metadata,unavailable,0.9923870652064415
559767361,1,1,0.003401360544217687,expanded_target_project,not_in_dbms_metadata,unavailable,0.9923942607969836
559815862,1,1,0.003401360544217687,expanded_target_project,not_in_dbms_metadata,unavailable,0.9924014563875257
560114031,1,1,0.003401360544217687,expanded_target_project,not_in_dbms_metadata,unavailable,0.9924086519780678
560182652,1,1,0.003401360544217687,expanded_target_project,not_in_dbms_metadata,unavailable,0.99241584756861
560205109,1,1,0.003401360544217687,expanded_target_project,not_in_dbms_metadata,unavailable,0.9924230431591521
560413356,1,1,0.003401360544217687,expanded_target_project,not_in_dbms_metadata,unavailable,0.9924302387496942
560621227,1,1,0.003401360544217687,expanded_target_project,not_in_dbms_metadata,unavailable,0.9924374343402363
560789243,1,1,0.003401360544217687,expanded_target_project,not_in_dbms_metadata,unavailable,0.9924446299307784
561282323,1,1,0.003401360544217687,expanded_target_project,not_in_dbms_metadata,unavailable,0.9924518255213205
561476718,1,1,0.003401360544217687,expanded_target_project,not_in_dbms_metadata,unavailable,0.9924590211118627
56214716,1,1,0.003401360544217687,expanded_target_project,not_in_dbms_metadata,unavailable,0.9924662167024048
562286999,1,1,0.003401360544217687,expanded_target_project,not_in_dbms_metadata,unavailable,0.9924734122929468
562377431,1,1,0.003401360544217687,expanded_target_project,not_in_dbms_metadata,unavailable,0.992480607883489
56248127,1,1,0.003401360544217687,expanded_target_project,not_in_dbms_metadata,unavailable,0.9924878034740311
562557612,1,1,0.003401360544217687,expanded_target_project,not_in_dbms_metadata,unavailable,0.9924949990645733
562658065,1,1,0.003401360544217687,expanded_target_project,not_in_dbms_metadata,unavailable,0.9925021946551154
562736699,1,1,0.003401360544217687,expanded_target_project,not_in_dbms_metadata,unavailable,0.9925093902456574
562778457,1,1,0.003401360544217687,expanded_target_project,not_in_dbms_metadata,unavailable,0.9925165858361996
562892210,1,1,0.003401360544217687,expanded_target_project,not_in_dbms_metadata,unavailable,0.9925237814267417
562938446,1,1,0.003401360544217687,expanded_target_project,not_in_dbms_metadata,unavailable,0.9925309770172838
562983970,1,1,0.003401360544217687,expanded_target_project,not_in_dbms_metadata,unavailable,0.992538172607826
563014005,1,1,0.003401360544217687,expanded_target_project,not_in_dbms_metadata,unavailable,0.992545368198368
563169255,1,1,0.003401360544217687,expanded_target_project,not_in_dbms_metadata,unavailable,0.9925525637889101
563901154,1,1,0.003401360544217687,expanded_target_project,not_in_dbms_metadata,unavailable,0.9925597593794523
564136837,1,1,0.003401360544217687,expanded_target_project,not_in_dbms_metadata,unavailable,0.9925669549699944
56419418,1,1,0.003401360544217687,expanded_target_project,not_in_dbms_metadata,unavailable,0.9925741505605366
56422769,1,1,0.003401360544217687,expanded_target_project,not_in_dbms_metadata,unavailable,0.9925813461510786
56423106,1,1,0.003401360544217687,expanded_target_project,not_in_dbms_metadata,unavailable,0.9925885417416207
56424832,1,1,0.003401360544217687,expanded_target_project,not_in_dbms_metadata,unavailable,0.9925957373321629
56425027,1,1,0.003401360544217687,expanded_target_project,not_in_dbms_metadata,unavailable,0.992602932922705
564722430,1,1,0.003401360544217687,expanded_target_project,not_in_dbms_metadata,unavailable,0.992610128513247
564884242,1,1,0.003401360544217687,expanded_target_project,not_in_dbms_metadata,unavailable,0.9926173241037892
564948381,1,1,0.003401360544217687,expanded_target_project,not_in_dbms_metadata,unavailable,0.9926245196943313
565419004,1,1,0.003401360544217687,expanded_target_project,not_in_dbms_metadata,unavailable,0.9926317152848735
565762670,1,1,0.003401360544217687,expanded_target_project,not_in_dbms_metadata,unavailable,0.9926389108754156
565776271,1,1,0.003401360544217687,expanded_target_project,not_in_dbms_metadata,unavailable,0.9926461064659576
566073,1,1,0.003401360544217687,expanded_target_project,not_in_dbms_metadata,unavailable,0.9926533020564998
566275577,1,1,0.003401360544217687,expanded_target_project,not_in_dbms_metadata,unavailable,0.9926604976470419
566388914,1,1,0.003401360544217687,expanded_target_project,not_in_dbms_metadata,unavailable,0.992667693237584
567184568,1,1,0.003401360544217687,expanded_target_project,not_in_dbms_metadata,unavailable,0.9926748888281262
56760633,1,1,0.003401360544217687,expanded_target_project,not_in_dbms_metadata,unavailable,0.9926820844186682
568019934,1,1,0.003401360544217687,expanded_target_project,not_in_dbms_metadata,unavailable,0.9926892800092103
568807303,1,1,0.003401360544217687,expanded_target_project,not_in_dbms_metadata,unavailable,0.9926964755997525
568830741,1,1,0.003401360544217687,expanded_target_project,not_in_dbms_metadata,unavailable,0.9927036711902946
569050726,1,1,0.003401360544217687,expanded_target_project,not_in_dbms_metadata,unavailable,0.9927108667808368
569438738,1,1,0.003401360544217687,expanded_target_project,not_in_dbms_metadata,unavailable,0.9927180623713788
569796349,1,1,0.003401360544217687,expanded_target_project,not_in_dbms_metadata,unavailable,0.9927252579619209
569901336,1,1,0.003401360544217687,expanded_target_project,not_in_dbms_metadata,unavailable,0.9927324535524631
56994503,1,1,0.003401360544217687,expanded_target_project,not_in_dbms_metadata,unavailable,0.9927396491430052
570104815,1,1,0.003401360544217687,expanded_target_project,not_in_dbms_metadata,unavailable,0.9927468447335472
570139152,1,1,0.003401360544217687,expanded_target_project,not_in_dbms_metadata,unavailable,0.9927540403240894
570295557,1,1,0.003401360544217687,expanded_target_project,not_in_dbms_metadata,unavailable,0.9927612359146315
570380914,1,1,0.003401360544217687,expanded_target_project,not_in_dbms_metadata,unavailable,0.9927684315051736
570491818,1,1,0.003401360544217687,expanded_target_project,not_in_dbms_metadata,unavailable,0.9927756270957158
570527111,1,1,0.003401360544217687,expanded_target_project,not_in_dbms_metadata,unavailable,0.9927828226862578
570575390,1,1,0.003401360544217687,expanded_target_project,not_in_dbms_metadata,unavailable,0.9927900182768
570970504,1,1,0.003401360544217687,expanded_target_project,not_in_dbms_metadata,unavailable,0.9927972138673421
571013039,1,1,0.003401360544217687,expanded_target_project,not_in_dbms_metadata,unavailable,0.9928044094578842
571547749,1,1,0.003401360544217687,expanded_target_project,not_in_dbms_metadata,unavailable,0.9928116050484264
57182606,1,1,0.003401360544217687,expanded_target_project,not_in_dbms_metadata,unavailable,0.9928188006389684
571874382,1,1,0.003401360544217687,expanded_target_project,not_in_dbms_metadata,unavailable,0.9928259962295105
572094413,1,1,0.003401360544217687,expanded_target_project,not_in_dbms_metadata,unavailable,0.9928331918200527
572795380,1,1,0.003401360544217687,expanded_target_project,not_in_dbms_metadata,unavailable,0.9928403874105948
572972102,1,1,0.003401360544217687,expanded_target_project,not_in_dbms_metadata,unavailable,0.992847583001137
573327603,1,1,0.003401360544217687,expanded_target_project,not_in_dbms_metadata,unavailable,0.992854778591679
574425709,1,1,0.003401360544217687,expanded_target_project,not_in_dbms_metadata,unavailable,0.9928619741822211
574514586,1,1,0.003401360544217687,expanded_target_project,not_in_dbms_metadata,unavailable,0.9928691697727633
5746963,1,1,0.003401360544217687,expanded_target_project,not_in_dbms_metadata,unavailable,0.9928763653633054
574877651,1,1,0.003401360544217687,expanded_target_project,not_in_dbms_metadata,unavailable,0.9928835609538474
575241620,1,1,0.003401360544217687,expanded_target_project,not_in_dbms_metadata,unavailable,0.9928907565443896
575338309,1,1,0.003401360544217687,expanded_target_project,not_in_dbms_metadata,unavailable,0.9928979521349317
575954792,1,1,0.003401360544217687,expanded_target_project,not_in_dbms_metadata,unavailable,0.9929051477254738
576304071,1,1,0.003401360544217687,expanded_target_project,not_in_dbms_metadata,unavailable,0.992912343316016
576336363,1,1,0.003401360544217687,expanded_target_project,not_in_dbms_metadata,unavailable,0.992919538906558
577711552,1,1,0.003401360544217687,expanded_target_project,not_in_dbms_metadata,unavailable,0.9929267344971002
578085423,1,1,0.003401360544217687,expanded_target_project,not_in_dbms_metadata,unavailable,0.9929339300876423
57870115,1,1,0.003401360544217687,expanded_target_project,not_in_dbms_metadata,unavailable,0.9929411256781844
578819146,1,1,0.003401360544217687,expanded_target_project,not_in_dbms_metadata,unavailable,0.9929483212687266
57893688,1,1,0.003401360544217687,expanded_target_project,not_in_dbms_metadata,unavailable,0.9929555168592686
579214823,1,1,0.003401360544217687,expanded_target_project,not_in_dbms_metadata,unavailable,0.9929627124498107
579221694,1,1,0.003401360544217687,expanded_target_project,not_in_dbms_metadata,unavailable,0.9929699080403529
579303566,1,1,0.003401360544217687,expanded_target_project,not_in_dbms_metadata,unavailable,0.992977103630895
580135126,1,1,0.003401360544217687,expanded_target_project,not_in_dbms_metadata,unavailable,0.992984299221437
5801666,1,1,0.003401360544217687,expanded_target_project,not_in_dbms_metadata,unavailable,0.9929914948119792
580278577,1,1,0.003401360544217687,expanded_target_project,not_in_dbms_metadata,unavailable,0.9929986904025213
580405044,1,1,0.003401360544217687,expanded_target_project,not_in_dbms_metadata,unavailable,0.9930058859930635
580451100,1,1,0.003401360544217687,expanded_target_project,not_in_dbms_metadata,unavailable,0.9930130815836056
580539035,1,1,0.003401360544217687,expanded_target_project,not_in_dbms_metadata,unavailable,0.9930202771741476
580788054,1,1,0.003401360544217687,expanded_target_project,Key-value,dbms_metadata,0.9930274727646898
582275863,1,1,0.003401360544217687,expanded_target_project,not_in_dbms_metadata,unavailable,0.9930346683552319
58255485,1,1,0.003401360544217687,expanded_target_project,not_in_dbms_metadata,unavailable,0.993041863945774
58256381,1,1,0.003401360544217687,expanded_target_project,not_in_dbms_metadata,unavailable,0.9930490595363162
582614011,1,1,0.003401360544217687,expanded_target_project,not_in_dbms_metadata,unavailable,0.9930562551268582
582706245,1,1,0.003401360544217687,expanded_target_project,not_in_dbms_metadata,unavailable,0.9930634507174004
582879665,1,1,0.003401360544217687,expanded_target_project,not_in_dbms_metadata,unavailable,0.9930706463079425
583136009,1,1,0.003401360544217687,expanded_target_project,not_in_dbms_metadata,unavailable,0.9930778418984846
583169838,1,1,0.003401360544217687,expanded_target_project,not_in_dbms_metadata,unavailable,0.9930850374890268
583634675,1,1,0.003401360544217687,expanded_target_project,not_in_dbms_metadata,unavailable,0.9930922330795688
583827396,1,1,0.003401360544217687,expanded_target_project,not_in_dbms_metadata,unavailable,0.9930994286701109
583914239,1,1,0.003401360544217687,expanded_target_project,not_in_dbms_metadata,unavailable,0.9931066242606531
584503581,1,1,0.003401360544217687,expanded_target_project,not_in_dbms_metadata,unavailable,0.9931138198511952
584621292,1,1,0.003401360544217687,expanded_target_project,not_in_dbms_metadata,unavailable,0.9931210154417373
584668045,1,1,0.003401360544217687,expanded_target_project,not_in_dbms_metadata,unavailable,0.9931282110322794
584714008,1,1,0.003401360544217687,expanded_target_project,not_in_dbms_metadata,unavailable,0.9931354066228215
584729999,1,1,0.003401360544217687,expanded_target_project,not_in_dbms_metadata,unavailable,0.9931426022133637
584811128,1,1,0.003401360544217687,expanded_target_project,not_in_dbms_metadata,unavailable,0.9931497978039058
585408551,1,1,0.003401360544217687,expanded_target_project,not_in_dbms_metadata,unavailable,0.9931569933944479
585727736,1,1,0.003401360544217687,expanded_target_project,not_in_dbms_metadata,unavailable,0.99316418898499
586021521,1,1,0.003401360544217687,expanded_target_project,not_in_dbms_metadata,unavailable,0.9931713845755321
586025558,1,1,0.003401360544217687,expanded_target_project,not_in_dbms_metadata,unavailable,0.9931785801660742
586130341,1,1,0.003401360544217687,expanded_target_project,not_in_dbms_metadata,unavailable,0.9931857757566164
586424450,1,1,0.003401360544217687,expanded_target_project,not_in_dbms_metadata,unavailable,0.9931929713471584
586818209,1,1,0.003401360544217687,expanded_target_project,not_in_dbms_metadata,unavailable,0.9932001669377005
586840327,1,1,0.003401360544217687,expanded_target_project,not_in_dbms_metadata,unavailable,0.9932073625282427
587291698,1,1,0.003401360544217687,expanded_target_project,not_in_dbms_metadata,unavailable,0.9932145581187848
587362299,1,1,0.003401360544217687,expanded_target_project,not_in_dbms_metadata,unavailable,0.993221753709327
587559548,1,1,0.003401360544217687,expanded_target_project,not_in_dbms_metadata,unavailable,0.993228949299869
587564108,1,1,0.003401360544217687,expanded_target_project,not_in_dbms_metadata,unavailable,0.9932361448904111
587622851,1,1,0.003401360544217687,expanded_target_project,not_in_dbms_metadata,unavailable,0.9932433404809533
587827277,1,1,0.003401360544217687,expanded_target_project,not_in_dbms_metadata,unavailable,0.9932505360714954
587870995,1,1,0.003401360544217687,expanded_target_project,not_in_dbms_metadata,unavailable,0.9932577316620375
587871835,1,1,0.003401360544217687,expanded_target_project,not_in_dbms_metadata,unavailable,0.9932649272525796
587943248,1,1,0.003401360544217687,expanded_target_project,not_in_dbms_metadata,unavailable,0.9932721228431217
5880554,1,1,0.003401360544217687,expanded_target_project,not_in_dbms_metadata,unavailable,0.9932793184336639
588125726,1,1,0.003401360544217687,expanded_target_project,not_in_dbms_metadata,unavailable,0.993286514024206
588622064,1,1,0.003401360544217687,expanded_target_project,not_in_dbms_metadata,unavailable,0.993293709614748
588657173,1,1,0.003401360544217687,expanded_target_project,not_in_dbms_metadata,unavailable,0.9933009052052902
589091184,1,1,0.003401360544217687,expanded_target_project,not_in_dbms_metadata,unavailable,0.9933081007958323
589211245,1,1,0.003401360544217687,expanded_target_project,not_in_dbms_metadata,unavailable,0.9933152963863744
589660517,1,1,0.003401360544217687,expanded_target_project,not_in_dbms_metadata,unavailable,0.9933224919769166
589679365,1,1,0.003401360544217687,expanded_target_project,not_in_dbms_metadata,unavailable,0.9933296875674587
590029543,1,1,0.003401360544217687,expanded_target_project,not_in_dbms_metadata,unavailable,0.9933368831580007
590063058,1,1,0.003401360544217687,expanded_target_project,not_in_dbms_metadata,unavailable,0.9933440787485429
590447108,1,1,0.003401360544217687,expanded_target_project,not_in_dbms_metadata,unavailable,0.993351274339085
590659968,1,1,0.003401360544217687,expanded_target_project,not_in_dbms_metadata,unavailable,0.9933584699296272
590762750,1,1,0.003401360544217687,expanded_target_project,not_in_dbms_metadata,unavailable,0.9933656655201692
590792931,1,1,0.003401360544217687,expanded_target_project,not_in_dbms_metadata,unavailable,0.9933728611107113
591138304,1,1,0.003401360544217687,expanded_target_project,not_in_dbms_metadata,unavailable,0.9933800567012535
591167748,1,1,0.003401360544217687,expanded_target_project,not_in_dbms_metadata,unavailable,0.9933872522917956
591309502,1,1,0.003401360544217687,expanded_target_project,not_in_dbms_metadata,unavailable,0.9933944478823377
591946735,1,1,0.003401360544217687,expanded_target_project,not_in_dbms_metadata,unavailable,0.9934016434728798
592066633,1,1,0.003401360544217687,expanded_target_project,not_in_dbms_metadata,unavailable,0.9934088390634219
592112421,1,1,0.003401360544217687,expanded_target_project,not_in_dbms_metadata,unavailable,0.993416034653964
592227622,1,1,0.003401360544217687,expanded_target_project,not_in_dbms_metadata,unavailable,0.9934232302445062
59225160,1,1,0.003401360544217687,expanded_target_project,not_in_dbms_metadata,unavailable,0.9934304258350483
592251835,1,1,0.003401360544217687,expanded_target_project,not_in_dbms_metadata,unavailable,0.9934376214255904
59239347,1,1,0.003401360544217687,expanded_target_project,not_in_dbms_metadata,unavailable,0.9934448170161325
592571625,1,1,0.003401360544217687,expanded_target_project,not_in_dbms_metadata,unavailable,0.9934520126066746
592759713,1,1,0.003401360544217687,expanded_target_project,not_in_dbms_metadata,unavailable,0.9934592081972168
592872331,1,1,0.003401360544217687,expanded_target_project,not_in_dbms_metadata,unavailable,0.9934664037877589
592906091,1,1,0.003401360544217687,expanded_target_project,not_in_dbms_metadata,unavailable,0.9934735993783009
592950097,1,1,0.003401360544217687,expanded_target_project,not_in_dbms_metadata,unavailable,0.9934807949688431
59305491,1,1,0.003401360544217687,expanded_target_project,not_in_dbms_metadata,unavailable,0.9934879905593852
593066208,1,1,0.003401360544217687,expanded_target_project,not_in_dbms_metadata,unavailable,0.9934951861499274
593346082,1,1,0.003401360544217687,expanded_target_project,not_in_dbms_metadata,unavailable,0.9935023817404695
593569528,1,1,0.003401360544217687,expanded_target_project,not_in_dbms_metadata,unavailable,0.9935095773310115
593583946,1,1,0.003401360544217687,expanded_target_project,not_in_dbms_metadata,unavailable,0.9935167729215537
593650681,1,1,0.003401360544217687,expanded_target_project,not_in_dbms_metadata,unavailable,0.9935239685120958
593688846,1,1,0.003401360544217687,expanded_target_project,not_in_dbms_metadata,unavailable,0.9935311641026379
594052621,1,1,0.003401360544217687,expanded_target_project,not_in_dbms_metadata,unavailable,0.99353835969318
594097958,1,1,0.003401360544217687,expanded_target_project,not_in_dbms_metadata,unavailable,0.9935455552837221
594295897,1,1,0.003401360544217687,expanded_target_project,not_in_dbms_metadata,unavailable,0.9935527508742642
594411134,1,1,0.003401360544217687,expanded_target_project,not_in_dbms_metadata,unavailable,0.9935599464648064
594662410,1,1,0.003401360544217687,expanded_target_project,not_in_dbms_metadata,unavailable,0.9935671420553485
5947247,1,1,0.003401360544217687,expanded_target_project,not_in_dbms_metadata,unavailable,0.9935743376458906
594832601,1,1,0.003401360544217687,expanded_target_project,not_in_dbms_metadata,unavailable,0.9935815332364327
595136650,1,1,0.003401360544217687,expanded_target_project,not_in_dbms_metadata,unavailable,0.9935887288269748
595148158,1,1,0.003401360544217687,expanded_target_project,not_in_dbms_metadata,unavailable,0.993595924417517
59521862,1,1,0.003401360544217687,expanded_target_project,not_in_dbms_metadata,unavailable,0.9936031200080591
595272637,1,1,0.003401360544217687,expanded_target_project,not_in_dbms_metadata,unavailable,0.9936103155986011
595499428,1,1,0.003401360544217687,expanded_target_project,not_in_dbms_metadata,unavailable,0.9936175111891433
595710888,1,1,0.003401360544217687,expanded_target_project,not_in_dbms_metadata,unavailable,0.9936247067796854
5958453,1,1,0.003401360544217687,expanded_target_project,not_in_dbms_metadata,unavailable,0.9936319023702275
596047527,1,1,0.003401360544217687,expanded_target_project,not_in_dbms_metadata,unavailable,0.9936390979607697
596082836,1,1,0.003401360544217687,expanded_target_project,not_in_dbms_metadata,unavailable,0.9936462935513117
596492770,1,1,0.003401360544217687,expanded_target_project,not_in_dbms_metadata,unavailable,0.9936534891418539
596668153,1,1,0.003401360544217687,expanded_target_project,not_in_dbms_metadata,unavailable,0.993660684732396
596930360,1,1,0.003401360544217687,expanded_target_project,not_in_dbms_metadata,unavailable,0.9936678803229381
597033918,1,1,0.003401360544217687,expanded_target_project,not_in_dbms_metadata,unavailable,0.9936750759134803
597177399,1,1,0.003401360544217687,expanded_target_project,not_in_dbms_metadata,unavailable,0.9936822715040223
59771425,1,1,0.003401360544217687,expanded_target_project,not_in_dbms_metadata,unavailable,0.9936894670945644
59779262,1,1,0.003401360544217687,expanded_target_project,not_in_dbms_metadata,unavailable,0.9936966626851066
598100760,1,1,0.003401360544217687,expanded_target_project,not_in_dbms_metadata,unavailable,0.9937038582756487
598235761,1,1,0.003401360544217687,expanded_target_project,not_in_dbms_metadata,unavailable,0.9937110538661909
598303453,1,1,0.003401360544217687,expanded_target_project,not_in_dbms_metadata,unavailable,0.9937182494567329
598321569,1,1,0.003401360544217687,expanded_target_project,not_in_dbms_metadata,unavailable,0.993725445047275
598571781,1,1,0.003401360544217687,expanded_target_project,not_in_dbms_metadata,unavailable,0.9937326406378172
59878249,1,1,0.003401360544217687,expanded_target_project,not_in_dbms_metadata,unavailable,0.9937398362283593
598945250,1,1,0.003401360544217687,expanded_target_project,not_in_dbms_metadata,unavailable,0.9937470318189013
599056425,1,1,0.003401360544217687,expanded_target_project,not_in_dbms_metadata,unavailable,0.9937542274094435
599162152,1,1,0.003401360544217687,expanded_target_project,not_in_dbms_metadata,unavailable,0.9937614229999856
599547518,1,1,0.003401360544217687,expanded_target_project,not_in_dbms_metadata,unavailable,0.9937686185905277
599604319,1,1,0.003401360544217687,expanded_target_project,not_in_dbms_metadata,unavailable,0.9937758141810699
599766045,1,1,0.003401360544217687,expanded_target_project,not_in_dbms_metadata,unavailable,0.9937830097716119
599781615,1,1,0.003401360544217687,expanded_target_project,not_in_dbms_metadata,unavailable,0.9937902053621541
599928080,1,1,0.003401360544217687,expanded_target_project,not_in_dbms_metadata,unavailable,0.9937974009526962
599938138,1,1,0.003401360544217687,expanded_target_project,not_in_dbms_metadata,unavailable,0.9938045965432383
600034692,1,1,0.003401360544217687,expanded_target_project,not_in_dbms_metadata,unavailable,0.9938117921337805
600088427,1,1,0.003401360544217687,expanded_target_project,not_in_dbms_metadata,unavailable,0.9938189877243225
600266034,1,1,0.003401360544217687,expanded_target_project,not_in_dbms_metadata,unavailable,0.9938261833148646
601058002,1,1,0.003401360544217687,expanded_target_project,not_in_dbms_metadata,unavailable,0.9938333789054068
60106395,1,1,0.003401360544217687,expanded_target_project,not_in_dbms_metadata,unavailable,0.9938405744959489
601321823,1,1,0.003401360544217687,expanded_target_project,not_in_dbms_metadata,unavailable,0.993847770086491
601458426,1,1,0.003401360544217687,expanded_target_project,not_in_dbms_metadata,unavailable,0.9938549656770331
601496278,1,1,0.003401360544217687,expanded_target_project,not_in_dbms_metadata,unavailable,0.9938621612675752
601599569,1,1,0.003401360544217687,expanded_target_project,not_in_dbms_metadata,unavailable,0.9938693568581174
601708897,1,1,0.003401360544217687,expanded_target_project,not_in_dbms_metadata,unavailable,0.9938765524486595
601810020,1,1,0.003401360544217687,expanded_target_project,not_in_dbms_metadata,unavailable,0.9938837480392015
601811994,1,1,0.003401360544217687,expanded_target_project,not_in_dbms_metadata,unavailable,0.9938909436297437
601971389,1,1,0.003401360544217687,expanded_target_project,not_in_dbms_metadata,unavailable,0.9938981392202858
602128143,1,1,0.003401360544217687,expanded_target_project,not_in_dbms_metadata,unavailable,0.9939053348108279
602280634,1,1,0.003401360544217687,expanded_target_project,not_in_dbms_metadata,unavailable,0.9939125304013701
602329911,1,1,0.003401360544217687,expanded_target_project,not_in_dbms_metadata,unavailable,0.9939197259919121
602576644,1,1,0.003401360544217687,expanded_target_project,not_in_dbms_metadata,unavailable,0.9939269215824543
602943934,1,1,0.003401360544217687,expanded_target_project,not_in_dbms_metadata,unavailable,0.9939341171729964
603165870,1,1,0.003401360544217687,expanded_target_project,not_in_dbms_metadata,unavailable,0.9939413127635385
603274419,1,1,0.003401360544217687,expanded_target_project,not_in_dbms_metadata,unavailable,0.9939485083540807
603580711,1,1,0.003401360544217687,expanded_target_project,not_in_dbms_metadata,unavailable,0.9939557039446227
603713540,1,1,0.003401360544217687,expanded_target_project,not_in_dbms_metadata,unavailable,0.9939628995351648
60374819,1,1,0.003401360544217687,expanded_target_project,not_in_dbms_metadata,unavailable,0.993970095125707
603996125,1,1,0.003401360544217687,expanded_target_project,not_in_dbms_metadata,unavailable,0.9939772907162491
604144324,1,1,0.003401360544217687,expanded_target_project,not_in_dbms_metadata,unavailable,0.9939844863067911
60480511,1,1,0.003401360544217687,expanded_target_project,not_in_dbms_metadata,unavailable,0.9939916818973333
605136117,1,1,0.003401360544217687,expanded_target_project,not_in_dbms_metadata,unavailable,0.9939988774878754
60553554,1,1,0.003401360544217687,expanded_target_project,not_in_dbms_metadata,unavailable,0.9940060730784176
605563260,1,1,0.003401360544217687,expanded_target_project,not_in_dbms_metadata,unavailable,0.9940132686689597
605743565,1,1,0.003401360544217687,expanded_target_project,not_in_dbms_metadata,unavailable,0.9940204642595017
606035201,1,1,0.003401360544217687,expanded_target_project,not_in_dbms_metadata,unavailable,0.9940276598500439
606210753,1,1,0.003401360544217687,expanded_target_project,not_in_dbms_metadata,unavailable,0.994034855440586
6065067,1,1,0.003401360544217687,expanded_target_project,not_in_dbms_metadata,unavailable,0.9940420510311281
606621582,1,1,0.003401360544217687,expanded_target_project,not_in_dbms_metadata,unavailable,0.9940492466216703
606787132,1,1,0.003401360544217687,expanded_target_project,not_in_dbms_metadata,unavailable,0.9940564422122123
606865208,1,1,0.003401360544217687,expanded_target_project,not_in_dbms_metadata,unavailable,0.9940636378027544
60705418,1,1,0.003401360544217687,expanded_target_project,not_in_dbms_metadata,unavailable,0.9940708333932966
607407059,1,1,0.003401360544217687,expanded_target_project,not_in_dbms_metadata,unavailable,0.9940780289838387
607546570,1,1,0.003401360544217687,expanded_target_project,not_in_dbms_metadata,unavailable,0.9940852245743809
607721976,1,1,0.003401360544217687,expanded_target_project,not_in_dbms_metadata,unavailable,0.9940924201649229
608030247,1,1,0.003401360544217687,expanded_target_project,not_in_dbms_metadata,unavailable,0.994099615755465
608077937,1,1,0.003401360544217687,expanded_target_project,not_in_dbms_metadata,unavailable,0.9941068113460072
608210107,1,1,0.003401360544217687,expanded_target_project,not_in_dbms_metadata,unavailable,0.9941140069365493
608264685,1,1,0.003401360544217687,expanded_target_project,not_in_dbms_metadata,unavailable,0.9941212025270914
608434458,1,1,0.003401360544217687,expanded_target_project,not_in_dbms_metadata,unavailable,0.9941283981176335
609058193,1,1,0.003401360544217687,expanded_target_project,not_in_dbms_metadata,unavailable,0.9941355937081756
609839563,1,1,0.003401360544217687,expanded_target_project,not_in_dbms_metadata,unavailable,0.9941427892987178
609872448,1,1,0.003401360544217687,expanded_target_project,not_in_dbms_metadata,unavailable,0.9941499848892599
609977280,1,1,0.003401360544217687,expanded_target_project,not_in_dbms_metadata,unavailable,0.994157180479802
610239654,1,1,0.003401360544217687,expanded_target_project,not_in_dbms_metadata,unavailable,0.9941643760703441
610379912,1,1,0.003401360544217687,expanded_target_project,not_in_dbms_metadata,unavailable,0.9941715716608862
610607251,1,1,0.003401360544217687,expanded_target_project,not_in_dbms_metadata,unavailable,0.9941787672514283
610630837,1,1,0.003401360544217687,expanded_target_project,not_in_dbms_metadata,unavailable,0.9941859628419705
611060844,1,1,0.003401360544217687,expanded_target_project,not_in_dbms_metadata,unavailable,0.9941931584325125
611146887,1,1,0.003401360544217687,expanded_target_project,not_in_dbms_metadata,unavailable,0.9942003540230546
611161787,1,1,0.003401360544217687,expanded_target_project,not_in_dbms_metadata,unavailable,0.9942075496135968
611216458,1,1,0.003401360544217687,expanded_target_project,not_in_dbms_metadata,unavailable,0.9942147452041389
611491826,1,1,0.003401360544217687,expanded_target_project,not_in_dbms_metadata,unavailable,0.9942219407946811
61153677,1,1,0.003401360544217687,seed_project,Relational#dbdbio>|<dbengines#Time Series,seed_manifest,0.9942291363852231
611593442,1,1,0.003401360544217687,expanded_target_project,not_in_dbms_metadata,unavailable,0.9942363319757652
611593704,1,1,0.003401360544217687,expanded_target_project,not_in_dbms_metadata,unavailable,0.9942435275663074
611788188,1,1,0.003401360544217687,expanded_target_project,not_in_dbms_metadata,unavailable,0.9942507231568495
611858623,1,1,0.003401360544217687,expanded_target_project,not_in_dbms_metadata,unavailable,0.9942579187473916
611935351,1,1,0.003401360544217687,expanded_target_project,not_in_dbms_metadata,unavailable,0.9942651143379337
611979988,1,1,0.003401360544217687,expanded_target_project,not_in_dbms_metadata,unavailable,0.9942723099284758
612044539,1,1,0.003401360544217687,expanded_target_project,not_in_dbms_metadata,unavailable,0.9942795055190179
612075667,1,1,0.003401360544217687,expanded_target_project,not_in_dbms_metadata,unavailable,0.9942867011095601
612354784,1,1,0.003401360544217687,expanded_target_project,not_in_dbms_metadata,unavailable,0.9942938967001022
612401200,1,1,0.003401360544217687,expanded_target_project,not_in_dbms_metadata,unavailable,0.9943010922906443
612534336,1,1,0.003401360544217687,expanded_target_project,not_in_dbms_metadata,unavailable,0.9943082878811864
612591211,1,1,0.003401360544217687,expanded_target_project,not_in_dbms_metadata,unavailable,0.9943154834717285
612746627,1,1,0.003401360544217687,expanded_target_project,not_in_dbms_metadata,unavailable,0.9943226790622707
612771023,1,1,0.003401360544217687,expanded_target_project,not_in_dbms_metadata,unavailable,0.9943298746528128
612811519,1,1,0.003401360544217687,expanded_target_project,not_in_dbms_metadata,unavailable,0.9943370702433548
613013255,1,1,0.003401360544217687,expanded_target_project,not_in_dbms_metadata,unavailable,0.994344265833897
613368284,1,1,0.003401360544217687,expanded_target_project,not_in_dbms_metadata,unavailable,0.9943514614244391
613728,1,1,0.003401360544217687,expanded_target_project,not_in_dbms_metadata,unavailable,0.9943586570149813
613756126,1,1,0.003401360544217687,expanded_target_project,not_in_dbms_metadata,unavailable,0.9943658526055233
613772664,1,1,0.003401360544217687,expanded_target_project,not_in_dbms_metadata,unavailable,0.9943730481960654
613781236,1,1,0.003401360544217687,expanded_target_project,not_in_dbms_metadata,unavailable,0.9943802437866076
613848580,1,1,0.003401360544217687,expanded_target_project,not_in_dbms_metadata,unavailable,0.9943874393771497
613908385,1,1,0.003401360544217687,expanded_target_project,not_in_dbms_metadata,unavailable,0.9943946349676918
614669955,1,1,0.003401360544217687,expanded_target_project,not_in_dbms_metadata,unavailable,0.994401830558234
614702469,1,1,0.003401360544217687,expanded_target_project,not_in_dbms_metadata,unavailable,0.994409026148776
614765452,1,1,0.003401360544217687,expanded_target_project,not_in_dbms_metadata,unavailable,0.9944162217393181
614771793,1,1,0.003401360544217687,expanded_target_project,not_in_dbms_metadata,unavailable,0.9944234173298603
615079569,1,1,0.003401360544217687,expanded_target_project,not_in_dbms_metadata,unavailable,0.9944306129204024
615167571,1,1,0.003401360544217687,expanded_target_project,not_in_dbms_metadata,unavailable,0.9944378085109445
615466434,1,1,0.003401360544217687,expanded_target_project,not_in_dbms_metadata,unavailable,0.9944450041014866
615721582,1,1,0.003401360544217687,expanded_target_project,not_in_dbms_metadata,unavailable,0.9944521996920287
616172283,1,1,0.003401360544217687,expanded_target_project,not_in_dbms_metadata,unavailable,0.9944593952825709
616264853,1,1,0.003401360544217687,expanded_target_project,not_in_dbms_metadata,unavailable,0.994466590873113
616517173,1,1,0.003401360544217687,expanded_target_project,not_in_dbms_metadata,unavailable,0.994473786463655
616558939,1,1,0.003401360544217687,expanded_target_project,not_in_dbms_metadata,unavailable,0.9944809820541972
616774259,1,1,0.003401360544217687,expanded_target_project,not_in_dbms_metadata,unavailable,0.9944881776447393
616780501,1,1,0.003401360544217687,expanded_target_project,not_in_dbms_metadata,unavailable,0.9944953732352814
616848199,1,1,0.003401360544217687,expanded_target_project,not_in_dbms_metadata,unavailable,0.9945025688258236
61691853,1,1,0.003401360544217687,expanded_target_project,not_in_dbms_metadata,unavailable,0.9945097644163656
6169821,1,1,0.003401360544217687,expanded_target_project,not_in_dbms_metadata,unavailable,0.9945169600069078
617032611,1,1,0.003401360544217687,expanded_target_project,not_in_dbms_metadata,unavailable,0.9945241555974499
617051827,1,1,0.003401360544217687,expanded_target_project,not_in_dbms_metadata,unavailable,0.994531351187992
617084880,1,1,0.003401360544217687,expanded_target_project,not_in_dbms_metadata,unavailable,0.9945385467785341
61728459,1,1,0.003401360544217687,expanded_target_project,not_in_dbms_metadata,unavailable,0.9945457423690762
617470568,1,1,0.003401360544217687,expanded_target_project,not_in_dbms_metadata,unavailable,0.9945529379596183
617774068,1,1,0.003401360544217687,expanded_target_project,not_in_dbms_metadata,unavailable,0.9945601335501605
617784208,1,1,0.003401360544217687,expanded_target_project,not_in_dbms_metadata,unavailable,0.9945673291407026
617798408,1,1,0.003401360544217687,expanded_target_project,not_in_dbms_metadata,unavailable,0.9945745247312447
617856128,1,1,0.003401360544217687,expanded_target_project,not_in_dbms_metadata,unavailable,0.9945817203217868
617868717,1,1,0.003401360544217687,expanded_target_project,not_in_dbms_metadata,unavailable,0.9945889159123289
617891484,1,1,0.003401360544217687,expanded_target_project,not_in_dbms_metadata,unavailable,0.9945961115028711
617988966,1,1,0.003401360544217687,expanded_target_project,not_in_dbms_metadata,unavailable,0.9946033070934132
618104322,1,1,0.003401360544217687,expanded_target_project,not_in_dbms_metadata,unavailable,0.9946105026839552
618375305,1,1,0.003401360544217687,expanded_target_project,not_in_dbms_metadata,unavailable,0.9946176982744974
618929835,1,1,0.003401360544217687,expanded_target_project,not_in_dbms_metadata,unavailable,0.9946248938650395
619382345,1,1,0.003401360544217687,expanded_target_project,not_in_dbms_metadata,unavailable,0.9946320894555816
61962375,1,1,0.003401360544217687,expanded_target_project,not_in_dbms_metadata,unavailable,0.9946392850461238
619983228,1,1,0.003401360544217687,expanded_target_project,not_in_dbms_metadata,unavailable,0.9946464806366658
620021906,1,1,0.003401360544217687,expanded_target_project,not_in_dbms_metadata,unavailable,0.994653676227208
620026838,1,1,0.003401360544217687,expanded_target_project,not_in_dbms_metadata,unavailable,0.9946608718177501
620191342,1,1,0.003401360544217687,expanded_target_project,not_in_dbms_metadata,unavailable,0.9946680674082922
620277202,1,1,0.003401360544217687,expanded_target_project,not_in_dbms_metadata,unavailable,0.9946752629988344
620373809,1,1,0.003401360544217687,expanded_target_project,not_in_dbms_metadata,unavailable,0.9946824585893764
62048325,1,1,0.003401360544217687,expanded_target_project,not_in_dbms_metadata,unavailable,0.9946896541799185
620610829,1,1,0.003401360544217687,expanded_target_project,not_in_dbms_metadata,unavailable,0.9946968497704607
620880066,1,1,0.003401360544217687,expanded_target_project,not_in_dbms_metadata,unavailable,0.9947040453610028
621160937,1,1,0.003401360544217687,expanded_target_project,not_in_dbms_metadata,unavailable,0.9947112409515448
62124667,1,1,0.003401360544217687,expanded_target_project,not_in_dbms_metadata,unavailable,0.994718436542087
62142665,1,1,0.003401360544217687,expanded_target_project,not_in_dbms_metadata,unavailable,0.9947256321326291
621959440,1,1,0.003401360544217687,expanded_target_project,not_in_dbms_metadata,unavailable,0.9947328277231713
621976841,1,1,0.003401360544217687,expanded_target_project,not_in_dbms_metadata,unavailable,0.9947400233137134
621980566,1,1,0.003401360544217687,expanded_target_project,not_in_dbms_metadata,unavailable,0.9947472189042554
622026215,1,1,0.003401360544217687,expanded_target_project,not_in_dbms_metadata,unavailable,0.9947544144947976
62247399,1,1,0.003401360544217687,expanded_target_project,not_in_dbms_metadata,unavailable,0.9947616100853397
622754400,1,1,0.003401360544217687,expanded_target_project,not_in_dbms_metadata,unavailable,0.9947688056758818
623010951,1,1,0.003401360544217687,expanded_target_project,not_in_dbms_metadata,unavailable,0.994776001266424
623135240,1,1,0.003401360544217687,expanded_target_project,not_in_dbms_metadata,unavailable,0.994783196856966
623149777,1,1,0.003401360544217687,expanded_target_project,not_in_dbms_metadata,unavailable,0.9947903924475082
623220487,1,1,0.003401360544217687,expanded_target_project,not_in_dbms_metadata,unavailable,0.9947975880380503
623276087,1,1,0.003401360544217687,expanded_target_project,not_in_dbms_metadata,unavailable,0.9948047836285924
623378572,1,1,0.003401360544217687,expanded_target_project,not_in_dbms_metadata,unavailable,0.9948119792191346
623499199,1,1,0.003401360544217687,expanded_target_project,not_in_dbms_metadata,unavailable,0.9948191748096766
6235080,1,1,0.003401360544217687,expanded_target_project,not_in_dbms_metadata,unavailable,0.9948263704002187
623536067,1,1,0.003401360544217687,expanded_target_project,not_in_dbms_metadata,unavailable,0.9948335659907609
623574682,1,1,0.003401360544217687,expanded_target_project,not_in_dbms_metadata,unavailable,0.994840761581303
623624230,1,1,0.003401360544217687,expanded_target_project,not_in_dbms_metadata,unavailable,0.994847957171845
623795348,1,1,0.003401360544217687,expanded_target_project,not_in_dbms_metadata,unavailable,0.9948551527623872
623797735,1,1,0.003401360544217687,expanded_target_project,not_in_dbms_metadata,unavailable,0.9948623483529293
623944933,1,1,0.003401360544217687,expanded_target_project,not_in_dbms_metadata,unavailable,0.9948695439434715
623962571,1,1,0.003401360544217687,expanded_target_project,not_in_dbms_metadata,unavailable,0.9948767395340136
623982709,1,1,0.003401360544217687,expanded_target_project,not_in_dbms_metadata,unavailable,0.9948839351245556
624163890,1,1,0.003401360544217687,expanded_target_project,not_in_dbms_metadata,unavailable,0.9948911307150978
624308170,1,1,0.003401360544217687,expanded_target_project,not_in_dbms_metadata,unavailable,0.9948983263056399
624470212,1,1,0.003401360544217687,expanded_target_project,not_in_dbms_metadata,unavailable,0.994905521896182
624829673,1,1,0.003401360544217687,expanded_target_project,not_in_dbms_metadata,unavailable,0.9949127174867242
625186522,1,1,0.003401360544217687,expanded_target_project,not_in_dbms_metadata,unavailable,0.9949199130772662
625202272,1,1,0.003401360544217687,expanded_target_project,not_in_dbms_metadata,unavailable,0.9949271086678083
625550928,1,1,0.003401360544217687,expanded_target_project,not_in_dbms_metadata,unavailable,0.9949343042583505
6258994,1,1,0.003401360544217687,expanded_target_project,not_in_dbms_metadata,unavailable,0.9949414998488926
625900156,1,1,0.003401360544217687,expanded_target_project,not_in_dbms_metadata,unavailable,0.9949486954394348
626103823,1,1,0.003401360544217687,expanded_target_project,not_in_dbms_metadata,unavailable,0.9949558910299768
626105373,1,1,0.003401360544217687,expanded_target_project,not_in_dbms_metadata,unavailable,0.9949630866205189
626372451,1,1,0.003401360544217687,expanded_target_project,not_in_dbms_metadata,unavailable,0.9949702822110611
626662104,1,1,0.003401360544217687,expanded_target_project,not_in_dbms_metadata,unavailable,0.9949774778016032
626750992,1,1,0.003401360544217687,expanded_target_project,not_in_dbms_metadata,unavailable,0.9949846733921452
626766665,1,1,0.003401360544217687,expanded_target_project,not_in_dbms_metadata,unavailable,0.9949918689826874
626830281,1,1,0.003401360544217687,expanded_target_project,not_in_dbms_metadata,unavailable,0.9949990645732295
626915953,1,1,0.003401360544217687,expanded_target_project,not_in_dbms_metadata,unavailable,0.9950062601637717
627000131,1,1,0.003401360544217687,expanded_target_project,not_in_dbms_metadata,unavailable,0.9950134557543138
627066574,1,1,0.003401360544217687,expanded_target_project,not_in_dbms_metadata,unavailable,0.9950206513448558
62725884,1,1,0.003401360544217687,expanded_target_project,not_in_dbms_metadata,unavailable,0.995027846935398
627348520,1,1,0.003401360544217687,expanded_target_project,not_in_dbms_metadata,unavailable,0.9950350425259401
627491277,1,1,0.003401360544217687,expanded_target_project,not_in_dbms_metadata,unavailable,0.9950422381164822
627807212,1,1,0.003401360544217687,expanded_target_project,not_in_dbms_metadata,unavailable,0.9950494337070244
628061501,1,1,0.003401360544217687,expanded_target_project,not_in_dbms_metadata,unavailable,0.9950566292975664
628340562,1,1,0.003401360544217687,expanded_target_project,not_in_dbms_metadata,unavailable,0.9950638248881085
628729877,1,1,0.003401360544217687,expanded_target_project,not_in_dbms_metadata,unavailable,0.9950710204786507
62895080,1,1,0.003401360544217687,expanded_target_project,not_in_dbms_metadata,unavailable,0.9950782160691928
62900174,1,1,0.003401360544217687,expanded_target_project,not_in_dbms_metadata,unavailable,0.995085411659735
629013168,1,1,0.003401360544217687,expanded_target_project,not_in_dbms_metadata,unavailable,0.995092607250277
629281021,1,1,0.003401360544217687,expanded_target_project,not_in_dbms_metadata,unavailable,0.9950998028408191
630002417,1,1,0.003401360544217687,expanded_target_project,not_in_dbms_metadata,unavailable,0.9951069984313613
63014639,1,1,0.003401360544217687,expanded_target_project,not_in_dbms_metadata,unavailable,0.9951141940219034
630276874,1,1,0.003401360544217687,expanded_target_project,not_in_dbms_metadata,unavailable,0.9951213896124455
630558299,1,1,0.003401360544217687,expanded_target_project,not_in_dbms_metadata,unavailable,0.9951285852029876
630562932,1,1,0.003401360544217687,expanded_target_project,not_in_dbms_metadata,unavailable,0.9951357807935297
63065396,1,1,0.003401360544217687,expanded_target_project,not_in_dbms_metadata,unavailable,0.9951429763840718
630720219,1,1,0.003401360544217687,expanded_target_project,not_in_dbms_metadata,unavailable,0.995150171974614
63082527,1,1,0.003401360544217687,expanded_target_project,not_in_dbms_metadata,unavailable,0.995157367565156
631023173,1,1,0.003401360544217687,expanded_target_project,not_in_dbms_metadata,unavailable,0.9951645631556982
631078301,1,1,0.003401360544217687,expanded_target_project,not_in_dbms_metadata,unavailable,0.9951717587462403
631208235,1,1,0.003401360544217687,expanded_target_project,not_in_dbms_metadata,unavailable,0.9951789543367824
631248785,1,1,0.003401360544217687,expanded_target_project,not_in_dbms_metadata,unavailable,0.9951861499273246
631322234,1,1,0.003401360544217687,expanded_target_project,not_in_dbms_metadata,unavailable,0.9951933455178666
631415205,1,1,0.003401360544217687,expanded_target_project,not_in_dbms_metadata,unavailable,0.9952005411084087
631612635,1,1,0.003401360544217687,expanded_target_project,not_in_dbms_metadata,unavailable,0.9952077366989509
631735243,1,1,0.003401360544217687,expanded_target_project,not_in_dbms_metadata,unavailable,0.995214932289493
631765176,1,1,0.003401360544217687,expanded_target_project,not_in_dbms_metadata,unavailable,0.9952221278800352
631796143,1,1,0.003401360544217687,expanded_target_project,not_in_dbms_metadata,unavailable,0.9952293234705772
631864957,1,1,0.003401360544217687,expanded_target_project,not_in_dbms_metadata,unavailable,0.9952365190611193
63188538,1,1,0.003401360544217687,expanded_target_project,not_in_dbms_metadata,unavailable,0.9952437146516615
632011964,1,1,0.003401360544217687,expanded_target_project,not_in_dbms_metadata,unavailable,0.9952509102422036
632020895,1,1,0.003401360544217687,expanded_target_project,not_in_dbms_metadata,unavailable,0.9952581058327457
63227584,1,1,0.003401360544217687,expanded_target_project,not_in_dbms_metadata,unavailable,0.9952653014232878
632622531,1,1,0.003401360544217687,expanded_target_project,not_in_dbms_metadata,unavailable,0.9952724970138299
632733680,1,1,0.003401360544217687,expanded_target_project,not_in_dbms_metadata,unavailable,0.995279692604372
632945404,1,1,0.003401360544217687,expanded_target_project,not_in_dbms_metadata,unavailable,0.9952868881949142
6331631,1,1,0.003401360544217687,expanded_target_project,not_in_dbms_metadata,unavailable,0.9952940837854563
6333751,1,1,0.003401360544217687,expanded_target_project,not_in_dbms_metadata,unavailable,0.9953012793759984
633405945,1,1,0.003401360544217687,expanded_target_project,not_in_dbms_metadata,unavailable,0.9953084749665405
633656569,1,1,0.003401360544217687,expanded_target_project,not_in_dbms_metadata,unavailable,0.9953156705570826
634047220,1,1,0.003401360544217687,expanded_target_project,not_in_dbms_metadata,unavailable,0.9953228661476248
634826982,1,1,0.003401360544217687,expanded_target_project,not_in_dbms_metadata,unavailable,0.9953300617381668
634860610,1,1,0.003401360544217687,expanded_target_project,not_in_dbms_metadata,unavailable,0.9953372573287089
635112170,1,1,0.003401360544217687,expanded_target_project,not_in_dbms_metadata,unavailable,0.9953444529192511
635164092,1,1,0.003401360544217687,expanded_target_project,not_in_dbms_metadata,unavailable,0.9953516485097932
635693873,1,1,0.003401360544217687,expanded_target_project,not_in_dbms_metadata,unavailable,0.9953588441003353
636360007,1,1,0.003401360544217687,expanded_target_project,not_in_dbms_metadata,unavailable,0.9953660396908774
636427565,1,1,0.003401360544217687,expanded_target_project,not_in_dbms_metadata,unavailable,0.9953732352814195
636466287,1,1,0.003401360544217687,expanded_target_project,not_in_dbms_metadata,unavailable,0.9953804308719617
636611914,1,1,0.003401360544217687,expanded_target_project,not_in_dbms_metadata,unavailable,0.9953876264625038
636664618,1,1,0.003401360544217687,expanded_target_project,not_in_dbms_metadata,unavailable,0.9953948220530459
636720889,1,1,0.003401360544217687,expanded_target_project,not_in_dbms_metadata,unavailable,0.995402017643588
637002627,1,1,0.003401360544217687,expanded_target_project,not_in_dbms_metadata,unavailable,0.9954092132341301
637225484,1,1,0.003401360544217687,expanded_target_project,not_in_dbms_metadata,unavailable,0.9954164088246722
63746988,1,1,0.003401360544217687,expanded_target_project,not_in_dbms_metadata,unavailable,0.9954236044152144
637483840,1,1,0.003401360544217687,expanded_target_project,not_in_dbms_metadata,unavailable,0.9954308000057565
637612862,1,1,0.003401360544217687,expanded_target_project,not_in_dbms_metadata,unavailable,0.9954379955962986
637615400,1,1,0.003401360544217687,expanded_target_project,not_in_dbms_metadata,unavailable,0.9954451911868407
637719089,1,1,0.003401360544217687,expanded_target_project,not_in_dbms_metadata,unavailable,0.9954523867773828
637728352,1,1,0.003401360544217687,expanded_target_project,not_in_dbms_metadata,unavailable,0.995459582367925
637784659,1,1,0.003401360544217687,expanded_target_project,not_in_dbms_metadata,unavailable,0.995466777958467
637814534,1,1,0.003401360544217687,expanded_target_project,not_in_dbms_metadata,unavailable,0.9954739735490091
637976663,1,1,0.003401360544217687,expanded_target_project,not_in_dbms_metadata,unavailable,0.9954811691395513
63840208,1,1,0.003401360544217687,expanded_target_project,not_in_dbms_metadata,unavailable,0.9954883647300934
638460245,1,1,0.003401360544217687,expanded_target_project,not_in_dbms_metadata,unavailable,0.9954955603206355
638591290,1,1,0.003401360544217687,expanded_target_project,not_in_dbms_metadata,unavailable,0.9955027559111777
638665255,1,1,0.003401360544217687,expanded_target_project,not_in_dbms_metadata,unavailable,0.9955099515017197
639286370,1,1,0.003401360544217687,expanded_target_project,not_in_dbms_metadata,unavailable,0.9955171470922619
6393199,1,1,0.003401360544217687,expanded_target_project,not_in_dbms_metadata,unavailable,0.995524342682804
639411042,1,1,0.003401360544217687,expanded_target_project,not_in_dbms_metadata,unavailable,0.9955315382733461
639632172,1,1,0.003401360544217687,expanded_target_project,not_in_dbms_metadata,unavailable,0.9955387338638882
639712595,1,1,0.003401360544217687,expanded_target_project,not_in_dbms_metadata,unavailable,0.9955459294544303
639781117,1,1,0.003401360544217687,expanded_target_project,not_in_dbms_metadata,unavailable,0.9955531250449724
639821369,1,1,0.003401360544217687,expanded_target_project,not_in_dbms_metadata,unavailable,0.9955603206355146
639988823,1,1,0.003401360544217687,expanded_target_project,not_in_dbms_metadata,unavailable,0.9955675162260567
640549170,1,1,0.003401360544217687,expanded_target_project,not_in_dbms_metadata,unavailable,0.9955747118165987
640837371,1,1,0.003401360544217687,expanded_target_project,not_in_dbms_metadata,unavailable,0.9955819074071409
640965999,1,1,0.003401360544217687,expanded_target_project,not_in_dbms_metadata,unavailable,0.995589102997683
640972,1,1,0.003401360544217687,expanded_target_project,not_in_dbms_metadata,unavailable,0.9955962985882252
64113634,1,1,0.003401360544217687,expanded_target_project,not_in_dbms_metadata,unavailable,0.9956034941787673
64122791,1,1,0.003401360544217687,expanded_target_project,not_in_dbms_metadata,unavailable,0.9956106897693093
641411565,1,1,0.003401360544217687,expanded_target_project,not_in_dbms_metadata,unavailable,0.9956178853598515
641719344,1,1,0.003401360544217687,expanded_target_project,not_in_dbms_metadata,unavailable,0.9956250809503936
641818425,1,1,0.003401360544217687,expanded_target_project,not_in_dbms_metadata,unavailable,0.9956322765409357
642041202,1,1,0.003401360544217687,expanded_target_project,not_in_dbms_metadata,unavailable,0.9956394721314779
642112325,1,1,0.003401360544217687,expanded_target_project,not_in_dbms_metadata,unavailable,0.9956466677220199
642140097,1,1,0.003401360544217687,expanded_target_project,not_in_dbms_metadata,unavailable,0.9956538633125621
642179302,1,1,0.003401360544217687,expanded_target_project,not_in_dbms_metadata,unavailable,0.9956610589031042
642303769,1,1,0.003401360544217687,expanded_target_project,not_in_dbms_metadata,unavailable,0.9956682544936463
642457312,1,1,0.003401360544217687,expanded_target_project,not_in_dbms_metadata,unavailable,0.9956754500841885
642495775,1,1,0.003401360544217687,expanded_target_project,not_in_dbms_metadata,unavailable,0.9956826456747305
642580244,1,1,0.003401360544217687,expanded_target_project,not_in_dbms_metadata,unavailable,0.9956898412652726
642880013,1,1,0.003401360544217687,expanded_target_project,not_in_dbms_metadata,unavailable,0.9956970368558148
643013042,1,1,0.003401360544217687,expanded_target_project,not_in_dbms_metadata,unavailable,0.9957042324463569
643069380,1,1,0.003401360544217687,expanded_target_project,not_in_dbms_metadata,unavailable,0.9957114280368989
6432337,1,1,0.003401360544217687,expanded_target_project,not_in_dbms_metadata,unavailable,0.9957186236274411
643338729,1,1,0.003401360544217687,expanded_target_project,not_in_dbms_metadata,unavailable,0.9957258192179832
643909209,1,1,0.003401360544217687,expanded_target_project,not_in_dbms_metadata,unavailable,0.9957330148085254
643985801,1,1,0.003401360544217687,expanded_target_project,not_in_dbms_metadata,unavailable,0.9957402103990675
644001205,1,1,0.003401360544217687,expanded_target_project,not_in_dbms_metadata,unavailable,0.9957474059896095
64405875,1,1,0.003401360544217687,expanded_target_project,not_in_dbms_metadata,unavailable,0.9957546015801517
64409189,1,1,0.003401360544217687,expanded_target_project,not_in_dbms_metadata,unavailable,0.9957617971706938
644123568,1,1,0.003401360544217687,expanded_target_project,not_in_dbms_metadata,unavailable,0.9957689927612359
644142125,1,1,0.003401360544217687,expanded_target_project,not_in_dbms_metadata,unavailable,0.9957761883517781
64431348,1,1,0.003401360544217687,expanded_target_project,not_in_dbms_metadata,unavailable,0.9957833839423201
644648781,1,1,0.003401360544217687,expanded_target_project,not_in_dbms_metadata,unavailable,0.9957905795328622
644693223,1,1,0.003401360544217687,expanded_target_project,not_in_dbms_metadata,unavailable,0.9957977751234044
644785321,1,1,0.003401360544217687,expanded_target_project,not_in_dbms_metadata,unavailable,0.9958049707139465
644947217,1,1,0.003401360544217687,expanded_target_project,not_in_dbms_metadata,unavailable,0.9958121663044887
645176440,1,1,0.003401360544217687,expanded_target_project,not_in_dbms_metadata,unavailable,0.9958193618950307
645214640,1,1,0.003401360544217687,expanded_target_project,not_in_dbms_metadata,unavailable,0.9958265574855728
645657466,1,1,0.003401360544217687,expanded_target_project,not_in_dbms_metadata,unavailable,0.995833753076115
645707313,1,1,0.003401360544217687,expanded_target_project,not_in_dbms_metadata,unavailable,0.9958409486666571
645711309,1,1,0.003401360544217687,expanded_target_project,not_in_dbms_metadata,unavailable,0.9958481442571991
645922806,1,1,0.003401360544217687,expanded_target_project,not_in_dbms_metadata,unavailable,0.9958553398477413
645987171,1,1,0.003401360544217687,expanded_target_project,not_in_dbms_metadata,unavailable,0.9958625354382834
646539567,1,1,0.003401360544217687,expanded_target_project,not_in_dbms_metadata,unavailable,0.9958697310288256
646904364,1,1,0.003401360544217687,expanded_target_project,not_in_dbms_metadata,unavailable,0.9958769266193677
64699530,1,1,0.003401360544217687,expanded_target_project,not_in_dbms_metadata,unavailable,0.9958841222099097
647006690,1,1,0.003401360544217687,expanded_target_project,not_in_dbms_metadata,unavailable,0.9958913178004519
647018139,1,1,0.003401360544217687,expanded_target_project,not_in_dbms_metadata,unavailable,0.995898513390994
647080117,1,1,0.003401360544217687,expanded_target_project,not_in_dbms_metadata,unavailable,0.9959057089815361
647153226,1,1,0.003401360544217687,expanded_target_project,not_in_dbms_metadata,unavailable,0.9959129045720783
647824125,1,1,0.003401360544217687,expanded_target_project,not_in_dbms_metadata,unavailable,0.9959201001626203
648017819,1,1,0.003401360544217687,expanded_target_project,not_in_dbms_metadata,unavailable,0.9959272957531624
648111554,1,1,0.003401360544217687,expanded_target_project,not_in_dbms_metadata,unavailable,0.9959344913437046
648429440,1,1,0.003401360544217687,expanded_target_project,not_in_dbms_metadata,unavailable,0.9959416869342467
648737525,1,1,0.003401360544217687,expanded_target_project,not_in_dbms_metadata,unavailable,0.9959488825247889
648899724,1,1,0.003401360544217687,expanded_target_project,not_in_dbms_metadata,unavailable,0.9959560781153309
64927657,1,1,0.003401360544217687,expanded_target_project,not_in_dbms_metadata,unavailable,0.995963273705873
649627986,1,1,0.003401360544217687,expanded_target_project,not_in_dbms_metadata,unavailable,0.9959704692964152
64974630,1,1,0.003401360544217687,expanded_target_project,not_in_dbms_metadata,unavailable,0.9959776648869573
6498492,1,1,0.003401360544217687,expanded_target_project,not_in_dbms_metadata,unavailable,0.9959848604774993
650326368,1,1,0.003401360544217687,expanded_target_project,not_in_dbms_metadata,unavailable,0.9959920560680415
650524865,1,1,0.003401360544217687,expanded_target_project,not_in_dbms_metadata,unavailable,0.9959992516585836
650885101,1,1,0.003401360544217687,expanded_target_project,not_in_dbms_metadata,unavailable,0.9960064472491257
65120226,1,1,0.003401360544217687,expanded_target_project,not_in_dbms_metadata,unavailable,0.9960136428396679
651265676,1,1,0.003401360544217687,expanded_target_project,not_in_dbms_metadata,unavailable,0.9960208384302099
651291604,1,1,0.003401360544217687,expanded_target_project,not_in_dbms_metadata,unavailable,0.9960280340207521
651392599,1,1,0.003401360544217687,expanded_target_project,not_in_dbms_metadata,unavailable,0.9960352296112942
651410723,1,1,0.003401360544217687,expanded_target_project,not_in_dbms_metadata,unavailable,0.9960424252018363
65219131,1,1,0.003401360544217687,expanded_target_project,not_in_dbms_metadata,unavailable,0.9960496207923785
652419906,1,1,0.003401360544217687,expanded_target_project,not_in_dbms_metadata,unavailable,0.9960568163829205
652677937,1,1,0.003401360544217687,expanded_target_project,not_in_dbms_metadata,unavailable,0.9960640119734626
652802536,1,1,0.003401360544217687,expanded_target_project,not_in_dbms_metadata,unavailable,0.9960712075640048
653113540,1,1,0.003401360544217687,expanded_target_project,not_in_dbms_metadata,unavailable,0.9960784031545469
653302856,1,1,0.003401360544217687,expanded_target_project,not_in_dbms_metadata,unavailable,0.9960855987450891
653525888,1,1,0.003401360544217687,expanded_target_project,not_in_dbms_metadata,unavailable,0.9960927943356311
653907108,1,1,0.003401360544217687,expanded_target_project,not_in_dbms_metadata,unavailable,0.9960999899261732
653916863,1,1,0.003401360544217687,expanded_target_project,not_in_dbms_metadata,unavailable,0.9961071855167154
654609683,1,1,0.003401360544217687,expanded_target_project,not_in_dbms_metadata,unavailable,0.9961143811072575
654949237,1,1,0.003401360544217687,expanded_target_project,not_in_dbms_metadata,unavailable,0.9961215766977995
655686746,1,1,0.003401360544217687,expanded_target_project,not_in_dbms_metadata,unavailable,0.9961287722883417
656451949,1,1,0.003401360544217687,expanded_target_project,not_in_dbms_metadata,unavailable,0.9961359678788838
656819196,1,1,0.003401360544217687,expanded_target_project,not_in_dbms_metadata,unavailable,0.9961431634694259
657093481,1,1,0.003401360544217687,expanded_target_project,not_in_dbms_metadata,unavailable,0.9961503590599681
65711522,1,1,0.003401360544217687,expanded_target_project,not_in_dbms_metadata,unavailable,0.9961575546505101
657892633,1,1,0.003401360544217687,expanded_target_project,not_in_dbms_metadata,unavailable,0.9961647502410523
658064905,1,1,0.003401360544217687,expanded_target_project,not_in_dbms_metadata,unavailable,0.9961719458315944
658219396,1,1,0.003401360544217687,expanded_target_project,not_in_dbms_metadata,unavailable,0.9961791414221365
658303145,1,1,0.003401360544217687,expanded_target_project,not_in_dbms_metadata,unavailable,0.9961863370126787
658602423,1,1,0.003401360544217687,expanded_target_project,not_in_dbms_metadata,unavailable,0.9961935326032207
658720749,1,1,0.003401360544217687,expanded_target_project,not_in_dbms_metadata,unavailable,0.9962007281937628
658917400,1,1,0.003401360544217687,expanded_target_project,not_in_dbms_metadata,unavailable,0.996207923784305
658996468,1,1,0.003401360544217687,expanded_target_project,not_in_dbms_metadata,unavailable,0.9962151193748471
659043387,1,1,0.003401360544217687,expanded_target_project,not_in_dbms_metadata,unavailable,0.9962223149653892
659129670,1,1,0.003401360544217687,expanded_target_project,not_in_dbms_metadata,unavailable,0.9962295105559313
659662963,1,1,0.003401360544217687,expanded_target_project,not_in_dbms_metadata,unavailable,0.9962367061464734
65983699,1,1,0.003401360544217687,expanded_target_project,not_in_dbms_metadata,unavailable,0.9962439017370156
659936875,1,1,0.003401360544217687,expanded_target_project,not_in_dbms_metadata,unavailable,0.9962510973275577
659957668,1,1,0.003401360544217687,expanded_target_project,not_in_dbms_metadata,unavailable,0.9962582929180998
660154432,1,1,0.003401360544217687,expanded_target_project,not_in_dbms_metadata,unavailable,0.9962654885086419
66023605,1,1,0.003401360544217687,expanded_target_project,not_in_dbms_metadata,unavailable,0.996272684099184
660413117,1,1,0.003401360544217687,expanded_target_project,not_in_dbms_metadata,unavailable,0.9962798796897261
660472817,1,1,0.003401360544217687,expanded_target_project,not_in_dbms_metadata,unavailable,0.9962870752802683
66066769,1,1,0.003401360544217687,expanded_target_project,not_in_dbms_metadata,unavailable,0.9962942708708104
660700290,1,1,0.003401360544217687,expanded_target_project,not_in_dbms_metadata,unavailable,0.9963014664613525
660782830,1,1,0.003401360544217687,expanded_target_project,not_in_dbms_metadata,unavailable,0.9963086620518946
660802589,1,1,0.003401360544217687,expanded_target_project,not_in_dbms_metadata,unavailable,0.9963158576424367
661495743,1,1,0.003401360544217687,expanded_target_project,not_in_dbms_metadata,unavailable,0.9963230532329789
661714104,1,1,0.003401360544217687,expanded_target_project,not_in_dbms_metadata,unavailable,0.996330248823521
661722274,1,1,0.003401360544217687,expanded_target_project,not_in_dbms_metadata,unavailable,0.996337444414063
661747182,1,1,0.003401360544217687,expanded_target_project,not_in_dbms_metadata,unavailable,0.9963446400046052
662129403,1,1,0.003401360544217687,expanded_target_project,not_in_dbms_metadata,unavailable,0.9963518355951473
662390922,1,1,0.003401360544217687,expanded_target_project,not_in_dbms_metadata,unavailable,0.9963590311856894
662491370,1,1,0.003401360544217687,expanded_target_project,not_in_dbms_metadata,unavailable,0.9963662267762315
662528645,1,1,0.003401360544217687,expanded_target_project,not_in_dbms_metadata,unavailable,0.9963734223667736
663105342,1,1,0.003401360544217687,expanded_target_project,not_in_dbms_metadata,unavailable,0.9963806179573158
663234593,1,1,0.003401360544217687,expanded_target_project,not_in_dbms_metadata,unavailable,0.9963878135478579
664229884,1,1,0.003401360544217687,expanded_target_project,not_in_dbms_metadata,unavailable,0.9963950091384
664306200,1,1,0.003401360544217687,expanded_target_project,not_in_dbms_metadata,unavailable,0.9964022047289421
664363680,1,1,0.003401360544217687,expanded_target_project,not_in_dbms_metadata,unavailable,0.9964094003194842
664610555,1,1,0.003401360544217687,expanded_target_project,not_in_dbms_metadata,unavailable,0.9964165959100263
664686793,1,1,0.003401360544217687,expanded_target_project,not_in_dbms_metadata,unavailable,0.9964237915005685
664750387,1,1,0.003401360544217687,expanded_target_project,not_in_dbms_metadata,unavailable,0.9964309870911106
664873197,1,1,0.003401360544217687,expanded_target_project,not_in_dbms_metadata,unavailable,0.9964381826816526
664913428,1,1,0.003401360544217687,expanded_target_project,not_in_dbms_metadata,unavailable,0.9964453782721948
664938238,1,1,0.003401360544217687,expanded_target_project,not_in_dbms_metadata,unavailable,0.9964525738627369
665040867,1,1,0.003401360544217687,expanded_target_project,not_in_dbms_metadata,unavailable,0.9964597694532791
665353395,1,1,0.003401360544217687,expanded_target_project,not_in_dbms_metadata,unavailable,0.9964669650438212
665583256,1,1,0.003401360544217687,expanded_target_project,not_in_dbms_metadata,unavailable,0.9964741606343632
66566232,1,1,0.003401360544217687,expanded_target_project,not_in_dbms_metadata,unavailable,0.9964813562249054
665687435,1,1,0.003401360544217687,expanded_target_project,not_in_dbms_metadata,unavailable,0.9964885518154475
665868048,1,1,0.003401360544217687,expanded_target_project,not_in_dbms_metadata,unavailable,0.9964957474059896
666012420,1,1,0.003401360544217687,expanded_target_project,not_in_dbms_metadata,unavailable,0.9965029429965317
666055104,1,1,0.003401360544217687,expanded_target_project,not_in_dbms_metadata,unavailable,0.9965101385870738
666163354,1,1,0.003401360544217687,expanded_target_project,not_in_dbms_metadata,unavailable,0.996517334177616
666355905,1,1,0.003401360544217687,expanded_target_project,not_in_dbms_metadata,unavailable,0.9965245297681581
666811174,1,1,0.003401360544217687,expanded_target_project,not_in_dbms_metadata,unavailable,0.9965317253587002
666905969,1,1,0.003401360544217687,expanded_target_project,not_in_dbms_metadata,unavailable,0.9965389209492423
667068215,1,1,0.003401360544217687,expanded_target_project,not_in_dbms_metadata,unavailable,0.9965461165397844
667137404,1,1,0.003401360544217687,expanded_target_project,not_in_dbms_metadata,unavailable,0.9965533121303265
667297483,1,1,0.003401360544217687,expanded_target_project,not_in_dbms_metadata,unavailable,0.9965605077208687
667517207,1,1,0.003401360544217687,expanded_target_project,not_in_dbms_metadata,unavailable,0.9965677033114108
667698077,1,1,0.003401360544217687,expanded_target_project,not_in_dbms_metadata,unavailable,0.9965748989019528
667764268,1,1,0.003401360544217687,expanded_target_project,not_in_dbms_metadata,unavailable,0.996582094492495
66783467,1,1,0.003401360544217687,expanded_target_project,not_in_dbms_metadata,unavailable,0.9965892900830371
667847062,1,1,0.003401360544217687,expanded_target_project,not_in_dbms_metadata,unavailable,0.9965964856735793
668128822,1,1,0.003401360544217687,expanded_target_project,not_in_dbms_metadata,unavailable,0.9966036812641214
66823715,1,1,0.003401360544217687,expanded_target_project,not_in_dbms_metadata,unavailable,0.9966108768546634
668597066,1,1,0.003401360544217687,expanded_target_project,not_in_dbms_metadata,unavailable,0.9966180724452056
668609448,1,1,0.003401360544217687,expanded_target_project,not_in_dbms_metadata,unavailable,0.9966252680357477
669129391,1,1,0.003401360544217687,expanded_target_project,not_in_dbms_metadata,unavailable,0.9966324636262898
669131748,1,1,0.003401360544217687,expanded_target_project,not_in_dbms_metadata,unavailable,0.996639659216832
669267591,1,1,0.003401360544217687,expanded_target_project,not_in_dbms_metadata,unavailable,0.996646854807374
66935478,1,1,0.003401360544217687,expanded_target_project,not_in_dbms_metadata,unavailable,0.9966540503979161
669620183,1,1,0.003401360544217687,expanded_target_project,not_in_dbms_metadata,unavailable,0.9966612459884583
669906644,1,1,0.003401360544217687,expanded_target_project,not_in_dbms_metadata,unavailable,0.9966684415790004
66992256,1,1,0.003401360544217687,expanded_target_project,not_in_dbms_metadata,unavailable,0.9966756371695425
669971489,1,1,0.003401360544217687,expanded_target_project,not_in_dbms_metadata,unavailable,0.9966828327600846
670087159,1,1,0.003401360544217687,expanded_target_project,not_in_dbms_metadata,unavailable,0.9966900283506267
670144921,1,1,0.003401360544217687,expanded_target_project,not_in_dbms_metadata,unavailable,0.9966972239411689
670159282,1,1,0.003401360544217687,expanded_target_project,not_in_dbms_metadata,unavailable,0.996704419531711
670260734,1,1,0.003401360544217687,expanded_target_project,not_in_dbms_metadata,unavailable,0.996711615122253
670568984,1,1,0.003401360544217687,expanded_target_project,not_in_dbms_metadata,unavailable,0.9967188107127952
670792832,1,1,0.003401360544217687,expanded_target_project,not_in_dbms_metadata,unavailable,0.9967260063033373
670969182,1,1,0.003401360544217687,expanded_target_project,not_in_dbms_metadata,unavailable,0.9967332018938795
671094317,1,1,0.003401360544217687,expanded_target_project,not_in_dbms_metadata,unavailable,0.9967403974844216
671133847,1,1,0.003401360544217687,expanded_target_project,not_in_dbms_metadata,unavailable,0.9967475930749636
671346269,1,1,0.003401360544217687,expanded_target_project,not_in_dbms_metadata,unavailable,0.9967547886655058
6714663,1,1,0.003401360544217687,expanded_target_project,not_in_dbms_metadata,unavailable,0.9967619842560479
671504259,1,1,0.003401360544217687,expanded_target_project,not_in_dbms_metadata,unavailable,0.99676917984659
671661310,1,1,0.003401360544217687,expanded_target_project,not_in_dbms_metadata,unavailable,0.9967763754371322
671795684,1,1,0.003401360544217687,expanded_target_project,not_in_dbms_metadata,unavailable,0.9967835710276742
671811685,1,1,0.003401360544217687,expanded_target_project,not_in_dbms_metadata,unavailable,0.9967907666182163
671825,1,1,0.003401360544217687,expanded_target_project,not_in_dbms_metadata,unavailable,0.9967979622087585
671825406,1,1,0.003401360544217687,expanded_target_project,not_in_dbms_metadata,unavailable,0.9968051577993006
671901773,1,1,0.003401360544217687,expanded_target_project,not_in_dbms_metadata,unavailable,0.9968123533898428
671971248,1,1,0.003401360544217687,expanded_target_project,not_in_dbms_metadata,unavailable,0.9968195489803848
672138641,1,1,0.003401360544217687,expanded_target_project,not_in_dbms_metadata,unavailable,0.9968267445709269
672187135,1,1,0.003401360544217687,expanded_target_project,not_in_dbms_metadata,unavailable,0.9968339401614691
672478529,1,1,0.003401360544217687,expanded_target_project,not_in_dbms_metadata,unavailable,0.9968411357520112
672491464,1,1,0.003401360544217687,expanded_target_project,not_in_dbms_metadata,unavailable,0.9968483313425532
672760351,1,1,0.003401360544217687,expanded_target_project,not_in_dbms_metadata,unavailable,0.9968555269330954
672826535,1,1,0.003401360544217687,expanded_target_project,not_in_dbms_metadata,unavailable,0.9968627225236375
672830505,1,1,0.003401360544217687,expanded_target_project,not_in_dbms_metadata,unavailable,0.9968699181141796
672891998,1,1,0.003401360544217687,expanded_target_project,not_in_dbms_metadata,unavailable,0.9968771137047218
673127966,1,1,0.003401360544217687,expanded_target_project,not_in_dbms_metadata,unavailable,0.9968843092952638
673419947,1,1,0.003401360544217687,expanded_target_project,not_in_dbms_metadata,unavailable,0.996891504885806
673423409,1,1,0.003401360544217687,expanded_target_project,not_in_dbms_metadata,unavailable,0.9968987004763481
673540142,1,1,0.003401360544217687,expanded_target_project,not_in_dbms_metadata,unavailable,0.9969058960668902
673545053,1,1,0.003401360544217687,expanded_target_project,not_in_dbms_metadata,unavailable,0.9969130916574324
67354721,1,1,0.003401360544217687,expanded_target_project,not_in_dbms_metadata,unavailable,0.9969202872479744
673596675,1,1,0.003401360544217687,expanded_target_project,not_in_dbms_metadata,unavailable,0.9969274828385165
673599084,1,1,0.003401360544217687,expanded_target_project,not_in_dbms_metadata,unavailable,0.9969346784290587
673810984,1,1,0.003401360544217687,expanded_target_project,not_in_dbms_metadata,unavailable,0.9969418740196008
673829675,1,1,0.003401360544217687,expanded_target_project,not_in_dbms_metadata,unavailable,0.996949069610143
674014858,1,1,0.003401360544217687,expanded_target_project,not_in_dbms_metadata,unavailable,0.996956265200685
674149041,1,1,0.003401360544217687,expanded_target_project,not_in_dbms_metadata,unavailable,0.9969634607912271
674155526,1,1,0.003401360544217687,expanded_target_project,not_in_dbms_metadata,unavailable,0.9969706563817693
674202099,1,1,0.003401360544217687,expanded_target_project,not_in_dbms_metadata,unavailable,0.9969778519723114
674520507,1,1,0.003401360544217687,expanded_target_project,not_in_dbms_metadata,unavailable,0.9969850475628534
674603270,1,1,0.003401360544217687,expanded_target_project,not_in_dbms_metadata,unavailable,0.9969922431533956
674664577,1,1,0.003401360544217687,expanded_target_project,not_in_dbms_metadata,unavailable,0.9969994387439377
674718180,1,1,0.003401360544217687,expanded_target_project,not_in_dbms_metadata,unavailable,0.9970066343344798
674773779,1,1,0.003401360544217687,expanded_target_project,not_in_dbms_metadata,unavailable,0.997013829925022
674820364,1,1,0.003401360544217687,expanded_target_project,not_in_dbms_metadata,unavailable,0.997021025515564
674831767,1,1,0.003401360544217687,expanded_target_project,not_in_dbms_metadata,unavailable,0.9970282211061062
675716634,1,1,0.003401360544217687,expanded_target_project,not_in_dbms_metadata,unavailable,0.9970354166966483
675740952,1,1,0.003401360544217687,expanded_target_project,not_in_dbms_metadata,unavailable,0.9970426122871904
675859005,1,1,0.003401360544217687,expanded_target_project,not_in_dbms_metadata,unavailable,0.9970498078777326
675967478,1,1,0.003401360544217687,expanded_target_project,not_in_dbms_metadata,unavailable,0.9970570034682746
676024928,1,1,0.003401360544217687,expanded_target_project,not_in_dbms_metadata,unavailable,0.9970641990588167
676055846,1,1,0.003401360544217687,expanded_target_project,not_in_dbms_metadata,unavailable,0.9970713946493589
676083065,1,1,0.003401360544217687,expanded_target_project,not_in_dbms_metadata,unavailable,0.997078590239901
676256169,1,1,0.003401360544217687,expanded_target_project,not_in_dbms_metadata,unavailable,0.997085785830443
67626108,1,1,0.003401360544217687,expanded_target_project,not_in_dbms_metadata,unavailable,0.9970929814209852
676353955,1,1,0.003401360544217687,expanded_target_project,not_in_dbms_metadata,unavailable,0.9971001770115273
67646563,1,1,0.003401360544217687,expanded_target_project,not_in_dbms_metadata,unavailable,0.9971073726020695
676646151,1,1,0.003401360544217687,expanded_target_project,not_in_dbms_metadata,unavailable,0.9971145681926116
6766558,1,1,0.003401360544217687,expanded_target_project,not_in_dbms_metadata,unavailable,0.9971217637831536
67680905,1,1,0.003401360544217687,expanded_target_project,not_in_dbms_metadata,unavailable,0.9971289593736958
676842785,1,1,0.003401360544217687,expanded_target_project,not_in_dbms_metadata,unavailable,0.9971361549642379
676861139,1,1,0.003401360544217687,expanded_target_project,not_in_dbms_metadata,unavailable,0.99714335055478
676960961,1,1,0.003401360544217687,expanded_target_project,not_in_dbms_metadata,unavailable,0.9971505461453222
677038657,1,1,0.003401360544217687,expanded_target_project,not_in_dbms_metadata,unavailable,0.9971577417358642
677149938,1,1,0.003401360544217687,expanded_target_project,not_in_dbms_metadata,unavailable,0.9971649373264064
677153316,1,1,0.003401360544217687,expanded_target_project,not_in_dbms_metadata,unavailable,0.9971721329169485
677181416,1,1,0.003401360544217687,expanded_target_project,not_in_dbms_metadata,unavailable,0.9971793285074906
677206856,1,1,0.003401360544217687,expanded_target_project,not_in_dbms_metadata,unavailable,0.9971865240980328
677479521,1,1,0.003401360544217687,expanded_target_project,not_in_dbms_metadata,unavailable,0.9971937196885748
67753070,1,1,0.003401360544217687,expanded_target_project,not_in_dbms_metadata,unavailable,0.9972009152791169
677831399,1,1,0.003401360544217687,expanded_target_project,not_in_dbms_metadata,unavailable,0.9972081108696591
678615763,1,1,0.003401360544217687,expanded_target_project,not_in_dbms_metadata,unavailable,0.9972153064602012
6788088,1,1,0.003401360544217687,expanded_target_project,not_in_dbms_metadata,unavailable,0.9972225020507433
679373403,1,1,0.003401360544217687,expanded_target_project,not_in_dbms_metadata,unavailable,0.9972296976412854
679396061,1,1,0.003401360544217687,expanded_target_project,not_in_dbms_metadata,unavailable,0.9972368932318275
679647890,1,1,0.003401360544217687,expanded_target_project,not_in_dbms_metadata,unavailable,0.9972440888223697
679807475,1,1,0.003401360544217687,expanded_target_project,not_in_dbms_metadata,unavailable,0.9972512844129118
679837577,1,1,0.003401360544217687,expanded_target_project,not_in_dbms_metadata,unavailable,0.9972584800034539
680155679,1,1,0.003401360544217687,expanded_target_project,not_in_dbms_metadata,unavailable,0.997265675593996
680533087,1,1,0.003401360544217687,expanded_target_project,not_in_dbms_metadata,unavailable,0.9972728711845381
680781965,1,1,0.003401360544217687,expanded_target_project,not_in_dbms_metadata,unavailable,0.9972800667750802
680783453,1,1,0.003401360544217687,expanded_target_project,not_in_dbms_metadata,unavailable,0.9972872623656224
680804364,1,1,0.003401360544217687,expanded_target_project,not_in_dbms_metadata,unavailable,0.9972944579561644
680823106,1,1,0.003401360544217687,expanded_target_project,not_in_dbms_metadata,unavailable,0.9973016535467065
6810719,1,1,0.003401360544217687,expanded_target_project,not_in_dbms_metadata,unavailable,0.9973088491372487
681493020,1,1,0.003401360544217687,expanded_target_project,not_in_dbms_metadata,unavailable,0.9973160447277908
681848059,1,1,0.003401360544217687,expanded_target_project,not_in_dbms_metadata,unavailable,0.997323240318333
681850196,1,1,0.003401360544217687,expanded_target_project,not_in_dbms_metadata,unavailable,0.997330435908875
681882682,1,1,0.003401360544217687,expanded_target_project,not_in_dbms_metadata,unavailable,0.9973376314994171
682003431,1,1,0.003401360544217687,expanded_target_project,not_in_dbms_metadata,unavailable,0.9973448270899593
682705890,1,1,0.003401360544217687,expanded_target_project,not_in_dbms_metadata,unavailable,0.9973520226805014
682923562,1,1,0.003401360544217687,expanded_target_project,not_in_dbms_metadata,unavailable,0.9973592182710435
683126971,1,1,0.003401360544217687,expanded_target_project,not_in_dbms_metadata,unavailable,0.9973664138615856
683498897,1,1,0.003401360544217687,expanded_target_project,not_in_dbms_metadata,unavailable,0.9973736094521277
683637737,1,1,0.003401360544217687,expanded_target_project,not_in_dbms_metadata,unavailable,0.9973808050426699
684104164,1,1,0.003401360544217687,expanded_target_project,not_in_dbms_metadata,unavailable,0.997388000633212
684396258,1,1,0.003401360544217687,expanded_target_project,not_in_dbms_metadata,unavailable,0.997395196223754
684401320,1,1,0.003401360544217687,expanded_target_project,not_in_dbms_metadata,unavailable,0.9974023918142962
684523446,1,1,0.003401360544217687,expanded_target_project,not_in_dbms_metadata,unavailable,0.9974095874048383
684595721,1,1,0.003401360544217687,expanded_target_project,not_in_dbms_metadata,unavailable,0.9974167829953804
684704498,1,1,0.003401360544217687,expanded_target_project,not_in_dbms_metadata,unavailable,0.9974239785859226
685798215,1,1,0.003401360544217687,expanded_target_project,not_in_dbms_metadata,unavailable,0.9974311741764647
685868053,1,1,0.003401360544217687,expanded_target_project,not_in_dbms_metadata,unavailable,0.9974383697670067
685905563,1,1,0.003401360544217687,expanded_target_project,not_in_dbms_metadata,unavailable,0.9974455653575489
686070010,1,1,0.003401360544217687,expanded_target_project,not_in_dbms_metadata,unavailable,0.997452760948091
687026542,1,1,0.003401360544217687,expanded_target_project,not_in_dbms_metadata,unavailable,0.9974599565386332
68731208,1,1,0.003401360544217687,expanded_target_project,not_in_dbms_metadata,unavailable,0.9974671521291752
687977547,1,1,0.003401360544217687,expanded_target_project,not_in_dbms_metadata,unavailable,0.9974743477197173
687985448,1,1,0.003401360544217687,expanded_target_project,not_in_dbms_metadata,unavailable,0.9974815433102595
688065193,1,1,0.003401360544217687,expanded_target_project,not_in_dbms_metadata,unavailable,0.9974887389008016
688201329,1,1,0.003401360544217687,expanded_target_project,not_in_dbms_metadata,unavailable,0.9974959344913437
688208,1,1,0.003401360544217687,expanded_target_project,not_in_dbms_metadata,unavailable,0.9975031300818858
688428792,1,1,0.003401360544217687,expanded_target_project,not_in_dbms_metadata,unavailable,0.9975103256724279
688490223,1,1,0.003401360544217687,expanded_target_project,not_in_dbms_metadata,unavailable,0.99751752126297
688505089,1,1,0.003401360544217687,expanded_target_project,not_in_dbms_metadata,unavailable,0.9975247168535122
688508983,1,1,0.003401360544217687,expanded_target_project,not_in_dbms_metadata,unavailable,0.9975319124440543
688546384,1,1,0.003401360544217687,expanded_target_project,not_in_dbms_metadata,unavailable,0.9975391080345964
688568610,1,1,0.003401360544217687,expanded_target_project,not_in_dbms_metadata,unavailable,0.9975463036251385
688675173,1,1,0.003401360544217687,expanded_target_project,not_in_dbms_metadata,unavailable,0.9975534992156806
689017703,1,1,0.003401360544217687,expanded_target_project,not_in_dbms_metadata,unavailable,0.9975606948062228
689082460,1,1,0.003401360544217687,expanded_target_project,not_in_dbms_metadata,unavailable,0.9975678903967649
689097319,1,1,0.003401360544217687,expanded_target_project,not_in_dbms_metadata,unavailable,0.9975750859873069
6892935,1,1,0.003401360544217687,expanded_target_project,not_in_dbms_metadata,unavailable,0.9975822815778491
68938580,1,1,0.003401360544217687,expanded_target_project,not_in_dbms_metadata,unavailable,0.9975894771683912
689613409,1,1,0.003401360544217687,expanded_target_project,not_in_dbms_metadata,unavailable,0.9975966727589334
68967191,1,1,0.003401360544217687,expanded_target_project,not_in_dbms_metadata,unavailable,0.9976038683494755
689853521,1,1,0.003401360544217687,expanded_target_project,not_in_dbms_metadata,unavailable,0.9976110639400175
690130401,1,1,0.003401360544217687,expanded_target_project,not_in_dbms_metadata,unavailable,0.9976182595305597
690165495,1,1,0.003401360544217687,expanded_target_project,not_in_dbms_metadata,unavailable,0.9976254551211018
690359264,1,1,0.003401360544217687,expanded_target_project,not_in_dbms_metadata,unavailable,0.9976326507116439
690689043,1,1,0.003401360544217687,expanded_target_project,not_in_dbms_metadata,unavailable,0.997639846302186
690790894,1,1,0.003401360544217687,expanded_target_project,not_in_dbms_metadata,unavailable,0.9976470418927281
691576972,1,1,0.003401360544217687,expanded_target_project,not_in_dbms_metadata,unavailable,0.9976542374832702
691638668,1,1,0.003401360544217687,expanded_target_project,not_in_dbms_metadata,unavailable,0.9976614330738124
691683,1,1,0.003401360544217687,expanded_target_project,not_in_dbms_metadata,unavailable,0.9976686286643545
691722422,1,1,0.003401360544217687,expanded_target_project,not_in_dbms_metadata,unavailable,0.9976758242548966
691974445,1,1,0.003401360544217687,expanded_target_project,not_in_dbms_metadata,unavailable,0.9976830198454387
692008436,1,1,0.003401360544217687,expanded_target_project,not_in_dbms_metadata,unavailable,0.9976902154359808
692131054,1,1,0.003401360544217687,expanded_target_project,not_in_dbms_metadata,unavailable,0.997697411026523
693201231,1,1,0.003401360544217687,expanded_target_project,not_in_dbms_metadata,unavailable,0.9977046066170651
69365079,1,1,0.003401360544217687,expanded_target_project,not_in_dbms_metadata,unavailable,0.9977118022076071
69400326,1,1,0.003401360544217687,expanded_target_project,"Relational,Key-value",dbms_metadata,0.9977189977981493
694438560,1,1,0.003401360544217687,expanded_target_project,not_in_dbms_metadata,unavailable,0.9977261933886914
694474426,1,1,0.003401360544217687,expanded_target_project,not_in_dbms_metadata,unavailable,0.9977333889792335
694565231,1,1,0.003401360544217687,expanded_target_project,not_in_dbms_metadata,unavailable,0.9977405845697757
694825173,1,1,0.003401360544217687,expanded_target_project,not_in_dbms_metadata,unavailable,0.9977477801603177
694838293,1,1,0.003401360544217687,expanded_target_project,not_in_dbms_metadata,unavailable,0.9977549757508599
695372858,1,1,0.003401360544217687,expanded_target_project,not_in_dbms_metadata,unavailable,0.997762171341402
695630582,1,1,0.003401360544217687,expanded_target_project,not_in_dbms_metadata,unavailable,0.9977693669319441
695754575,1,1,0.003401360544217687,expanded_target_project,not_in_dbms_metadata,unavailable,0.9977765625224863
69614928,1,1,0.003401360544217687,expanded_target_project,not_in_dbms_metadata,unavailable,0.9977837581130283
696400903,1,1,0.003401360544217687,expanded_target_project,not_in_dbms_metadata,unavailable,0.9977909537035704
696459586,1,1,0.003401360544217687,expanded_target_project,not_in_dbms_metadata,unavailable,0.9977981492941126
696682425,1,1,0.003401360544217687,expanded_target_project,not_in_dbms_metadata,unavailable,0.9978053448846547
69681666,1,1,0.003401360544217687,expanded_target_project,not_in_dbms_metadata,unavailable,0.9978125404751969
696899371,1,1,0.003401360544217687,expanded_target_project,not_in_dbms_metadata,unavailable,0.9978197360657389
697733031,1,1,0.003401360544217687,expanded_target_project,not_in_dbms_metadata,unavailable,0.997826931656281
697934018,1,1,0.003401360544217687,expanded_target_project,not_in_dbms_metadata,unavailable,0.9978341272468232
697944531,1,1,0.003401360544217687,expanded_target_project,not_in_dbms_metadata,unavailable,0.9978413228373653
697976,1,1,0.003401360544217687,expanded_target_project,Relational,dbms_metadata,0.9978485184279073
698819480,1,1,0.003401360544217687,expanded_target_project,not_in_dbms_metadata,unavailable,0.9978557140184495
699397588,1,1,0.003401360544217687,expanded_target_project,not_in_dbms_metadata,unavailable,0.9978629096089916
699689,1,1,0.003401360544217687,expanded_target_project,not_in_dbms_metadata,unavailable,0.9978701051995337
700350060,1,1,0.003401360544217687,expanded_target_project,not_in_dbms_metadata,unavailable,0.9978773007900759
700539288,1,1,0.003401360544217687,expanded_target_project,not_in_dbms_metadata,unavailable,0.9978844963806179
701242255,1,1,0.003401360544217687,expanded_target_project,not_in_dbms_metadata,unavailable,0.9978916919711601
701296964,1,1,0.003401360544217687,expanded_target_project,not_in_dbms_metadata,unavailable,0.9978988875617022
701342178,1,1,0.003401360544217687,expanded_target_project,not_in_dbms_metadata,unavailable,0.9979060831522443
701495725,1,1,0.003401360544217687,expanded_target_project,not_in_dbms_metadata,unavailable,0.9979132787427865
701554958,1,1,0.003401360544217687,expanded_target_project,not_in_dbms_metadata,unavailable,0.9979204743333285
701574389,1,1,0.003401360544217687,expanded_target_project,not_in_dbms_metadata,unavailable,0.9979276699238706
701657527,1,1,0.003401360544217687,expanded_target_project,not_in_dbms_metadata,unavailable,0.9979348655144128
702247957,1,1,0.003401360544217687,expanded_target_project,not_in_dbms_metadata,unavailable,0.9979420611049549
702868509,1,1,0.003401360544217687,expanded_target_project,not_in_dbms_metadata,unavailable,0.997949256695497
702874453,1,1,0.003401360544217687,expanded_target_project,not_in_dbms_metadata,unavailable,0.9979564522860391
703383847,1,1,0.003401360544217687,expanded_target_project,not_in_dbms_metadata,unavailable,0.9979636478765812
703866764,1,1,0.003401360544217687,expanded_target_project,not_in_dbms_metadata,unavailable,0.9979708434671234
704991199,1,1,0.003401360544217687,expanded_target_project,not_in_dbms_metadata,unavailable,0.9979780390576655
706110337,1,1,0.003401360544217687,expanded_target_project,not_in_dbms_metadata,unavailable,0.9979852346482075
706668512,1,1,0.003401360544217687,expanded_target_project,not_in_dbms_metadata,unavailable,0.9979924302387497
707184445,1,1,0.003401360544217687,expanded_target_project,not_in_dbms_metadata,unavailable,0.9979996258292918
707276837,1,1,0.003401360544217687,expanded_target_project,not_in_dbms_metadata,unavailable,0.9980068214198339
707282555,1,1,0.003401360544217687,expanded_target_project,not_in_dbms_metadata,unavailable,0.9980140170103761
707422832,1,1,0.003401360544217687,expanded_target_project,not_in_dbms_metadata,unavailable,0.9980212126009181
707795660,1,1,0.003401360544217687,expanded_target_project,not_in_dbms_metadata,unavailable,0.9980284081914603
708197490,1,1,0.003401360544217687,expanded_target_project,not_in_dbms_metadata,unavailable,0.9980356037820024
7083240,1,1,0.003401360544217687,seed_project,"Key-value,Document,Graph,Object Oriented#dbdbio>|<dbengines#Document",seed_manifest,0.9980427993725445
708477158,1,1,0.003401360544217687,expanded_target_project,not_in_dbms_metadata,unavailable,0.9980499949630867
708707800,1,1,0.003401360544217687,expanded_target_project,not_in_dbms_metadata,unavailable,0.9980571905536287
708945403,1,1,0.003401360544217687,expanded_target_project,not_in_dbms_metadata,unavailable,0.9980643861441708
709112357,1,1,0.003401360544217687,expanded_target_project,not_in_dbms_metadata,unavailable,0.998071581734713
709619049,1,1,0.003401360544217687,expanded_target_project,not_in_dbms_metadata,unavailable,0.9980787773252551
710418253,1,1,0.003401360544217687,expanded_target_project,not_in_dbms_metadata,unavailable,0.9980859729157971
710733215,1,1,0.003401360544217687,expanded_target_project,not_in_dbms_metadata,unavailable,0.9980931685063393
711787706,1,1,0.003401360544217687,expanded_target_project,not_in_dbms_metadata,unavailable,0.9981003640968814
711976,1,1,0.003401360544217687,expanded_target_project,not_in_dbms_metadata,unavailable,0.9981075596874236
711983650,1,1,0.003401360544217687,expanded_target_project,not_in_dbms_metadata,unavailable,0.9981147552779657
712225029,1,1,0.003401360544217687,expanded_target_project,not_in_dbms_metadata,unavailable,0.9981219508685077
712299615,1,1,0.003401360544217687,expanded_target_project,not_in_dbms_metadata,unavailable,0.9981291464590499
712656763,1,1,0.003401360544217687,expanded_target_project,not_in_dbms_metadata,unavailable,0.998136342049592
713304751,1,1,0.003401360544217687,expanded_target_project,not_in_dbms_metadata,unavailable,0.9981435376401341
713558891,1,1,0.003401360544217687,expanded_target_project,not_in_dbms_metadata,unavailable,0.9981507332306763
713825427,1,1,0.003401360544217687,expanded_target_project,not_in_dbms_metadata,unavailable,0.9981579288212183
713926835,1,1,0.003401360544217687,expanded_target_project,not_in_dbms_metadata,unavailable,0.9981651244117604
713957550,1,1,0.003401360544217687,expanded_target_project,not_in_dbms_metadata,unavailable,0.9981723200023026
714074,1,1,0.003401360544217687,seed_project,Document,seed_manifest,0.9981795155928447
71415280,1,1,0.003401360544217687,expanded_target_project,not_in_dbms_metadata,unavailable,0.9981867111833869
714663979,1,1,0.003401360544217687,expanded_target_project,not_in_dbms_metadata,unavailable,0.9981939067739289
715015715,1,1,0.003401360544217687,expanded_target_project,not_in_dbms_metadata,unavailable,0.998201102364471
715438998,1,1,0.003401360544217687,expanded_target_project,not_in_dbms_metadata,unavailable,0.9982082979550132
715591737,1,1,0.003401360544217687,expanded_target_project,not_in_dbms_metadata,unavailable,0.9982154935455553
715728010,1,1,0.003401360544217687,expanded_target_project,not_in_dbms_metadata,unavailable,0.9982226891360974
715798276,1,1,0.003401360544217687,expanded_target_project,not_in_dbms_metadata,unavailable,0.9982298847266395
715965633,1,1,0.003401360544217687,expanded_target_project,not_in_dbms_metadata,unavailable,0.9982370803171816
716081243,1,1,0.003401360544217687,expanded_target_project,not_in_dbms_metadata,unavailable,0.9982442759077238
71822014,1,1,0.003401360544217687,expanded_target_project,not_in_dbms_metadata,unavailable,0.9982514714982659
718404317,1,1,0.003401360544217687,expanded_target_project,not_in_dbms_metadata,unavailable,0.998258667088808
7184464,1,1,0.003401360544217687,expanded_target_project,not_in_dbms_metadata,unavailable,0.9982658626793501
718593705,1,1,0.003401360544217687,expanded_target_project,not_in_dbms_metadata,unavailable,0.9982730582698922
71932349,1,1,0.003401360544217687,expanded_target_project,not_in_dbms_metadata,unavailable,0.9982802538604343
719532471,1,1,0.003401360544217687,expanded_target_project,not_in_dbms_metadata,unavailable,0.9982874494509765
71995937,1,1,0.003401360544217687,expanded_target_project,not_in_dbms_metadata,unavailable,0.9982946450415185
719988059,1,1,0.003401360544217687,expanded_target_project,not_in_dbms_metadata,unavailable,0.9983018406320606
720278827,1,1,0.003401360544217687,expanded_target_project,not_in_dbms_metadata,unavailable,0.9983090362226028
720760454,1,1,0.003401360544217687,expanded_target_project,not_in_dbms_metadata,unavailable,0.9983162318131449
720766402,1,1,0.003401360544217687,expanded_target_project,not_in_dbms_metadata,unavailable,0.9983234274036871
721120511,1,1,0.003401360544217687,expanded_target_project,not_in_dbms_metadata,unavailable,0.9983306229942291
721191499,1,1,0.003401360544217687,expanded_target_project,not_in_dbms_metadata,unavailable,0.9983378185847712
721643065,1,1,0.003401360544217687,expanded_target_project,not_in_dbms_metadata,unavailable,0.9983450141753134
722010879,1,1,0.003401360544217687,expanded_target_project,not_in_dbms_metadata,unavailable,0.9983522097658555
722016080,1,1,0.003401360544217687,expanded_target_project,not_in_dbms_metadata,unavailable,0.9983594053563976
722180249,1,1,0.003401360544217687,expanded_target_project,not_in_dbms_metadata,unavailable,0.9983666009469397
722309256,1,1,0.003401360544217687,expanded_target_project,not_in_dbms_metadata,unavailable,0.9983737965374818
722421663,1,1,0.003401360544217687,expanded_target_project,not_in_dbms_metadata,unavailable,0.9983809921280239
722434205,1,1,0.003401360544217687,expanded_target_project,not_in_dbms_metadata,unavailable,0.9983881877185661
72286208,1,1,0.003401360544217687,expanded_target_project,not_in_dbms_metadata,unavailable,0.9983953833091082
722908919,1,1,0.003401360544217687,expanded_target_project,not_in_dbms_metadata,unavailable,0.9984025788996503
722956234,1,1,0.003401360544217687,expanded_target_project,not_in_dbms_metadata,unavailable,0.9984097744901924
723497381,1,1,0.003401360544217687,expanded_target_project,not_in_dbms_metadata,unavailable,0.9984169700807345
724158871,1,1,0.003401360544217687,expanded_target_project,not_in_dbms_metadata,unavailable,0.9984241656712767
724809112,1,1,0.003401360544217687,expanded_target_project,not_in_dbms_metadata,unavailable,0.9984313612618188
72486161,1,1,0.003401360544217687,expanded_target_project,not_in_dbms_metadata,unavailable,0.9984385568523608
72495579,1,1,0.003401360544217687,expanded_target_project,not_in_dbms_metadata,unavailable,0.998445752442903
725322263,1,1,0.003401360544217687,expanded_target_project,not_in_dbms_metadata,unavailable,0.9984529480334451
72628350,1,1,0.003401360544217687,expanded_target_project,not_in_dbms_metadata,unavailable,0.9984601436239873
72667908,1,1,0.003401360544217687,expanded_target_project,not_in_dbms_metadata,unavailable,0.9984673392145293
72685026,1,1,0.003401360544217687,expanded_target_project,not_in_dbms_metadata,unavailable,0.9984745348050714
727806544,1,1,0.003401360544217687,expanded_target_project,not_in_dbms_metadata,unavailable,0.9984817303956136
727984776,1,1,0.003401360544217687,expanded_target_project,not_in_dbms_metadata,unavailable,0.9984889259861557
72815283,1,1,0.003401360544217687,expanded_target_project,not_in_dbms_metadata,unavailable,0.9984961215766978
728703084,1,1,0.003401360544217687,expanded_target_project,not_in_dbms_metadata,unavailable,0.99850331716724
72892565,1,1,0.003401360544217687,expanded_target_project,not_in_dbms_metadata,unavailable,0.998510512757782
729119717,1,1,0.003401360544217687,expanded_target_project,not_in_dbms_metadata,unavailable,0.9985177083483241
729425251,1,1,0.003401360544217687,expanded_target_project,not_in_dbms_metadata,unavailable,0.9985249039388663
729539784,1,1,0.003401360544217687,expanded_target_project,not_in_dbms_metadata,unavailable,0.9985320995294084
729935667,1,1,0.003401360544217687,expanded_target_project,not_in_dbms_metadata,unavailable,0.9985392951199505
730249672,1,1,0.003401360544217687,expanded_target_project,not_in_dbms_metadata,unavailable,0.9985464907104926
730732421,1,1,0.003401360544217687,expanded_target_project,not_in_dbms_metadata,unavailable,0.9985536863010347
730883434,1,1,0.003401360544217687,expanded_target_project,not_in_dbms_metadata,unavailable,0.9985608818915769
731115289,1,1,0.003401360544217687,expanded_target_project,not_in_dbms_metadata,unavailable,0.998568077482119
731287603,1,1,0.003401360544217687,expanded_target_project,not_in_dbms_metadata,unavailable,0.998575273072661
731291060,1,1,0.003401360544217687,expanded_target_project,not_in_dbms_metadata,unavailable,0.9985824686632032
731560361,1,1,0.003401360544217687,expanded_target_project,not_in_dbms_metadata,unavailable,0.9985896642537453
731843084,1,1,0.003401360544217687,expanded_target_project,not_in_dbms_metadata,unavailable,0.9985968598442874
731929865,1,1,0.003401360544217687,expanded_target_project,not_in_dbms_metadata,unavailable,0.9986040554348296
734006403,1,1,0.003401360544217687,expanded_target_project,not_in_dbms_metadata,unavailable,0.9986112510253716
734496956,1,1,0.003401360544217687,expanded_target_project,not_in_dbms_metadata,unavailable,0.9986184466159138
734642069,1,1,0.003401360544217687,expanded_target_project,not_in_dbms_metadata,unavailable,0.9986256422064559
734972901,1,1,0.003401360544217687,expanded_target_project,not_in_dbms_metadata,unavailable,0.998632837796998
735921183,1,1,0.003401360544217687,expanded_target_project,not_in_dbms_metadata,unavailable,0.9986400333875401
735923391,1,1,0.003401360544217687,expanded_target_project,not_in_dbms_metadata,unavailable,0.9986472289780822
737450129,1,1,0.003401360544217687,expanded_target_project,not_in_dbms_metadata,unavailable,0.9986544245686243
737476193,1,1,0.003401360544217687,expanded_target_project,not_in_dbms_metadata,unavailable,0.9986616201591665
7378480,1,1,0.003401360544217687,expanded_target_project,not_in_dbms_metadata,unavailable,0.9986688157497086
73823302,1,1,0.003401360544217687,expanded_target_project,not_in_dbms_metadata,unavailable,0.9986760113402507
7408108,1,1,0.003401360544217687,expanded_target_project,not_in_dbms_metadata,unavailable,0.9986832069307928
74175805,1,1,0.003401360544217687,expanded_target_project,not_in_dbms_metadata,unavailable,0.9986904025213349
7427613,1,1,0.003401360544217687,expanded_target_project,not_in_dbms_metadata,unavailable,0.9986975981118771
74385422,1,1,0.003401360544217687,expanded_target_project,not_in_dbms_metadata,unavailable,0.9987047937024192
74411440,1,1,0.003401360544217687,expanded_target_project,not_in_dbms_metadata,unavailable,0.9987119892929612
74654732,1,1,0.003401360544217687,expanded_target_project,not_in_dbms_metadata,unavailable,0.9987191848835034
74659399,1,1,0.003401360544217687,expanded_target_project,not_in_dbms_metadata,unavailable,0.9987263804740455
7467217,1,1,0.003401360544217687,expanded_target_project,not_in_dbms_metadata,unavailable,0.9987335760645876
74698620,1,1,0.003401360544217687,expanded_target_project,not_in_dbms_metadata,unavailable,0.9987407716551298
74700293,1,1,0.003401360544217687,expanded_target_project,not_in_dbms_metadata,unavailable,0.9987479672456718
74705400,1,1,0.003401360544217687,expanded_target_project,not_in_dbms_metadata,unavailable,0.998755162836214
750833442,1,1,0.003401360544217687,expanded_target_project,not_in_dbms_metadata,unavailable,0.9987623584267561
751486,1,1,0.003401360544217687,expanded_target_project,not_in_dbms_metadata,unavailable,0.9987695540172982
7515336,1,1,0.003401360544217687,expanded_target_project,not_in_dbms_metadata,unavailable,0.9987767496078404
75164823,1,1,0.003401360544217687,expanded_target_project,not_in_dbms_metadata,unavailable,0.9987839451983824
75190736,1,1,0.003401360544217687,expanded_target_project,not_in_dbms_metadata,unavailable,0.9987911407889245
75216133,1,1,0.003401360544217687,expanded_target_project,not_in_dbms_metadata,unavailable,0.9987983363794667
75234804,1,1,0.003401360544217687,expanded_target_project,not_in_dbms_metadata,unavailable,0.9988055319700088
7563814,1,1,0.003401360544217687,expanded_target_project,not_in_dbms_metadata,unavailable,0.9988127275605508
756856,1,1,0.003401360544217687,expanded_target_project,not_in_dbms_metadata,unavailable,0.998819923151093
75753556,1,1,0.003401360544217687,expanded_target_project,not_in_dbms_metadata,unavailable,0.9988271187416351
75800303,1,1,0.003401360544217687,expanded_target_project,not_in_dbms_metadata,unavailable,0.9988343143321773
7587038,1,1,0.003401360544217687,expanded_target_project,not_in_dbms_metadata,unavailable,0.9988415099227194
75882172,1,1,0.003401360544217687,expanded_target_project,not_in_dbms_metadata,unavailable,0.9988487055132614
7589942,1,1,0.003401360544217687,expanded_target_project,not_in_dbms_metadata,unavailable,0.9988559011038036
7590000,1,1,0.003401360544217687,expanded_target_project,not_in_dbms_metadata,unavailable,0.9988630966943457
76301022,1,1,0.003401360544217687,expanded_target_project,not_in_dbms_metadata,unavailable,0.9988702922848878
76336560,1,1,0.003401360544217687,expanded_target_project,not_in_dbms_metadata,unavailable,0.99887748787543
76356815,1,1,0.003401360544217687,expanded_target_project,not_in_dbms_metadata,unavailable,0.998884683465972
76370586,1,1,0.003401360544217687,expanded_target_project,not_in_dbms_metadata,unavailable,0.9988918790565142
76504246,1,1,0.003401360544217687,expanded_target_project,not_in_dbms_metadata,unavailable,0.9988990746470563
76711509,1,1,0.003401360544217687,expanded_target_project,not_in_dbms_metadata,unavailable,0.9989062702375984
76734068,1,1,0.003401360544217687,expanded_target_project,not_in_dbms_metadata,unavailable,0.9989134658281406
76748754,1,1,0.003401360544217687,expanded_target_project,not_in_dbms_metadata,unavailable,0.9989206614186826
76986795,1,1,0.003401360544217687,expanded_target_project,not_in_dbms_metadata,unavailable,0.9989278570092247
77071454,1,1,0.003401360544217687,expanded_target_project,not_in_dbms_metadata,unavailable,0.9989350525997669
771374991,1,1,0.003401360544217687,expanded_target_project,not_in_dbms_metadata,unavailable,0.998942248190309
77308564,1,1,0.003401360544217687,expanded_target_project,not_in_dbms_metadata,unavailable,0.998949443780851
77475890,1,1,0.003401360544217687,expanded_target_project,not_in_dbms_metadata,unavailable,0.9989566393713932
77570309,1,1,0.003401360544217687,expanded_target_project,not_in_dbms_metadata,unavailable,0.9989638349619353
776374,1,1,0.003401360544217687,expanded_target_project,not_in_dbms_metadata,unavailable,0.9989710305524775
77868600,1,1,0.003401360544217687,expanded_target_project,not_in_dbms_metadata,unavailable,0.9989782261430196
78667796,1,1,0.003401360544217687,expanded_target_project,not_in_dbms_metadata,unavailable,0.9989854217335616
78670698,1,1,0.003401360544217687,expanded_target_project,not_in_dbms_metadata,unavailable,0.9989926173241038
7877397,1,1,0.003401360544217687,expanded_target_project,not_in_dbms_metadata,unavailable,0.9989998129146459
78874920,1,1,0.003401360544217687,expanded_target_project,not_in_dbms_metadata,unavailable,0.999007008505188
7896580,1,1,0.003401360544217687,expanded_target_project,not_in_dbms_metadata,unavailable,0.9990142040957302
7910045,1,1,0.003401360544217687,expanded_target_project,not_in_dbms_metadata,unavailable,0.9990213996862722
791522,1,1,0.003401360544217687,seed_project,Key-value,seed_manifest,0.9990285952768143
79510167,1,1,0.003401360544217687,expanded_target_project,not_in_dbms_metadata,unavailable,0.9990357908673565
797112,1,1,0.003401360544217687,expanded_target_project,not_in_dbms_metadata,unavailable,0.9990429864578986
79733281,1,1,0.003401360544217687,expanded_target_project,not_in_dbms_metadata,unavailable,0.9990501820484408
8036854,1,1,0.003401360544217687,expanded_target_project,not_in_dbms_metadata,unavailable,0.9990573776389828
80624075,1,1,0.003401360544217687,expanded_target_project,not_in_dbms_metadata,unavailable,0.9990645732295249
80814363,1,1,0.003401360544217687,expanded_target_project,not_in_dbms_metadata,unavailable,0.9990717688200671
80910170,1,1,0.003401360544217687,expanded_target_project,not_in_dbms_metadata,unavailable,0.9990789644106092
80945428,1,1,0.003401360544217687,expanded_target_project,not_in_dbms_metadata,unavailable,0.9990861600011512
81145663,1,1,0.003401360544217687,expanded_target_project,not_in_dbms_metadata,unavailable,0.9990933555916934
81192894,1,1,0.003401360544217687,expanded_target_project,not_in_dbms_metadata,unavailable,0.9991005511822355
8139951,1,1,0.003401360544217687,expanded_target_project,not_in_dbms_metadata,unavailable,0.9991077467727777
81770291,1,1,0.003401360544217687,expanded_target_project,not_in_dbms_metadata,unavailable,0.9991149423633198
8226650,1,1,0.003401360544217687,expanded_target_project,not_in_dbms_metadata,unavailable,0.9991221379538618
826897,1,1,0.003401360544217687,expanded_target_project,not_in_dbms_metadata,unavailable,0.999129333544404
8277372,1,1,0.003401360544217687,expanded_target_project,not_in_dbms_metadata,unavailable,0.9991365291349461
82783929,1,1,0.003401360544217687,expanded_target_project,not_in_dbms_metadata,unavailable,0.9991437247254882
83364914,1,1,0.003401360544217687,expanded_target_project,not_in_dbms_metadata,unavailable,0.9991509203160304
83496508,1,1,0.003401360544217687,expanded_target_project,not_in_dbms_metadata,unavailable,0.9991581159065724
83552012,1,1,0.003401360544217687,expanded_target_project,not_in_dbms_metadata,unavailable,0.9991653114971145
83638422,1,1,0.003401360544217687,expanded_target_project,not_in_dbms_metadata,unavailable,0.9991725070876567
8373342,1,1,0.003401360544217687,expanded_target_project,not_in_dbms_metadata,unavailable,0.9991797026781988
83803176,1,1,0.003401360544217687,expanded_target_project,not_in_dbms_metadata,unavailable,0.999186898268741
8385515,1,1,0.003401360544217687,expanded_target_project,not_in_dbms_metadata,unavailable,0.999194093859283
8385616,1,1,0.003401360544217687,expanded_target_project,not_in_dbms_metadata,unavailable,0.9992012894498251
84038847,1,1,0.003401360544217687,expanded_target_project,not_in_dbms_metadata,unavailable,0.9992084850403673
84045805,1,1,0.003401360544217687,expanded_target_project,not_in_dbms_metadata,unavailable,0.9992156806309094
84131481,1,1,0.003401360544217687,expanded_target_project,not_in_dbms_metadata,unavailable,0.9992228762214515
841835,1,1,0.003401360544217687,expanded_target_project,not_in_dbms_metadata,unavailable,0.9992300718119936
84240850,1,1,0.003401360544217687,seed_project,Time Series,seed_manifest,0.9992372674025357
84302090,1,1,0.003401360544217687,expanded_target_project,not_in_dbms_metadata,unavailable,0.9992444629930778
84382796,1,1,0.003401360544217687,expanded_target_project,not_in_dbms_metadata,unavailable,0.99925165858362
84424258,1,1,0.003401360544217687,expanded_target_project,not_in_dbms_metadata,unavailable,0.999258854174162
84610043,1,1,0.003401360544217687,expanded_target_project,not_in_dbms_metadata,unavailable,0.9992660497647042
8467178,1,1,0.003401360544217687,expanded_target_project,not_in_dbms_metadata,unavailable,0.9992732453552463
8484604,1,1,0.003401360544217687,expanded_target_project,not_in_dbms_metadata,unavailable,0.9992804409457884
85005111,1,1,0.003401360544217687,expanded_target_project,not_in_dbms_metadata,unavailable,0.9992876365363306
85294562,1,1,0.003401360544217687,expanded_target_project,not_in_dbms_metadata,unavailable,0.9992948321268726
85508223,1,1,0.003401360544217687,expanded_target_project,not_in_dbms_metadata,unavailable,0.9993020277174147
85516979,1,1,0.003401360544217687,expanded_target_project,not_in_dbms_metadata,unavailable,0.9993092233079569
85802819,1,1,0.003401360544217687,expanded_target_project,not_in_dbms_metadata,unavailable,0.999316418898499
86092400,1,1,0.003401360544217687,expanded_target_project,not_in_dbms_metadata,unavailable,0.9993236144890412
86103984,1,1,0.003401360544217687,expanded_target_project,not_in_dbms_metadata,unavailable,0.9993308100795832
86271291,1,1,0.003401360544217687,expanded_target_project,not_in_dbms_metadata,unavailable,0.9993380056701253
86367123,1,1,0.003401360544217687,expanded_target_project,not_in_dbms_metadata,unavailable,0.9993452012606675
8643296,1,1,0.003401360544217687,expanded_target_project,not_in_dbms_metadata,unavailable,0.9993523968512096
86497800,1,1,0.003401360544217687,expanded_target_project,not_in_dbms_metadata,unavailable,0.9993595924417517
86504302,1,1,0.003401360544217687,expanded_target_project,not_in_dbms_metadata,unavailable,0.9993667880322938
86639356,1,1,0.003401360544217687,expanded_target_project,not_in_dbms_metadata,unavailable,0.9993739836228359
86740149,1,1,0.003401360544217687,expanded_target_project,not_in_dbms_metadata,unavailable,0.999381179213378
86742497,1,1,0.003401360544217687,expanded_target_project,not_in_dbms_metadata,unavailable,0.9993883748039202
86749899,1,1,0.003401360544217687,expanded_target_project,not_in_dbms_metadata,unavailable,0.9993955703944623
87143129,1,1,0.003401360544217687,expanded_target_project,not_in_dbms_metadata,unavailable,0.9994027659850044
87146293,1,1,0.003401360544217687,expanded_target_project,not_in_dbms_metadata,unavailable,0.9994099615755465
87289313,1,1,0.003401360544217687,expanded_target_project,not_in_dbms_metadata,unavailable,0.9994171571660886
8733116,1,1,0.003401360544217687,expanded_target_project,not_in_dbms_metadata,unavailable,0.9994243527566308
88013053,1,1,0.003401360544217687,expanded_target_project,not_in_dbms_metadata,unavailable,0.9994315483471728
8825137,1,1,0.003401360544217687,expanded_target_project,not_in_dbms_metadata,unavailable,0.9994387439377149
88439547,1,1,0.003401360544217687,expanded_target_project,not_in_dbms_metadata,unavailable,0.9994459395282571
8844630,1,1,0.003401360544217687,expanded_target_project,not_in_dbms_metadata,unavailable,0.9994531351187992
88647250,1,1,0.003401360544217687,expanded_target_project,not_in_dbms_metadata,unavailable,0.9994603307093413
886774,1,1,0.003401360544217687,expanded_target_project,not_in_dbms_metadata,unavailable,0.9994675262998834
8882852,1,1,0.003401360544217687,expanded_target_project,not_in_dbms_metadata,unavailable,0.9994747218904255
89026103,1,1,0.003401360544217687,expanded_target_project,not_in_dbms_metadata,unavailable,0.9994819174809677
890377,1,1,0.003401360544217687,expanded_target_project,not_in_dbms_metadata,unavailable,0.9994891130715098
8909193,1,1,0.003401360544217687,expanded_target_project,not_in_dbms_metadata,unavailable,0.9994963086620519
89412712,1,1,0.003401360544217687,expanded_target_project,not_in_dbms_metadata,unavailable,0.999503504252594
894162,1,1,0.003401360544217687,expanded_target_project,not_in_dbms_metadata,unavailable,0.9995106998431361
89443483,1,1,0.003401360544217687,expanded_target_project,not_in_dbms_metadata,unavailable,0.9995178954336782
90194616,1,1,0.003401360544217687,expanded_target_project,not_in_dbms_metadata,unavailable,0.9995250910242204
90301263,1,1,0.003401360544217687,expanded_target_project,not_in_dbms_metadata,unavailable,0.9995322866147625
90336564,1,1,0.003401360544217687,expanded_target_project,not_in_dbms_metadata,unavailable,0.9995394822053046
90364793,1,1,0.003401360544217687,expanded_target_project,not_in_dbms_metadata,unavailable,0.9995466777958467
90438444,1,1,0.003401360544217687,expanded_target_project,not_in_dbms_metadata,unavailable,0.9995538733863888
9051843,1,1,0.003401360544217687,expanded_target_project,not_in_dbms_metadata,unavailable,0.999561068976931
90752597,1,1,0.003401360544217687,expanded_target_project,not_in_dbms_metadata,unavailable,0.999568264567473
9078984,1,1,0.003401360544217687,expanded_target_project,not_in_dbms_metadata,unavailable,0.9995754601580151
90793418,1,1,0.003401360544217687,expanded_target_project,not_in_dbms_metadata,unavailable,0.9995826557485573
90798757,1,1,0.003401360544217687,expanded_target_project,not_in_dbms_metadata,unavailable,0.9995898513390994
90808126,1,1,0.003401360544217687,expanded_target_project,not_in_dbms_metadata,unavailable,0.9995970469296415
908893,1,1,0.003401360544217687,expanded_target_project,not_in_dbms_metadata,unavailable,0.9996042425201837
9090933,1,1,0.003401360544217687,expanded_target_project,not_in_dbms_metadata,unavailable,0.9996114381107257
911980,1,1,0.003401360544217687,seed_project,Key-value#dbdbio>|<dbengines#Document,seed_manifest,0.9996186337012679
91287861,1,1,0.003401360544217687,expanded_target_project,not_in_dbms_metadata,unavailable,0.99962582929181
9155612,1,1,0.003401360544217687,expanded_target_project,not_in_dbms_metadata,unavailable,0.9996330248823521
91611782,1,1,0.003401360544217687,expanded_target_project,not_in_dbms_metadata,unavailable,0.9996402204728942
91755273,1,1,0.003401360544217687,expanded_target_project,not_in_dbms_metadata,unavailable,0.9996474160634363
92028780,1,1,0.003401360544217687,expanded_target_project,not_in_dbms_metadata,unavailable,0.9996546116539784
92313258,1,1,0.003401360544217687,expanded_target_project,not_in_dbms_metadata,unavailable,0.9996618072445206
92372653,1,1,0.003401360544217687,expanded_target_project,not_in_dbms_metadata,unavailable,0.9996690028350627
924551,1,1,0.003401360544217687,expanded_target_project,not_in_dbms_metadata,unavailable,0.9996761984256047
92834468,1,1,0.003401360544217687,expanded_target_project,not_in_dbms_metadata,unavailable,0.9996833940161469
92942189,1,1,0.003401360544217687,expanded_target_project,not_in_dbms_metadata,unavailable,0.999690589606689
93131028,1,1,0.003401360544217687,expanded_target_project,not_in_dbms_metadata,unavailable,0.9996977851972312
93163868,1,1,0.003401360544217687,expanded_target_project,not_in_dbms_metadata,unavailable,0.9997049807877733
93190658,1,1,0.003401360544217687,expanded_target_project,not_in_dbms_metadata,unavailable,0.9997121763783153
93200555,1,1,0.003401360544217687,expanded_target_project,not_in_dbms_metadata,unavailable,0.9997193719688575
93205500,1,1,0.003401360544217687,expanded_target_project,not_in_dbms_metadata,unavailable,0.9997265675593996
9342529,1,1,0.003401360544217687,seed_project,Document,seed_manifest,0.9997337631499417
93535342,1,1,0.003401360544217687,expanded_target_project,not_in_dbms_metadata,unavailable,0.9997409587404839
93596476,1,1,0.003401360544217687,expanded_target_project,not_in_dbms_metadata,unavailable,0.9997481543310259
93619165,1,1,0.003401360544217687,expanded_target_project,not_in_dbms_metadata,unavailable,0.9997553499215681
93703838,1,1,0.003401360544217687,expanded_target_project,not_in_dbms_metadata,unavailable,0.9997625455121102
9377198,1,1,0.003401360544217687,expanded_target_project,not_in_dbms_metadata,unavailable,0.9997697411026523
937976,1,1,0.003401360544217687,expanded_target_project,not_in_dbms_metadata,unavailable,0.9997769366931945
93948485,1,1,0.003401360544217687,expanded_target_project,not_in_dbms_metadata,unavailable,0.9997841322837365
94003494,1,1,0.003401360544217687,expanded_target_project,not_in_dbms_metadata,unavailable,0.9997913278742786
9435153,1,1,0.003401360544217687,expanded_target_project,not_in_dbms_metadata,unavailable,0.9997985234648208
94367677,1,1,0.003401360544217687,expanded_target_project,not_in_dbms_metadata,unavailable,0.9998057190553629
94562173,1,1,0.003401360544217687,expanded_target_project,not_in_dbms_metadata,unavailable,0.9998129146459049
9476938,1,1,0.003401360544217687,expanded_target_project,not_in_dbms_metadata,unavailable,0.9998201102364471
94773393,1,1,0.003401360544217687,expanded_target_project,not_in_dbms_metadata,unavailable,0.9998273058269892
94883751,1,1,0.003401360544217687,expanded_target_project,not_in_dbms_metadata,unavailable,0.9998345014175314
94973335,1,1,0.003401360544217687,expanded_target_project,not_in_dbms_metadata,unavailable,0.9998416970080735
95281387,1,1,0.003401360544217687,expanded_target_project,not_in_dbms_metadata,unavailable,0.9998488925986155
954637,1,1,0.003401360544217687,expanded_target_project,not_in_dbms_metadata,unavailable,0.9998560881891577
95638093,1,1,0.003401360544217687,expanded_target_project,not_in_dbms_metadata,unavailable,0.9998632837796998
9571473,1,1,0.003401360544217687,expanded_target_project,not_in_dbms_metadata,unavailable,0.9998704793702419
95775164,1,1,0.003401360544217687,expanded_target_project,not_in_dbms_metadata,unavailable,0.9998776749607841
95995403,1,1,0.003401360544217687,expanded_target_project,not_in_dbms_metadata,unavailable,0.9998848705513261
96011629,1,1,0.003401360544217687,expanded_target_project,not_in_dbms_metadata,unavailable,0.9998920661418682
961487,1,1,0.003401360544217687,expanded_target_project,not_in_dbms_metadata,unavailable,0.9998992617324104
9646845,1,1,0.003401360544217687,expanded_target_project,not_in_dbms_metadata,unavailable,0.9999064573229525
96575829,1,1,0.003401360544217687,expanded_target_project,not_in_dbms_metadata,unavailable,0.9999136529134947
96868436,1,1,0.003401360544217687,expanded_target_project,not_in_dbms_metadata,unavailable,0.9999208485040367
9703694,1,1,0.003401360544217687,expanded_target_project,not_in_dbms_metadata,unavailable,0.9999280440945788
97060860,1,1,0.003401360544217687,expanded_target_project,not_in_dbms_metadata,unavailable,0.999935239685121
97462285,1,1,0.003401360544217687,expanded_target_project,not_in_dbms_metadata,unavailable,0.9999424352756631
9749905,1,1,0.003401360544217687,expanded_target_project,not_in_dbms_metadata,unavailable,0.9999496308662051
9817834,1,1,0.003401360544217687,expanded_target_project,not_in_dbms_metadata,unavailable,0.9999568264567473
9826184,1,1,0.003401360544217687,expanded_target_project,not_in_dbms_metadata,unavailable,0.9999640220472894
98498455,1,1,0.003401360544217687,expanded_target_project,not_in_dbms_metadata,unavailable,0.9999712176378316
9900098,1,1,0.003401360544217687,expanded_target_project,not_in_dbms_metadata,unavailable,0.9999784132283737
99373936,1,1,0.003401360544217687,expanded_target_project,not_in_dbms_metadata,unavailable,0.9999856088189157
9948347,1,1,0.003401360544217687,expanded_target_project,not_in_dbms_metadata,unavailable,0.9999928044094579
99612558,1,1,0.003401360544217687,expanded_target_project,not_in_dbms_metadata,unavailable,1.0
